identity,dataset,video_id,object_id,expression_id,description_type,identity_basis,prompt_form,ORACLE,stage_order,canonical_stage_index,anchor_frame_index,selected_candidate_object_id,candidate_J,candidate_F,candidate_J_and_F,init_J,init_F,init_J_and_F,candidate_to_init_IoU,box_xywh,requested_sam_object_id,sam_output_object_ids,sam_output_mask_areas,sam_output_object_id
long_rvos/af3ad95fe0/5/8,long_rvos,af3ad95fe0,5,8,static,predicted_static,point,False,0,1,134,0,1.0,1.0,1.0,1.0,1.0,1.0,1.0,,1,[],[],
long_rvos/af3ad95fe0/5/8,long_rvos,af3ad95fe0,5,8,static,predicted_static,point,False,1,3,269,1,0.749509483322433,1.0,0.8747547416612165,0.0,0.0,0.0,0.0,,2,[],[],
long_rvos/af3ad95fe0/5/8,long_rvos,af3ad95fe0,5,8,static,predicted_static,point,False,2,5,404,1,0.8769143505388542,1.0,0.9384571752694271,0.0,0.0,0.0,0.0,,3,[],[],
long_rvos/af3ad95fe0/5/8,long_rvos,af3ad95fe0,5,8,static,predicted_static,point,False,3,7,539,0,0.0,0.0,0.0,0.0,0.0,0.0,1.0,,4,[],[],
long_rvos/af3ad95fe0/5/8,long_rvos,af3ad95fe0,5,8,static,predicted_static,box,False,0,1,134,0,1.0,1.0,1.0,1.0,1.0,1.0,1.0,,,,,
long_rvos/af3ad95fe0/5/8,long_rvos,af3ad95fe0,5,8,static,predicted_static,box,False,1,3,269,1,0.749509483322433,1.0,0.8747547416612165,0.7406434668417596,1.0,0.8703217334208798,0.974320241691843,"[0.5359375, 0.48125, 0.109375, 0.07916666666666666]",,,,0
long_rvos/af3ad95fe0/5/8,long_rvos,af3ad95fe0,5,8,static,predicted_static,box,False,2,5,404,1,0.8769143505388542,1.0,0.9384571752694271,0.8830210107893243,1.0,0.9415105053946622,0.9695227142035653,"[0.49375, 0.26875, 0.0984375, 0.12291666666666666]",,,,0
long_rvos/af3ad95fe0/5/8,long_rvos,af3ad95fe0,5,8,static,predicted_static,box,False,3,7,539,0,0.0,0.0,0.0,0.0,0.0,0.0,1.0,,,,,
long_rvos/8847e5550e/2/3,long_rvos,8847e5550e,2,3,dynamic,predicted_static,point,False,0,1,48,2,0.9375097235907276,0.984653670676068,0.9610816971333977,0.0,0.0,0.0,0.0,,1,[],[],
long_rvos/8847e5550e/2/3,long_rvos,8847e5550e,2,3,dynamic,predicted_static,point,False,1,3,97,14,0.0,0.0,0.0,0.0,0.0,0.0,0.0,,2,[],[],
long_rvos/8847e5550e/2/3,long_rvos,8847e5550e,2,3,dynamic,predicted_static,point,False,2,5,146,0,1.0,1.0,1.0,1.0,1.0,1.0,1.0,,3,[],[],
long_rvos/8847e5550e/2/3,long_rvos,8847e5550e,2,3,dynamic,predicted_static,point,False,3,7,195,0,1.0,1.0,1.0,1.0,1.0,1.0,1.0,,4,[],[],
long_rvos/8847e5550e/2/3,long_rvos,8847e5550e,2,3,dynamic,predicted_static,box,False,0,1,48,2,0.9375097235907276,0.984653670676068,0.9610816971333977,0.9203203827950278,0.9630230722642686,0.9416717275296482,0.9517548567135344,"[0.30625, 0.06805555555555555, 0.09296875, 0.44027777777777777]",,,,0
long_rvos/8847e5550e/2/3,long_rvos,8847e5550e,2,3,dynamic,predicted_static,box,False,1,3,97,14,0.0,0.0,0.0,0.0,0.0,0.0,0.0,"[0.60078125, 0.034722222222222224, 0.3203125, 0.35]",,,,
long_rvos/8847e5550e/2/3,long_rvos,8847e5550e,2,3,dynamic,predicted_static,box,False,2,5,146,0,1.0,1.0,1.0,1.0,1.0,1.0,1.0,,,,,
long_rvos/8847e5550e/2/3,long_rvos,8847e5550e,2,3,dynamic,predicted_static,box,False,3,7,195,0,1.0,1.0,1.0,1.0,1.0,1.0,1.0,,,,,
long_rvos/8847e5550e/2/5,long_rvos,8847e5550e,2,5,hybrid,predicted_static,point,False,0,1,48,1,0.24777970466130642,0.35155739693559523,0.29966855079845084,0.0,0.0,0.0,0.0,,1,[],[],
long_rvos/8847e5550e/2/5,long_rvos,8847e5550e,2,5,hybrid,predicted_static,point,False,1,3,97,0,0.0,0.0,0.0,0.0,0.0,0.0,1.0,,2,[],[],
long_rvos/8847e5550e/2/5,long_rvos,8847e5550e,2,5,hybrid,predicted_static,point,False,2,5,146,0,1.0,1.0,1.0,1.0,1.0,1.0,1.0,,3,[],[],
long_rvos/8847e5550e/2/5,long_rvos,8847e5550e,2,5,hybrid,predicted_static,point,False,3,7,195,15,0.0,0.0,0.0,1.0,1.0,1.0,0.0,,4,[],[],
long_rvos/8847e5550e/2/5,long_rvos,8847e5550e,2,5,hybrid,predicted_static,box,False,0,1,48,1,0.24777970466130642,0.35155739693559523,0.29966855079845084,0.0,0.0,0.0,0.0,"[0.26875, 0.06805555555555555, 0.51484375, 0.125]",,,,
long_rvos/8847e5550e/2/5,long_rvos,8847e5550e,2,5,hybrid,predicted_static,box,False,1,3,97,0,0.0,0.0,0.0,0.0,0.0,0.0,1.0,,,,,
long_rvos/8847e5550e/2/5,long_rvos,8847e5550e,2,5,hybrid,predicted_static,box,False,2,5,146,0,1.0,1.0,1.0,1.0,1.0,1.0,1.0,,,,,
long_rvos/8847e5550e/2/5,long_rvos,8847e5550e,2,5,hybrid,predicted_static,box,False,3,7,195,15,0.0,0.0,0.0,1.0,1.0,1.0,0.0,"[0.84453125, 0.1, 0.0515625, 0.11805555555555555]",,,,
long_rvos/8847e5550e/2/2,long_rvos,8847e5550e,2,2,static,predicted_static,point,False,0,1,48,2,0.9375097235907276,0.984653670676068,0.9610816971333977,0.0,0.0,0.0,0.0,,1,[],[],
long_rvos/8847e5550e/2/2,long_rvos,8847e5550e,2,2,static,predicted_static,point,False,1,3,97,2,0.9620310909920342,1.0,0.9810155454960171,0.0,0.0,0.0,0.0,,2,[],[],
long_rvos/8847e5550e/2/2,long_rvos,8847e5550e,2,2,static,predicted_static,point,False,2,5,146,0,1.0,1.0,1.0,1.0,1.0,1.0,1.0,,3,[],[],
long_rvos/8847e5550e/2/2,long_rvos,8847e5550e,2,2,static,predicted_static,point,False,3,7,195,0,1.0,1.0,1.0,1.0,1.0,1.0,1.0,,4,[],[],
long_rvos/8847e5550e/2/2,long_rvos,8847e5550e,2,2,static,predicted_static,box,False,0,1,48,2,0.9375097235907276,0.984653670676068,0.9610816971333977,0.9203203827950278,0.9630230722642686,0.9416717275296482,0.9517548567135344,"[0.30625, 0.06805555555555555, 0.09296875, 0.44027777777777777]",,,,0
long_rvos/8847e5550e/2/2,long_rvos,8847e5550e,2,2,static,predicted_static,box,False,1,3,97,2,0.9620310909920342,1.0,0.9810155454960171,0.0,0.0,0.0,0.0,"[0.39375, 0.05694444444444444, 0.128125, 0.4583333333333333]",,,,
long_rvos/8847e5550e/2/2,long_rvos,8847e5550e,2,2,static,predicted_static,box,False,2,5,146,0,1.0,1.0,1.0,1.0,1.0,1.0,1.0,,,,,
long_rvos/8847e5550e/2/2,long_rvos,8847e5550e,2,2,static,predicted_static,box,False,3,7,195,0,1.0,1.0,1.0,1.0,1.0,1.0,1.0,,,,,
long_rvos/5d262b025c/1/1,long_rvos,5d262b025c,1,1,dynamic,predicted_static,point,False,0,1,46,0,0.9749929301498809,0.997338065661047,0.9861654979054639,0.0,0.0,0.0,0.0,,1,[],[],
long_rvos/5d262b025c/1/1,long_rvos,5d262b025c,1,1,dynamic,predicted_static,point,False,1,3,93,0,0.9864023382894904,1.0,0.9932011691447452,0.0,0.0,0.0,0.0,,2,[],[],
long_rvos/5d262b025c/1/1,long_rvos,5d262b025c,1,1,dynamic,predicted_static,point,False,2,5,140,14,0.9416536887472384,0.8796223309122548,0.9106380098297466,0.0,0.0,0.0,0.0,,3,[],[],
long_rvos/5d262b025c/1/1,long_rvos,5d262b025c,1,1,dynamic,predicted_static,point,False,3,7,187,0,0.0,0.0,0.0,0.0,0.0,0.0,1.0,,4,[],[],
long_rvos/5d262b025c/1/1,long_rvos,5d262b025c,1,1,dynamic,predicted_static,box,False,0,1,46,0,0.9749929301498809,0.997338065661047,0.9861654979054639,0.7492820703402142,0.357934185852495,0.5536081280963546,0.7607294666118195,"[0.3234375, 0.17916666666666667, 0.55, 0.6979166666666666]",,,,0
long_rvos/5d262b025c/1/1,long_rvos,5d262b025c,1,1,dynamic,predicted_static,box,False,1,3,93,0,0.9864023382894904,1.0,0.9932011691447452,0.979262476579799,1.0,0.9896312382898995,0.9822419533851277,"[0.7234375, 0.21666666666666667, 0.153125, 0.71875]",,,,0
long_rvos/5d262b025c/1/1,long_rvos,5d262b025c,1,1,dynamic,predicted_static,box,False,2,5,140,14,0.9416536887472384,0.8796223309122548,0.9106380098297466,0.2009943414123573,0.3499732015165639,0.2754837714644606,0.21172256811943496,"[0.1015625, 0.2125, 0.8984375, 0.7291666666666666]",,,,0
long_rvos/5d262b025c/1/1,long_rvos,5d262b025c,1,1,dynamic,predicted_static,box,False,3,7,187,0,0.0,0.0,0.0,0.0,0.0,0.0,1.0,,,,,
long_rvos/5d262b025c/1/20,long_rvos,5d262b025c,1,20,hybrid,predicted_static,point,False,0,1,46,,0.0,0.0,0.0,0.0,0.0,0.0,1.0,,1,[],[],
long_rvos/5d262b025c/1/20,long_rvos,5d262b025c,1,20,hybrid,predicted_static,point,False,1,3,93,,0.0,0.0,0.0,0.0,0.0,0.0,1.0,,2,[],[],
long_rvos/5d262b025c/1/20,long_rvos,5d262b025c,1,20,hybrid,predicted_static,point,False,2,5,140,,0.0,0.0,0.0,0.0,0.0,0.0,1.0,,3,[],[],
long_rvos/5d262b025c/1/20,long_rvos,5d262b025c,1,20,hybrid,predicted_static,point,False,3,7,187,,0.0,0.0,0.0,0.0,0.0,0.0,1.0,,4,[],[],
long_rvos/5d262b025c/1/20,long_rvos,5d262b025c,1,20,hybrid,predicted_static,box,False,0,1,46,,0.0,0.0,0.0,0.0,0.0,0.0,1.0,,,,,
long_rvos/5d262b025c/1/20,long_rvos,5d262b025c,1,20,hybrid,predicted_static,box,False,1,3,93,,0.0,0.0,0.0,0.0,0.0,0.0,1.0,,,,,
long_rvos/5d262b025c/1/20,long_rvos,5d262b025c,1,20,hybrid,predicted_static,box,False,2,5,140,,0.0,0.0,0.0,0.0,0.0,0.0,1.0,,,,,
long_rvos/5d262b025c/1/20,long_rvos,5d262b025c,1,20,hybrid,predicted_static,box,False,3,7,187,,0.0,0.0,0.0,0.0,0.0,0.0,1.0,,,,,
long_rvos/5d262b025c/1/0,long_rvos,5d262b025c,1,0,static,predicted_static,point,False,0,1,46,0,0.9749929301498809,0.997338065661047,0.9861654979054639,0.0,0.0,0.0,0.0,,1,[],[],
long_rvos/5d262b025c/1/0,long_rvos,5d262b025c,1,0,static,predicted_static,point,False,1,3,93,0,0.9864023382894904,1.0,0.9932011691447452,0.0,0.0,0.0,0.0,,2,[],[],
long_rvos/5d262b025c/1/0,long_rvos,5d262b025c,1,0,static,predicted_static,point,False,2,5,140,14,0.9416536887472384,0.8796223309122548,0.9106380098297466,0.0,0.0,0.0,0.0,,3,[],[],
long_rvos/5d262b025c/1/0,long_rvos,5d262b025c,1,0,static,predicted_static,point,False,3,7,187,0,0.0,0.0,0.0,0.0,0.0,0.0,1.0,,4,[],[],
long_rvos/5d262b025c/1/0,long_rvos,5d262b025c,1,0,static,predicted_static,box,False,0,1,46,0,0.9749929301498809,0.997338065661047,0.9861654979054639,0.7492820703402142,0.357934185852495,0.5536081280963546,0.7607294666118195,"[0.3234375, 0.17916666666666667, 0.55, 0.6979166666666666]",,,,0
long_rvos/5d262b025c/1/0,long_rvos,5d262b025c,1,0,static,predicted_static,box,False,1,3,93,0,0.9864023382894904,1.0,0.9932011691447452,0.979262476579799,1.0,0.9896312382898995,0.9822419533851277,"[0.7234375, 0.21666666666666667, 0.153125, 0.71875]",,,,0
long_rvos/5d262b025c/1/0,long_rvos,5d262b025c,1,0,static,predicted_static,box,False,2,5,140,14,0.9416536887472384,0.8796223309122548,0.9106380098297466,0.2009943414123573,0.3499732015165639,0.2754837714644606,0.21172256811943496,"[0.1015625, 0.2125, 0.8984375, 0.7291666666666666]",,,,0
long_rvos/5d262b025c/1/0,long_rvos,5d262b025c,1,0,static,predicted_static,box,False,3,7,187,0,0.0,0.0,0.0,0.0,0.0,0.0,1.0,,,,,
long_rvos/41c5109249/1/1,long_rvos,41c5109249,1,1,dynamic,predicted_static,point,False,0,1,100,2,0.926202433516465,0.9434871671285696,0.9348448003225174,0.0,0.0,0.0,0.0,,1,[],[],
long_rvos/41c5109249/1/1,long_rvos,41c5109249,1,1,dynamic,predicted_static,point,False,1,3,200,2,0.9560399191820241,0.998254037538193,0.9771469783601086,0.0,0.0,0.0,0.0,,2,[],[],
long_rvos/41c5109249/1/1,long_rvos,41c5109249,1,1,dynamic,predicted_static,point,False,2,5,300,2,0.9737575953268559,0.9958291282626811,0.9847933617947685,0.0,0.0,0.0,0.0,,3,[],[],
long_rvos/41c5109249/1/1,long_rvos,41c5109249,1,1,dynamic,predicted_static,point,False,3,7,401,2,0.0,0.0,0.0,1.0,1.0,1.0,0.0,,4,[],[],
long_rvos/41c5109249/1/1,long_rvos,41c5109249,1,1,dynamic,predicted_static,box,False,0,1,100,2,0.926202433516465,0.9434871671285696,0.9348448003225174,0.0,0.0,0.0,0.0,"[0.2015625, 0.0, 0.4734375, 1.0]",,,,
long_rvos/41c5109249/1/1,long_rvos,41c5109249,1,1,dynamic,predicted_static,box,False,1,3,200,2,0.9560399191820241,0.998254037538193,0.9771469783601086,0.0,0.0,0.0,0.0,"[0.2453125, 0.0, 0.496875, 0.96875]",,,,
long_rvos/41c5109249/1/1,long_rvos,41c5109249,1,1,dynamic,predicted_static,box,False,2,5,300,2,0.9737575953268559,0.9958291282626811,0.9847933617947685,0.0,0.0,0.0,0.0,"[0.0, 0.0, 0.2734375, 0.8041666666666667]",,,,
long_rvos/41c5109249/1/1,long_rvos,41c5109249,1,1,dynamic,predicted_static,box,False,3,7,401,2,0.0,0.0,0.0,0.0,0.0,0.0,0.9848014440433213,"[0.459375, 0.09166666666666666, 0.3171875, 0.53125]",,,,0
long_rvos/41c5109249/1/7,long_rvos,41c5109249,1,7,hybrid,predicted_static,point,False,0,1,100,2,0.926202433516465,0.9434871671285696,0.9348448003225174,0.0,0.0,0.0,0.0,,1,[],[],
long_rvos/41c5109249/1/7,long_rvos,41c5109249,1,7,hybrid,predicted_static,point,False,1,3,200,2,0.9560399191820241,0.998254037538193,0.9771469783601086,0.0,0.0,0.0,0.0,,2,[],[],
long_rvos/41c5109249/1/7,long_rvos,41c5109249,1,7,hybrid,predicted_static,point,False,2,5,300,2,0.9737575953268559,0.9958291282626811,0.9847933617947685,0.0,0.0,0.0,0.0,,3,[],[],
long_rvos/41c5109249/1/7,long_rvos,41c5109249,1,7,hybrid,predicted_static,point,False,3,7,401,2,0.0,0.0,0.0,1.0,1.0,1.0,0.0,,4,[],[],
long_rvos/41c5109249/1/7,long_rvos,41c5109249,1,7,hybrid,predicted_static,box,False,0,1,100,2,0.926202433516465,0.9434871671285696,0.9348448003225174,0.0,0.0,0.0,0.0,"[0.2015625, 0.0, 0.4734375, 1.0]",,,,
long_rvos/41c5109249/1/7,long_rvos,41c5109249,1,7,hybrid,predicted_static,box,False,1,3,200,2,0.9560399191820241,0.998254037538193,0.9771469783601086,0.0,0.0,0.0,0.0,"[0.2453125, 0.0, 0.496875, 0.96875]",,,,
long_rvos/41c5109249/1/7,long_rvos,41c5109249,1,7,hybrid,predicted_static,box,False,2,5,300,2,0.9737575953268559,0.9958291282626811,0.9847933617947685,0.0,0.0,0.0,0.0,"[0.0, 0.0, 0.2734375, 0.8041666666666667]",,,,
long_rvos/41c5109249/1/7,long_rvos,41c5109249,1,7,hybrid,predicted_static,box,False,3,7,401,2,0.0,0.0,0.0,0.0,0.0,0.0,0.9848014440433213,"[0.459375, 0.09166666666666666, 0.3171875, 0.53125]",,,,0
long_rvos/41c5109249/1/0,long_rvos,41c5109249,1,0,static,predicted_static,point,False,0,1,100,2,0.926202433516465,0.9434871671285696,0.9348448003225174,0.0,0.0,0.0,0.0,,1,[],[],
long_rvos/41c5109249/1/0,long_rvos,41c5109249,1,0,static,predicted_static,point,False,1,3,200,2,0.9560399191820241,0.998254037538193,0.9771469783601086,0.0,0.0,0.0,0.0,,2,[],[],
long_rvos/41c5109249/1/0,long_rvos,41c5109249,1,0,static,predicted_static,point,False,2,5,300,2,0.9737575953268559,0.9958291282626811,0.9847933617947685,0.0,0.0,0.0,0.0,,3,[],[],
long_rvos/41c5109249/1/0,long_rvos,41c5109249,1,0,static,predicted_static,point,False,3,7,401,2,0.0,0.0,0.0,1.0,1.0,1.0,0.0,,4,[],[],
long_rvos/41c5109249/1/0,long_rvos,41c5109249,1,0,static,predicted_static,box,False,0,1,100,2,0.926202433516465,0.9434871671285696,0.9348448003225174,0.0,0.0,0.0,0.0,"[0.2015625, 0.0, 0.4734375, 1.0]",,,,
long_rvos/41c5109249/1/0,long_rvos,41c5109249,1,0,static,predicted_static,box,False,1,3,200,2,0.9560399191820241,0.998254037538193,0.9771469783601086,0.0,0.0,0.0,0.0,"[0.2453125, 0.0, 0.496875, 0.96875]",,,,
long_rvos/41c5109249/1/0,long_rvos,41c5109249,1,0,static,predicted_static,box,False,2,5,300,2,0.9737575953268559,0.9958291282626811,0.9847933617947685,0.0,0.0,0.0,0.0,"[0.0, 0.0, 0.2734375, 0.8041666666666667]",,,,
long_rvos/41c5109249/1/0,long_rvos,41c5109249,1,0,static,predicted_static,box,False,3,7,401,2,0.0,0.0,0.0,0.0,0.0,0.0,0.9848014440433213,"[0.459375, 0.09166666666666666, 0.3171875, 0.53125]",,,,0
long_rvos/6d76f5cbc2/1/1,long_rvos,6d76f5cbc2,1,1,dynamic,predicted_static,point,False,0,1,134,3,0.9502559688306982,0.9871468319164342,0.9687014003735661,0.0,0.0,0.0,0.0,,1,[],[],
long_rvos/6d76f5cbc2/1/1,long_rvos,6d76f5cbc2,1,1,dynamic,predicted_static,point,False,1,3,269,3,0.9294974820529305,0.9470248274086177,0.9382611547307741,0.0,0.0,0.0,0.0,,2,[],[],
long_rvos/6d76f5cbc2/1/1,long_rvos,6d76f5cbc2,1,1,dynamic,predicted_static,point,False,2,5,404,5,0.0,0.0,0.0,1.0,1.0,1.0,0.0,,3,[],[],
long_rvos/6d76f5cbc2/1/1,long_rvos,6d76f5cbc2,1,1,dynamic,predicted_static,point,False,3,7,539,3,0.9606094095358383,0.9993690851735015,0.9799892473546699,0.0,0.0,0.0,0.0,,4,[],[],
long_rvos/6d76f5cbc2/1/1,long_rvos,6d76f5cbc2,1,1,dynamic,predicted_static,box,False,0,1,134,3,0.9502559688306982,0.9871468319164342,0.9687014003735661,0.9268086995117621,0.9418697989800192,0.9343392492458906,0.9582133861101115,"[0.2296875, 0.3145833333333333, 0.1703125, 0.6854166666666667]",,,,0
long_rvos/6d76f5cbc2/1/1,long_rvos,6d76f5cbc2,1,1,dynamic,predicted_static,box,False,1,3,269,3,0.9294974820529305,0.9470248274086177,0.9382611547307741,0.9491782006920415,1.0,0.9745891003460208,0.9554384809570848,"[0.2109375, 0.2791666666666667, 0.15625, 0.63125]",,,,0
long_rvos/6d76f5cbc2/1/1,long_rvos,6d76f5cbc2,1,1,dynamic,predicted_static,box,False,2,5,404,5,0.0,0.0,0.0,0.0,0.0,0.0,0.9746433395238899,"[0.221875, 0.1, 0.6953125, 0.9]",,,,0
long_rvos/6d76f5cbc2/1/1,long_rvos,6d76f5cbc2,1,1,dynamic,predicted_static,box,False,3,7,539,3,0.9606094095358383,0.9993690851735015,0.9799892473546699,0.9562591459358787,0.9860810392824003,0.9711700926091396,0.9670154141043048,"[0.15, 0.16458333333333333, 0.234375, 0.8354166666666667]",,,,0
long_rvos/6d76f5cbc2/1/3,long_rvos,6d76f5cbc2,1,3,dynamic,predicted_static,point,False,0,1,134,3,0.9502559688306982,0.9871468319164342,0.9687014003735661,0.0,0.0,0.0,0.0,,1,[],[],
long_rvos/6d76f5cbc2/1/3,long_rvos,6d76f5cbc2,1,3,dynamic,predicted_static,point,False,1,3,269,3,0.9294974820529305,0.9470248274086177,0.9382611547307741,0.0,0.0,0.0,0.0,,2,[],[],
long_rvos/6d76f5cbc2/1/3,long_rvos,6d76f5cbc2,1,3,dynamic,predicted_static,point,False,2,5,404,5,0.0,0.0,0.0,1.0,1.0,1.0,0.0,,3,[],[],
long_rvos/6d76f5cbc2/1/3,long_rvos,6d76f5cbc2,1,3,dynamic,predicted_static,point,False,3,7,539,3,0.9606094095358383,0.9993690851735015,0.9799892473546699,0.0,0.0,0.0,0.0,,4,[],[],
long_rvos/6d76f5cbc2/1/3,long_rvos,6d76f5cbc2,1,3,dynamic,predicted_static,box,False,0,1,134,3,0.9502559688306982,0.9871468319164342,0.9687014003735661,0.9268086995117621,0.9418697989800192,0.9343392492458906,0.9582133861101115,"[0.2296875, 0.3145833333333333, 0.1703125, 0.6854166666666667]",,,,0
long_rvos/6d76f5cbc2/1/3,long_rvos,6d76f5cbc2,1,3,dynamic,predicted_static,box,False,1,3,269,3,0.9294974820529305,0.9470248274086177,0.9382611547307741,0.9491782006920415,1.0,0.9745891003460208,0.9554384809570848,"[0.2109375, 0.2791666666666667, 0.15625, 0.63125]",,,,0
long_rvos/6d76f5cbc2/1/3,long_rvos,6d76f5cbc2,1,3,dynamic,predicted_static,box,False,2,5,404,5,0.0,0.0,0.0,0.0,0.0,0.0,0.9746433395238899,"[0.221875, 0.1, 0.6953125, 0.9]",,,,0
long_rvos/6d76f5cbc2/1/3,long_rvos,6d76f5cbc2,1,3,dynamic,predicted_static,box,False,3,7,539,3,0.9606094095358383,0.9993690851735015,0.9799892473546699,0.9562591459358787,0.9860810392824003,0.9711700926091396,0.9670154141043048,"[0.15, 0.16458333333333333, 0.234375, 0.8354166666666667]",,,,0
long_rvos/6d76f5cbc2/1/8,long_rvos,6d76f5cbc2,1,8,hybrid,predicted_static,point,False,0,1,134,3,0.9502559688306982,0.9871468319164342,0.9687014003735661,0.0,0.0,0.0,0.0,,1,[],[],
long_rvos/6d76f5cbc2/1/8,long_rvos,6d76f5cbc2,1,8,hybrid,predicted_static,point,False,1,3,269,3,0.9294974820529305,0.9470248274086177,0.9382611547307741,0.0,0.0,0.0,0.0,,2,[],[],
long_rvos/6d76f5cbc2/1/8,long_rvos,6d76f5cbc2,1,8,hybrid,predicted_static,point,False,2,5,404,0,1.0,1.0,1.0,1.0,1.0,1.0,1.0,,3,[],[],
long_rvos/6d76f5cbc2/1/8,long_rvos,6d76f5cbc2,1,8,hybrid,predicted_static,point,False,3,7,539,3,0.9606094095358383,0.9993690851735015,0.9799892473546699,0.0,0.0,0.0,0.0,,4,[],[],
long_rvos/6d76f5cbc2/1/8,long_rvos,6d76f5cbc2,1,8,hybrid,predicted_static,box,False,0,1,134,3,0.9502559688306982,0.9871468319164342,0.9687014003735661,0.9268086995117621,0.9418697989800192,0.9343392492458906,0.9582133861101115,"[0.2296875, 0.3145833333333333, 0.1703125, 0.6854166666666667]",,,,0
long_rvos/6d76f5cbc2/1/8,long_rvos,6d76f5cbc2,1,8,hybrid,predicted_static,box,False,1,3,269,3,0.9294974820529305,0.9470248274086177,0.9382611547307741,0.9491782006920415,1.0,0.9745891003460208,0.9554384809570848,"[0.2109375, 0.2791666666666667, 0.15625, 0.63125]",,,,0
long_rvos/6d76f5cbc2/1/8,long_rvos,6d76f5cbc2,1,8,hybrid,predicted_static,box,False,2,5,404,0,1.0,1.0,1.0,1.0,1.0,1.0,1.0,,,,,
long_rvos/6d76f5cbc2/1/8,long_rvos,6d76f5cbc2,1,8,hybrid,predicted_static,box,False,3,7,539,3,0.9606094095358383,0.9993690851735015,0.9799892473546699,0.9562591459358787,0.9860810392824003,0.9711700926091396,0.9670154141043048,"[0.15, 0.16458333333333333, 0.234375, 0.8354166666666667]",,,,0
long_rvos/6d76f5cbc2/1/9,long_rvos,6d76f5cbc2,1,9,hybrid,predicted_static,point,False,0,1,134,1,0.9515600836896206,0.9938980071330775,0.9727290454113491,0.0,0.0,0.0,0.0,,1,[],[],
long_rvos/6d76f5cbc2/1/9,long_rvos,6d76f5cbc2,1,9,hybrid,predicted_static,point,False,1,3,269,1,0.9281839179244776,0.9461378719449326,0.9371608949347051,0.0,0.0,0.0,0.0,,2,[],[],
long_rvos/6d76f5cbc2/1/9,long_rvos,6d76f5cbc2,1,9,hybrid,predicted_static,point,False,2,5,404,0,1.0,1.0,1.0,1.0,1.0,1.0,1.0,,3,[],[],
long_rvos/6d76f5cbc2/1/9,long_rvos,6d76f5cbc2,1,9,hybrid,predicted_static,point,False,3,7,539,1,0.960611763458531,0.9810165339865279,0.9708141487225295,0.0,0.0,0.0,0.0,,4,[],[],
long_rvos/6d76f5cbc2/1/9,long_rvos,6d76f5cbc2,1,9,hybrid,predicted_static,box,False,0,1,134,1,0.9515600836896206,0.9938980071330775,0.9727290454113491,0.9272985824112341,0.9440751027723568,0.9356868425917955,0.9571576903977247,"[0.23125, 0.3145833333333333, 0.1671875, 0.6854166666666667]",,,,0
long_rvos/6d76f5cbc2/1/9,long_rvos,6d76f5cbc2,1,9,hybrid,predicted_static,box,False,1,3,269,1,0.9281839179244776,0.9461378719449326,0.9371608949347051,0.9491782006920415,1.0,0.9745891003460208,0.9565313205883973,"[0.2109375, 0.2791666666666667, 0.15625, 0.63125]",,,,0
long_rvos/6d76f5cbc2/1/9,long_rvos,6d76f5cbc2,1,9,hybrid,predicted_static,box,False,2,5,404,0,1.0,1.0,1.0,1.0,1.0,1.0,1.0,,,,,
long_rvos/6d76f5cbc2/1/9,long_rvos,6d76f5cbc2,1,9,hybrid,predicted_static,box,False,3,7,539,1,0.960611763458531,0.9810165339865279,0.9708141487225295,0.9559085708203614,0.9861068230935474,0.9710076969569543,0.9705716358945417,"[0.1515625, 0.16458333333333333, 0.2328125, 0.8354166666666667]",,,,0
long_rvos/6d76f5cbc2/1/0,long_rvos,6d76f5cbc2,1,0,static,predicted_static,point,False,0,1,134,3,0.9502559688306982,0.9871468319164342,0.9687014003735661,0.0,0.0,0.0,0.0,,1,[],[],
long_rvos/6d76f5cbc2/1/0,long_rvos,6d76f5cbc2,1,0,static,predicted_static,point,False,1,3,269,3,0.9294974820529305,0.9470248274086177,0.9382611547307741,0.0,0.0,0.0,0.0,,2,[],[],
long_rvos/6d76f5cbc2/1/0,long_rvos,6d76f5cbc2,1,0,static,predicted_static,point,False,2,5,404,0,1.0,1.0,1.0,1.0,1.0,1.0,1.0,,3,[],[],
long_rvos/6d76f5cbc2/1/0,long_rvos,6d76f5cbc2,1,0,static,predicted_static,point,False,3,7,539,3,0.9606094095358383,0.9993690851735015,0.9799892473546699,0.0,0.0,0.0,0.0,,4,[],[],
long_rvos/6d76f5cbc2/1/0,long_rvos,6d76f5cbc2,1,0,static,predicted_static,box,False,0,1,134,3,0.9502559688306982,0.9871468319164342,0.9687014003735661,0.9268086995117621,0.9418697989800192,0.9343392492458906,0.9582133861101115,"[0.2296875, 0.3145833333333333, 0.1703125, 0.6854166666666667]",,,,0
long_rvos/6d76f5cbc2/1/0,long_rvos,6d76f5cbc2,1,0,static,predicted_static,box,False,1,3,269,3,0.9294974820529305,0.9470248274086177,0.9382611547307741,0.9491782006920415,1.0,0.9745891003460208,0.9554384809570848,"[0.2109375, 0.2791666666666667, 0.15625, 0.63125]",,,,0
long_rvos/6d76f5cbc2/1/0,long_rvos,6d76f5cbc2,1,0,static,predicted_static,box,False,2,5,404,0,1.0,1.0,1.0,1.0,1.0,1.0,1.0,,,,,
long_rvos/6d76f5cbc2/1/0,long_rvos,6d76f5cbc2,1,0,static,predicted_static,box,False,3,7,539,3,0.9606094095358383,0.9993690851735015,0.9799892473546699,0.9562591459358787,0.9860810392824003,0.9711700926091396,0.9670154141043048,"[0.15, 0.16458333333333333, 0.234375, 0.8354166666666667]",,,,0
long_rvos/6d76f5cbc2/1/2,long_rvos,6d76f5cbc2,1,2,static,predicted_static,point,False,0,1,134,3,0.9502559688306982,0.9871468319164342,0.9687014003735661,0.0,0.0,0.0,0.0,,1,[],[],
long_rvos/6d76f5cbc2/1/2,long_rvos,6d76f5cbc2,1,2,static,predicted_static,point,False,1,3,269,3,0.9294974820529305,0.9470248274086177,0.9382611547307741,0.0,0.0,0.0,0.0,,2,[],[],
long_rvos/6d76f5cbc2/1/2,long_rvos,6d76f5cbc2,1,2,static,predicted_static,point,False,2,5,404,0,1.0,1.0,1.0,1.0,1.0,1.0,1.0,,3,[],[],
long_rvos/6d76f5cbc2/1/2,long_rvos,6d76f5cbc2,1,2,static,predicted_static,point,False,3,7,539,3,0.9606094095358383,0.9993690851735015,0.9799892473546699,0.0,0.0,0.0,0.0,,4,[],[],
long_rvos/6d76f5cbc2/1/2,long_rvos,6d76f5cbc2,1,2,static,predicted_static,box,False,0,1,134,3,0.9502559688306982,0.9871468319164342,0.9687014003735661,0.9268086995117621,0.9418697989800192,0.9343392492458906,0.9582133861101115,"[0.2296875, 0.3145833333333333, 0.1703125, 0.6854166666666667]",,,,0
long_rvos/6d76f5cbc2/1/2,long_rvos,6d76f5cbc2,1,2,static,predicted_static,box,False,1,3,269,3,0.9294974820529305,0.9470248274086177,0.9382611547307741,0.9491782006920415,1.0,0.9745891003460208,0.9554384809570848,"[0.2109375, 0.2791666666666667, 0.15625, 0.63125]",,,,0
long_rvos/6d76f5cbc2/1/2,long_rvos,6d76f5cbc2,1,2,static,predicted_static,box,False,2,5,404,0,1.0,1.0,1.0,1.0,1.0,1.0,1.0,,,,,
long_rvos/6d76f5cbc2/1/2,long_rvos,6d76f5cbc2,1,2,static,predicted_static,box,False,3,7,539,3,0.9606094095358383,0.9993690851735015,0.9799892473546699,0.9562591459358787,0.9860810392824003,0.9711700926091396,0.9670154141043048,"[0.15, 0.16458333333333333, 0.234375, 0.8354166666666667]",,,,0
long_rvos/22680d3b50/4/4,long_rvos,22680d3b50,4,4,dynamic,predicted_static,point,False,0,1,134,3,0.9683650615901456,1.0,0.9841825307950728,0.0,0.0,0.0,0.0,,1,[],[],
long_rvos/22680d3b50/4/4,long_rvos,22680d3b50,4,4,dynamic,predicted_static,point,False,1,3,269,3,0.7798617966436328,1.0,0.8899308983218164,0.0,0.0,0.0,0.0,,2,[],[],
long_rvos/22680d3b50/4/4,long_rvos,22680d3b50,4,4,dynamic,predicted_static,point,False,2,5,404,3,0.9112965838509317,0.9984496124031007,0.9548730981270162,0.0,0.0,0.0,0.0,,3,[],[],
long_rvos/22680d3b50/4/4,long_rvos,22680d3b50,4,4,dynamic,predicted_static,point,False,3,7,539,3,0.9561319855044822,0.9863152559553979,0.9712236207299401,0.0,0.0,0.0,0.0,,4,[],[],
long_rvos/22680d3b50/4/4,long_rvos,22680d3b50,4,4,dynamic,predicted_static,box,False,0,1,134,3,0.9683650615901456,1.0,0.9841825307950728,0.0,0.0,0.0,0.0,"[0.440625, 0.2916666666666667, 0.175, 0.30833333333333335]",,,,
long_rvos/22680d3b50/4/4,long_rvos,22680d3b50,4,4,dynamic,predicted_static,box,False,1,3,269,3,0.7798617966436328,1.0,0.8899308983218164,0.7777777777777778,1.0,0.8888888888888888,0.9818491208167895,"[0.321875, 0.3875, 0.090625, 0.2520833333333333]",,,,0
long_rvos/22680d3b50/4/4,long_rvos,22680d3b50,4,4,dynamic,predicted_static,box,False,2,5,404,3,0.9112965838509317,0.9984496124031007,0.9548730981270162,0.9187718616401088,1.0,0.9593859308200544,0.978371883448483,"[0.3828125, 0.3333333333333333, 0.2390625, 0.2875]",,,,0
long_rvos/22680d3b50/4/4,long_rvos,22680d3b50,4,4,dynamic,predicted_static,box,False,3,7,539,3,0.9561319855044822,0.9863152559553979,0.9712236207299401,0.966398553138832,0.9953100573215217,0.9808543052301768,0.972059529524724,"[0.2203125, 0.25, 0.3640625, 0.42291666666666666]",,,,0
long_rvos/22680d3b50/4/6,long_rvos,22680d3b50,4,6,dynamic,predicted_static,point,False,0,1,134,3,0.9683650615901456,1.0,0.9841825307950728,0.0,0.0,0.0,0.0,,1,[],[],
long_rvos/22680d3b50/4/6,long_rvos,22680d3b50,4,6,dynamic,predicted_static,point,False,1,3,269,3,0.7798617966436328,1.0,0.8899308983218164,0.0,0.0,0.0,0.0,,2,[],[],
long_rvos/22680d3b50/4/6,long_rvos,22680d3b50,4,6,dynamic,predicted_static,point,False,2,5,404,3,0.9112965838509317,0.9984496124031007,0.9548730981270162,0.0,0.0,0.0,0.0,,3,[],[],
long_rvos/22680d3b50/4/6,long_rvos,22680d3b50,4,6,dynamic,predicted_static,point,False,3,7,539,3,0.9561319855044822,0.9863152559553979,0.9712236207299401,0.0,0.0,0.0,0.0,,4,[],[],
long_rvos/22680d3b50/4/6,long_rvos,22680d3b50,4,6,dynamic,predicted_static,box,False,0,1,134,3,0.9683650615901456,1.0,0.9841825307950728,0.0,0.0,0.0,0.0,"[0.440625, 0.2916666666666667, 0.175, 0.30833333333333335]",,,,
long_rvos/22680d3b50/4/6,long_rvos,22680d3b50,4,6,dynamic,predicted_static,box,False,1,3,269,3,0.7798617966436328,1.0,0.8899308983218164,0.7777777777777778,1.0,0.8888888888888888,0.9818491208167895,"[0.321875, 0.3875, 0.090625, 0.2520833333333333]",,,,0
long_rvos/22680d3b50/4/6,long_rvos,22680d3b50,4,6,dynamic,predicted_static,box,False,2,5,404,3,0.9112965838509317,0.9984496124031007,0.9548730981270162,0.9187718616401088,1.0,0.9593859308200544,0.978371883448483,"[0.3828125, 0.3333333333333333, 0.2390625, 0.2875]",,,,0
long_rvos/22680d3b50/4/6,long_rvos,22680d3b50,4,6,dynamic,predicted_static,box,False,3,7,539,3,0.9561319855044822,0.9863152559553979,0.9712236207299401,0.966398553138832,0.9953100573215217,0.9808543052301768,0.972059529524724,"[0.2203125, 0.25, 0.3640625, 0.42291666666666666]",,,,0
long_rvos/af3ad95fe0/5/8,long_rvos,af3ad95fe0,5,8,static,oracle_identity,point,True,0,1,134,1,1.0,1.0,1.0,1.0,1.0,1.0,1.0,,1,[],[],
long_rvos/af3ad95fe0/5/8,long_rvos,af3ad95fe0,5,8,static,oracle_identity,point,True,1,3,269,1,0.749509483322433,1.0,0.8747547416612165,0.0,0.0,0.0,0.0,,2,[],[],
long_rvos/af3ad95fe0/5/8,long_rvos,af3ad95fe0,5,8,static,oracle_identity,point,True,2,5,404,1,0.8769143505388542,1.0,0.9384571752694271,0.0,0.0,0.0,0.0,,3,[],[],
long_rvos/af3ad95fe0/5/8,long_rvos,af3ad95fe0,5,8,static,oracle_identity,point,True,3,7,539,1,0.0,0.0,0.0,0.0,0.0,0.0,1.0,,4,[],[],
long_rvos/af3ad95fe0/5/8,long_rvos,af3ad95fe0,5,8,static,oracle_identity,box,True,0,1,134,1,1.0,1.0,1.0,1.0,1.0,1.0,1.0,,,,,
long_rvos/af3ad95fe0/5/8,long_rvos,af3ad95fe0,5,8,static,oracle_identity,box,True,1,3,269,1,0.749509483322433,1.0,0.8747547416612165,0.7406434668417596,1.0,0.8703217334208798,0.974320241691843,"[0.5359375, 0.48125, 0.109375, 0.07916666666666666]",,,,0
long_rvos/af3ad95fe0/5/8,long_rvos,af3ad95fe0,5,8,static,oracle_identity,box,True,2,5,404,1,0.8769143505388542,1.0,0.9384571752694271,0.8830210107893243,1.0,0.9415105053946622,0.9695227142035653,"[0.49375, 0.26875, 0.0984375, 0.12291666666666666]",,,,0
long_rvos/af3ad95fe0/5/8,long_rvos,af3ad95fe0,5,8,static,oracle_identity,box,True,3,7,539,1,0.0,0.0,0.0,0.0,0.0,0.0,1.0,,,,,
long_rvos/8847e5550e/2/3,long_rvos,8847e5550e,2,3,dynamic,oracle_identity,point,True,0,1,48,2,0.9375097235907276,0.984653670676068,0.9610816971333977,0.0,0.0,0.0,0.0,,1,[],[],
long_rvos/8847e5550e/2/3,long_rvos,8847e5550e,2,3,dynamic,oracle_identity,point,True,1,3,97,2,0.9620310909920342,1.0,0.9810155454960171,0.0,0.0,0.0,0.0,,2,[],[],
long_rvos/8847e5550e/2/3,long_rvos,8847e5550e,2,3,dynamic,oracle_identity,point,True,2,5,146,2,1.0,1.0,1.0,1.0,1.0,1.0,1.0,,3,[],[],
long_rvos/8847e5550e/2/3,long_rvos,8847e5550e,2,3,dynamic,oracle_identity,point,True,3,7,195,2,1.0,1.0,1.0,1.0,1.0,1.0,1.0,,4,[],[],
long_rvos/8847e5550e/2/3,long_rvos,8847e5550e,2,3,dynamic,oracle_identity,box,True,0,1,48,2,0.9375097235907276,0.984653670676068,0.9610816971333977,0.9203203827950278,0.9630230722642686,0.9416717275296482,0.9517548567135344,"[0.30625, 0.06805555555555555, 0.09296875, 0.44027777777777777]",,,,0
long_rvos/8847e5550e/2/3,long_rvos,8847e5550e,2,3,dynamic,oracle_identity,box,True,1,3,97,2,0.9620310909920342,1.0,0.9810155454960171,0.0,0.0,0.0,0.0,"[0.39375, 0.05694444444444444, 0.128125, 0.4583333333333333]",,,,
long_rvos/8847e5550e/2/3,long_rvos,8847e5550e,2,3,dynamic,oracle_identity,box,True,2,5,146,2,1.0,1.0,1.0,1.0,1.0,1.0,1.0,,,,,
long_rvos/8847e5550e/2/3,long_rvos,8847e5550e,2,3,dynamic,oracle_identity,box,True,3,7,195,2,1.0,1.0,1.0,1.0,1.0,1.0,1.0,,,,,
long_rvos/8847e5550e/2/5,long_rvos,8847e5550e,2,5,hybrid,oracle_identity,point,True,0,1,48,1,0.24777970466130642,0.35155739693559523,0.29966855079845084,0.0,0.0,0.0,0.0,,1,[],[],
long_rvos/8847e5550e/2/5,long_rvos,8847e5550e,2,5,hybrid,oracle_identity,point,True,1,3,97,1,0.12234962074439937,0.3200598411598743,0.22120473095213683,0.0,0.0,0.0,0.0,,2,[],[],
long_rvos/8847e5550e/2/5,long_rvos,8847e5550e,2,5,hybrid,oracle_identity,point,True,2,5,146,1,1.0,1.0,1.0,1.0,1.0,1.0,1.0,,3,[],[],
long_rvos/8847e5550e/2/5,long_rvos,8847e5550e,2,5,hybrid,oracle_identity,point,True,3,7,195,1,1.0,1.0,1.0,1.0,1.0,1.0,1.0,,4,[],[],
long_rvos/8847e5550e/2/5,long_rvos,8847e5550e,2,5,hybrid,oracle_identity,box,True,0,1,48,1,0.24777970466130642,0.35155739693559523,0.29966855079845084,0.0,0.0,0.0,0.0,"[0.26875, 0.06805555555555555, 0.51484375, 0.125]",,,,
long_rvos/8847e5550e/2/5,long_rvos,8847e5550e,2,5,hybrid,oracle_identity,box,True,1,3,97,1,0.12234962074439937,0.3200598411598743,0.22120473095213683,0.0,0.0,0.0,0.0,"[0.39375, 0.05694444444444444, 0.05, 0.11666666666666667]",,,,
long_rvos/8847e5550e/2/5,long_rvos,8847e5550e,2,5,hybrid,oracle_identity,box,True,2,5,146,1,1.0,1.0,1.0,1.0,1.0,1.0,1.0,,,,,
long_rvos/8847e5550e/2/5,long_rvos,8847e5550e,2,5,hybrid,oracle_identity,box,True,3,7,195,1,1.0,1.0,1.0,1.0,1.0,1.0,1.0,,,,,
long_rvos/8847e5550e/2/2,long_rvos,8847e5550e,2,2,static,oracle_identity,point,True,0,1,48,2,0.9375097235907276,0.984653670676068,0.9610816971333977,0.0,0.0,0.0,0.0,,1,[],[],
long_rvos/8847e5550e/2/2,long_rvos,8847e5550e,2,2,static,oracle_identity,point,True,1,3,97,2,0.9620310909920342,1.0,0.9810155454960171,0.0,0.0,0.0,0.0,,2,[],[],
long_rvos/8847e5550e/2/2,long_rvos,8847e5550e,2,2,static,oracle_identity,point,True,2,5,146,2,1.0,1.0,1.0,1.0,1.0,1.0,1.0,,3,[],[],
long_rvos/8847e5550e/2/2,long_rvos,8847e5550e,2,2,static,oracle_identity,point,True,3,7,195,2,1.0,1.0,1.0,1.0,1.0,1.0,1.0,,4,[],[],
long_rvos/8847e5550e/2/2,long_rvos,8847e5550e,2,2,static,oracle_identity,box,True,0,1,48,2,0.9375097235907276,0.984653670676068,0.9610816971333977,0.9203203827950278,0.9630230722642686,0.9416717275296482,0.9517548567135344,"[0.30625, 0.06805555555555555, 0.09296875, 0.44027777777777777]",,,,0
long_rvos/8847e5550e/2/2,long_rvos,8847e5550e,2,2,static,oracle_identity,box,True,1,3,97,2,0.9620310909920342,1.0,0.9810155454960171,0.0,0.0,0.0,0.0,"[0.39375, 0.05694444444444444, 0.128125, 0.4583333333333333]",,,,
long_rvos/8847e5550e/2/2,long_rvos,8847e5550e,2,2,static,oracle_identity,box,True,2,5,146,2,1.0,1.0,1.0,1.0,1.0,1.0,1.0,,,,,
long_rvos/8847e5550e/2/2,long_rvos,8847e5550e,2,2,static,oracle_identity,box,True,3,7,195,2,1.0,1.0,1.0,1.0,1.0,1.0,1.0,,,,,
long_rvos/5d262b025c/1/1,long_rvos,5d262b025c,1,1,dynamic,oracle_identity,point,True,0,1,46,0,0.9749929301498809,0.997338065661047,0.9861654979054639,0.0,0.0,0.0,0.0,,1,[],[],
long_rvos/5d262b025c/1/1,long_rvos,5d262b025c,1,1,dynamic,oracle_identity,point,True,1,3,93,0,0.9864023382894904,1.0,0.9932011691447452,0.0,0.0,0.0,0.0,,2,[],[],
long_rvos/5d262b025c/1/1,long_rvos,5d262b025c,1,1,dynamic,oracle_identity,point,True,2,5,140,0,0.0,0.0,0.0,0.0,0.0,0.0,1.0,,3,[],[],
long_rvos/5d262b025c/1/1,long_rvos,5d262b025c,1,1,dynamic,oracle_identity,point,True,3,7,187,0,0.0,0.0,0.0,0.0,0.0,0.0,1.0,,4,[],[],
long_rvos/5d262b025c/1/1,long_rvos,5d262b025c,1,1,dynamic,oracle_identity,box,True,0,1,46,0,0.9749929301498809,0.997338065661047,0.9861654979054639,0.7492820703402142,0.357934185852495,0.5536081280963546,0.7607294666118195,"[0.3234375, 0.17916666666666667, 0.55, 0.6979166666666666]",,,,0
long_rvos/5d262b025c/1/1,long_rvos,5d262b025c,1,1,dynamic,oracle_identity,box,True,1,3,93,0,0.9864023382894904,1.0,0.9932011691447452,0.979262476579799,1.0,0.9896312382898995,0.9822419533851277,"[0.7234375, 0.21666666666666667, 0.153125, 0.71875]",,,,0
long_rvos/5d262b025c/1/1,long_rvos,5d262b025c,1,1,dynamic,oracle_identity,box,True,2,5,140,0,0.0,0.0,0.0,0.0,0.0,0.0,1.0,,,,,
long_rvos/5d262b025c/1/1,long_rvos,5d262b025c,1,1,dynamic,oracle_identity,box,True,3,7,187,0,0.0,0.0,0.0,0.0,0.0,0.0,1.0,,,,,
long_rvos/5d262b025c/1/20,long_rvos,5d262b025c,1,20,hybrid,oracle_identity,point,True,0,1,46,,0.0,0.0,0.0,0.0,0.0,0.0,1.0,,1,[],[],
long_rvos/5d262b025c/1/20,long_rvos,5d262b025c,1,20,hybrid,oracle_identity,point,True,1,3,93,,0.0,0.0,0.0,0.0,0.0,0.0,1.0,,2,[],[],
long_rvos/5d262b025c/1/20,long_rvos,5d262b025c,1,20,hybrid,oracle_identity,point,True,2,5,140,,0.0,0.0,0.0,0.0,0.0,0.0,1.0,,3,[],[],
long_rvos/5d262b025c/1/20,long_rvos,5d262b025c,1,20,hybrid,oracle_identity,point,True,3,7,187,,0.0,0.0,0.0,0.0,0.0,0.0,1.0,,4,[],[],
long_rvos/5d262b025c/1/20,long_rvos,5d262b025c,1,20,hybrid,oracle_identity,box,True,0,1,46,,0.0,0.0,0.0,0.0,0.0,0.0,1.0,,,,,
long_rvos/5d262b025c/1/20,long_rvos,5d262b025c,1,20,hybrid,oracle_identity,box,True,1,3,93,,0.0,0.0,0.0,0.0,0.0,0.0,1.0,,,,,
long_rvos/5d262b025c/1/20,long_rvos,5d262b025c,1,20,hybrid,oracle_identity,box,True,2,5,140,,0.0,0.0,0.0,0.0,0.0,0.0,1.0,,,,,
long_rvos/5d262b025c/1/20,long_rvos,5d262b025c,1,20,hybrid,oracle_identity,box,True,3,7,187,,0.0,0.0,0.0,0.0,0.0,0.0,1.0,,,,,
long_rvos/5d262b025c/1/0,long_rvos,5d262b025c,1,0,static,oracle_identity,point,True,0,1,46,0,0.9749929301498809,0.997338065661047,0.9861654979054639,0.0,0.0,0.0,0.0,,1,[],[],
long_rvos/5d262b025c/1/0,long_rvos,5d262b025c,1,0,static,oracle_identity,point,True,1,3,93,0,0.9864023382894904,1.0,0.9932011691447452,0.0,0.0,0.0,0.0,,2,[],[],
long_rvos/5d262b025c/1/0,long_rvos,5d262b025c,1,0,static,oracle_identity,point,True,2,5,140,0,0.0,0.0,0.0,0.0,0.0,0.0,1.0,,3,[],[],
long_rvos/5d262b025c/1/0,long_rvos,5d262b025c,1,0,static,oracle_identity,point,True,3,7,187,0,0.0,0.0,0.0,0.0,0.0,0.0,1.0,,4,[],[],
long_rvos/5d262b025c/1/0,long_rvos,5d262b025c,1,0,static,oracle_identity,box,True,0,1,46,0,0.9749929301498809,0.997338065661047,0.9861654979054639,0.7492820703402142,0.357934185852495,0.5536081280963546,0.7607294666118195,"[0.3234375, 0.17916666666666667, 0.55, 0.6979166666666666]",,,,0
long_rvos/5d262b025c/1/0,long_rvos,5d262b025c,1,0,static,oracle_identity,box,True,1,3,93,0,0.9864023382894904,1.0,0.9932011691447452,0.979262476579799,1.0,0.9896312382898995,0.9822419533851277,"[0.7234375, 0.21666666666666667, 0.153125, 0.71875]",,,,0
long_rvos/5d262b025c/1/0,long_rvos,5d262b025c,1,0,static,oracle_identity,box,True,2,5,140,0,0.0,0.0,0.0,0.0,0.0,0.0,1.0,,,,,
long_rvos/5d262b025c/1/0,long_rvos,5d262b025c,1,0,static,oracle_identity,box,True,3,7,187,0,0.0,0.0,0.0,0.0,0.0,0.0,1.0,,,,,
long_rvos/41c5109249/1/1,long_rvos,41c5109249,1,1,dynamic,oracle_identity,point,True,0,1,100,2,0.926202433516465,0.9434871671285696,0.9348448003225174,0.0,0.0,0.0,0.0,,1,[],[],
long_rvos/41c5109249/1/1,long_rvos,41c5109249,1,1,dynamic,oracle_identity,point,True,1,3,200,2,0.9560399191820241,0.998254037538193,0.9771469783601086,0.0,0.0,0.0,0.0,,2,[],[],
long_rvos/41c5109249/1/1,long_rvos,41c5109249,1,1,dynamic,oracle_identity,point,True,2,5,300,2,0.9737575953268559,0.9958291282626811,0.9847933617947685,0.0,0.0,0.0,0.0,,3,[],[],
long_rvos/41c5109249/1/1,long_rvos,41c5109249,1,1,dynamic,oracle_identity,point,True,3,7,401,2,0.0,0.0,0.0,1.0,1.0,1.0,0.0,,4,[],[],
long_rvos/41c5109249/1/1,long_rvos,41c5109249,1,1,dynamic,oracle_identity,box,True,0,1,100,2,0.926202433516465,0.9434871671285696,0.9348448003225174,0.0,0.0,0.0,0.0,"[0.2015625, 0.0, 0.4734375, 1.0]",,,,
long_rvos/41c5109249/1/1,long_rvos,41c5109249,1,1,dynamic,oracle_identity,box,True,1,3,200,2,0.9560399191820241,0.998254037538193,0.9771469783601086,0.0,0.0,0.0,0.0,"[0.2453125, 0.0, 0.496875, 0.96875]",,,,
long_rvos/41c5109249/1/1,long_rvos,41c5109249,1,1,dynamic,oracle_identity,box,True,2,5,300,2,0.9737575953268559,0.9958291282626811,0.9847933617947685,0.0,0.0,0.0,0.0,"[0.0, 0.0, 0.2734375, 0.8041666666666667]",,,,
long_rvos/41c5109249/1/1,long_rvos,41c5109249,1,1,dynamic,oracle_identity,box,True,3,7,401,2,0.0,0.0,0.0,0.0,0.0,0.0,0.9848014440433213,"[0.459375, 0.09166666666666666, 0.3171875, 0.53125]",,,,0
long_rvos/41c5109249/1/7,long_rvos,41c5109249,1,7,hybrid,oracle_identity,point,True,0,1,100,2,0.926202433516465,0.9434871671285696,0.9348448003225174,0.0,0.0,0.0,0.0,,1,[],[],
long_rvos/41c5109249/1/7,long_rvos,41c5109249,1,7,hybrid,oracle_identity,point,True,1,3,200,2,0.9560399191820241,0.998254037538193,0.9771469783601086,0.0,0.0,0.0,0.0,,2,[],[],
long_rvos/41c5109249/1/7,long_rvos,41c5109249,1,7,hybrid,oracle_identity,point,True,2,5,300,2,0.9737575953268559,0.9958291282626811,0.9847933617947685,0.0,0.0,0.0,0.0,,3,[],[],
long_rvos/41c5109249/1/7,long_rvos,41c5109249,1,7,hybrid,oracle_identity,point,True,3,7,401,2,0.0,0.0,0.0,1.0,1.0,1.0,0.0,,4,[],[],
long_rvos/41c5109249/1/7,long_rvos,41c5109249,1,7,hybrid,oracle_identity,box,True,0,1,100,2,0.926202433516465,0.9434871671285696,0.9348448003225174,0.0,0.0,0.0,0.0,"[0.2015625, 0.0, 0.4734375, 1.0]",,,,
long_rvos/41c5109249/1/7,long_rvos,41c5109249,1,7,hybrid,oracle_identity,box,True,1,3,200,2,0.9560399191820241,0.998254037538193,0.9771469783601086,0.0,0.0,0.0,0.0,"[0.2453125, 0.0, 0.496875, 0.96875]",,,,
long_rvos/41c5109249/1/7,long_rvos,41c5109249,1,7,hybrid,oracle_identity,box,True,2,5,300,2,0.9737575953268559,0.9958291282626811,0.9847933617947685,0.0,0.0,0.0,0.0,"[0.0, 0.0, 0.2734375, 0.8041666666666667]",,,,
long_rvos/41c5109249/1/7,long_rvos,41c5109249,1,7,hybrid,oracle_identity,box,True,3,7,401,2,0.0,0.0,0.0,0.0,0.0,0.0,0.9848014440433213,"[0.459375, 0.09166666666666666, 0.3171875, 0.53125]",,,,0
long_rvos/41c5109249/1/0,long_rvos,41c5109249,1,0,static,oracle_identity,point,True,0,1,100,2,0.926202433516465,0.9434871671285696,0.9348448003225174,0.0,0.0,0.0,0.0,,1,[],[],
long_rvos/41c5109249/1/0,long_rvos,41c5109249,1,0,static,oracle_identity,point,True,1,3,200,2,0.9560399191820241,0.998254037538193,0.9771469783601086,0.0,0.0,0.0,0.0,,2,[],[],
long_rvos/41c5109249/1/0,long_rvos,41c5109249,1,0,static,oracle_identity,point,True,2,5,300,2,0.9737575953268559,0.9958291282626811,0.9847933617947685,0.0,0.0,0.0,0.0,,3,[],[],
long_rvos/41c5109249/1/0,long_rvos,41c5109249,1,0,static,oracle_identity,point,True,3,7,401,2,0.0,0.0,0.0,1.0,1.0,1.0,0.0,,4,[],[],
long_rvos/41c5109249/1/0,long_rvos,41c5109249,1,0,static,oracle_identity,box,True,0,1,100,2,0.926202433516465,0.9434871671285696,0.9348448003225174,0.0,0.0,0.0,0.0,"[0.2015625, 0.0, 0.4734375, 1.0]",,,,
long_rvos/41c5109249/1/0,long_rvos,41c5109249,1,0,static,oracle_identity,box,True,1,3,200,2,0.9560399191820241,0.998254037538193,0.9771469783601086,0.0,0.0,0.0,0.0,"[0.2453125, 0.0, 0.496875, 0.96875]",,,,
long_rvos/41c5109249/1/0,long_rvos,41c5109249,1,0,static,oracle_identity,box,True,2,5,300,2,0.9737575953268559,0.9958291282626811,0.9847933617947685,0.0,0.0,0.0,0.0,"[0.0, 0.0, 0.2734375, 0.8041666666666667]",,,,
long_rvos/41c5109249/1/0,long_rvos,41c5109249,1,0,static,oracle_identity,box,True,3,7,401,2,0.0,0.0,0.0,0.0,0.0,0.0,0.9848014440433213,"[0.459375, 0.09166666666666666, 0.3171875, 0.53125]",,,,0
long_rvos/6d76f5cbc2/1/1,long_rvos,6d76f5cbc2,1,1,dynamic,oracle_identity,point,True,0,1,134,3,0.9502559688306982,0.9871468319164342,0.9687014003735661,0.0,0.0,0.0,0.0,,1,[],[],
long_rvos/6d76f5cbc2/1/1,long_rvos,6d76f5cbc2,1,1,dynamic,oracle_identity,point,True,1,3,269,3,0.9294974820529305,0.9470248274086177,0.9382611547307741,0.0,0.0,0.0,0.0,,2,[],[],
long_rvos/6d76f5cbc2/1/1,long_rvos,6d76f5cbc2,1,1,dynamic,oracle_identity,point,True,2,5,404,3,1.0,1.0,1.0,1.0,1.0,1.0,1.0,,3,[],[],
long_rvos/6d76f5cbc2/1/1,long_rvos,6d76f5cbc2,1,1,dynamic,oracle_identity,point,True,3,7,539,3,0.9606094095358383,0.9993690851735015,0.9799892473546699,0.0,0.0,0.0,0.0,,4,[],[],
long_rvos/6d76f5cbc2/1/1,long_rvos,6d76f5cbc2,1,1,dynamic,oracle_identity,box,True,0,1,134,3,0.9502559688306982,0.9871468319164342,0.9687014003735661,0.9268086995117621,0.9418697989800192,0.9343392492458906,0.9582133861101115,"[0.2296875, 0.3145833333333333, 0.1703125, 0.6854166666666667]",,,,0
long_rvos/6d76f5cbc2/1/1,long_rvos,6d76f5cbc2,1,1,dynamic,oracle_identity,box,True,1,3,269,3,0.9294974820529305,0.9470248274086177,0.9382611547307741,0.9491782006920415,1.0,0.9745891003460208,0.9554384809570848,"[0.2109375, 0.2791666666666667, 0.15625, 0.63125]",,,,0
long_rvos/6d76f5cbc2/1/1,long_rvos,6d76f5cbc2,1,1,dynamic,oracle_identity,box,True,2,5,404,3,1.0,1.0,1.0,1.0,1.0,1.0,1.0,,,,,
long_rvos/6d76f5cbc2/1/1,long_rvos,6d76f5cbc2,1,1,dynamic,oracle_identity,box,True,3,7,539,3,0.9606094095358383,0.9993690851735015,0.9799892473546699,0.9562591459358787,0.9860810392824003,0.9711700926091396,0.9670154141043048,"[0.15, 0.16458333333333333, 0.234375, 0.8354166666666667]",,,,0
long_rvos/6d76f5cbc2/1/3,long_rvos,6d76f5cbc2,1,3,dynamic,oracle_identity,point,True,0,1,134,3,0.9502559688306982,0.9871468319164342,0.9687014003735661,0.0,0.0,0.0,0.0,,1,[],[],
long_rvos/6d76f5cbc2/1/3,long_rvos,6d76f5cbc2,1,3,dynamic,oracle_identity,point,True,1,3,269,3,0.9294974820529305,0.9470248274086177,0.9382611547307741,0.0,0.0,0.0,0.0,,2,[],[],
long_rvos/6d76f5cbc2/1/3,long_rvos,6d76f5cbc2,1,3,dynamic,oracle_identity,point,True,2,5,404,3,1.0,1.0,1.0,1.0,1.0,1.0,1.0,,3,[],[],
long_rvos/6d76f5cbc2/1/3,long_rvos,6d76f5cbc2,1,3,dynamic,oracle_identity,point,True,3,7,539,3,0.9606094095358383,0.9993690851735015,0.9799892473546699,0.0,0.0,0.0,0.0,,4,[],[],
long_rvos/6d76f5cbc2/1/3,long_rvos,6d76f5cbc2,1,3,dynamic,oracle_identity,box,True,0,1,134,3,0.9502559688306982,0.9871468319164342,0.9687014003735661,0.9268086995117621,0.9418697989800192,0.9343392492458906,0.9582133861101115,"[0.2296875, 0.3145833333333333, 0.1703125, 0.6854166666666667]",,,,0
long_rvos/6d76f5cbc2/1/3,long_rvos,6d76f5cbc2,1,3,dynamic,oracle_identity,box,True,1,3,269,3,0.9294974820529305,0.9470248274086177,0.9382611547307741,0.9491782006920415,1.0,0.9745891003460208,0.9554384809570848,"[0.2109375, 0.2791666666666667, 0.15625, 0.63125]",,,,0
long_rvos/6d76f5cbc2/1/3,long_rvos,6d76f5cbc2,1,3,dynamic,oracle_identity,box,True,2,5,404,3,1.0,1.0,1.0,1.0,1.0,1.0,1.0,,,,,
long_rvos/6d76f5cbc2/1/3,long_rvos,6d76f5cbc2,1,3,dynamic,oracle_identity,box,True,3,7,539,3,0.9606094095358383,0.9993690851735015,0.9799892473546699,0.9562591459358787,0.9860810392824003,0.9711700926091396,0.9670154141043048,"[0.15, 0.16458333333333333, 0.234375, 0.8354166666666667]",,,,0
long_rvos/6d76f5cbc2/1/8,long_rvos,6d76f5cbc2,1,8,hybrid,oracle_identity,point,True,0,1,134,3,0.9502559688306982,0.9871468319164342,0.9687014003735661,0.0,0.0,0.0,0.0,,1,[],[],
long_rvos/6d76f5cbc2/1/8,long_rvos,6d76f5cbc2,1,8,hybrid,oracle_identity,point,True,1,3,269,3,0.9294974820529305,0.9470248274086177,0.9382611547307741,0.0,0.0,0.0,0.0,,2,[],[],
long_rvos/6d76f5cbc2/1/8,long_rvos,6d76f5cbc2,1,8,hybrid,oracle_identity,point,True,2,5,404,3,1.0,1.0,1.0,1.0,1.0,1.0,1.0,,3,[],[],
long_rvos/6d76f5cbc2/1/8,long_rvos,6d76f5cbc2,1,8,hybrid,oracle_identity,point,True,3,7,539,3,0.9606094095358383,0.9993690851735015,0.9799892473546699,0.0,0.0,0.0,0.0,,4,[],[],
long_rvos/6d76f5cbc2/1/8,long_rvos,6d76f5cbc2,1,8,hybrid,oracle_identity,box,True,0,1,134,3,0.9502559688306982,0.9871468319164342,0.9687014003735661,0.9268086995117621,0.9418697989800192,0.9343392492458906,0.9582133861101115,"[0.2296875, 0.3145833333333333, 0.1703125, 0.6854166666666667]",,,,0
long_rvos/6d76f5cbc2/1/8,long_rvos,6d76f5cbc2,1,8,hybrid,oracle_identity,box,True,1,3,269,3,0.9294974820529305,0.9470248274086177,0.9382611547307741,0.9491782006920415,1.0,0.9745891003460208,0.9554384809570848,"[0.2109375, 0.2791666666666667, 0.15625, 0.63125]",,,,0
long_rvos/6d76f5cbc2/1/8,long_rvos,6d76f5cbc2,1,8,hybrid,oracle_identity,box,True,2,5,404,3,1.0,1.0,1.0,1.0,1.0,1.0,1.0,,,,,
long_rvos/6d76f5cbc2/1/8,long_rvos,6d76f5cbc2,1,8,hybrid,oracle_identity,box,True,3,7,539,3,0.9606094095358383,0.9993690851735015,0.9799892473546699,0.9562591459358787,0.9860810392824003,0.9711700926091396,0.9670154141043048,"[0.15, 0.16458333333333333, 0.234375, 0.8354166666666667]",,,,0
long_rvos/6d76f5cbc2/1/9,long_rvos,6d76f5cbc2,1,9,hybrid,oracle_identity,point,True,0,1,134,1,0.9515600836896206,0.9938980071330775,0.9727290454113491,0.0,0.0,0.0,0.0,,1,[],[],
long_rvos/6d76f5cbc2/1/9,long_rvos,6d76f5cbc2,1,9,hybrid,oracle_identity,point,True,1,3,269,1,0.9281839179244776,0.9461378719449326,0.9371608949347051,0.0,0.0,0.0,0.0,,2,[],[],
long_rvos/6d76f5cbc2/1/9,long_rvos,6d76f5cbc2,1,9,hybrid,oracle_identity,point,True,2,5,404,1,1.0,1.0,1.0,1.0,1.0,1.0,1.0,,3,[],[],
long_rvos/6d76f5cbc2/1/9,long_rvos,6d76f5cbc2,1,9,hybrid,oracle_identity,point,True,3,7,539,1,0.960611763458531,0.9810165339865279,0.9708141487225295,0.0,0.0,0.0,0.0,,4,[],[],
long_rvos/6d76f5cbc2/1/9,long_rvos,6d76f5cbc2,1,9,hybrid,oracle_identity,box,True,0,1,134,1,0.9515600836896206,0.9938980071330775,0.9727290454113491,0.9272985824112341,0.9440751027723568,0.9356868425917955,0.9571576903977247,"[0.23125, 0.3145833333333333, 0.1671875, 0.6854166666666667]",,,,0
long_rvos/6d76f5cbc2/1/9,long_rvos,6d76f5cbc2,1,9,hybrid,oracle_identity,box,True,1,3,269,1,0.9281839179244776,0.9461378719449326,0.9371608949347051,0.9491782006920415,1.0,0.9745891003460208,0.9565313205883973,"[0.2109375, 0.2791666666666667, 0.15625, 0.63125]",,,,0
long_rvos/6d76f5cbc2/1/9,long_rvos,6d76f5cbc2,1,9,hybrid,oracle_identity,box,True,2,5,404,1,1.0,1.0,1.0,1.0,1.0,1.0,1.0,,,,,
long_rvos/6d76f5cbc2/1/9,long_rvos,6d76f5cbc2,1,9,hybrid,oracle_identity,box,True,3,7,539,1,0.960611763458531,0.9810165339865279,0.9708141487225295,0.9559085708203614,0.9861068230935474,0.9710076969569543,0.9705716358945417,"[0.1515625, 0.16458333333333333, 0.2328125, 0.8354166666666667]",,,,0
long_rvos/6d76f5cbc2/1/0,long_rvos,6d76f5cbc2,1,0,static,oracle_identity,point,True,0,1,134,3,0.9502559688306982,0.9871468319164342,0.9687014003735661,0.0,0.0,0.0,0.0,,1,[],[],
long_rvos/6d76f5cbc2/1/0,long_rvos,6d76f5cbc2,1,0,static,oracle_identity,point,True,1,3,269,3,0.9294974820529305,0.9470248274086177,0.9382611547307741,0.0,0.0,0.0,0.0,,2,[],[],
long_rvos/6d76f5cbc2/1/0,long_rvos,6d76f5cbc2,1,0,static,oracle_identity,point,True,2,5,404,3,1.0,1.0,1.0,1.0,1.0,1.0,1.0,,3,[],[],
long_rvos/6d76f5cbc2/1/0,long_rvos,6d76f5cbc2,1,0,static,oracle_identity,point,True,3,7,539,3,0.9606094095358383,0.9993690851735015,0.9799892473546699,0.0,0.0,0.0,0.0,,4,[],[],
long_rvos/6d76f5cbc2/1/0,long_rvos,6d76f5cbc2,1,0,static,oracle_identity,box,True,0,1,134,3,0.9502559688306982,0.9871468319164342,0.9687014003735661,0.9268086995117621,0.9418697989800192,0.9343392492458906,0.9582133861101115,"[0.2296875, 0.3145833333333333, 0.1703125, 0.6854166666666667]",,,,0
long_rvos/6d76f5cbc2/1/0,long_rvos,6d76f5cbc2,1,0,static,oracle_identity,box,True,1,3,269,3,0.9294974820529305,0.9470248274086177,0.9382611547307741,0.9491782006920415,1.0,0.9745891003460208,0.9554384809570848,"[0.2109375, 0.2791666666666667, 0.15625, 0.63125]",,,,0
long_rvos/6d76f5cbc2/1/0,long_rvos,6d76f5cbc2,1,0,static,oracle_identity,box,True,2,5,404,3,1.0,1.0,1.0,1.0,1.0,1.0,1.0,,,,,
long_rvos/6d76f5cbc2/1/0,long_rvos,6d76f5cbc2,1,0,static,oracle_identity,box,True,3,7,539,3,0.9606094095358383,0.9993690851735015,0.9799892473546699,0.9562591459358787,0.9860810392824003,0.9711700926091396,0.9670154141043048,"[0.15, 0.16458333333333333, 0.234375, 0.8354166666666667]",,,,0
long_rvos/6d76f5cbc2/1/2,long_rvos,6d76f5cbc2,1,2,static,oracle_identity,point,True,0,1,134,3,0.9502559688306982,0.9871468319164342,0.9687014003735661,0.0,0.0,0.0,0.0,,1,[],[],
long_rvos/6d76f5cbc2/1/2,long_rvos,6d76f5cbc2,1,2,static,oracle_identity,point,True,1,3,269,3,0.9294974820529305,0.9470248274086177,0.9382611547307741,0.0,0.0,0.0,0.0,,2,[],[],
long_rvos/6d76f5cbc2/1/2,long_rvos,6d76f5cbc2,1,2,static,oracle_identity,point,True,2,5,404,3,1.0,1.0,1.0,1.0,1.0,1.0,1.0,,3,[],[],
long_rvos/6d76f5cbc2/1/2,long_rvos,6d76f5cbc2,1,2,static,oracle_identity,point,True,3,7,539,3,0.9606094095358383,0.9993690851735015,0.9799892473546699,0.0,0.0,0.0,0.0,,4,[],[],
long_rvos/6d76f5cbc2/1/2,long_rvos,6d76f5cbc2,1,2,static,oracle_identity,box,True,0,1,134,3,0.9502559688306982,0.9871468319164342,0.9687014003735661,0.9268086995117621,0.9418697989800192,0.9343392492458906,0.9582133861101115,"[0.2296875, 0.3145833333333333, 0.1703125, 0.6854166666666667]",,,,0
long_rvos/6d76f5cbc2/1/2,long_rvos,6d76f5cbc2,1,2,static,oracle_identity,box,True,1,3,269,3,0.9294974820529305,0.9470248274086177,0.9382611547307741,0.9491782006920415,1.0,0.9745891003460208,0.9554384809570848,"[0.2109375, 0.2791666666666667, 0.15625, 0.63125]",,,,0
long_rvos/6d76f5cbc2/1/2,long_rvos,6d76f5cbc2,1,2,static,oracle_identity,box,True,2,5,404,3,1.0,1.0,1.0,1.0,1.0,1.0,1.0,,,,,
long_rvos/6d76f5cbc2/1/2,long_rvos,6d76f5cbc2,1,2,static,oracle_identity,box,True,3,7,539,3,0.9606094095358383,0.9993690851735015,0.9799892473546699,0.9562591459358787,0.9860810392824003,0.9711700926091396,0.9670154141043048,"[0.15, 0.16458333333333333, 0.234375, 0.8354166666666667]",,,,0
long_rvos/22680d3b50/4/4,long_rvos,22680d3b50,4,4,dynamic,oracle_identity,point,True,0,1,134,3,0.9683650615901456,1.0,0.9841825307950728,0.0,0.0,0.0,0.0,,1,[],[],
long_rvos/22680d3b50/4/4,long_rvos,22680d3b50,4,4,dynamic,oracle_identity,point,True,1,3,269,3,0.7798617966436328,1.0,0.8899308983218164,0.0,0.0,0.0,0.0,,2,[],[],
long_rvos/22680d3b50/4/4,long_rvos,22680d3b50,4,4,dynamic,oracle_identity,point,True,2,5,404,3,0.9112965838509317,0.9984496124031007,0.9548730981270162,0.0,0.0,0.0,0.0,,3,[],[],
long_rvos/22680d3b50/4/4,long_rvos,22680d3b50,4,4,dynamic,oracle_identity,point,True,3,7,539,3,0.9561319855044822,0.9863152559553979,0.9712236207299401,0.0,0.0,0.0,0.0,,4,[],[],
long_rvos/22680d3b50/4/4,long_rvos,22680d3b50,4,4,dynamic,oracle_identity,box,True,0,1,134,3,0.9683650615901456,1.0,0.9841825307950728,0.0,0.0,0.0,0.0,"[0.440625, 0.2916666666666667, 0.175, 0.30833333333333335]",,,,
long_rvos/22680d3b50/4/4,long_rvos,22680d3b50,4,4,dynamic,oracle_identity,box,True,1,3,269,3,0.7798617966436328,1.0,0.8899308983218164,0.7777777777777778,1.0,0.8888888888888888,0.9818491208167895,"[0.321875, 0.3875, 0.090625, 0.2520833333333333]",,,,0
long_rvos/22680d3b50/4/4,long_rvos,22680d3b50,4,4,dynamic,oracle_identity,box,True,2,5,404,3,0.9112965838509317,0.9984496124031007,0.9548730981270162,0.9187718616401088,1.0,0.9593859308200544,0.978371883448483,"[0.3828125, 0.3333333333333333, 0.2390625, 0.2875]",,,,0
long_rvos/22680d3b50/4/4,long_rvos,22680d3b50,4,4,dynamic,oracle_identity,box,True,3,7,539,3,0.9561319855044822,0.9863152559553979,0.9712236207299401,0.966398553138832,0.9953100573215217,0.9808543052301768,0.972059529524724,"[0.2203125, 0.25, 0.3640625, 0.42291666666666666]",,,,0
long_rvos/22680d3b50/4/6,long_rvos,22680d3b50,4,6,dynamic,oracle_identity,point,True,0,1,134,3,0.9683650615901456,1.0,0.9841825307950728,0.0,0.0,0.0,0.0,,1,[],[],
long_rvos/22680d3b50/4/6,long_rvos,22680d3b50,4,6,dynamic,oracle_identity,point,True,1,3,269,3,0.7798617966436328,1.0,0.8899308983218164,0.0,0.0,0.0,0.0,,2,[],[],
long_rvos/22680d3b50/4/6,long_rvos,22680d3b50,4,6,dynamic,oracle_identity,point,True,2,5,404,3,0.9112965838509317,0.9984496124031007,0.9548730981270162,0.0,0.0,0.0,0.0,,3,[],[],
long_rvos/22680d3b50/4/6,long_rvos,22680d3b50,4,6,dynamic,oracle_identity,point,True,3,7,539,3,0.9561319855044822,0.9863152559553979,0.9712236207299401,0.0,0.0,0.0,0.0,,4,[],[],
long_rvos/22680d3b50/4/6,long_rvos,22680d3b50,4,6,dynamic,oracle_identity,box,True,0,1,134,3,0.9683650615901456,1.0,0.9841825307950728,0.0,0.0,0.0,0.0,"[0.440625, 0.2916666666666667, 0.175, 0.30833333333333335]",,,,
long_rvos/22680d3b50/4/6,long_rvos,22680d3b50,4,6,dynamic,oracle_identity,box,True,1,3,269,3,0.7798617966436328,1.0,0.8899308983218164,0.7777777777777778,1.0,0.8888888888888888,0.9818491208167895,"[0.321875, 0.3875, 0.090625, 0.2520833333333333]",,,,0
long_rvos/22680d3b50/4/6,long_rvos,22680d3b50,4,6,dynamic,oracle_identity,box,True,2,5,404,3,0.9112965838509317,0.9984496124031007,0.9548730981270162,0.9187718616401088,1.0,0.9593859308200544,0.978371883448483,"[0.3828125, 0.3333333333333333, 0.2390625, 0.2875]",,,,0
long_rvos/22680d3b50/4/6,long_rvos,22680d3b50,4,6,dynamic,oracle_identity,box,True,3,7,539,3,0.9561319855044822,0.9863152559553979,0.9712236207299401,0.966398553138832,0.9953100573215217,0.9808543052301768,0.972059529524724,"[0.2203125, 0.25, 0.3640625, 0.42291666666666666]",,,,0
long_rvos/22680d3b50/4/8,long_rvos,22680d3b50,4,8,hybrid,oracle_identity,point,True,0,1,134,1,0.964531052852937,1.0,0.9822655264264686,0.0,0.0,0.0,0.0,,1,[],[],
long_rvos/22680d3b50/4/8,long_rvos,22680d3b50,4,8,hybrid,oracle_identity,point,True,1,3,269,1,0.7818849449204406,0.9728260869565218,0.8773555159384812,0.0,0.0,0.0,0.0,,2,[],[],
long_rvos/22680d3b50/4/8,long_rvos,22680d3b50,4,8,hybrid,oracle_identity,point,True,2,5,404,1,0.9144839718530101,0.9984779299847794,0.9564809509188947,0.0,0.0,0.0,0.0,,3,[],[],
long_rvos/22680d3b50/4/8,long_rvos,22680d3b50,4,8,hybrid,oracle_identity,point,True,3,7,539,1,0.9551345962113659,0.9731876861966235,0.9641611412039948,0.0,0.0,0.0,0.0,,4,[],[],
long_rvos/22680d3b50/4/8,long_rvos,22680d3b50,4,8,hybrid,oracle_identity,box,True,0,1,134,1,0.964531052852937,1.0,0.9822655264264686,0.0,0.0,0.0,0.0,"[0.440625, 0.2916666666666667, 0.175, 0.30833333333333335]",,,,
long_rvos/22680d3b50/4/8,long_rvos,22680d3b50,4,8,hybrid,oracle_identity,box,True,1,3,269,1,0.7818849449204406,0.9728260869565218,0.8773555159384812,0.0,0.0,0.0,0.0,"[0.240625, 0.3875, 0.171875, 0.38958333333333334]",,,,
long_rvos/22680d3b50/4/8,long_rvos,22680d3b50,4,8,hybrid,oracle_identity,box,True,2,5,404,1,0.9144839718530101,0.9984779299847794,0.9564809509188947,0.9187718616401088,1.0,0.9593859308200544,0.9718069629778269,"[0.3828125, 0.3333333333333333, 0.2390625, 0.2875]",,,,0
long_rvos/22680d3b50/4/8,long_rvos,22680d3b50,4,8,hybrid,oracle_identity,box,True,3,7,539,1,0.9551345962113659,0.9731876861966235,0.9641611412039948,0.966398553138832,0.9953100573215217,0.9808543052301768,0.9764655131093323,"[0.2203125, 0.25, 0.3640625, 0.42291666666666666]",,,,0
long_rvos/22680d3b50/4/9,long_rvos,22680d3b50,4,9,hybrid,oracle_identity,point,True,0,1,134,1,0.964531052852937,1.0,0.9822655264264686,0.0,0.0,0.0,0.0,,1,[],[],
long_rvos/22680d3b50/4/9,long_rvos,22680d3b50,4,9,hybrid,oracle_identity,point,True,1,3,269,1,0.7818849449204406,0.9728260869565218,0.8773555159384812,0.0,0.0,0.0,0.0,,2,[],[],
long_rvos/22680d3b50/4/9,long_rvos,22680d3b50,4,9,hybrid,oracle_identity,point,True,2,5,404,1,0.9144839718530101,0.9984779299847794,0.9564809509188947,0.0,0.0,0.0,0.0,,3,[],[],
long_rvos/22680d3b50/4/9,long_rvos,22680d3b50,4,9,hybrid,oracle_identity,point,True,3,7,539,1,0.9551345962113659,0.9731876861966235,0.9641611412039948,0.0,0.0,0.0,0.0,,4,[],[],
long_rvos/22680d3b50/4/9,long_rvos,22680d3b50,4,9,hybrid,oracle_identity,box,True,0,1,134,1,0.964531052852937,1.0,0.9822655264264686,0.0,0.0,0.0,0.0,"[0.440625, 0.2916666666666667, 0.175, 0.30833333333333335]",,,,
long_rvos/22680d3b50/4/9,long_rvos,22680d3b50,4,9,hybrid,oracle_identity,box,True,1,3,269,1,0.7818849449204406,0.9728260869565218,0.8773555159384812,0.0,0.0,0.0,0.0,"[0.240625, 0.3875, 0.171875, 0.38958333333333334]",,,,
long_rvos/22680d3b50/4/9,long_rvos,22680d3b50,4,9,hybrid,oracle_identity,box,True,2,5,404,1,0.9144839718530101,0.9984779299847794,0.9564809509188947,0.9187718616401088,1.0,0.9593859308200544,0.9718069629778269,"[0.3828125, 0.3333333333333333, 0.2390625, 0.2875]",,,,0
long_rvos/22680d3b50/4/9,long_rvos,22680d3b50,4,9,hybrid,oracle_identity,box,True,3,7,539,1,0.9551345962113659,0.9731876861966235,0.9641611412039948,0.966398553138832,0.9953100573215217,0.9808543052301768,0.9764655131093323,"[0.2203125, 0.25, 0.3640625, 0.42291666666666666]",,,,0
long_rvos/22680d3b50/4/3,long_rvos,22680d3b50,4,3,static,oracle_identity,point,True,0,1,134,1,0.964531052852937,1.0,0.9822655264264686,0.0,0.0,0.0,0.0,,1,[],[],
long_rvos/22680d3b50/4/3,long_rvos,22680d3b50,4,3,static,oracle_identity,point,True,1,3,269,1,0.7818849449204406,0.9728260869565218,0.8773555159384812,0.0,0.0,0.0,0.0,,2,[],[],
long_rvos/22680d3b50/4/3,long_rvos,22680d3b50,4,3,static,oracle_identity,point,True,2,5,404,1,0.9144839718530101,0.9984779299847794,0.9564809509188947,0.0,0.0,0.0,0.0,,3,[],[],
long_rvos/22680d3b50/4/3,long_rvos,22680d3b50,4,3,static,oracle_identity,point,True,3,7,539,1,0.9551345962113659,0.9731876861966235,0.9641611412039948,0.0,0.0,0.0,0.0,,4,[],[],
long_rvos/22680d3b50/4/3,long_rvos,22680d3b50,4,3,static,oracle_identity,box,True,0,1,134,1,0.964531052852937,1.0,0.9822655264264686,0.0,0.0,0.0,0.0,"[0.440625, 0.2916666666666667, 0.175, 0.30833333333333335]",,,,
long_rvos/22680d3b50/4/3,long_rvos,22680d3b50,4,3,static,oracle_identity,box,True,1,3,269,1,0.7818849449204406,0.9728260869565218,0.8773555159384812,0.0,0.0,0.0,0.0,"[0.240625, 0.3875, 0.171875, 0.38958333333333334]",,,,
long_rvos/22680d3b50/4/3,long_rvos,22680d3b50,4,3,static,oracle_identity,box,True,2,5,404,1,0.9144839718530101,0.9984779299847794,0.9564809509188947,0.9187718616401088,1.0,0.9593859308200544,0.9718069629778269,"[0.3828125, 0.3333333333333333, 0.2390625, 0.2875]",,,,0
long_rvos/22680d3b50/4/3,long_rvos,22680d3b50,4,3,static,oracle_identity,box,True,3,7,539,1,0.9551345962113659,0.9731876861966235,0.9641611412039948,0.966398553138832,0.9953100573215217,0.9808543052301768,0.9764655131093323,"[0.2203125, 0.25, 0.3640625, 0.42291666666666666]",,,,0
long_rvos/22680d3b50/4/5,long_rvos,22680d3b50,4,5,static,oracle_identity,point,True,0,1,134,1,0.964531052852937,1.0,0.9822655264264686,0.0,0.0,0.0,0.0,,1,[],[],
long_rvos/22680d3b50/4/5,long_rvos,22680d3b50,4,5,static,oracle_identity,point,True,1,3,269,1,0.7818849449204406,0.9728260869565218,0.8773555159384812,0.0,0.0,0.0,0.0,,2,[],[],
long_rvos/22680d3b50/4/5,long_rvos,22680d3b50,4,5,static,oracle_identity,point,True,2,5,404,1,0.9144839718530101,0.9984779299847794,0.9564809509188947,0.0,0.0,0.0,0.0,,3,[],[],
long_rvos/22680d3b50/4/5,long_rvos,22680d3b50,4,5,static,oracle_identity,point,True,3,7,539,1,0.9551345962113659,0.9731876861966235,0.9641611412039948,0.0,0.0,0.0,0.0,,4,[],[],
long_rvos/22680d3b50/4/5,long_rvos,22680d3b50,4,5,static,oracle_identity,box,True,0,1,134,1,0.964531052852937,1.0,0.9822655264264686,0.0,0.0,0.0,0.0,"[0.440625, 0.2916666666666667, 0.175, 0.30833333333333335]",,,,
long_rvos/22680d3b50/4/5,long_rvos,22680d3b50,4,5,static,oracle_identity,box,True,1,3,269,1,0.7818849449204406,0.9728260869565218,0.8773555159384812,0.0,0.0,0.0,0.0,"[0.240625, 0.3875, 0.171875, 0.38958333333333334]",,,,
long_rvos/22680d3b50/4/5,long_rvos,22680d3b50,4,5,static,oracle_identity,box,True,2,5,404,1,0.9144839718530101,0.9984779299847794,0.9564809509188947,0.9187718616401088,1.0,0.9593859308200544,0.9718069629778269,"[0.3828125, 0.3333333333333333, 0.2390625, 0.2875]",,,,0
long_rvos/22680d3b50/4/5,long_rvos,22680d3b50,4,5,static,oracle_identity,box,True,3,7,539,1,0.9551345962113659,0.9731876861966235,0.9641611412039948,0.966398553138832,0.9953100573215217,0.9808543052301768,0.9764655131093323,"[0.2203125, 0.25, 0.3640625, 0.42291666666666666]",,,,0
long_rvos/b4a5ada352/1/1,long_rvos,b4a5ada352,1,1,dynamic,oracle_identity,point,True,0,1,80,1,0.0,0.0,0.0,0.0,0.0,0.0,1.0,,1,[],[],
long_rvos/b4a5ada352/1/1,long_rvos,b4a5ada352,1,1,dynamic,oracle_identity,point,True,1,3,161,1,0.9317344409459369,0.9188824463258584,0.9253084436358976,0.0,0.0,0.0,0.0,,2,[],[],
long_rvos/b4a5ada352/1/1,long_rvos,b4a5ada352,1,1,dynamic,oracle_identity,point,True,2,5,242,1,1.0,1.0,1.0,1.0,1.0,1.0,1.0,,3,[],[],
long_rvos/b4a5ada352/1/1,long_rvos,b4a5ada352,1,1,dynamic,oracle_identity,point,True,3,7,323,1,0.0,0.0,0.0,0.0,0.0,0.0,1.0,,4,[],[],
long_rvos/b4a5ada352/1/1,long_rvos,b4a5ada352,1,1,dynamic,oracle_identity,box,True,0,1,80,1,0.0,0.0,0.0,0.0,0.0,0.0,1.0,,,,,
long_rvos/b4a5ada352/1/1,long_rvos,b4a5ada352,1,1,dynamic,oracle_identity,box,True,1,3,161,1,0.9317344409459369,0.9188824463258584,0.9253084436358976,0.8506686028922369,0.5726663246060499,0.7116674637491434,0.8701989240585513,"[0.0, 0.0, 0.5710227272727273, 0.5555555555555556]",,,,0
long_rvos/b4a5ada352/1/1,long_rvos,b4a5ada352,1,1,dynamic,oracle_identity,box,True,2,5,242,1,1.0,1.0,1.0,1.0,1.0,1.0,1.0,,,,,
long_rvos/b4a5ada352/1/1,long_rvos,b4a5ada352,1,1,dynamic,oracle_identity,box,True,3,7,323,1,0.0,0.0,0.0,0.0,0.0,0.0,1.0,,,,,
long_rvos/b4a5ada352/1/3,long_rvos,b4a5ada352,1,3,dynamic,oracle_identity,point,True,0,1,80,1,0.0,0.0,0.0,0.0,0.0,0.0,1.0,,1,[],[],
long_rvos/b4a5ada352/1/3,long_rvos,b4a5ada352,1,3,dynamic,oracle_identity,point,True,1,3,161,1,0.9317344409459369,0.9188824463258584,0.9253084436358976,0.0,0.0,0.0,0.0,,2,[],[],
long_rvos/b4a5ada352/1/3,long_rvos,b4a5ada352,1,3,dynamic,oracle_identity,point,True,2,5,242,1,1.0,1.0,1.0,1.0,1.0,1.0,1.0,,3,[],[],
long_rvos/b4a5ada352/1/3,long_rvos,b4a5ada352,1,3,dynamic,oracle_identity,point,True,3,7,323,1,0.0,0.0,0.0,0.0,0.0,0.0,1.0,,4,[],[],
long_rvos/b4a5ada352/1/3,long_rvos,b4a5ada352,1,3,dynamic,oracle_identity,box,True,0,1,80,1,0.0,0.0,0.0,0.0,0.0,0.0,1.0,,,,,
long_rvos/b4a5ada352/1/3,long_rvos,b4a5ada352,1,3,dynamic,oracle_identity,box,True,1,3,161,1,0.9317344409459369,0.9188824463258584,0.9253084436358976,0.8506686028922369,0.5726663246060499,0.7116674637491434,0.8701989240585513,"[0.0, 0.0, 0.5710227272727273, 0.5555555555555556]",,,,0
long_rvos/b4a5ada352/1/3,long_rvos,b4a5ada352,1,3,dynamic,oracle_identity,box,True,2,5,242,1,1.0,1.0,1.0,1.0,1.0,1.0,1.0,,,,,
long_rvos/b4a5ada352/1/3,long_rvos,b4a5ada352,1,3,dynamic,oracle_identity,box,True,3,7,323,1,0.0,0.0,0.0,0.0,0.0,0.0,1.0,,,,,
long_rvos/b4a5ada352/1/9,long_rvos,b4a5ada352,1,9,hybrid,oracle_identity,point,True,0,1,80,1,0.0,0.0,0.0,0.0,0.0,0.0,1.0,,1,[],[],
long_rvos/b4a5ada352/1/9,long_rvos,b4a5ada352,1,9,hybrid,oracle_identity,point,True,1,3,161,1,0.9317344409459369,0.9188824463258584,0.9253084436358976,0.0,0.0,0.0,0.0,,2,[],[],
long_rvos/b4a5ada352/1/9,long_rvos,b4a5ada352,1,9,hybrid,oracle_identity,point,True,2,5,242,1,1.0,1.0,1.0,1.0,1.0,1.0,1.0,,3,[],[],
long_rvos/b4a5ada352/1/9,long_rvos,b4a5ada352,1,9,hybrid,oracle_identity,point,True,3,7,323,1,0.0,0.0,0.0,0.0,0.0,0.0,1.0,,4,[],[],
long_rvos/b4a5ada352/1/9,long_rvos,b4a5ada352,1,9,hybrid,oracle_identity,box,True,0,1,80,1,0.0,0.0,0.0,0.0,0.0,0.0,1.0,,,,,
long_rvos/b4a5ada352/1/9,long_rvos,b4a5ada352,1,9,hybrid,oracle_identity,box,True,1,3,161,1,0.9317344409459369,0.9188824463258584,0.9253084436358976,0.8506686028922369,0.5726663246060499,0.7116674637491434,0.8701989240585513,"[0.0, 0.0, 0.5710227272727273, 0.5555555555555556]",,,,0
long_rvos/b4a5ada352/1/9,long_rvos,b4a5ada352,1,9,hybrid,oracle_identity,box,True,2,5,242,1,1.0,1.0,1.0,1.0,1.0,1.0,1.0,,,,,
long_rvos/b4a5ada352/1/9,long_rvos,b4a5ada352,1,9,hybrid,oracle_identity,box,True,3,7,323,1,0.0,0.0,0.0,0.0,0.0,0.0,1.0,,,,,
long_rvos/b4a5ada352/1/0,long_rvos,b4a5ada352,1,0,static,oracle_identity,point,True,0,1,80,1,0.0,0.0,0.0,0.0,0.0,0.0,1.0,,1,[],[],
long_rvos/b4a5ada352/1/0,long_rvos,b4a5ada352,1,0,static,oracle_identity,point,True,1,3,161,1,0.9317344409459369,0.9188824463258584,0.9253084436358976,0.0,0.0,0.0,0.0,,2,[],[],
long_rvos/b4a5ada352/1/0,long_rvos,b4a5ada352,1,0,static,oracle_identity,point,True,2,5,242,1,1.0,1.0,1.0,1.0,1.0,1.0,1.0,,3,[],[],
long_rvos/b4a5ada352/1/0,long_rvos,b4a5ada352,1,0,static,oracle_identity,point,True,3,7,323,1,0.0,0.0,0.0,0.0,0.0,0.0,1.0,,4,[],[],
long_rvos/b4a5ada352/1/0,long_rvos,b4a5ada352,1,0,static,oracle_identity,box,True,0,1,80,1,0.0,0.0,0.0,0.0,0.0,0.0,1.0,,,,,
long_rvos/b4a5ada352/1/0,long_rvos,b4a5ada352,1,0,static,oracle_identity,box,True,1,3,161,1,0.9317344409459369,0.9188824463258584,0.9253084436358976,0.8506686028922369,0.5726663246060499,0.7116674637491434,0.8701989240585513,"[0.0, 0.0, 0.5710227272727273, 0.5555555555555556]",,,,0
long_rvos/b4a5ada352/1/0,long_rvos,b4a5ada352,1,0,static,oracle_identity,box,True,2,5,242,1,1.0,1.0,1.0,1.0,1.0,1.0,1.0,,,,,
long_rvos/b4a5ada352/1/0,long_rvos,b4a5ada352,1,0,static,oracle_identity,box,True,3,7,323,1,0.0,0.0,0.0,0.0,0.0,0.0,1.0,,,,,
long_rvos/b4a5ada352/1/2,long_rvos,b4a5ada352,1,2,static,oracle_identity,point,True,0,1,80,1,0.0,0.0,0.0,0.0,0.0,0.0,1.0,,1,[],[],
long_rvos/b4a5ada352/1/2,long_rvos,b4a5ada352,1,2,static,oracle_identity,point,True,1,3,161,1,0.9317344409459369,0.9188824463258584,0.9253084436358976,0.0,0.0,0.0,0.0,,2,[],[],
long_rvos/b4a5ada352/1/2,long_rvos,b4a5ada352,1,2,static,oracle_identity,point,True,2,5,242,1,1.0,1.0,1.0,1.0,1.0,1.0,1.0,,3,[],[],
long_rvos/b4a5ada352/1/2,long_rvos,b4a5ada352,1,2,static,oracle_identity,point,True,3,7,323,1,0.0,0.0,0.0,0.0,0.0,0.0,1.0,,4,[],[],
long_rvos/b4a5ada352/1/2,long_rvos,b4a5ada352,1,2,static,oracle_identity,box,True,0,1,80,1,0.0,0.0,0.0,0.0,0.0,0.0,1.0,,,,,
long_rvos/b4a5ada352/1/2,long_rvos,b4a5ada352,1,2,static,oracle_identity,box,True,1,3,161,1,0.9317344409459369,0.9188824463258584,0.9253084436358976,0.8506686028922369,0.5726663246060499,0.7116674637491434,0.8701989240585513,"[0.0, 0.0, 0.5710227272727273, 0.5555555555555556]",,,,0
long_rvos/b4a5ada352/1/2,long_rvos,b4a5ada352,1,2,static,oracle_identity,box,True,2,5,242,1,1.0,1.0,1.0,1.0,1.0,1.0,1.0,,,,,
long_rvos/b4a5ada352/1/2,long_rvos,b4a5ada352,1,2,static,oracle_identity,box,True,3,7,323,1,0.0,0.0,0.0,0.0,0.0,0.0,1.0,,,,,
long_rvos/5d2c735adb/1/1,long_rvos,5d2c735adb,1,1,dynamic,oracle_identity,point,True,0,1,58,3,0.0,0.0,0.0,1.0,1.0,1.0,0.0,,1,[],[],
long_rvos/5d2c735adb/1/1,long_rvos,5d2c735adb,1,1,dynamic,oracle_identity,point,True,1,3,117,3,0.989373385512537,1.0,0.9946866927562685,0.0,0.0,0.0,0.0,,2,[],[],
long_rvos/5d2c735adb/1/1,long_rvos,5d2c735adb,1,1,dynamic,oracle_identity,point,True,2,5,175,3,1.0,1.0,1.0,1.0,1.0,1.0,1.0,,3,[],[],
long_rvos/5d2c735adb/1/1,long_rvos,5d2c735adb,1,1,dynamic,oracle_identity,point,True,3,7,234,3,0.0,0.0,0.0,0.0,0.0,0.0,1.0,,4,[],[],
long_rvos/5d2c735adb/1/1,long_rvos,5d2c735adb,1,1,dynamic,oracle_identity,box,True,0,1,58,3,0.0,0.0,0.0,0.0,0.0,0.0,0.8919871794871795,"[0.51328125, 0.5180555555555556, 0.0328125, 0.18611111111111112]",,,,0
long_rvos/5d2c735adb/1/1,long_rvos,5d2c735adb,1,1,dynamic,oracle_identity,box,True,1,3,117,3,0.989373385512537,1.0,0.9946866927562685,0.9688093680899437,0.9528222409435552,0.9608158045167494,0.9660853766479804,"[0.11640625, 0.5097222222222222, 0.21015625, 0.49027777777777776]",,,,0
long_rvos/5d2c735adb/1/1,long_rvos,5d2c735adb,1,1,dynamic,oracle_identity,box,True,2,5,175,3,1.0,1.0,1.0,1.0,1.0,1.0,1.0,,,,,
long_rvos/5d2c735adb/1/1,long_rvos,5d2c735adb,1,1,dynamic,oracle_identity,box,True,3,7,234,3,0.0,0.0,0.0,0.0,0.0,0.0,1.0,,,,,
long_rvos/5d2c735adb/1/8,long_rvos,5d2c735adb,1,8,hybrid,oracle_identity,point,True,0,1,58,3,0.0,0.0,0.0,1.0,1.0,1.0,0.0,,1,[],[],
long_rvos/5d2c735adb/1/8,long_rvos,5d2c735adb,1,8,hybrid,oracle_identity,point,True,1,3,117,3,0.989373385512537,1.0,0.9946866927562685,0.0,0.0,0.0,0.0,,2,[],[],
long_rvos/5d2c735adb/1/8,long_rvos,5d2c735adb,1,8,hybrid,oracle_identity,point,True,2,5,175,3,1.0,1.0,1.0,1.0,1.0,1.0,1.0,,3,[],[],
long_rvos/5d2c735adb/1/8,long_rvos,5d2c735adb,1,8,hybrid,oracle_identity,point,True,3,7,234,3,0.0,0.0,0.0,0.0,0.0,0.0,1.0,,4,[],[],
long_rvos/5d2c735adb/1/8,long_rvos,5d2c735adb,1,8,hybrid,oracle_identity,box,True,0,1,58,3,0.0,0.0,0.0,0.0,0.0,0.0,0.8919871794871795,"[0.51328125, 0.5180555555555556, 0.0328125, 0.18611111111111112]",,,,0
long_rvos/5d2c735adb/1/8,long_rvos,5d2c735adb,1,8,hybrid,oracle_identity,box,True,1,3,117,3,0.989373385512537,1.0,0.9946866927562685,0.9688093680899437,0.9528222409435552,0.9608158045167494,0.9660853766479804,"[0.11640625, 0.5097222222222222, 0.21015625, 0.49027777777777776]",,,,0
long_rvos/5d2c735adb/1/8,long_rvos,5d2c735adb,1,8,hybrid,oracle_identity,box,True,2,5,175,3,1.0,1.0,1.0,1.0,1.0,1.0,1.0,,,,,
long_rvos/5d2c735adb/1/8,long_rvos,5d2c735adb,1,8,hybrid,oracle_identity,box,True,3,7,234,3,0.0,0.0,0.0,0.0,0.0,0.0,1.0,,,,,
long_rvos/5d2c735adb/1/0,long_rvos,5d2c735adb,1,0,static,oracle_identity,point,True,0,1,58,3,0.0,0.0,0.0,1.0,1.0,1.0,0.0,,1,[],[],
long_rvos/5d2c735adb/1/0,long_rvos,5d2c735adb,1,0,static,oracle_identity,point,True,1,3,117,3,0.989373385512537,1.0,0.9946866927562685,0.0,0.0,0.0,0.0,,2,[],[],
long_rvos/5d2c735adb/1/0,long_rvos,5d2c735adb,1,0,static,oracle_identity,point,True,2,5,175,3,1.0,1.0,1.0,1.0,1.0,1.0,1.0,,3,[],[],
long_rvos/5d2c735adb/1/0,long_rvos,5d2c735adb,1,0,static,oracle_identity,point,True,3,7,234,3,0.0,0.0,0.0,0.0,0.0,0.0,1.0,,4,[],[],
long_rvos/5d2c735adb/1/0,long_rvos,5d2c735adb,1,0,static,oracle_identity,box,True,0,1,58,3,0.0,0.0,0.0,0.0,0.0,0.0,0.8919871794871795,"[0.51328125, 0.5180555555555556, 0.0328125, 0.18611111111111112]",,,,0
long_rvos/5d2c735adb/1/0,long_rvos,5d2c735adb,1,0,static,oracle_identity,box,True,1,3,117,3,0.989373385512537,1.0,0.9946866927562685,0.9688093680899437,0.9528222409435552,0.9608158045167494,0.9660853766479804,"[0.11640625, 0.5097222222222222, 0.21015625, 0.49027777777777776]",,,,0
long_rvos/5d2c735adb/1/0,long_rvos,5d2c735adb,1,0,static,oracle_identity,box,True,2,5,175,3,1.0,1.0,1.0,1.0,1.0,1.0,1.0,,,,,
long_rvos/5d2c735adb/1/0,long_rvos,5d2c735adb,1,0,static,oracle_identity,box,True,3,7,234,3,0.0,0.0,0.0,0.0,0.0,0.0,1.0,,,,,
long_rvos/6bf32cc0d5/2/6,long_rvos,6bf32cc0d5,2,6,dynamic,oracle_identity,point,True,0,1,112,3,0.0,0.0,0.0,0.0,0.0,0.0,1.0,,1,[],[],
long_rvos/6bf32cc0d5/2/6,long_rvos,6bf32cc0d5,2,6,dynamic,oracle_identity,point,True,1,3,224,3,1.0,1.0,1.0,1.0,1.0,1.0,1.0,,2,[],[],
long_rvos/6bf32cc0d5/2/6,long_rvos,6bf32cc0d5,2,6,dynamic,oracle_identity,point,True,2,5,336,3,0.8323677513671558,0.3541559582619088,0.5932618548145323,0.0,0.0,0.0,0.0,,3,[],[],
long_rvos/6bf32cc0d5/2/6,long_rvos,6bf32cc0d5,2,6,dynamic,oracle_identity,point,True,3,7,449,3,0.9601635470197681,0.9525754897057892,0.9563695183627787,0.0,0.0,0.0,0.0,,4,[],[],
long_rvos/6bf32cc0d5/2/6,long_rvos,6bf32cc0d5,2,6,dynamic,oracle_identity,box,True,0,1,112,3,0.0,0.0,0.0,0.0,0.0,0.0,1.0,,,,,
long_rvos/6bf32cc0d5/2/6,long_rvos,6bf32cc0d5,2,6,dynamic,oracle_identity,box,True,1,3,224,3,1.0,1.0,1.0,1.0,1.0,1.0,1.0,,,,,
long_rvos/6bf32cc0d5/2/6,long_rvos,6bf32cc0d5,2,6,dynamic,oracle_identity,box,True,2,5,336,3,0.8323677513671558,0.3541559582619088,0.5932618548145323,0.8329794184906893,0.38969252827783973,0.6113359733842645,0.984354113501033,"[0.0, 0.33958333333333335, 0.296875, 0.5416666666666666]",,,,0
long_rvos/6bf32cc0d5/2/6,long_rvos,6bf32cc0d5,2,6,dynamic,oracle_identity,box,True,3,7,449,3,0.9601635470197681,0.9525754897057892,0.9563695183627787,0.9579141012163989,0.9581027372435229,0.9580084192299609,0.9771272082079765,"[0.0, 0.6666666666666666, 0.4546875, 0.3333333333333333]",,,,0
long_rvos/6bf32cc0d5/2/12,long_rvos,6bf32cc0d5,2,12,hybrid,oracle_identity,point,True,0,1,112,12,0.0,0.0,0.0,0.0,0.0,0.0,1.0,,1,[],[],
long_rvos/6bf32cc0d5/2/12,long_rvos,6bf32cc0d5,2,12,hybrid,oracle_identity,point,True,1,3,224,12,1.0,1.0,1.0,1.0,1.0,1.0,1.0,,2,[],[],
long_rvos/6bf32cc0d5/2/12,long_rvos,6bf32cc0d5,2,12,hybrid,oracle_identity,point,True,2,5,336,12,0.8311008676789587,0.36060705317174363,0.5958539604253512,0.0,0.0,0.0,0.0,,3,[],[],
long_rvos/6bf32cc0d5/2/12,long_rvos,6bf32cc0d5,2,12,hybrid,oracle_identity,point,True,3,7,449,12,0.48447789275634995,0.2594728546569365,0.37197537370664324,0.0,0.0,0.0,0.0,,4,[],[],
long_rvos/6bf32cc0d5/2/12,long_rvos,6bf32cc0d5,2,12,hybrid,oracle_identity,box,True,0,1,112,12,0.0,0.0,0.0,0.0,0.0,0.0,1.0,,,,,
long_rvos/6bf32cc0d5/2/12,long_rvos,6bf32cc0d5,2,12,hybrid,oracle_identity,box,True,1,3,224,12,1.0,1.0,1.0,1.0,1.0,1.0,1.0,,,,,
long_rvos/6bf32cc0d5/2/12,long_rvos,6bf32cc0d5,2,12,hybrid,oracle_identity,box,True,2,5,336,12,0.8311008676789587,0.36060705317174363,0.5958539604253512,0.8326117147291888,0.38953710613976006,0.6110744104344744,0.9876106194690265,"[0.0, 0.3416666666666667, 0.2953125, 0.5395833333333333]",,,,0
long_rvos/6bf32cc0d5/2/12,long_rvos,6bf32cc0d5,2,12,hybrid,oracle_identity,box,True,3,7,449,12,0.48447789275634995,0.2594728546569365,0.37197537370664324,0.0,0.0,0.0,0.0,"[0.0, 0.775, 0.3390625, 0.225]",,,,
long_rvos/6bf32cc0d5/2/4,long_rvos,6bf32cc0d5,2,4,static,oracle_identity,point,True,0,1,112,12,0.0,0.0,0.0,0.0,0.0,0.0,1.0,,1,[],[],
long_rvos/6bf32cc0d5/2/4,long_rvos,6bf32cc0d5,2,4,static,oracle_identity,point,True,1,3,224,12,1.0,1.0,1.0,1.0,1.0,1.0,1.0,,2,[],[],
long_rvos/6bf32cc0d5/2/4,long_rvos,6bf32cc0d5,2,4,static,oracle_identity,point,True,2,5,336,12,0.8311008676789587,0.36060705317174363,0.5958539604253512,0.0,0.0,0.0,0.0,,3,[],[],
long_rvos/6bf32cc0d5/2/4,long_rvos,6bf32cc0d5,2,4,static,oracle_identity,point,True,3,7,449,12,0.48447789275634995,0.2594728546569365,0.37197537370664324,0.0,0.0,0.0,0.0,,4,[],[],
long_rvos/6bf32cc0d5/2/4,long_rvos,6bf32cc0d5,2,4,static,oracle_identity,box,True,0,1,112,12,0.0,0.0,0.0,0.0,0.0,0.0,1.0,,,,,
long_rvos/6bf32cc0d5/2/4,long_rvos,6bf32cc0d5,2,4,static,oracle_identity,box,True,1,3,224,12,1.0,1.0,1.0,1.0,1.0,1.0,1.0,,,,,
long_rvos/6bf32cc0d5/2/4,long_rvos,6bf32cc0d5,2,4,static,oracle_identity,box,True,2,5,336,12,0.8311008676789587,0.36060705317174363,0.5958539604253512,0.8326117147291888,0.38953710613976006,0.6110744104344744,0.9876106194690265,"[0.0, 0.3416666666666667, 0.2953125, 0.5395833333333333]",,,,0
long_rvos/6bf32cc0d5/2/4,long_rvos,6bf32cc0d5,2,4,static,oracle_identity,box,True,3,7,449,12,0.48447789275634995,0.2594728546569365,0.37197537370664324,0.0,0.0,0.0,0.0,"[0.0, 0.775, 0.3390625, 0.225]",,,,
long_rvos/6bf32cc0d5/2/5,long_rvos,6bf32cc0d5,2,5,static,oracle_identity,point,True,0,1,112,12,0.0,0.0,0.0,0.0,0.0,0.0,1.0,,1,[],[],
long_rvos/6bf32cc0d5/2/5,long_rvos,6bf32cc0d5,2,5,static,oracle_identity,point,True,1,3,224,12,1.0,1.0,1.0,1.0,1.0,1.0,1.0,,2,[],[],
long_rvos/6bf32cc0d5/2/5,long_rvos,6bf32cc0d5,2,5,static,oracle_identity,point,True,2,5,336,12,0.8311008676789587,0.36060705317174363,0.5958539604253512,0.0,0.0,0.0,0.0,,3,[],[],
long_rvos/6bf32cc0d5/2/5,long_rvos,6bf32cc0d5,2,5,static,oracle_identity,point,True,3,7,449,12,0.48447789275634995,0.2594728546569365,0.37197537370664324,0.0,0.0,0.0,0.0,,4,[],[],
long_rvos/6bf32cc0d5/2/5,long_rvos,6bf32cc0d5,2,5,static,oracle_identity,box,True,0,1,112,12,0.0,0.0,0.0,0.0,0.0,0.0,1.0,,,,,
long_rvos/6bf32cc0d5/2/5,long_rvos,6bf32cc0d5,2,5,static,oracle_identity,box,True,1,3,224,12,1.0,1.0,1.0,1.0,1.0,1.0,1.0,,,,,
long_rvos/6bf32cc0d5/2/5,long_rvos,6bf32cc0d5,2,5,static,oracle_identity,box,True,2,5,336,12,0.8311008676789587,0.36060705317174363,0.5958539604253512,0.8326117147291888,0.38953710613976006,0.6110744104344744,0.9876106194690265,"[0.0, 0.3416666666666667, 0.2953125, 0.5395833333333333]",,,,0
long_rvos/6bf32cc0d5/2/5,long_rvos,6bf32cc0d5,2,5,static,oracle_identity,box,True,3,7,449,12,0.48447789275634995,0.2594728546569365,0.37197537370664324,0.0,0.0,0.0,0.0,"[0.0, 0.775, 0.3390625, 0.225]",,,,
long_rvos/31a352c169/1/1,long_rvos,31a352c169,1,1,dynamic,oracle_identity,point,True,0,1,83,0,0.8561791202232062,0.5532619973055423,0.7047205587643742,0.0,0.0,0.0,0.0,,1,[],[],
long_rvos/31a352c169/1/1,long_rvos,31a352c169,1,1,dynamic,oracle_identity,point,True,1,3,166,0,0.9046549449850875,0.8634802585918567,0.8840676017884721,0.0,0.0,0.0,0.0,,2,[],[],
long_rvos/31a352c169/1/1,long_rvos,31a352c169,1,1,dynamic,oracle_identity,point,True,2,5,249,0,0.901598485688359,0.6800732490521949,0.7908358673702769,0.0,0.0,0.0,0.0,,3,[],[],
long_rvos/31a352c169/1/1,long_rvos,31a352c169,1,1,dynamic,oracle_identity,point,True,3,7,333,0,0.9502844154750881,0.8850420640887086,0.9176632397818983,0.0,0.0,0.0,0.0,,4,[],[],
long_rvos/31a352c169/1/1,long_rvos,31a352c169,1,1,dynamic,oracle_identity,box,True,0,1,83,0,0.8561791202232062,0.5532619973055423,0.7047205587643742,0.8586858498550162,0.5563309781369148,0.7075084139959655,0.9369438317945579,"[0.0, 0.27152899824253074, 0.7453125, 0.5711775043936731]",,,,0
long_rvos/31a352c169/1/1,long_rvos,31a352c169,1,1,dynamic,oracle_identity,box,True,1,3,166,0,0.9046549449850875,0.8634802585918567,0.8840676017884721,0.6722188229428695,0.33896150433417516,0.5055901636385223,0.650592868340669,"[0.0, 0.27943760984182775, 0.9671875, 0.7117750439367311]",,,,0
long_rvos/31a352c169/1/1,long_rvos,31a352c169,1,1,dynamic,oracle_identity,box,True,2,5,249,0,0.901598485688359,0.6800732490521949,0.7908358673702769,0.8306014368684326,0.3726721651463211,0.6016368010073768,0.8821020826588971,"[0.0, 0.29525483304042177, 1.0, 0.6669595782073814]",,,,0
long_rvos/31a352c169/1/1,long_rvos,31a352c169,1,1,dynamic,oracle_identity,box,True,3,7,333,0,0.9502844154750881,0.8850420640887086,0.9176632397818983,0.7313332238313972,0.40641238347570674,0.568872803653552,0.7584089851024208,"[0.0, 0.3022847100175747, 0.725, 0.6731107205623902]",,,,0
long_rvos/31a352c169/1/3,long_rvos,31a352c169,1,3,dynamic,oracle_identity,point,True,0,1,83,0,0.8561791202232062,0.5532619973055423,0.7047205587643742,0.0,0.0,0.0,0.0,,1,[],[],
long_rvos/31a352c169/1/3,long_rvos,31a352c169,1,3,dynamic,oracle_identity,point,True,1,3,166,0,0.9046549449850875,0.8634802585918567,0.8840676017884721,0.0,0.0,0.0,0.0,,2,[],[],
long_rvos/31a352c169/1/3,long_rvos,31a352c169,1,3,dynamic,oracle_identity,point,True,2,5,249,0,0.901598485688359,0.6800732490521949,0.7908358673702769,0.0,0.0,0.0,0.0,,3,[],[],
long_rvos/31a352c169/1/3,long_rvos,31a352c169,1,3,dynamic,oracle_identity,point,True,3,7,333,0,0.9502844154750881,0.8850420640887086,0.9176632397818983,0.0,0.0,0.0,0.0,,4,[],[],
long_rvos/31a352c169/1/3,long_rvos,31a352c169,1,3,dynamic,oracle_identity,box,True,0,1,83,0,0.8561791202232062,0.5532619973055423,0.7047205587643742,0.8586858498550162,0.5563309781369148,0.7075084139959655,0.9369438317945579,"[0.0, 0.27152899824253074, 0.7453125, 0.5711775043936731]",,,,0
long_rvos/31a352c169/1/3,long_rvos,31a352c169,1,3,dynamic,oracle_identity,box,True,1,3,166,0,0.9046549449850875,0.8634802585918567,0.8840676017884721,0.6722188229428695,0.33896150433417516,0.5055901636385223,0.650592868340669,"[0.0, 0.27943760984182775, 0.9671875, 0.7117750439367311]",,,,0
long_rvos/31a352c169/1/3,long_rvos,31a352c169,1,3,dynamic,oracle_identity,box,True,2,5,249,0,0.901598485688359,0.6800732490521949,0.7908358673702769,0.8306014368684326,0.3726721651463211,0.6016368010073768,0.8821020826588971,"[0.0, 0.29525483304042177, 1.0, 0.6669595782073814]",,,,0
long_rvos/31a352c169/1/3,long_rvos,31a352c169,1,3,dynamic,oracle_identity,box,True,3,7,333,0,0.9502844154750881,0.8850420640887086,0.9176632397818983,0.7313332238313972,0.40641238347570674,0.568872803653552,0.7584089851024208,"[0.0, 0.3022847100175747, 0.725, 0.6731107205623902]",,,,0
long_rvos/31a352c169/1/10,long_rvos,31a352c169,1,10,hybrid,oracle_identity,point,True,0,1,83,0,0.0,0.0,0.0,0.0,0.0,0.0,1.0,,1,[],[],
long_rvos/31a352c169/1/10,long_rvos,31a352c169,1,10,hybrid,oracle_identity,point,True,1,3,166,0,0.0,0.0,0.0,0.0,0.0,0.0,1.0,,2,[],[],
long_rvos/31a352c169/1/10,long_rvos,31a352c169,1,10,hybrid,oracle_identity,point,True,2,5,249,0,0.0,0.0,0.0,0.0,0.0,0.0,1.0,,3,[],[],
long_rvos/31a352c169/1/10,long_rvos,31a352c169,1,10,hybrid,oracle_identity,point,True,3,7,333,0,0.0,0.0,0.0,0.0,0.0,0.0,1.0,,4,[],[],
long_rvos/31a352c169/1/10,long_rvos,31a352c169,1,10,hybrid,oracle_identity,box,True,0,1,83,0,0.0,0.0,0.0,0.0,0.0,0.0,1.0,,,,,
long_rvos/31a352c169/1/10,long_rvos,31a352c169,1,10,hybrid,oracle_identity,box,True,1,3,166,0,0.0,0.0,0.0,0.0,0.0,0.0,1.0,,,,,
long_rvos/31a352c169/1/10,long_rvos,31a352c169,1,10,hybrid,oracle_identity,box,True,2,5,249,0,0.0,0.0,0.0,0.0,0.0,0.0,1.0,,,,,
long_rvos/31a352c169/1/10,long_rvos,31a352c169,1,10,hybrid,oracle_identity,box,True,3,7,333,0,0.0,0.0,0.0,0.0,0.0,0.0,1.0,,,,,
long_rvos/31a352c169/1/0,long_rvos,31a352c169,1,0,static,oracle_identity,point,True,0,1,83,,0.0,0.0,0.0,0.0,0.0,0.0,1.0,,1,[],[],
long_rvos/31a352c169/1/0,long_rvos,31a352c169,1,0,static,oracle_identity,point,True,1,3,166,,0.0,0.0,0.0,0.0,0.0,0.0,1.0,,2,[],[],
long_rvos/31a352c169/1/0,long_rvos,31a352c169,1,0,static,oracle_identity,point,True,2,5,249,,0.0,0.0,0.0,0.0,0.0,0.0,1.0,,3,[],[],
long_rvos/31a352c169/1/0,long_rvos,31a352c169,1,0,static,oracle_identity,point,True,3,7,333,,0.0,0.0,0.0,0.0,0.0,0.0,1.0,,4,[],[],
long_rvos/31a352c169/1/0,long_rvos,31a352c169,1,0,static,oracle_identity,box,True,0,1,83,,0.0,0.0,0.0,0.0,0.0,0.0,1.0,,,,,
long_rvos/31a352c169/1/0,long_rvos,31a352c169,1,0,static,oracle_identity,box,True,1,3,166,,0.0,0.0,0.0,0.0,0.0,0.0,1.0,,,,,
long_rvos/31a352c169/1/0,long_rvos,31a352c169,1,0,static,oracle_identity,box,True,2,5,249,,0.0,0.0,0.0,0.0,0.0,0.0,1.0,,,,,
long_rvos/31a352c169/1/0,long_rvos,31a352c169,1,0,static,oracle_identity,box,True,3,7,333,,0.0,0.0,0.0,0.0,0.0,0.0,1.0,,,,,
long_rvos/31a352c169/1/2,long_rvos,31a352c169,1,2,static,oracle_identity,point,True,0,1,83,1,0.0,0.0,0.0,0.0,0.0,0.0,1.0,,1,[],[],
long_rvos/31a352c169/1/2,long_rvos,31a352c169,1,2,static,oracle_identity,point,True,1,3,166,1,0.9061135024380946,0.8551468953589582,0.8806301988985263,0.0,0.0,0.0,0.0,,2,[],[],
long_rvos/31a352c169/1/2,long_rvos,31a352c169,1,2,static,oracle_identity,point,True,2,5,249,1,0.9012078704807637,0.6749972515588771,0.7881025610198205,0.0,0.0,0.0,0.0,,3,[],[],
long_rvos/31a352c169/1/2,long_rvos,31a352c169,1,2,static,oracle_identity,point,True,3,7,333,1,0.9472084754720608,0.8825829809324629,0.9148957282022618,0.0,0.0,0.0,0.0,,4,[],[],
long_rvos/31a352c169/1/2,long_rvos,31a352c169,1,2,static,oracle_identity,box,True,0,1,83,1,0.0,0.0,0.0,0.0,0.0,0.0,1.0,,,,,
long_rvos/31a352c169/1/2,long_rvos,31a352c169,1,2,static,oracle_identity,box,True,1,3,166,1,0.9061135024380946,0.8551468953589582,0.8806301988985263,0.6229670709393818,0.2992842233093721,0.4611256471243769,0.6029638628044356,"[0.0, 0.27943760984182775, 0.9671875, 0.7082601054481547]",,,,0
long_rvos/31a352c169/1/2,long_rvos,31a352c169,1,2,static,oracle_identity,box,True,2,5,249,1,0.9012078704807637,0.6749972515588771,0.7881025610198205,0.8283944451672199,0.36649280920711624,0.5974436271871681,0.8825291815316407,"[0.0, 0.29437609841827767, 1.0, 0.6669595782073814]",,,,0
long_rvos/31a352c169/1/2,long_rvos,31a352c169,1,2,static,oracle_identity,box,True,3,7,333,1,0.9472084754720608,0.8825829809324629,0.9148957282022618,0.7598698158398368,0.4064493604474527,0.5831595881436448,0.7905474368580345,"[0.0, 0.3022847100175747, 0.725, 0.6695957820738138]",,,,0
long_rvos/882e8c62d3/2/3,long_rvos,882e8c62d3,2,3,dynamic,oracle_identity,point,True,0,1,107,8,1.0,1.0,1.0,1.0,1.0,1.0,1.0,,1,[],[],
long_rvos/882e8c62d3/2/3,long_rvos,882e8c62d3,2,3,dynamic,oracle_identity,point,True,1,3,215,8,0.649387370405278,0.6419724487005534,0.6456799095529158,0.0,0.0,0.0,0.0,,2,[],[],
long_rvos/882e8c62d3/2/3,long_rvos,882e8c62d3,2,3,dynamic,oracle_identity,point,True,2,5,323,8,0.0,0.0,0.0,0.0,0.0,0.0,1.0,,3,[],[],
long_rvos/882e8c62d3/2/3,long_rvos,882e8c62d3,2,3,dynamic,oracle_identity,point,True,3,7,431,8,0.0,0.0,0.0,0.0,0.0,0.0,1.0,,4,[],[],
long_rvos/882e8c62d3/2/3,long_rvos,882e8c62d3,2,3,dynamic,oracle_identity,box,True,0,1,107,8,1.0,1.0,1.0,1.0,1.0,1.0,1.0,,,,,
long_rvos/882e8c62d3/2/3,long_rvos,882e8c62d3,2,3,dynamic,oracle_identity,box,True,1,3,215,8,0.649387370405278,0.6419724487005534,0.6456799095529158,0.3243667339161623,0.31489532618654703,0.3196310300513546,0.2815968659639959,"[0.33238636363636365, 0.10416666666666667, 0.4090909090909091, 0.8472222222222222]",,,,0
long_rvos/882e8c62d3/2/3,long_rvos,882e8c62d3,2,3,dynamic,oracle_identity,box,True,2,5,323,8,0.0,0.0,0.0,0.0,0.0,0.0,1.0,,,,,
long_rvos/882e8c62d3/2/3,long_rvos,882e8c62d3,2,3,dynamic,oracle_identity,box,True,3,7,431,8,0.0,0.0,0.0,0.0,0.0,0.0,1.0,,,,,
long_rvos/882e8c62d3/2/7,long_rvos,882e8c62d3,2,7,hybrid,oracle_identity,point,True,0,1,107,2,1.0,1.0,1.0,1.0,1.0,1.0,1.0,,1,[],[],
long_rvos/882e8c62d3/2/7,long_rvos,882e8c62d3,2,7,hybrid,oracle_identity,point,True,1,3,215,2,0.0,0.0,0.0,0.0,0.0,0.0,1.0,,2,[],[],
long_rvos/882e8c62d3/2/7,long_rvos,882e8c62d3,2,7,hybrid,oracle_identity,point,True,2,5,323,2,0.0,0.0,0.0,0.0,0.0,0.0,1.0,,3,[],[],
long_rvos/882e8c62d3/2/7,long_rvos,882e8c62d3,2,7,hybrid,oracle_identity,point,True,3,7,431,2,0.0,0.0,0.0,0.0,0.0,0.0,1.0,,4,[],[],
long_rvos/882e8c62d3/2/7,long_rvos,882e8c62d3,2,7,hybrid,oracle_identity,box,True,0,1,107,2,1.0,1.0,1.0,1.0,1.0,1.0,1.0,,,,,
long_rvos/882e8c62d3/2/7,long_rvos,882e8c62d3,2,7,hybrid,oracle_identity,box,True,1,3,215,2,0.0,0.0,0.0,0.0,0.0,0.0,1.0,,,,,
long_rvos/882e8c62d3/2/7,long_rvos,882e8c62d3,2,7,hybrid,oracle_identity,box,True,2,5,323,2,0.0,0.0,0.0,0.0,0.0,0.0,1.0,,,,,
long_rvos/882e8c62d3/2/7,long_rvos,882e8c62d3,2,7,hybrid,oracle_identity,box,True,3,7,431,2,0.0,0.0,0.0,0.0,0.0,0.0,1.0,,,,,
long_rvos/882e8c62d3/2/2,long_rvos,882e8c62d3,2,2,static,oracle_identity,point,True,0,1,107,2,1.0,1.0,1.0,1.0,1.0,1.0,1.0,,1,[],[],
long_rvos/882e8c62d3/2/2,long_rvos,882e8c62d3,2,2,static,oracle_identity,point,True,1,3,215,2,0.0,0.0,0.0,0.0,0.0,0.0,1.0,,2,[],[],
long_rvos/882e8c62d3/2/2,long_rvos,882e8c62d3,2,2,static,oracle_identity,point,True,2,5,323,2,0.0,0.0,0.0,0.0,0.0,0.0,1.0,,3,[],[],
long_rvos/882e8c62d3/2/2,long_rvos,882e8c62d3,2,2,static,oracle_identity,point,True,3,7,431,2,0.0,0.0,0.0,0.0,0.0,0.0,1.0,,4,[],[],
long_rvos/882e8c62d3/2/2,long_rvos,882e8c62d3,2,2,static,oracle_identity,box,True,0,1,107,2,1.0,1.0,1.0,1.0,1.0,1.0,1.0,,,,,
long_rvos/882e8c62d3/2/2,long_rvos,882e8c62d3,2,2,static,oracle_identity,box,True,1,3,215,2,0.0,0.0,0.0,0.0,0.0,0.0,1.0,,,,,
long_rvos/882e8c62d3/2/2,long_rvos,882e8c62d3,2,2,static,oracle_identity,box,True,2,5,323,2,0.0,0.0,0.0,0.0,0.0,0.0,1.0,,,,,
long_rvos/882e8c62d3/2/2,long_rvos,882e8c62d3,2,2,static,oracle_identity,box,True,3,7,431,2,0.0,0.0,0.0,0.0,0.0,0.0,1.0,,,,,
long_rvos/2cfdc294c5/1/1,long_rvos,2cfdc294c5,1,1,dynamic,oracle_identity,point,True,0,1,102,0,0.920553562275756,0.8635069138282607,0.8920302380520084,0.0,0.0,0.0,0.0,,1,[],[],
long_rvos/2cfdc294c5/1/1,long_rvos,2cfdc294c5,1,1,dynamic,oracle_identity,point,True,1,3,204,0,0.9170361893863539,0.9406879018310454,0.9288620456086997,0.0,0.0,0.0,0.0,,2,[],[],
long_rvos/2cfdc294c5/1/1,long_rvos,2cfdc294c5,1,1,dynamic,oracle_identity,point,True,2,5,306,0,0.9857601241532622,0.9714896650035638,0.9786248945784131,0.0,0.0,0.0,0.0,,3,[],[],
long_rvos/2cfdc294c5/1/1,long_rvos,2cfdc294c5,1,1,dynamic,oracle_identity,point,True,3,7,409,0,1.0,1.0,1.0,1.0,1.0,1.0,1.0,,4,[],[],
long_rvos/2cfdc294c5/1/1,long_rvos,2cfdc294c5,1,1,dynamic,oracle_identity,box,True,0,1,102,0,0.920553562275756,0.8635069138282607,0.8920302380520084,0.9005809043682985,0.8323683237686579,0.8664746140684783,0.9609669001510781,"[0.5734375, 0.0, 0.4265625, 0.9361111111111111]",,,,0
long_rvos/2cfdc294c5/1/1,long_rvos,2cfdc294c5,1,1,dynamic,oracle_identity,box,True,1,3,204,0,0.9170361893863539,0.9406879018310454,0.9288620456086997,0.9387009472259811,0.9097988319273199,0.9242498895766504,0.8721411605022056,"[0.7, 0.5083333333333333, 0.3, 0.49166666666666664]",,,,0
long_rvos/2cfdc294c5/1/1,long_rvos,2cfdc294c5,1,1,dynamic,oracle_identity,box,True,2,5,306,0,0.9857601241532622,0.9714896650035638,0.9786248945784131,0.0,0.0,0.0,0.0,"[0.515625, 0.0, 0.484375, 1.0]",,,,
long_rvos/2cfdc294c5/1/1,long_rvos,2cfdc294c5,1,1,dynamic,oracle_identity,box,True,3,7,409,0,1.0,1.0,1.0,1.0,1.0,1.0,1.0,,,,,
long_rvos/2cfdc294c5/1/3,long_rvos,2cfdc294c5,1,3,dynamic,oracle_identity,point,True,0,1,102,0,0.920553562275756,0.8635069138282607,0.8920302380520084,0.0,0.0,0.0,0.0,,1,[],[],
long_rvos/2cfdc294c5/1/3,long_rvos,2cfdc294c5,1,3,dynamic,oracle_identity,point,True,1,3,204,0,0.9170361893863539,0.9406879018310454,0.9288620456086997,0.0,0.0,0.0,0.0,,2,[],[],
long_rvos/2cfdc294c5/1/3,long_rvos,2cfdc294c5,1,3,dynamic,oracle_identity,point,True,2,5,306,0,0.9857601241532622,0.9714896650035638,0.9786248945784131,0.0,0.0,0.0,0.0,,3,[],[],
long_rvos/2cfdc294c5/1/3,long_rvos,2cfdc294c5,1,3,dynamic,oracle_identity,point,True,3,7,409,0,1.0,1.0,1.0,1.0,1.0,1.0,1.0,,4,[],[],
long_rvos/2cfdc294c5/1/3,long_rvos,2cfdc294c5,1,3,dynamic,oracle_identity,box,True,0,1,102,0,0.920553562275756,0.8635069138282607,0.8920302380520084,0.9005809043682985,0.8323683237686579,0.8664746140684783,0.9609669001510781,"[0.5734375, 0.0, 0.4265625, 0.9361111111111111]",,,,0
long_rvos/2cfdc294c5/1/3,long_rvos,2cfdc294c5,1,3,dynamic,oracle_identity,box,True,1,3,204,0,0.9170361893863539,0.9406879018310454,0.9288620456086997,0.9387009472259811,0.9097988319273199,0.9242498895766504,0.8721411605022056,"[0.7, 0.5083333333333333, 0.3, 0.49166666666666664]",,,,0
long_rvos/2cfdc294c5/1/3,long_rvos,2cfdc294c5,1,3,dynamic,oracle_identity,box,True,2,5,306,0,0.9857601241532622,0.9714896650035638,0.9786248945784131,0.0,0.0,0.0,0.0,"[0.515625, 0.0, 0.484375, 1.0]",,,,
long_rvos/2cfdc294c5/1/3,long_rvos,2cfdc294c5,1,3,dynamic,oracle_identity,box,True,3,7,409,0,1.0,1.0,1.0,1.0,1.0,1.0,1.0,,,,,
long_rvos/2cfdc294c5/1/8,long_rvos,2cfdc294c5,1,8,dynamic,oracle_identity,point,True,0,1,102,0,0.920553562275756,0.8635069138282607,0.8920302380520084,0.0,0.0,0.0,0.0,,1,[],[],
long_rvos/2cfdc294c5/1/8,long_rvos,2cfdc294c5,1,8,dynamic,oracle_identity,point,True,1,3,204,0,0.9170361893863539,0.9406879018310454,0.9288620456086997,0.0,0.0,0.0,0.0,,2,[],[],
long_rvos/2cfdc294c5/1/8,long_rvos,2cfdc294c5,1,8,dynamic,oracle_identity,point,True,2,5,306,0,0.9857601241532622,0.9714896650035638,0.9786248945784131,0.0,0.0,0.0,0.0,,3,[],[],
long_rvos/2cfdc294c5/1/8,long_rvos,2cfdc294c5,1,8,dynamic,oracle_identity,point,True,3,7,409,0,1.0,1.0,1.0,1.0,1.0,1.0,1.0,,4,[],[],
long_rvos/2cfdc294c5/1/8,long_rvos,2cfdc294c5,1,8,dynamic,oracle_identity,box,True,0,1,102,0,0.920553562275756,0.8635069138282607,0.8920302380520084,0.9005809043682985,0.8323683237686579,0.8664746140684783,0.9609669001510781,"[0.5734375, 0.0, 0.4265625, 0.9361111111111111]",,,,0
long_rvos/2cfdc294c5/1/8,long_rvos,2cfdc294c5,1,8,dynamic,oracle_identity,box,True,1,3,204,0,0.9170361893863539,0.9406879018310454,0.9288620456086997,0.9387009472259811,0.9097988319273199,0.9242498895766504,0.8721411605022056,"[0.7, 0.5083333333333333, 0.3, 0.49166666666666664]",,,,0
long_rvos/2cfdc294c5/1/8,long_rvos,2cfdc294c5,1,8,dynamic,oracle_identity,box,True,2,5,306,0,0.9857601241532622,0.9714896650035638,0.9786248945784131,0.0,0.0,0.0,0.0,"[0.515625, 0.0, 0.484375, 1.0]",,,,
long_rvos/2cfdc294c5/1/8,long_rvos,2cfdc294c5,1,8,dynamic,oracle_identity,box,True,3,7,409,0,1.0,1.0,1.0,1.0,1.0,1.0,1.0,,,,,
long_rvos/2cfdc294c5/1/0,long_rvos,2cfdc294c5,1,0,static,oracle_identity,point,True,0,1,102,0,0.920553562275756,0.8635069138282607,0.8920302380520084,0.0,0.0,0.0,0.0,,1,[],[],
long_rvos/2cfdc294c5/1/0,long_rvos,2cfdc294c5,1,0,static,oracle_identity,point,True,1,3,204,0,0.9170361893863539,0.9406879018310454,0.9288620456086997,0.0,0.0,0.0,0.0,,2,[],[],
long_rvos/2cfdc294c5/1/0,long_rvos,2cfdc294c5,1,0,static,oracle_identity,point,True,2,5,306,0,0.9857601241532622,0.9714896650035638,0.9786248945784131,0.0,0.0,0.0,0.0,,3,[],[],
long_rvos/2cfdc294c5/1/0,long_rvos,2cfdc294c5,1,0,static,oracle_identity,point,True,3,7,409,0,1.0,1.0,1.0,1.0,1.0,1.0,1.0,,4,[],[],
long_rvos/2cfdc294c5/1/0,long_rvos,2cfdc294c5,1,0,static,oracle_identity,box,True,0,1,102,0,0.920553562275756,0.8635069138282607,0.8920302380520084,0.9005809043682985,0.8323683237686579,0.8664746140684783,0.9609669001510781,"[0.5734375, 0.0, 0.4265625, 0.9361111111111111]",,,,0
long_rvos/2cfdc294c5/1/0,long_rvos,2cfdc294c5,1,0,static,oracle_identity,box,True,1,3,204,0,0.9170361893863539,0.9406879018310454,0.9288620456086997,0.9387009472259811,0.9097988319273199,0.9242498895766504,0.8721411605022056,"[0.7, 0.5083333333333333, 0.3, 0.49166666666666664]",,,,0
long_rvos/2cfdc294c5/1/0,long_rvos,2cfdc294c5,1,0,static,oracle_identity,box,True,2,5,306,0,0.9857601241532622,0.9714896650035638,0.9786248945784131,0.0,0.0,0.0,0.0,"[0.515625, 0.0, 0.484375, 1.0]",,,,
long_rvos/2cfdc294c5/1/0,long_rvos,2cfdc294c5,1,0,static,oracle_identity,box,True,3,7,409,0,1.0,1.0,1.0,1.0,1.0,1.0,1.0,,,,,
long_rvos/2cfdc294c5/1/2,long_rvos,2cfdc294c5,1,2,static,oracle_identity,point,True,0,1,102,0,0.920553562275756,0.8635069138282607,0.8920302380520084,0.0,0.0,0.0,0.0,,1,[],[],
long_rvos/2cfdc294c5/1/2,long_rvos,2cfdc294c5,1,2,static,oracle_identity,point,True,1,3,204,0,0.9170361893863539,0.9406879018310454,0.9288620456086997,0.0,0.0,0.0,0.0,,2,[],[],
long_rvos/2cfdc294c5/1/2,long_rvos,2cfdc294c5,1,2,static,oracle_identity,point,True,2,5,306,0,0.9857601241532622,0.9714896650035638,0.9786248945784131,0.0,0.0,0.0,0.0,,3,[],[],
long_rvos/2cfdc294c5/1/2,long_rvos,2cfdc294c5,1,2,static,oracle_identity,point,True,3,7,409,0,1.0,1.0,1.0,1.0,1.0,1.0,1.0,,4,[],[],
long_rvos/2cfdc294c5/1/2,long_rvos,2cfdc294c5,1,2,static,oracle_identity,box,True,0,1,102,0,0.920553562275756,0.8635069138282607,0.8920302380520084,0.9005809043682985,0.8323683237686579,0.8664746140684783,0.9609669001510781,"[0.5734375, 0.0, 0.4265625, 0.9361111111111111]",,,,0
long_rvos/2cfdc294c5/1/2,long_rvos,2cfdc294c5,1,2,static,oracle_identity,box,True,1,3,204,0,0.9170361893863539,0.9406879018310454,0.9288620456086997,0.9387009472259811,0.9097988319273199,0.9242498895766504,0.8721411605022056,"[0.7, 0.5083333333333333, 0.3, 0.49166666666666664]",,,,0
long_rvos/2cfdc294c5/1/2,long_rvos,2cfdc294c5,1,2,static,oracle_identity,box,True,2,5,306,0,0.9857601241532622,0.9714896650035638,0.9786248945784131,0.0,0.0,0.0,0.0,"[0.515625, 0.0, 0.484375, 1.0]",,,,
long_rvos/2cfdc294c5/1/2,long_rvos,2cfdc294c5,1,2,static,oracle_identity,box,True,3,7,409,0,1.0,1.0,1.0,1.0,1.0,1.0,1.0,,,,,
long_rvos/f771c97b16/6/21,long_rvos,f771c97b16,6,21,dynamic,predicted_static,point,False,0,1,125,0,1.0,1.0,1.0,1.0,1.0,1.0,1.0,,1,[],[],
long_rvos/f771c97b16/6/21,long_rvos,f771c97b16,6,21,dynamic,predicted_static,point,False,1,3,250,0,1.0,1.0,1.0,1.0,1.0,1.0,1.0,,2,[],[],
long_rvos/f771c97b16/6/21,long_rvos,f771c97b16,6,21,dynamic,predicted_static,point,False,2,5,375,0,0.7215973003374578,0.967741935483871,0.8446696179106644,0.0,0.0,0.0,0.0,,3,[],[],
long_rvos/f771c97b16/6/21,long_rvos,f771c97b16,6,21,dynamic,predicted_static,point,False,3,7,500,0,1.0,1.0,1.0,1.0,1.0,1.0,1.0,,4,[],[],
long_rvos/f771c97b16/6/21,long_rvos,f771c97b16,6,21,dynamic,predicted_static,box,False,0,1,125,0,1.0,1.0,1.0,1.0,1.0,1.0,1.0,,,,,
long_rvos/f771c97b16/6/21,long_rvos,f771c97b16,6,21,dynamic,predicted_static,box,False,1,3,250,0,1.0,1.0,1.0,1.0,1.0,1.0,1.0,,,,,
long_rvos/f771c97b16/6/21,long_rvos,f771c97b16,6,21,dynamic,predicted_static,box,False,2,5,375,0,0.7215973003374578,0.967741935483871,0.8446696179106644,0.006266394637132032,0.3167355371900827,0.16150096591360735,0.0066091954022988505,"[0.240625, 0.35833333333333334, 0.50625, 0.19166666666666668]",,,,0
long_rvos/f771c97b16/6/21,long_rvos,f771c97b16,6,21,dynamic,predicted_static,box,False,3,7,500,0,1.0,1.0,1.0,1.0,1.0,1.0,1.0,,,,,
long_rvos/f771c97b16/6/23,long_rvos,f771c97b16,6,23,dynamic,predicted_static,point,False,0,1,125,0,1.0,1.0,1.0,1.0,1.0,1.0,1.0,,1,[],[],
long_rvos/f771c97b16/6/23,long_rvos,f771c97b16,6,23,dynamic,predicted_static,point,False,1,3,250,0,1.0,1.0,1.0,1.0,1.0,1.0,1.0,,2,[],[],
long_rvos/f771c97b16/6/23,long_rvos,f771c97b16,6,23,dynamic,predicted_static,point,False,2,5,375,0,0.7215973003374578,0.967741935483871,0.8446696179106644,0.0,0.0,0.0,0.0,,3,[],[],
long_rvos/f771c97b16/6/23,long_rvos,f771c97b16,6,23,dynamic,predicted_static,point,False,3,7,500,0,1.0,1.0,1.0,1.0,1.0,1.0,1.0,,4,[],[],
long_rvos/f771c97b16/6/23,long_rvos,f771c97b16,6,23,dynamic,predicted_static,box,False,0,1,125,0,1.0,1.0,1.0,1.0,1.0,1.0,1.0,,,,,
long_rvos/f771c97b16/6/23,long_rvos,f771c97b16,6,23,dynamic,predicted_static,box,False,1,3,250,0,1.0,1.0,1.0,1.0,1.0,1.0,1.0,,,,,
long_rvos/f771c97b16/6/23,long_rvos,f771c97b16,6,23,dynamic,predicted_static,box,False,2,5,375,0,0.7215973003374578,0.967741935483871,0.8446696179106644,0.006266394637132032,0.3167355371900827,0.16150096591360735,0.0066091954022988505,"[0.240625, 0.35833333333333334, 0.50625, 0.19166666666666668]",,,,0
long_rvos/f771c97b16/6/23,long_rvos,f771c97b16,6,23,dynamic,predicted_static,box,False,3,7,500,0,1.0,1.0,1.0,1.0,1.0,1.0,1.0,,,,,
long_rvos/f771c97b16/6/33,long_rvos,f771c97b16,6,33,hybrid,predicted_static,point,False,0,1,125,0,1.0,1.0,1.0,1.0,1.0,1.0,1.0,,1,[],[],
long_rvos/f771c97b16/6/33,long_rvos,f771c97b16,6,33,hybrid,predicted_static,point,False,1,3,250,0,1.0,1.0,1.0,1.0,1.0,1.0,1.0,,2,[],[],
long_rvos/f771c97b16/6/33,long_rvos,f771c97b16,6,33,hybrid,predicted_static,point,False,2,5,375,0,0.7215973003374578,0.967741935483871,0.8446696179106644,0.0,0.0,0.0,0.0,,3,[],[],
long_rvos/f771c97b16/6/33,long_rvos,f771c97b16,6,33,hybrid,predicted_static,point,False,3,7,500,0,1.0,1.0,1.0,1.0,1.0,1.0,1.0,,4,[],[],
long_rvos/f771c97b16/6/33,long_rvos,f771c97b16,6,33,hybrid,predicted_static,box,False,0,1,125,0,1.0,1.0,1.0,1.0,1.0,1.0,1.0,,,,,
long_rvos/f771c97b16/6/33,long_rvos,f771c97b16,6,33,hybrid,predicted_static,box,False,1,3,250,0,1.0,1.0,1.0,1.0,1.0,1.0,1.0,,,,,
long_rvos/f771c97b16/6/33,long_rvos,f771c97b16,6,33,hybrid,predicted_static,box,False,2,5,375,0,0.7175141242937854,0.9583333333333334,0.8379237288135594,0.024036878498518273,0.23395498138994467,0.12899592994423148,0.049342105263157895,"[0.240625, 0.10833333333333334, 0.50625, 0.44166666666666665]",,,,0
long_rvos/f771c97b16/6/33,long_rvos,f771c97b16,6,33,hybrid,predicted_static,box,False,3,7,500,0,1.0,1.0,1.0,1.0,1.0,1.0,1.0,,,,,
long_rvos/f771c97b16/6/20,long_rvos,f771c97b16,6,20,static,predicted_static,point,False,0,1,125,0,1.0,1.0,1.0,1.0,1.0,1.0,1.0,,1,[],[],
long_rvos/f771c97b16/6/20,long_rvos,f771c97b16,6,20,static,predicted_static,point,False,1,3,250,0,1.0,1.0,1.0,1.0,1.0,1.0,1.0,,2,[],[],
long_rvos/f771c97b16/6/20,long_rvos,f771c97b16,6,20,static,predicted_static,point,False,2,5,375,0,0.7215973003374578,0.967741935483871,0.8446696179106644,0.0,0.0,0.0,0.0,,3,[],[],
long_rvos/f771c97b16/6/20,long_rvos,f771c97b16,6,20,static,predicted_static,point,False,3,7,500,0,1.0,1.0,1.0,1.0,1.0,1.0,1.0,,4,[],[],
long_rvos/f771c97b16/6/20,long_rvos,f771c97b16,6,20,static,predicted_static,box,False,0,1,125,0,1.0,1.0,1.0,1.0,1.0,1.0,1.0,,,,,
long_rvos/f771c97b16/6/20,long_rvos,f771c97b16,6,20,static,predicted_static,box,False,1,3,250,0,1.0,1.0,1.0,1.0,1.0,1.0,1.0,,,,,
long_rvos/f771c97b16/6/20,long_rvos,f771c97b16,6,20,static,predicted_static,box,False,2,5,375,0,0.7215973003374578,0.967741935483871,0.8446696179106644,0.006266394637132032,0.3167355371900827,0.16150096591360735,0.0066091954022988505,"[0.240625, 0.35833333333333334, 0.50625, 0.19166666666666668]",,,,0
long_rvos/f771c97b16/6/20,long_rvos,f771c97b16,6,20,static,predicted_static,box,False,3,7,500,0,1.0,1.0,1.0,1.0,1.0,1.0,1.0,,,,,
long_rvos/f771c97b16/6/22,long_rvos,f771c97b16,6,22,static,predicted_static,point,False,0,1,125,0,1.0,1.0,1.0,1.0,1.0,1.0,1.0,,1,[],[],
long_rvos/f771c97b16/6/22,long_rvos,f771c97b16,6,22,static,predicted_static,point,False,1,3,250,0,1.0,1.0,1.0,1.0,1.0,1.0,1.0,,2,[],[],
long_rvos/f771c97b16/6/22,long_rvos,f771c97b16,6,22,static,predicted_static,point,False,2,5,375,0,0.724197247706422,0.9891304347826088,0.8566638412445153,0.0,0.0,0.0,0.0,,3,[],[],
long_rvos/f771c97b16/6/22,long_rvos,f771c97b16,6,22,static,predicted_static,point,False,3,7,500,0,1.0,1.0,1.0,1.0,1.0,1.0,1.0,,4,[],[],
long_rvos/f771c97b16/6/22,long_rvos,f771c97b16,6,22,static,predicted_static,box,False,0,1,125,0,1.0,1.0,1.0,1.0,1.0,1.0,1.0,,,,,
long_rvos/f771c97b16/6/22,long_rvos,f771c97b16,6,22,static,predicted_static,box,False,1,3,250,0,1.0,1.0,1.0,1.0,1.0,1.0,1.0,,,,,
long_rvos/f771c97b16/6/22,long_rvos,f771c97b16,6,22,static,predicted_static,box,False,2,5,375,0,0.724197247706422,0.9891304347826088,0.8566638412445153,0.0,0.0,0.0,0.0,"[0.4765625, 0.43125, 0.2703125, 0.11875]",,,,
long_rvos/f771c97b16/6/22,long_rvos,f771c97b16,6,22,static,predicted_static,box,False,3,7,500,0,1.0,1.0,1.0,1.0,1.0,1.0,1.0,,,,,
long_rvos/68170c3f7a/2/5,long_rvos,68170c3f7a,2,5,dynamic,predicted_static,point,False,0,1,134,0,1.0,1.0,1.0,1.0,1.0,1.0,1.0,,1,[],[],
long_rvos/68170c3f7a/2/5,long_rvos,68170c3f7a,2,5,dynamic,predicted_static,point,False,1,3,269,0,0.6220886551465064,0.6887015344823298,0.655395094814418,0.0,0.0,0.0,0.0,,2,[],[],
long_rvos/68170c3f7a/2/5,long_rvos,68170c3f7a,2,5,dynamic,predicted_static,point,False,2,5,404,0,0.36712857393439746,0.1797742413027387,0.27345140761856807,0.0,0.0,0.0,0.0,,3,[],[],
long_rvos/68170c3f7a/2/5,long_rvos,68170c3f7a,2,5,dynamic,predicted_static,point,False,3,7,539,1,0.0,0.0,0.0,1.0,1.0,1.0,0.0,,4,[],[],
long_rvos/68170c3f7a/2/5,long_rvos,68170c3f7a,2,5,dynamic,predicted_static,box,False,0,1,134,0,1.0,1.0,1.0,1.0,1.0,1.0,1.0,,,,,
long_rvos/68170c3f7a/2/5,long_rvos,68170c3f7a,2,5,dynamic,predicted_static,box,False,1,3,269,0,0.6220886551465064,0.6887015344823298,0.655395094814418,0.6115855922762718,0.7005006827492035,0.6560431375127377,0.8741794310722101,"[0.521875, 0.45, 0.0671875, 0.1375]",,,,0
long_rvos/68170c3f7a/2/5,long_rvos,68170c3f7a,2,5,dynamic,predicted_static,box,False,2,5,404,0,0.36712857393439746,0.1797742413027387,0.27345140761856807,0.0,0.0,0.0,0.0,"[0.8625, 0.7604166666666666, 0.0859375, 0.21666666666666667]",,,,
long_rvos/68170c3f7a/2/5,long_rvos,68170c3f7a,2,5,dynamic,predicted_static,box,False,3,7,539,1,0.0,0.0,0.0,0.0,0.0,0.0,0.936426116838488,"[0.4390625, 0.34791666666666665, 0.209375, 0.3375]",,,,0
long_rvos/68170c3f7a/2/7,long_rvos,68170c3f7a,2,7,dynamic,predicted_static,point,False,0,1,134,0,1.0,1.0,1.0,1.0,1.0,1.0,1.0,,1,[],[],
long_rvos/68170c3f7a/2/7,long_rvos,68170c3f7a,2,7,dynamic,predicted_static,point,False,1,3,269,0,0.5310003803727653,0.5998974884674526,0.565448934420109,0.0,0.0,0.0,0.0,,2,[],[],
long_rvos/68170c3f7a/2/7,long_rvos,68170c3f7a,2,7,dynamic,predicted_static,point,False,2,5,404,0,0.3712309329549486,0.20481829318089018,0.2880246130679194,0.0,0.0,0.0,0.0,,3,[],[],
long_rvos/68170c3f7a/2/7,long_rvos,68170c3f7a,2,7,dynamic,predicted_static,point,False,3,7,539,0,1.0,1.0,1.0,1.0,1.0,1.0,1.0,,4,[],[],
long_rvos/68170c3f7a/2/7,long_rvos,68170c3f7a,2,7,dynamic,predicted_static,box,False,0,1,134,0,1.0,1.0,1.0,1.0,1.0,1.0,1.0,,,,,
long_rvos/68170c3f7a/2/7,long_rvos,68170c3f7a,2,7,dynamic,predicted_static,box,False,1,3,269,0,0.5310003803727653,0.5998974884674526,0.565448934420109,0.0,0.0,0.0,0.0,"[0.5234375, 0.45, 0.05625, 0.11875]",,,,
long_rvos/68170c3f7a/2/7,long_rvos,68170c3f7a,2,7,dynamic,predicted_static,box,False,2,5,404,0,0.3712309329549486,0.20481829318089018,0.2880246130679194,0.0,0.0,0.0,0.0,"[0.8625, 0.7625, 0.0859375, 0.2125]",,,,
long_rvos/68170c3f7a/2/7,long_rvos,68170c3f7a,2,7,dynamic,predicted_static,box,False,3,7,539,0,1.0,1.0,1.0,1.0,1.0,1.0,1.0,,,,,
long_rvos/68170c3f7a/2/9,long_rvos,68170c3f7a,2,9,hybrid,predicted_static,point,False,0,1,134,0,1.0,1.0,1.0,1.0,1.0,1.0,1.0,,1,[],[],
long_rvos/68170c3f7a/2/9,long_rvos,68170c3f7a,2,9,hybrid,predicted_static,point,False,1,3,269,0,0.5310003803727653,0.5998974884674526,0.565448934420109,0.0,0.0,0.0,0.0,,2,[],[],
long_rvos/68170c3f7a/2/9,long_rvos,68170c3f7a,2,9,hybrid,predicted_static,point,False,2,5,404,0,0.3712309329549486,0.20481829318089018,0.2880246130679194,0.0,0.0,0.0,0.0,,3,[],[],
long_rvos/68170c3f7a/2/9,long_rvos,68170c3f7a,2,9,hybrid,predicted_static,point,False,3,7,539,0,1.0,1.0,1.0,1.0,1.0,1.0,1.0,,4,[],[],
long_rvos/68170c3f7a/2/9,long_rvos,68170c3f7a,2,9,hybrid,predicted_static,box,False,0,1,134,0,1.0,1.0,1.0,1.0,1.0,1.0,1.0,,,,,
long_rvos/68170c3f7a/2/9,long_rvos,68170c3f7a,2,9,hybrid,predicted_static,box,False,1,3,269,0,0.5310003803727653,0.5998974884674526,0.565448934420109,0.0,0.0,0.0,0.0,"[0.5234375, 0.45, 0.05625, 0.11875]",,,,
long_rvos/68170c3f7a/2/9,long_rvos,68170c3f7a,2,9,hybrid,predicted_static,box,False,2,5,404,0,0.3712309329549486,0.20481829318089018,0.2880246130679194,0.0,0.0,0.0,0.0,"[0.8625, 0.7625, 0.0859375, 0.2125]",,,,
long_rvos/68170c3f7a/2/9,long_rvos,68170c3f7a,2,9,hybrid,predicted_static,box,False,3,7,539,0,1.0,1.0,1.0,1.0,1.0,1.0,1.0,,,,,
long_rvos/68170c3f7a/2/4,long_rvos,68170c3f7a,2,4,static,predicted_static,point,False,0,1,134,0,1.0,1.0,1.0,1.0,1.0,1.0,1.0,,1,[],[],
long_rvos/68170c3f7a/2/4,long_rvos,68170c3f7a,2,4,static,predicted_static,point,False,1,3,269,0,0.0,0.0,0.0,0.0,0.0,0.0,1.0,,2,[],[],
long_rvos/68170c3f7a/2/4,long_rvos,68170c3f7a,2,4,static,predicted_static,point,False,2,5,404,0,0.0,0.0,0.0,0.0,0.0,0.0,1.0,,3,[],[],
long_rvos/68170c3f7a/2/4,long_rvos,68170c3f7a,2,4,static,predicted_static,point,False,3,7,539,0,1.0,1.0,1.0,1.0,1.0,1.0,1.0,,4,[],[],
long_rvos/68170c3f7a/2/4,long_rvos,68170c3f7a,2,4,static,predicted_static,box,False,0,1,134,0,1.0,1.0,1.0,1.0,1.0,1.0,1.0,,,,,
long_rvos/68170c3f7a/2/4,long_rvos,68170c3f7a,2,4,static,predicted_static,box,False,1,3,269,0,0.0,0.0,0.0,0.0,0.0,0.0,1.0,,,,,
long_rvos/68170c3f7a/2/4,long_rvos,68170c3f7a,2,4,static,predicted_static,box,False,2,5,404,0,0.0,0.0,0.0,0.0,0.0,0.0,1.0,,,,,
long_rvos/68170c3f7a/2/4,long_rvos,68170c3f7a,2,4,static,predicted_static,box,False,3,7,539,0,1.0,1.0,1.0,1.0,1.0,1.0,1.0,,,,,
long_rvos/68170c3f7a/2/6,long_rvos,68170c3f7a,2,6,static,predicted_static,point,False,0,1,134,0,1.0,1.0,1.0,1.0,1.0,1.0,1.0,,1,[],[],
long_rvos/68170c3f7a/2/6,long_rvos,68170c3f7a,2,6,static,predicted_static,point,False,1,3,269,0,0.5310003803727653,0.5998974884674526,0.565448934420109,0.0,0.0,0.0,0.0,,2,[],[],
long_rvos/68170c3f7a/2/6,long_rvos,68170c3f7a,2,6,static,predicted_static,point,False,2,5,404,0,0.3712309329549486,0.20481829318089018,0.2880246130679194,0.0,0.0,0.0,0.0,,3,[],[],
long_rvos/68170c3f7a/2/6,long_rvos,68170c3f7a,2,6,static,predicted_static,point,False,3,7,539,0,1.0,1.0,1.0,1.0,1.0,1.0,1.0,,4,[],[],
long_rvos/68170c3f7a/2/6,long_rvos,68170c3f7a,2,6,static,predicted_static,box,False,0,1,134,0,1.0,1.0,1.0,1.0,1.0,1.0,1.0,,,,,
long_rvos/68170c3f7a/2/6,long_rvos,68170c3f7a,2,6,static,predicted_static,box,False,1,3,269,0,0.5310003803727653,0.5998974884674526,0.565448934420109,0.0,0.0,0.0,0.0,"[0.5234375, 0.45, 0.05625, 0.11875]",,,,
long_rvos/68170c3f7a/2/6,long_rvos,68170c3f7a,2,6,static,predicted_static,box,False,2,5,404,0,0.3712309329549486,0.20481829318089018,0.2880246130679194,0.0,0.0,0.0,0.0,"[0.8625, 0.7625, 0.0859375, 0.2125]",,,,
long_rvos/68170c3f7a/2/6,long_rvos,68170c3f7a,2,6,static,predicted_static,box,False,3,7,539,0,1.0,1.0,1.0,1.0,1.0,1.0,1.0,,,,,
long_rvos/bda2f20019/3/11,long_rvos,bda2f20019,3,11,dynamic,predicted_static,point,False,0,1,58,0,0.973599833437435,0.9932249322493225,0.9834123828433787,0.0,0.0,0.0,0.0,,1,[],[],
long_rvos/bda2f20019/3/11,long_rvos,bda2f20019,3,11,dynamic,predicted_static,point,False,1,3,117,0,1.0,1.0,1.0,1.0,1.0,1.0,1.0,,2,[],[],
long_rvos/bda2f20019/3/11,long_rvos,bda2f20019,3,11,dynamic,predicted_static,point,False,2,5,175,0,0.9884452160493827,1.0,0.9942226080246914,0.0,0.0,0.0,0.0,,3,[],[],
long_rvos/bda2f20019/3/11,long_rvos,bda2f20019,3,11,dynamic,predicted_static,point,False,3,7,234,0,0.9697685869030035,1.0,0.9848842934515017,0.0,0.0,0.0,0.0,,4,[],[],
long_rvos/bda2f20019/3/11,long_rvos,bda2f20019,3,11,dynamic,predicted_static,box,False,0,1,58,0,0.973599833437435,0.9932249322493225,0.9834123828433787,0.0,0.0,0.0,0.0,"[0.34921875, 0.7333333333333333, 0.1671875, 0.26666666666666666]",,,,
long_rvos/bda2f20019/3/11,long_rvos,bda2f20019,3,11,dynamic,predicted_static,box,False,1,3,117,0,1.0,1.0,1.0,1.0,1.0,1.0,1.0,,,,,
long_rvos/bda2f20019/3/11,long_rvos,bda2f20019,3,11,dynamic,predicted_static,box,False,2,5,175,0,0.9884452160493827,1.0,0.9942226080246914,0.9830521576130017,1.0,0.9915260788065008,0.987958359229335,"[0.22890625, 0.24861111111111112, 0.3015625, 0.44166666666666665]",,,,0
long_rvos/bda2f20019/3/11,long_rvos,bda2f20019,3,11,dynamic,predicted_static,box,False,3,7,234,0,0.9697685869030035,1.0,0.9848842934515017,0.9696756702480168,1.0,0.9848378351240084,0.9587393119904554,"[0.50703125, 0.8458333333333333, 0.11953125, 0.15416666666666667]",,,,0
long_rvos/bda2f20019/3/9,long_rvos,bda2f20019,3,9,dynamic,predicted_static,point,False,0,1,58,0,0.973599833437435,0.9932249322493225,0.9834123828433787,0.0,0.0,0.0,0.0,,1,[],[],
long_rvos/bda2f20019/3/9,long_rvos,bda2f20019,3,9,dynamic,predicted_static,point,False,1,3,117,0,1.0,1.0,1.0,1.0,1.0,1.0,1.0,,2,[],[],
long_rvos/bda2f20019/3/9,long_rvos,bda2f20019,3,9,dynamic,predicted_static,point,False,2,5,175,0,0.9884452160493827,1.0,0.9942226080246914,0.0,0.0,0.0,0.0,,3,[],[],
long_rvos/bda2f20019/3/9,long_rvos,bda2f20019,3,9,dynamic,predicted_static,point,False,3,7,234,0,0.9697685869030035,1.0,0.9848842934515017,0.0,0.0,0.0,0.0,,4,[],[],
long_rvos/bda2f20019/3/9,long_rvos,bda2f20019,3,9,dynamic,predicted_static,box,False,0,1,58,0,0.973599833437435,0.9932249322493225,0.9834123828433787,0.0,0.0,0.0,0.0,"[0.34921875, 0.7333333333333333, 0.1671875, 0.26666666666666666]",,,,
long_rvos/bda2f20019/3/9,long_rvos,bda2f20019,3,9,dynamic,predicted_static,box,False,1,3,117,0,1.0,1.0,1.0,1.0,1.0,1.0,1.0,,,,,
long_rvos/bda2f20019/3/9,long_rvos,bda2f20019,3,9,dynamic,predicted_static,box,False,2,5,175,0,0.9884452160493827,1.0,0.9942226080246914,0.9830521576130017,1.0,0.9915260788065008,0.987958359229335,"[0.22890625, 0.24861111111111112, 0.3015625, 0.44166666666666665]",,,,0
long_rvos/bda2f20019/3/9,long_rvos,bda2f20019,3,9,dynamic,predicted_static,box,False,3,7,234,0,0.9697685869030035,1.0,0.9848842934515017,0.9696756702480168,1.0,0.9848378351240084,0.9587393119904554,"[0.50703125, 0.8458333333333333, 0.11953125, 0.15416666666666667]",,,,0
long_rvos/bda2f20019/3/20,long_rvos,bda2f20019,3,20,hybrid,predicted_static,point,False,0,1,58,0,0.9733366662500521,0.9932249322493225,0.9832807992496873,0.0,0.0,0.0,0.0,,1,[],[],
long_rvos/bda2f20019/3/20,long_rvos,bda2f20019,3,20,hybrid,predicted_static,point,False,1,3,117,0,1.0,1.0,1.0,1.0,1.0,1.0,1.0,,2,[],[],
long_rvos/bda2f20019/3/20,long_rvos,bda2f20019,3,20,hybrid,predicted_static,point,False,2,5,175,0,0.9881126978000772,1.0,0.9940563489000386,0.0,0.0,0.0,0.0,,3,[],[],
long_rvos/bda2f20019/3/20,long_rvos,bda2f20019,3,20,hybrid,predicted_static,point,False,3,7,234,0,0.9692580549807863,1.0,0.9846290274903932,0.0,0.0,0.0,0.0,,4,[],[],
long_rvos/bda2f20019/3/20,long_rvos,bda2f20019,3,20,hybrid,predicted_static,box,False,0,1,58,0,0.973599833437435,0.9932249322493225,0.9834123828433787,0.0,0.0,0.0,0.0,"[0.34921875, 0.7333333333333333, 0.1671875, 0.26666666666666666]",,,,
long_rvos/bda2f20019/3/20,long_rvos,bda2f20019,3,20,hybrid,predicted_static,box,False,1,3,117,0,1.0,1.0,1.0,1.0,1.0,1.0,1.0,,,,,
long_rvos/bda2f20019/3/20,long_rvos,bda2f20019,3,20,hybrid,predicted_static,box,False,2,5,175,0,0.9884452160493827,1.0,0.9942226080246914,0.9830521576130017,1.0,0.9915260788065008,0.987958359229335,"[0.22890625, 0.24861111111111112, 0.3015625, 0.44166666666666665]",,,,0
long_rvos/bda2f20019/3/20,long_rvos,bda2f20019,3,20,hybrid,predicted_static,box,False,3,7,234,0,0.9697685869030035,1.0,0.9848842934515017,0.9696756702480168,1.0,0.9848378351240084,0.9587393119904554,"[0.50703125, 0.8458333333333333, 0.11953125, 0.15416666666666667]",,,,0
long_rvos/bda2f20019/3/21,long_rvos,bda2f20019,3,21,hybrid,predicted_static,point,False,0,1,58,,0.0,0.0,0.0,0.0,0.0,0.0,1.0,,1,[],[],
long_rvos/bda2f20019/3/21,long_rvos,bda2f20019,3,21,hybrid,predicted_static,point,False,1,3,117,,1.0,1.0,1.0,1.0,1.0,1.0,1.0,,2,[],[],
long_rvos/bda2f20019/3/21,long_rvos,bda2f20019,3,21,hybrid,predicted_static,point,False,2,5,175,,0.0,0.0,0.0,0.0,0.0,0.0,1.0,,3,[],[],
long_rvos/bda2f20019/3/21,long_rvos,bda2f20019,3,21,hybrid,predicted_static,point,False,3,7,234,,0.0,0.0,0.0,0.0,0.0,0.0,1.0,,4,[],[],
long_rvos/bda2f20019/3/21,long_rvos,bda2f20019,3,21,hybrid,predicted_static,box,False,0,1,58,,0.0,0.0,0.0,0.0,0.0,0.0,1.0,,,,,
long_rvos/bda2f20019/3/21,long_rvos,bda2f20019,3,21,hybrid,predicted_static,box,False,1,3,117,,1.0,1.0,1.0,1.0,1.0,1.0,1.0,,,,,
long_rvos/bda2f20019/3/21,long_rvos,bda2f20019,3,21,hybrid,predicted_static,box,False,2,5,175,,0.0,0.0,0.0,0.0,0.0,0.0,1.0,,,,,
long_rvos/bda2f20019/3/21,long_rvos,bda2f20019,3,21,hybrid,predicted_static,box,False,3,7,234,,0.0,0.0,0.0,0.0,0.0,0.0,1.0,,,,,
long_rvos/bda2f20019/3/10,long_rvos,bda2f20019,3,10,static,predicted_static,point,False,0,1,58,,0.0,0.0,0.0,0.0,0.0,0.0,1.0,,1,[],[],
long_rvos/bda2f20019/3/10,long_rvos,bda2f20019,3,10,static,predicted_static,point,False,1,3,117,,1.0,1.0,1.0,1.0,1.0,1.0,1.0,,2,[],[],
long_rvos/bda2f20019/3/10,long_rvos,bda2f20019,3,10,static,predicted_static,point,False,2,5,175,,0.0,0.0,0.0,0.0,0.0,0.0,1.0,,3,[],[],
long_rvos/bda2f20019/3/10,long_rvos,bda2f20019,3,10,static,predicted_static,point,False,3,7,234,,0.0,0.0,0.0,0.0,0.0,0.0,1.0,,4,[],[],
long_rvos/bda2f20019/3/10,long_rvos,bda2f20019,3,10,static,predicted_static,box,False,0,1,58,,0.0,0.0,0.0,0.0,0.0,0.0,1.0,,,,,
long_rvos/bda2f20019/3/10,long_rvos,bda2f20019,3,10,static,predicted_static,box,False,1,3,117,,1.0,1.0,1.0,1.0,1.0,1.0,1.0,,,,,
long_rvos/bda2f20019/3/10,long_rvos,bda2f20019,3,10,static,predicted_static,box,False,2,5,175,,0.0,0.0,0.0,0.0,0.0,0.0,1.0,,,,,
long_rvos/bda2f20019/3/10,long_rvos,bda2f20019,3,10,static,predicted_static,box,False,3,7,234,,0.0,0.0,0.0,0.0,0.0,0.0,1.0,,,,,
long_rvos/bda2f20019/3/8,long_rvos,bda2f20019,3,8,static,predicted_static,point,False,0,1,58,0,0.9733366662500521,0.9932249322493225,0.9832807992496873,0.0,0.0,0.0,0.0,,1,[],[],
long_rvos/bda2f20019/3/8,long_rvos,bda2f20019,3,8,static,predicted_static,point,False,1,3,117,0,1.0,1.0,1.0,1.0,1.0,1.0,1.0,,2,[],[],
long_rvos/bda2f20019/3/8,long_rvos,bda2f20019,3,8,static,predicted_static,point,False,2,5,175,0,0.9881126978000772,1.0,0.9940563489000386,0.0,0.0,0.0,0.0,,3,[],[],
long_rvos/bda2f20019/3/8,long_rvos,bda2f20019,3,8,static,predicted_static,point,False,3,7,234,0,0.9692580549807863,1.0,0.9846290274903932,0.0,0.0,0.0,0.0,,4,[],[],
long_rvos/bda2f20019/3/8,long_rvos,bda2f20019,3,8,static,predicted_static,box,False,0,1,58,0,0.973599833437435,0.9932249322493225,0.9834123828433787,0.0,0.0,0.0,0.0,"[0.34921875, 0.7333333333333333, 0.1671875, 0.26666666666666666]",,,,
long_rvos/bda2f20019/3/8,long_rvos,bda2f20019,3,8,static,predicted_static,box,False,1,3,117,0,1.0,1.0,1.0,1.0,1.0,1.0,1.0,,,,,
long_rvos/bda2f20019/3/8,long_rvos,bda2f20019,3,8,static,predicted_static,box,False,2,5,175,0,0.9884452160493827,1.0,0.9942226080246914,0.9830521576130017,1.0,0.9915260788065008,0.987958359229335,"[0.22890625, 0.24861111111111112, 0.3015625, 0.44166666666666665]",,,,0
long_rvos/bda2f20019/3/8,long_rvos,bda2f20019,3,8,static,predicted_static,box,False,3,7,234,0,0.9697685869030035,1.0,0.9848842934515017,0.9696756702480168,1.0,0.9848378351240084,0.9587393119904554,"[0.50703125, 0.8458333333333333, 0.11953125, 0.15416666666666667]",,,,0
long_rvos/c733601fcd/1/1,long_rvos,c733601fcd,1,1,dynamic,predicted_static,point,False,0,1,58,,0.0,0.0,0.0,0.0,0.0,0.0,1.0,,1,[],[],
long_rvos/c733601fcd/1/1,long_rvos,c733601fcd,1,1,dynamic,predicted_static,point,False,1,3,117,,1.0,1.0,1.0,1.0,1.0,1.0,1.0,,2,[],[],
long_rvos/c733601fcd/1/1,long_rvos,c733601fcd,1,1,dynamic,predicted_static,point,False,2,5,175,,1.0,1.0,1.0,1.0,1.0,1.0,1.0,,3,[],[],
long_rvos/c733601fcd/1/1,long_rvos,c733601fcd,1,1,dynamic,predicted_static,point,False,3,7,234,,1.0,1.0,1.0,1.0,1.0,1.0,1.0,,4,[],[],
long_rvos/c733601fcd/1/1,long_rvos,c733601fcd,1,1,dynamic,predicted_static,box,False,0,1,58,,0.0,0.0,0.0,0.0,0.0,0.0,1.0,,,,,
long_rvos/c733601fcd/1/1,long_rvos,c733601fcd,1,1,dynamic,predicted_static,box,False,1,3,117,,1.0,1.0,1.0,1.0,1.0,1.0,1.0,,,,,
long_rvos/c733601fcd/1/1,long_rvos,c733601fcd,1,1,dynamic,predicted_static,box,False,2,5,175,,1.0,1.0,1.0,1.0,1.0,1.0,1.0,,,,,
long_rvos/c733601fcd/1/1,long_rvos,c733601fcd,1,1,dynamic,predicted_static,box,False,3,7,234,,1.0,1.0,1.0,1.0,1.0,1.0,1.0,,,,,
long_rvos/c733601fcd/1/4,long_rvos,c733601fcd,1,4,hybrid,predicted_static,point,False,0,1,58,0,0.9763456609300623,1.0,0.9881728304650311,0.0,0.0,0.0,0.0,,1,[],[],
long_rvos/c733601fcd/1/4,long_rvos,c733601fcd,1,4,hybrid,predicted_static,point,False,1,3,117,0,1.0,1.0,1.0,1.0,1.0,1.0,1.0,,2,[],[],
long_rvos/c733601fcd/1/4,long_rvos,c733601fcd,1,4,hybrid,predicted_static,point,False,2,5,175,0,1.0,1.0,1.0,1.0,1.0,1.0,1.0,,3,[],[],
long_rvos/c733601fcd/1/4,long_rvos,c733601fcd,1,4,hybrid,predicted_static,point,False,3,7,234,0,1.0,1.0,1.0,1.0,1.0,1.0,1.0,,4,[],[],
long_rvos/c733601fcd/1/4,long_rvos,c733601fcd,1,4,hybrid,predicted_static,box,False,0,1,58,0,0.9763456609300623,1.0,0.9881728304650311,0.5222431816395504,0.7184677384241006,0.6203554600318255,0.531173834420945,"[0.271875, 0.8638888888888889, 0.33984375, 0.1361111111111111]",,,,0
long_rvos/c733601fcd/1/4,long_rvos,c733601fcd,1,4,hybrid,predicted_static,box,False,1,3,117,0,1.0,1.0,1.0,1.0,1.0,1.0,1.0,,,,,
long_rvos/c733601fcd/1/4,long_rvos,c733601fcd,1,4,hybrid,predicted_static,box,False,2,5,175,0,1.0,1.0,1.0,1.0,1.0,1.0,1.0,,,,,
long_rvos/c733601fcd/1/4,long_rvos,c733601fcd,1,4,hybrid,predicted_static,box,False,3,7,234,0,1.0,1.0,1.0,1.0,1.0,1.0,1.0,,,,,
long_rvos/c733601fcd/1/0,long_rvos,c733601fcd,1,0,static,predicted_static,point,False,0,1,58,,0.0,0.0,0.0,0.0,0.0,0.0,1.0,,1,[],[],
long_rvos/c733601fcd/1/0,long_rvos,c733601fcd,1,0,static,predicted_static,point,False,1,3,117,,1.0,1.0,1.0,1.0,1.0,1.0,1.0,,2,[],[],
long_rvos/c733601fcd/1/0,long_rvos,c733601fcd,1,0,static,predicted_static,point,False,2,5,175,,1.0,1.0,1.0,1.0,1.0,1.0,1.0,,3,[],[],
long_rvos/c733601fcd/1/0,long_rvos,c733601fcd,1,0,static,predicted_static,point,False,3,7,234,,1.0,1.0,1.0,1.0,1.0,1.0,1.0,,4,[],[],
long_rvos/c733601fcd/1/0,long_rvos,c733601fcd,1,0,static,predicted_static,box,False,0,1,58,,0.0,0.0,0.0,0.0,0.0,0.0,1.0,,,,,
long_rvos/c733601fcd/1/0,long_rvos,c733601fcd,1,0,static,predicted_static,box,False,1,3,117,,1.0,1.0,1.0,1.0,1.0,1.0,1.0,,,,,
long_rvos/c733601fcd/1/0,long_rvos,c733601fcd,1,0,static,predicted_static,box,False,2,5,175,,1.0,1.0,1.0,1.0,1.0,1.0,1.0,,,,,
long_rvos/c733601fcd/1/0,long_rvos,c733601fcd,1,0,static,predicted_static,box,False,3,7,234,,1.0,1.0,1.0,1.0,1.0,1.0,1.0,,,,,
long_rvos/8b0e20e373/1/1,long_rvos,8b0e20e373,1,1,dynamic,predicted_static,point,False,0,1,125,0,0.97153939020318,0.9082991803278689,0.9399192852655245,0.0,0.0,0.0,0.0,,1,[],[],
long_rvos/8b0e20e373/1/1,long_rvos,8b0e20e373,1,1,dynamic,predicted_static,point,False,1,3,251,0,1.0,1.0,1.0,1.0,1.0,1.0,1.0,,2,[],[],
long_rvos/8b0e20e373/1/1,long_rvos,8b0e20e373,1,1,dynamic,predicted_static,point,False,2,5,377,0,1.0,1.0,1.0,1.0,1.0,1.0,1.0,,3,[],[],
long_rvos/8b0e20e373/1/1,long_rvos,8b0e20e373,1,1,dynamic,predicted_static,point,False,3,7,503,0,1.0,1.0,1.0,1.0,1.0,1.0,1.0,,4,[],[],
long_rvos/8b0e20e373/1/1,long_rvos,8b0e20e373,1,1,dynamic,predicted_static,box,False,0,1,125,0,0.97153939020318,0.9082991803278689,0.9399192852655245,0.9648922524371473,0.8695861405197306,0.917239196478439,0.9862733340285744,"[0.05, 0.09154929577464789, 0.8359375, 0.9084507042253521]",,,,0
long_rvos/8b0e20e373/1/1,long_rvos,8b0e20e373,1,1,dynamic,predicted_static,box,False,1,3,251,0,1.0,1.0,1.0,1.0,1.0,1.0,1.0,,,,,
long_rvos/8b0e20e373/1/1,long_rvos,8b0e20e373,1,1,dynamic,predicted_static,box,False,2,5,377,0,1.0,1.0,1.0,1.0,1.0,1.0,1.0,,,,,
long_rvos/8b0e20e373/1/1,long_rvos,8b0e20e373,1,1,dynamic,predicted_static,box,False,3,7,503,0,1.0,1.0,1.0,1.0,1.0,1.0,1.0,,,,,
long_rvos/8b0e20e373/1/5,long_rvos,8b0e20e373,1,5,hybrid,predicted_static,point,False,0,1,125,0,0.97153939020318,0.9082991803278689,0.9399192852655245,0.0,0.0,0.0,0.0,,1,[],[],
long_rvos/8b0e20e373/1/5,long_rvos,8b0e20e373,1,5,hybrid,predicted_static,point,False,1,3,251,0,1.0,1.0,1.0,1.0,1.0,1.0,1.0,,2,[],[],
long_rvos/8b0e20e373/1/5,long_rvos,8b0e20e373,1,5,hybrid,predicted_static,point,False,2,5,377,0,1.0,1.0,1.0,1.0,1.0,1.0,1.0,,3,[],[],
long_rvos/8b0e20e373/1/5,long_rvos,8b0e20e373,1,5,hybrid,predicted_static,point,False,3,7,503,0,1.0,1.0,1.0,1.0,1.0,1.0,1.0,,4,[],[],
long_rvos/8b0e20e373/1/5,long_rvos,8b0e20e373,1,5,hybrid,predicted_static,box,False,0,1,125,0,0.97153939020318,0.9082991803278689,0.9399192852655245,0.9648922524371473,0.8695861405197306,0.917239196478439,0.9862733340285744,"[0.05, 0.09154929577464789, 0.8359375, 0.9084507042253521]",,,,0
long_rvos/8b0e20e373/1/5,long_rvos,8b0e20e373,1,5,hybrid,predicted_static,box,False,1,3,251,0,1.0,1.0,1.0,1.0,1.0,1.0,1.0,,,,,
long_rvos/8b0e20e373/1/5,long_rvos,8b0e20e373,1,5,hybrid,predicted_static,box,False,2,5,377,0,1.0,1.0,1.0,1.0,1.0,1.0,1.0,,,,,
long_rvos/8b0e20e373/1/5,long_rvos,8b0e20e373,1,5,hybrid,predicted_static,box,False,3,7,503,0,1.0,1.0,1.0,1.0,1.0,1.0,1.0,,,,,
long_rvos/8b0e20e373/1/6,long_rvos,8b0e20e373,1,6,hybrid,predicted_static,point,False,0,1,125,0,0.97153939020318,0.9082991803278689,0.9399192852655245,0.0,0.0,0.0,0.0,,1,[],[],
long_rvos/8b0e20e373/1/6,long_rvos,8b0e20e373,1,6,hybrid,predicted_static,point,False,1,3,251,0,1.0,1.0,1.0,1.0,1.0,1.0,1.0,,2,[],[],
long_rvos/8b0e20e373/1/6,long_rvos,8b0e20e373,1,6,hybrid,predicted_static,point,False,2,5,377,0,1.0,1.0,1.0,1.0,1.0,1.0,1.0,,3,[],[],
long_rvos/8b0e20e373/1/6,long_rvos,8b0e20e373,1,6,hybrid,predicted_static,point,False,3,7,503,0,1.0,1.0,1.0,1.0,1.0,1.0,1.0,,4,[],[],
long_rvos/8b0e20e373/1/6,long_rvos,8b0e20e373,1,6,hybrid,predicted_static,box,False,0,1,125,0,0.97153939020318,0.9082991803278689,0.9399192852655245,0.9648922524371473,0.8695861405197306,0.917239196478439,0.9862733340285744,"[0.05, 0.09154929577464789, 0.8359375, 0.9084507042253521]",,,,0
long_rvos/8b0e20e373/1/6,long_rvos,8b0e20e373,1,6,hybrid,predicted_static,box,False,1,3,251,0,1.0,1.0,1.0,1.0,1.0,1.0,1.0,,,,,
long_rvos/8b0e20e373/1/6,long_rvos,8b0e20e373,1,6,hybrid,predicted_static,box,False,2,5,377,0,1.0,1.0,1.0,1.0,1.0,1.0,1.0,,,,,
long_rvos/8b0e20e373/1/6,long_rvos,8b0e20e373,1,6,hybrid,predicted_static,box,False,3,7,503,0,1.0,1.0,1.0,1.0,1.0,1.0,1.0,,,,,
long_rvos/8b0e20e373/1/0,long_rvos,8b0e20e373,1,0,static,predicted_static,point,False,0,1,125,0,0.97153939020318,0.9082991803278689,0.9399192852655245,0.0,0.0,0.0,0.0,,1,[],[],
long_rvos/8b0e20e373/1/0,long_rvos,8b0e20e373,1,0,static,predicted_static,point,False,1,3,251,0,1.0,1.0,1.0,1.0,1.0,1.0,1.0,,2,[],[],
long_rvos/8b0e20e373/1/0,long_rvos,8b0e20e373,1,0,static,predicted_static,point,False,2,5,377,0,1.0,1.0,1.0,1.0,1.0,1.0,1.0,,3,[],[],
long_rvos/8b0e20e373/1/0,long_rvos,8b0e20e373,1,0,static,predicted_static,point,False,3,7,503,0,1.0,1.0,1.0,1.0,1.0,1.0,1.0,,4,[],[],
long_rvos/8b0e20e373/1/0,long_rvos,8b0e20e373,1,0,static,predicted_static,box,False,0,1,125,0,0.97153939020318,0.9082991803278689,0.9399192852655245,0.9648922524371473,0.8695861405197306,0.917239196478439,0.9862733340285744,"[0.05, 0.09154929577464789, 0.8359375, 0.9084507042253521]",,,,0
long_rvos/8b0e20e373/1/0,long_rvos,8b0e20e373,1,0,static,predicted_static,box,False,1,3,251,0,1.0,1.0,1.0,1.0,1.0,1.0,1.0,,,,,
long_rvos/8b0e20e373/1/0,long_rvos,8b0e20e373,1,0,static,predicted_static,box,False,2,5,377,0,1.0,1.0,1.0,1.0,1.0,1.0,1.0,,,,,
long_rvos/8b0e20e373/1/0,long_rvos,8b0e20e373,1,0,static,predicted_static,box,False,3,7,503,0,1.0,1.0,1.0,1.0,1.0,1.0,1.0,,,,,
long_rvos/0d0ebe00cc/2/5,long_rvos,0d0ebe00cc,2,5,dynamic,predicted_static,point,False,0,1,64,0,0.8143747924583994,0.8134838619110867,0.813929327184743,0.0,0.0,0.0,0.0,,1,[],[],
long_rvos/0d0ebe00cc/2/5,long_rvos,0d0ebe00cc,2,5,dynamic,predicted_static,point,False,1,3,129,1,0.0,0.0,0.0,1.0,1.0,1.0,0.0,,2,[],[],
long_rvos/0d0ebe00cc/2/5,long_rvos,0d0ebe00cc,2,5,dynamic,predicted_static,point,False,2,5,193,0,0.9344920899250625,0.953021040846052,0.9437565653855573,0.0,0.0,0.0,0.0,,3,[],[],
long_rvos/0d0ebe00cc/2/5,long_rvos,0d0ebe00cc,2,5,dynamic,predicted_static,point,False,3,7,258,0,0.8232008139289347,0.7561655078800124,0.7896831609044735,0.0,0.0,0.0,0.0,,4,[],[],
long_rvos/0d0ebe00cc/2/5,long_rvos,0d0ebe00cc,2,5,dynamic,predicted_static,box,False,0,1,64,0,0.8143747924583994,0.8134838619110867,0.813929327184743,0.8447994535726483,0.7564182426439454,0.8006088481082969,0.9413401931430018,"[0.559375, 0.05277777777777778, 0.440625, 0.4]",,,,0
long_rvos/0d0ebe00cc/2/5,long_rvos,0d0ebe00cc,2,5,dynamic,predicted_static,box,False,1,3,129,1,0.0,0.0,0.0,1.0,1.0,1.0,0.0,"[0.0, 0.044444444444444446, 1.0, 0.9555555555555556]",,,,
long_rvos/0d0ebe00cc/2/5,long_rvos,0d0ebe00cc,2,5,dynamic,predicted_static,box,False,2,5,193,0,0.9344920899250625,0.953021040846052,0.9437565653855573,0.9355616028583893,0.9484425260334742,0.9420020644459317,0.9828872685529645,"[0.2140625, 0.0, 0.4015625, 1.0]",,,,0
long_rvos/0d0ebe00cc/2/5,long_rvos,0d0ebe00cc,2,5,dynamic,predicted_static,box,False,3,7,258,0,0.8232008139289347,0.7561655078800124,0.7896831609044735,0.8171420959485433,0.7359443650348702,0.7765432304917067,0.977021292718042,"[0.3609375, 0.044444444444444446, 0.6390625, 0.7083333333333334]",,,,0
long_rvos/0d0ebe00cc/2/7,long_rvos,0d0ebe00cc,2,7,dynamic,predicted_static,point,False,0,1,64,1,0.0,0.083730556167378,0.041865278083689,0.0,0.0,0.0,0.0,,1,[],[],
long_rvos/0d0ebe00cc/2/7,long_rvos,0d0ebe00cc,2,7,dynamic,predicted_static,point,False,1,3,129,1,0.0,0.0,0.0,1.0,1.0,1.0,0.0,,2,[],[],
long_rvos/0d0ebe00cc/2/7,long_rvos,0d0ebe00cc,2,7,dynamic,predicted_static,point,False,2,5,193,0,0.9344920899250625,0.953021040846052,0.9437565653855573,0.0,0.0,0.0,0.0,,3,[],[],
long_rvos/0d0ebe00cc/2/7,long_rvos,0d0ebe00cc,2,7,dynamic,predicted_static,point,False,3,7,258,0,0.8232008139289347,0.7561655078800124,0.7896831609044735,0.0,0.0,0.0,0.0,,4,[],[],
long_rvos/0d0ebe00cc/2/7,long_rvos,0d0ebe00cc,2,7,dynamic,predicted_static,box,False,0,1,64,1,0.0,0.083730556167378,0.041865278083689,0.0,0.07636024421838182,0.03818012210919091,0.9697185689322174,"[0.1703125, 0.33055555555555555, 0.8296875, 0.6666666666666666]",,,,0
long_rvos/0d0ebe00cc/2/7,long_rvos,0d0ebe00cc,2,7,dynamic,predicted_static,box,False,1,3,129,1,0.0,0.0,0.0,1.0,1.0,1.0,0.0,"[0.0, 0.044444444444444446, 1.0, 0.9555555555555556]",,,,
long_rvos/0d0ebe00cc/2/7,long_rvos,0d0ebe00cc,2,7,dynamic,predicted_static,box,False,2,5,193,0,0.9344920899250625,0.953021040846052,0.9437565653855573,0.9355616028583893,0.9484425260334742,0.9420020644459317,0.9828872685529645,"[0.2140625, 0.0, 0.4015625, 1.0]",,,,0
long_rvos/0d0ebe00cc/2/7,long_rvos,0d0ebe00cc,2,7,dynamic,predicted_static,box,False,3,7,258,0,0.8232008139289347,0.7561655078800124,0.7896831609044735,0.8171420959485433,0.7359443650348702,0.7765432304917067,0.977021292718042,"[0.3609375, 0.044444444444444446, 0.6390625, 0.7083333333333334]",,,,0
long_rvos/0d0ebe00cc/2/14,long_rvos,0d0ebe00cc,2,14,hybrid,predicted_static,point,False,0,1,64,0,0.8303067066004474,0.8496434889830055,0.8399750977917264,0.0,0.0,0.0,0.0,,1,[],[],
long_rvos/0d0ebe00cc/2/14,long_rvos,0d0ebe00cc,2,14,hybrid,predicted_static,point,False,1,3,129,0,0.0,0.0,0.0,1.0,1.0,1.0,0.0,,2,[],[],
long_rvos/0d0ebe00cc/2/14,long_rvos,0d0ebe00cc,2,14,hybrid,predicted_static,point,False,2,5,193,0,0.9327276524644945,0.9503235155944226,0.9415255840294585,0.0,0.0,0.0,0.0,,3,[],[],
long_rvos/0d0ebe00cc/2/14,long_rvos,0d0ebe00cc,2,14,hybrid,predicted_static,point,False,3,7,258,0,0.8185489298694306,0.7429789568782519,0.7807639433738413,0.0,0.0,0.0,0.0,,4,[],[],
long_rvos/0d0ebe00cc/2/14,long_rvos,0d0ebe00cc,2,14,hybrid,predicted_static,box,False,0,1,64,0,0.8303067066004474,0.8496434889830055,0.8399750977917264,0.8061419611442557,0.746223538898735,0.7761827500214954,0.9457836683864081,"[0.559375, 0.05555555555555555, 0.440625, 0.37777777777777777]",,,,0
long_rvos/0d0ebe00cc/2/14,long_rvos,0d0ebe00cc,2,14,hybrid,predicted_static,box,False,1,3,129,0,0.0,0.0,0.0,1.0,1.0,1.0,0.0,"[0.0, 0.044444444444444446, 1.0, 0.9555555555555556]",,,,
long_rvos/0d0ebe00cc/2/14,long_rvos,0d0ebe00cc,2,14,hybrid,predicted_static,box,False,2,5,193,0,0.9327276524644945,0.9503235155944226,0.9415255840294585,0.9357548287835,0.9494800743819671,0.9426174515827336,0.9784907269238968,"[0.2140625, 0.0, 0.4, 1.0]",,,,0
long_rvos/0d0ebe00cc/2/14,long_rvos,0d0ebe00cc,2,14,hybrid,predicted_static,box,False,3,7,258,0,0.8185489298694306,0.7429789568782519,0.7807639433738413,0.8171420959485433,0.7359443650348702,0.7765432304917067,0.9693301507918466,"[0.3609375, 0.044444444444444446, 0.6390625, 0.7083333333333334]",,,,0
long_rvos/0d0ebe00cc/2/15,long_rvos,0d0ebe00cc,2,15,hybrid,predicted_static,point,False,0,1,64,0,0.8311043758287554,0.8500949463649317,0.8405996610968436,0.0,0.0,0.0,0.0,,1,[],[],
long_rvos/0d0ebe00cc/2/15,long_rvos,0d0ebe00cc,2,15,hybrid,predicted_static,point,False,1,3,129,0,1.0,1.0,1.0,1.0,1.0,1.0,1.0,,2,[],[],
long_rvos/0d0ebe00cc/2/15,long_rvos,0d0ebe00cc,2,15,hybrid,predicted_static,point,False,2,5,193,0,0.9332067043770481,0.9494145615374995,0.9413106329572738,0.0,0.0,0.0,0.0,,3,[],[],
long_rvos/0d0ebe00cc/2/15,long_rvos,0d0ebe00cc,2,15,hybrid,predicted_static,point,False,3,7,258,0,0.8189693256247239,0.7422453369909741,0.780607331307849,0.0,0.0,0.0,0.0,,4,[],[],
long_rvos/0d0ebe00cc/2/15,long_rvos,0d0ebe00cc,2,15,hybrid,predicted_static,box,False,0,1,64,0,0.8311043758287554,0.8500949463649317,0.8405996610968436,0.8061419611442557,0.746223538898735,0.7761827500214954,0.944898321641062,"[0.559375, 0.05555555555555555, 0.440625, 0.37777777777777777]",,,,0
long_rvos/0d0ebe00cc/2/15,long_rvos,0d0ebe00cc,2,15,hybrid,predicted_static,box,False,1,3,129,0,1.0,1.0,1.0,1.0,1.0,1.0,1.0,,,,,
long_rvos/0d0ebe00cc/2/15,long_rvos,0d0ebe00cc,2,15,hybrid,predicted_static,box,False,2,5,193,0,0.9332067043770481,0.9494145615374995,0.9413106329572738,0.9357548287835,0.9494800743819671,0.9426174515827336,0.978782779115097,"[0.2140625, 0.0, 0.4, 1.0]",,,,0
long_rvos/0d0ebe00cc/2/15,long_rvos,0d0ebe00cc,2,15,hybrid,predicted_static,box,False,3,7,258,0,0.8189693256247239,0.7422453369909741,0.780607331307849,0.8171420959485433,0.7359443650348702,0.7765432304917067,0.9712143019468222,"[0.3609375, 0.044444444444444446, 0.6390625, 0.7083333333333334]",,,,0
long_rvos/0d0ebe00cc/2/4,long_rvos,0d0ebe00cc,2,4,static,predicted_static,point,False,0,1,64,0,0.8303067066004474,0.8496434889830055,0.8399750977917264,0.0,0.0,0.0,0.0,,1,[],[],
long_rvos/0d0ebe00cc/2/4,long_rvos,0d0ebe00cc,2,4,static,predicted_static,point,False,1,3,129,0,0.0,0.0,0.0,1.0,1.0,1.0,0.0,,2,[],[],
long_rvos/0d0ebe00cc/2/4,long_rvos,0d0ebe00cc,2,4,static,predicted_static,point,False,2,5,193,0,0.9327276524644945,0.9503235155944226,0.9415255840294585,0.0,0.0,0.0,0.0,,3,[],[],
long_rvos/0d0ebe00cc/2/4,long_rvos,0d0ebe00cc,2,4,static,predicted_static,point,False,3,7,258,0,0.8185489298694306,0.7429789568782519,0.7807639433738413,0.0,0.0,0.0,0.0,,4,[],[],
long_rvos/0d0ebe00cc/2/4,long_rvos,0d0ebe00cc,2,4,static,predicted_static,box,False,0,1,64,0,0.8303067066004474,0.8496434889830055,0.8399750977917264,0.8061419611442557,0.746223538898735,0.7761827500214954,0.9457836683864081,"[0.559375, 0.05555555555555555, 0.440625, 0.37777777777777777]",,,,0
long_rvos/0d0ebe00cc/2/4,long_rvos,0d0ebe00cc,2,4,static,predicted_static,box,False,1,3,129,0,0.0,0.0,0.0,1.0,1.0,1.0,0.0,"[0.0, 0.044444444444444446, 1.0, 0.9555555555555556]",,,,
long_rvos/0d0ebe00cc/2/4,long_rvos,0d0ebe00cc,2,4,static,predicted_static,box,False,2,5,193,0,0.9327276524644945,0.9503235155944226,0.9415255840294585,0.9357548287835,0.9494800743819671,0.9426174515827336,0.9784907269238968,"[0.2140625, 0.0, 0.4, 1.0]",,,,0
long_rvos/0d0ebe00cc/2/4,long_rvos,0d0ebe00cc,2,4,static,predicted_static,box,False,3,7,258,0,0.8185489298694306,0.7429789568782519,0.7807639433738413,0.8171420959485433,0.7359443650348702,0.7765432304917067,0.9693301507918466,"[0.3609375, 0.044444444444444446, 0.6390625, 0.7083333333333334]",,,,0
long_rvos/0d0ebe00cc/2/6,long_rvos,0d0ebe00cc,2,6,static,predicted_static,point,False,0,1,64,0,0.8311043758287554,0.8500949463649317,0.8405996610968436,0.0,0.0,0.0,0.0,,1,[],[],
long_rvos/0d0ebe00cc/2/6,long_rvos,0d0ebe00cc,2,6,static,predicted_static,point,False,1,3,129,0,1.0,1.0,1.0,1.0,1.0,1.0,1.0,,2,[],[],
long_rvos/0d0ebe00cc/2/6,long_rvos,0d0ebe00cc,2,6,static,predicted_static,point,False,2,5,193,0,0.9332067043770481,0.9494145615374995,0.9413106329572738,0.0,0.0,0.0,0.0,,3,[],[],
long_rvos/0d0ebe00cc/2/6,long_rvos,0d0ebe00cc,2,6,static,predicted_static,point,False,3,7,258,0,0.8189693256247239,0.7422453369909741,0.780607331307849,0.0,0.0,0.0,0.0,,4,[],[],
long_rvos/0d0ebe00cc/2/6,long_rvos,0d0ebe00cc,2,6,static,predicted_static,box,False,0,1,64,0,0.8311043758287554,0.8500949463649317,0.8405996610968436,0.8061419611442557,0.746223538898735,0.7761827500214954,0.944898321641062,"[0.559375, 0.05555555555555555, 0.440625, 0.37777777777777777]",,,,0
long_rvos/0d0ebe00cc/2/6,long_rvos,0d0ebe00cc,2,6,static,predicted_static,box,False,1,3,129,0,1.0,1.0,1.0,1.0,1.0,1.0,1.0,,,,,
long_rvos/0d0ebe00cc/2/6,long_rvos,0d0ebe00cc,2,6,static,predicted_static,box,False,2,5,193,0,0.9332067043770481,0.9494145615374995,0.9413106329572738,0.9357548287835,0.9494800743819671,0.9426174515827336,0.978782779115097,"[0.2140625, 0.0, 0.4, 1.0]",,,,0
long_rvos/0d0ebe00cc/2/6,long_rvos,0d0ebe00cc,2,6,static,predicted_static,box,False,3,7,258,0,0.8189693256247239,0.7422453369909741,0.780607331307849,0.8171420959485433,0.7359443650348702,0.7765432304917067,0.9712143019468222,"[0.3609375, 0.044444444444444446, 0.6390625, 0.7083333333333334]",,,,0
long_rvos/e6f1a061ea/1/1,long_rvos,e6f1a061ea,1,1,dynamic,predicted_static,point,False,0,1,133,1,0.0,0.25305525743859536,0.12652762871929768,0.0,0.0,0.0,0.0,,1,[],[],
long_rvos/e6f1a061ea/1/1,long_rvos,e6f1a061ea,1,1,dynamic,predicted_static,point,False,1,3,266,1,0.8673120592805067,0.7420859758748369,0.8046990175776718,0.0,0.0,0.0,0.0,,2,[],[],
long_rvos/e6f1a061ea/1/1,long_rvos,e6f1a061ea,1,1,dynamic,predicted_static,point,False,2,5,399,0,1.0,1.0,1.0,1.0,1.0,1.0,1.0,,3,[],[],
long_rvos/e6f1a061ea/1/1,long_rvos,e6f1a061ea,1,1,dynamic,predicted_static,point,False,3,7,533,0,1.0,1.0,1.0,1.0,1.0,1.0,1.0,,4,[],[],
long_rvos/e6f1a061ea/1/1,long_rvos,e6f1a061ea,1,1,dynamic,predicted_static,box,False,0,1,133,1,0.0,0.25305525743859536,0.12652762871929768,0.0,0.25460826062356695,0.12730413031178348,0.9856444234106326,"[0.15625, 0.21875, 0.2921875, 0.78125]",,,,0
long_rvos/e6f1a061ea/1/1,long_rvos,e6f1a061ea,1,1,dynamic,predicted_static,box,False,1,3,266,1,0.8673120592805067,0.7420859758748369,0.8046990175776718,0.0,0.0,0.0,0.0,"[0.1328125, 0.1875, 0.559375, 0.8125]",,,,
long_rvos/e6f1a061ea/1/1,long_rvos,e6f1a061ea,1,1,dynamic,predicted_static,box,False,2,5,399,0,1.0,1.0,1.0,1.0,1.0,1.0,1.0,,,,,
long_rvos/e6f1a061ea/1/1,long_rvos,e6f1a061ea,1,1,dynamic,predicted_static,box,False,3,7,533,0,1.0,1.0,1.0,1.0,1.0,1.0,1.0,,,,,
long_rvos/e6f1a061ea/1/3,long_rvos,e6f1a061ea,1,3,dynamic,predicted_static,point,False,0,1,133,1,0.0,0.2517976511340527,0.12589882556702636,0.0,0.0,0.0,0.0,,1,[],[],
long_rvos/e6f1a061ea/1/3,long_rvos,e6f1a061ea,1,3,dynamic,predicted_static,point,False,1,3,266,0,0.0,0.03486941544518261,0.017434707722591303,0.0,0.0,0.0,0.0,,2,[],[],
long_rvos/e6f1a061ea/1/3,long_rvos,e6f1a061ea,1,3,dynamic,predicted_static,point,False,2,5,399,0,1.0,1.0,1.0,1.0,1.0,1.0,1.0,,3,[],[],
long_rvos/e6f1a061ea/1/3,long_rvos,e6f1a061ea,1,3,dynamic,predicted_static,point,False,3,7,533,0,1.0,1.0,1.0,1.0,1.0,1.0,1.0,,4,[],[],
long_rvos/e6f1a061ea/1/3,long_rvos,e6f1a061ea,1,3,dynamic,predicted_static,box,False,0,1,133,1,0.0,0.2517976511340527,0.12589882556702636,0.0,0.25460826062356695,0.12730413031178348,0.9865771812080537,"[0.15625, 0.21875, 0.2921875, 0.78125]",,,,0
long_rvos/e6f1a061ea/1/3,long_rvos,e6f1a061ea,1,3,dynamic,predicted_static,box,False,1,3,266,0,0.0,0.03486941544518261,0.017434707722591303,0.0,0.0,0.0,0.0,"[0.6125, 0.15416666666666667, 0.35625, 0.8458333333333333]",,,,
long_rvos/e6f1a061ea/1/3,long_rvos,e6f1a061ea,1,3,dynamic,predicted_static,box,False,2,5,399,0,1.0,1.0,1.0,1.0,1.0,1.0,1.0,,,,,
long_rvos/e6f1a061ea/1/3,long_rvos,e6f1a061ea,1,3,dynamic,predicted_static,box,False,3,7,533,0,1.0,1.0,1.0,1.0,1.0,1.0,1.0,,,,,
long_rvos/e6f1a061ea/1/20,long_rvos,e6f1a061ea,1,20,hybrid,predicted_static,point,False,0,1,133,1,0.0,0.25305525743859536,0.12652762871929768,0.0,0.0,0.0,0.0,,1,[],[],
long_rvos/e6f1a061ea/1/20,long_rvos,e6f1a061ea,1,20,hybrid,predicted_static,point,False,1,3,266,1,0.8673120592805067,0.7420859758748369,0.8046990175776718,0.0,0.0,0.0,0.0,,2,[],[],
long_rvos/e6f1a061ea/1/20,long_rvos,e6f1a061ea,1,20,hybrid,predicted_static,point,False,2,5,399,0,1.0,1.0,1.0,1.0,1.0,1.0,1.0,,3,[],[],
long_rvos/e6f1a061ea/1/20,long_rvos,e6f1a061ea,1,20,hybrid,predicted_static,point,False,3,7,533,0,1.0,1.0,1.0,1.0,1.0,1.0,1.0,,4,[],[],
long_rvos/e6f1a061ea/1/20,long_rvos,e6f1a061ea,1,20,hybrid,predicted_static,box,False,0,1,133,1,0.0,0.25305525743859536,0.12652762871929768,0.0,0.25460826062356695,0.12730413031178348,0.9856444234106326,"[0.15625, 0.21875, 0.2921875, 0.78125]",,,,0
long_rvos/e6f1a061ea/1/20,long_rvos,e6f1a061ea,1,20,hybrid,predicted_static,box,False,1,3,266,1,0.8673120592805067,0.7420859758748369,0.8046990175776718,0.0,0.0,0.0,0.0,"[0.1328125, 0.1875, 0.559375, 0.8125]",,,,
long_rvos/e6f1a061ea/1/20,long_rvos,e6f1a061ea,1,20,hybrid,predicted_static,box,False,2,5,399,0,1.0,1.0,1.0,1.0,1.0,1.0,1.0,,,,,
long_rvos/e6f1a061ea/1/20,long_rvos,e6f1a061ea,1,20,hybrid,predicted_static,box,False,3,7,533,0,1.0,1.0,1.0,1.0,1.0,1.0,1.0,,,,,
long_rvos/e6f1a061ea/1/21,long_rvos,e6f1a061ea,1,21,hybrid,predicted_static,point,False,0,1,133,,0.0,0.0,0.0,0.0,0.0,0.0,1.0,,1,[],[],
long_rvos/e6f1a061ea/1/21,long_rvos,e6f1a061ea,1,21,hybrid,predicted_static,point,False,1,3,266,,0.0,0.0,0.0,0.0,0.0,0.0,1.0,,2,[],[],
long_rvos/e6f1a061ea/1/21,long_rvos,e6f1a061ea,1,21,hybrid,predicted_static,point,False,2,5,399,,1.0,1.0,1.0,1.0,1.0,1.0,1.0,,3,[],[],
long_rvos/e6f1a061ea/1/21,long_rvos,e6f1a061ea,1,21,hybrid,predicted_static,point,False,3,7,533,,1.0,1.0,1.0,1.0,1.0,1.0,1.0,,4,[],[],
long_rvos/e6f1a061ea/1/21,long_rvos,e6f1a061ea,1,21,hybrid,predicted_static,box,False,0,1,133,,0.0,0.0,0.0,0.0,0.0,0.0,1.0,,,,,
long_rvos/e6f1a061ea/1/21,long_rvos,e6f1a061ea,1,21,hybrid,predicted_static,box,False,1,3,266,,0.0,0.0,0.0,0.0,0.0,0.0,1.0,,,,,
long_rvos/e6f1a061ea/1/21,long_rvos,e6f1a061ea,1,21,hybrid,predicted_static,box,False,2,5,399,,1.0,1.0,1.0,1.0,1.0,1.0,1.0,,,,,
long_rvos/e6f1a061ea/1/21,long_rvos,e6f1a061ea,1,21,hybrid,predicted_static,box,False,3,7,533,,1.0,1.0,1.0,1.0,1.0,1.0,1.0,,,,,
long_rvos/e6f1a061ea/1/0,long_rvos,e6f1a061ea,1,0,static,predicted_static,point,False,0,1,133,1,0.0,0.2517976511340527,0.12589882556702636,0.0,0.0,0.0,0.0,,1,[],[],
long_rvos/e6f1a061ea/1/0,long_rvos,e6f1a061ea,1,0,static,predicted_static,point,False,1,3,266,1,0.9095499582189328,0.8562043728082757,0.8828771655136043,0.0,0.0,0.0,0.0,,2,[],[],
long_rvos/e6f1a061ea/1/0,long_rvos,e6f1a061ea,1,0,static,predicted_static,point,False,2,5,399,0,1.0,1.0,1.0,1.0,1.0,1.0,1.0,,3,[],[],
long_rvos/e6f1a061ea/1/0,long_rvos,e6f1a061ea,1,0,static,predicted_static,point,False,3,7,533,0,1.0,1.0,1.0,1.0,1.0,1.0,1.0,,4,[],[],
long_rvos/e6f1a061ea/1/0,long_rvos,e6f1a061ea,1,0,static,predicted_static,box,False,0,1,133,1,0.0,0.25305525743859536,0.12652762871929768,0.0,0.25460826062356695,0.12730413031178348,0.9856444234106326,"[0.15625, 0.21875, 0.2921875, 0.78125]",,,,0
long_rvos/e6f1a061ea/1/0,long_rvos,e6f1a061ea,1,0,static,predicted_static,box,False,1,3,266,1,0.8673120592805067,0.7420859758748369,0.8046990175776718,0.0,0.0,0.0,0.0,"[0.1328125, 0.1875, 0.559375, 0.8125]",,,,
long_rvos/e6f1a061ea/1/0,long_rvos,e6f1a061ea,1,0,static,predicted_static,box,False,2,5,399,0,1.0,1.0,1.0,1.0,1.0,1.0,1.0,,,,,
long_rvos/e6f1a061ea/1/0,long_rvos,e6f1a061ea,1,0,static,predicted_static,box,False,3,7,533,0,1.0,1.0,1.0,1.0,1.0,1.0,1.0,,,,,
long_rvos/e6f1a061ea/1/2,long_rvos,e6f1a061ea,1,2,static,predicted_static,point,False,0,1,133,1,0.0,0.2517976511340527,0.12589882556702636,0.0,0.0,0.0,0.0,,1,[],[],
long_rvos/e6f1a061ea/1/2,long_rvos,e6f1a061ea,1,2,static,predicted_static,point,False,1,3,266,1,0.9095499582189328,0.8562043728082757,0.8828771655136043,0.0,0.0,0.0,0.0,,2,[],[],
long_rvos/e6f1a061ea/1/2,long_rvos,e6f1a061ea,1,2,static,predicted_static,point,False,2,5,399,0,1.0,1.0,1.0,1.0,1.0,1.0,1.0,,3,[],[],
long_rvos/e6f1a061ea/1/2,long_rvos,e6f1a061ea,1,2,static,predicted_static,point,False,3,7,533,0,1.0,1.0,1.0,1.0,1.0,1.0,1.0,,4,[],[],
long_rvos/e6f1a061ea/1/2,long_rvos,e6f1a061ea,1,2,static,predicted_static,box,False,0,1,133,1,0.0,0.25305525743859536,0.12652762871929768,0.0,0.25460826062356695,0.12730413031178348,0.9856444234106326,"[0.15625, 0.21875, 0.2921875, 0.78125]",,,,0
long_rvos/e6f1a061ea/1/2,long_rvos,e6f1a061ea,1,2,static,predicted_static,box,False,1,3,266,1,0.8673120592805067,0.7420859758748369,0.8046990175776718,0.0,0.0,0.0,0.0,"[0.1328125, 0.1875, 0.559375, 0.8125]",,,,
long_rvos/e6f1a061ea/1/2,long_rvos,e6f1a061ea,1,2,static,predicted_static,box,False,2,5,399,0,1.0,1.0,1.0,1.0,1.0,1.0,1.0,,,,,
long_rvos/e6f1a061ea/1/2,long_rvos,e6f1a061ea,1,2,static,predicted_static,box,False,3,7,533,0,1.0,1.0,1.0,1.0,1.0,1.0,1.0,,,,,
long_rvos/c73c2a03a0/1/1,long_rvos,c73c2a03a0,1,1,dynamic,predicted_static,point,False,0,1,46,1,0.0,0.0,0.0,0.0,0.0,0.0,1.0,,1,[],[],
long_rvos/c73c2a03a0/1/1,long_rvos,c73c2a03a0,1,1,dynamic,predicted_static,point,False,1,3,93,1,0.0,0.0,0.0,0.0,0.0,0.0,1.0,,2,[],[],
long_rvos/c73c2a03a0/1/1,long_rvos,c73c2a03a0,1,1,dynamic,predicted_static,point,False,2,5,140,1,0.0,0.022602127598235648,0.011301063799117824,0.0,0.0,0.0,0.0,,3,[],[],
long_rvos/c73c2a03a0/1/1,long_rvos,c73c2a03a0,1,1,dynamic,predicted_static,point,False,3,7,187,1,0.0,0.14443485207248968,0.07221742603624484,0.0,0.0,0.0,0.0,,4,[],[],
long_rvos/c73c2a03a0/1/1,long_rvos,c73c2a03a0,1,1,dynamic,predicted_static,box,False,0,1,46,1,0.0,0.0,0.0,0.0,0.0,0.0,1.0,,,,,
long_rvos/c73c2a03a0/1/1,long_rvos,c73c2a03a0,1,1,dynamic,predicted_static,box,False,1,3,93,1,0.0,0.0,0.0,0.0,0.0,0.0,1.0,,,,,
long_rvos/c73c2a03a0/1/1,long_rvos,c73c2a03a0,1,1,dynamic,predicted_static,box,False,2,5,140,1,0.0,0.022602127598235648,0.011301063799117824,0.0,0.022430130742473315,0.011215065371236657,0.5743203230148048,"[0.390625, 0.0, 0.140625, 0.36666666666666664]",,,,0
long_rvos/c73c2a03a0/1/1,long_rvos,c73c2a03a0,1,1,dynamic,predicted_static,box,False,3,7,187,1,0.0,0.14443485207248968,0.07221742603624484,0.0,0.0,0.0,0.0,"[0.0, 0.0, 0.61015625, 1.0]",,,,
long_rvos/c73c2a03a0/1/4,long_rvos,c73c2a03a0,1,4,hybrid,predicted_static,point,False,0,1,46,2,0.0,0.0,0.0,0.0,0.0,0.0,1.0,,1,[],[],
long_rvos/c73c2a03a0/1/4,long_rvos,c73c2a03a0,1,4,hybrid,predicted_static,point,False,1,3,93,0,0.9524866454097478,0.9599220831838383,0.956204364296793,0.0,0.0,0.0,0.0,,2,[],[],
long_rvos/c73c2a03a0/1/4,long_rvos,c73c2a03a0,1,4,hybrid,predicted_static,point,False,2,5,140,0,0.974840746271478,0.9894677465126663,0.9821542463920722,0.0,0.0,0.0,0.0,,3,[],[],
long_rvos/c73c2a03a0/1/4,long_rvos,c73c2a03a0,1,4,hybrid,predicted_static,point,False,3,7,187,0,0.93756358199977,0.9830526376814099,0.9603081098405899,0.0,0.0,0.0,0.0,,4,[],[],
long_rvos/c73c2a03a0/1/4,long_rvos,c73c2a03a0,1,4,hybrid,predicted_static,box,False,0,1,46,2,0.0,0.0,0.0,0.0,0.0,0.0,1.0,,,,,
long_rvos/c73c2a03a0/1/4,long_rvos,c73c2a03a0,1,4,hybrid,predicted_static,box,False,1,3,93,0,0.9524866454097478,0.9599220831838383,0.956204364296793,0.0,0.0,0.0,0.0,"[0.3171875, 0.0125, 0.59296875, 0.9875]",,,,
long_rvos/c73c2a03a0/1/4,long_rvos,c73c2a03a0,1,4,hybrid,predicted_static,box,False,2,5,140,0,0.974840746271478,0.9894677465126663,0.9821542463920722,0.9719953325554259,0.9837504830353285,0.9778729077953772,0.9811991047192723,"[0.20703125, 0.30972222222222223, 0.4046875, 0.6902777777777778]",,,,0
long_rvos/c73c2a03a0/1/4,long_rvos,c73c2a03a0,1,4,hybrid,predicted_static,box,False,3,7,187,0,0.93756358199977,0.9830526376814099,0.9603081098405899,0.8534043642701212,0.8156198310210536,0.8345120976455874,0.8805598583757468,"[0.22734375, 0.5777777777777777, 0.56640625, 0.4222222222222222]",,,,0
long_rvos/c73c2a03a0/1/0,long_rvos,c73c2a03a0,1,0,static,predicted_static,point,False,0,1,46,0,0.7257664084473845,0.7707889314512878,0.7482776699493361,0.0,0.0,0.0,0.0,,1,[],[],
long_rvos/c73c2a03a0/1/0,long_rvos,c73c2a03a0,1,0,static,predicted_static,point,False,1,3,93,0,0.9524866454097478,0.9599220831838383,0.956204364296793,0.0,0.0,0.0,0.0,,2,[],[],
long_rvos/c73c2a03a0/1/0,long_rvos,c73c2a03a0,1,0,static,predicted_static,point,False,2,5,140,0,0.974840746271478,0.9894677465126663,0.9821542463920722,0.0,0.0,0.0,0.0,,3,[],[],
long_rvos/c73c2a03a0/1/0,long_rvos,c73c2a03a0,1,0,static,predicted_static,point,False,3,7,187,0,0.93756358199977,0.9830526376814099,0.9603081098405899,0.0,0.0,0.0,0.0,,4,[],[],
long_rvos/c73c2a03a0/1/0,long_rvos,c73c2a03a0,1,0,static,predicted_static,box,False,0,1,46,0,0.7257664084473845,0.7707889314512878,0.7482776699493361,0.7074630617326619,0.7471434230643054,0.7273032423984837,0.9424040953311525,"[0.40859375, 0.18611111111111112, 0.41640625, 0.6625]",,,,0
long_rvos/c73c2a03a0/1/0,long_rvos,c73c2a03a0,1,0,static,predicted_static,box,False,1,3,93,0,0.9524866454097478,0.9599220831838383,0.956204364296793,0.0,0.0,0.0,0.0,"[0.3171875, 0.0125, 0.59296875, 0.9875]",,,,
long_rvos/c73c2a03a0/1/0,long_rvos,c73c2a03a0,1,0,static,predicted_static,box,False,2,5,140,0,0.974840746271478,0.9894677465126663,0.9821542463920722,0.9719953325554259,0.9837504830353285,0.9778729077953772,0.9811991047192723,"[0.20703125, 0.30972222222222223, 0.4046875, 0.6902777777777778]",,,,0
long_rvos/c73c2a03a0/1/0,long_rvos,c73c2a03a0,1,0,static,predicted_static,box,False,3,7,187,0,0.93756358199977,0.9830526376814099,0.9603081098405899,0.8534043642701212,0.8156198310210536,0.8345120976455874,0.8805598583757468,"[0.22734375, 0.5777777777777777, 0.56640625, 0.4222222222222222]",,,,0
long_rvos/7caa203c75/2/2,long_rvos,7caa203c75,2,2,static,oracle_identity,box,True,0,1,82,4,1.0,1.0,1.0,1.0,1.0,1.0,1.0,,,,,
long_rvos/7caa203c75/2/2,long_rvos,7caa203c75,2,2,static,oracle_identity,box,True,1,3,165,4,0.0,0.0,0.0,0.0,0.0,0.0,1.0,,,,,
long_rvos/7caa203c75/2/2,long_rvos,7caa203c75,2,2,static,oracle_identity,box,True,2,5,247,4,0.9844798466243666,0.9957081545064378,0.9900940005654022,0.7986049770034419,0.3423828326748144,0.5704939048391282,0.8087801867139881,"[0.05, 0.0, 0.675, 0.7722222222222223]",,,,0
long_rvos/7caa203c75/2/2,long_rvos,7caa203c75,2,2,static,oracle_identity,box,True,3,7,330,4,0.0,0.0,0.0,0.0,0.0,0.0,1.0,,,,,
long_rvos/f771c97b16/6/21,long_rvos,f771c97b16,6,21,dynamic,oracle_identity,point,True,0,1,125,0,1.0,1.0,1.0,1.0,1.0,1.0,1.0,,1,[],[],
long_rvos/f771c97b16/6/21,long_rvos,f771c97b16,6,21,dynamic,oracle_identity,point,True,1,3,250,0,1.0,1.0,1.0,1.0,1.0,1.0,1.0,,2,[],[],
long_rvos/f771c97b16/6/21,long_rvos,f771c97b16,6,21,dynamic,oracle_identity,point,True,2,5,375,0,0.7215973003374578,0.967741935483871,0.8446696179106644,0.0,0.0,0.0,0.0,,3,[],[],
long_rvos/f771c97b16/6/21,long_rvos,f771c97b16,6,21,dynamic,oracle_identity,point,True,3,7,500,0,1.0,1.0,1.0,1.0,1.0,1.0,1.0,,4,[],[],
long_rvos/f771c97b16/6/21,long_rvos,f771c97b16,6,21,dynamic,oracle_identity,box,True,0,1,125,0,1.0,1.0,1.0,1.0,1.0,1.0,1.0,,,,,
long_rvos/f771c97b16/6/21,long_rvos,f771c97b16,6,21,dynamic,oracle_identity,box,True,1,3,250,0,1.0,1.0,1.0,1.0,1.0,1.0,1.0,,,,,
long_rvos/f771c97b16/6/21,long_rvos,f771c97b16,6,21,dynamic,oracle_identity,box,True,2,5,375,0,0.7215973003374578,0.967741935483871,0.8446696179106644,0.006266394637132032,0.3167355371900827,0.16150096591360735,0.0066091954022988505,"[0.240625, 0.35833333333333334, 0.50625, 0.19166666666666668]",,,,0
long_rvos/f771c97b16/6/21,long_rvos,f771c97b16,6,21,dynamic,oracle_identity,box,True,3,7,500,0,1.0,1.0,1.0,1.0,1.0,1.0,1.0,,,,,
long_rvos/f771c97b16/6/23,long_rvos,f771c97b16,6,23,dynamic,oracle_identity,point,True,0,1,125,0,1.0,1.0,1.0,1.0,1.0,1.0,1.0,,1,[],[],
long_rvos/f771c97b16/6/23,long_rvos,f771c97b16,6,23,dynamic,oracle_identity,point,True,1,3,250,0,1.0,1.0,1.0,1.0,1.0,1.0,1.0,,2,[],[],
long_rvos/f771c97b16/6/23,long_rvos,f771c97b16,6,23,dynamic,oracle_identity,point,True,2,5,375,0,0.7215973003374578,0.967741935483871,0.8446696179106644,0.0,0.0,0.0,0.0,,3,[],[],
long_rvos/f771c97b16/6/23,long_rvos,f771c97b16,6,23,dynamic,oracle_identity,point,True,3,7,500,0,1.0,1.0,1.0,1.0,1.0,1.0,1.0,,4,[],[],
long_rvos/f771c97b16/6/23,long_rvos,f771c97b16,6,23,dynamic,oracle_identity,box,True,0,1,125,0,1.0,1.0,1.0,1.0,1.0,1.0,1.0,,,,,
long_rvos/f771c97b16/6/23,long_rvos,f771c97b16,6,23,dynamic,oracle_identity,box,True,1,3,250,0,1.0,1.0,1.0,1.0,1.0,1.0,1.0,,,,,
long_rvos/f771c97b16/6/23,long_rvos,f771c97b16,6,23,dynamic,oracle_identity,box,True,2,5,375,0,0.7215973003374578,0.967741935483871,0.8446696179106644,0.006266394637132032,0.3167355371900827,0.16150096591360735,0.0066091954022988505,"[0.240625, 0.35833333333333334, 0.50625, 0.19166666666666668]",,,,0
long_rvos/f771c97b16/6/23,long_rvos,f771c97b16,6,23,dynamic,oracle_identity,box,True,3,7,500,0,1.0,1.0,1.0,1.0,1.0,1.0,1.0,,,,,
long_rvos/f771c97b16/6/33,long_rvos,f771c97b16,6,33,hybrid,oracle_identity,point,True,0,1,125,0,1.0,1.0,1.0,1.0,1.0,1.0,1.0,,1,[],[],
long_rvos/f771c97b16/6/33,long_rvos,f771c97b16,6,33,hybrid,oracle_identity,point,True,1,3,250,0,1.0,1.0,1.0,1.0,1.0,1.0,1.0,,2,[],[],
long_rvos/f771c97b16/6/33,long_rvos,f771c97b16,6,33,hybrid,oracle_identity,point,True,2,5,375,0,0.7215973003374578,0.967741935483871,0.8446696179106644,0.0,0.0,0.0,0.0,,3,[],[],
long_rvos/f771c97b16/6/33,long_rvos,f771c97b16,6,33,hybrid,oracle_identity,point,True,3,7,500,0,1.0,1.0,1.0,1.0,1.0,1.0,1.0,,4,[],[],
long_rvos/f771c97b16/6/33,long_rvos,f771c97b16,6,33,hybrid,oracle_identity,box,True,0,1,125,0,1.0,1.0,1.0,1.0,1.0,1.0,1.0,,,,,
long_rvos/f771c97b16/6/33,long_rvos,f771c97b16,6,33,hybrid,oracle_identity,box,True,1,3,250,0,1.0,1.0,1.0,1.0,1.0,1.0,1.0,,,,,
long_rvos/f771c97b16/6/33,long_rvos,f771c97b16,6,33,hybrid,oracle_identity,box,True,2,5,375,0,0.7175141242937854,0.9583333333333334,0.8379237288135594,0.024036878498518273,0.23395498138994467,0.12899592994423148,0.049342105263157895,"[0.240625, 0.10833333333333334, 0.50625, 0.44166666666666665]",,,,0
long_rvos/f771c97b16/6/33,long_rvos,f771c97b16,6,33,hybrid,oracle_identity,box,True,3,7,500,0,1.0,1.0,1.0,1.0,1.0,1.0,1.0,,,,,
long_rvos/f771c97b16/6/20,long_rvos,f771c97b16,6,20,static,oracle_identity,point,True,0,1,125,0,1.0,1.0,1.0,1.0,1.0,1.0,1.0,,1,[],[],
long_rvos/f771c97b16/6/20,long_rvos,f771c97b16,6,20,static,oracle_identity,point,True,1,3,250,0,1.0,1.0,1.0,1.0,1.0,1.0,1.0,,2,[],[],
long_rvos/f771c97b16/6/20,long_rvos,f771c97b16,6,20,static,oracle_identity,point,True,2,5,375,0,0.7215973003374578,0.967741935483871,0.8446696179106644,0.0,0.0,0.0,0.0,,3,[],[],
long_rvos/f771c97b16/6/20,long_rvos,f771c97b16,6,20,static,oracle_identity,point,True,3,7,500,0,1.0,1.0,1.0,1.0,1.0,1.0,1.0,,4,[],[],
long_rvos/f771c97b16/6/20,long_rvos,f771c97b16,6,20,static,oracle_identity,box,True,0,1,125,0,1.0,1.0,1.0,1.0,1.0,1.0,1.0,,,,,
long_rvos/f771c97b16/6/20,long_rvos,f771c97b16,6,20,static,oracle_identity,box,True,1,3,250,0,1.0,1.0,1.0,1.0,1.0,1.0,1.0,,,,,
long_rvos/f771c97b16/6/20,long_rvos,f771c97b16,6,20,static,oracle_identity,box,True,2,5,375,0,0.7215973003374578,0.967741935483871,0.8446696179106644,0.006266394637132032,0.3167355371900827,0.16150096591360735,0.0066091954022988505,"[0.240625, 0.35833333333333334, 0.50625, 0.19166666666666668]",,,,0
long_rvos/f771c97b16/6/20,long_rvos,f771c97b16,6,20,static,oracle_identity,box,True,3,7,500,0,1.0,1.0,1.0,1.0,1.0,1.0,1.0,,,,,
long_rvos/f771c97b16/6/22,long_rvos,f771c97b16,6,22,static,oracle_identity,point,True,0,1,125,0,1.0,1.0,1.0,1.0,1.0,1.0,1.0,,1,[],[],
long_rvos/f771c97b16/6/22,long_rvos,f771c97b16,6,22,static,oracle_identity,point,True,1,3,250,0,1.0,1.0,1.0,1.0,1.0,1.0,1.0,,2,[],[],
long_rvos/f771c97b16/6/22,long_rvos,f771c97b16,6,22,static,oracle_identity,point,True,2,5,375,0,0.724197247706422,0.9891304347826088,0.8566638412445153,0.0,0.0,0.0,0.0,,3,[],[],
long_rvos/f771c97b16/6/22,long_rvos,f771c97b16,6,22,static,oracle_identity,point,True,3,7,500,0,1.0,1.0,1.0,1.0,1.0,1.0,1.0,,4,[],[],
long_rvos/f771c97b16/6/22,long_rvos,f771c97b16,6,22,static,oracle_identity,box,True,0,1,125,0,1.0,1.0,1.0,1.0,1.0,1.0,1.0,,,,,
long_rvos/f771c97b16/6/22,long_rvos,f771c97b16,6,22,static,oracle_identity,box,True,1,3,250,0,1.0,1.0,1.0,1.0,1.0,1.0,1.0,,,,,
long_rvos/f771c97b16/6/22,long_rvos,f771c97b16,6,22,static,oracle_identity,box,True,2,5,375,0,0.724197247706422,0.9891304347826088,0.8566638412445153,0.0,0.0,0.0,0.0,"[0.4765625, 0.43125, 0.2703125, 0.11875]",,,,
long_rvos/f771c97b16/6/22,long_rvos,f771c97b16,6,22,static,oracle_identity,box,True,3,7,500,0,1.0,1.0,1.0,1.0,1.0,1.0,1.0,,,,,
long_rvos/68170c3f7a/2/5,long_rvos,68170c3f7a,2,5,dynamic,oracle_identity,point,True,0,1,134,0,1.0,1.0,1.0,1.0,1.0,1.0,1.0,,1,[],[],
long_rvos/68170c3f7a/2/5,long_rvos,68170c3f7a,2,5,dynamic,oracle_identity,point,True,1,3,269,0,0.6220886551465064,0.6887015344823298,0.655395094814418,0.0,0.0,0.0,0.0,,2,[],[],
long_rvos/68170c3f7a/2/5,long_rvos,68170c3f7a,2,5,dynamic,oracle_identity,point,True,2,5,404,0,0.36712857393439746,0.1797742413027387,0.27345140761856807,0.0,0.0,0.0,0.0,,3,[],[],
long_rvos/68170c3f7a/2/5,long_rvos,68170c3f7a,2,5,dynamic,oracle_identity,point,True,3,7,539,0,1.0,1.0,1.0,1.0,1.0,1.0,1.0,,4,[],[],
long_rvos/68170c3f7a/2/5,long_rvos,68170c3f7a,2,5,dynamic,oracle_identity,box,True,0,1,134,0,1.0,1.0,1.0,1.0,1.0,1.0,1.0,,,,,
long_rvos/68170c3f7a/2/5,long_rvos,68170c3f7a,2,5,dynamic,oracle_identity,box,True,1,3,269,0,0.6220886551465064,0.6887015344823298,0.655395094814418,0.6115855922762718,0.7005006827492035,0.6560431375127377,0.8741794310722101,"[0.521875, 0.45, 0.0671875, 0.1375]",,,,0
long_rvos/68170c3f7a/2/5,long_rvos,68170c3f7a,2,5,dynamic,oracle_identity,box,True,2,5,404,0,0.36712857393439746,0.1797742413027387,0.27345140761856807,0.0,0.0,0.0,0.0,"[0.8625, 0.7604166666666666, 0.0859375, 0.21666666666666667]",,,,
long_rvos/68170c3f7a/2/5,long_rvos,68170c3f7a,2,5,dynamic,oracle_identity,box,True,3,7,539,0,1.0,1.0,1.0,1.0,1.0,1.0,1.0,,,,,
long_rvos/68170c3f7a/2/7,long_rvos,68170c3f7a,2,7,dynamic,oracle_identity,point,True,0,1,134,0,1.0,1.0,1.0,1.0,1.0,1.0,1.0,,1,[],[],
long_rvos/68170c3f7a/2/7,long_rvos,68170c3f7a,2,7,dynamic,oracle_identity,point,True,1,3,269,0,0.5310003803727653,0.5998974884674526,0.565448934420109,0.0,0.0,0.0,0.0,,2,[],[],
long_rvos/68170c3f7a/2/7,long_rvos,68170c3f7a,2,7,dynamic,oracle_identity,point,True,2,5,404,0,0.3712309329549486,0.20481829318089018,0.2880246130679194,0.0,0.0,0.0,0.0,,3,[],[],
long_rvos/68170c3f7a/2/7,long_rvos,68170c3f7a,2,7,dynamic,oracle_identity,point,True,3,7,539,0,1.0,1.0,1.0,1.0,1.0,1.0,1.0,,4,[],[],
long_rvos/68170c3f7a/2/7,long_rvos,68170c3f7a,2,7,dynamic,oracle_identity,box,True,0,1,134,0,1.0,1.0,1.0,1.0,1.0,1.0,1.0,,,,,
long_rvos/68170c3f7a/2/7,long_rvos,68170c3f7a,2,7,dynamic,oracle_identity,box,True,1,3,269,0,0.5310003803727653,0.5998974884674526,0.565448934420109,0.0,0.0,0.0,0.0,"[0.5234375, 0.45, 0.05625, 0.11875]",,,,
long_rvos/68170c3f7a/2/7,long_rvos,68170c3f7a,2,7,dynamic,oracle_identity,box,True,2,5,404,0,0.3712309329549486,0.20481829318089018,0.2880246130679194,0.0,0.0,0.0,0.0,"[0.8625, 0.7625, 0.0859375, 0.2125]",,,,
long_rvos/68170c3f7a/2/7,long_rvos,68170c3f7a,2,7,dynamic,oracle_identity,box,True,3,7,539,0,1.0,1.0,1.0,1.0,1.0,1.0,1.0,,,,,
long_rvos/68170c3f7a/2/9,long_rvos,68170c3f7a,2,9,hybrid,oracle_identity,point,True,0,1,134,0,1.0,1.0,1.0,1.0,1.0,1.0,1.0,,1,[],[],
long_rvos/68170c3f7a/2/9,long_rvos,68170c3f7a,2,9,hybrid,oracle_identity,point,True,1,3,269,0,0.5310003803727653,0.5998974884674526,0.565448934420109,0.0,0.0,0.0,0.0,,2,[],[],
long_rvos/68170c3f7a/2/9,long_rvos,68170c3f7a,2,9,hybrid,oracle_identity,point,True,2,5,404,0,0.3712309329549486,0.20481829318089018,0.2880246130679194,0.0,0.0,0.0,0.0,,3,[],[],
long_rvos/68170c3f7a/2/9,long_rvos,68170c3f7a,2,9,hybrid,oracle_identity,point,True,3,7,539,0,1.0,1.0,1.0,1.0,1.0,1.0,1.0,,4,[],[],
long_rvos/68170c3f7a/2/9,long_rvos,68170c3f7a,2,9,hybrid,oracle_identity,box,True,0,1,134,0,1.0,1.0,1.0,1.0,1.0,1.0,1.0,,,,,
long_rvos/68170c3f7a/2/9,long_rvos,68170c3f7a,2,9,hybrid,oracle_identity,box,True,1,3,269,0,0.5310003803727653,0.5998974884674526,0.565448934420109,0.0,0.0,0.0,0.0,"[0.5234375, 0.45, 0.05625, 0.11875]",,,,
long_rvos/68170c3f7a/2/9,long_rvos,68170c3f7a,2,9,hybrid,oracle_identity,box,True,2,5,404,0,0.3712309329549486,0.20481829318089018,0.2880246130679194,0.0,0.0,0.0,0.0,"[0.8625, 0.7625, 0.0859375, 0.2125]",,,,
long_rvos/68170c3f7a/2/9,long_rvos,68170c3f7a,2,9,hybrid,oracle_identity,box,True,3,7,539,0,1.0,1.0,1.0,1.0,1.0,1.0,1.0,,,,,
long_rvos/68170c3f7a/2/4,long_rvos,68170c3f7a,2,4,static,oracle_identity,point,True,0,1,134,0,1.0,1.0,1.0,1.0,1.0,1.0,1.0,,1,[],[],
long_rvos/68170c3f7a/2/4,long_rvos,68170c3f7a,2,4,static,oracle_identity,point,True,1,3,269,0,0.0,0.0,0.0,0.0,0.0,0.0,1.0,,2,[],[],
long_rvos/68170c3f7a/2/4,long_rvos,68170c3f7a,2,4,static,oracle_identity,point,True,2,5,404,0,0.0,0.0,0.0,0.0,0.0,0.0,1.0,,3,[],[],
long_rvos/68170c3f7a/2/4,long_rvos,68170c3f7a,2,4,static,oracle_identity,point,True,3,7,539,0,1.0,1.0,1.0,1.0,1.0,1.0,1.0,,4,[],[],
long_rvos/68170c3f7a/2/4,long_rvos,68170c3f7a,2,4,static,oracle_identity,box,True,0,1,134,0,1.0,1.0,1.0,1.0,1.0,1.0,1.0,,,,,
long_rvos/68170c3f7a/2/4,long_rvos,68170c3f7a,2,4,static,oracle_identity,box,True,1,3,269,0,0.0,0.0,0.0,0.0,0.0,0.0,1.0,,,,,
long_rvos/68170c3f7a/2/4,long_rvos,68170c3f7a,2,4,static,oracle_identity,box,True,2,5,404,0,0.0,0.0,0.0,0.0,0.0,0.0,1.0,,,,,
long_rvos/68170c3f7a/2/4,long_rvos,68170c3f7a,2,4,static,oracle_identity,box,True,3,7,539,0,1.0,1.0,1.0,1.0,1.0,1.0,1.0,,,,,
long_rvos/68170c3f7a/2/6,long_rvos,68170c3f7a,2,6,static,oracle_identity,point,True,0,1,134,0,1.0,1.0,1.0,1.0,1.0,1.0,1.0,,1,[],[],
long_rvos/68170c3f7a/2/6,long_rvos,68170c3f7a,2,6,static,oracle_identity,point,True,1,3,269,0,0.5310003803727653,0.5998974884674526,0.565448934420109,0.0,0.0,0.0,0.0,,2,[],[],
long_rvos/68170c3f7a/2/6,long_rvos,68170c3f7a,2,6,static,oracle_identity,point,True,2,5,404,0,0.3712309329549486,0.20481829318089018,0.2880246130679194,0.0,0.0,0.0,0.0,,3,[],[],
long_rvos/68170c3f7a/2/6,long_rvos,68170c3f7a,2,6,static,oracle_identity,point,True,3,7,539,0,1.0,1.0,1.0,1.0,1.0,1.0,1.0,,4,[],[],
long_rvos/68170c3f7a/2/6,long_rvos,68170c3f7a,2,6,static,oracle_identity,box,True,0,1,134,0,1.0,1.0,1.0,1.0,1.0,1.0,1.0,,,,,
long_rvos/68170c3f7a/2/6,long_rvos,68170c3f7a,2,6,static,oracle_identity,box,True,1,3,269,0,0.5310003803727653,0.5998974884674526,0.565448934420109,0.0,0.0,0.0,0.0,"[0.5234375, 0.45, 0.05625, 0.11875]",,,,
long_rvos/68170c3f7a/2/6,long_rvos,68170c3f7a,2,6,static,oracle_identity,box,True,2,5,404,0,0.3712309329549486,0.20481829318089018,0.2880246130679194,0.0,0.0,0.0,0.0,"[0.8625, 0.7625, 0.0859375, 0.2125]",,,,
long_rvos/68170c3f7a/2/6,long_rvos,68170c3f7a,2,6,static,oracle_identity,box,True,3,7,539,0,1.0,1.0,1.0,1.0,1.0,1.0,1.0,,,,,
long_rvos/bda2f20019/3/11,long_rvos,bda2f20019,3,11,dynamic,oracle_identity,point,True,0,1,58,0,0.973599833437435,0.9932249322493225,0.9834123828433787,0.0,0.0,0.0,0.0,,1,[],[],
long_rvos/bda2f20019/3/11,long_rvos,bda2f20019,3,11,dynamic,oracle_identity,point,True,1,3,117,0,1.0,1.0,1.0,1.0,1.0,1.0,1.0,,2,[],[],
long_rvos/bda2f20019/3/11,long_rvos,bda2f20019,3,11,dynamic,oracle_identity,point,True,2,5,175,0,0.9884452160493827,1.0,0.9942226080246914,0.0,0.0,0.0,0.0,,3,[],[],
long_rvos/bda2f20019/3/11,long_rvos,bda2f20019,3,11,dynamic,oracle_identity,point,True,3,7,234,0,0.9697685869030035,1.0,0.9848842934515017,0.0,0.0,0.0,0.0,,4,[],[],
long_rvos/bda2f20019/3/11,long_rvos,bda2f20019,3,11,dynamic,oracle_identity,box,True,0,1,58,0,0.973599833437435,0.9932249322493225,0.9834123828433787,0.0,0.0,0.0,0.0,"[0.34921875, 0.7333333333333333, 0.1671875, 0.26666666666666666]",,,,
long_rvos/bda2f20019/3/11,long_rvos,bda2f20019,3,11,dynamic,oracle_identity,box,True,1,3,117,0,1.0,1.0,1.0,1.0,1.0,1.0,1.0,,,,,
long_rvos/bda2f20019/3/11,long_rvos,bda2f20019,3,11,dynamic,oracle_identity,box,True,2,5,175,0,0.9884452160493827,1.0,0.9942226080246914,0.9830521576130017,1.0,0.9915260788065008,0.987958359229335,"[0.22890625, 0.24861111111111112, 0.3015625, 0.44166666666666665]",,,,0
long_rvos/bda2f20019/3/11,long_rvos,bda2f20019,3,11,dynamic,oracle_identity,box,True,3,7,234,0,0.9697685869030035,1.0,0.9848842934515017,0.9696756702480168,1.0,0.9848378351240084,0.9587393119904554,"[0.50703125, 0.8458333333333333, 0.11953125, 0.15416666666666667]",,,,0
long_rvos/bda2f20019/3/9,long_rvos,bda2f20019,3,9,dynamic,oracle_identity,point,True,0,1,58,0,0.973599833437435,0.9932249322493225,0.9834123828433787,0.0,0.0,0.0,0.0,,1,[],[],
long_rvos/bda2f20019/3/9,long_rvos,bda2f20019,3,9,dynamic,oracle_identity,point,True,1,3,117,0,1.0,1.0,1.0,1.0,1.0,1.0,1.0,,2,[],[],
long_rvos/bda2f20019/3/9,long_rvos,bda2f20019,3,9,dynamic,oracle_identity,point,True,2,5,175,0,0.9884452160493827,1.0,0.9942226080246914,0.0,0.0,0.0,0.0,,3,[],[],
long_rvos/bda2f20019/3/9,long_rvos,bda2f20019,3,9,dynamic,oracle_identity,point,True,3,7,234,0,0.9697685869030035,1.0,0.9848842934515017,0.0,0.0,0.0,0.0,,4,[],[],
long_rvos/bda2f20019/3/9,long_rvos,bda2f20019,3,9,dynamic,oracle_identity,box,True,0,1,58,0,0.973599833437435,0.9932249322493225,0.9834123828433787,0.0,0.0,0.0,0.0,"[0.34921875, 0.7333333333333333, 0.1671875, 0.26666666666666666]",,,,
long_rvos/bda2f20019/3/9,long_rvos,bda2f20019,3,9,dynamic,oracle_identity,box,True,1,3,117,0,1.0,1.0,1.0,1.0,1.0,1.0,1.0,,,,,
long_rvos/bda2f20019/3/9,long_rvos,bda2f20019,3,9,dynamic,oracle_identity,box,True,2,5,175,0,0.9884452160493827,1.0,0.9942226080246914,0.9830521576130017,1.0,0.9915260788065008,0.987958359229335,"[0.22890625, 0.24861111111111112, 0.3015625, 0.44166666666666665]",,,,0
long_rvos/bda2f20019/3/9,long_rvos,bda2f20019,3,9,dynamic,oracle_identity,box,True,3,7,234,0,0.9697685869030035,1.0,0.9848842934515017,0.9696756702480168,1.0,0.9848378351240084,0.9587393119904554,"[0.50703125, 0.8458333333333333, 0.11953125, 0.15416666666666667]",,,,0
long_rvos/bda2f20019/3/20,long_rvos,bda2f20019,3,20,hybrid,oracle_identity,point,True,0,1,58,0,0.9733366662500521,0.9932249322493225,0.9832807992496873,0.0,0.0,0.0,0.0,,1,[],[],
long_rvos/bda2f20019/3/20,long_rvos,bda2f20019,3,20,hybrid,oracle_identity,point,True,1,3,117,0,1.0,1.0,1.0,1.0,1.0,1.0,1.0,,2,[],[],
long_rvos/bda2f20019/3/20,long_rvos,bda2f20019,3,20,hybrid,oracle_identity,point,True,2,5,175,0,0.9881126978000772,1.0,0.9940563489000386,0.0,0.0,0.0,0.0,,3,[],[],
long_rvos/bda2f20019/3/20,long_rvos,bda2f20019,3,20,hybrid,oracle_identity,point,True,3,7,234,0,0.9692580549807863,1.0,0.9846290274903932,0.0,0.0,0.0,0.0,,4,[],[],
long_rvos/bda2f20019/3/20,long_rvos,bda2f20019,3,20,hybrid,oracle_identity,box,True,0,1,58,0,0.973599833437435,0.9932249322493225,0.9834123828433787,0.0,0.0,0.0,0.0,"[0.34921875, 0.7333333333333333, 0.1671875, 0.26666666666666666]",,,,
long_rvos/bda2f20019/3/20,long_rvos,bda2f20019,3,20,hybrid,oracle_identity,box,True,1,3,117,0,1.0,1.0,1.0,1.0,1.0,1.0,1.0,,,,,
long_rvos/bda2f20019/3/20,long_rvos,bda2f20019,3,20,hybrid,oracle_identity,box,True,2,5,175,0,0.9884452160493827,1.0,0.9942226080246914,0.9830521576130017,1.0,0.9915260788065008,0.987958359229335,"[0.22890625, 0.24861111111111112, 0.3015625, 0.44166666666666665]",,,,0
long_rvos/bda2f20019/3/20,long_rvos,bda2f20019,3,20,hybrid,oracle_identity,box,True,3,7,234,0,0.9697685869030035,1.0,0.9848842934515017,0.9696756702480168,1.0,0.9848378351240084,0.9587393119904554,"[0.50703125, 0.8458333333333333, 0.11953125, 0.15416666666666667]",,,,0
long_rvos/bda2f20019/3/21,long_rvos,bda2f20019,3,21,hybrid,oracle_identity,point,True,0,1,58,,0.0,0.0,0.0,0.0,0.0,0.0,1.0,,1,[],[],
long_rvos/bda2f20019/3/21,long_rvos,bda2f20019,3,21,hybrid,oracle_identity,point,True,1,3,117,,1.0,1.0,1.0,1.0,1.0,1.0,1.0,,2,[],[],
long_rvos/bda2f20019/3/21,long_rvos,bda2f20019,3,21,hybrid,oracle_identity,point,True,2,5,175,,0.0,0.0,0.0,0.0,0.0,0.0,1.0,,3,[],[],
long_rvos/bda2f20019/3/21,long_rvos,bda2f20019,3,21,hybrid,oracle_identity,point,True,3,7,234,,0.0,0.0,0.0,0.0,0.0,0.0,1.0,,4,[],[],
long_rvos/bda2f20019/3/21,long_rvos,bda2f20019,3,21,hybrid,oracle_identity,box,True,0,1,58,,0.0,0.0,0.0,0.0,0.0,0.0,1.0,,,,,
long_rvos/bda2f20019/3/21,long_rvos,bda2f20019,3,21,hybrid,oracle_identity,box,True,1,3,117,,1.0,1.0,1.0,1.0,1.0,1.0,1.0,,,,,
long_rvos/bda2f20019/3/21,long_rvos,bda2f20019,3,21,hybrid,oracle_identity,box,True,2,5,175,,0.0,0.0,0.0,0.0,0.0,0.0,1.0,,,,,
long_rvos/bda2f20019/3/21,long_rvos,bda2f20019,3,21,hybrid,oracle_identity,box,True,3,7,234,,0.0,0.0,0.0,0.0,0.0,0.0,1.0,,,,,
long_rvos/bda2f20019/3/10,long_rvos,bda2f20019,3,10,static,oracle_identity,point,True,0,1,58,,0.0,0.0,0.0,0.0,0.0,0.0,1.0,,1,[],[],
long_rvos/bda2f20019/3/10,long_rvos,bda2f20019,3,10,static,oracle_identity,point,True,1,3,117,,1.0,1.0,1.0,1.0,1.0,1.0,1.0,,2,[],[],
long_rvos/bda2f20019/3/10,long_rvos,bda2f20019,3,10,static,oracle_identity,point,True,2,5,175,,0.0,0.0,0.0,0.0,0.0,0.0,1.0,,3,[],[],
long_rvos/bda2f20019/3/10,long_rvos,bda2f20019,3,10,static,oracle_identity,point,True,3,7,234,,0.0,0.0,0.0,0.0,0.0,0.0,1.0,,4,[],[],
long_rvos/bda2f20019/3/10,long_rvos,bda2f20019,3,10,static,oracle_identity,box,True,0,1,58,,0.0,0.0,0.0,0.0,0.0,0.0,1.0,,,,,
long_rvos/bda2f20019/3/10,long_rvos,bda2f20019,3,10,static,oracle_identity,box,True,1,3,117,,1.0,1.0,1.0,1.0,1.0,1.0,1.0,,,,,
long_rvos/bda2f20019/3/10,long_rvos,bda2f20019,3,10,static,oracle_identity,box,True,2,5,175,,0.0,0.0,0.0,0.0,0.0,0.0,1.0,,,,,
long_rvos/bda2f20019/3/10,long_rvos,bda2f20019,3,10,static,oracle_identity,box,True,3,7,234,,0.0,0.0,0.0,0.0,0.0,0.0,1.0,,,,,
long_rvos/bda2f20019/3/8,long_rvos,bda2f20019,3,8,static,oracle_identity,point,True,0,1,58,0,0.9733366662500521,0.9932249322493225,0.9832807992496873,0.0,0.0,0.0,0.0,,1,[],[],
long_rvos/bda2f20019/3/8,long_rvos,bda2f20019,3,8,static,oracle_identity,point,True,1,3,117,0,1.0,1.0,1.0,1.0,1.0,1.0,1.0,,2,[],[],
long_rvos/bda2f20019/3/8,long_rvos,bda2f20019,3,8,static,oracle_identity,point,True,2,5,175,0,0.9881126978000772,1.0,0.9940563489000386,0.0,0.0,0.0,0.0,,3,[],[],
long_rvos/bda2f20019/3/8,long_rvos,bda2f20019,3,8,static,oracle_identity,point,True,3,7,234,0,0.9692580549807863,1.0,0.9846290274903932,0.0,0.0,0.0,0.0,,4,[],[],
long_rvos/bda2f20019/3/8,long_rvos,bda2f20019,3,8,static,oracle_identity,box,True,0,1,58,0,0.973599833437435,0.9932249322493225,0.9834123828433787,0.0,0.0,0.0,0.0,"[0.34921875, 0.7333333333333333, 0.1671875, 0.26666666666666666]",,,,
long_rvos/bda2f20019/3/8,long_rvos,bda2f20019,3,8,static,oracle_identity,box,True,1,3,117,0,1.0,1.0,1.0,1.0,1.0,1.0,1.0,,,,,
long_rvos/bda2f20019/3/8,long_rvos,bda2f20019,3,8,static,oracle_identity,box,True,2,5,175,0,0.9884452160493827,1.0,0.9942226080246914,0.9830521576130017,1.0,0.9915260788065008,0.987958359229335,"[0.22890625, 0.24861111111111112, 0.3015625, 0.44166666666666665]",,,,0
long_rvos/bda2f20019/3/8,long_rvos,bda2f20019,3,8,static,oracle_identity,box,True,3,7,234,0,0.9697685869030035,1.0,0.9848842934515017,0.9696756702480168,1.0,0.9848378351240084,0.9587393119904554,"[0.50703125, 0.8458333333333333, 0.11953125, 0.15416666666666667]",,,,0
long_rvos/c733601fcd/1/1,long_rvos,c733601fcd,1,1,dynamic,oracle_identity,point,True,0,1,58,,0.0,0.0,0.0,0.0,0.0,0.0,1.0,,1,[],[],
long_rvos/c733601fcd/1/1,long_rvos,c733601fcd,1,1,dynamic,oracle_identity,point,True,1,3,117,,1.0,1.0,1.0,1.0,1.0,1.0,1.0,,2,[],[],
long_rvos/c733601fcd/1/1,long_rvos,c733601fcd,1,1,dynamic,oracle_identity,point,True,2,5,175,,1.0,1.0,1.0,1.0,1.0,1.0,1.0,,3,[],[],
long_rvos/c733601fcd/1/1,long_rvos,c733601fcd,1,1,dynamic,oracle_identity,point,True,3,7,234,,1.0,1.0,1.0,1.0,1.0,1.0,1.0,,4,[],[],
long_rvos/c733601fcd/1/1,long_rvos,c733601fcd,1,1,dynamic,oracle_identity,box,True,0,1,58,,0.0,0.0,0.0,0.0,0.0,0.0,1.0,,,,,
long_rvos/c733601fcd/1/1,long_rvos,c733601fcd,1,1,dynamic,oracle_identity,box,True,1,3,117,,1.0,1.0,1.0,1.0,1.0,1.0,1.0,,,,,
long_rvos/c733601fcd/1/1,long_rvos,c733601fcd,1,1,dynamic,oracle_identity,box,True,2,5,175,,1.0,1.0,1.0,1.0,1.0,1.0,1.0,,,,,
long_rvos/c733601fcd/1/1,long_rvos,c733601fcd,1,1,dynamic,oracle_identity,box,True,3,7,234,,1.0,1.0,1.0,1.0,1.0,1.0,1.0,,,,,
long_rvos/c733601fcd/1/4,long_rvos,c733601fcd,1,4,hybrid,oracle_identity,point,True,0,1,58,0,0.9763456609300623,1.0,0.9881728304650311,0.0,0.0,0.0,0.0,,1,[],[],
long_rvos/c733601fcd/1/4,long_rvos,c733601fcd,1,4,hybrid,oracle_identity,point,True,1,3,117,0,1.0,1.0,1.0,1.0,1.0,1.0,1.0,,2,[],[],
long_rvos/c733601fcd/1/4,long_rvos,c733601fcd,1,4,hybrid,oracle_identity,point,True,2,5,175,0,1.0,1.0,1.0,1.0,1.0,1.0,1.0,,3,[],[],
long_rvos/c733601fcd/1/4,long_rvos,c733601fcd,1,4,hybrid,oracle_identity,point,True,3,7,234,0,1.0,1.0,1.0,1.0,1.0,1.0,1.0,,4,[],[],
long_rvos/c733601fcd/1/4,long_rvos,c733601fcd,1,4,hybrid,oracle_identity,box,True,0,1,58,0,0.9763456609300623,1.0,0.9881728304650311,0.5222431816395504,0.7184677384241006,0.6203554600318255,0.531173834420945,"[0.271875, 0.8638888888888889, 0.33984375, 0.1361111111111111]",,,,0
long_rvos/c733601fcd/1/4,long_rvos,c733601fcd,1,4,hybrid,oracle_identity,box,True,1,3,117,0,1.0,1.0,1.0,1.0,1.0,1.0,1.0,,,,,
long_rvos/c733601fcd/1/4,long_rvos,c733601fcd,1,4,hybrid,oracle_identity,box,True,2,5,175,0,1.0,1.0,1.0,1.0,1.0,1.0,1.0,,,,,
long_rvos/c733601fcd/1/4,long_rvos,c733601fcd,1,4,hybrid,oracle_identity,box,True,3,7,234,0,1.0,1.0,1.0,1.0,1.0,1.0,1.0,,,,,
long_rvos/c733601fcd/1/0,long_rvos,c733601fcd,1,0,static,oracle_identity,point,True,0,1,58,,0.0,0.0,0.0,0.0,0.0,0.0,1.0,,1,[],[],
long_rvos/c733601fcd/1/0,long_rvos,c733601fcd,1,0,static,oracle_identity,point,True,1,3,117,,1.0,1.0,1.0,1.0,1.0,1.0,1.0,,2,[],[],
long_rvos/c733601fcd/1/0,long_rvos,c733601fcd,1,0,static,oracle_identity,point,True,2,5,175,,1.0,1.0,1.0,1.0,1.0,1.0,1.0,,3,[],[],
long_rvos/c733601fcd/1/0,long_rvos,c733601fcd,1,0,static,oracle_identity,point,True,3,7,234,,1.0,1.0,1.0,1.0,1.0,1.0,1.0,,4,[],[],
long_rvos/c733601fcd/1/0,long_rvos,c733601fcd,1,0,static,oracle_identity,box,True,0,1,58,,0.0,0.0,0.0,0.0,0.0,0.0,1.0,,,,,
long_rvos/c733601fcd/1/0,long_rvos,c733601fcd,1,0,static,oracle_identity,box,True,1,3,117,,1.0,1.0,1.0,1.0,1.0,1.0,1.0,,,,,
long_rvos/c733601fcd/1/0,long_rvos,c733601fcd,1,0,static,oracle_identity,box,True,2,5,175,,1.0,1.0,1.0,1.0,1.0,1.0,1.0,,,,,
long_rvos/c733601fcd/1/0,long_rvos,c733601fcd,1,0,static,oracle_identity,box,True,3,7,234,,1.0,1.0,1.0,1.0,1.0,1.0,1.0,,,,,
long_rvos/8b0e20e373/1/1,long_rvos,8b0e20e373,1,1,dynamic,oracle_identity,point,True,0,1,125,0,0.97153939020318,0.9082991803278689,0.9399192852655245,0.0,0.0,0.0,0.0,,1,[],[],
long_rvos/8b0e20e373/1/1,long_rvos,8b0e20e373,1,1,dynamic,oracle_identity,point,True,1,3,251,0,1.0,1.0,1.0,1.0,1.0,1.0,1.0,,2,[],[],
long_rvos/8b0e20e373/1/1,long_rvos,8b0e20e373,1,1,dynamic,oracle_identity,point,True,2,5,377,0,1.0,1.0,1.0,1.0,1.0,1.0,1.0,,3,[],[],
long_rvos/8b0e20e373/1/1,long_rvos,8b0e20e373,1,1,dynamic,oracle_identity,point,True,3,7,503,0,1.0,1.0,1.0,1.0,1.0,1.0,1.0,,4,[],[],
long_rvos/8b0e20e373/1/1,long_rvos,8b0e20e373,1,1,dynamic,oracle_identity,box,True,0,1,125,0,0.97153939020318,0.9082991803278689,0.9399192852655245,0.9648922524371473,0.8695861405197306,0.917239196478439,0.9862733340285744,"[0.05, 0.09154929577464789, 0.8359375, 0.9084507042253521]",,,,0
long_rvos/8b0e20e373/1/1,long_rvos,8b0e20e373,1,1,dynamic,oracle_identity,box,True,1,3,251,0,1.0,1.0,1.0,1.0,1.0,1.0,1.0,,,,,
long_rvos/8b0e20e373/1/1,long_rvos,8b0e20e373,1,1,dynamic,oracle_identity,box,True,2,5,377,0,1.0,1.0,1.0,1.0,1.0,1.0,1.0,,,,,
long_rvos/8b0e20e373/1/1,long_rvos,8b0e20e373,1,1,dynamic,oracle_identity,box,True,3,7,503,0,1.0,1.0,1.0,1.0,1.0,1.0,1.0,,,,,
long_rvos/8b0e20e373/1/5,long_rvos,8b0e20e373,1,5,hybrid,oracle_identity,point,True,0,1,125,0,0.97153939020318,0.9082991803278689,0.9399192852655245,0.0,0.0,0.0,0.0,,1,[],[],
long_rvos/8b0e20e373/1/5,long_rvos,8b0e20e373,1,5,hybrid,oracle_identity,point,True,1,3,251,0,1.0,1.0,1.0,1.0,1.0,1.0,1.0,,2,[],[],
long_rvos/8b0e20e373/1/5,long_rvos,8b0e20e373,1,5,hybrid,oracle_identity,point,True,2,5,377,0,1.0,1.0,1.0,1.0,1.0,1.0,1.0,,3,[],[],
long_rvos/8b0e20e373/1/5,long_rvos,8b0e20e373,1,5,hybrid,oracle_identity,point,True,3,7,503,0,1.0,1.0,1.0,1.0,1.0,1.0,1.0,,4,[],[],
long_rvos/8b0e20e373/1/5,long_rvos,8b0e20e373,1,5,hybrid,oracle_identity,box,True,0,1,125,0,0.97153939020318,0.9082991803278689,0.9399192852655245,0.9648922524371473,0.8695861405197306,0.917239196478439,0.9862733340285744,"[0.05, 0.09154929577464789, 0.8359375, 0.9084507042253521]",,,,0
long_rvos/8b0e20e373/1/5,long_rvos,8b0e20e373,1,5,hybrid,oracle_identity,box,True,1,3,251,0,1.0,1.0,1.0,1.0,1.0,1.0,1.0,,,,,
long_rvos/8b0e20e373/1/5,long_rvos,8b0e20e373,1,5,hybrid,oracle_identity,box,True,2,5,377,0,1.0,1.0,1.0,1.0,1.0,1.0,1.0,,,,,
long_rvos/8b0e20e373/1/5,long_rvos,8b0e20e373,1,5,hybrid,oracle_identity,box,True,3,7,503,0,1.0,1.0,1.0,1.0,1.0,1.0,1.0,,,,,
long_rvos/8b0e20e373/1/6,long_rvos,8b0e20e373,1,6,hybrid,oracle_identity,point,True,0,1,125,0,0.97153939020318,0.9082991803278689,0.9399192852655245,0.0,0.0,0.0,0.0,,1,[],[],
long_rvos/8b0e20e373/1/6,long_rvos,8b0e20e373,1,6,hybrid,oracle_identity,point,True,1,3,251,0,1.0,1.0,1.0,1.0,1.0,1.0,1.0,,2,[],[],
long_rvos/8b0e20e373/1/6,long_rvos,8b0e20e373,1,6,hybrid,oracle_identity,point,True,2,5,377,0,1.0,1.0,1.0,1.0,1.0,1.0,1.0,,3,[],[],
long_rvos/8b0e20e373/1/6,long_rvos,8b0e20e373,1,6,hybrid,oracle_identity,point,True,3,7,503,0,1.0,1.0,1.0,1.0,1.0,1.0,1.0,,4,[],[],
long_rvos/8b0e20e373/1/6,long_rvos,8b0e20e373,1,6,hybrid,oracle_identity,box,True,0,1,125,0,0.97153939020318,0.9082991803278689,0.9399192852655245,0.9648922524371473,0.8695861405197306,0.917239196478439,0.9862733340285744,"[0.05, 0.09154929577464789, 0.8359375, 0.9084507042253521]",,,,0
long_rvos/8b0e20e373/1/6,long_rvos,8b0e20e373,1,6,hybrid,oracle_identity,box,True,1,3,251,0,1.0,1.0,1.0,1.0,1.0,1.0,1.0,,,,,
long_rvos/8b0e20e373/1/6,long_rvos,8b0e20e373,1,6,hybrid,oracle_identity,box,True,2,5,377,0,1.0,1.0,1.0,1.0,1.0,1.0,1.0,,,,,
long_rvos/8b0e20e373/1/6,long_rvos,8b0e20e373,1,6,hybrid,oracle_identity,box,True,3,7,503,0,1.0,1.0,1.0,1.0,1.0,1.0,1.0,,,,,
long_rvos/8b0e20e373/1/0,long_rvos,8b0e20e373,1,0,static,oracle_identity,point,True,0,1,125,0,0.97153939020318,0.9082991803278689,0.9399192852655245,0.0,0.0,0.0,0.0,,1,[],[],
long_rvos/8b0e20e373/1/0,long_rvos,8b0e20e373,1,0,static,oracle_identity,point,True,1,3,251,0,1.0,1.0,1.0,1.0,1.0,1.0,1.0,,2,[],[],
long_rvos/8b0e20e373/1/0,long_rvos,8b0e20e373,1,0,static,oracle_identity,point,True,2,5,377,0,1.0,1.0,1.0,1.0,1.0,1.0,1.0,,3,[],[],
long_rvos/8b0e20e373/1/0,long_rvos,8b0e20e373,1,0,static,oracle_identity,point,True,3,7,503,0,1.0,1.0,1.0,1.0,1.0,1.0,1.0,,4,[],[],
long_rvos/8b0e20e373/1/0,long_rvos,8b0e20e373,1,0,static,oracle_identity,box,True,0,1,125,0,0.97153939020318,0.9082991803278689,0.9399192852655245,0.9648922524371473,0.8695861405197306,0.917239196478439,0.9862733340285744,"[0.05, 0.09154929577464789, 0.8359375, 0.9084507042253521]",,,,0
long_rvos/8b0e20e373/1/0,long_rvos,8b0e20e373,1,0,static,oracle_identity,box,True,1,3,251,0,1.0,1.0,1.0,1.0,1.0,1.0,1.0,,,,,
long_rvos/8b0e20e373/1/0,long_rvos,8b0e20e373,1,0,static,oracle_identity,box,True,2,5,377,0,1.0,1.0,1.0,1.0,1.0,1.0,1.0,,,,,
long_rvos/8b0e20e373/1/0,long_rvos,8b0e20e373,1,0,static,oracle_identity,box,True,3,7,503,0,1.0,1.0,1.0,1.0,1.0,1.0,1.0,,,,,
long_rvos/0d0ebe00cc/2/5,long_rvos,0d0ebe00cc,2,5,dynamic,oracle_identity,point,True,0,1,64,0,0.8143747924583994,0.8134838619110867,0.813929327184743,0.0,0.0,0.0,0.0,,1,[],[],
long_rvos/0d0ebe00cc/2/5,long_rvos,0d0ebe00cc,2,5,dynamic,oracle_identity,point,True,1,3,129,0,1.0,1.0,1.0,1.0,1.0,1.0,1.0,,2,[],[],
long_rvos/0d0ebe00cc/2/5,long_rvos,0d0ebe00cc,2,5,dynamic,oracle_identity,point,True,2,5,193,0,0.9344920899250625,0.953021040846052,0.9437565653855573,0.0,0.0,0.0,0.0,,3,[],[],
long_rvos/0d0ebe00cc/2/5,long_rvos,0d0ebe00cc,2,5,dynamic,oracle_identity,point,True,3,7,258,0,0.8232008139289347,0.7561655078800124,0.7896831609044735,0.0,0.0,0.0,0.0,,4,[],[],
long_rvos/0d0ebe00cc/2/5,long_rvos,0d0ebe00cc,2,5,dynamic,oracle_identity,box,True,0,1,64,0,0.8143747924583994,0.8134838619110867,0.813929327184743,0.8447994535726483,0.7564182426439454,0.8006088481082969,0.9413401931430018,"[0.559375, 0.05277777777777778, 0.440625, 0.4]",,,,0
long_rvos/0d0ebe00cc/2/5,long_rvos,0d0ebe00cc,2,5,dynamic,oracle_identity,box,True,1,3,129,0,1.0,1.0,1.0,1.0,1.0,1.0,1.0,,,,,
long_rvos/0d0ebe00cc/2/5,long_rvos,0d0ebe00cc,2,5,dynamic,oracle_identity,box,True,2,5,193,0,0.9344920899250625,0.953021040846052,0.9437565653855573,0.9355616028583893,0.9484425260334742,0.9420020644459317,0.9828872685529645,"[0.2140625, 0.0, 0.4015625, 1.0]",,,,0
long_rvos/0d0ebe00cc/2/5,long_rvos,0d0ebe00cc,2,5,dynamic,oracle_identity,box,True,3,7,258,0,0.8232008139289347,0.7561655078800124,0.7896831609044735,0.8171420959485433,0.7359443650348702,0.7765432304917067,0.977021292718042,"[0.3609375, 0.044444444444444446, 0.6390625, 0.7083333333333334]",,,,0
long_rvos/0d0ebe00cc/2/7,long_rvos,0d0ebe00cc,2,7,dynamic,oracle_identity,point,True,0,1,64,0,0.8143747924583994,0.8134838619110867,0.813929327184743,0.0,0.0,0.0,0.0,,1,[],[],
long_rvos/0d0ebe00cc/2/7,long_rvos,0d0ebe00cc,2,7,dynamic,oracle_identity,point,True,1,3,129,0,1.0,1.0,1.0,1.0,1.0,1.0,1.0,,2,[],[],
long_rvos/0d0ebe00cc/2/7,long_rvos,0d0ebe00cc,2,7,dynamic,oracle_identity,point,True,2,5,193,0,0.9344920899250625,0.953021040846052,0.9437565653855573,0.0,0.0,0.0,0.0,,3,[],[],
long_rvos/0d0ebe00cc/2/7,long_rvos,0d0ebe00cc,2,7,dynamic,oracle_identity,point,True,3,7,258,0,0.8232008139289347,0.7561655078800124,0.7896831609044735,0.0,0.0,0.0,0.0,,4,[],[],
long_rvos/0d0ebe00cc/2/7,long_rvos,0d0ebe00cc,2,7,dynamic,oracle_identity,box,True,0,1,64,0,0.8143747924583994,0.8134838619110867,0.813929327184743,0.8447994535726483,0.7564182426439454,0.8006088481082969,0.9413401931430018,"[0.559375, 0.05277777777777778, 0.440625, 0.4]",,,,0
long_rvos/0d0ebe00cc/2/7,long_rvos,0d0ebe00cc,2,7,dynamic,oracle_identity,box,True,1,3,129,0,1.0,1.0,1.0,1.0,1.0,1.0,1.0,,,,,
long_rvos/0d0ebe00cc/2/7,long_rvos,0d0ebe00cc,2,7,dynamic,oracle_identity,box,True,2,5,193,0,0.9344920899250625,0.953021040846052,0.9437565653855573,0.9355616028583893,0.9484425260334742,0.9420020644459317,0.9828872685529645,"[0.2140625, 0.0, 0.4015625, 1.0]",,,,0
long_rvos/0d0ebe00cc/2/7,long_rvos,0d0ebe00cc,2,7,dynamic,oracle_identity,box,True,3,7,258,0,0.8232008139289347,0.7561655078800124,0.7896831609044735,0.8171420959485433,0.7359443650348702,0.7765432304917067,0.977021292718042,"[0.3609375, 0.044444444444444446, 0.6390625, 0.7083333333333334]",,,,0
long_rvos/0d0ebe00cc/2/14,long_rvos,0d0ebe00cc,2,14,hybrid,oracle_identity,point,True,0,1,64,0,0.8303067066004474,0.8496434889830055,0.8399750977917264,0.0,0.0,0.0,0.0,,1,[],[],
long_rvos/0d0ebe00cc/2/14,long_rvos,0d0ebe00cc,2,14,hybrid,oracle_identity,point,True,1,3,129,0,0.0,0.0,0.0,1.0,1.0,1.0,0.0,,2,[],[],
long_rvos/0d0ebe00cc/2/14,long_rvos,0d0ebe00cc,2,14,hybrid,oracle_identity,point,True,2,5,193,0,0.9327276524644945,0.9503235155944226,0.9415255840294585,0.0,0.0,0.0,0.0,,3,[],[],
long_rvos/0d0ebe00cc/2/14,long_rvos,0d0ebe00cc,2,14,hybrid,oracle_identity,point,True,3,7,258,0,0.8185489298694306,0.7429789568782519,0.7807639433738413,0.0,0.0,0.0,0.0,,4,[],[],
long_rvos/0d0ebe00cc/2/14,long_rvos,0d0ebe00cc,2,14,hybrid,oracle_identity,box,True,0,1,64,0,0.8303067066004474,0.8496434889830055,0.8399750977917264,0.8061419611442557,0.746223538898735,0.7761827500214954,0.9457836683864081,"[0.559375, 0.05555555555555555, 0.440625, 0.37777777777777777]",,,,0
long_rvos/0d0ebe00cc/2/14,long_rvos,0d0ebe00cc,2,14,hybrid,oracle_identity,box,True,1,3,129,0,0.0,0.0,0.0,1.0,1.0,1.0,0.0,"[0.0, 0.044444444444444446, 1.0, 0.9555555555555556]",,,,
long_rvos/0d0ebe00cc/2/14,long_rvos,0d0ebe00cc,2,14,hybrid,oracle_identity,box,True,2,5,193,0,0.9327276524644945,0.9503235155944226,0.9415255840294585,0.9357548287835,0.9494800743819671,0.9426174515827336,0.9784907269238968,"[0.2140625, 0.0, 0.4, 1.0]",,,,0
long_rvos/0d0ebe00cc/2/14,long_rvos,0d0ebe00cc,2,14,hybrid,oracle_identity,box,True,3,7,258,0,0.8185489298694306,0.7429789568782519,0.7807639433738413,0.8171420959485433,0.7359443650348702,0.7765432304917067,0.9693301507918466,"[0.3609375, 0.044444444444444446, 0.6390625, 0.7083333333333334]",,,,0
long_rvos/0d0ebe00cc/2/15,long_rvos,0d0ebe00cc,2,15,hybrid,oracle_identity,point,True,0,1,64,0,0.8311043758287554,0.8500949463649317,0.8405996610968436,0.0,0.0,0.0,0.0,,1,[],[],
long_rvos/0d0ebe00cc/2/15,long_rvos,0d0ebe00cc,2,15,hybrid,oracle_identity,point,True,1,3,129,0,1.0,1.0,1.0,1.0,1.0,1.0,1.0,,2,[],[],
long_rvos/0d0ebe00cc/2/15,long_rvos,0d0ebe00cc,2,15,hybrid,oracle_identity,point,True,2,5,193,0,0.9332067043770481,0.9494145615374995,0.9413106329572738,0.0,0.0,0.0,0.0,,3,[],[],
long_rvos/0d0ebe00cc/2/15,long_rvos,0d0ebe00cc,2,15,hybrid,oracle_identity,point,True,3,7,258,0,0.8189693256247239,0.7422453369909741,0.780607331307849,0.0,0.0,0.0,0.0,,4,[],[],
long_rvos/0d0ebe00cc/2/15,long_rvos,0d0ebe00cc,2,15,hybrid,oracle_identity,box,True,0,1,64,0,0.8311043758287554,0.8500949463649317,0.8405996610968436,0.8061419611442557,0.746223538898735,0.7761827500214954,0.944898321641062,"[0.559375, 0.05555555555555555, 0.440625, 0.37777777777777777]",,,,0
long_rvos/0d0ebe00cc/2/15,long_rvos,0d0ebe00cc,2,15,hybrid,oracle_identity,box,True,1,3,129,0,1.0,1.0,1.0,1.0,1.0,1.0,1.0,,,,,
long_rvos/0d0ebe00cc/2/15,long_rvos,0d0ebe00cc,2,15,hybrid,oracle_identity,box,True,2,5,193,0,0.9332067043770481,0.9494145615374995,0.9413106329572738,0.9357548287835,0.9494800743819671,0.9426174515827336,0.978782779115097,"[0.2140625, 0.0, 0.4, 1.0]",,,,0
long_rvos/0d0ebe00cc/2/15,long_rvos,0d0ebe00cc,2,15,hybrid,oracle_identity,box,True,3,7,258,0,0.8189693256247239,0.7422453369909741,0.780607331307849,0.8171420959485433,0.7359443650348702,0.7765432304917067,0.9712143019468222,"[0.3609375, 0.044444444444444446, 0.6390625, 0.7083333333333334]",,,,0
long_rvos/0d0ebe00cc/2/4,long_rvos,0d0ebe00cc,2,4,static,oracle_identity,point,True,0,1,64,0,0.8303067066004474,0.8496434889830055,0.8399750977917264,0.0,0.0,0.0,0.0,,1,[],[],
long_rvos/0d0ebe00cc/2/4,long_rvos,0d0ebe00cc,2,4,static,oracle_identity,point,True,1,3,129,0,0.0,0.0,0.0,1.0,1.0,1.0,0.0,,2,[],[],
long_rvos/0d0ebe00cc/2/4,long_rvos,0d0ebe00cc,2,4,static,oracle_identity,point,True,2,5,193,0,0.9327276524644945,0.9503235155944226,0.9415255840294585,0.0,0.0,0.0,0.0,,3,[],[],
long_rvos/0d0ebe00cc/2/4,long_rvos,0d0ebe00cc,2,4,static,oracle_identity,point,True,3,7,258,0,0.8185489298694306,0.7429789568782519,0.7807639433738413,0.0,0.0,0.0,0.0,,4,[],[],
long_rvos/0d0ebe00cc/2/4,long_rvos,0d0ebe00cc,2,4,static,oracle_identity,box,True,0,1,64,0,0.8303067066004474,0.8496434889830055,0.8399750977917264,0.8061419611442557,0.746223538898735,0.7761827500214954,0.9457836683864081,"[0.559375, 0.05555555555555555, 0.440625, 0.37777777777777777]",,,,0
long_rvos/0d0ebe00cc/2/4,long_rvos,0d0ebe00cc,2,4,static,oracle_identity,box,True,1,3,129,0,0.0,0.0,0.0,1.0,1.0,1.0,0.0,"[0.0, 0.044444444444444446, 1.0, 0.9555555555555556]",,,,
long_rvos/0d0ebe00cc/2/4,long_rvos,0d0ebe00cc,2,4,static,oracle_identity,box,True,2,5,193,0,0.9327276524644945,0.9503235155944226,0.9415255840294585,0.9357548287835,0.9494800743819671,0.9426174515827336,0.9784907269238968,"[0.2140625, 0.0, 0.4, 1.0]",,,,0
long_rvos/0d0ebe00cc/2/4,long_rvos,0d0ebe00cc,2,4,static,oracle_identity,box,True,3,7,258,0,0.8185489298694306,0.7429789568782519,0.7807639433738413,0.8171420959485433,0.7359443650348702,0.7765432304917067,0.9693301507918466,"[0.3609375, 0.044444444444444446, 0.6390625, 0.7083333333333334]",,,,0
long_rvos/0d0ebe00cc/2/6,long_rvos,0d0ebe00cc,2,6,static,oracle_identity,point,True,0,1,64,0,0.8311043758287554,0.8500949463649317,0.8405996610968436,0.0,0.0,0.0,0.0,,1,[],[],
long_rvos/0d0ebe00cc/2/6,long_rvos,0d0ebe00cc,2,6,static,oracle_identity,point,True,1,3,129,0,1.0,1.0,1.0,1.0,1.0,1.0,1.0,,2,[],[],
long_rvos/0d0ebe00cc/2/6,long_rvos,0d0ebe00cc,2,6,static,oracle_identity,point,True,2,5,193,0,0.9332067043770481,0.9494145615374995,0.9413106329572738,0.0,0.0,0.0,0.0,,3,[],[],
long_rvos/0d0ebe00cc/2/6,long_rvos,0d0ebe00cc,2,6,static,oracle_identity,point,True,3,7,258,0,0.8189693256247239,0.7422453369909741,0.780607331307849,0.0,0.0,0.0,0.0,,4,[],[],
long_rvos/0d0ebe00cc/2/6,long_rvos,0d0ebe00cc,2,6,static,oracle_identity,box,True,0,1,64,0,0.8311043758287554,0.8500949463649317,0.8405996610968436,0.8061419611442557,0.746223538898735,0.7761827500214954,0.944898321641062,"[0.559375, 0.05555555555555555, 0.440625, 0.37777777777777777]",,,,0
long_rvos/0d0ebe00cc/2/6,long_rvos,0d0ebe00cc,2,6,static,oracle_identity,box,True,1,3,129,0,1.0,1.0,1.0,1.0,1.0,1.0,1.0,,,,,
long_rvos/0d0ebe00cc/2/6,long_rvos,0d0ebe00cc,2,6,static,oracle_identity,box,True,2,5,193,0,0.9332067043770481,0.9494145615374995,0.9413106329572738,0.9357548287835,0.9494800743819671,0.9426174515827336,0.978782779115097,"[0.2140625, 0.0, 0.4, 1.0]",,,,0
long_rvos/0d0ebe00cc/2/6,long_rvos,0d0ebe00cc,2,6,static,oracle_identity,box,True,3,7,258,0,0.8189693256247239,0.7422453369909741,0.780607331307849,0.8171420959485433,0.7359443650348702,0.7765432304917067,0.9712143019468222,"[0.3609375, 0.044444444444444446, 0.6390625, 0.7083333333333334]",,,,0
long_rvos/e6f1a061ea/1/1,long_rvos,e6f1a061ea,1,1,dynamic,oracle_identity,point,True,0,1,133,1,0.0,0.25305525743859536,0.12652762871929768,0.0,0.0,0.0,0.0,,1,[],[],
long_rvos/e6f1a061ea/1/1,long_rvos,e6f1a061ea,1,1,dynamic,oracle_identity,point,True,1,3,266,1,0.8673120592805067,0.7420859758748369,0.8046990175776718,0.0,0.0,0.0,0.0,,2,[],[],
long_rvos/e6f1a061ea/1/1,long_rvos,e6f1a061ea,1,1,dynamic,oracle_identity,point,True,2,5,399,1,1.0,1.0,1.0,1.0,1.0,1.0,1.0,,3,[],[],
long_rvos/e6f1a061ea/1/1,long_rvos,e6f1a061ea,1,1,dynamic,oracle_identity,point,True,3,7,533,1,1.0,1.0,1.0,1.0,1.0,1.0,1.0,,4,[],[],
long_rvos/e6f1a061ea/1/1,long_rvos,e6f1a061ea,1,1,dynamic,oracle_identity,box,True,0,1,133,1,0.0,0.25305525743859536,0.12652762871929768,0.0,0.25460826062356695,0.12730413031178348,0.9856444234106326,"[0.15625, 0.21875, 0.2921875, 0.78125]",,,,0
long_rvos/e6f1a061ea/1/1,long_rvos,e6f1a061ea,1,1,dynamic,oracle_identity,box,True,1,3,266,1,0.8673120592805067,0.7420859758748369,0.8046990175776718,0.0,0.0,0.0,0.0,"[0.1328125, 0.1875, 0.559375, 0.8125]",,,,
long_rvos/e6f1a061ea/1/1,long_rvos,e6f1a061ea,1,1,dynamic,oracle_identity,box,True,2,5,399,1,1.0,1.0,1.0,1.0,1.0,1.0,1.0,,,,,
long_rvos/e6f1a061ea/1/1,long_rvos,e6f1a061ea,1,1,dynamic,oracle_identity,box,True,3,7,533,1,1.0,1.0,1.0,1.0,1.0,1.0,1.0,,,,,
long_rvos/e6f1a061ea/1/3,long_rvos,e6f1a061ea,1,3,dynamic,oracle_identity,point,True,0,1,133,1,0.0,0.2517976511340527,0.12589882556702636,0.0,0.0,0.0,0.0,,1,[],[],
long_rvos/e6f1a061ea/1/3,long_rvos,e6f1a061ea,1,3,dynamic,oracle_identity,point,True,1,3,266,1,0.9095499582189328,0.8562043728082757,0.8828771655136043,0.0,0.0,0.0,0.0,,2,[],[],
long_rvos/e6f1a061ea/1/3,long_rvos,e6f1a061ea,1,3,dynamic,oracle_identity,point,True,2,5,399,1,1.0,1.0,1.0,1.0,1.0,1.0,1.0,,3,[],[],
long_rvos/e6f1a061ea/1/3,long_rvos,e6f1a061ea,1,3,dynamic,oracle_identity,point,True,3,7,533,1,1.0,1.0,1.0,1.0,1.0,1.0,1.0,,4,[],[],
long_rvos/e6f1a061ea/1/3,long_rvos,e6f1a061ea,1,3,dynamic,oracle_identity,box,True,0,1,133,1,0.0,0.25305525743859536,0.12652762871929768,0.0,0.25460826062356695,0.12730413031178348,0.9856444234106326,"[0.15625, 0.21875, 0.2921875, 0.78125]",,,,0
long_rvos/e6f1a061ea/1/3,long_rvos,e6f1a061ea,1,3,dynamic,oracle_identity,box,True,1,3,266,1,0.8673120592805067,0.7420859758748369,0.8046990175776718,0.0,0.0,0.0,0.0,"[0.1328125, 0.1875, 0.559375, 0.8125]",,,,
long_rvos/e6f1a061ea/1/3,long_rvos,e6f1a061ea,1,3,dynamic,oracle_identity,box,True,2,5,399,1,1.0,1.0,1.0,1.0,1.0,1.0,1.0,,,,,
long_rvos/e6f1a061ea/1/3,long_rvos,e6f1a061ea,1,3,dynamic,oracle_identity,box,True,3,7,533,1,1.0,1.0,1.0,1.0,1.0,1.0,1.0,,,,,
long_rvos/e6f1a061ea/1/20,long_rvos,e6f1a061ea,1,20,hybrid,oracle_identity,point,True,0,1,133,1,0.0,0.25305525743859536,0.12652762871929768,0.0,0.0,0.0,0.0,,1,[],[],
long_rvos/e6f1a061ea/1/20,long_rvos,e6f1a061ea,1,20,hybrid,oracle_identity,point,True,1,3,266,1,0.8673120592805067,0.7420859758748369,0.8046990175776718,0.0,0.0,0.0,0.0,,2,[],[],
long_rvos/e6f1a061ea/1/20,long_rvos,e6f1a061ea,1,20,hybrid,oracle_identity,point,True,2,5,399,1,1.0,1.0,1.0,1.0,1.0,1.0,1.0,,3,[],[],
long_rvos/e6f1a061ea/1/20,long_rvos,e6f1a061ea,1,20,hybrid,oracle_identity,point,True,3,7,533,1,1.0,1.0,1.0,1.0,1.0,1.0,1.0,,4,[],[],
long_rvos/e6f1a061ea/1/20,long_rvos,e6f1a061ea,1,20,hybrid,oracle_identity,box,True,0,1,133,1,0.0,0.25305525743859536,0.12652762871929768,0.0,0.25460826062356695,0.12730413031178348,0.9856444234106326,"[0.15625, 0.21875, 0.2921875, 0.78125]",,,,0
long_rvos/e6f1a061ea/1/20,long_rvos,e6f1a061ea,1,20,hybrid,oracle_identity,box,True,1,3,266,1,0.8673120592805067,0.7420859758748369,0.8046990175776718,0.0,0.0,0.0,0.0,"[0.1328125, 0.1875, 0.559375, 0.8125]",,,,
long_rvos/e6f1a061ea/1/20,long_rvos,e6f1a061ea,1,20,hybrid,oracle_identity,box,True,2,5,399,1,1.0,1.0,1.0,1.0,1.0,1.0,1.0,,,,,
long_rvos/e6f1a061ea/1/20,long_rvos,e6f1a061ea,1,20,hybrid,oracle_identity,box,True,3,7,533,1,1.0,1.0,1.0,1.0,1.0,1.0,1.0,,,,,
long_rvos/e6f1a061ea/1/21,long_rvos,e6f1a061ea,1,21,hybrid,oracle_identity,point,True,0,1,133,,0.0,0.0,0.0,0.0,0.0,0.0,1.0,,1,[],[],
long_rvos/e6f1a061ea/1/21,long_rvos,e6f1a061ea,1,21,hybrid,oracle_identity,point,True,1,3,266,,0.0,0.0,0.0,0.0,0.0,0.0,1.0,,2,[],[],
long_rvos/e6f1a061ea/1/21,long_rvos,e6f1a061ea,1,21,hybrid,oracle_identity,point,True,2,5,399,,1.0,1.0,1.0,1.0,1.0,1.0,1.0,,3,[],[],
long_rvos/e6f1a061ea/1/21,long_rvos,e6f1a061ea,1,21,hybrid,oracle_identity,point,True,3,7,533,,1.0,1.0,1.0,1.0,1.0,1.0,1.0,,4,[],[],
long_rvos/e6f1a061ea/1/21,long_rvos,e6f1a061ea,1,21,hybrid,oracle_identity,box,True,0,1,133,,0.0,0.0,0.0,0.0,0.0,0.0,1.0,,,,,
long_rvos/e6f1a061ea/1/21,long_rvos,e6f1a061ea,1,21,hybrid,oracle_identity,box,True,1,3,266,,0.0,0.0,0.0,0.0,0.0,0.0,1.0,,,,,
long_rvos/e6f1a061ea/1/21,long_rvos,e6f1a061ea,1,21,hybrid,oracle_identity,box,True,2,5,399,,1.0,1.0,1.0,1.0,1.0,1.0,1.0,,,,,
long_rvos/e6f1a061ea/1/21,long_rvos,e6f1a061ea,1,21,hybrid,oracle_identity,box,True,3,7,533,,1.0,1.0,1.0,1.0,1.0,1.0,1.0,,,,,
long_rvos/e6f1a061ea/1/0,long_rvos,e6f1a061ea,1,0,static,oracle_identity,point,True,0,1,133,1,0.0,0.2517976511340527,0.12589882556702636,0.0,0.0,0.0,0.0,,1,[],[],
long_rvos/e6f1a061ea/1/0,long_rvos,e6f1a061ea,1,0,static,oracle_identity,point,True,1,3,266,1,0.9095499582189328,0.8562043728082757,0.8828771655136043,0.0,0.0,0.0,0.0,,2,[],[],
long_rvos/e6f1a061ea/1/0,long_rvos,e6f1a061ea,1,0,static,oracle_identity,point,True,2,5,399,1,1.0,1.0,1.0,1.0,1.0,1.0,1.0,,3,[],[],
long_rvos/e6f1a061ea/1/0,long_rvos,e6f1a061ea,1,0,static,oracle_identity,point,True,3,7,533,1,1.0,1.0,1.0,1.0,1.0,1.0,1.0,,4,[],[],
long_rvos/e6f1a061ea/1/0,long_rvos,e6f1a061ea,1,0,static,oracle_identity,box,True,0,1,133,1,0.0,0.25305525743859536,0.12652762871929768,0.0,0.25460826062356695,0.12730413031178348,0.9856444234106326,"[0.15625, 0.21875, 0.2921875, 0.78125]",,,,0
long_rvos/e6f1a061ea/1/0,long_rvos,e6f1a061ea,1,0,static,oracle_identity,box,True,1,3,266,1,0.8673120592805067,0.7420859758748369,0.8046990175776718,0.0,0.0,0.0,0.0,"[0.1328125, 0.1875, 0.559375, 0.8125]",,,,
long_rvos/e6f1a061ea/1/0,long_rvos,e6f1a061ea,1,0,static,oracle_identity,box,True,2,5,399,1,1.0,1.0,1.0,1.0,1.0,1.0,1.0,,,,,
long_rvos/e6f1a061ea/1/0,long_rvos,e6f1a061ea,1,0,static,oracle_identity,box,True,3,7,533,1,1.0,1.0,1.0,1.0,1.0,1.0,1.0,,,,,
long_rvos/e6f1a061ea/1/2,long_rvos,e6f1a061ea,1,2,static,oracle_identity,point,True,0,1,133,1,0.0,0.2517976511340527,0.12589882556702636,0.0,0.0,0.0,0.0,,1,[],[],
long_rvos/e6f1a061ea/1/2,long_rvos,e6f1a061ea,1,2,static,oracle_identity,point,True,1,3,266,1,0.9095499582189328,0.8562043728082757,0.8828771655136043,0.0,0.0,0.0,0.0,,2,[],[],
long_rvos/e6f1a061ea/1/2,long_rvos,e6f1a061ea,1,2,static,oracle_identity,point,True,2,5,399,1,1.0,1.0,1.0,1.0,1.0,1.0,1.0,,3,[],[],
long_rvos/e6f1a061ea/1/2,long_rvos,e6f1a061ea,1,2,static,oracle_identity,point,True,3,7,533,1,1.0,1.0,1.0,1.0,1.0,1.0,1.0,,4,[],[],
long_rvos/e6f1a061ea/1/2,long_rvos,e6f1a061ea,1,2,static,oracle_identity,box,True,0,1,133,1,0.0,0.25305525743859536,0.12652762871929768,0.0,0.25460826062356695,0.12730413031178348,0.9856444234106326,"[0.15625, 0.21875, 0.2921875, 0.78125]",,,,0
long_rvos/e6f1a061ea/1/2,long_rvos,e6f1a061ea,1,2,static,oracle_identity,box,True,1,3,266,1,0.8673120592805067,0.7420859758748369,0.8046990175776718,0.0,0.0,0.0,0.0,"[0.1328125, 0.1875, 0.559375, 0.8125]",,,,
long_rvos/e6f1a061ea/1/2,long_rvos,e6f1a061ea,1,2,static,oracle_identity,box,True,2,5,399,1,1.0,1.0,1.0,1.0,1.0,1.0,1.0,,,,,
long_rvos/e6f1a061ea/1/2,long_rvos,e6f1a061ea,1,2,static,oracle_identity,box,True,3,7,533,1,1.0,1.0,1.0,1.0,1.0,1.0,1.0,,,,,
long_rvos/c73c2a03a0/1/1,long_rvos,c73c2a03a0,1,1,dynamic,oracle_identity,point,True,0,1,46,0,0.7803812487231468,0.8425766205041193,0.8114789346136331,0.0,0.0,0.0,0.0,,1,[],[],
long_rvos/c73c2a03a0/1/1,long_rvos,c73c2a03a0,1,1,dynamic,oracle_identity,point,True,1,3,93,0,0.9532774700406103,0.9735522686493945,0.9634148693450024,0.0,0.0,0.0,0.0,,2,[],[],
long_rvos/c73c2a03a0/1/1,long_rvos,c73c2a03a0,1,1,dynamic,oracle_identity,point,True,2,5,140,0,0.9728467870745792,0.9870129870129869,0.979929887043783,0.0,0.0,0.0,0.0,,3,[],[],
long_rvos/c73c2a03a0/1/1,long_rvos,c73c2a03a0,1,1,dynamic,oracle_identity,point,True,3,7,187,0,0.9381700324108702,0.9779183378977373,0.9580441851543038,0.0,0.0,0.0,0.0,,4,[],[],
long_rvos/c73c2a03a0/1/1,long_rvos,c73c2a03a0,1,1,dynamic,oracle_identity,box,True,0,1,46,0,0.7803812487231468,0.8425766205041193,0.8114789346136331,0.7176585166626087,0.7525772190535631,0.7351178678580859,0.9031753776299675,"[0.4078125, 0.18611111111111112, 0.43046875, 0.6625]",,,,0
long_rvos/c73c2a03a0/1/1,long_rvos,c73c2a03a0,1,1,dynamic,oracle_identity,box,True,1,3,93,0,0.9532774700406103,0.9735522686493945,0.9634148693450024,0.0,0.0,0.0,0.0,"[0.3171875, 0.0125, 0.59296875, 0.9875]",,,,
long_rvos/c73c2a03a0/1/1,long_rvos,c73c2a03a0,1,1,dynamic,oracle_identity,box,True,2,5,140,0,0.9728467870745792,0.9870129870129869,0.979929887043783,0.9718432786263163,0.9837385915774282,0.9777909351018722,0.9801686758469529,"[0.20703125, 0.3111111111111111, 0.4046875, 0.6888888888888889]",,,,0
long_rvos/c73c2a03a0/1/1,long_rvos,c73c2a03a0,1,1,dynamic,oracle_identity,box,True,3,7,187,0,0.9381700324108702,0.9779183378977373,0.9580441851543038,0.8353660178230083,0.7503413259185692,0.7928536718707888,0.8729026180549726,"[0.22734375, 0.5791666666666667, 0.5453125, 0.42083333333333334]",,,,0
long_rvos/c73c2a03a0/1/4,long_rvos,c73c2a03a0,1,4,hybrid,oracle_identity,point,True,0,1,46,0,0.7257664084473845,0.7707889314512878,0.7482776699493361,0.0,0.0,0.0,0.0,,1,[],[],
long_rvos/c73c2a03a0/1/4,long_rvos,c73c2a03a0,1,4,hybrid,oracle_identity,point,True,1,3,93,0,0.9524866454097478,0.9599220831838383,0.956204364296793,0.0,0.0,0.0,0.0,,2,[],[],
long_rvos/c73c2a03a0/1/4,long_rvos,c73c2a03a0,1,4,hybrid,oracle_identity,point,True,2,5,140,0,0.974840746271478,0.9894677465126663,0.9821542463920722,0.0,0.0,0.0,0.0,,3,[],[],
long_rvos/c73c2a03a0/1/4,long_rvos,c73c2a03a0,1,4,hybrid,oracle_identity,point,True,3,7,187,0,0.93756358199977,0.9830526376814099,0.9603081098405899,0.0,0.0,0.0,0.0,,4,[],[],
long_rvos/c73c2a03a0/1/4,long_rvos,c73c2a03a0,1,4,hybrid,oracle_identity,box,True,0,1,46,0,0.7257664084473845,0.7707889314512878,0.7482776699493361,0.7074630617326619,0.7471434230643054,0.7273032423984837,0.9424040953311525,"[0.40859375, 0.18611111111111112, 0.41640625, 0.6625]",,,,0
long_rvos/c73c2a03a0/1/4,long_rvos,c73c2a03a0,1,4,hybrid,oracle_identity,box,True,1,3,93,0,0.9524866454097478,0.9599220831838383,0.956204364296793,0.0,0.0,0.0,0.0,"[0.3171875, 0.0125, 0.59296875, 0.9875]",,,,
long_rvos/c73c2a03a0/1/4,long_rvos,c73c2a03a0,1,4,hybrid,oracle_identity,box,True,2,5,140,0,0.974840746271478,0.9894677465126663,0.9821542463920722,0.9719953325554259,0.9837504830353285,0.9778729077953772,0.9811991047192723,"[0.20703125, 0.30972222222222223, 0.4046875, 0.6902777777777778]",,,,0
long_rvos/c73c2a03a0/1/4,long_rvos,c73c2a03a0,1,4,hybrid,oracle_identity,box,True,3,7,187,0,0.93756358199977,0.9830526376814099,0.9603081098405899,0.8534043642701212,0.8156198310210536,0.8345120976455874,0.8805598583757468,"[0.22734375, 0.5777777777777777, 0.56640625, 0.4222222222222222]",,,,0
long_rvos/c73c2a03a0/1/0,long_rvos,c73c2a03a0,1,0,static,oracle_identity,point,True,0,1,46,0,0.7257664084473845,0.7707889314512878,0.7482776699493361,0.0,0.0,0.0,0.0,,1,[],[],
long_rvos/c73c2a03a0/1/0,long_rvos,c73c2a03a0,1,0,static,oracle_identity,point,True,1,3,93,0,0.9524866454097478,0.9599220831838383,0.956204364296793,0.0,0.0,0.0,0.0,,2,[],[],
long_rvos/c73c2a03a0/1/0,long_rvos,c73c2a03a0,1,0,static,oracle_identity,point,True,2,5,140,0,0.974840746271478,0.9894677465126663,0.9821542463920722,0.0,0.0,0.0,0.0,,3,[],[],
long_rvos/c73c2a03a0/1/0,long_rvos,c73c2a03a0,1,0,static,oracle_identity,point,True,3,7,187,0,0.93756358199977,0.9830526376814099,0.9603081098405899,0.0,0.0,0.0,0.0,,4,[],[],
long_rvos/c73c2a03a0/1/0,long_rvos,c73c2a03a0,1,0,static,oracle_identity,box,True,0,1,46,0,0.7257664084473845,0.7707889314512878,0.7482776699493361,0.7074630617326619,0.7471434230643054,0.7273032423984837,0.9424040953311525,"[0.40859375, 0.18611111111111112, 0.41640625, 0.6625]",,,,0
long_rvos/c73c2a03a0/1/0,long_rvos,c73c2a03a0,1,0,static,oracle_identity,box,True,1,3,93,0,0.9524866454097478,0.9599220831838383,0.956204364296793,0.0,0.0,0.0,0.0,"[0.3171875, 0.0125, 0.59296875, 0.9875]",,,,
long_rvos/c73c2a03a0/1/0,long_rvos,c73c2a03a0,1,0,static,oracle_identity,box,True,2,5,140,0,0.974840746271478,0.9894677465126663,0.9821542463920722,0.9719953325554259,0.9837504830353285,0.9778729077953772,0.9811991047192723,"[0.20703125, 0.30972222222222223, 0.4046875, 0.6902777777777778]",,,,0
long_rvos/c73c2a03a0/1/0,long_rvos,c73c2a03a0,1,0,static,oracle_identity,box,True,3,7,187,0,0.93756358199977,0.9830526376814099,0.9603081098405899,0.8534043642701212,0.8156198310210536,0.8345120976455874,0.8805598583757468,"[0.22734375, 0.5777777777777777, 0.56640625, 0.4222222222222222]",,,,0
long_rvos/a3f2b5d434/2/11,long_rvos,a3f2b5d434,2,11,dynamic,predicted_static,point,False,0,1,58,2,0.9715291929644065,1.0,0.9857645964822033,0.0,0.0,0.0,0.0,,1,[],[],
long_rvos/a3f2b5d434/2/11,long_rvos,a3f2b5d434,2,11,dynamic,predicted_static,point,False,1,3,117,2,0.9688027659403393,1.0,0.9844013829701697,0.0,0.0,0.0,0.0,,2,[],[],
long_rvos/a3f2b5d434/2/11,long_rvos,a3f2b5d434,2,11,dynamic,predicted_static,point,False,2,5,175,2,0.9800395051460651,1.0,0.9900197525730325,0.0,0.0,0.0,0.0,,3,[],[],
long_rvos/a3f2b5d434/2/11,long_rvos,a3f2b5d434,2,11,dynamic,predicted_static,point,False,3,7,234,2,0.9600564299742745,1.0,0.9800282149871373,0.0,0.0,0.0,0.0,,4,[],[],
long_rvos/22680d3b50/4/9,long_rvos,22680d3b50,4,9,hybrid,predicted_static,point,False,0,1,134,1,0.9635394755293788,1.0,0.9817697377646895,0.0,0.0,0.0,0.0,,1,[],[],
long_rvos/22680d3b50/4/9,long_rvos,22680d3b50,4,9,hybrid,predicted_static,point,False,1,3,269,1,0.7801123870021989,0.9576719576719577,0.8688921723370783,0.0,0.0,0.0,0.0,,2,[],[],
long_rvos/22680d3b50/4/9,long_rvos,22680d3b50,4,9,hybrid,predicted_static,point,False,2,5,404,1,0.9151794469503824,0.9961149961149962,0.9556472215326893,0.0,0.0,0.0,0.0,,3,[],[],
long_rvos/22680d3b50/4/9,long_rvos,22680d3b50,4,9,hybrid,predicted_static,point,False,3,7,539,1,0.9565589760669934,0.978315683308119,0.9674373296875562,0.0,0.0,0.0,0.0,,4,[],[],
long_rvos/22680d3b50/4/9,long_rvos,22680d3b50,4,9,hybrid,predicted_static,box,False,0,1,134,1,0.9635394755293788,1.0,0.9817697377646895,0.0,0.0,0.0,0.0,"[0.440625, 0.2916666666666667, 0.175, 0.30833333333333335]",,,,
long_rvos/22680d3b50/4/9,long_rvos,22680d3b50,4,9,hybrid,predicted_static,box,False,1,3,269,1,0.7801123870021989,0.9576719576719577,0.8688921723370783,0.0,0.0,0.0,0.0,"[0.240625, 0.3875, 0.171875, 0.38958333333333334]",,,,
long_rvos/22680d3b50/4/9,long_rvos,22680d3b50,4,9,hybrid,predicted_static,box,False,2,5,404,1,0.9151794469503824,0.9961149961149962,0.9556472215326893,0.9187718616401088,1.0,0.9593859308200544,0.9691488292633906,"[0.3828125, 0.3333333333333333, 0.2390625, 0.2875]",,,,0
long_rvos/22680d3b50/4/9,long_rvos,22680d3b50,4,9,hybrid,predicted_static,box,False,3,7,539,1,0.9565589760669934,0.978315683308119,0.9674373296875562,0.966398553138832,0.9953100573215217,0.9808543052301768,0.9760522148101934,"[0.2203125, 0.25, 0.3640625, 0.42291666666666666]",,,,0
long_rvos/22680d3b50/4/5,long_rvos,22680d3b50,4,5,static,predicted_static,point,False,0,1,134,1,0.9635394755293788,1.0,0.9817697377646895,0.0,0.0,0.0,0.0,,1,[],[],
long_rvos/22680d3b50/4/5,long_rvos,22680d3b50,4,5,static,predicted_static,point,False,1,3,269,1,0.7801123870021989,0.9576719576719577,0.8688921723370783,0.0,0.0,0.0,0.0,,2,[],[],
long_rvos/22680d3b50/4/5,long_rvos,22680d3b50,4,5,static,predicted_static,point,False,2,5,404,1,0.9151794469503824,0.9961149961149962,0.9556472215326893,0.0,0.0,0.0,0.0,,3,[],[],
long_rvos/22680d3b50/4/5,long_rvos,22680d3b50,4,5,static,predicted_static,point,False,3,7,539,1,0.9565589760669934,0.978315683308119,0.9674373296875562,0.0,0.0,0.0,0.0,,4,[],[],
long_rvos/22680d3b50/4/5,long_rvos,22680d3b50,4,5,static,predicted_static,box,False,0,1,134,1,0.9635394755293788,1.0,0.9817697377646895,0.0,0.0,0.0,0.0,"[0.440625, 0.2916666666666667, 0.175, 0.30833333333333335]",,,,
long_rvos/22680d3b50/4/5,long_rvos,22680d3b50,4,5,static,predicted_static,box,False,1,3,269,1,0.7801123870021989,0.9576719576719577,0.8688921723370783,0.0,0.0,0.0,0.0,"[0.240625, 0.3875, 0.171875, 0.38958333333333334]",,,,
long_rvos/22680d3b50/4/5,long_rvos,22680d3b50,4,5,static,predicted_static,box,False,2,5,404,1,0.9151794469503824,0.9961149961149962,0.9556472215326893,0.9187718616401088,1.0,0.9593859308200544,0.9691488292633906,"[0.3828125, 0.3333333333333333, 0.2390625, 0.2875]",,,,0
long_rvos/22680d3b50/4/5,long_rvos,22680d3b50,4,5,static,predicted_static,box,False,3,7,539,1,0.9565589760669934,0.978315683308119,0.9674373296875562,0.966398553138832,0.9953100573215217,0.9808543052301768,0.9760522148101934,"[0.2203125, 0.25, 0.3640625, 0.42291666666666666]",,,,0
long_rvos/b4a5ada352/1/3,long_rvos,b4a5ada352,1,3,dynamic,predicted_static,point,False,0,1,80,0,0.0,0.21869791946669534,0.10934895973334767,0.0,0.0,0.0,0.0,,1,[],[],
long_rvos/b4a5ada352/1/3,long_rvos,b4a5ada352,1,3,dynamic,predicted_static,point,False,1,3,161,1,0.9317344409459369,0.9188824463258584,0.9253084436358976,0.0,0.0,0.0,0.0,,2,[],[],
long_rvos/b4a5ada352/1/3,long_rvos,b4a5ada352,1,3,dynamic,predicted_static,point,False,2,5,242,0,1.0,1.0,1.0,1.0,1.0,1.0,1.0,,3,[],[],
long_rvos/b4a5ada352/1/3,long_rvos,b4a5ada352,1,3,dynamic,predicted_static,point,False,3,7,323,7,0.0,0.0,0.0,0.0,0.0,0.0,0.0,,4,[],[],
long_rvos/b4a5ada352/1/3,long_rvos,b4a5ada352,1,3,dynamic,predicted_static,box,False,0,1,80,0,0.0,0.21869791946669534,0.10934895973334767,0.0,0.21513240431840047,0.10756620215920024,0.9668992418415558,"[0.4375, 0.03125, 0.5596590909090909, 0.96875]",,,,0
long_rvos/b4a5ada352/1/3,long_rvos,b4a5ada352,1,3,dynamic,predicted_static,box,False,1,3,161,1,0.9317344409459369,0.9188824463258584,0.9253084436358976,0.8506686028922369,0.5726663246060499,0.7116674637491434,0.8701989240585513,"[0.0, 0.0, 0.5710227272727273, 0.5555555555555556]",,,,0
long_rvos/b4a5ada352/1/3,long_rvos,b4a5ada352,1,3,dynamic,predicted_static,box,False,2,5,242,0,1.0,1.0,1.0,1.0,1.0,1.0,1.0,,,,,
long_rvos/b4a5ada352/1/3,long_rvos,b4a5ada352,1,3,dynamic,predicted_static,box,False,3,7,323,7,0.0,0.0,0.0,0.0,0.0,0.0,0.8837068900460343,"[0.5284090909090909, 0.020833333333333332, 0.4715909090909091, 0.9131944444444444]",,,,0
long_rvos/b4a5ada352/1/0,long_rvos,b4a5ada352,1,0,static,predicted_static,point,False,0,1,80,0,0.0,0.21869791946669534,0.10934895973334767,0.0,0.0,0.0,0.0,,1,[],[],
long_rvos/b4a5ada352/1/0,long_rvos,b4a5ada352,1,0,static,predicted_static,point,False,1,3,161,1,0.9317344409459369,0.9188824463258584,0.9253084436358976,0.0,0.0,0.0,0.0,,2,[],[],
long_rvos/b4a5ada352/1/0,long_rvos,b4a5ada352,1,0,static,predicted_static,point,False,2,5,242,0,1.0,1.0,1.0,1.0,1.0,1.0,1.0,,3,[],[],
long_rvos/b4a5ada352/1/0,long_rvos,b4a5ada352,1,0,static,predicted_static,point,False,3,7,323,5,0.984768174970708,0.948505637415737,0.9666369061932225,0.0,0.0,0.0,0.0,,4,[],[],
long_rvos/b4a5ada352/1/0,long_rvos,b4a5ada352,1,0,static,predicted_static,box,False,0,1,80,0,0.0,0.21869791946669534,0.10934895973334767,0.0,0.21513240431840047,0.10756620215920024,0.9668992418415558,"[0.4375, 0.03125, 0.5596590909090909, 0.96875]",,,,0
long_rvos/b4a5ada352/1/0,long_rvos,b4a5ada352,1,0,static,predicted_static,box,False,1,3,161,1,0.9317344409459369,0.9188824463258584,0.9253084436358976,0.8506686028922369,0.5726663246060499,0.7116674637491434,0.8701989240585513,"[0.0, 0.0, 0.5710227272727273, 0.5555555555555556]",,,,0
long_rvos/b4a5ada352/1/0,long_rvos,b4a5ada352,1,0,static,predicted_static,box,False,2,5,242,0,1.0,1.0,1.0,1.0,1.0,1.0,1.0,,,,,
long_rvos/b4a5ada352/1/0,long_rvos,b4a5ada352,1,0,static,predicted_static,box,False,3,7,323,5,0.984768174970708,0.948505637415737,0.9666369061932225,0.0,0.0,0.0,0.0,"[0.0, 0.0, 0.4119318181818182, 1.0]",,,,
long_rvos/5d2c735adb/1/1,long_rvos,5d2c735adb,1,1,dynamic,predicted_static,point,False,0,1,58,2,0.0,0.0,0.0,1.0,1.0,1.0,0.0,,1,[],[],
long_rvos/5d2c735adb/1/1,long_rvos,5d2c735adb,1,1,dynamic,predicted_static,point,False,1,3,117,3,0.989373385512537,1.0,0.9946866927562685,0.0,0.0,0.0,0.0,,2,[],[],
long_rvos/5d2c735adb/1/1,long_rvos,5d2c735adb,1,1,dynamic,predicted_static,point,False,2,5,175,0,1.0,1.0,1.0,1.0,1.0,1.0,1.0,,3,[],[],
long_rvos/5d2c735adb/1/1,long_rvos,5d2c735adb,1,1,dynamic,predicted_static,point,False,3,7,234,0,0.0,0.0,0.0,0.0,0.0,0.0,1.0,,4,[],[],
long_rvos/5d2c735adb/1/1,long_rvos,5d2c735adb,1,1,dynamic,predicted_static,box,False,0,1,58,2,0.0,0.0,0.0,0.0,0.0,0.0,0.6713242299142584,"[0.571875, 0.18194444444444444, 0.034375, 0.2916666666666667]",,,,0
long_rvos/5d2c735adb/1/1,long_rvos,5d2c735adb,1,1,dynamic,predicted_static,box,False,1,3,117,3,0.989373385512537,1.0,0.9946866927562685,0.9688093680899437,0.9528222409435552,0.9608158045167494,0.9660853766479804,"[0.11640625, 0.5097222222222222, 0.21015625, 0.49027777777777776]",,,,0
long_rvos/5d2c735adb/1/1,long_rvos,5d2c735adb,1,1,dynamic,predicted_static,box,False,2,5,175,0,1.0,1.0,1.0,1.0,1.0,1.0,1.0,,,,,
long_rvos/5d2c735adb/1/1,long_rvos,5d2c735adb,1,1,dynamic,predicted_static,box,False,3,7,234,0,0.0,0.0,0.0,0.0,0.0,0.0,1.0,,,,,
long_rvos/5d2c735adb/1/0,long_rvos,5d2c735adb,1,0,static,predicted_static,point,False,0,1,58,2,0.0,0.0,0.0,1.0,1.0,1.0,0.0,,1,[],[],
long_rvos/5d2c735adb/1/0,long_rvos,5d2c735adb,1,0,static,predicted_static,point,False,1,3,117,3,0.989373385512537,1.0,0.9946866927562685,0.0,0.0,0.0,0.0,,2,[],[],
long_rvos/5d2c735adb/1/0,long_rvos,5d2c735adb,1,0,static,predicted_static,point,False,2,5,175,0,1.0,1.0,1.0,1.0,1.0,1.0,1.0,,3,[],[],
long_rvos/5d2c735adb/1/0,long_rvos,5d2c735adb,1,0,static,predicted_static,point,False,3,7,234,0,0.0,0.0,0.0,0.0,0.0,0.0,1.0,,4,[],[],
long_rvos/5d2c735adb/1/0,long_rvos,5d2c735adb,1,0,static,predicted_static,box,False,0,1,58,2,0.0,0.0,0.0,0.0,0.0,0.0,0.6713242299142584,"[0.571875, 0.18194444444444444, 0.034375, 0.2916666666666667]",,,,0
long_rvos/5d2c735adb/1/0,long_rvos,5d2c735adb,1,0,static,predicted_static,box,False,1,3,117,3,0.989373385512537,1.0,0.9946866927562685,0.9688093680899437,0.9528222409435552,0.9608158045167494,0.9660853766479804,"[0.11640625, 0.5097222222222222, 0.21015625, 0.49027777777777776]",,,,0
long_rvos/5d2c735adb/1/0,long_rvos,5d2c735adb,1,0,static,predicted_static,box,False,2,5,175,0,1.0,1.0,1.0,1.0,1.0,1.0,1.0,,,,,
long_rvos/5d2c735adb/1/0,long_rvos,5d2c735adb,1,0,static,predicted_static,box,False,3,7,234,0,0.0,0.0,0.0,0.0,0.0,0.0,1.0,,,,,
long_rvos/6bf32cc0d5/2/12,long_rvos,6bf32cc0d5,2,12,hybrid,predicted_static,point,False,0,1,112,0,0.9158816301454025,0.9792284866468843,0.9475550583961434,0.0,0.0,0.0,0.0,,1,[],[],
long_rvos/6bf32cc0d5/2/12,long_rvos,6bf32cc0d5,2,12,hybrid,predicted_static,point,False,1,3,224,0,0.0,0.0,0.0,1.0,1.0,1.0,0.0,,2,[],[],
long_rvos/6bf32cc0d5/2/12,long_rvos,6bf32cc0d5,2,12,hybrid,predicted_static,point,False,2,5,336,12,0.8311008676789587,0.36060705317174363,0.5958539604253512,0.0,0.0,0.0,0.0,,3,[],[],
long_rvos/6bf32cc0d5/2/12,long_rvos,6bf32cc0d5,2,12,hybrid,predicted_static,point,False,3,7,449,12,0.48447789275634995,0.2594728546569365,0.37197537370664324,0.0,0.0,0.0,0.0,,4,[],[],
long_rvos/6bf32cc0d5/2/12,long_rvos,6bf32cc0d5,2,12,hybrid,predicted_static,box,False,0,1,112,0,0.9158816301454025,0.9792284866468843,0.9475550583961434,0.0,0.0,0.0,0.0,"[0.7109375, 0.5270833333333333, 0.2890625, 0.47291666666666665]",,,,
long_rvos/6bf32cc0d5/2/12,long_rvos,6bf32cc0d5,2,12,hybrid,predicted_static,box,False,1,3,224,0,0.0,0.0,0.0,1.0,1.0,1.0,0.0,"[0.8375, 0.65, 0.071875, 0.24375]",,,,
long_rvos/6bf32cc0d5/2/12,long_rvos,6bf32cc0d5,2,12,hybrid,predicted_static,box,False,2,5,336,12,0.8311008676789587,0.36060705317174363,0.5958539604253512,0.8326117147291888,0.38953710613976006,0.6110744104344744,0.9876106194690265,"[0.0, 0.3416666666666667, 0.2953125, 0.5395833333333333]",,,,0
long_rvos/6bf32cc0d5/2/12,long_rvos,6bf32cc0d5,2,12,hybrid,predicted_static,box,False,3,7,449,12,0.48447789275634995,0.2594728546569365,0.37197537370664324,0.0,0.0,0.0,0.0,"[0.0, 0.775, 0.3390625, 0.225]",,,,
long_rvos/6bf32cc0d5/2/5,long_rvos,6bf32cc0d5,2,5,static,predicted_static,point,False,0,1,112,0,0.9158816301454025,0.9792284866468843,0.9475550583961434,0.0,0.0,0.0,0.0,,1,[],[],
long_rvos/6bf32cc0d5/2/5,long_rvos,6bf32cc0d5,2,5,static,predicted_static,point,False,1,3,224,0,0.0,0.0,0.0,1.0,1.0,1.0,0.0,,2,[],[],
long_rvos/6bf32cc0d5/2/5,long_rvos,6bf32cc0d5,2,5,static,predicted_static,point,False,2,5,336,12,0.8311008676789587,0.36060705317174363,0.5958539604253512,0.0,0.0,0.0,0.0,,3,[],[],
long_rvos/6bf32cc0d5/2/5,long_rvos,6bf32cc0d5,2,5,static,predicted_static,point,False,3,7,449,12,0.48447789275634995,0.2594728546569365,0.37197537370664324,0.0,0.0,0.0,0.0,,4,[],[],
long_rvos/6bf32cc0d5/2/5,long_rvos,6bf32cc0d5,2,5,static,predicted_static,box,False,0,1,112,0,0.9158816301454025,0.9792284866468843,0.9475550583961434,0.0,0.0,0.0,0.0,"[0.7109375, 0.5270833333333333, 0.2890625, 0.47291666666666665]",,,,
long_rvos/6bf32cc0d5/2/5,long_rvos,6bf32cc0d5,2,5,static,predicted_static,box,False,1,3,224,0,0.0,0.0,0.0,1.0,1.0,1.0,0.0,"[0.8375, 0.65, 0.071875, 0.24375]",,,,
long_rvos/6bf32cc0d5/2/5,long_rvos,6bf32cc0d5,2,5,static,predicted_static,box,False,2,5,336,12,0.8311008676789587,0.36060705317174363,0.5958539604253512,0.8326117147291888,0.38953710613976006,0.6110744104344744,0.9876106194690265,"[0.0, 0.3416666666666667, 0.2953125, 0.5395833333333333]",,,,0
long_rvos/6bf32cc0d5/2/5,long_rvos,6bf32cc0d5,2,5,static,predicted_static,box,False,3,7,449,12,0.48447789275634995,0.2594728546569365,0.37197537370664324,0.0,0.0,0.0,0.0,"[0.0, 0.775, 0.3390625, 0.225]",,,,
long_rvos/31a352c169/1/3,long_rvos,31a352c169,1,3,dynamic,predicted_static,point,False,0,1,83,0,0.8561791202232062,0.5532619973055423,0.7047205587643742,0.0,0.0,0.0,0.0,,1,[],[],
long_rvos/31a352c169/1/3,long_rvos,31a352c169,1,3,dynamic,predicted_static,point,False,1,3,166,0,0.9046549449850875,0.8634802585918567,0.8840676017884721,0.0,0.0,0.0,0.0,,2,[],[],
long_rvos/31a352c169/1/3,long_rvos,31a352c169,1,3,dynamic,predicted_static,point,False,2,5,249,0,0.901598485688359,0.6800732490521949,0.7908358673702769,0.0,0.0,0.0,0.0,,3,[],[],
long_rvos/31a352c169/1/3,long_rvos,31a352c169,1,3,dynamic,predicted_static,point,False,3,7,333,0,0.9502844154750881,0.8850420640887086,0.9176632397818983,0.0,0.0,0.0,0.0,,4,[],[],
long_rvos/31a352c169/1/3,long_rvos,31a352c169,1,3,dynamic,predicted_static,box,False,0,1,83,0,0.8561791202232062,0.5532619973055423,0.7047205587643742,0.8586858498550162,0.5563309781369148,0.7075084139959655,0.9369438317945579,"[0.0, 0.27152899824253074, 0.7453125, 0.5711775043936731]",,,,0
long_rvos/31a352c169/1/3,long_rvos,31a352c169,1,3,dynamic,predicted_static,box,False,1,3,166,0,0.9046549449850875,0.8634802585918567,0.8840676017884721,0.6722188229428695,0.33896150433417516,0.5055901636385223,0.650592868340669,"[0.0, 0.27943760984182775, 0.9671875, 0.7117750439367311]",,,,0
long_rvos/31a352c169/1/3,long_rvos,31a352c169,1,3,dynamic,predicted_static,box,False,2,5,249,0,0.901598485688359,0.6800732490521949,0.7908358673702769,0.8306014368684326,0.3726721651463211,0.6016368010073768,0.8821020826588971,"[0.0, 0.29525483304042177, 1.0, 0.6669595782073814]",,,,0
long_rvos/31a352c169/1/3,long_rvos,31a352c169,1,3,dynamic,predicted_static,box,False,3,7,333,0,0.9502844154750881,0.8850420640887086,0.9176632397818983,0.7313332238313972,0.40641238347570674,0.568872803653552,0.7584089851024208,"[0.0, 0.3022847100175747, 0.725, 0.6731107205623902]",,,,0
long_rvos/31a352c169/1/0,long_rvos,31a352c169,1,0,static,predicted_static,point,False,0,1,83,,0.0,0.0,0.0,0.0,0.0,0.0,1.0,,1,[],[],
long_rvos/31a352c169/1/0,long_rvos,31a352c169,1,0,static,predicted_static,point,False,1,3,166,,0.0,0.0,0.0,0.0,0.0,0.0,1.0,,2,[],[],
long_rvos/31a352c169/1/0,long_rvos,31a352c169,1,0,static,predicted_static,point,False,2,5,249,,0.0,0.0,0.0,0.0,0.0,0.0,1.0,,3,[],[],
long_rvos/31a352c169/1/0,long_rvos,31a352c169,1,0,static,predicted_static,point,False,3,7,333,,0.0,0.0,0.0,0.0,0.0,0.0,1.0,,4,[],[],
long_rvos/31a352c169/1/0,long_rvos,31a352c169,1,0,static,predicted_static,box,False,0,1,83,,0.0,0.0,0.0,0.0,0.0,0.0,1.0,,,,,
long_rvos/31a352c169/1/0,long_rvos,31a352c169,1,0,static,predicted_static,box,False,1,3,166,,0.0,0.0,0.0,0.0,0.0,0.0,1.0,,,,,
long_rvos/31a352c169/1/0,long_rvos,31a352c169,1,0,static,predicted_static,box,False,2,5,249,,0.0,0.0,0.0,0.0,0.0,0.0,1.0,,,,,
long_rvos/31a352c169/1/0,long_rvos,31a352c169,1,0,static,predicted_static,box,False,3,7,333,,0.0,0.0,0.0,0.0,0.0,0.0,1.0,,,,,
long_rvos/882e8c62d3/2/3,long_rvos,882e8c62d3,2,3,dynamic,predicted_static,point,False,0,1,107,0,1.0,1.0,1.0,1.0,1.0,1.0,1.0,,1,[],[],
long_rvos/882e8c62d3/2/3,long_rvos,882e8c62d3,2,3,dynamic,predicted_static,point,False,1,3,215,8,0.649387370405278,0.6419724487005534,0.6456799095529158,0.0,0.0,0.0,0.0,,2,[],[],
long_rvos/882e8c62d3/2/3,long_rvos,882e8c62d3,2,3,dynamic,predicted_static,point,False,2,5,323,0,0.00022214817283127845,0.04072398190045249,0.020473065036641883,0.0,0.0,0.0,0.0,,3,[],[],
long_rvos/882e8c62d3/2/3,long_rvos,882e8c62d3,2,3,dynamic,predicted_static,point,False,3,7,431,0,0.0,0.0,0.0,0.0,0.0,0.0,1.0,,4,[],[],
long_rvos/882e8c62d3/2/3,long_rvos,882e8c62d3,2,3,dynamic,predicted_static,box,False,0,1,107,0,1.0,1.0,1.0,1.0,1.0,1.0,1.0,,,,,
long_rvos/882e8c62d3/2/3,long_rvos,882e8c62d3,2,3,dynamic,predicted_static,box,False,1,3,215,8,0.649387370405278,0.6419724487005534,0.6456799095529158,0.3243667339161623,0.31489532618654703,0.3196310300513546,0.2815968659639959,"[0.33238636363636365, 0.10416666666666667, 0.4090909090909091, 0.8472222222222222]",,,,0
long_rvos/882e8c62d3/2/3,long_rvos,882e8c62d3,2,3,dynamic,predicted_static,box,False,2,5,323,0,0.00022214817283127845,0.04072398190045249,0.020473065036641883,0.0028432848302391706,0.1625636497181669,0.08270346727420302,0.0,"[0.5454545454545454, 0.21875, 0.3465909090909091, 0.6875]",,,,0
long_rvos/882e8c62d3/2/3,long_rvos,882e8c62d3,2,3,dynamic,predicted_static,box,False,3,7,431,0,0.0,0.0,0.0,0.0,0.0,0.0,1.0,,,,,
long_rvos/882e8c62d3/2/2,long_rvos,882e8c62d3,2,2,static,predicted_static,point,False,0,1,107,0,1.0,1.0,1.0,1.0,1.0,1.0,1.0,,1,[],[],
long_rvos/882e8c62d3/2/2,long_rvos,882e8c62d3,2,2,static,predicted_static,point,False,1,3,215,3,0.7149813806932112,0.7029026874740034,0.7089420340836072,0.0,0.0,0.0,0.0,,2,[],[],
long_rvos/882e8c62d3/2/2,long_rvos,882e8c62d3,2,2,static,predicted_static,point,False,2,5,323,0,0.0,0.0,0.0,0.0,0.0,0.0,1.0,,3,[],[],
long_rvos/882e8c62d3/2/2,long_rvos,882e8c62d3,2,2,static,predicted_static,point,False,3,7,431,0,0.0,0.0,0.0,0.0,0.0,0.0,1.0,,4,[],[],
long_rvos/882e8c62d3/2/2,long_rvos,882e8c62d3,2,2,static,predicted_static,box,False,0,1,107,0,1.0,1.0,1.0,1.0,1.0,1.0,1.0,,,,,
long_rvos/882e8c62d3/2/2,long_rvos,882e8c62d3,2,2,static,predicted_static,box,False,1,3,215,3,0.7149813806932112,0.7029026874740034,0.7089420340836072,0.0,0.0,0.0,0.0,"[0.3352272727272727, 0.10416666666666667, 0.21875, 0.8472222222222222]",,,,
long_rvos/882e8c62d3/2/2,long_rvos,882e8c62d3,2,2,static,predicted_static,box,False,2,5,323,0,0.0,0.0,0.0,0.0,0.0,0.0,1.0,,,,,
long_rvos/882e8c62d3/2/2,long_rvos,882e8c62d3,2,2,static,predicted_static,box,False,3,7,431,0,0.0,0.0,0.0,0.0,0.0,0.0,1.0,,,,,
long_rvos/2cfdc294c5/1/3,long_rvos,2cfdc294c5,1,3,dynamic,predicted_static,point,False,0,1,102,0,0.920553562275756,0.8635069138282607,0.8920302380520084,0.0,0.0,0.0,0.0,,1,[],[],
long_rvos/2cfdc294c5/1/3,long_rvos,2cfdc294c5,1,3,dynamic,predicted_static,point,False,1,3,204,0,0.9170361893863539,0.9406879018310454,0.9288620456086997,0.0,0.0,0.0,0.0,,2,[],[],
long_rvos/2cfdc294c5/1/3,long_rvos,2cfdc294c5,1,3,dynamic,predicted_static,point,False,2,5,306,0,0.9857601241532622,0.9714896650035638,0.9786248945784131,0.0,0.0,0.0,0.0,,3,[],[],
long_rvos/2cfdc294c5/1/3,long_rvos,2cfdc294c5,1,3,dynamic,predicted_static,point,False,3,7,409,0,1.0,1.0,1.0,1.0,1.0,1.0,1.0,,4,[],[],
long_rvos/2cfdc294c5/1/3,long_rvos,2cfdc294c5,1,3,dynamic,predicted_static,box,False,0,1,102,0,0.920553562275756,0.8635069138282607,0.8920302380520084,0.9005809043682985,0.8323683237686579,0.8664746140684783,0.9609669001510781,"[0.5734375, 0.0, 0.4265625, 0.9361111111111111]",,,,0
long_rvos/2cfdc294c5/1/3,long_rvos,2cfdc294c5,1,3,dynamic,predicted_static,box,False,1,3,204,0,0.9170361893863539,0.9406879018310454,0.9288620456086997,0.9387009472259811,0.9097988319273199,0.9242498895766504,0.8721411605022056,"[0.7, 0.5083333333333333, 0.3, 0.49166666666666664]",,,,0
long_rvos/2cfdc294c5/1/3,long_rvos,2cfdc294c5,1,3,dynamic,predicted_static,box,False,2,5,306,0,0.9857601241532622,0.9714896650035638,0.9786248945784131,0.0,0.0,0.0,0.0,"[0.515625, 0.0, 0.484375, 1.0]",,,,
long_rvos/2cfdc294c5/1/3,long_rvos,2cfdc294c5,1,3,dynamic,predicted_static,box,False,3,7,409,0,1.0,1.0,1.0,1.0,1.0,1.0,1.0,,,,,
long_rvos/2cfdc294c5/1/0,long_rvos,2cfdc294c5,1,0,static,predicted_static,point,False,0,1,102,0,0.920553562275756,0.8635069138282607,0.8920302380520084,0.0,0.0,0.0,0.0,,1,[],[],
long_rvos/2cfdc294c5/1/0,long_rvos,2cfdc294c5,1,0,static,predicted_static,point,False,1,3,204,0,0.9170361893863539,0.9406879018310454,0.9288620456086997,0.0,0.0,0.0,0.0,,2,[],[],
long_rvos/2cfdc294c5/1/0,long_rvos,2cfdc294c5,1,0,static,predicted_static,point,False,2,5,306,0,0.9857601241532622,0.9714896650035638,0.9786248945784131,0.0,0.0,0.0,0.0,,3,[],[],
long_rvos/2cfdc294c5/1/0,long_rvos,2cfdc294c5,1,0,static,predicted_static,point,False,3,7,409,0,1.0,1.0,1.0,1.0,1.0,1.0,1.0,,4,[],[],
long_rvos/2cfdc294c5/1/0,long_rvos,2cfdc294c5,1,0,static,predicted_static,box,False,0,1,102,0,0.920553562275756,0.8635069138282607,0.8920302380520084,0.9005809043682985,0.8323683237686579,0.8664746140684783,0.9609669001510781,"[0.5734375, 0.0, 0.4265625, 0.9361111111111111]",,,,0
long_rvos/2cfdc294c5/1/0,long_rvos,2cfdc294c5,1,0,static,predicted_static,box,False,1,3,204,0,0.9170361893863539,0.9406879018310454,0.9288620456086997,0.9387009472259811,0.9097988319273199,0.9242498895766504,0.8721411605022056,"[0.7, 0.5083333333333333, 0.3, 0.49166666666666664]",,,,0
long_rvos/2cfdc294c5/1/0,long_rvos,2cfdc294c5,1,0,static,predicted_static,box,False,2,5,306,0,0.9857601241532622,0.9714896650035638,0.9786248945784131,0.0,0.0,0.0,0.0,"[0.515625, 0.0, 0.484375, 1.0]",,,,
long_rvos/2cfdc294c5/1/0,long_rvos,2cfdc294c5,1,0,static,predicted_static,box,False,3,7,409,0,1.0,1.0,1.0,1.0,1.0,1.0,1.0,,,,,
long_rvos/a3f2b5d434/2/7,long_rvos,a3f2b5d434,2,7,dynamic,predicted_static,point,False,0,1,58,2,0.9715291929644065,1.0,0.9857645964822033,0.0,0.0,0.0,0.0,,1,[],[],
long_rvos/a3f2b5d434/2/7,long_rvos,a3f2b5d434,2,7,dynamic,predicted_static,point,False,1,3,117,2,0.9688027659403393,1.0,0.9844013829701697,0.0,0.0,0.0,0.0,,2,[],[],
long_rvos/a3f2b5d434/2/7,long_rvos,a3f2b5d434,2,7,dynamic,predicted_static,point,False,2,5,175,2,0.9800395051460651,1.0,0.9900197525730325,0.0,0.0,0.0,0.0,,3,[],[],
long_rvos/a3f2b5d434/2/7,long_rvos,a3f2b5d434,2,7,dynamic,predicted_static,point,False,3,7,234,2,0.9600564299742745,1.0,0.9800282149871373,0.0,0.0,0.0,0.0,,4,[],[],
long_rvos/22680d3b50/4/8,long_rvos,22680d3b50,4,8,hybrid,predicted_static,point,False,0,1,134,1,0.964531052852937,1.0,0.9822655264264686,0.0,0.0,0.0,0.0,,1,[],[],
long_rvos/22680d3b50/4/8,long_rvos,22680d3b50,4,8,hybrid,predicted_static,point,False,1,3,269,1,0.7818849449204406,0.9728260869565218,0.8773555159384812,0.0,0.0,0.0,0.0,,2,[],[],
long_rvos/22680d3b50/4/8,long_rvos,22680d3b50,4,8,hybrid,predicted_static,point,False,2,5,404,1,0.9144839718530101,0.9984779299847794,0.9564809509188947,0.0,0.0,0.0,0.0,,3,[],[],
long_rvos/22680d3b50/4/8,long_rvos,22680d3b50,4,8,hybrid,predicted_static,point,False,3,7,539,1,0.9551345962113659,0.9731876861966235,0.9641611412039948,0.0,0.0,0.0,0.0,,4,[],[],
long_rvos/22680d3b50/4/8,long_rvos,22680d3b50,4,8,hybrid,predicted_static,box,False,0,1,134,1,0.964531052852937,1.0,0.9822655264264686,0.0,0.0,0.0,0.0,"[0.440625, 0.2916666666666667, 0.175, 0.30833333333333335]",,,,
long_rvos/22680d3b50/4/8,long_rvos,22680d3b50,4,8,hybrid,predicted_static,box,False,1,3,269,1,0.7818849449204406,0.9728260869565218,0.8773555159384812,0.0,0.0,0.0,0.0,"[0.240625, 0.3875, 0.171875, 0.38958333333333334]",,,,
long_rvos/22680d3b50/4/8,long_rvos,22680d3b50,4,8,hybrid,predicted_static,box,False,2,5,404,1,0.9144839718530101,0.9984779299847794,0.9564809509188947,0.9187718616401088,1.0,0.9593859308200544,0.9718069629778269,"[0.3828125, 0.3333333333333333, 0.2390625, 0.2875]",,,,0
long_rvos/22680d3b50/4/8,long_rvos,22680d3b50,4,8,hybrid,predicted_static,box,False,3,7,539,1,0.9551345962113659,0.9731876861966235,0.9641611412039948,0.966398553138832,0.9953100573215217,0.9808543052301768,0.9764655131093323,"[0.2203125, 0.25, 0.3640625, 0.42291666666666666]",,,,0
long_rvos/22680d3b50/4/3,long_rvos,22680d3b50,4,3,static,predicted_static,point,False,0,1,134,1,0.964531052852937,1.0,0.9822655264264686,0.0,0.0,0.0,0.0,,1,[],[],
long_rvos/22680d3b50/4/3,long_rvos,22680d3b50,4,3,static,predicted_static,point,False,1,3,269,1,0.7818849449204406,0.9728260869565218,0.8773555159384812,0.0,0.0,0.0,0.0,,2,[],[],
long_rvos/22680d3b50/4/3,long_rvos,22680d3b50,4,3,static,predicted_static,point,False,2,5,404,1,0.9144839718530101,0.9984779299847794,0.9564809509188947,0.0,0.0,0.0,0.0,,3,[],[],
long_rvos/22680d3b50/4/3,long_rvos,22680d3b50,4,3,static,predicted_static,point,False,3,7,539,1,0.9551345962113659,0.9731876861966235,0.9641611412039948,0.0,0.0,0.0,0.0,,4,[],[],
long_rvos/22680d3b50/4/3,long_rvos,22680d3b50,4,3,static,predicted_static,box,False,0,1,134,1,0.964531052852937,1.0,0.9822655264264686,0.0,0.0,0.0,0.0,"[0.440625, 0.2916666666666667, 0.175, 0.30833333333333335]",,,,
long_rvos/22680d3b50/4/3,long_rvos,22680d3b50,4,3,static,predicted_static,box,False,1,3,269,1,0.7818849449204406,0.9728260869565218,0.8773555159384812,0.0,0.0,0.0,0.0,"[0.240625, 0.3875, 0.171875, 0.38958333333333334]",,,,
long_rvos/22680d3b50/4/3,long_rvos,22680d3b50,4,3,static,predicted_static,box,False,2,5,404,1,0.9144839718530101,0.9984779299847794,0.9564809509188947,0.9187718616401088,1.0,0.9593859308200544,0.9718069629778269,"[0.3828125, 0.3333333333333333, 0.2390625, 0.2875]",,,,0
long_rvos/22680d3b50/4/3,long_rvos,22680d3b50,4,3,static,predicted_static,box,False,3,7,539,1,0.9551345962113659,0.9731876861966235,0.9641611412039948,0.966398553138832,0.9953100573215217,0.9808543052301768,0.9764655131093323,"[0.2203125, 0.25, 0.3640625, 0.42291666666666666]",,,,0
long_rvos/b4a5ada352/1/1,long_rvos,b4a5ada352,1,1,dynamic,predicted_static,point,False,0,1,80,0,0.0,0.21869791946669534,0.10934895973334767,0.0,0.0,0.0,0.0,,1,[],[],
long_rvos/b4a5ada352/1/1,long_rvos,b4a5ada352,1,1,dynamic,predicted_static,point,False,1,3,161,1,0.9317344409459369,0.9188824463258584,0.9253084436358976,0.0,0.0,0.0,0.0,,2,[],[],
long_rvos/b4a5ada352/1/1,long_rvos,b4a5ada352,1,1,dynamic,predicted_static,point,False,2,5,242,0,1.0,1.0,1.0,1.0,1.0,1.0,1.0,,3,[],[],
long_rvos/b4a5ada352/1/1,long_rvos,b4a5ada352,1,1,dynamic,predicted_static,point,False,3,7,323,7,0.0,0.0,0.0,0.0,0.0,0.0,0.0,,4,[],[],
long_rvos/b4a5ada352/1/1,long_rvos,b4a5ada352,1,1,dynamic,predicted_static,box,False,0,1,80,0,0.0,0.21869791946669534,0.10934895973334767,0.0,0.21513240431840047,0.10756620215920024,0.9668992418415558,"[0.4375, 0.03125, 0.5596590909090909, 0.96875]",,,,0
long_rvos/b4a5ada352/1/1,long_rvos,b4a5ada352,1,1,dynamic,predicted_static,box,False,1,3,161,1,0.9317344409459369,0.9188824463258584,0.9253084436358976,0.8506686028922369,0.5726663246060499,0.7116674637491434,0.8701989240585513,"[0.0, 0.0, 0.5710227272727273, 0.5555555555555556]",,,,0
long_rvos/b4a5ada352/1/1,long_rvos,b4a5ada352,1,1,dynamic,predicted_static,box,False,2,5,242,0,1.0,1.0,1.0,1.0,1.0,1.0,1.0,,,,,
long_rvos/b4a5ada352/1/1,long_rvos,b4a5ada352,1,1,dynamic,predicted_static,box,False,3,7,323,7,0.0,0.0,0.0,0.0,0.0,0.0,0.8837068900460343,"[0.5284090909090909, 0.020833333333333332, 0.4715909090909091, 0.9131944444444444]",,,,0
long_rvos/b4a5ada352/1/9,long_rvos,b4a5ada352,1,9,hybrid,predicted_static,point,False,0,1,80,0,0.0,0.21869791946669534,0.10934895973334767,0.0,0.0,0.0,0.0,,1,[],[],
long_rvos/b4a5ada352/1/9,long_rvos,b4a5ada352,1,9,hybrid,predicted_static,point,False,1,3,161,1,0.9317344409459369,0.9188824463258584,0.9253084436358976,0.0,0.0,0.0,0.0,,2,[],[],
long_rvos/b4a5ada352/1/9,long_rvos,b4a5ada352,1,9,hybrid,predicted_static,point,False,2,5,242,0,1.0,1.0,1.0,1.0,1.0,1.0,1.0,,3,[],[],
long_rvos/b4a5ada352/1/9,long_rvos,b4a5ada352,1,9,hybrid,predicted_static,point,False,3,7,323,5,0.984768174970708,0.948505637415737,0.9666369061932225,0.0,0.0,0.0,0.0,,4,[],[],
long_rvos/b4a5ada352/1/9,long_rvos,b4a5ada352,1,9,hybrid,predicted_static,box,False,0,1,80,0,0.0,0.21869791946669534,0.10934895973334767,0.0,0.21513240431840047,0.10756620215920024,0.9668992418415558,"[0.4375, 0.03125, 0.5596590909090909, 0.96875]",,,,0
long_rvos/b4a5ada352/1/9,long_rvos,b4a5ada352,1,9,hybrid,predicted_static,box,False,1,3,161,1,0.9317344409459369,0.9188824463258584,0.9253084436358976,0.8506686028922369,0.5726663246060499,0.7116674637491434,0.8701989240585513,"[0.0, 0.0, 0.5710227272727273, 0.5555555555555556]",,,,0
long_rvos/b4a5ada352/1/9,long_rvos,b4a5ada352,1,9,hybrid,predicted_static,box,False,2,5,242,0,1.0,1.0,1.0,1.0,1.0,1.0,1.0,,,,,
long_rvos/b4a5ada352/1/9,long_rvos,b4a5ada352,1,9,hybrid,predicted_static,box,False,3,7,323,5,0.984768174970708,0.948505637415737,0.9666369061932225,0.0,0.0,0.0,0.0,"[0.0, 0.0, 0.4119318181818182, 1.0]",,,,
long_rvos/b4a5ada352/1/2,long_rvos,b4a5ada352,1,2,static,predicted_static,point,False,0,1,80,0,0.0,0.21869791946669534,0.10934895973334767,0.0,0.0,0.0,0.0,,1,[],[],
long_rvos/b4a5ada352/1/2,long_rvos,b4a5ada352,1,2,static,predicted_static,point,False,1,3,161,1,0.9317344409459369,0.9188824463258584,0.9253084436358976,0.0,0.0,0.0,0.0,,2,[],[],
long_rvos/b4a5ada352/1/2,long_rvos,b4a5ada352,1,2,static,predicted_static,point,False,2,5,242,0,1.0,1.0,1.0,1.0,1.0,1.0,1.0,,3,[],[],
long_rvos/b4a5ada352/1/2,long_rvos,b4a5ada352,1,2,static,predicted_static,point,False,3,7,323,5,0.984768174970708,0.948505637415737,0.9666369061932225,0.0,0.0,0.0,0.0,,4,[],[],
long_rvos/b4a5ada352/1/2,long_rvos,b4a5ada352,1,2,static,predicted_static,box,False,0,1,80,0,0.0,0.21869791946669534,0.10934895973334767,0.0,0.21513240431840047,0.10756620215920024,0.9668992418415558,"[0.4375, 0.03125, 0.5596590909090909, 0.96875]",,,,0
long_rvos/b4a5ada352/1/2,long_rvos,b4a5ada352,1,2,static,predicted_static,box,False,1,3,161,1,0.9317344409459369,0.9188824463258584,0.9253084436358976,0.8506686028922369,0.5726663246060499,0.7116674637491434,0.8701989240585513,"[0.0, 0.0, 0.5710227272727273, 0.5555555555555556]",,,,0
long_rvos/b4a5ada352/1/2,long_rvos,b4a5ada352,1,2,static,predicted_static,box,False,2,5,242,0,1.0,1.0,1.0,1.0,1.0,1.0,1.0,,,,,
long_rvos/b4a5ada352/1/2,long_rvos,b4a5ada352,1,2,static,predicted_static,box,False,3,7,323,5,0.984768174970708,0.948505637415737,0.9666369061932225,0.0,0.0,0.0,0.0,"[0.0, 0.0, 0.4119318181818182, 1.0]",,,,
long_rvos/5d2c735adb/1/8,long_rvos,5d2c735adb,1,8,hybrid,predicted_static,point,False,0,1,58,2,0.0,0.0,0.0,1.0,1.0,1.0,0.0,,1,[],[],
long_rvos/5d2c735adb/1/8,long_rvos,5d2c735adb,1,8,hybrid,predicted_static,point,False,1,3,117,3,0.989373385512537,1.0,0.9946866927562685,0.0,0.0,0.0,0.0,,2,[],[],
long_rvos/5d2c735adb/1/8,long_rvos,5d2c735adb,1,8,hybrid,predicted_static,point,False,2,5,175,0,1.0,1.0,1.0,1.0,1.0,1.0,1.0,,3,[],[],
long_rvos/5d2c735adb/1/8,long_rvos,5d2c735adb,1,8,hybrid,predicted_static,point,False,3,7,234,0,0.0,0.0,0.0,0.0,0.0,0.0,1.0,,4,[],[],
long_rvos/5d2c735adb/1/8,long_rvos,5d2c735adb,1,8,hybrid,predicted_static,box,False,0,1,58,2,0.0,0.0,0.0,0.0,0.0,0.0,0.6713242299142584,"[0.571875, 0.18194444444444444, 0.034375, 0.2916666666666667]",,,,0
long_rvos/5d2c735adb/1/8,long_rvos,5d2c735adb,1,8,hybrid,predicted_static,box,False,1,3,117,3,0.989373385512537,1.0,0.9946866927562685,0.9688093680899437,0.9528222409435552,0.9608158045167494,0.9660853766479804,"[0.11640625, 0.5097222222222222, 0.21015625, 0.49027777777777776]",,,,0
long_rvos/5d2c735adb/1/8,long_rvos,5d2c735adb,1,8,hybrid,predicted_static,box,False,2,5,175,0,1.0,1.0,1.0,1.0,1.0,1.0,1.0,,,,,
long_rvos/5d2c735adb/1/8,long_rvos,5d2c735adb,1,8,hybrid,predicted_static,box,False,3,7,234,0,0.0,0.0,0.0,0.0,0.0,0.0,1.0,,,,,
long_rvos/6bf32cc0d5/2/6,long_rvos,6bf32cc0d5,2,6,dynamic,predicted_static,point,False,0,1,112,1,0.9187464622034683,0.9761194029850746,0.9474329325942714,0.0,0.0,0.0,0.0,,1,[],[],
long_rvos/6bf32cc0d5/2/6,long_rvos,6bf32cc0d5,2,6,dynamic,predicted_static,point,False,1,3,224,1,0.0,0.0,0.0,1.0,1.0,1.0,0.0,,2,[],[],
long_rvos/6bf32cc0d5/2/6,long_rvos,6bf32cc0d5,2,6,dynamic,predicted_static,point,False,2,5,336,3,0.8323677513671558,0.3541559582619088,0.5932618548145323,0.0,0.0,0.0,0.0,,3,[],[],
long_rvos/6bf32cc0d5/2/6,long_rvos,6bf32cc0d5,2,6,dynamic,predicted_static,point,False,3,7,449,3,0.9601635470197681,0.9525754897057892,0.9563695183627787,0.0,0.0,0.0,0.0,,4,[],[],
long_rvos/6bf32cc0d5/2/6,long_rvos,6bf32cc0d5,2,6,dynamic,predicted_static,box,False,0,1,112,1,0.9187464622034683,0.9761194029850746,0.9474329325942714,0.0,0.0,0.0,0.0,"[0.7109375, 0.5270833333333333, 0.2890625, 0.47291666666666665]",,,,
long_rvos/6bf32cc0d5/2/6,long_rvos,6bf32cc0d5,2,6,dynamic,predicted_static,box,False,1,3,224,1,0.0,0.0,0.0,1.0,1.0,1.0,0.0,"[0.86875, 0.7854166666666667, 0.040625, 0.10833333333333334]",,,,
long_rvos/6bf32cc0d5/2/6,long_rvos,6bf32cc0d5,2,6,dynamic,predicted_static,box,False,2,5,336,3,0.8323677513671558,0.3541559582619088,0.5932618548145323,0.8329794184906893,0.38969252827783973,0.6113359733842645,0.984354113501033,"[0.0, 0.33958333333333335, 0.296875, 0.5416666666666666]",,,,0
long_rvos/6bf32cc0d5/2/6,long_rvos,6bf32cc0d5,2,6,dynamic,predicted_static,box,False,3,7,449,3,0.9601635470197681,0.9525754897057892,0.9563695183627787,0.9579141012163989,0.9581027372435229,0.9580084192299609,0.9771272082079765,"[0.0, 0.6666666666666666, 0.4546875, 0.3333333333333333]",,,,0
long_rvos/6bf32cc0d5/2/4,long_rvos,6bf32cc0d5,2,4,static,predicted_static,point,False,0,1,112,0,0.9158816301454025,0.9792284866468843,0.9475550583961434,0.0,0.0,0.0,0.0,,1,[],[],
long_rvos/6bf32cc0d5/2/4,long_rvos,6bf32cc0d5,2,4,static,predicted_static,point,False,1,3,224,0,0.0,0.0,0.0,1.0,1.0,1.0,0.0,,2,[],[],
long_rvos/6bf32cc0d5/2/4,long_rvos,6bf32cc0d5,2,4,static,predicted_static,point,False,2,5,336,12,0.8311008676789587,0.36060705317174363,0.5958539604253512,0.0,0.0,0.0,0.0,,3,[],[],
long_rvos/6bf32cc0d5/2/4,long_rvos,6bf32cc0d5,2,4,static,predicted_static,point,False,3,7,449,12,0.48447789275634995,0.2594728546569365,0.37197537370664324,0.0,0.0,0.0,0.0,,4,[],[],
long_rvos/6bf32cc0d5/2/4,long_rvos,6bf32cc0d5,2,4,static,predicted_static,box,False,0,1,112,0,0.9158816301454025,0.9792284866468843,0.9475550583961434,0.0,0.0,0.0,0.0,"[0.7109375, 0.5270833333333333, 0.2890625, 0.47291666666666665]",,,,
long_rvos/6bf32cc0d5/2/4,long_rvos,6bf32cc0d5,2,4,static,predicted_static,box,False,1,3,224,0,0.0,0.0,0.0,1.0,1.0,1.0,0.0,"[0.8375, 0.65, 0.071875, 0.24375]",,,,
long_rvos/6bf32cc0d5/2/4,long_rvos,6bf32cc0d5,2,4,static,predicted_static,box,False,2,5,336,12,0.8311008676789587,0.36060705317174363,0.5958539604253512,0.8326117147291888,0.38953710613976006,0.6110744104344744,0.9876106194690265,"[0.0, 0.3416666666666667, 0.2953125, 0.5395833333333333]",,,,0
long_rvos/6bf32cc0d5/2/4,long_rvos,6bf32cc0d5,2,4,static,predicted_static,box,False,3,7,449,12,0.48447789275634995,0.2594728546569365,0.37197537370664324,0.0,0.0,0.0,0.0,"[0.0, 0.775, 0.3390625, 0.225]",,,,
long_rvos/31a352c169/1/1,long_rvos,31a352c169,1,1,dynamic,predicted_static,point,False,0,1,83,0,0.8561791202232062,0.5532619973055423,0.7047205587643742,0.0,0.0,0.0,0.0,,1,[],[],
long_rvos/31a352c169/1/1,long_rvos,31a352c169,1,1,dynamic,predicted_static,point,False,1,3,166,0,0.9046549449850875,0.8634802585918567,0.8840676017884721,0.0,0.0,0.0,0.0,,2,[],[],
long_rvos/31a352c169/1/1,long_rvos,31a352c169,1,1,dynamic,predicted_static,point,False,2,5,249,0,0.901598485688359,0.6800732490521949,0.7908358673702769,0.0,0.0,0.0,0.0,,3,[],[],
long_rvos/31a352c169/1/1,long_rvos,31a352c169,1,1,dynamic,predicted_static,point,False,3,7,333,0,0.9502844154750881,0.8850420640887086,0.9176632397818983,0.0,0.0,0.0,0.0,,4,[],[],
long_rvos/31a352c169/1/1,long_rvos,31a352c169,1,1,dynamic,predicted_static,box,False,0,1,83,0,0.8561791202232062,0.5532619973055423,0.7047205587643742,0.8586858498550162,0.5563309781369148,0.7075084139959655,0.9369438317945579,"[0.0, 0.27152899824253074, 0.7453125, 0.5711775043936731]",,,,0
long_rvos/31a352c169/1/1,long_rvos,31a352c169,1,1,dynamic,predicted_static,box,False,1,3,166,0,0.9046549449850875,0.8634802585918567,0.8840676017884721,0.6722188229428695,0.33896150433417516,0.5055901636385223,0.650592868340669,"[0.0, 0.27943760984182775, 0.9671875, 0.7117750439367311]",,,,0
long_rvos/31a352c169/1/1,long_rvos,31a352c169,1,1,dynamic,predicted_static,box,False,2,5,249,0,0.901598485688359,0.6800732490521949,0.7908358673702769,0.8306014368684326,0.3726721651463211,0.6016368010073768,0.8821020826588971,"[0.0, 0.29525483304042177, 1.0, 0.6669595782073814]",,,,0
long_rvos/31a352c169/1/1,long_rvos,31a352c169,1,1,dynamic,predicted_static,box,False,3,7,333,0,0.9502844154750881,0.8850420640887086,0.9176632397818983,0.7313332238313972,0.40641238347570674,0.568872803653552,0.7584089851024208,"[0.0, 0.3022847100175747, 0.725, 0.6731107205623902]",,,,0
long_rvos/31a352c169/1/10,long_rvos,31a352c169,1,10,hybrid,predicted_static,point,False,0,1,83,0,0.0,0.0,0.0,0.0,0.0,0.0,1.0,,1,[],[],
long_rvos/31a352c169/1/10,long_rvos,31a352c169,1,10,hybrid,predicted_static,point,False,1,3,166,0,0.0,0.0,0.0,0.0,0.0,0.0,1.0,,2,[],[],
long_rvos/31a352c169/1/10,long_rvos,31a352c169,1,10,hybrid,predicted_static,point,False,2,5,249,0,0.0,0.0,0.0,0.0,0.0,0.0,1.0,,3,[],[],
long_rvos/31a352c169/1/10,long_rvos,31a352c169,1,10,hybrid,predicted_static,point,False,3,7,333,0,0.0,0.0,0.0,0.0,0.0,0.0,1.0,,4,[],[],
long_rvos/31a352c169/1/10,long_rvos,31a352c169,1,10,hybrid,predicted_static,box,False,0,1,83,0,0.0,0.0,0.0,0.0,0.0,0.0,1.0,,,,,
long_rvos/31a352c169/1/10,long_rvos,31a352c169,1,10,hybrid,predicted_static,box,False,1,3,166,0,0.0,0.0,0.0,0.0,0.0,0.0,1.0,,,,,
long_rvos/31a352c169/1/10,long_rvos,31a352c169,1,10,hybrid,predicted_static,box,False,2,5,249,0,0.0,0.0,0.0,0.0,0.0,0.0,1.0,,,,,
long_rvos/31a352c169/1/10,long_rvos,31a352c169,1,10,hybrid,predicted_static,box,False,3,7,333,0,0.0,0.0,0.0,0.0,0.0,0.0,1.0,,,,,
long_rvos/31a352c169/1/2,long_rvos,31a352c169,1,2,static,predicted_static,point,False,0,1,83,0,0.0,0.0,0.0,0.0,0.0,0.0,1.0,,1,[],[],
long_rvos/31a352c169/1/2,long_rvos,31a352c169,1,2,static,predicted_static,point,False,1,3,166,1,0.9061135024380946,0.8551468953589582,0.8806301988985263,0.0,0.0,0.0,0.0,,2,[],[],
long_rvos/31a352c169/1/2,long_rvos,31a352c169,1,2,static,predicted_static,point,False,2,5,249,1,0.9012078704807637,0.6749972515588771,0.7881025610198205,0.0,0.0,0.0,0.0,,3,[],[],
long_rvos/31a352c169/1/2,long_rvos,31a352c169,1,2,static,predicted_static,point,False,3,7,333,1,0.9472084754720608,0.8825829809324629,0.9148957282022618,0.0,0.0,0.0,0.0,,4,[],[],
long_rvos/31a352c169/1/2,long_rvos,31a352c169,1,2,static,predicted_static,box,False,0,1,83,0,0.0,0.0,0.0,0.0,0.0,0.0,1.0,,,,,
long_rvos/31a352c169/1/2,long_rvos,31a352c169,1,2,static,predicted_static,box,False,1,3,166,1,0.9061135024380946,0.8551468953589582,0.8806301988985263,0.6229670709393818,0.2992842233093721,0.4611256471243769,0.6029638628044356,"[0.0, 0.27943760984182775, 0.9671875, 0.7082601054481547]",,,,0
long_rvos/31a352c169/1/2,long_rvos,31a352c169,1,2,static,predicted_static,box,False,2,5,249,1,0.9012078704807637,0.6749972515588771,0.7881025610198205,0.8283944451672199,0.36649280920711624,0.5974436271871681,0.8825291815316407,"[0.0, 0.29437609841827767, 1.0, 0.6669595782073814]",,,,0
long_rvos/31a352c169/1/2,long_rvos,31a352c169,1,2,static,predicted_static,box,False,3,7,333,1,0.9472084754720608,0.8825829809324629,0.9148957282022618,0.7598698158398368,0.4064493604474527,0.5831595881436448,0.7905474368580345,"[0.0, 0.3022847100175747, 0.725, 0.6695957820738138]",,,,0
long_rvos/882e8c62d3/2/7,long_rvos,882e8c62d3,2,7,hybrid,predicted_static,point,False,0,1,107,0,1.0,1.0,1.0,1.0,1.0,1.0,1.0,,1,[],[],
long_rvos/882e8c62d3/2/7,long_rvos,882e8c62d3,2,7,hybrid,predicted_static,point,False,1,3,215,3,0.7149813806932112,0.7029026874740034,0.7089420340836072,0.0,0.0,0.0,0.0,,2,[],[],
long_rvos/882e8c62d3/2/7,long_rvos,882e8c62d3,2,7,hybrid,predicted_static,point,False,2,5,323,0,0.0,0.0,0.0,0.0,0.0,0.0,1.0,,3,[],[],
long_rvos/882e8c62d3/2/7,long_rvos,882e8c62d3,2,7,hybrid,predicted_static,point,False,3,7,431,0,0.0,0.0,0.0,0.0,0.0,0.0,1.0,,4,[],[],
long_rvos/882e8c62d3/2/7,long_rvos,882e8c62d3,2,7,hybrid,predicted_static,box,False,0,1,107,0,1.0,1.0,1.0,1.0,1.0,1.0,1.0,,,,,
long_rvos/882e8c62d3/2/7,long_rvos,882e8c62d3,2,7,hybrid,predicted_static,box,False,1,3,215,3,0.7149813806932112,0.7029026874740034,0.7089420340836072,0.0,0.0,0.0,0.0,"[0.3352272727272727, 0.10416666666666667, 0.21875, 0.8472222222222222]",,,,
long_rvos/882e8c62d3/2/7,long_rvos,882e8c62d3,2,7,hybrid,predicted_static,box,False,2,5,323,0,0.0,0.0,0.0,0.0,0.0,0.0,1.0,,,,,
long_rvos/882e8c62d3/2/7,long_rvos,882e8c62d3,2,7,hybrid,predicted_static,box,False,3,7,431,0,0.0,0.0,0.0,0.0,0.0,0.0,1.0,,,,,
long_rvos/2cfdc294c5/1/1,long_rvos,2cfdc294c5,1,1,dynamic,predicted_static,point,False,0,1,102,0,0.920553562275756,0.8635069138282607,0.8920302380520084,0.0,0.0,0.0,0.0,,1,[],[],
long_rvos/2cfdc294c5/1/1,long_rvos,2cfdc294c5,1,1,dynamic,predicted_static,point,False,1,3,204,0,0.9170361893863539,0.9406879018310454,0.9288620456086997,0.0,0.0,0.0,0.0,,2,[],[],
long_rvos/2cfdc294c5/1/1,long_rvos,2cfdc294c5,1,1,dynamic,predicted_static,point,False,2,5,306,0,0.9857601241532622,0.9714896650035638,0.9786248945784131,0.0,0.0,0.0,0.0,,3,[],[],
long_rvos/2cfdc294c5/1/1,long_rvos,2cfdc294c5,1,1,dynamic,predicted_static,point,False,3,7,409,0,1.0,1.0,1.0,1.0,1.0,1.0,1.0,,4,[],[],
long_rvos/2cfdc294c5/1/1,long_rvos,2cfdc294c5,1,1,dynamic,predicted_static,box,False,0,1,102,0,0.920553562275756,0.8635069138282607,0.8920302380520084,0.9005809043682985,0.8323683237686579,0.8664746140684783,0.9609669001510781,"[0.5734375, 0.0, 0.4265625, 0.9361111111111111]",,,,0
long_rvos/2cfdc294c5/1/1,long_rvos,2cfdc294c5,1,1,dynamic,predicted_static,box,False,1,3,204,0,0.9170361893863539,0.9406879018310454,0.9288620456086997,0.9387009472259811,0.9097988319273199,0.9242498895766504,0.8721411605022056,"[0.7, 0.5083333333333333, 0.3, 0.49166666666666664]",,,,0
long_rvos/2cfdc294c5/1/1,long_rvos,2cfdc294c5,1,1,dynamic,predicted_static,box,False,2,5,306,0,0.9857601241532622,0.9714896650035638,0.9786248945784131,0.0,0.0,0.0,0.0,"[0.515625, 0.0, 0.484375, 1.0]",,,,
long_rvos/2cfdc294c5/1/1,long_rvos,2cfdc294c5,1,1,dynamic,predicted_static,box,False,3,7,409,0,1.0,1.0,1.0,1.0,1.0,1.0,1.0,,,,,
long_rvos/2cfdc294c5/1/8,long_rvos,2cfdc294c5,1,8,dynamic,predicted_static,point,False,0,1,102,0,0.920553562275756,0.8635069138282607,0.8920302380520084,0.0,0.0,0.0,0.0,,1,[],[],
long_rvos/2cfdc294c5/1/8,long_rvos,2cfdc294c5,1,8,dynamic,predicted_static,point,False,1,3,204,0,0.9170361893863539,0.9406879018310454,0.9288620456086997,0.0,0.0,0.0,0.0,,2,[],[],
long_rvos/2cfdc294c5/1/8,long_rvos,2cfdc294c5,1,8,dynamic,predicted_static,point,False,2,5,306,0,0.9857601241532622,0.9714896650035638,0.9786248945784131,0.0,0.0,0.0,0.0,,3,[],[],
long_rvos/2cfdc294c5/1/8,long_rvos,2cfdc294c5,1,8,dynamic,predicted_static,point,False,3,7,409,0,1.0,1.0,1.0,1.0,1.0,1.0,1.0,,4,[],[],
long_rvos/2cfdc294c5/1/8,long_rvos,2cfdc294c5,1,8,dynamic,predicted_static,box,False,0,1,102,0,0.920553562275756,0.8635069138282607,0.8920302380520084,0.9005809043682985,0.8323683237686579,0.8664746140684783,0.9609669001510781,"[0.5734375, 0.0, 0.4265625, 0.9361111111111111]",,,,0
long_rvos/2cfdc294c5/1/8,long_rvos,2cfdc294c5,1,8,dynamic,predicted_static,box,False,1,3,204,0,0.9170361893863539,0.9406879018310454,0.9288620456086997,0.9387009472259811,0.9097988319273199,0.9242498895766504,0.8721411605022056,"[0.7, 0.5083333333333333, 0.3, 0.49166666666666664]",,,,0
long_rvos/2cfdc294c5/1/8,long_rvos,2cfdc294c5,1,8,dynamic,predicted_static,box,False,2,5,306,0,0.9857601241532622,0.9714896650035638,0.9786248945784131,0.0,0.0,0.0,0.0,"[0.515625, 0.0, 0.484375, 1.0]",,,,
long_rvos/2cfdc294c5/1/8,long_rvos,2cfdc294c5,1,8,dynamic,predicted_static,box,False,3,7,409,0,1.0,1.0,1.0,1.0,1.0,1.0,1.0,,,,,
long_rvos/2cfdc294c5/1/2,long_rvos,2cfdc294c5,1,2,static,predicted_static,point,False,0,1,102,0,0.920553562275756,0.8635069138282607,0.8920302380520084,0.0,0.0,0.0,0.0,,1,[],[],
long_rvos/2cfdc294c5/1/2,long_rvos,2cfdc294c5,1,2,static,predicted_static,point,False,1,3,204,0,0.9170361893863539,0.9406879018310454,0.9288620456086997,0.0,0.0,0.0,0.0,,2,[],[],
long_rvos/2cfdc294c5/1/2,long_rvos,2cfdc294c5,1,2,static,predicted_static,point,False,2,5,306,0,0.9857601241532622,0.9714896650035638,0.9786248945784131,0.0,0.0,0.0,0.0,,3,[],[],
long_rvos/2cfdc294c5/1/2,long_rvos,2cfdc294c5,1,2,static,predicted_static,point,False,3,7,409,0,1.0,1.0,1.0,1.0,1.0,1.0,1.0,,4,[],[],
long_rvos/2cfdc294c5/1/2,long_rvos,2cfdc294c5,1,2,static,predicted_static,box,False,0,1,102,0,0.920553562275756,0.8635069138282607,0.8920302380520084,0.9005809043682985,0.8323683237686579,0.8664746140684783,0.9609669001510781,"[0.5734375, 0.0, 0.4265625, 0.9361111111111111]",,,,0
long_rvos/2cfdc294c5/1/2,long_rvos,2cfdc294c5,1,2,static,predicted_static,box,False,1,3,204,0,0.9170361893863539,0.9406879018310454,0.9288620456086997,0.9387009472259811,0.9097988319273199,0.9242498895766504,0.8721411605022056,"[0.7, 0.5083333333333333, 0.3, 0.49166666666666664]",,,,0
long_rvos/2cfdc294c5/1/2,long_rvos,2cfdc294c5,1,2,static,predicted_static,box,False,2,5,306,0,0.9857601241532622,0.9714896650035638,0.9786248945784131,0.0,0.0,0.0,0.0,"[0.515625, 0.0, 0.484375, 1.0]",,,,
long_rvos/2cfdc294c5/1/2,long_rvos,2cfdc294c5,1,2,static,predicted_static,box,False,3,7,409,0,1.0,1.0,1.0,1.0,1.0,1.0,1.0,,,,,
long_rvos/a8b6fd5e4d/2/10,long_rvos,a8b6fd5e4d,2,10,hybrid,predicted_static,point,False,0,1,95,0,0.9324154346311634,0.831220526120336,0.8818179803757498,0.0,0.0,0.0,0.0,,1,[],[],
long_rvos/a8b6fd5e4d/2/10,long_rvos,a8b6fd5e4d,2,10,hybrid,predicted_static,point,False,1,3,191,0,0.9000974011599593,0.6080428701637489,0.7540701356618541,0.0,0.0,0.0,0.0,,2,[],[],
long_rvos/a8b6fd5e4d/2/10,long_rvos,a8b6fd5e4d,2,10,hybrid,predicted_static,point,False,2,5,286,0,0.7237802505641584,0.03210485998808409,0.37794255527612125,0.0,0.0,0.0,0.0,,3,[],[],
long_rvos/a8b6fd5e4d/2/10,long_rvos,a8b6fd5e4d,2,10,hybrid,predicted_static,point,False,3,7,382,0,1.0,1.0,1.0,1.0,1.0,1.0,1.0,,4,[],[],
long_rvos/a8b6fd5e4d/2/10,long_rvos,a8b6fd5e4d,2,10,hybrid,predicted_static,box,False,0,1,95,0,0.9324154346311634,0.831220526120336,0.8818179803757498,0.9390853981519628,0.8770980119793401,0.9080917050656514,0.9614944272112571,"[0.10625, 0.3875, 0.8583333333333333, 0.6041666666666666]",,,,0
long_rvos/a8b6fd5e4d/2/10,long_rvos,a8b6fd5e4d,2,10,hybrid,predicted_static,box,False,1,3,191,0,0.9000974011599593,0.6080428701637489,0.7540701356618541,0.8786119959643136,0.5877165705902521,0.7331642832772829,0.9288435310163194,"[0.0, 0.325, 0.825, 0.49722222222222223]",,,,0
long_rvos/a8b6fd5e4d/2/10,long_rvos,a8b6fd5e4d,2,10,hybrid,predicted_static,box,False,2,5,286,0,0.7237802505641584,0.03210485998808409,0.37794255527612125,0.0,0.0,0.0,0.0,"[0.022916666666666665, 0.2263888888888889, 0.9770833333333333, 0.7736111111111111]",,,,
long_rvos/a8b6fd5e4d/2/10,long_rvos,a8b6fd5e4d,2,10,hybrid,predicted_static,box,False,3,7,382,0,1.0,1.0,1.0,1.0,1.0,1.0,1.0,,,,,
long_rvos/a8b6fd5e4d/2/4,long_rvos,a8b6fd5e4d,2,4,static,predicted_static,point,False,0,1,95,0,0.0006092575909850705,0.32397152080084884,0.16229038919591696,0.0,0.0,0.0,0.0,,1,[],[],
long_rvos/a8b6fd5e4d/2/4,long_rvos,a8b6fd5e4d,2,4,static,predicted_static,point,False,1,3,191,0,0.0,0.0,0.0,0.0,0.0,0.0,1.0,,2,[],[],
long_rvos/a8b6fd5e4d/2/4,long_rvos,a8b6fd5e4d,2,4,static,predicted_static,point,False,2,5,286,0,0.0,0.0,0.0,0.0,0.0,0.0,1.0,,3,[],[],
long_rvos/a8b6fd5e4d/2/4,long_rvos,a8b6fd5e4d,2,4,static,predicted_static,point,False,3,7,382,0,1.0,1.0,1.0,1.0,1.0,1.0,1.0,,4,[],[],
long_rvos/a8b6fd5e4d/2/4,long_rvos,a8b6fd5e4d,2,4,static,predicted_static,box,False,0,1,95,0,0.0006092575909850705,0.32397152080084884,0.16229038919591696,0.0,0.0,0.0,0.0,"[0.0, 0.004166666666666667, 1.0, 0.9958333333333333]",,,,
long_rvos/a8b6fd5e4d/2/4,long_rvos,a8b6fd5e4d,2,4,static,predicted_static,box,False,1,3,191,0,0.0,0.0,0.0,0.0,0.0,0.0,1.0,,,,,
long_rvos/a8b6fd5e4d/2/4,long_rvos,a8b6fd5e4d,2,4,static,predicted_static,box,False,2,5,286,0,0.0,0.0,0.0,0.0,0.0,0.0,1.0,,,,,
long_rvos/a8b6fd5e4d/2/4,long_rvos,a8b6fd5e4d,2,4,static,predicted_static,box,False,3,7,382,0,1.0,1.0,1.0,1.0,1.0,1.0,1.0,,,,,
long_rvos/8290c48fcb/9/17,long_rvos,8290c48fcb,9,17,dynamic,predicted_static,point,False,0,1,131,1,0.9336065796259602,0.960442264268473,0.9470244219472166,0.0,0.0,0.0,0.0,,1,[],[],
long_rvos/8290c48fcb/9/17,long_rvos,8290c48fcb,9,17,dynamic,predicted_static,point,False,1,3,263,1,0.9272759217212672,0.7436777685866852,0.8354768451539762,0.0,0.0,0.0,0.0,,2,[],[],
long_rvos/8290c48fcb/9/17,long_rvos,8290c48fcb,9,17,dynamic,predicted_static,point,False,2,5,395,1,0.9125522364958985,0.9307699549096945,0.9216610957027964,0.0,0.0,0.0,0.0,,3,[],[],
long_rvos/8290c48fcb/9/17,long_rvos,8290c48fcb,9,17,dynamic,predicted_static,point,False,3,7,527,1,1.0,1.0,1.0,1.0,1.0,1.0,1.0,,4,[],[],
long_rvos/8290c48fcb/9/17,long_rvos,8290c48fcb,9,17,dynamic,predicted_static,box,False,0,1,131,1,0.9336065796259602,0.960442264268473,0.9470244219472166,0.9063425234279505,0.883328437029133,0.8948354802285418,0.9659164530576604,"[0.0, 0.16875, 0.4203125, 0.5708333333333333]",,,,0
long_rvos/8290c48fcb/9/17,long_rvos,8290c48fcb,9,17,dynamic,predicted_static,box,False,1,3,263,1,0.9272759217212672,0.7436777685866852,0.8354768451539762,0.9134966833626641,0.5990802445747059,0.756288463968685,0.9768913993155068,"[0.0, 0.4, 0.546875, 0.6]",,,,0
long_rvos/8290c48fcb/9/17,long_rvos,8290c48fcb,9,17,dynamic,predicted_static,box,False,2,5,395,1,0.9125522364958985,0.9307699549096945,0.9216610957027964,0.24585091420534458,0.26393814410067706,0.2548945291530108,0.25663681110304204,"[0.0, 0.0, 0.7703125, 0.625]",,,,0
long_rvos/8290c48fcb/9/17,long_rvos,8290c48fcb,9,17,dynamic,predicted_static,box,False,3,7,527,1,1.0,1.0,1.0,1.0,1.0,1.0,1.0,,,,,
long_rvos/8290c48fcb/9/16,long_rvos,8290c48fcb,9,16,static,predicted_static,point,False,0,1,131,1,0.9336065796259602,0.960442264268473,0.9470244219472166,0.0,0.0,0.0,0.0,,1,[],[],
long_rvos/8290c48fcb/9/16,long_rvos,8290c48fcb,9,16,static,predicted_static,point,False,1,3,263,1,0.9272759217212672,0.7436777685866852,0.8354768451539762,0.0,0.0,0.0,0.0,,2,[],[],
long_rvos/8290c48fcb/9/16,long_rvos,8290c48fcb,9,16,static,predicted_static,point,False,2,5,395,1,0.9125522364958985,0.9307699549096945,0.9216610957027964,0.0,0.0,0.0,0.0,,3,[],[],
long_rvos/8290c48fcb/9/16,long_rvos,8290c48fcb,9,16,static,predicted_static,point,False,3,7,527,1,1.0,1.0,1.0,1.0,1.0,1.0,1.0,,4,[],[],
long_rvos/8290c48fcb/9/16,long_rvos,8290c48fcb,9,16,static,predicted_static,box,False,0,1,131,1,0.9336065796259602,0.960442264268473,0.9470244219472166,0.9063425234279505,0.883328437029133,0.8948354802285418,0.9659164530576604,"[0.0, 0.16875, 0.4203125, 0.5708333333333333]",,,,0
long_rvos/8290c48fcb/9/16,long_rvos,8290c48fcb,9,16,static,predicted_static,box,False,1,3,263,1,0.9272759217212672,0.7436777685866852,0.8354768451539762,0.9134966833626641,0.5990802445747059,0.756288463968685,0.9768913993155068,"[0.0, 0.4, 0.546875, 0.6]",,,,0
long_rvos/8290c48fcb/9/16,long_rvos,8290c48fcb,9,16,static,predicted_static,box,False,2,5,395,1,0.9125522364958985,0.9307699549096945,0.9216610957027964,0.24585091420534458,0.26393814410067706,0.2548945291530108,0.25663681110304204,"[0.0, 0.0, 0.7703125, 0.625]",,,,0
long_rvos/8290c48fcb/9/16,long_rvos,8290c48fcb,9,16,static,predicted_static,box,False,3,7,527,1,1.0,1.0,1.0,1.0,1.0,1.0,1.0,,,,,
long_rvos/30f4d962f9/1/4,long_rvos,30f4d962f9,1,4,hybrid,predicted_static,point,False,0,1,113,1,0.7980745992105052,0.7312374113319905,0.7646560052712479,0.0,0.0,0.0,0.0,,1,[],[],
long_rvos/30f4d962f9/1/4,long_rvos,30f4d962f9,1,4,hybrid,predicted_static,point,False,1,3,227,2,0.0,0.17765692272830272,0.08882846136415136,0.0,0.0,0.0,0.0,,2,[],[],
long_rvos/30f4d962f9/1/4,long_rvos,30f4d962f9,1,4,hybrid,predicted_static,point,False,2,5,340,1,0.8271496395287498,0.7801534266702456,0.8036515330994977,0.0,0.0,0.0,0.0,,3,[],[],
long_rvos/30f4d962f9/1/4,long_rvos,30f4d962f9,1,4,hybrid,predicted_static,point,False,3,7,454,3,0.0,0.07074667575860893,0.03537333787930447,0.0,0.0,0.0,0.0,,4,[],[],
long_rvos/30f4d962f9/1/4,long_rvos,30f4d962f9,1,4,hybrid,predicted_static,box,False,0,1,113,1,0.7980745992105052,0.7312374113319905,0.7646560052712479,0.7905800852012581,0.702806217658392,0.7466931514298251,0.9609310861061476,"[0.408, 0.48663101604278075, 0.416, 0.5133689839572193]",,,,0
long_rvos/30f4d962f9/1/4,long_rvos,30f4d962f9,1,4,hybrid,predicted_static,box,False,1,3,227,2,0.0,0.17765692272830272,0.08882846136415136,0.0,0.175,0.0875,0.9508743672342383,"[0.256, 0.01871657754010695, 0.32, 0.679144385026738]",,,,0
long_rvos/30f4d962f9/1/4,long_rvos,30f4d962f9,1,4,hybrid,predicted_static,box,False,2,5,340,1,0.8271496395287498,0.7801534266702456,0.8036515330994977,0.8286607142857143,0.8187833511205976,0.823722032703156,0.9707461084272678,"[0.38, 0.5026737967914439, 0.346, 0.3155080213903743]",,,,0
long_rvos/30f4d962f9/1/4,long_rvos,30f4d962f9,1,4,hybrid,predicted_static,box,False,3,7,454,3,0.0,0.07074667575860893,0.03537333787930447,0.0,0.05887328709186263,0.029436643545931316,0.6647261896703446,"[0.386, 0.2914438502673797, 0.35, 0.5294117647058824]",,,,0
long_rvos/976257d833/1/1,long_rvos,976257d833,1,1,dynamic,predicted_static,point,False,0,1,94,0,0.9948288923289746,1.0,0.9974144461644874,0.0,0.0,0.0,0.0,,1,[],[],
long_rvos/976257d833/1/1,long_rvos,976257d833,1,1,dynamic,predicted_static,point,False,1,3,189,0,0.9529566271551724,0.9241283388359676,0.93854248299557,0.0,0.0,0.0,0.0,,2,[],[],
long_rvos/976257d833/1/1,long_rvos,976257d833,1,1,dynamic,predicted_static,point,False,2,5,283,0,0.9917668694299052,0.9809312638580931,0.9863490666439991,0.0,0.0,0.0,0.0,,3,[],[],
long_rvos/976257d833/1/1,long_rvos,976257d833,1,1,dynamic,predicted_static,point,False,3,7,378,0,0.9799348192338498,0.9934264585045194,0.9866806388691847,0.0,0.0,0.0,0.0,,4,[],[],
long_rvos/976257d833/1/1,long_rvos,976257d833,1,1,dynamic,predicted_static,box,False,0,1,94,0,0.9948288923289746,1.0,0.9974144461644874,0.0,0.0,0.0,0.0,"[0.6421875, 0.4527777777777778, 0.3578125, 0.5472222222222223]",,,,
long_rvos/976257d833/1/1,long_rvos,976257d833,1,1,dynamic,predicted_static,box,False,1,3,189,0,0.9529566271551724,0.9241283388359676,0.93854248299557,0.9323896191439164,0.8124054094179535,0.8723975142809349,0.974022787028922,"[0.603125, 0.0, 0.396875, 0.6305555555555555]",,,,0
long_rvos/976257d833/1/1,long_rvos,976257d833,1,1,dynamic,predicted_static,box,False,2,5,283,0,0.9917668694299052,0.9809312638580931,0.9863490666439991,0.0,0.0,0.0,0.0,"[0.578125, 0.0, 0.421875, 1.0]",,,,
long_rvos/976257d833/1/1,long_rvos,976257d833,1,1,dynamic,predicted_static,box,False,3,7,378,0,0.9799348192338498,0.9934264585045194,0.9866806388691847,0.0,0.0,0.0,0.0,"[0.5625, 0.0, 0.4375, 1.0]",,,,
long_rvos/976257d833/1/8,long_rvos,976257d833,1,8,hybrid,predicted_static,point,False,0,1,94,0,0.9948288923289746,1.0,0.9974144461644874,0.0,0.0,0.0,0.0,,1,[],[],
long_rvos/976257d833/1/8,long_rvos,976257d833,1,8,hybrid,predicted_static,point,False,1,3,189,0,0.9529566271551724,0.9241283388359676,0.93854248299557,0.0,0.0,0.0,0.0,,2,[],[],
long_rvos/976257d833/1/8,long_rvos,976257d833,1,8,hybrid,predicted_static,point,False,2,5,283,0,0.9917668694299052,0.9809312638580931,0.9863490666439991,0.0,0.0,0.0,0.0,,3,[],[],
long_rvos/976257d833/1/8,long_rvos,976257d833,1,8,hybrid,predicted_static,point,False,3,7,378,0,0.9799348192338498,0.9934264585045194,0.9866806388691847,0.0,0.0,0.0,0.0,,4,[],[],
long_rvos/976257d833/1/8,long_rvos,976257d833,1,8,hybrid,predicted_static,box,False,0,1,94,0,0.9948288923289746,1.0,0.9974144461644874,0.0,0.0,0.0,0.0,"[0.6421875, 0.4527777777777778, 0.3578125, 0.5472222222222223]",,,,
long_rvos/976257d833/1/8,long_rvos,976257d833,1,8,hybrid,predicted_static,box,False,1,3,189,0,0.9529566271551724,0.9241283388359676,0.93854248299557,0.9323896191439164,0.8124054094179535,0.8723975142809349,0.974022787028922,"[0.603125, 0.0, 0.396875, 0.6305555555555555]",,,,0
long_rvos/976257d833/1/8,long_rvos,976257d833,1,8,hybrid,predicted_static,box,False,2,5,283,0,0.9917668694299052,0.9809312638580931,0.9863490666439991,0.0,0.0,0.0,0.0,"[0.578125, 0.0, 0.421875, 1.0]",,,,
long_rvos/976257d833/1/8,long_rvos,976257d833,1,8,hybrid,predicted_static,box,False,3,7,378,0,0.9799348192338498,0.9934264585045194,0.9866806388691847,0.0,0.0,0.0,0.0,"[0.5625, 0.0, 0.4375, 1.0]",,,,
long_rvos/976257d833/1/0,long_rvos,976257d833,1,0,static,predicted_static,point,False,0,1,94,0,0.9948288923289746,1.0,0.9974144461644874,0.0,0.0,0.0,0.0,,1,[],[],
long_rvos/976257d833/1/0,long_rvos,976257d833,1,0,static,predicted_static,point,False,1,3,189,0,0.9529566271551724,0.9241283388359676,0.93854248299557,0.0,0.0,0.0,0.0,,2,[],[],
long_rvos/976257d833/1/0,long_rvos,976257d833,1,0,static,predicted_static,point,False,2,5,283,0,0.9917668694299052,0.9809312638580931,0.9863490666439991,0.0,0.0,0.0,0.0,,3,[],[],
long_rvos/976257d833/1/0,long_rvos,976257d833,1,0,static,predicted_static,point,False,3,7,378,0,0.9799348192338498,0.9934264585045194,0.9866806388691847,0.0,0.0,0.0,0.0,,4,[],[],
long_rvos/976257d833/1/0,long_rvos,976257d833,1,0,static,predicted_static,box,False,0,1,94,0,0.9948288923289746,1.0,0.9974144461644874,0.0,0.0,0.0,0.0,"[0.6421875, 0.4527777777777778, 0.3578125, 0.5472222222222223]",,,,
long_rvos/976257d833/1/0,long_rvos,976257d833,1,0,static,predicted_static,box,False,1,3,189,0,0.9529566271551724,0.9241283388359676,0.93854248299557,0.9323896191439164,0.8124054094179535,0.8723975142809349,0.974022787028922,"[0.603125, 0.0, 0.396875, 0.6305555555555555]",,,,0
long_rvos/976257d833/1/0,long_rvos,976257d833,1,0,static,predicted_static,box,False,2,5,283,0,0.9917668694299052,0.9809312638580931,0.9863490666439991,0.0,0.0,0.0,0.0,"[0.578125, 0.0, 0.421875, 1.0]",,,,
long_rvos/976257d833/1/0,long_rvos,976257d833,1,0,static,predicted_static,box,False,3,7,378,0,0.9799348192338498,0.9934264585045194,0.9866806388691847,0.0,0.0,0.0,0.0,"[0.5625, 0.0, 0.4375, 1.0]",,,,
long_rvos/046ee6aa1a/2/3,long_rvos,046ee6aa1a,2,3,dynamic,predicted_static,point,False,0,1,115,0,0.6644952723560439,0.09843636970674975,0.3814658210313968,0.0,0.0,0.0,0.0,,1,[],[],
long_rvos/046ee6aa1a/2/3,long_rvos,046ee6aa1a,2,3,dynamic,predicted_static,point,False,1,3,230,0,1.0,1.0,1.0,1.0,1.0,1.0,1.0,,2,[],[],
long_rvos/046ee6aa1a/2/3,long_rvos,046ee6aa1a,2,3,dynamic,predicted_static,point,False,2,5,345,0,1.0,1.0,1.0,1.0,1.0,1.0,1.0,,3,[],[],
long_rvos/046ee6aa1a/2/3,long_rvos,046ee6aa1a,2,3,dynamic,predicted_static,point,False,3,7,460,0,0.8442584517278567,0.7137912076724157,0.7790248297001362,0.0,0.0,0.0,0.0,,4,[],[],
long_rvos/046ee6aa1a/2/3,long_rvos,046ee6aa1a,2,3,dynamic,predicted_static,box,False,0,1,115,0,0.6644952723560439,0.09843636970674975,0.3814658210313968,0.0,0.0,0.0,0.0,"[0.4140625, 0.6916666666666667, 0.4890625, 0.30833333333333335]",,,,
long_rvos/046ee6aa1a/2/3,long_rvos,046ee6aa1a,2,3,dynamic,predicted_static,box,False,1,3,230,0,1.0,1.0,1.0,1.0,1.0,1.0,1.0,,,,,
long_rvos/046ee6aa1a/2/3,long_rvos,046ee6aa1a,2,3,dynamic,predicted_static,box,False,2,5,345,0,1.0,1.0,1.0,1.0,1.0,1.0,1.0,,,,,
long_rvos/046ee6aa1a/2/3,long_rvos,046ee6aa1a,2,3,dynamic,predicted_static,box,False,3,7,460,0,0.8442584517278567,0.7137912076724157,0.7790248297001362,0.0,0.0,0.0,0.0,"[0.1453125, 0.07222222222222222, 0.45, 0.9277777777777778]",,,,
long_rvos/046ee6aa1a/2/2,long_rvos,046ee6aa1a,2,2,static,predicted_static,point,False,0,1,115,0,0.6644952723560439,0.09843636970674975,0.3814658210313968,0.0,0.0,0.0,0.0,,1,[],[],
long_rvos/046ee6aa1a/2/2,long_rvos,046ee6aa1a,2,2,static,predicted_static,point,False,1,3,230,0,1.0,1.0,1.0,1.0,1.0,1.0,1.0,,2,[],[],
long_rvos/046ee6aa1a/2/2,long_rvos,046ee6aa1a,2,2,static,predicted_static,point,False,2,5,345,0,1.0,1.0,1.0,1.0,1.0,1.0,1.0,,3,[],[],
long_rvos/046ee6aa1a/2/2,long_rvos,046ee6aa1a,2,2,static,predicted_static,point,False,3,7,460,0,0.8442584517278567,0.7137912076724157,0.7790248297001362,0.0,0.0,0.0,0.0,,4,[],[],
long_rvos/046ee6aa1a/2/2,long_rvos,046ee6aa1a,2,2,static,predicted_static,box,False,0,1,115,0,0.6644952723560439,0.09843636970674975,0.3814658210313968,0.0,0.0,0.0,0.0,"[0.4140625, 0.6916666666666667, 0.4890625, 0.30833333333333335]",,,,
long_rvos/046ee6aa1a/2/2,long_rvos,046ee6aa1a,2,2,static,predicted_static,box,False,1,3,230,0,1.0,1.0,1.0,1.0,1.0,1.0,1.0,,,,,
long_rvos/046ee6aa1a/2/2,long_rvos,046ee6aa1a,2,2,static,predicted_static,box,False,2,5,345,0,1.0,1.0,1.0,1.0,1.0,1.0,1.0,,,,,
long_rvos/046ee6aa1a/2/2,long_rvos,046ee6aa1a,2,2,static,predicted_static,box,False,3,7,460,0,0.8442584517278567,0.7137912076724157,0.7790248297001362,0.0,0.0,0.0,0.0,"[0.1453125, 0.07222222222222222, 0.45, 0.9277777777777778]",,,,
long_rvos/30c20fb4c1/3/9,long_rvos,30c20fb4c1,3,9,dynamic,predicted_static,point,False,0,1,112,2,0.05526110873879079,0.36427566807313644,0.20976838840596362,0.0,0.0,0.0,0.0,,1,[],[],
long_rvos/30c20fb4c1/3/9,long_rvos,30c20fb4c1,3,9,dynamic,predicted_static,point,False,1,3,224,2,0.00015201528839471856,0.34483977481399747,0.17249589505119609,0.0,0.0,0.0,0.0,,2,[],[],
long_rvos/30c20fb4c1/3/9,long_rvos,30c20fb4c1,3,9,dynamic,predicted_static,point,False,2,5,336,5,0.45386885245901637,0.14098103041867774,0.29742494143884707,0.0,0.0,0.0,0.0,,3,[],[],
long_rvos/30c20fb4c1/3/9,long_rvos,30c20fb4c1,3,9,dynamic,predicted_static,point,False,3,7,449,6,0.7978275725641117,0.3773332731455296,0.5875804228548207,0.0,0.0,0.0,0.0,,4,[],[],
long_rvos/30c20fb4c1/3/9,long_rvos,30c20fb4c1,3,9,dynamic,predicted_static,box,False,0,1,112,2,0.05526110873879079,0.36427566807313644,0.20976838840596362,0.0,0.0,0.0,0.0,"[0.0, 0.0, 0.224, 0.6818181818181818]",,,,
long_rvos/30c20fb4c1/3/9,long_rvos,30c20fb4c1,3,9,dynamic,predicted_static,box,False,1,3,224,2,0.00015201528839471856,0.34483977481399747,0.17249589505119609,0.0,0.0,0.0,0.0,"[0.0, 0.0, 0.254, 0.3155080213903743]",,,,
long_rvos/30c20fb4c1/3/9,long_rvos,30c20fb4c1,3,9,dynamic,predicted_static,box,False,2,5,336,5,0.45386885245901637,0.14098103041867774,0.29742494143884707,0.0,0.0,0.0,0.0,"[0.0, 0.0, 0.434, 0.8048128342245989]",,,,
long_rvos/30c20fb4c1/3/9,long_rvos,30c20fb4c1,3,9,dynamic,predicted_static,box,False,3,7,449,6,0.7978275725641117,0.3773332731455296,0.5875804228548207,0.0,0.0,0.0,0.0,"[0.0, 0.35294117647058826, 0.68, 0.6470588235294118]",,,,
long_rvos/30c20fb4c1/3/10,long_rvos,30c20fb4c1,3,10,static,predicted_static,point,False,0,1,112,0,0.0,0.0,0.0,0.0,0.0,0.0,1.0,,1,[],[],
long_rvos/30c20fb4c1/3/10,long_rvos,30c20fb4c1,3,10,static,predicted_static,point,False,1,3,224,0,0.0,0.0,0.0,0.0,0.0,0.0,1.0,,2,[],[],
long_rvos/30c20fb4c1/3/10,long_rvos,30c20fb4c1,3,10,static,predicted_static,point,False,2,5,336,0,0.0,0.0,0.0,0.0,0.0,0.0,1.0,,3,[],[],
long_rvos/30c20fb4c1/3/10,long_rvos,30c20fb4c1,3,10,static,predicted_static,point,False,3,7,449,0,0.0,0.0,0.0,0.0,0.0,0.0,1.0,,4,[],[],
long_rvos/30c20fb4c1/3/10,long_rvos,30c20fb4c1,3,10,static,predicted_static,box,False,0,1,112,0,0.0,0.0,0.0,0.0,0.0,0.0,1.0,,,,,
long_rvos/30c20fb4c1/3/10,long_rvos,30c20fb4c1,3,10,static,predicted_static,box,False,1,3,224,0,0.0,0.0,0.0,0.0,0.0,0.0,1.0,,,,,
long_rvos/30c20fb4c1/3/10,long_rvos,30c20fb4c1,3,10,static,predicted_static,box,False,2,5,336,0,0.0,0.0,0.0,0.0,0.0,0.0,1.0,,,,,
long_rvos/30c20fb4c1/3/10,long_rvos,30c20fb4c1,3,10,static,predicted_static,box,False,3,7,449,0,0.0,0.0,0.0,0.0,0.0,0.0,1.0,,,,,
long_rvos/1088228079/1/1,long_rvos,1088228079,1,1,dynamic,predicted_static,point,False,0,1,58,1,0.9809138756852246,1.0,0.9904569378426122,0.0,0.0,0.0,0.0,,1,[],[],
long_rvos/1088228079/1/1,long_rvos,1088228079,1,1,dynamic,predicted_static,point,False,1,3,117,1,0.9717216142388373,1.0,0.9858608071194186,0.0,0.0,0.0,0.0,,2,[],[],
long_rvos/1088228079/1/1,long_rvos,1088228079,1,1,dynamic,predicted_static,point,False,2,5,175,1,0.9829562097246631,1.0,0.9914781048623316,0.0,0.0,0.0,0.0,,3,[],[],
long_rvos/1088228079/1/1,long_rvos,1088228079,1,1,dynamic,predicted_static,point,False,3,7,234,6,0.9754971590909091,0.9900948366701792,0.9827959978805441,0.0,0.0,0.0,0.0,,4,[],[],
long_rvos/1088228079/1/1,long_rvos,1088228079,1,1,dynamic,predicted_static,box,False,0,1,58,1,0.9809138756852246,1.0,0.9904569378426122,0.0,0.0,0.0,0.0,"[0.2765625, 0.23472222222222222, 0.25859375, 0.7055555555555556]",,,,
long_rvos/1088228079/1/1,long_rvos,1088228079,1,1,dynamic,predicted_static,box,False,1,3,117,1,0.9717216142388373,1.0,0.9858608071194186,0.0,0.0,0.0,0.0,"[0.14375, 0.26944444444444443, 0.28046875, 0.6708333333333333]",,,,
long_rvos/1088228079/1/1,long_rvos,1088228079,1,1,dynamic,predicted_static,box,False,2,5,175,1,0.9829562097246631,1.0,0.9914781048623316,0.8662689173457508,0.9016831665439279,0.8839760419448394,0.872136006122881,"[0.128125, 0.22083333333333333, 0.39453125, 0.6583333333333333]",,,,0
long_rvos/1088228079/1/1,long_rvos,1088228079,1,1,dynamic,predicted_static,box,False,3,7,234,6,0.9754971590909091,0.9900948366701792,0.9827959978805441,0.8219672924034944,0.7753772096306034,0.798672251017049,0.8234087178551888,"[0.2234375, 0.1763888888888889, 0.26015625, 0.7652777777777777]",,,,0
long_rvos/1088228079/1/0,long_rvos,1088228079,1,0,static,predicted_static,point,False,0,1,58,1,0.9809138756852246,1.0,0.9904569378426122,0.0,0.0,0.0,0.0,,1,[],[],
long_rvos/1088228079/1/0,long_rvos,1088228079,1,0,static,predicted_static,point,False,1,3,117,1,0.9717216142388373,1.0,0.9858608071194186,0.0,0.0,0.0,0.0,,2,[],[],
long_rvos/1088228079/1/0,long_rvos,1088228079,1,0,static,predicted_static,point,False,2,5,175,1,0.9829562097246631,1.0,0.9914781048623316,0.0,0.0,0.0,0.0,,3,[],[],
long_rvos/1088228079/1/0,long_rvos,1088228079,1,0,static,predicted_static,point,False,3,7,234,6,0.9754971590909091,0.9900948366701792,0.9827959978805441,0.0,0.0,0.0,0.0,,4,[],[],
long_rvos/1088228079/1/0,long_rvos,1088228079,1,0,static,predicted_static,box,False,0,1,58,1,0.9809138756852246,1.0,0.9904569378426122,0.0,0.0,0.0,0.0,"[0.2765625, 0.23472222222222222, 0.25859375, 0.7055555555555556]",,,,
long_rvos/1088228079/1/0,long_rvos,1088228079,1,0,static,predicted_static,box,False,1,3,117,1,0.9717216142388373,1.0,0.9858608071194186,0.0,0.0,0.0,0.0,"[0.14375, 0.26944444444444443, 0.28046875, 0.6708333333333333]",,,,
long_rvos/1088228079/1/0,long_rvos,1088228079,1,0,static,predicted_static,box,False,2,5,175,1,0.9829562097246631,1.0,0.9914781048623316,0.8662689173457508,0.9016831665439279,0.8839760419448394,0.872136006122881,"[0.128125, 0.22083333333333333, 0.39453125, 0.6583333333333333]",,,,0
long_rvos/1088228079/1/0,long_rvos,1088228079,1,0,static,predicted_static,box,False,3,7,234,6,0.9754971590909091,0.9900948366701792,0.9827959978805441,0.8219672924034944,0.7753772096306034,0.798672251017049,0.8234087178551888,"[0.2234375, 0.1763888888888889, 0.26015625, 0.7652777777777777]",,,,0
long_rvos/1a5dead3e3/1/4,long_rvos,1a5dead3e3,1,4,hybrid,predicted_static,point,False,0,1,107,0,0.6522087200410771,0.7087482779936748,0.680478499017376,0.0,0.0,0.0,0.0,,1,[],[],
long_rvos/1a5dead3e3/1/4,long_rvos,1a5dead3e3,1,4,hybrid,predicted_static,point,False,1,3,214,0,0.8898448101882459,0.7824514241353119,0.8361481171617788,0.0,0.0,0.0,0.0,,2,[],[],
long_rvos/1a5dead3e3/1/4,long_rvos,1a5dead3e3,1,4,hybrid,predicted_static,point,False,2,5,321,0,0.9572543939916102,0.8839976772696537,0.920626035630632,0.0,0.0,0.0,0.0,,3,[],[],
long_rvos/1a5dead3e3/1/4,long_rvos,1a5dead3e3,1,4,hybrid,predicted_static,point,False,3,7,428,0,0.8912502351698288,0.8838180570909665,0.8875341461303976,0.0,0.0,0.0,0.0,,4,[],[],
long_rvos/1a5dead3e3/1/4,long_rvos,1a5dead3e3,1,4,hybrid,predicted_static,box,False,0,1,107,0,0.6522087200410771,0.7087482779936748,0.680478499017376,0.0,0.0,0.0,0.0,"[0.084375, 0.1608084358523726, 0.7265625, 0.5518453427065027]",,,,
long_rvos/1a5dead3e3/1/4,long_rvos,1a5dead3e3,1,4,hybrid,predicted_static,box,False,1,3,214,0,0.8898448101882459,0.7824514241353119,0.8361481171617788,0.9118086084336801,0.7869543348110546,0.8493814716223673,0.932057381613077,"[0.0, 0.12917398945518455, 0.7984375, 0.6203866432337434]",,,,0
long_rvos/1a5dead3e3/1/4,long_rvos,1a5dead3e3,1,4,hybrid,predicted_static,box,False,2,5,321,0,0.9572543939916102,0.8839976772696537,0.920626035630632,0.9115245360898533,0.7904891494424597,0.8510068427661566,0.9327511546477198,"[0.0, 0.0, 0.821875, 0.7434094903339191]",,,,0
long_rvos/1a5dead3e3/1/4,long_rvos,1a5dead3e3,1,4,hybrid,predicted_static,box,False,3,7,428,0,0.8912502351698288,0.8838180570909665,0.8875341461303976,0.0,0.0,0.0,0.0,"[0.171875, 0.08787346221441125, 0.8, 0.6731107205623902]",,,,
long_rvos/8086f00d3d/2/5,long_rvos,8086f00d3d,2,5,dynamic,predicted_static,point,False,0,1,134,0,0.9920170257123002,0.9832667462135947,0.9876418859629474,0.0,0.0,0.0,0.0,,1,[],[],
long_rvos/8086f00d3d/2/5,long_rvos,8086f00d3d,2,5,dynamic,predicted_static,point,False,1,3,269,0,0.991404596591542,0.9767056409331274,0.9840551187623348,0.0,0.0,0.0,0.0,,2,[],[],
long_rvos/8086f00d3d/2/5,long_rvos,8086f00d3d,2,5,dynamic,predicted_static,point,False,2,5,404,0,0.9914260144920564,1.0,0.9957130072460282,0.0,0.0,0.0,0.0,,3,[],[],
long_rvos/8086f00d3d/2/5,long_rvos,8086f00d3d,2,5,dynamic,predicted_static,point,False,3,7,539,0,0.9841990719090615,0.9071632859135222,0.9456811789112919,0.0,0.0,0.0,0.0,,4,[],[],
long_rvos/8086f00d3d/2/5,long_rvos,8086f00d3d,2,5,dynamic,predicted_static,box,False,0,1,134,0,0.9920170257123002,0.9832667462135947,0.9876418859629474,0.0,0.0,0.0,0.0,"[0.0, 0.0, 0.803125, 0.7166666666666667]",,,,
long_rvos/8086f00d3d/2/5,long_rvos,8086f00d3d,2,5,dynamic,predicted_static,box,False,1,3,269,0,0.991404596591542,0.9767056409331274,0.9840551187623348,0.0,0.0,0.0,0.0,"[0.0, 0.0, 0.771875, 0.7138888888888889]",,,,
long_rvos/8086f00d3d/2/5,long_rvos,8086f00d3d,2,5,dynamic,predicted_static,box,False,2,5,404,0,0.9914260144920564,1.0,0.9957130072460282,0.0,0.0,0.0,0.0,"[0.0, 0.0, 0.7640625, 0.6805555555555556]",,,,
long_rvos/8086f00d3d/2/5,long_rvos,8086f00d3d,2,5,dynamic,predicted_static,box,False,3,7,539,0,0.9841990719090615,0.9071632859135222,0.9456811789112919,0.0,0.0,0.0,0.0,"[0.0, 0.0, 0.75625, 0.7472222222222222]",,,,
long_rvos/8086f00d3d/2/10,long_rvos,8086f00d3d,2,10,hybrid,predicted_static,point,False,0,1,134,0,0.9904913111753121,0.9432114336876949,0.9668513724315035,0.0,0.0,0.0,0.0,,1,[],[],
long_rvos/8086f00d3d/2/10,long_rvos,8086f00d3d,2,10,hybrid,predicted_static,point,False,1,3,269,0,0.9877569640995084,0.9222660811506,0.9550115226250542,0.0,0.0,0.0,0.0,,2,[],[],
long_rvos/8086f00d3d/2/10,long_rvos,8086f00d3d,2,10,hybrid,predicted_static,point,False,2,5,404,0,0.9915394536739369,0.9995095635115253,0.9955245085927311,0.0,0.0,0.0,0.0,,3,[],[],
long_rvos/8086f00d3d/2/10,long_rvos,8086f00d3d,2,10,hybrid,predicted_static,point,False,3,7,539,0,0.9857913669064748,0.9068181244246296,0.9463047456655522,0.0,0.0,0.0,0.0,,4,[],[],
long_rvos/8086f00d3d/2/10,long_rvos,8086f00d3d,2,10,hybrid,predicted_static,box,False,0,1,134,0,0.9904913111753121,0.9432114336876949,0.9668513724315035,0.0,0.0,0.0,0.0,"[0.0, 0.0, 0.8015625, 0.7138888888888889]",,,,
long_rvos/8086f00d3d/2/10,long_rvos,8086f00d3d,2,10,hybrid,predicted_static,box,False,1,3,269,0,0.9877569640995084,0.9222660811506,0.9550115226250542,0.0,0.0,0.0,0.0,"[0.0, 0.0, 0.771875, 0.7111111111111111]",,,,
long_rvos/8086f00d3d/2/10,long_rvos,8086f00d3d,2,10,hybrid,predicted_static,box,False,2,5,404,0,0.9915394536739369,0.9995095635115253,0.9955245085927311,0.0,0.0,0.0,0.0,"[0.0, 0.0, 0.7640625, 0.6805555555555556]",,,,
long_rvos/8086f00d3d/2/10,long_rvos,8086f00d3d,2,10,hybrid,predicted_static,box,False,3,7,539,0,0.9857913669064748,0.9068181244246296,0.9463047456655522,0.0,0.0,0.0,0.0,"[0.0, 0.0, 0.759375, 0.7472222222222222]",,,,
long_rvos/8086f00d3d/2/4,long_rvos,8086f00d3d,2,4,static,predicted_static,point,False,0,1,134,0,0.9904913111753121,0.9432114336876949,0.9668513724315035,0.0,0.0,0.0,0.0,,1,[],[],
long_rvos/8086f00d3d/2/4,long_rvos,8086f00d3d,2,4,static,predicted_static,point,False,1,3,269,0,0.9877569640995084,0.9222660811506,0.9550115226250542,0.0,0.0,0.0,0.0,,2,[],[],
long_rvos/8086f00d3d/2/4,long_rvos,8086f00d3d,2,4,static,predicted_static,point,False,2,5,404,0,0.9915394536739369,0.9995095635115253,0.9955245085927311,0.0,0.0,0.0,0.0,,3,[],[],
long_rvos/8086f00d3d/2/4,long_rvos,8086f00d3d,2,4,static,predicted_static,point,False,3,7,539,0,0.9857913669064748,0.9068181244246296,0.9463047456655522,0.0,0.0,0.0,0.0,,4,[],[],
long_rvos/8086f00d3d/2/4,long_rvos,8086f00d3d,2,4,static,predicted_static,box,False,0,1,134,0,0.9904913111753121,0.9432114336876949,0.9668513724315035,0.0,0.0,0.0,0.0,"[0.0, 0.0, 0.8015625, 0.7138888888888889]",,,,
long_rvos/8086f00d3d/2/4,long_rvos,8086f00d3d,2,4,static,predicted_static,box,False,1,3,269,0,0.9877569640995084,0.9222660811506,0.9550115226250542,0.0,0.0,0.0,0.0,"[0.0, 0.0, 0.771875, 0.7111111111111111]",,,,
long_rvos/8086f00d3d/2/4,long_rvos,8086f00d3d,2,4,static,predicted_static,box,False,2,5,404,0,0.9915394536739369,0.9995095635115253,0.9955245085927311,0.0,0.0,0.0,0.0,"[0.0, 0.0, 0.7640625, 0.6805555555555556]",,,,
long_rvos/8086f00d3d/2/4,long_rvos,8086f00d3d,2,4,static,predicted_static,box,False,3,7,539,0,0.9857913669064748,0.9068181244246296,0.9463047456655522,0.0,0.0,0.0,0.0,"[0.0, 0.0, 0.759375, 0.7472222222222222]",,,,
long_rvos/a8b6fd5e4d/2/7,long_rvos,a8b6fd5e4d,2,7,dynamic,predicted_static,box,False,0,1,95,0,0.9319725258779142,0.834348777721451,0.8831606517996826,0.9440178350260094,0.8952297660825187,0.9196238005542641,0.9551882388781336,"[0.10625, 0.3875, 0.8583333333333333, 0.6013888888888889]",,,,0
long_rvos/a8b6fd5e4d/2/7,long_rvos,a8b6fd5e4d,2,7,dynamic,predicted_static,box,False,1,3,191,0,0.8999100189959898,0.61333059970899,0.7566203093524899,0.5069566718453306,0.09916502966290189,0.3030608507541162,0.5247187948180019,"[0.0, 0.23333333333333334, 0.825, 0.5888888888888889]",,,,0
long_rvos/a8b6fd5e4d/2/7,long_rvos,a8b6fd5e4d,2,7,dynamic,predicted_static,box,False,2,5,286,16,0.721774287966656,0.03273100344188509,0.37725264570427053,0.0,0.0,0.0,0.0,"[0.022916666666666665, 0.22916666666666666, 0.9770833333333333, 0.7708333333333334]",,,,
long_rvos/a8b6fd5e4d/2/7,long_rvos,a8b6fd5e4d,2,7,dynamic,predicted_static,box,False,3,7,382,0,1.0,1.0,1.0,1.0,1.0,1.0,1.0,,,,,
long_rvos/a8b6fd5e4d/2/11,long_rvos,a8b6fd5e4d,2,11,hybrid,predicted_static,point,False,0,1,95,0,0.9319725258779142,0.834348777721451,0.8831606517996826,0.0,0.0,0.0,0.0,,1,[],[],
long_rvos/a8b6fd5e4d/2/11,long_rvos,a8b6fd5e4d,2,11,hybrid,predicted_static,point,False,1,3,191,0,0.8999100189959898,0.61333059970899,0.7566203093524899,0.0,0.0,0.0,0.0,,2,[],[],
long_rvos/a8b6fd5e4d/2/11,long_rvos,a8b6fd5e4d,2,11,hybrid,predicted_static,point,False,2,5,286,16,0.721774287966656,0.03273100344188509,0.37725264570427053,0.0,0.0,0.0,0.0,,3,[],[],
long_rvos/a8b6fd5e4d/2/11,long_rvos,a8b6fd5e4d,2,11,hybrid,predicted_static,point,False,3,7,382,0,1.0,1.0,1.0,1.0,1.0,1.0,1.0,,4,[],[],
long_rvos/a8b6fd5e4d/2/11,long_rvos,a8b6fd5e4d,2,11,hybrid,predicted_static,box,False,0,1,95,0,0.9319725258779142,0.834348777721451,0.8831606517996826,0.9440178350260094,0.8952297660825187,0.9196238005542641,0.9551882388781336,"[0.10625, 0.3875, 0.8583333333333333, 0.6013888888888889]",,,,0
long_rvos/a8b6fd5e4d/2/11,long_rvos,a8b6fd5e4d,2,11,hybrid,predicted_static,box,False,1,3,191,0,0.8999100189959898,0.61333059970899,0.7566203093524899,0.5069566718453306,0.09916502966290189,0.3030608507541162,0.5247187948180019,"[0.0, 0.23333333333333334, 0.825, 0.5888888888888889]",,,,0
long_rvos/a8b6fd5e4d/2/11,long_rvos,a8b6fd5e4d,2,11,hybrid,predicted_static,box,False,2,5,286,16,0.721774287966656,0.03273100344188509,0.37725264570427053,0.0,0.0,0.0,0.0,"[0.022916666666666665, 0.22916666666666666, 0.9770833333333333, 0.7708333333333334]",,,,
long_rvos/a8b6fd5e4d/2/11,long_rvos,a8b6fd5e4d,2,11,hybrid,predicted_static,box,False,3,7,382,0,1.0,1.0,1.0,1.0,1.0,1.0,1.0,,,,,
long_rvos/a8b6fd5e4d/2/6,long_rvos,a8b6fd5e4d,2,6,static,predicted_static,point,False,0,1,95,0,0.932212570853727,0.8299320859925519,0.8810723284231394,0.0,0.0,0.0,0.0,,1,[],[],
long_rvos/a8b6fd5e4d/2/6,long_rvos,a8b6fd5e4d,2,6,static,predicted_static,point,False,1,3,191,0,0.9002808678152022,0.6036873752639111,0.7519841215395566,0.0,0.0,0.0,0.0,,2,[],[],
long_rvos/a8b6fd5e4d/2/6,long_rvos,a8b6fd5e4d,2,6,static,predicted_static,point,False,2,5,286,0,0.7240228418497542,0.03228180682265546,0.3781523243362048,0.0,0.0,0.0,0.0,,3,[],[],
long_rvos/a8b6fd5e4d/2/6,long_rvos,a8b6fd5e4d,2,6,static,predicted_static,point,False,3,7,382,0,0.0,0.0,0.0,1.0,1.0,1.0,0.0,,4,[],[],
long_rvos/a8b6fd5e4d/2/6,long_rvos,a8b6fd5e4d,2,6,static,predicted_static,box,False,0,1,95,0,0.932212570853727,0.8299320859925519,0.8810723284231394,0.9364558297672783,0.8791555627724966,0.9078056962698875,0.9612836499526779,"[0.10625, 0.3875, 0.8583333333333333, 0.6055555555555555]",,,,0
long_rvos/a8b6fd5e4d/2/6,long_rvos,a8b6fd5e4d,2,6,static,predicted_static,box,False,1,3,191,0,0.9002808678152022,0.6036873752639111,0.7519841215395566,0.8786119959643136,0.5877165705902521,0.7331642832772829,0.9271758645372511,"[0.0, 0.325, 0.825, 0.49722222222222223]",,,,0
long_rvos/a8b6fd5e4d/2/6,long_rvos,a8b6fd5e4d,2,6,static,predicted_static,box,False,2,5,286,0,0.7240228418497542,0.03228180682265546,0.3781523243362048,0.0,0.0,0.0,0.0,"[0.022916666666666665, 0.2263888888888889, 0.9770833333333333, 0.7736111111111111]",,,,
long_rvos/a8b6fd5e4d/2/6,long_rvos,a8b6fd5e4d,2,6,static,predicted_static,box,False,3,7,382,0,0.0,0.0,0.0,0.0,0.0,0.0,0.9767482299615416,"[0.0, 0.0, 1.0, 1.0]",,,,0
long_rvos/8290c48fcb/9/25,long_rvos,8290c48fcb,9,25,hybrid,predicted_static,point,False,0,1,131,1,0.9336065796259602,0.960442264268473,0.9470244219472166,0.0,0.0,0.0,0.0,,1,[],[],
long_rvos/8290c48fcb/9/25,long_rvos,8290c48fcb,9,25,hybrid,predicted_static,point,False,1,3,263,1,0.9272759217212672,0.7436777685866852,0.8354768451539762,0.0,0.0,0.0,0.0,,2,[],[],
long_rvos/8290c48fcb/9/25,long_rvos,8290c48fcb,9,25,hybrid,predicted_static,point,False,2,5,395,1,0.9125522364958985,0.9307699549096945,0.9216610957027964,0.0,0.0,0.0,0.0,,3,[],[],
long_rvos/8290c48fcb/9/25,long_rvos,8290c48fcb,9,25,hybrid,predicted_static,point,False,3,7,527,1,1.0,1.0,1.0,1.0,1.0,1.0,1.0,,4,[],[],
long_rvos/8290c48fcb/9/25,long_rvos,8290c48fcb,9,25,hybrid,predicted_static,box,False,0,1,131,1,0.9336065796259602,0.960442264268473,0.9470244219472166,0.9063425234279505,0.883328437029133,0.8948354802285418,0.9659164530576604,"[0.0, 0.16875, 0.4203125, 0.5708333333333333]",,,,0
long_rvos/8290c48fcb/9/25,long_rvos,8290c48fcb,9,25,hybrid,predicted_static,box,False,1,3,263,1,0.9272759217212672,0.7436777685866852,0.8354768451539762,0.9134966833626641,0.5990802445747059,0.756288463968685,0.9768913993155068,"[0.0, 0.4, 0.546875, 0.6]",,,,0
long_rvos/8290c48fcb/9/25,long_rvos,8290c48fcb,9,25,hybrid,predicted_static,box,False,2,5,395,1,0.9125522364958985,0.9307699549096945,0.9216610957027964,0.24585091420534458,0.26393814410067706,0.2548945291530108,0.25663681110304204,"[0.0, 0.0, 0.7703125, 0.625]",,,,0
long_rvos/8290c48fcb/9/25,long_rvos,8290c48fcb,9,25,hybrid,predicted_static,box,False,3,7,527,1,1.0,1.0,1.0,1.0,1.0,1.0,1.0,,,,,
long_rvos/30f4d962f9/1/1,long_rvos,30f4d962f9,1,1,dynamic,predicted_static,point,False,0,1,113,1,0.7980745992105052,0.7312374113319905,0.7646560052712479,0.0,0.0,0.0,0.0,,1,[],[],
long_rvos/30f4d962f9/1/1,long_rvos,30f4d962f9,1,1,dynamic,predicted_static,point,False,1,3,227,2,0.0,0.17765692272830272,0.08882846136415136,0.0,0.0,0.0,0.0,,2,[],[],
long_rvos/30f4d962f9/1/1,long_rvos,30f4d962f9,1,1,dynamic,predicted_static,point,False,2,5,340,3,0.0002947591817485115,0.13030096465679283,0.06529786191927067,0.0,0.0,0.0,0.0,,3,[],[],
long_rvos/30f4d962f9/1/1,long_rvos,30f4d962f9,1,1,dynamic,predicted_static,point,False,3,7,454,3,0.0,0.07074667575860893,0.03537333787930447,0.0,0.0,0.0,0.0,,4,[],[],
long_rvos/30f4d962f9/1/1,long_rvos,30f4d962f9,1,1,dynamic,predicted_static,box,False,0,1,113,1,0.7980745992105052,0.7312374113319905,0.7646560052712479,0.7905800852012581,0.702806217658392,0.7466931514298251,0.9609310861061476,"[0.408, 0.48663101604278075, 0.416, 0.5133689839572193]",,,,0
long_rvos/30f4d962f9/1/1,long_rvos,30f4d962f9,1,1,dynamic,predicted_static,box,False,1,3,227,2,0.0,0.17765692272830272,0.08882846136415136,0.0,0.175,0.0875,0.9508743672342383,"[0.256, 0.01871657754010695, 0.32, 0.679144385026738]",,,,0
long_rvos/30f4d962f9/1/1,long_rvos,30f4d962f9,1,1,dynamic,predicted_static,box,False,2,5,340,3,0.0002947591817485115,0.13030096465679283,0.06529786191927067,0.00046835665359171006,0.14527329982690665,0.07287082824024918,0.9672196416721964,"[0.366, 0.15240641711229946, 0.192, 0.3877005347593583]",,,,0
long_rvos/30f4d962f9/1/1,long_rvos,30f4d962f9,1,1,dynamic,predicted_static,box,False,3,7,454,3,0.0,0.07074667575860893,0.03537333787930447,0.0,0.05887328709186263,0.029436643545931316,0.6647261896703446,"[0.386, 0.2914438502673797, 0.35, 0.5294117647058824]",,,,0
long_rvos/30f4d962f9/1/0,long_rvos,30f4d962f9,1,0,static,predicted_static,point,False,0,1,113,0,0.8551968503937007,0.8375123157661913,0.846354583079946,0.0,0.0,0.0,0.0,,1,[],[],
long_rvos/30f4d962f9/1/0,long_rvos,30f4d962f9,1,0,static,predicted_static,point,False,1,3,227,4,0.0,0.17801998183469572,0.08900999091734786,0.0,0.0,0.0,0.0,,2,[],[],
long_rvos/30f4d962f9/1/0,long_rvos,30f4d962f9,1,0,static,predicted_static,point,False,2,5,340,1,0.17766291679335158,0.3962903225806451,0.28697661968699834,0.0,0.0,0.0,0.0,,3,[],[],
long_rvos/30f4d962f9/1/0,long_rvos,30f4d962f9,1,0,static,predicted_static,point,False,3,7,454,4,0.0,0.0,0.0,0.0,0.0,0.0,0.0,,4,[],[],
long_rvos/30f4d962f9/1/0,long_rvos,30f4d962f9,1,0,static,predicted_static,box,False,0,1,113,0,0.8551968503937007,0.8375123157661913,0.846354583079946,0.8171895811750777,0.5291375572262941,0.6731635692006859,0.7965992087644552,"[0.386, 0.3609625668449198, 0.438, 0.6390374331550802]",,,,0
long_rvos/30f4d962f9/1/0,long_rvos,30f4d962f9,1,0,static,predicted_static,box,False,1,3,227,4,0.0,0.17801998183469572,0.08900999091734786,0.0,0.14032504671838725,0.07016252335919362,0.8783380630138979,"[0.26, 0.20320855614973263, 0.316, 0.4946524064171123]",,,,0
long_rvos/30f4d962f9/1/0,long_rvos,30f4d962f9,1,0,static,predicted_static,box,False,2,5,340,1,0.17766291679335158,0.3962903225806451,0.28697661968699834,0.15842129417163836,0.3364574116332138,0.24743935290242608,0.38851913477537436,"[0.498, 0.6310160427807486, 0.228, 0.18181818181818182]",,,,0
long_rvos/30f4d962f9/1/0,long_rvos,30f4d962f9,1,0,static,predicted_static,box,False,3,7,454,4,0.0,0.0,0.0,0.0,0.0,0.0,0.0,"[0.518, 0.4411764705882353, 0.188, 0.21390374331550802]",,,,
long_rvos/976257d833/1/3,long_rvos,976257d833,1,3,dynamic,predicted_static,point,False,0,1,94,0,0.9948288923289746,1.0,0.9974144461644874,0.0,0.0,0.0,0.0,,1,[],[],
long_rvos/976257d833/1/3,long_rvos,976257d833,1,3,dynamic,predicted_static,point,False,1,3,189,0,0.9529566271551724,0.9241283388359676,0.93854248299557,0.0,0.0,0.0,0.0,,2,[],[],
long_rvos/976257d833/1/3,long_rvos,976257d833,1,3,dynamic,predicted_static,point,False,2,5,283,0,0.9917668694299052,0.9809312638580931,0.9863490666439991,0.0,0.0,0.0,0.0,,3,[],[],
long_rvos/976257d833/1/3,long_rvos,976257d833,1,3,dynamic,predicted_static,point,False,3,7,378,0,0.9799348192338498,0.9934264585045194,0.9866806388691847,0.0,0.0,0.0,0.0,,4,[],[],
long_rvos/976257d833/1/3,long_rvos,976257d833,1,3,dynamic,predicted_static,box,False,0,1,94,0,0.9948288923289746,1.0,0.9974144461644874,0.0,0.0,0.0,0.0,"[0.6421875, 0.4527777777777778, 0.3578125, 0.5472222222222223]",,,,
long_rvos/976257d833/1/3,long_rvos,976257d833,1,3,dynamic,predicted_static,box,False,1,3,189,0,0.9529566271551724,0.9241283388359676,0.93854248299557,0.9323896191439164,0.8124054094179535,0.8723975142809349,0.974022787028922,"[0.603125, 0.0, 0.396875, 0.6305555555555555]",,,,0
long_rvos/976257d833/1/3,long_rvos,976257d833,1,3,dynamic,predicted_static,box,False,2,5,283,0,0.9917668694299052,0.9809312638580931,0.9863490666439991,0.0,0.0,0.0,0.0,"[0.578125, 0.0, 0.421875, 1.0]",,,,
long_rvos/976257d833/1/3,long_rvos,976257d833,1,3,dynamic,predicted_static,box,False,3,7,378,0,0.9799348192338498,0.9934264585045194,0.9866806388691847,0.0,0.0,0.0,0.0,"[0.5625, 0.0, 0.4375, 1.0]",,,,
long_rvos/976257d833/1/9,long_rvos,976257d833,1,9,hybrid,predicted_static,point,False,0,1,94,0,0.9948288923289746,1.0,0.9974144461644874,0.0,0.0,0.0,0.0,,1,[],[],
long_rvos/976257d833/1/9,long_rvos,976257d833,1,9,hybrid,predicted_static,point,False,1,3,189,0,0.9529566271551724,0.9241283388359676,0.93854248299557,0.0,0.0,0.0,0.0,,2,[],[],
long_rvos/976257d833/1/9,long_rvos,976257d833,1,9,hybrid,predicted_static,point,False,2,5,283,6,0.0,0.0,0.0,0.0,0.0,0.0,0.0,,3,[],[],
long_rvos/976257d833/1/9,long_rvos,976257d833,1,9,hybrid,predicted_static,point,False,3,7,378,0,0.9799348192338498,0.9934264585045194,0.9866806388691847,0.0,0.0,0.0,0.0,,4,[],[],
long_rvos/976257d833/1/9,long_rvos,976257d833,1,9,hybrid,predicted_static,box,False,0,1,94,0,0.9948288923289746,1.0,0.9974144461644874,0.0,0.0,0.0,0.0,"[0.6421875, 0.4527777777777778, 0.3578125, 0.5472222222222223]",,,,
long_rvos/976257d833/1/9,long_rvos,976257d833,1,9,hybrid,predicted_static,box,False,1,3,189,0,0.9529566271551724,0.9241283388359676,0.93854248299557,0.9323896191439164,0.8124054094179535,0.8723975142809349,0.974022787028922,"[0.603125, 0.0, 0.396875, 0.6305555555555555]",,,,0
long_rvos/976257d833/1/9,long_rvos,976257d833,1,9,hybrid,predicted_static,box,False,2,5,283,6,0.0,0.0,0.0,0.0,0.0,0.0,0.0,"[0.0, 0.0, 0.1484375, 0.4666666666666667]",,,,
long_rvos/976257d833/1/9,long_rvos,976257d833,1,9,hybrid,predicted_static,box,False,3,7,378,0,0.9799348192338498,0.9934264585045194,0.9866806388691847,0.0,0.0,0.0,0.0,"[0.5625, 0.0, 0.4375, 1.0]",,,,
long_rvos/976257d833/1/2,long_rvos,976257d833,1,2,static,predicted_static,point,False,0,1,94,0,0.9948288923289746,1.0,0.9974144461644874,0.0,0.0,0.0,0.0,,1,[],[],
long_rvos/976257d833/1/2,long_rvos,976257d833,1,2,static,predicted_static,point,False,1,3,189,0,0.9529566271551724,0.9241283388359676,0.93854248299557,0.0,0.0,0.0,0.0,,2,[],[],
long_rvos/976257d833/1/2,long_rvos,976257d833,1,2,static,predicted_static,point,False,2,5,283,0,0.9917668694299052,0.9809312638580931,0.9863490666439991,0.0,0.0,0.0,0.0,,3,[],[],
long_rvos/976257d833/1/2,long_rvos,976257d833,1,2,static,predicted_static,point,False,3,7,378,0,0.9799348192338498,0.9934264585045194,0.9866806388691847,0.0,0.0,0.0,0.0,,4,[],[],
long_rvos/976257d833/1/2,long_rvos,976257d833,1,2,static,predicted_static,box,False,0,1,94,0,0.9948288923289746,1.0,0.9974144461644874,0.0,0.0,0.0,0.0,"[0.6421875, 0.4527777777777778, 0.3578125, 0.5472222222222223]",,,,
long_rvos/976257d833/1/2,long_rvos,976257d833,1,2,static,predicted_static,box,False,1,3,189,0,0.9529566271551724,0.9241283388359676,0.93854248299557,0.9323896191439164,0.8124054094179535,0.8723975142809349,0.974022787028922,"[0.603125, 0.0, 0.396875, 0.6305555555555555]",,,,0
long_rvos/976257d833/1/2,long_rvos,976257d833,1,2,static,predicted_static,box,False,2,5,283,0,0.9917668694299052,0.9809312638580931,0.9863490666439991,0.0,0.0,0.0,0.0,"[0.578125, 0.0, 0.421875, 1.0]",,,,
long_rvos/976257d833/1/2,long_rvos,976257d833,1,2,static,predicted_static,box,False,3,7,378,0,0.9799348192338498,0.9934264585045194,0.9866806388691847,0.0,0.0,0.0,0.0,"[0.5625, 0.0, 0.4375, 1.0]",,,,
long_rvos/046ee6aa1a/2/5,long_rvos,046ee6aa1a,2,5,dynamic,predicted_static,point,False,0,1,115,0,0.6644952723560439,0.09843636970674975,0.3814658210313968,0.0,0.0,0.0,0.0,,1,[],[],
long_rvos/046ee6aa1a/2/5,long_rvos,046ee6aa1a,2,5,dynamic,predicted_static,point,False,1,3,230,0,1.0,1.0,1.0,1.0,1.0,1.0,1.0,,2,[],[],
long_rvos/046ee6aa1a/2/5,long_rvos,046ee6aa1a,2,5,dynamic,predicted_static,point,False,2,5,345,0,1.0,1.0,1.0,1.0,1.0,1.0,1.0,,3,[],[],
long_rvos/046ee6aa1a/2/5,long_rvos,046ee6aa1a,2,5,dynamic,predicted_static,point,False,3,7,460,0,0.8442584517278567,0.7137912076724157,0.7790248297001362,0.0,0.0,0.0,0.0,,4,[],[],
long_rvos/046ee6aa1a/2/5,long_rvos,046ee6aa1a,2,5,dynamic,predicted_static,box,False,0,1,115,0,0.6644952723560439,0.09843636970674975,0.3814658210313968,0.0,0.0,0.0,0.0,"[0.4140625, 0.6916666666666667, 0.4890625, 0.30833333333333335]",,,,
long_rvos/046ee6aa1a/2/5,long_rvos,046ee6aa1a,2,5,dynamic,predicted_static,box,False,1,3,230,0,1.0,1.0,1.0,1.0,1.0,1.0,1.0,,,,,
long_rvos/046ee6aa1a/2/5,long_rvos,046ee6aa1a,2,5,dynamic,predicted_static,box,False,2,5,345,0,1.0,1.0,1.0,1.0,1.0,1.0,1.0,,,,,
long_rvos/046ee6aa1a/2/5,long_rvos,046ee6aa1a,2,5,dynamic,predicted_static,box,False,3,7,460,0,0.8442584517278567,0.7137912076724157,0.7790248297001362,0.0,0.0,0.0,0.0,"[0.1453125, 0.07222222222222222, 0.45, 0.9277777777777778]",,,,
long_rvos/30c20fb4c1/3/11,long_rvos,30c20fb4c1,3,11,dynamic,predicted_static,point,False,0,1,112,0,0.0,0.0,0.0,0.0,0.0,0.0,1.0,,1,[],[],
long_rvos/30c20fb4c1/3/11,long_rvos,30c20fb4c1,3,11,dynamic,predicted_static,point,False,1,3,224,0,0.0,0.0,0.0,0.0,0.0,0.0,1.0,,2,[],[],
long_rvos/30c20fb4c1/3/11,long_rvos,30c20fb4c1,3,11,dynamic,predicted_static,point,False,2,5,336,0,0.0,0.0,0.0,0.0,0.0,0.0,1.0,,3,[],[],
long_rvos/30c20fb4c1/3/11,long_rvos,30c20fb4c1,3,11,dynamic,predicted_static,point,False,3,7,449,0,0.0,0.0,0.0,0.0,0.0,0.0,1.0,,4,[],[],
long_rvos/30c20fb4c1/3/11,long_rvos,30c20fb4c1,3,11,dynamic,predicted_static,box,False,0,1,112,0,0.0,0.0,0.0,0.0,0.0,0.0,1.0,,,,,
long_rvos/30c20fb4c1/3/11,long_rvos,30c20fb4c1,3,11,dynamic,predicted_static,box,False,1,3,224,0,0.0,0.0,0.0,0.0,0.0,0.0,1.0,,,,,
long_rvos/30c20fb4c1/3/11,long_rvos,30c20fb4c1,3,11,dynamic,predicted_static,box,False,2,5,336,0,0.0,0.0,0.0,0.0,0.0,0.0,1.0,,,,,
long_rvos/30c20fb4c1/3/11,long_rvos,30c20fb4c1,3,11,dynamic,predicted_static,box,False,3,7,449,0,0.0,0.0,0.0,0.0,0.0,0.0,1.0,,,,,
long_rvos/30c20fb4c1/3/14,long_rvos,30c20fb4c1,3,14,hybrid,predicted_static,point,False,0,1,112,0,0.0,0.0,0.0,0.0,0.0,0.0,1.0,,1,[],[],
long_rvos/30c20fb4c1/3/14,long_rvos,30c20fb4c1,3,14,hybrid,predicted_static,point,False,1,3,224,0,8.686399270342462e-05,0.34849338214587444,0.17429012306928893,0.0,0.0,0.0,0.0,,2,[],[],
long_rvos/30c20fb4c1/3/14,long_rvos,30c20fb4c1,3,14,hybrid,predicted_static,point,False,2,5,336,0,0.0,0.0,0.0,0.0,0.0,0.0,1.0,,3,[],[],
long_rvos/30c20fb4c1/3/14,long_rvos,30c20fb4c1,3,14,hybrid,predicted_static,point,False,3,7,449,0,0.0,0.0,0.0,0.0,0.0,0.0,1.0,,4,[],[],
long_rvos/30c20fb4c1/3/14,long_rvos,30c20fb4c1,3,14,hybrid,predicted_static,box,False,0,1,112,0,0.0,0.0,0.0,0.0,0.0,0.0,1.0,,,,,
long_rvos/30c20fb4c1/3/14,long_rvos,30c20fb4c1,3,14,hybrid,predicted_static,box,False,1,3,224,0,8.686399270342462e-05,0.34849338214587444,0.17429012306928893,0.0,0.0,0.0,0.0,"[0.0, 0.0, 0.254, 0.3155080213903743]",,,,
long_rvos/30c20fb4c1/3/14,long_rvos,30c20fb4c1,3,14,hybrid,predicted_static,box,False,2,5,336,0,0.0,0.0,0.0,0.0,0.0,0.0,1.0,,,,,
long_rvos/30c20fb4c1/3/14,long_rvos,30c20fb4c1,3,14,hybrid,predicted_static,box,False,3,7,449,0,0.0,0.0,0.0,0.0,0.0,0.0,1.0,,,,,
long_rvos/30c20fb4c1/3/8,long_rvos,30c20fb4c1,3,8,static,predicted_static,point,False,0,1,112,2,0.05526110873879079,0.36427566807313644,0.20976838840596362,0.0,0.0,0.0,0.0,,1,[],[],
long_rvos/30c20fb4c1/3/8,long_rvos,30c20fb4c1,3,8,static,predicted_static,point,False,1,3,224,1,0.0,0.0,0.0,0.0,0.0,0.0,1.0,,2,[],[],
long_rvos/30c20fb4c1/3/8,long_rvos,30c20fb4c1,3,8,static,predicted_static,point,False,2,5,336,1,0.0,0.0,0.0,0.0,0.0,0.0,1.0,,3,[],[],
long_rvos/30c20fb4c1/3/8,long_rvos,30c20fb4c1,3,8,static,predicted_static,point,False,3,7,449,1,0.0,0.0,0.0,0.0,0.0,0.0,1.0,,4,[],[],
long_rvos/30c20fb4c1/3/8,long_rvos,30c20fb4c1,3,8,static,predicted_static,box,False,0,1,112,2,0.05526110873879079,0.36427566807313644,0.20976838840596362,0.0,0.0,0.0,0.0,"[0.0, 0.0, 0.224, 0.6818181818181818]",,,,
long_rvos/30c20fb4c1/3/8,long_rvos,30c20fb4c1,3,8,static,predicted_static,box,False,1,3,224,1,0.0,0.0,0.0,0.0,0.0,0.0,1.0,,,,,
long_rvos/30c20fb4c1/3/8,long_rvos,30c20fb4c1,3,8,static,predicted_static,box,False,2,5,336,1,0.0,0.0,0.0,0.0,0.0,0.0,1.0,,,,,
long_rvos/30c20fb4c1/3/8,long_rvos,30c20fb4c1,3,8,static,predicted_static,box,False,3,7,449,1,0.0,0.0,0.0,0.0,0.0,0.0,1.0,,,,,
long_rvos/1088228079/1/8,long_rvos,1088228079,1,8,hybrid,predicted_static,point,False,0,1,58,1,0.9809138756852246,1.0,0.9904569378426122,0.0,0.0,0.0,0.0,,1,[],[],
long_rvos/1088228079/1/8,long_rvos,1088228079,1,8,hybrid,predicted_static,point,False,1,3,117,1,0.9717216142388373,1.0,0.9858608071194186,0.0,0.0,0.0,0.0,,2,[],[],
long_rvos/1088228079/1/8,long_rvos,1088228079,1,8,hybrid,predicted_static,point,False,2,5,175,1,0.9829562097246631,1.0,0.9914781048623316,0.0,0.0,0.0,0.0,,3,[],[],
long_rvos/1088228079/1/8,long_rvos,1088228079,1,8,hybrid,predicted_static,point,False,3,7,234,6,0.9754971590909091,0.9900948366701792,0.9827959978805441,0.0,0.0,0.0,0.0,,4,[],[],
long_rvos/1088228079/1/8,long_rvos,1088228079,1,8,hybrid,predicted_static,box,False,0,1,58,1,0.9809138756852246,1.0,0.9904569378426122,0.0,0.0,0.0,0.0,"[0.2765625, 0.23472222222222222, 0.25859375, 0.7055555555555556]",,,,
long_rvos/1088228079/1/8,long_rvos,1088228079,1,8,hybrid,predicted_static,box,False,1,3,117,1,0.9717216142388373,1.0,0.9858608071194186,0.0,0.0,0.0,0.0,"[0.14375, 0.26944444444444443, 0.28046875, 0.6708333333333333]",,,,
long_rvos/1088228079/1/8,long_rvos,1088228079,1,8,hybrid,predicted_static,box,False,2,5,175,1,0.9829562097246631,1.0,0.9914781048623316,0.8662689173457508,0.9016831665439279,0.8839760419448394,0.872136006122881,"[0.128125, 0.22083333333333333, 0.39453125, 0.6583333333333333]",,,,0
long_rvos/1088228079/1/8,long_rvos,1088228079,1,8,hybrid,predicted_static,box,False,3,7,234,6,0.9754971590909091,0.9900948366701792,0.9827959978805441,0.8219672924034944,0.7753772096306034,0.798672251017049,0.8234087178551888,"[0.2234375, 0.1763888888888889, 0.26015625, 0.7652777777777777]",,,,0
long_rvos/1a5dead3e3/1/1,long_rvos,1a5dead3e3,1,1,dynamic,predicted_static,point,False,0,1,107,0,0.6522087200410771,0.7087482779936748,0.680478499017376,0.0,0.0,0.0,0.0,,1,[],[],
long_rvos/1a5dead3e3/1/1,long_rvos,1a5dead3e3,1,1,dynamic,predicted_static,point,False,1,3,214,0,0.8898448101882459,0.7824514241353119,0.8361481171617788,0.0,0.0,0.0,0.0,,2,[],[],
long_rvos/1a5dead3e3/1/1,long_rvos,1a5dead3e3,1,1,dynamic,predicted_static,point,False,2,5,321,0,0.9572543939916102,0.8839976772696537,0.920626035630632,0.0,0.0,0.0,0.0,,3,[],[],
long_rvos/1a5dead3e3/1/1,long_rvos,1a5dead3e3,1,1,dynamic,predicted_static,point,False,3,7,428,0,0.8912502351698288,0.8838180570909665,0.8875341461303976,0.0,0.0,0.0,0.0,,4,[],[],
long_rvos/1a5dead3e3/1/1,long_rvos,1a5dead3e3,1,1,dynamic,predicted_static,box,False,0,1,107,0,0.6522087200410771,0.7087482779936748,0.680478499017376,0.0,0.0,0.0,0.0,"[0.084375, 0.1608084358523726, 0.7265625, 0.5518453427065027]",,,,
long_rvos/1a5dead3e3/1/1,long_rvos,1a5dead3e3,1,1,dynamic,predicted_static,box,False,1,3,214,0,0.8898448101882459,0.7824514241353119,0.8361481171617788,0.9118086084336801,0.7869543348110546,0.8493814716223673,0.932057381613077,"[0.0, 0.12917398945518455, 0.7984375, 0.6203866432337434]",,,,0
long_rvos/1a5dead3e3/1/1,long_rvos,1a5dead3e3,1,1,dynamic,predicted_static,box,False,2,5,321,0,0.9572543939916102,0.8839976772696537,0.920626035630632,0.9115245360898533,0.7904891494424597,0.8510068427661566,0.9327511546477198,"[0.0, 0.0, 0.821875, 0.7434094903339191]",,,,0
long_rvos/1a5dead3e3/1/1,long_rvos,1a5dead3e3,1,1,dynamic,predicted_static,box,False,3,7,428,0,0.8912502351698288,0.8838180570909665,0.8875341461303976,0.0,0.0,0.0,0.0,"[0.171875, 0.08787346221441125, 0.8, 0.6731107205623902]",,,,
long_rvos/1a5dead3e3/1/0,long_rvos,1a5dead3e3,1,0,static,predicted_static,point,False,0,1,107,0,0.6522087200410771,0.7087482779936748,0.680478499017376,0.0,0.0,0.0,0.0,,1,[],[],
long_rvos/1a5dead3e3/1/0,long_rvos,1a5dead3e3,1,0,static,predicted_static,point,False,1,3,214,0,0.8898448101882459,0.7824514241353119,0.8361481171617788,0.0,0.0,0.0,0.0,,2,[],[],
long_rvos/1a5dead3e3/1/0,long_rvos,1a5dead3e3,1,0,static,predicted_static,point,False,2,5,321,0,0.9572543939916102,0.8839976772696537,0.920626035630632,0.0,0.0,0.0,0.0,,3,[],[],
long_rvos/1a5dead3e3/1/0,long_rvos,1a5dead3e3,1,0,static,predicted_static,point,False,3,7,428,0,0.8912502351698288,0.8838180570909665,0.8875341461303976,0.0,0.0,0.0,0.0,,4,[],[],
long_rvos/1a5dead3e3/1/0,long_rvos,1a5dead3e3,1,0,static,predicted_static,box,False,0,1,107,0,0.6522087200410771,0.7087482779936748,0.680478499017376,0.0,0.0,0.0,0.0,"[0.084375, 0.1608084358523726, 0.7265625, 0.5518453427065027]",,,,
long_rvos/1a5dead3e3/1/0,long_rvos,1a5dead3e3,1,0,static,predicted_static,box,False,1,3,214,0,0.8898448101882459,0.7824514241353119,0.8361481171617788,0.9118086084336801,0.7869543348110546,0.8493814716223673,0.932057381613077,"[0.0, 0.12917398945518455, 0.7984375, 0.6203866432337434]",,,,0
long_rvos/1a5dead3e3/1/0,long_rvos,1a5dead3e3,1,0,static,predicted_static,box,False,2,5,321,0,0.9572543939916102,0.8839976772696537,0.920626035630632,0.9115245360898533,0.7904891494424597,0.8510068427661566,0.9327511546477198,"[0.0, 0.0, 0.821875, 0.7434094903339191]",,,,0
long_rvos/1a5dead3e3/1/0,long_rvos,1a5dead3e3,1,0,static,predicted_static,box,False,3,7,428,0,0.8912502351698288,0.8838180570909665,0.8875341461303976,0.0,0.0,0.0,0.0,"[0.171875, 0.08787346221441125, 0.8, 0.6731107205623902]",,,,
long_rvos/8086f00d3d/2/7,long_rvos,8086f00d3d,2,7,dynamic,predicted_static,point,False,0,1,134,0,0.9925612437322395,0.9731376285113202,0.9828494361217799,0.0,0.0,0.0,0.0,,1,[],[],
long_rvos/8086f00d3d/2/7,long_rvos,8086f00d3d,2,7,dynamic,predicted_static,point,False,1,3,269,0,0.9881148494578622,0.9279568016240668,0.9580358255409644,0.0,0.0,0.0,0.0,,2,[],[],
long_rvos/8086f00d3d/2/7,long_rvos,8086f00d3d,2,7,dynamic,predicted_static,point,False,2,5,404,0,0.9915015254906112,0.999507631708518,0.9955045785995646,0.0,0.0,0.0,0.0,,3,[],[],
long_rvos/8086f00d3d/2/7,long_rvos,8086f00d3d,2,7,dynamic,predicted_static,point,False,3,7,539,0,0.9851734703963626,0.9087358545696682,0.9469546624830154,0.0,0.0,0.0,0.0,,4,[],[],
long_rvos/8086f00d3d/2/7,long_rvos,8086f00d3d,2,7,dynamic,predicted_static,box,False,0,1,134,0,0.9925612437322395,0.9731376285113202,0.9828494361217799,0.0,0.0,0.0,0.0,"[0.0, 0.0, 0.8015625, 0.7138888888888889]",,,,
long_rvos/8086f00d3d/2/7,long_rvos,8086f00d3d,2,7,dynamic,predicted_static,box,False,1,3,269,0,0.9881148494578622,0.9279568016240668,0.9580358255409644,0.0,0.0,0.0,0.0,"[0.0, 0.0, 0.771875, 0.7138888888888889]",,,,
long_rvos/8086f00d3d/2/7,long_rvos,8086f00d3d,2,7,dynamic,predicted_static,box,False,2,5,404,0,0.9915015254906112,0.999507631708518,0.9955045785995646,0.0,0.0,0.0,0.0,"[0.0, 0.0, 0.7640625, 0.6805555555555556]",,,,
long_rvos/8086f00d3d/2/7,long_rvos,8086f00d3d,2,7,dynamic,predicted_static,box,False,3,7,539,0,0.9851734703963626,0.9087358545696682,0.9469546624830154,0.0,0.0,0.0,0.0,"[0.0, 0.0, 0.759375, 0.7472222222222222]",,,,
long_rvos/8086f00d3d/2/11,long_rvos,8086f00d3d,2,11,hybrid,predicted_static,point,False,0,1,134,0,0.9925612437322395,0.9731376285113202,0.9828494361217799,0.0,0.0,0.0,0.0,,1,[],[],
long_rvos/8086f00d3d/2/11,long_rvos,8086f00d3d,2,11,hybrid,predicted_static,point,False,1,3,269,0,0.9881148494578622,0.9279568016240668,0.9580358255409644,0.0,0.0,0.0,0.0,,2,[],[],
long_rvos/8086f00d3d/2/11,long_rvos,8086f00d3d,2,11,hybrid,predicted_static,point,False,2,5,404,0,0.9915015254906112,0.999507631708518,0.9955045785995646,0.0,0.0,0.0,0.0,,3,[],[],
long_rvos/8086f00d3d/2/11,long_rvos,8086f00d3d,2,11,hybrid,predicted_static,point,False,3,7,539,0,0.9851734703963626,0.9087358545696682,0.9469546624830154,0.0,0.0,0.0,0.0,,4,[],[],
long_rvos/8086f00d3d/2/11,long_rvos,8086f00d3d,2,11,hybrid,predicted_static,box,False,0,1,134,0,0.9925612437322395,0.9731376285113202,0.9828494361217799,0.0,0.0,0.0,0.0,"[0.0, 0.0, 0.8015625, 0.7138888888888889]",,,,
long_rvos/8086f00d3d/2/11,long_rvos,8086f00d3d,2,11,hybrid,predicted_static,box,False,1,3,269,0,0.9881148494578622,0.9279568016240668,0.9580358255409644,0.0,0.0,0.0,0.0,"[0.0, 0.0, 0.771875, 0.7138888888888889]",,,,
long_rvos/8086f00d3d/2/11,long_rvos,8086f00d3d,2,11,hybrid,predicted_static,box,False,2,5,404,0,0.9915015254906112,0.999507631708518,0.9955045785995646,0.0,0.0,0.0,0.0,"[0.0, 0.0, 0.7640625, 0.6805555555555556]",,,,
long_rvos/8086f00d3d/2/11,long_rvos,8086f00d3d,2,11,hybrid,predicted_static,box,False,3,7,539,0,0.9851734703963626,0.9087358545696682,0.9469546624830154,0.0,0.0,0.0,0.0,"[0.0, 0.0, 0.759375, 0.7472222222222222]",,,,
long_rvos/8086f00d3d/2/6,long_rvos,8086f00d3d,2,6,static,predicted_static,point,False,0,1,134,0,0.9925612437322395,0.9731376285113202,0.9828494361217799,0.0,0.0,0.0,0.0,,1,[],[],
long_rvos/8086f00d3d/2/6,long_rvos,8086f00d3d,2,6,static,predicted_static,point,False,1,3,269,0,0.9881148494578622,0.9279568016240668,0.9580358255409644,0.0,0.0,0.0,0.0,,2,[],[],
long_rvos/8086f00d3d/2/6,long_rvos,8086f00d3d,2,6,static,predicted_static,point,False,2,5,404,0,0.9915015254906112,0.999507631708518,0.9955045785995646,0.0,0.0,0.0,0.0,,3,[],[],
long_rvos/8086f00d3d/2/6,long_rvos,8086f00d3d,2,6,static,predicted_static,point,False,3,7,539,0,0.9851734703963626,0.9087358545696682,0.9469546624830154,0.0,0.0,0.0,0.0,,4,[],[],
long_rvos/8086f00d3d/2/6,long_rvos,8086f00d3d,2,6,static,predicted_static,box,False,0,1,134,0,0.9925612437322395,0.9731376285113202,0.9828494361217799,0.0,0.0,0.0,0.0,"[0.0, 0.0, 0.8015625, 0.7138888888888889]",,,,
long_rvos/8086f00d3d/2/6,long_rvos,8086f00d3d,2,6,static,predicted_static,box,False,1,3,269,0,0.9881148494578622,0.9279568016240668,0.9580358255409644,0.0,0.0,0.0,0.0,"[0.0, 0.0, 0.771875, 0.7138888888888889]",,,,
long_rvos/8086f00d3d/2/6,long_rvos,8086f00d3d,2,6,static,predicted_static,box,False,2,5,404,0,0.9915015254906112,0.999507631708518,0.9955045785995646,0.0,0.0,0.0,0.0,"[0.0, 0.0, 0.7640625, 0.6805555555555556]",,,,
long_rvos/8086f00d3d/2/6,long_rvos,8086f00d3d,2,6,static,predicted_static,box,False,3,7,539,0,0.9851734703963626,0.9087358545696682,0.9469546624830154,0.0,0.0,0.0,0.0,"[0.0, 0.0, 0.759375, 0.7472222222222222]",,,,
long_rvos/976257d833/1/1,long_rvos,976257d833,1,1,dynamic,oracle_identity,box,True,0,1,94,0,0.9948288923289746,1.0,0.9974144461644874,0.0,0.0,0.0,0.0,"[0.6421875, 0.4527777777777778, 0.3578125, 0.5472222222222223]",,,,
long_rvos/976257d833/1/1,long_rvos,976257d833,1,1,dynamic,oracle_identity,box,True,1,3,189,0,0.9529566271551724,0.9241283388359676,0.93854248299557,0.9323896191439164,0.8124054094179535,0.8723975142809349,0.974022787028922,"[0.603125, 0.0, 0.396875, 0.6305555555555555]",,,,0
long_rvos/976257d833/1/1,long_rvos,976257d833,1,1,dynamic,oracle_identity,box,True,2,5,283,0,0.9917668694299052,0.9809312638580931,0.9863490666439991,0.0,0.0,0.0,0.0,"[0.578125, 0.0, 0.421875, 1.0]",,,,
long_rvos/976257d833/1/1,long_rvos,976257d833,1,1,dynamic,oracle_identity,box,True,3,7,378,0,0.9799348192338498,0.9934264585045194,0.9866806388691847,0.0,0.0,0.0,0.0,"[0.5625, 0.0, 0.4375, 1.0]",,,,
long_rvos/976257d833/1/8,long_rvos,976257d833,1,8,hybrid,oracle_identity,point,True,0,1,94,0,0.9948288923289746,1.0,0.9974144461644874,0.0,0.0,0.0,0.0,,1,[],[],
long_rvos/976257d833/1/8,long_rvos,976257d833,1,8,hybrid,oracle_identity,point,True,1,3,189,0,0.9529566271551724,0.9241283388359676,0.93854248299557,0.0,0.0,0.0,0.0,,2,[],[],
long_rvos/976257d833/1/8,long_rvos,976257d833,1,8,hybrid,oracle_identity,point,True,2,5,283,0,0.9917668694299052,0.9809312638580931,0.9863490666439991,0.0,0.0,0.0,0.0,,3,[],[],
long_rvos/976257d833/1/8,long_rvos,976257d833,1,8,hybrid,oracle_identity,point,True,3,7,378,0,0.9799348192338498,0.9934264585045194,0.9866806388691847,0.0,0.0,0.0,0.0,,4,[],[],
long_rvos/976257d833/1/8,long_rvos,976257d833,1,8,hybrid,oracle_identity,box,True,0,1,94,0,0.9948288923289746,1.0,0.9974144461644874,0.0,0.0,0.0,0.0,"[0.6421875, 0.4527777777777778, 0.3578125, 0.5472222222222223]",,,,
long_rvos/976257d833/1/8,long_rvos,976257d833,1,8,hybrid,oracle_identity,box,True,1,3,189,0,0.9529566271551724,0.9241283388359676,0.93854248299557,0.9323896191439164,0.8124054094179535,0.8723975142809349,0.974022787028922,"[0.603125, 0.0, 0.396875, 0.6305555555555555]",,,,0
long_rvos/976257d833/1/8,long_rvos,976257d833,1,8,hybrid,oracle_identity,box,True,2,5,283,0,0.9917668694299052,0.9809312638580931,0.9863490666439991,0.0,0.0,0.0,0.0,"[0.578125, 0.0, 0.421875, 1.0]",,,,
long_rvos/976257d833/1/8,long_rvos,976257d833,1,8,hybrid,oracle_identity,box,True,3,7,378,0,0.9799348192338498,0.9934264585045194,0.9866806388691847,0.0,0.0,0.0,0.0,"[0.5625, 0.0, 0.4375, 1.0]",,,,
long_rvos/976257d833/1/0,long_rvos,976257d833,1,0,static,oracle_identity,point,True,0,1,94,0,0.9948288923289746,1.0,0.9974144461644874,0.0,0.0,0.0,0.0,,1,[],[],
long_rvos/976257d833/1/0,long_rvos,976257d833,1,0,static,oracle_identity,point,True,1,3,189,0,0.9529566271551724,0.9241283388359676,0.93854248299557,0.0,0.0,0.0,0.0,,2,[],[],
long_rvos/976257d833/1/0,long_rvos,976257d833,1,0,static,oracle_identity,point,True,2,5,283,0,0.9917668694299052,0.9809312638580931,0.9863490666439991,0.0,0.0,0.0,0.0,,3,[],[],
long_rvos/976257d833/1/0,long_rvos,976257d833,1,0,static,oracle_identity,point,True,3,7,378,0,0.9799348192338498,0.9934264585045194,0.9866806388691847,0.0,0.0,0.0,0.0,,4,[],[],
long_rvos/976257d833/1/0,long_rvos,976257d833,1,0,static,oracle_identity,box,True,0,1,94,0,0.9948288923289746,1.0,0.9974144461644874,0.0,0.0,0.0,0.0,"[0.6421875, 0.4527777777777778, 0.3578125, 0.5472222222222223]",,,,
long_rvos/976257d833/1/0,long_rvos,976257d833,1,0,static,oracle_identity,box,True,1,3,189,0,0.9529566271551724,0.9241283388359676,0.93854248299557,0.9323896191439164,0.8124054094179535,0.8723975142809349,0.974022787028922,"[0.603125, 0.0, 0.396875, 0.6305555555555555]",,,,0
long_rvos/976257d833/1/0,long_rvos,976257d833,1,0,static,oracle_identity,box,True,2,5,283,0,0.9917668694299052,0.9809312638580931,0.9863490666439991,0.0,0.0,0.0,0.0,"[0.578125, 0.0, 0.421875, 1.0]",,,,
long_rvos/976257d833/1/0,long_rvos,976257d833,1,0,static,oracle_identity,box,True,3,7,378,0,0.9799348192338498,0.9934264585045194,0.9866806388691847,0.0,0.0,0.0,0.0,"[0.5625, 0.0, 0.4375, 1.0]",,,,
long_rvos/046ee6aa1a/2/3,long_rvos,046ee6aa1a,2,3,dynamic,oracle_identity,point,True,0,1,115,0,0.6644952723560439,0.09843636970674975,0.3814658210313968,0.0,0.0,0.0,0.0,,1,[],[],
long_rvos/046ee6aa1a/2/3,long_rvos,046ee6aa1a,2,3,dynamic,oracle_identity,point,True,1,3,230,0,1.0,1.0,1.0,1.0,1.0,1.0,1.0,,2,[],[],
long_rvos/046ee6aa1a/2/3,long_rvos,046ee6aa1a,2,3,dynamic,oracle_identity,point,True,2,5,345,0,1.0,1.0,1.0,1.0,1.0,1.0,1.0,,3,[],[],
long_rvos/046ee6aa1a/2/3,long_rvos,046ee6aa1a,2,3,dynamic,oracle_identity,point,True,3,7,460,0,0.8442584517278567,0.7137912076724157,0.7790248297001362,0.0,0.0,0.0,0.0,,4,[],[],
long_rvos/046ee6aa1a/2/3,long_rvos,046ee6aa1a,2,3,dynamic,oracle_identity,box,True,0,1,115,0,0.6644952723560439,0.09843636970674975,0.3814658210313968,0.0,0.0,0.0,0.0,"[0.4140625, 0.6916666666666667, 0.4890625, 0.30833333333333335]",,,,
long_rvos/046ee6aa1a/2/3,long_rvos,046ee6aa1a,2,3,dynamic,oracle_identity,box,True,1,3,230,0,1.0,1.0,1.0,1.0,1.0,1.0,1.0,,,,,
long_rvos/046ee6aa1a/2/3,long_rvos,046ee6aa1a,2,3,dynamic,oracle_identity,box,True,2,5,345,0,1.0,1.0,1.0,1.0,1.0,1.0,1.0,,,,,
long_rvos/046ee6aa1a/2/3,long_rvos,046ee6aa1a,2,3,dynamic,oracle_identity,box,True,3,7,460,0,0.8442584517278567,0.7137912076724157,0.7790248297001362,0.0,0.0,0.0,0.0,"[0.1453125, 0.07222222222222222, 0.45, 0.9277777777777778]",,,,
long_rvos/046ee6aa1a/2/2,long_rvos,046ee6aa1a,2,2,static,oracle_identity,point,True,0,1,115,0,0.6644952723560439,0.09843636970674975,0.3814658210313968,0.0,0.0,0.0,0.0,,1,[],[],
long_rvos/046ee6aa1a/2/2,long_rvos,046ee6aa1a,2,2,static,oracle_identity,point,True,1,3,230,0,1.0,1.0,1.0,1.0,1.0,1.0,1.0,,2,[],[],
long_rvos/046ee6aa1a/2/2,long_rvos,046ee6aa1a,2,2,static,oracle_identity,point,True,2,5,345,0,1.0,1.0,1.0,1.0,1.0,1.0,1.0,,3,[],[],
long_rvos/046ee6aa1a/2/2,long_rvos,046ee6aa1a,2,2,static,oracle_identity,point,True,3,7,460,0,0.8442584517278567,0.7137912076724157,0.7790248297001362,0.0,0.0,0.0,0.0,,4,[],[],
long_rvos/046ee6aa1a/2/2,long_rvos,046ee6aa1a,2,2,static,oracle_identity,box,True,0,1,115,0,0.6644952723560439,0.09843636970674975,0.3814658210313968,0.0,0.0,0.0,0.0,"[0.4140625, 0.6916666666666667, 0.4890625, 0.30833333333333335]",,,,
long_rvos/046ee6aa1a/2/2,long_rvos,046ee6aa1a,2,2,static,oracle_identity,box,True,1,3,230,0,1.0,1.0,1.0,1.0,1.0,1.0,1.0,,,,,
long_rvos/046ee6aa1a/2/2,long_rvos,046ee6aa1a,2,2,static,oracle_identity,box,True,2,5,345,0,1.0,1.0,1.0,1.0,1.0,1.0,1.0,,,,,
long_rvos/046ee6aa1a/2/2,long_rvos,046ee6aa1a,2,2,static,oracle_identity,box,True,3,7,460,0,0.8442584517278567,0.7137912076724157,0.7790248297001362,0.0,0.0,0.0,0.0,"[0.1453125, 0.07222222222222222, 0.45, 0.9277777777777778]",,,,
long_rvos/30c20fb4c1/3/9,long_rvos,30c20fb4c1,3,9,dynamic,oracle_identity,point,True,0,1,112,2,0.05526110873879079,0.36427566807313644,0.20976838840596362,0.0,0.0,0.0,0.0,,1,[],[],
long_rvos/30c20fb4c1/3/9,long_rvos,30c20fb4c1,3,9,dynamic,oracle_identity,point,True,1,3,224,2,0.00015201528839471856,0.34483977481399747,0.17249589505119609,0.0,0.0,0.0,0.0,,2,[],[],
long_rvos/30c20fb4c1/3/9,long_rvos,30c20fb4c1,3,9,dynamic,oracle_identity,point,True,2,5,336,2,0.0,0.0,0.0,0.0,0.0,0.0,1.0,,3,[],[],
long_rvos/30c20fb4c1/3/9,long_rvos,30c20fb4c1,3,9,dynamic,oracle_identity,point,True,3,7,449,2,0.0,0.0,0.0,0.0,0.0,0.0,1.0,,4,[],[],
long_rvos/30c20fb4c1/3/9,long_rvos,30c20fb4c1,3,9,dynamic,oracle_identity,box,True,0,1,112,2,0.05526110873879079,0.36427566807313644,0.20976838840596362,0.0,0.0,0.0,0.0,"[0.0, 0.0, 0.224, 0.6818181818181818]",,,,
long_rvos/30c20fb4c1/3/9,long_rvos,30c20fb4c1,3,9,dynamic,oracle_identity,box,True,1,3,224,2,0.00015201528839471856,0.34483977481399747,0.17249589505119609,0.0,0.0,0.0,0.0,"[0.0, 0.0, 0.254, 0.3155080213903743]",,,,
long_rvos/30c20fb4c1/3/9,long_rvos,30c20fb4c1,3,9,dynamic,oracle_identity,box,True,2,5,336,2,0.0,0.0,0.0,0.0,0.0,0.0,1.0,,,,,
long_rvos/30c20fb4c1/3/9,long_rvos,30c20fb4c1,3,9,dynamic,oracle_identity,box,True,3,7,449,2,0.0,0.0,0.0,0.0,0.0,0.0,1.0,,,,,
long_rvos/30c20fb4c1/3/10,long_rvos,30c20fb4c1,3,10,static,oracle_identity,point,True,0,1,112,1,0.0,0.0,0.0,0.0,0.0,0.0,1.0,,1,[],[],
long_rvos/30c20fb4c1/3/10,long_rvos,30c20fb4c1,3,10,static,oracle_identity,point,True,1,3,224,1,0.0,0.0,0.0,0.0,0.0,0.0,1.0,,2,[],[],
long_rvos/30c20fb4c1/3/10,long_rvos,30c20fb4c1,3,10,static,oracle_identity,point,True,2,5,336,1,0.0,0.0,0.0,0.0,0.0,0.0,1.0,,3,[],[],
long_rvos/30c20fb4c1/3/10,long_rvos,30c20fb4c1,3,10,static,oracle_identity,point,True,3,7,449,1,0.0,0.0,0.0,0.0,0.0,0.0,1.0,,4,[],[],
long_rvos/30c20fb4c1/3/10,long_rvos,30c20fb4c1,3,10,static,oracle_identity,box,True,0,1,112,1,0.0,0.0,0.0,0.0,0.0,0.0,1.0,,,,,
long_rvos/30c20fb4c1/3/10,long_rvos,30c20fb4c1,3,10,static,oracle_identity,box,True,1,3,224,1,0.0,0.0,0.0,0.0,0.0,0.0,1.0,,,,,
long_rvos/30c20fb4c1/3/10,long_rvos,30c20fb4c1,3,10,static,oracle_identity,box,True,2,5,336,1,0.0,0.0,0.0,0.0,0.0,0.0,1.0,,,,,
long_rvos/30c20fb4c1/3/10,long_rvos,30c20fb4c1,3,10,static,oracle_identity,box,True,3,7,449,1,0.0,0.0,0.0,0.0,0.0,0.0,1.0,,,,,
long_rvos/1088228079/1/1,long_rvos,1088228079,1,1,dynamic,oracle_identity,point,True,0,1,58,1,0.9809138756852246,1.0,0.9904569378426122,0.0,0.0,0.0,0.0,,1,[],[],
long_rvos/1088228079/1/1,long_rvos,1088228079,1,1,dynamic,oracle_identity,point,True,1,3,117,1,0.9717216142388373,1.0,0.9858608071194186,0.0,0.0,0.0,0.0,,2,[],[],
long_rvos/1088228079/1/1,long_rvos,1088228079,1,1,dynamic,oracle_identity,point,True,2,5,175,1,0.9829562097246631,1.0,0.9914781048623316,0.0,0.0,0.0,0.0,,3,[],[],
long_rvos/1088228079/1/1,long_rvos,1088228079,1,1,dynamic,oracle_identity,point,True,3,7,234,1,0.0,0.0,0.0,0.0,0.0,0.0,1.0,,4,[],[],
long_rvos/1088228079/1/1,long_rvos,1088228079,1,1,dynamic,oracle_identity,box,True,0,1,58,1,0.9809138756852246,1.0,0.9904569378426122,0.0,0.0,0.0,0.0,"[0.2765625, 0.23472222222222222, 0.25859375, 0.7055555555555556]",,,,
long_rvos/1088228079/1/1,long_rvos,1088228079,1,1,dynamic,oracle_identity,box,True,1,3,117,1,0.9717216142388373,1.0,0.9858608071194186,0.0,0.0,0.0,0.0,"[0.14375, 0.26944444444444443, 0.28046875, 0.6708333333333333]",,,,
long_rvos/1088228079/1/1,long_rvos,1088228079,1,1,dynamic,oracle_identity,box,True,2,5,175,1,0.9829562097246631,1.0,0.9914781048623316,0.8662689173457508,0.9016831665439279,0.8839760419448394,0.872136006122881,"[0.128125, 0.22083333333333333, 0.39453125, 0.6583333333333333]",,,,0
long_rvos/1088228079/1/1,long_rvos,1088228079,1,1,dynamic,oracle_identity,box,True,3,7,234,1,0.0,0.0,0.0,0.0,0.0,0.0,1.0,,,,,
long_rvos/1088228079/1/0,long_rvos,1088228079,1,0,static,oracle_identity,point,True,0,1,58,1,0.9809138756852246,1.0,0.9904569378426122,0.0,0.0,0.0,0.0,,1,[],[],
long_rvos/1088228079/1/0,long_rvos,1088228079,1,0,static,oracle_identity,point,True,1,3,117,1,0.9717216142388373,1.0,0.9858608071194186,0.0,0.0,0.0,0.0,,2,[],[],
long_rvos/1088228079/1/0,long_rvos,1088228079,1,0,static,oracle_identity,point,True,2,5,175,1,0.9829562097246631,1.0,0.9914781048623316,0.0,0.0,0.0,0.0,,3,[],[],
long_rvos/1088228079/1/0,long_rvos,1088228079,1,0,static,oracle_identity,point,True,3,7,234,1,0.0,0.0,0.0,0.0,0.0,0.0,1.0,,4,[],[],
long_rvos/1088228079/1/0,long_rvos,1088228079,1,0,static,oracle_identity,box,True,0,1,58,1,0.9809138756852246,1.0,0.9904569378426122,0.0,0.0,0.0,0.0,"[0.2765625, 0.23472222222222222, 0.25859375, 0.7055555555555556]",,,,
long_rvos/1088228079/1/0,long_rvos,1088228079,1,0,static,oracle_identity,box,True,1,3,117,1,0.9717216142388373,1.0,0.9858608071194186,0.0,0.0,0.0,0.0,"[0.14375, 0.26944444444444443, 0.28046875, 0.6708333333333333]",,,,
long_rvos/1088228079/1/0,long_rvos,1088228079,1,0,static,oracle_identity,box,True,2,5,175,1,0.9829562097246631,1.0,0.9914781048623316,0.8662689173457508,0.9016831665439279,0.8839760419448394,0.872136006122881,"[0.128125, 0.22083333333333333, 0.39453125, 0.6583333333333333]",,,,0
long_rvos/1088228079/1/0,long_rvos,1088228079,1,0,static,oracle_identity,box,True,3,7,234,1,0.0,0.0,0.0,0.0,0.0,0.0,1.0,,,,,
long_rvos/1a5dead3e3/1/4,long_rvos,1a5dead3e3,1,4,hybrid,oracle_identity,point,True,0,1,107,0,0.6522087200410771,0.7087482779936748,0.680478499017376,0.0,0.0,0.0,0.0,,1,[],[],
long_rvos/1a5dead3e3/1/4,long_rvos,1a5dead3e3,1,4,hybrid,oracle_identity,point,True,1,3,214,0,0.8898448101882459,0.7824514241353119,0.8361481171617788,0.0,0.0,0.0,0.0,,2,[],[],
long_rvos/1a5dead3e3/1/4,long_rvos,1a5dead3e3,1,4,hybrid,oracle_identity,point,True,2,5,321,0,0.9572543939916102,0.8839976772696537,0.920626035630632,0.0,0.0,0.0,0.0,,3,[],[],
long_rvos/1a5dead3e3/1/4,long_rvos,1a5dead3e3,1,4,hybrid,oracle_identity,point,True,3,7,428,0,0.8912502351698288,0.8838180570909665,0.8875341461303976,0.0,0.0,0.0,0.0,,4,[],[],
long_rvos/1a5dead3e3/1/4,long_rvos,1a5dead3e3,1,4,hybrid,oracle_identity,box,True,0,1,107,0,0.6522087200410771,0.7087482779936748,0.680478499017376,0.0,0.0,0.0,0.0,"[0.084375, 0.1608084358523726, 0.7265625, 0.5518453427065027]",,,,
long_rvos/1a5dead3e3/1/4,long_rvos,1a5dead3e3,1,4,hybrid,oracle_identity,box,True,1,3,214,0,0.8898448101882459,0.7824514241353119,0.8361481171617788,0.9118086084336801,0.7869543348110546,0.8493814716223673,0.932057381613077,"[0.0, 0.12917398945518455, 0.7984375, 0.6203866432337434]",,,,0
long_rvos/1a5dead3e3/1/4,long_rvos,1a5dead3e3,1,4,hybrid,oracle_identity,box,True,2,5,321,0,0.9572543939916102,0.8839976772696537,0.920626035630632,0.9115245360898533,0.7904891494424597,0.8510068427661566,0.9327511546477198,"[0.0, 0.0, 0.821875, 0.7434094903339191]",,,,0
long_rvos/1a5dead3e3/1/4,long_rvos,1a5dead3e3,1,4,hybrid,oracle_identity,box,True,3,7,428,0,0.8912502351698288,0.8838180570909665,0.8875341461303976,0.0,0.0,0.0,0.0,"[0.171875, 0.08787346221441125, 0.8, 0.6731107205623902]",,,,
long_rvos/8086f00d3d/2/5,long_rvos,8086f00d3d,2,5,dynamic,oracle_identity,point,True,0,1,134,0,0.9920170257123002,0.9832667462135947,0.9876418859629474,0.0,0.0,0.0,0.0,,1,[],[],
long_rvos/8086f00d3d/2/5,long_rvos,8086f00d3d,2,5,dynamic,oracle_identity,point,True,1,3,269,0,0.991404596591542,0.9767056409331274,0.9840551187623348,0.0,0.0,0.0,0.0,,2,[],[],
long_rvos/8086f00d3d/2/5,long_rvos,8086f00d3d,2,5,dynamic,oracle_identity,point,True,2,5,404,0,0.9914260144920564,1.0,0.9957130072460282,0.0,0.0,0.0,0.0,,3,[],[],
long_rvos/8086f00d3d/2/5,long_rvos,8086f00d3d,2,5,dynamic,oracle_identity,point,True,3,7,539,0,0.9841990719090615,0.9071632859135222,0.9456811789112919,0.0,0.0,0.0,0.0,,4,[],[],
long_rvos/8086f00d3d/2/5,long_rvos,8086f00d3d,2,5,dynamic,oracle_identity,box,True,0,1,134,0,0.9920170257123002,0.9832667462135947,0.9876418859629474,0.0,0.0,0.0,0.0,"[0.0, 0.0, 0.803125, 0.7166666666666667]",,,,
long_rvos/8086f00d3d/2/5,long_rvos,8086f00d3d,2,5,dynamic,oracle_identity,box,True,1,3,269,0,0.991404596591542,0.9767056409331274,0.9840551187623348,0.0,0.0,0.0,0.0,"[0.0, 0.0, 0.771875, 0.7138888888888889]",,,,
long_rvos/8086f00d3d/2/5,long_rvos,8086f00d3d,2,5,dynamic,oracle_identity,box,True,2,5,404,0,0.9914260144920564,1.0,0.9957130072460282,0.0,0.0,0.0,0.0,"[0.0, 0.0, 0.7640625, 0.6805555555555556]",,,,
long_rvos/8086f00d3d/2/5,long_rvos,8086f00d3d,2,5,dynamic,oracle_identity,box,True,3,7,539,0,0.9841990719090615,0.9071632859135222,0.9456811789112919,0.0,0.0,0.0,0.0,"[0.0, 0.0, 0.75625, 0.7472222222222222]",,,,
long_rvos/8086f00d3d/2/10,long_rvos,8086f00d3d,2,10,hybrid,oracle_identity,point,True,0,1,134,0,0.9904913111753121,0.9432114336876949,0.9668513724315035,0.0,0.0,0.0,0.0,,1,[],[],
long_rvos/8086f00d3d/2/10,long_rvos,8086f00d3d,2,10,hybrid,oracle_identity,point,True,1,3,269,0,0.9877569640995084,0.9222660811506,0.9550115226250542,0.0,0.0,0.0,0.0,,2,[],[],
long_rvos/8086f00d3d/2/10,long_rvos,8086f00d3d,2,10,hybrid,oracle_identity,point,True,2,5,404,0,0.9915394536739369,0.9995095635115253,0.9955245085927311,0.0,0.0,0.0,0.0,,3,[],[],
long_rvos/8086f00d3d/2/10,long_rvos,8086f00d3d,2,10,hybrid,oracle_identity,point,True,3,7,539,0,0.9857913669064748,0.9068181244246296,0.9463047456655522,0.0,0.0,0.0,0.0,,4,[],[],
long_rvos/8086f00d3d/2/10,long_rvos,8086f00d3d,2,10,hybrid,oracle_identity,box,True,0,1,134,0,0.9904913111753121,0.9432114336876949,0.9668513724315035,0.0,0.0,0.0,0.0,"[0.0, 0.0, 0.8015625, 0.7138888888888889]",,,,
long_rvos/8086f00d3d/2/10,long_rvos,8086f00d3d,2,10,hybrid,oracle_identity,box,True,1,3,269,0,0.9877569640995084,0.9222660811506,0.9550115226250542,0.0,0.0,0.0,0.0,"[0.0, 0.0, 0.771875, 0.7111111111111111]",,,,
long_rvos/8086f00d3d/2/10,long_rvos,8086f00d3d,2,10,hybrid,oracle_identity,box,True,2,5,404,0,0.9915394536739369,0.9995095635115253,0.9955245085927311,0.0,0.0,0.0,0.0,"[0.0, 0.0, 0.7640625, 0.6805555555555556]",,,,
long_rvos/8086f00d3d/2/10,long_rvos,8086f00d3d,2,10,hybrid,oracle_identity,box,True,3,7,539,0,0.9857913669064748,0.9068181244246296,0.9463047456655522,0.0,0.0,0.0,0.0,"[0.0, 0.0, 0.759375, 0.7472222222222222]",,,,
long_rvos/8086f00d3d/2/4,long_rvos,8086f00d3d,2,4,static,oracle_identity,point,True,0,1,134,0,0.9904913111753121,0.9432114336876949,0.9668513724315035,0.0,0.0,0.0,0.0,,1,[],[],
long_rvos/8086f00d3d/2/4,long_rvos,8086f00d3d,2,4,static,oracle_identity,point,True,1,3,269,0,0.9877569640995084,0.9222660811506,0.9550115226250542,0.0,0.0,0.0,0.0,,2,[],[],
long_rvos/8086f00d3d/2/4,long_rvos,8086f00d3d,2,4,static,oracle_identity,point,True,2,5,404,0,0.9915394536739369,0.9995095635115253,0.9955245085927311,0.0,0.0,0.0,0.0,,3,[],[],
long_rvos/8086f00d3d/2/4,long_rvos,8086f00d3d,2,4,static,oracle_identity,point,True,3,7,539,0,0.9857913669064748,0.9068181244246296,0.9463047456655522,0.0,0.0,0.0,0.0,,4,[],[],
long_rvos/8086f00d3d/2/4,long_rvos,8086f00d3d,2,4,static,oracle_identity,box,True,0,1,134,0,0.9904913111753121,0.9432114336876949,0.9668513724315035,0.0,0.0,0.0,0.0,"[0.0, 0.0, 0.8015625, 0.7138888888888889]",,,,
long_rvos/8086f00d3d/2/4,long_rvos,8086f00d3d,2,4,static,oracle_identity,box,True,1,3,269,0,0.9877569640995084,0.9222660811506,0.9550115226250542,0.0,0.0,0.0,0.0,"[0.0, 0.0, 0.771875, 0.7111111111111111]",,,,
long_rvos/8086f00d3d/2/4,long_rvos,8086f00d3d,2,4,static,oracle_identity,box,True,2,5,404,0,0.9915394536739369,0.9995095635115253,0.9955245085927311,0.0,0.0,0.0,0.0,"[0.0, 0.0, 0.7640625, 0.6805555555555556]",,,,
long_rvos/8086f00d3d/2/4,long_rvos,8086f00d3d,2,4,static,oracle_identity,box,True,3,7,539,0,0.9857913669064748,0.9068181244246296,0.9463047456655522,0.0,0.0,0.0,0.0,"[0.0, 0.0, 0.759375, 0.7472222222222222]",,,,
long_rvos/976257d833/1/3,long_rvos,976257d833,1,3,dynamic,oracle_identity,point,True,0,1,94,0,0.9948288923289746,1.0,0.9974144461644874,0.0,0.0,0.0,0.0,,1,[],[],
long_rvos/976257d833/1/3,long_rvos,976257d833,1,3,dynamic,oracle_identity,point,True,1,3,189,0,0.9529566271551724,0.9241283388359676,0.93854248299557,0.0,0.0,0.0,0.0,,2,[],[],
long_rvos/976257d833/1/3,long_rvos,976257d833,1,3,dynamic,oracle_identity,point,True,2,5,283,0,0.9917668694299052,0.9809312638580931,0.9863490666439991,0.0,0.0,0.0,0.0,,3,[],[],
long_rvos/976257d833/1/3,long_rvos,976257d833,1,3,dynamic,oracle_identity,point,True,3,7,378,0,0.9799348192338498,0.9934264585045194,0.9866806388691847,0.0,0.0,0.0,0.0,,4,[],[],
long_rvos/976257d833/1/3,long_rvos,976257d833,1,3,dynamic,oracle_identity,box,True,0,1,94,0,0.9948288923289746,1.0,0.9974144461644874,0.0,0.0,0.0,0.0,"[0.6421875, 0.4527777777777778, 0.3578125, 0.5472222222222223]",,,,
long_rvos/976257d833/1/3,long_rvos,976257d833,1,3,dynamic,oracle_identity,box,True,1,3,189,0,0.9529566271551724,0.9241283388359676,0.93854248299557,0.9323896191439164,0.8124054094179535,0.8723975142809349,0.974022787028922,"[0.603125, 0.0, 0.396875, 0.6305555555555555]",,,,0
long_rvos/976257d833/1/3,long_rvos,976257d833,1,3,dynamic,oracle_identity,box,True,2,5,283,0,0.9917668694299052,0.9809312638580931,0.9863490666439991,0.0,0.0,0.0,0.0,"[0.578125, 0.0, 0.421875, 1.0]",,,,
long_rvos/976257d833/1/3,long_rvos,976257d833,1,3,dynamic,oracle_identity,box,True,3,7,378,0,0.9799348192338498,0.9934264585045194,0.9866806388691847,0.0,0.0,0.0,0.0,"[0.5625, 0.0, 0.4375, 1.0]",,,,
long_rvos/976257d833/1/9,long_rvos,976257d833,1,9,hybrid,oracle_identity,point,True,0,1,94,0,0.9948288923289746,1.0,0.9974144461644874,0.0,0.0,0.0,0.0,,1,[],[],
long_rvos/976257d833/1/9,long_rvos,976257d833,1,9,hybrid,oracle_identity,point,True,1,3,189,0,0.9529566271551724,0.9241283388359676,0.93854248299557,0.0,0.0,0.0,0.0,,2,[],[],
long_rvos/976257d833/1/9,long_rvos,976257d833,1,9,hybrid,oracle_identity,point,True,2,5,283,0,0.9917668694299052,0.9809312638580931,0.9863490666439991,0.0,0.0,0.0,0.0,,3,[],[],
long_rvos/976257d833/1/9,long_rvos,976257d833,1,9,hybrid,oracle_identity,point,True,3,7,378,0,0.9799348192338498,0.9934264585045194,0.9866806388691847,0.0,0.0,0.0,0.0,,4,[],[],
long_rvos/976257d833/1/9,long_rvos,976257d833,1,9,hybrid,oracle_identity,box,True,0,1,94,0,0.9948288923289746,1.0,0.9974144461644874,0.0,0.0,0.0,0.0,"[0.6421875, 0.4527777777777778, 0.3578125, 0.5472222222222223]",,,,
long_rvos/976257d833/1/9,long_rvos,976257d833,1,9,hybrid,oracle_identity,box,True,1,3,189,0,0.9529566271551724,0.9241283388359676,0.93854248299557,0.9323896191439164,0.8124054094179535,0.8723975142809349,0.974022787028922,"[0.603125, 0.0, 0.396875, 0.6305555555555555]",,,,0
long_rvos/976257d833/1/9,long_rvos,976257d833,1,9,hybrid,oracle_identity,box,True,2,5,283,0,0.9917668694299052,0.9809312638580931,0.9863490666439991,0.0,0.0,0.0,0.0,"[0.578125, 0.0, 0.421875, 1.0]",,,,
long_rvos/976257d833/1/9,long_rvos,976257d833,1,9,hybrid,oracle_identity,box,True,3,7,378,0,0.9799348192338498,0.9934264585045194,0.9866806388691847,0.0,0.0,0.0,0.0,"[0.5625, 0.0, 0.4375, 1.0]",,,,
long_rvos/976257d833/1/2,long_rvos,976257d833,1,2,static,oracle_identity,point,True,0,1,94,0,0.9948288923289746,1.0,0.9974144461644874,0.0,0.0,0.0,0.0,,1,[],[],
long_rvos/976257d833/1/2,long_rvos,976257d833,1,2,static,oracle_identity,point,True,1,3,189,0,0.9529566271551724,0.9241283388359676,0.93854248299557,0.0,0.0,0.0,0.0,,2,[],[],
long_rvos/976257d833/1/2,long_rvos,976257d833,1,2,static,oracle_identity,point,True,2,5,283,0,0.9917668694299052,0.9809312638580931,0.9863490666439991,0.0,0.0,0.0,0.0,,3,[],[],
long_rvos/976257d833/1/2,long_rvos,976257d833,1,2,static,oracle_identity,point,True,3,7,378,0,0.9799348192338498,0.9934264585045194,0.9866806388691847,0.0,0.0,0.0,0.0,,4,[],[],
long_rvos/976257d833/1/2,long_rvos,976257d833,1,2,static,oracle_identity,box,True,0,1,94,0,0.9948288923289746,1.0,0.9974144461644874,0.0,0.0,0.0,0.0,"[0.6421875, 0.4527777777777778, 0.3578125, 0.5472222222222223]",,,,
long_rvos/976257d833/1/2,long_rvos,976257d833,1,2,static,oracle_identity,box,True,1,3,189,0,0.9529566271551724,0.9241283388359676,0.93854248299557,0.9323896191439164,0.8124054094179535,0.8723975142809349,0.974022787028922,"[0.603125, 0.0, 0.396875, 0.6305555555555555]",,,,0
long_rvos/976257d833/1/2,long_rvos,976257d833,1,2,static,oracle_identity,box,True,2,5,283,0,0.9917668694299052,0.9809312638580931,0.9863490666439991,0.0,0.0,0.0,0.0,"[0.578125, 0.0, 0.421875, 1.0]",,,,
long_rvos/976257d833/1/2,long_rvos,976257d833,1,2,static,oracle_identity,box,True,3,7,378,0,0.9799348192338498,0.9934264585045194,0.9866806388691847,0.0,0.0,0.0,0.0,"[0.5625, 0.0, 0.4375, 1.0]",,,,
long_rvos/046ee6aa1a/2/5,long_rvos,046ee6aa1a,2,5,dynamic,oracle_identity,point,True,0,1,115,0,0.6644952723560439,0.09843636970674975,0.3814658210313968,0.0,0.0,0.0,0.0,,1,[],[],
long_rvos/046ee6aa1a/2/5,long_rvos,046ee6aa1a,2,5,dynamic,oracle_identity,point,True,1,3,230,0,1.0,1.0,1.0,1.0,1.0,1.0,1.0,,2,[],[],
long_rvos/046ee6aa1a/2/5,long_rvos,046ee6aa1a,2,5,dynamic,oracle_identity,point,True,2,5,345,0,1.0,1.0,1.0,1.0,1.0,1.0,1.0,,3,[],[],
long_rvos/046ee6aa1a/2/5,long_rvos,046ee6aa1a,2,5,dynamic,oracle_identity,point,True,3,7,460,0,0.8442584517278567,0.7137912076724157,0.7790248297001362,0.0,0.0,0.0,0.0,,4,[],[],
long_rvos/046ee6aa1a/2/5,long_rvos,046ee6aa1a,2,5,dynamic,oracle_identity,box,True,0,1,115,0,0.6644952723560439,0.09843636970674975,0.3814658210313968,0.0,0.0,0.0,0.0,"[0.4140625, 0.6916666666666667, 0.4890625, 0.30833333333333335]",,,,
long_rvos/046ee6aa1a/2/5,long_rvos,046ee6aa1a,2,5,dynamic,oracle_identity,box,True,1,3,230,0,1.0,1.0,1.0,1.0,1.0,1.0,1.0,,,,,
long_rvos/046ee6aa1a/2/5,long_rvos,046ee6aa1a,2,5,dynamic,oracle_identity,box,True,2,5,345,0,1.0,1.0,1.0,1.0,1.0,1.0,1.0,,,,,
long_rvos/046ee6aa1a/2/5,long_rvos,046ee6aa1a,2,5,dynamic,oracle_identity,box,True,3,7,460,0,0.8442584517278567,0.7137912076724157,0.7790248297001362,0.0,0.0,0.0,0.0,"[0.1453125, 0.07222222222222222, 0.45, 0.9277777777777778]",,,,
long_rvos/30c20fb4c1/3/11,long_rvos,30c20fb4c1,3,11,dynamic,oracle_identity,point,True,0,1,112,1,0.0,0.0,0.0,0.0,0.0,0.0,1.0,,1,[],[],
long_rvos/30c20fb4c1/3/11,long_rvos,30c20fb4c1,3,11,dynamic,oracle_identity,point,True,1,3,224,1,0.0,0.0,0.0,0.0,0.0,0.0,1.0,,2,[],[],
long_rvos/30c20fb4c1/3/11,long_rvos,30c20fb4c1,3,11,dynamic,oracle_identity,point,True,2,5,336,1,0.0,0.0,0.0,0.0,0.0,0.0,1.0,,3,[],[],
long_rvos/30c20fb4c1/3/11,long_rvos,30c20fb4c1,3,11,dynamic,oracle_identity,point,True,3,7,449,1,0.0,0.0,0.0,0.0,0.0,0.0,1.0,,4,[],[],
long_rvos/30c20fb4c1/3/11,long_rvos,30c20fb4c1,3,11,dynamic,oracle_identity,box,True,0,1,112,1,0.0,0.0,0.0,0.0,0.0,0.0,1.0,,,,,
long_rvos/30c20fb4c1/3/11,long_rvos,30c20fb4c1,3,11,dynamic,oracle_identity,box,True,1,3,224,1,0.0,0.0,0.0,0.0,0.0,0.0,1.0,,,,,
long_rvos/30c20fb4c1/3/11,long_rvos,30c20fb4c1,3,11,dynamic,oracle_identity,box,True,2,5,336,1,0.0,0.0,0.0,0.0,0.0,0.0,1.0,,,,,
long_rvos/30c20fb4c1/3/11,long_rvos,30c20fb4c1,3,11,dynamic,oracle_identity,box,True,3,7,449,1,0.0,0.0,0.0,0.0,0.0,0.0,1.0,,,,,
long_rvos/30c20fb4c1/3/14,long_rvos,30c20fb4c1,3,14,hybrid,oracle_identity,point,True,0,1,112,0,0.0,0.0,0.0,0.0,0.0,0.0,1.0,,1,[],[],
long_rvos/30c20fb4c1/3/14,long_rvos,30c20fb4c1,3,14,hybrid,oracle_identity,point,True,1,3,224,0,8.686399270342462e-05,0.34849338214587444,0.17429012306928893,0.0,0.0,0.0,0.0,,2,[],[],
long_rvos/30c20fb4c1/3/14,long_rvos,30c20fb4c1,3,14,hybrid,oracle_identity,point,True,2,5,336,0,0.0,0.0,0.0,0.0,0.0,0.0,1.0,,3,[],[],
long_rvos/30c20fb4c1/3/14,long_rvos,30c20fb4c1,3,14,hybrid,oracle_identity,point,True,3,7,449,0,0.0,0.0,0.0,0.0,0.0,0.0,1.0,,4,[],[],
long_rvos/30c20fb4c1/3/14,long_rvos,30c20fb4c1,3,14,hybrid,oracle_identity,box,True,0,1,112,0,0.0,0.0,0.0,0.0,0.0,0.0,1.0,,,,,
long_rvos/30c20fb4c1/3/14,long_rvos,30c20fb4c1,3,14,hybrid,oracle_identity,box,True,1,3,224,0,8.686399270342462e-05,0.34849338214587444,0.17429012306928893,0.0,0.0,0.0,0.0,"[0.0, 0.0, 0.254, 0.3155080213903743]",,,,
long_rvos/30c20fb4c1/3/14,long_rvos,30c20fb4c1,3,14,hybrid,oracle_identity,box,True,2,5,336,0,0.0,0.0,0.0,0.0,0.0,0.0,1.0,,,,,
long_rvos/30c20fb4c1/3/14,long_rvos,30c20fb4c1,3,14,hybrid,oracle_identity,box,True,3,7,449,0,0.0,0.0,0.0,0.0,0.0,0.0,1.0,,,,,
long_rvos/30c20fb4c1/3/8,long_rvos,30c20fb4c1,3,8,static,oracle_identity,point,True,0,1,112,2,0.05526110873879079,0.36427566807313644,0.20976838840596362,0.0,0.0,0.0,0.0,,1,[],[],
long_rvos/30c20fb4c1/3/8,long_rvos,30c20fb4c1,3,8,static,oracle_identity,point,True,1,3,224,2,0.00015201528839471856,0.34483977481399747,0.17249589505119609,0.0,0.0,0.0,0.0,,2,[],[],
long_rvos/30c20fb4c1/3/8,long_rvos,30c20fb4c1,3,8,static,oracle_identity,point,True,2,5,336,2,0.0,0.0,0.0,0.0,0.0,0.0,1.0,,3,[],[],
long_rvos/30c20fb4c1/3/8,long_rvos,30c20fb4c1,3,8,static,oracle_identity,point,True,3,7,449,2,0.0,0.0,0.0,0.0,0.0,0.0,1.0,,4,[],[],
long_rvos/30c20fb4c1/3/8,long_rvos,30c20fb4c1,3,8,static,oracle_identity,box,True,0,1,112,2,0.05526110873879079,0.36427566807313644,0.20976838840596362,0.0,0.0,0.0,0.0,"[0.0, 0.0, 0.224, 0.6818181818181818]",,,,
long_rvos/30c20fb4c1/3/8,long_rvos,30c20fb4c1,3,8,static,oracle_identity,box,True,1,3,224,2,0.00015201528839471856,0.34483977481399747,0.17249589505119609,0.0,0.0,0.0,0.0,"[0.0, 0.0, 0.254, 0.3155080213903743]",,,,
long_rvos/30c20fb4c1/3/8,long_rvos,30c20fb4c1,3,8,static,oracle_identity,box,True,2,5,336,2,0.0,0.0,0.0,0.0,0.0,0.0,1.0,,,,,
long_rvos/30c20fb4c1/3/8,long_rvos,30c20fb4c1,3,8,static,oracle_identity,box,True,3,7,449,2,0.0,0.0,0.0,0.0,0.0,0.0,1.0,,,,,
long_rvos/1088228079/1/8,long_rvos,1088228079,1,8,hybrid,oracle_identity,point,True,0,1,58,1,0.9809138756852246,1.0,0.9904569378426122,0.0,0.0,0.0,0.0,,1,[],[],
long_rvos/1088228079/1/8,long_rvos,1088228079,1,8,hybrid,oracle_identity,point,True,1,3,117,1,0.9717216142388373,1.0,0.9858608071194186,0.0,0.0,0.0,0.0,,2,[],[],
long_rvos/1088228079/1/8,long_rvos,1088228079,1,8,hybrid,oracle_identity,point,True,2,5,175,1,0.9829562097246631,1.0,0.9914781048623316,0.0,0.0,0.0,0.0,,3,[],[],
long_rvos/1088228079/1/8,long_rvos,1088228079,1,8,hybrid,oracle_identity,point,True,3,7,234,1,0.0,0.0,0.0,0.0,0.0,0.0,1.0,,4,[],[],
long_rvos/1088228079/1/8,long_rvos,1088228079,1,8,hybrid,oracle_identity,box,True,0,1,58,1,0.9809138756852246,1.0,0.9904569378426122,0.0,0.0,0.0,0.0,"[0.2765625, 0.23472222222222222, 0.25859375, 0.7055555555555556]",,,,
long_rvos/1088228079/1/8,long_rvos,1088228079,1,8,hybrid,oracle_identity,box,True,1,3,117,1,0.9717216142388373,1.0,0.9858608071194186,0.0,0.0,0.0,0.0,"[0.14375, 0.26944444444444443, 0.28046875, 0.6708333333333333]",,,,
long_rvos/1088228079/1/8,long_rvos,1088228079,1,8,hybrid,oracle_identity,box,True,2,5,175,1,0.9829562097246631,1.0,0.9914781048623316,0.8662689173457508,0.9016831665439279,0.8839760419448394,0.872136006122881,"[0.128125, 0.22083333333333333, 0.39453125, 0.6583333333333333]",,,,0
long_rvos/1088228079/1/8,long_rvos,1088228079,1,8,hybrid,oracle_identity,box,True,3,7,234,1,0.0,0.0,0.0,0.0,0.0,0.0,1.0,,,,,
long_rvos/1a5dead3e3/1/1,long_rvos,1a5dead3e3,1,1,dynamic,oracle_identity,point,True,0,1,107,0,0.6522087200410771,0.7087482779936748,0.680478499017376,0.0,0.0,0.0,0.0,,1,[],[],
long_rvos/1a5dead3e3/1/1,long_rvos,1a5dead3e3,1,1,dynamic,oracle_identity,point,True,1,3,214,0,0.8898448101882459,0.7824514241353119,0.8361481171617788,0.0,0.0,0.0,0.0,,2,[],[],
long_rvos/1a5dead3e3/1/1,long_rvos,1a5dead3e3,1,1,dynamic,oracle_identity,point,True,2,5,321,0,0.9572543939916102,0.8839976772696537,0.920626035630632,0.0,0.0,0.0,0.0,,3,[],[],
long_rvos/1a5dead3e3/1/1,long_rvos,1a5dead3e3,1,1,dynamic,oracle_identity,point,True,3,7,428,0,0.8912502351698288,0.8838180570909665,0.8875341461303976,0.0,0.0,0.0,0.0,,4,[],[],
long_rvos/1a5dead3e3/1/1,long_rvos,1a5dead3e3,1,1,dynamic,oracle_identity,box,True,0,1,107,0,0.6522087200410771,0.7087482779936748,0.680478499017376,0.0,0.0,0.0,0.0,"[0.084375, 0.1608084358523726, 0.7265625, 0.5518453427065027]",,,,
long_rvos/1a5dead3e3/1/1,long_rvos,1a5dead3e3,1,1,dynamic,oracle_identity,box,True,1,3,214,0,0.8898448101882459,0.7824514241353119,0.8361481171617788,0.9118086084336801,0.7869543348110546,0.8493814716223673,0.932057381613077,"[0.0, 0.12917398945518455, 0.7984375, 0.6203866432337434]",,,,0
long_rvos/1a5dead3e3/1/1,long_rvos,1a5dead3e3,1,1,dynamic,oracle_identity,box,True,2,5,321,0,0.9572543939916102,0.8839976772696537,0.920626035630632,0.9115245360898533,0.7904891494424597,0.8510068427661566,0.9327511546477198,"[0.0, 0.0, 0.821875, 0.7434094903339191]",,,,0
long_rvos/1a5dead3e3/1/1,long_rvos,1a5dead3e3,1,1,dynamic,oracle_identity,box,True,3,7,428,0,0.8912502351698288,0.8838180570909665,0.8875341461303976,0.0,0.0,0.0,0.0,"[0.171875, 0.08787346221441125, 0.8, 0.6731107205623902]",,,,
long_rvos/1a5dead3e3/1/0,long_rvos,1a5dead3e3,1,0,static,oracle_identity,point,True,0,1,107,0,0.6522087200410771,0.7087482779936748,0.680478499017376,0.0,0.0,0.0,0.0,,1,[],[],
long_rvos/1a5dead3e3/1/0,long_rvos,1a5dead3e3,1,0,static,oracle_identity,point,True,1,3,214,0,0.8898448101882459,0.7824514241353119,0.8361481171617788,0.0,0.0,0.0,0.0,,2,[],[],
long_rvos/1a5dead3e3/1/0,long_rvos,1a5dead3e3,1,0,static,oracle_identity,point,True,2,5,321,0,0.9572543939916102,0.8839976772696537,0.920626035630632,0.0,0.0,0.0,0.0,,3,[],[],
long_rvos/1a5dead3e3/1/0,long_rvos,1a5dead3e3,1,0,static,oracle_identity,point,True,3,7,428,0,0.8912502351698288,0.8838180570909665,0.8875341461303976,0.0,0.0,0.0,0.0,,4,[],[],
long_rvos/1a5dead3e3/1/0,long_rvos,1a5dead3e3,1,0,static,oracle_identity,box,True,0,1,107,0,0.6522087200410771,0.7087482779936748,0.680478499017376,0.0,0.0,0.0,0.0,"[0.084375, 0.1608084358523726, 0.7265625, 0.5518453427065027]",,,,
long_rvos/1a5dead3e3/1/0,long_rvos,1a5dead3e3,1,0,static,oracle_identity,box,True,1,3,214,0,0.8898448101882459,0.7824514241353119,0.8361481171617788,0.9118086084336801,0.7869543348110546,0.8493814716223673,0.932057381613077,"[0.0, 0.12917398945518455, 0.7984375, 0.6203866432337434]",,,,0
long_rvos/1a5dead3e3/1/0,long_rvos,1a5dead3e3,1,0,static,oracle_identity,box,True,2,5,321,0,0.9572543939916102,0.8839976772696537,0.920626035630632,0.9115245360898533,0.7904891494424597,0.8510068427661566,0.9327511546477198,"[0.0, 0.0, 0.821875, 0.7434094903339191]",,,,0
long_rvos/1a5dead3e3/1/0,long_rvos,1a5dead3e3,1,0,static,oracle_identity,box,True,3,7,428,0,0.8912502351698288,0.8838180570909665,0.8875341461303976,0.0,0.0,0.0,0.0,"[0.171875, 0.08787346221441125, 0.8, 0.6731107205623902]",,,,
long_rvos/8086f00d3d/2/7,long_rvos,8086f00d3d,2,7,dynamic,oracle_identity,point,True,0,1,134,0,0.9925612437322395,0.9731376285113202,0.9828494361217799,0.0,0.0,0.0,0.0,,1,[],[],
long_rvos/8086f00d3d/2/7,long_rvos,8086f00d3d,2,7,dynamic,oracle_identity,point,True,1,3,269,0,0.9881148494578622,0.9279568016240668,0.9580358255409644,0.0,0.0,0.0,0.0,,2,[],[],
long_rvos/8086f00d3d/2/7,long_rvos,8086f00d3d,2,7,dynamic,oracle_identity,point,True,2,5,404,0,0.9915015254906112,0.999507631708518,0.9955045785995646,0.0,0.0,0.0,0.0,,3,[],[],
long_rvos/8086f00d3d/2/7,long_rvos,8086f00d3d,2,7,dynamic,oracle_identity,point,True,3,7,539,0,0.9851734703963626,0.9087358545696682,0.9469546624830154,0.0,0.0,0.0,0.0,,4,[],[],
long_rvos/8086f00d3d/2/7,long_rvos,8086f00d3d,2,7,dynamic,oracle_identity,box,True,0,1,134,0,0.9925612437322395,0.9731376285113202,0.9828494361217799,0.0,0.0,0.0,0.0,"[0.0, 0.0, 0.8015625, 0.7138888888888889]",,,,
long_rvos/8086f00d3d/2/7,long_rvos,8086f00d3d,2,7,dynamic,oracle_identity,box,True,1,3,269,0,0.9881148494578622,0.9279568016240668,0.9580358255409644,0.0,0.0,0.0,0.0,"[0.0, 0.0, 0.771875, 0.7138888888888889]",,,,
long_rvos/8086f00d3d/2/7,long_rvos,8086f00d3d,2,7,dynamic,oracle_identity,box,True,2,5,404,0,0.9915015254906112,0.999507631708518,0.9955045785995646,0.0,0.0,0.0,0.0,"[0.0, 0.0, 0.7640625, 0.6805555555555556]",,,,
long_rvos/8086f00d3d/2/7,long_rvos,8086f00d3d,2,7,dynamic,oracle_identity,box,True,3,7,539,0,0.9851734703963626,0.9087358545696682,0.9469546624830154,0.0,0.0,0.0,0.0,"[0.0, 0.0, 0.759375, 0.7472222222222222]",,,,
long_rvos/8086f00d3d/2/11,long_rvos,8086f00d3d,2,11,hybrid,oracle_identity,point,True,0,1,134,0,0.9925612437322395,0.9731376285113202,0.9828494361217799,0.0,0.0,0.0,0.0,,1,[],[],
long_rvos/8086f00d3d/2/11,long_rvos,8086f00d3d,2,11,hybrid,oracle_identity,point,True,1,3,269,0,0.9881148494578622,0.9279568016240668,0.9580358255409644,0.0,0.0,0.0,0.0,,2,[],[],
long_rvos/8086f00d3d/2/11,long_rvos,8086f00d3d,2,11,hybrid,oracle_identity,point,True,2,5,404,0,0.9915015254906112,0.999507631708518,0.9955045785995646,0.0,0.0,0.0,0.0,,3,[],[],
long_rvos/8086f00d3d/2/11,long_rvos,8086f00d3d,2,11,hybrid,oracle_identity,point,True,3,7,539,0,0.9851734703963626,0.9087358545696682,0.9469546624830154,0.0,0.0,0.0,0.0,,4,[],[],
long_rvos/8086f00d3d/2/11,long_rvos,8086f00d3d,2,11,hybrid,oracle_identity,box,True,0,1,134,0,0.9925612437322395,0.9731376285113202,0.9828494361217799,0.0,0.0,0.0,0.0,"[0.0, 0.0, 0.8015625, 0.7138888888888889]",,,,
long_rvos/8086f00d3d/2/11,long_rvos,8086f00d3d,2,11,hybrid,oracle_identity,box,True,1,3,269,0,0.9881148494578622,0.9279568016240668,0.9580358255409644,0.0,0.0,0.0,0.0,"[0.0, 0.0, 0.771875, 0.7138888888888889]",,,,
long_rvos/8086f00d3d/2/11,long_rvos,8086f00d3d,2,11,hybrid,oracle_identity,box,True,2,5,404,0,0.9915015254906112,0.999507631708518,0.9955045785995646,0.0,0.0,0.0,0.0,"[0.0, 0.0, 0.7640625, 0.6805555555555556]",,,,
long_rvos/8086f00d3d/2/11,long_rvos,8086f00d3d,2,11,hybrid,oracle_identity,box,True,3,7,539,0,0.9851734703963626,0.9087358545696682,0.9469546624830154,0.0,0.0,0.0,0.0,"[0.0, 0.0, 0.759375, 0.7472222222222222]",,,,
long_rvos/8086f00d3d/2/6,long_rvos,8086f00d3d,2,6,static,oracle_identity,point,True,0,1,134,0,0.9925612437322395,0.9731376285113202,0.9828494361217799,0.0,0.0,0.0,0.0,,1,[],[],
long_rvos/8086f00d3d/2/6,long_rvos,8086f00d3d,2,6,static,oracle_identity,point,True,1,3,269,0,0.9881148494578622,0.9279568016240668,0.9580358255409644,0.0,0.0,0.0,0.0,,2,[],[],
long_rvos/8086f00d3d/2/6,long_rvos,8086f00d3d,2,6,static,oracle_identity,point,True,2,5,404,0,0.9915015254906112,0.999507631708518,0.9955045785995646,0.0,0.0,0.0,0.0,,3,[],[],
long_rvos/8086f00d3d/2/6,long_rvos,8086f00d3d,2,6,static,oracle_identity,point,True,3,7,539,0,0.9851734703963626,0.9087358545696682,0.9469546624830154,0.0,0.0,0.0,0.0,,4,[],[],
long_rvos/8086f00d3d/2/6,long_rvos,8086f00d3d,2,6,static,oracle_identity,box,True,0,1,134,0,0.9925612437322395,0.9731376285113202,0.9828494361217799,0.0,0.0,0.0,0.0,"[0.0, 0.0, 0.8015625, 0.7138888888888889]",,,,
long_rvos/8086f00d3d/2/6,long_rvos,8086f00d3d,2,6,static,oracle_identity,box,True,1,3,269,0,0.9881148494578622,0.9279568016240668,0.9580358255409644,0.0,0.0,0.0,0.0,"[0.0, 0.0, 0.771875, 0.7138888888888889]",,,,
long_rvos/8086f00d3d/2/6,long_rvos,8086f00d3d,2,6,static,oracle_identity,box,True,2,5,404,0,0.9915015254906112,0.999507631708518,0.9955045785995646,0.0,0.0,0.0,0.0,"[0.0, 0.0, 0.7640625, 0.6805555555555556]",,,,
long_rvos/8086f00d3d/2/6,long_rvos,8086f00d3d,2,6,static,oracle_identity,box,True,3,7,539,0,0.9851734703963626,0.9087358545696682,0.9469546624830154,0.0,0.0,0.0,0.0,"[0.0, 0.0, 0.759375, 0.7472222222222222]",,,,
long_rvos/a3f2b5d434/2/11,long_rvos,a3f2b5d434,2,11,dynamic,predicted_static,box,False,0,1,58,2,0.9715291929644065,1.0,0.9857645964822033,0.948151196284757,0.9574839836924869,0.952817589988622,0.9576503819223424,"[0.196875, 0.33055555555555555, 0.32109375, 0.4222222222222222]",,,,0
long_rvos/a3f2b5d434/2/11,long_rvos,a3f2b5d434,2,11,dynamic,predicted_static,box,False,1,3,117,2,0.9688027659403393,1.0,0.9844013829701697,0.9608016386200249,1.0,0.9804008193100124,0.9847990416787146,"[0.365625, 0.2638888888888889, 0.140625, 0.275]",,,,0
long_rvos/a3f2b5d434/2/11,long_rvos,a3f2b5d434,2,11,dynamic,predicted_static,box,False,2,5,175,2,0.9800395051460651,1.0,0.9900197525730325,0.9756059298768531,1.0,0.9878029649384266,0.9824584472964444,"[0.29296875, 0.38472222222222224, 0.35625, 0.20416666666666666]",,,,0
long_rvos/a3f2b5d434/2/11,long_rvos,a3f2b5d434,2,11,dynamic,predicted_static,box,False,3,7,234,2,0.9600564299742745,1.0,0.9800282149871373,0.9539306729133551,1.0,0.9769653364566775,0.9748864846684231,"[0.29921875, 0.37916666666666665, 0.33984375, 0.23194444444444445]",,,,0
long_rvos/a3f2b5d434/2/11,long_rvos,a3f2b5d434,2,11,dynamic,oracle_identity,point,True,0,1,58,2,0.9715291929644065,1.0,0.9857645964822033,0.0,0.0,0.0,0.0,,1,[],[],
long_rvos/a3f2b5d434/2/11,long_rvos,a3f2b5d434,2,11,dynamic,oracle_identity,point,True,1,3,117,2,0.9688027659403393,1.0,0.9844013829701697,0.0,0.0,0.0,0.0,,2,[],[],
long_rvos/a3f2b5d434/2/11,long_rvos,a3f2b5d434,2,11,dynamic,oracle_identity,point,True,2,5,175,2,0.9800395051460651,1.0,0.9900197525730325,0.0,0.0,0.0,0.0,,3,[],[],
long_rvos/a3f2b5d434/2/11,long_rvos,a3f2b5d434,2,11,dynamic,oracle_identity,point,True,3,7,234,2,0.9600564299742745,1.0,0.9800282149871373,0.0,0.0,0.0,0.0,,4,[],[],
long_rvos/a3f2b5d434/2/11,long_rvos,a3f2b5d434,2,11,dynamic,oracle_identity,box,True,0,1,58,2,0.9715291929644065,1.0,0.9857645964822033,0.948151196284757,0.9574839836924869,0.952817589988622,0.9576503819223424,"[0.196875, 0.33055555555555555, 0.32109375, 0.4222222222222222]",,,,0
long_rvos/a3f2b5d434/2/11,long_rvos,a3f2b5d434,2,11,dynamic,oracle_identity,box,True,1,3,117,2,0.9688027659403393,1.0,0.9844013829701697,0.9608016386200249,1.0,0.9804008193100124,0.9847990416787146,"[0.365625, 0.2638888888888889, 0.140625, 0.275]",,,,0
long_rvos/a3f2b5d434/2/11,long_rvos,a3f2b5d434,2,11,dynamic,oracle_identity,box,True,2,5,175,2,0.9800395051460651,1.0,0.9900197525730325,0.9756059298768531,1.0,0.9878029649384266,0.9824584472964444,"[0.29296875, 0.38472222222222224, 0.35625, 0.20416666666666666]",,,,0
long_rvos/a3f2b5d434/2/11,long_rvos,a3f2b5d434,2,11,dynamic,oracle_identity,box,True,3,7,234,2,0.9600564299742745,1.0,0.9800282149871373,0.9539306729133551,1.0,0.9769653364566775,0.9748864846684231,"[0.29921875, 0.37916666666666665, 0.33984375, 0.23194444444444445]",,,,0
long_rvos/a3f2b5d434/2/7,long_rvos,a3f2b5d434,2,7,dynamic,predicted_static,box,False,0,1,58,2,0.9715291929644065,1.0,0.9857645964822033,0.948151196284757,0.9574839836924869,0.952817589988622,0.9576503819223424,"[0.196875, 0.33055555555555555, 0.32109375, 0.4222222222222222]",,,,0
long_rvos/a3f2b5d434/2/7,long_rvos,a3f2b5d434,2,7,dynamic,predicted_static,box,False,1,3,117,2,0.9688027659403393,1.0,0.9844013829701697,0.9608016386200249,1.0,0.9804008193100124,0.9847990416787146,"[0.365625, 0.2638888888888889, 0.140625, 0.275]",,,,0
long_rvos/a3f2b5d434/2/7,long_rvos,a3f2b5d434,2,7,dynamic,predicted_static,box,False,2,5,175,2,0.9800395051460651,1.0,0.9900197525730325,0.9756059298768531,1.0,0.9878029649384266,0.9824584472964444,"[0.29296875, 0.38472222222222224, 0.35625, 0.20416666666666666]",,,,0
long_rvos/a3f2b5d434/2/7,long_rvos,a3f2b5d434,2,7,dynamic,predicted_static,box,False,3,7,234,2,0.9600564299742745,1.0,0.9800282149871373,0.9539306729133551,1.0,0.9769653364566775,0.9748864846684231,"[0.29921875, 0.37916666666666665, 0.33984375, 0.23194444444444445]",,,,0
long_rvos/a3f2b5d434/2/7,long_rvos,a3f2b5d434,2,7,dynamic,oracle_identity,point,True,0,1,58,2,0.9715291929644065,1.0,0.9857645964822033,0.0,0.0,0.0,0.0,,1,[],[],
long_rvos/a3f2b5d434/2/7,long_rvos,a3f2b5d434,2,7,dynamic,oracle_identity,point,True,1,3,117,2,0.9688027659403393,1.0,0.9844013829701697,0.0,0.0,0.0,0.0,,2,[],[],
long_rvos/a3f2b5d434/2/7,long_rvos,a3f2b5d434,2,7,dynamic,oracle_identity,point,True,2,5,175,2,0.9800395051460651,1.0,0.9900197525730325,0.0,0.0,0.0,0.0,,3,[],[],
long_rvos/a3f2b5d434/2/7,long_rvos,a3f2b5d434,2,7,dynamic,oracle_identity,point,True,3,7,234,2,0.9600564299742745,1.0,0.9800282149871373,0.0,0.0,0.0,0.0,,4,[],[],
long_rvos/a3f2b5d434/2/7,long_rvos,a3f2b5d434,2,7,dynamic,oracle_identity,box,True,0,1,58,2,0.9715291929644065,1.0,0.9857645964822033,0.948151196284757,0.9574839836924869,0.952817589988622,0.9576503819223424,"[0.196875, 0.33055555555555555, 0.32109375, 0.4222222222222222]",,,,0
long_rvos/a3f2b5d434/2/7,long_rvos,a3f2b5d434,2,7,dynamic,oracle_identity,box,True,1,3,117,2,0.9688027659403393,1.0,0.9844013829701697,0.9608016386200249,1.0,0.9804008193100124,0.9847990416787146,"[0.365625, 0.2638888888888889, 0.140625, 0.275]",,,,0
long_rvos/a3f2b5d434/2/7,long_rvos,a3f2b5d434,2,7,dynamic,oracle_identity,box,True,2,5,175,2,0.9800395051460651,1.0,0.9900197525730325,0.9756059298768531,1.0,0.9878029649384266,0.9824584472964444,"[0.29296875, 0.38472222222222224, 0.35625, 0.20416666666666666]",,,,0
long_rvos/a3f2b5d434/2/7,long_rvos,a3f2b5d434,2,7,dynamic,oracle_identity,box,True,3,7,234,2,0.9600564299742745,1.0,0.9800282149871373,0.9539306729133551,1.0,0.9769653364566775,0.9748864846684231,"[0.29921875, 0.37916666666666665, 0.33984375, 0.23194444444444445]",,,,0
long_rvos/a3f2b5d434/2/9,long_rvos,a3f2b5d434,2,9,dynamic,predicted_static,point,False,0,1,58,2,0.9715291929644065,1.0,0.9857645964822033,0.0,0.0,0.0,0.0,,1,[],[],
long_rvos/a3f2b5d434/2/9,long_rvos,a3f2b5d434,2,9,dynamic,predicted_static,point,False,1,3,117,2,0.9688027659403393,1.0,0.9844013829701697,0.0,0.0,0.0,0.0,,2,[],[],
long_rvos/a3f2b5d434/2/9,long_rvos,a3f2b5d434,2,9,dynamic,predicted_static,point,False,2,5,175,2,0.9800395051460651,1.0,0.9900197525730325,0.0,0.0,0.0,0.0,,3,[],[],
long_rvos/a3f2b5d434/2/9,long_rvos,a3f2b5d434,2,9,dynamic,predicted_static,point,False,3,7,234,2,0.9600564299742745,1.0,0.9800282149871373,0.0,0.0,0.0,0.0,,4,[],[],
long_rvos/a3f2b5d434/2/9,long_rvos,a3f2b5d434,2,9,dynamic,predicted_static,box,False,0,1,58,2,0.9715291929644065,1.0,0.9857645964822033,0.948151196284757,0.9574839836924869,0.952817589988622,0.9576503819223424,"[0.196875, 0.33055555555555555, 0.32109375, 0.4222222222222222]",,,,0
long_rvos/a3f2b5d434/2/9,long_rvos,a3f2b5d434,2,9,dynamic,predicted_static,box,False,1,3,117,2,0.9688027659403393,1.0,0.9844013829701697,0.9608016386200249,1.0,0.9804008193100124,0.9847990416787146,"[0.365625, 0.2638888888888889, 0.140625, 0.275]",,,,0
long_rvos/a3f2b5d434/2/9,long_rvos,a3f2b5d434,2,9,dynamic,predicted_static,box,False,2,5,175,2,0.9800395051460651,1.0,0.9900197525730325,0.9756059298768531,1.0,0.9878029649384266,0.9824584472964444,"[0.29296875, 0.38472222222222224, 0.35625, 0.20416666666666666]",,,,0
long_rvos/a3f2b5d434/2/9,long_rvos,a3f2b5d434,2,9,dynamic,predicted_static,box,False,3,7,234,2,0.9600564299742745,1.0,0.9800282149871373,0.9539306729133551,1.0,0.9769653364566775,0.9748864846684231,"[0.29921875, 0.37916666666666665, 0.33984375, 0.23194444444444445]",,,,0
long_rvos/a3f2b5d434/2/9,long_rvos,a3f2b5d434,2,9,dynamic,oracle_identity,point,True,0,1,58,2,0.9715291929644065,1.0,0.9857645964822033,0.0,0.0,0.0,0.0,,1,[],[],
long_rvos/a3f2b5d434/2/9,long_rvos,a3f2b5d434,2,9,dynamic,oracle_identity,point,True,1,3,117,2,0.9688027659403393,1.0,0.9844013829701697,0.0,0.0,0.0,0.0,,2,[],[],
long_rvos/a3f2b5d434/2/9,long_rvos,a3f2b5d434,2,9,dynamic,oracle_identity,point,True,2,5,175,2,0.9800395051460651,1.0,0.9900197525730325,0.0,0.0,0.0,0.0,,3,[],[],
long_rvos/a3f2b5d434/2/9,long_rvos,a3f2b5d434,2,9,dynamic,oracle_identity,point,True,3,7,234,2,0.9600564299742745,1.0,0.9800282149871373,0.0,0.0,0.0,0.0,,4,[],[],
long_rvos/a3f2b5d434/2/9,long_rvos,a3f2b5d434,2,9,dynamic,oracle_identity,box,True,0,1,58,2,0.9715291929644065,1.0,0.9857645964822033,0.948151196284757,0.9574839836924869,0.952817589988622,0.9576503819223424,"[0.196875, 0.33055555555555555, 0.32109375, 0.4222222222222222]",,,,0
long_rvos/a3f2b5d434/2/9,long_rvos,a3f2b5d434,2,9,dynamic,oracle_identity,box,True,1,3,117,2,0.9688027659403393,1.0,0.9844013829701697,0.9608016386200249,1.0,0.9804008193100124,0.9847990416787146,"[0.365625, 0.2638888888888889, 0.140625, 0.275]",,,,0
long_rvos/a3f2b5d434/2/9,long_rvos,a3f2b5d434,2,9,dynamic,oracle_identity,box,True,2,5,175,2,0.9800395051460651,1.0,0.9900197525730325,0.9756059298768531,1.0,0.9878029649384266,0.9824584472964444,"[0.29296875, 0.38472222222222224, 0.35625, 0.20416666666666666]",,,,0
long_rvos/a3f2b5d434/2/9,long_rvos,a3f2b5d434,2,9,dynamic,oracle_identity,box,True,3,7,234,2,0.9600564299742745,1.0,0.9800282149871373,0.9539306729133551,1.0,0.9769653364566775,0.9748864846684231,"[0.29921875, 0.37916666666666665, 0.33984375, 0.23194444444444445]",,,,0
long_rvos/a3f2b5d434/2/15,long_rvos,a3f2b5d434,2,15,hybrid,predicted_static,point,False,0,1,58,0,0.9682156389265171,1.0,0.9841078194632585,0.0,0.0,0.0,0.0,,1,[],[],
long_rvos/a3f2b5d434/2/15,long_rvos,a3f2b5d434,2,15,hybrid,predicted_static,point,False,1,3,117,0,0.9732734058349051,1.0,0.9866367029174525,0.0,0.0,0.0,0.0,,2,[],[],
long_rvos/a3f2b5d434/2/15,long_rvos,a3f2b5d434,2,15,hybrid,predicted_static,point,False,2,5,175,0,0.9783265738420603,1.0,0.9891632869210302,0.0,0.0,0.0,0.0,,3,[],[],
long_rvos/a3f2b5d434/2/15,long_rvos,a3f2b5d434,2,15,hybrid,predicted_static,point,False,3,7,234,0,0.7934506684718227,0.7987789329435054,0.796114800707664,0.0,0.0,0.0,0.0,,4,[],[],
long_rvos/a3f2b5d434/2/15,long_rvos,a3f2b5d434,2,15,hybrid,predicted_static,box,False,0,1,58,0,0.9682156389265171,1.0,0.9841078194632585,0.9442090120912873,0.9648300117233294,0.9545195119073083,0.9477749100578758,"[0.19609375, 0.3263888888888889, 0.32265625, 0.42777777777777776]",,,,0
long_rvos/a3f2b5d434/2/15,long_rvos,a3f2b5d434,2,15,hybrid,predicted_static,box,False,1,3,117,0,0.9732734058349051,1.0,0.9866367029174525,0.9637349397590361,1.0,0.981867469879518,0.9802893086915543,"[0.3640625, 0.2625, 0.1421875, 0.2763888888888889]",,,,0
long_rvos/a3f2b5d434/2/15,long_rvos,a3f2b5d434,2,15,hybrid,predicted_static,box,False,2,5,175,0,0.9783265738420603,1.0,0.9891632869210302,0.9762408844977652,1.0,0.9881204422488826,0.9737109242822561,"[0.2921875, 0.38333333333333336, 0.3578125, 0.20555555555555555]",,,,0
long_rvos/a3f2b5d434/2/15,long_rvos,a3f2b5d434,2,15,hybrid,predicted_static,box,False,3,7,234,0,0.7934506684718227,0.7987789329435054,0.796114800707664,0.7882069454287739,0.7988308653871397,0.7935189054079568,0.9781766983456529,"[0.4296875, 0.37777777777777777, 0.209375, 0.23194444444444445]",,,,0
long_rvos/a3f2b5d434/2/15,long_rvos,a3f2b5d434,2,15,hybrid,oracle_identity,point,True,0,1,58,0,0.9682156389265171,1.0,0.9841078194632585,0.0,0.0,0.0,0.0,,1,[],[],
long_rvos/a3f2b5d434/2/15,long_rvos,a3f2b5d434,2,15,hybrid,oracle_identity,point,True,1,3,117,0,0.9732734058349051,1.0,0.9866367029174525,0.0,0.0,0.0,0.0,,2,[],[],
long_rvos/a3f2b5d434/2/15,long_rvos,a3f2b5d434,2,15,hybrid,oracle_identity,point,True,2,5,175,0,0.9783265738420603,1.0,0.9891632869210302,0.0,0.0,0.0,0.0,,3,[],[],
long_rvos/a3f2b5d434/2/15,long_rvos,a3f2b5d434,2,15,hybrid,oracle_identity,point,True,3,7,234,0,0.7934506684718227,0.7987789329435054,0.796114800707664,0.0,0.0,0.0,0.0,,4,[],[],
long_rvos/a3f2b5d434/2/15,long_rvos,a3f2b5d434,2,15,hybrid,oracle_identity,box,True,0,1,58,0,0.9682156389265171,1.0,0.9841078194632585,0.9442090120912873,0.9648300117233294,0.9545195119073083,0.9477749100578758,"[0.19609375, 0.3263888888888889, 0.32265625, 0.42777777777777776]",,,,0
long_rvos/a3f2b5d434/2/15,long_rvos,a3f2b5d434,2,15,hybrid,oracle_identity,box,True,1,3,117,0,0.9732734058349051,1.0,0.9866367029174525,0.9637349397590361,1.0,0.981867469879518,0.9802893086915543,"[0.3640625, 0.2625, 0.1421875, 0.2763888888888889]",,,,0
long_rvos/a3f2b5d434/2/15,long_rvos,a3f2b5d434,2,15,hybrid,oracle_identity,box,True,2,5,175,0,0.9783265738420603,1.0,0.9891632869210302,0.9762408844977652,1.0,0.9881204422488826,0.9737109242822561,"[0.2921875, 0.38333333333333336, 0.3578125, 0.20555555555555555]",,,,0
long_rvos/a3f2b5d434/2/15,long_rvos,a3f2b5d434,2,15,hybrid,oracle_identity,box,True,3,7,234,0,0.7934506684718227,0.7987789329435054,0.796114800707664,0.7882069454287739,0.7988308653871397,0.7935189054079568,0.9781766983456529,"[0.4296875, 0.37777777777777777, 0.209375, 0.23194444444444445]",,,,0
long_rvos/a3f2b5d434/2/16,long_rvos,a3f2b5d434,2,16,hybrid,predicted_static,point,False,0,1,58,0,0.0,0.0,0.0,0.0,0.0,0.0,1.0,,1,[],[],
long_rvos/a3f2b5d434/2/16,long_rvos,a3f2b5d434,2,16,hybrid,predicted_static,point,False,1,3,117,1,0.9728199775172636,1.0,0.9864099887586317,0.0,0.0,0.0,0.0,,2,[],[],
long_rvos/a3f2b5d434/2/16,long_rvos,a3f2b5d434,2,16,hybrid,predicted_static,point,False,2,5,175,1,0.9802414643645333,1.0,0.9901207321822667,0.0,0.0,0.0,0.0,,3,[],[],
long_rvos/a3f2b5d434/2/16,long_rvos,a3f2b5d434,2,16,hybrid,predicted_static,point,False,3,7,234,1,0.7934439178515008,0.7987447147810566,0.7960943163162787,0.0,0.0,0.0,0.0,,4,[],[],
long_rvos/a3f2b5d434/2/16,long_rvos,a3f2b5d434,2,16,hybrid,predicted_static,box,False,0,1,58,0,0.0,0.0,0.0,0.0,0.0,0.0,1.0,,,,,
long_rvos/a3f2b5d434/2/16,long_rvos,a3f2b5d434,2,16,hybrid,predicted_static,box,False,1,3,117,1,0.9728199775172636,1.0,0.9864099887586317,0.9637349397590361,1.0,0.981867469879518,0.982104744705303,"[0.3640625, 0.2625, 0.1421875, 0.2763888888888889]",,,,0
long_rvos/a3f2b5d434/2/16,long_rvos,a3f2b5d434,2,16,hybrid,predicted_static,box,False,2,5,175,1,0.9802414643645333,1.0,0.9901207321822667,0.9758680192428363,1.0,0.9879340096214182,0.9802702348156893,"[0.2921875, 0.38472222222222224, 0.3578125, 0.20416666666666666]",,,,0
long_rvos/a3f2b5d434/2/16,long_rvos,a3f2b5d434,2,16,hybrid,predicted_static,box,False,3,7,234,1,0.7934439178515008,0.7987447147810566,0.7960943163162787,0.7882069454287739,0.7988308653871397,0.7935189054079568,0.979461706475023,"[0.4296875, 0.37777777777777777, 0.209375, 0.23194444444444445]",,,,0
long_rvos/a3f2b5d434/2/16,long_rvos,a3f2b5d434,2,16,hybrid,oracle_identity,point,True,0,1,58,1,0.0,0.0,0.0,0.0,0.0,0.0,1.0,,1,[],[],
long_rvos/a3f2b5d434/2/16,long_rvos,a3f2b5d434,2,16,hybrid,oracle_identity,point,True,1,3,117,1,0.9728199775172636,1.0,0.9864099887586317,0.0,0.0,0.0,0.0,,2,[],[],
long_rvos/a3f2b5d434/2/16,long_rvos,a3f2b5d434,2,16,hybrid,oracle_identity,point,True,2,5,175,1,0.9802414643645333,1.0,0.9901207321822667,0.0,0.0,0.0,0.0,,3,[],[],
long_rvos/a3f2b5d434/2/16,long_rvos,a3f2b5d434,2,16,hybrid,oracle_identity,point,True,3,7,234,1,0.7934439178515008,0.7987447147810566,0.7960943163162787,0.0,0.0,0.0,0.0,,4,[],[],
long_rvos/a3f2b5d434/2/16,long_rvos,a3f2b5d434,2,16,hybrid,oracle_identity,box,True,0,1,58,1,0.0,0.0,0.0,0.0,0.0,0.0,1.0,,,,,
long_rvos/a3f2b5d434/2/16,long_rvos,a3f2b5d434,2,16,hybrid,oracle_identity,box,True,1,3,117,1,0.9728199775172636,1.0,0.9864099887586317,0.9637349397590361,1.0,0.981867469879518,0.982104744705303,"[0.3640625, 0.2625, 0.1421875, 0.2763888888888889]",,,,0
long_rvos/a3f2b5d434/2/16,long_rvos,a3f2b5d434,2,16,hybrid,oracle_identity,box,True,2,5,175,1,0.9802414643645333,1.0,0.9901207321822667,0.9758680192428363,1.0,0.9879340096214182,0.9802702348156893,"[0.2921875, 0.38472222222222224, 0.3578125, 0.20416666666666666]",,,,0
long_rvos/a3f2b5d434/2/16,long_rvos,a3f2b5d434,2,16,hybrid,oracle_identity,box,True,3,7,234,1,0.7934439178515008,0.7987447147810566,0.7960943163162787,0.7882069454287739,0.7988308653871397,0.7935189054079568,0.979461706475023,"[0.4296875, 0.37777777777777777, 0.209375, 0.23194444444444445]",,,,0
long_rvos/a3f2b5d434/2/17,long_rvos,a3f2b5d434,2,17,hybrid,predicted_static,point,False,0,1,58,0,0.9682156389265171,1.0,0.9841078194632585,0.0,0.0,0.0,0.0,,1,[],[],
long_rvos/a3f2b5d434/2/17,long_rvos,a3f2b5d434,2,17,hybrid,predicted_static,point,False,1,3,117,0,0.9732734058349051,1.0,0.9866367029174525,0.0,0.0,0.0,0.0,,2,[],[],
long_rvos/a3f2b5d434/2/17,long_rvos,a3f2b5d434,2,17,hybrid,predicted_static,point,False,2,5,175,0,0.9783265738420603,1.0,0.9891632869210302,0.0,0.0,0.0,0.0,,3,[],[],
long_rvos/a3f2b5d434/2/17,long_rvos,a3f2b5d434,2,17,hybrid,predicted_static,point,False,3,7,234,0,0.7934506684718227,0.7987789329435054,0.796114800707664,0.0,0.0,0.0,0.0,,4,[],[],
long_rvos/a3f2b5d434/2/17,long_rvos,a3f2b5d434,2,17,hybrid,predicted_static,box,False,0,1,58,0,0.9682156389265171,1.0,0.9841078194632585,0.9442090120912873,0.9648300117233294,0.9545195119073083,0.9477749100578758,"[0.19609375, 0.3263888888888889, 0.32265625, 0.42777777777777776]",,,,0
long_rvos/a3f2b5d434/2/17,long_rvos,a3f2b5d434,2,17,hybrid,predicted_static,box,False,1,3,117,0,0.9732734058349051,1.0,0.9866367029174525,0.9637349397590361,1.0,0.981867469879518,0.9802893086915543,"[0.3640625, 0.2625, 0.1421875, 0.2763888888888889]",,,,0
long_rvos/a3f2b5d434/2/17,long_rvos,a3f2b5d434,2,17,hybrid,predicted_static,box,False,2,5,175,0,0.9783265738420603,1.0,0.9891632869210302,0.9762408844977652,1.0,0.9881204422488826,0.9737109242822561,"[0.2921875, 0.38333333333333336, 0.3578125, 0.20555555555555555]",,,,0
long_rvos/a3f2b5d434/2/17,long_rvos,a3f2b5d434,2,17,hybrid,predicted_static,box,False,3,7,234,0,0.7934506684718227,0.7987789329435054,0.796114800707664,0.7882069454287739,0.7988308653871397,0.7935189054079568,0.9781766983456529,"[0.4296875, 0.37777777777777777, 0.209375, 0.23194444444444445]",,,,0
long_rvos/a3f2b5d434/2/17,long_rvos,a3f2b5d434,2,17,hybrid,oracle_identity,point,True,0,1,58,0,0.9682156389265171,1.0,0.9841078194632585,0.0,0.0,0.0,0.0,,1,[],[],
long_rvos/a3f2b5d434/2/17,long_rvos,a3f2b5d434,2,17,hybrid,oracle_identity,point,True,1,3,117,0,0.9732734058349051,1.0,0.9866367029174525,0.0,0.0,0.0,0.0,,2,[],[],
long_rvos/a3f2b5d434/2/17,long_rvos,a3f2b5d434,2,17,hybrid,oracle_identity,point,True,2,5,175,0,0.9783265738420603,1.0,0.9891632869210302,0.0,0.0,0.0,0.0,,3,[],[],
long_rvos/a3f2b5d434/2/17,long_rvos,a3f2b5d434,2,17,hybrid,oracle_identity,point,True,3,7,234,0,0.7934506684718227,0.7987789329435054,0.796114800707664,0.0,0.0,0.0,0.0,,4,[],[],
long_rvos/a3f2b5d434/2/17,long_rvos,a3f2b5d434,2,17,hybrid,oracle_identity,box,True,0,1,58,0,0.9682156389265171,1.0,0.9841078194632585,0.9442090120912873,0.9648300117233294,0.9545195119073083,0.9477749100578758,"[0.19609375, 0.3263888888888889, 0.32265625, 0.42777777777777776]",,,,0
long_rvos/a3f2b5d434/2/17,long_rvos,a3f2b5d434,2,17,hybrid,oracle_identity,box,True,1,3,117,0,0.9732734058349051,1.0,0.9866367029174525,0.9637349397590361,1.0,0.981867469879518,0.9802893086915543,"[0.3640625, 0.2625, 0.1421875, 0.2763888888888889]",,,,0
long_rvos/a3f2b5d434/2/17,long_rvos,a3f2b5d434,2,17,hybrid,oracle_identity,box,True,2,5,175,0,0.9783265738420603,1.0,0.9891632869210302,0.9762408844977652,1.0,0.9881204422488826,0.9737109242822561,"[0.2921875, 0.38333333333333336, 0.3578125, 0.20555555555555555]",,,,0
long_rvos/a3f2b5d434/2/17,long_rvos,a3f2b5d434,2,17,hybrid,oracle_identity,box,True,3,7,234,0,0.7934506684718227,0.7987789329435054,0.796114800707664,0.7882069454287739,0.7988308653871397,0.7935189054079568,0.9781766983456529,"[0.4296875, 0.37777777777777777, 0.209375, 0.23194444444444445]",,,,0
long_rvos/a3f2b5d434/2/10,long_rvos,a3f2b5d434,2,10,static,predicted_static,point,False,0,1,58,0,0.9682156389265171,1.0,0.9841078194632585,0.0,0.0,0.0,0.0,,1,[],[],
long_rvos/a3f2b5d434/2/10,long_rvos,a3f2b5d434,2,10,static,predicted_static,point,False,1,3,117,0,0.9732734058349051,1.0,0.9866367029174525,0.0,0.0,0.0,0.0,,2,[],[],
long_rvos/a3f2b5d434/2/10,long_rvos,a3f2b5d434,2,10,static,predicted_static,point,False,2,5,175,0,0.9783265738420603,1.0,0.9891632869210302,0.0,0.0,0.0,0.0,,3,[],[],
long_rvos/a3f2b5d434/2/10,long_rvos,a3f2b5d434,2,10,static,predicted_static,point,False,3,7,234,0,0.7934506684718227,0.7987789329435054,0.796114800707664,0.0,0.0,0.0,0.0,,4,[],[],
long_rvos/a3f2b5d434/2/10,long_rvos,a3f2b5d434,2,10,static,predicted_static,box,False,0,1,58,0,0.9682156389265171,1.0,0.9841078194632585,0.9442090120912873,0.9648300117233294,0.9545195119073083,0.9477749100578758,"[0.19609375, 0.3263888888888889, 0.32265625, 0.42777777777777776]",,,,0
long_rvos/a3f2b5d434/2/10,long_rvos,a3f2b5d434,2,10,static,predicted_static,box,False,1,3,117,0,0.9732734058349051,1.0,0.9866367029174525,0.9637349397590361,1.0,0.981867469879518,0.9802893086915543,"[0.3640625, 0.2625, 0.1421875, 0.2763888888888889]",,,,0
long_rvos/a3f2b5d434/2/10,long_rvos,a3f2b5d434,2,10,static,predicted_static,box,False,2,5,175,0,0.9783265738420603,1.0,0.9891632869210302,0.9762408844977652,1.0,0.9881204422488826,0.9737109242822561,"[0.2921875, 0.38333333333333336, 0.3578125, 0.20555555555555555]",,,,0
long_rvos/a3f2b5d434/2/10,long_rvos,a3f2b5d434,2,10,static,predicted_static,box,False,3,7,234,0,0.7934506684718227,0.7987789329435054,0.796114800707664,0.7882069454287739,0.7988308653871397,0.7935189054079568,0.9781766983456529,"[0.4296875, 0.37777777777777777, 0.209375, 0.23194444444444445]",,,,0
long_rvos/a3f2b5d434/2/10,long_rvos,a3f2b5d434,2,10,static,oracle_identity,point,True,0,1,58,0,0.9682156389265171,1.0,0.9841078194632585,0.0,0.0,0.0,0.0,,1,[],[],
long_rvos/a3f2b5d434/2/10,long_rvos,a3f2b5d434,2,10,static,oracle_identity,point,True,1,3,117,0,0.9732734058349051,1.0,0.9866367029174525,0.0,0.0,0.0,0.0,,2,[],[],
long_rvos/a3f2b5d434/2/10,long_rvos,a3f2b5d434,2,10,static,oracle_identity,point,True,2,5,175,0,0.9783265738420603,1.0,0.9891632869210302,0.0,0.0,0.0,0.0,,3,[],[],
long_rvos/a3f2b5d434/2/10,long_rvos,a3f2b5d434,2,10,static,oracle_identity,point,True,3,7,234,0,0.7934506684718227,0.7987789329435054,0.796114800707664,0.0,0.0,0.0,0.0,,4,[],[],
long_rvos/a3f2b5d434/2/10,long_rvos,a3f2b5d434,2,10,static,oracle_identity,box,True,0,1,58,0,0.9682156389265171,1.0,0.9841078194632585,0.9442090120912873,0.9648300117233294,0.9545195119073083,0.9477749100578758,"[0.19609375, 0.3263888888888889, 0.32265625, 0.42777777777777776]",,,,0
long_rvos/a3f2b5d434/2/10,long_rvos,a3f2b5d434,2,10,static,oracle_identity,box,True,1,3,117,0,0.9732734058349051,1.0,0.9866367029174525,0.9637349397590361,1.0,0.981867469879518,0.9802893086915543,"[0.3640625, 0.2625, 0.1421875, 0.2763888888888889]",,,,0
long_rvos/a3f2b5d434/2/10,long_rvos,a3f2b5d434,2,10,static,oracle_identity,box,True,2,5,175,0,0.9783265738420603,1.0,0.9891632869210302,0.9762408844977652,1.0,0.9881204422488826,0.9737109242822561,"[0.2921875, 0.38333333333333336, 0.3578125, 0.20555555555555555]",,,,0
long_rvos/a3f2b5d434/2/10,long_rvos,a3f2b5d434,2,10,static,oracle_identity,box,True,3,7,234,0,0.7934506684718227,0.7987789329435054,0.796114800707664,0.7882069454287739,0.7988308653871397,0.7935189054079568,0.9781766983456529,"[0.4296875, 0.37777777777777777, 0.209375, 0.23194444444444445]",,,,0
long_rvos/a3f2b5d434/2/6,long_rvos,a3f2b5d434,2,6,static,predicted_static,point,False,0,1,58,0,0.9682156389265171,1.0,0.9841078194632585,0.0,0.0,0.0,0.0,,1,[],[],
long_rvos/a3f2b5d434/2/6,long_rvos,a3f2b5d434,2,6,static,predicted_static,point,False,1,3,117,0,0.9732734058349051,1.0,0.9866367029174525,0.0,0.0,0.0,0.0,,2,[],[],
long_rvos/a3f2b5d434/2/6,long_rvos,a3f2b5d434,2,6,static,predicted_static,point,False,2,5,175,0,0.9783265738420603,1.0,0.9891632869210302,0.0,0.0,0.0,0.0,,3,[],[],
long_rvos/a3f2b5d434/2/6,long_rvos,a3f2b5d434,2,6,static,predicted_static,point,False,3,7,234,0,0.7934506684718227,0.7987789329435054,0.796114800707664,0.0,0.0,0.0,0.0,,4,[],[],
long_rvos/a3f2b5d434/2/6,long_rvos,a3f2b5d434,2,6,static,predicted_static,box,False,0,1,58,0,0.9682156389265171,1.0,0.9841078194632585,0.9442090120912873,0.9648300117233294,0.9545195119073083,0.9477749100578758,"[0.19609375, 0.3263888888888889, 0.32265625, 0.42777777777777776]",,,,0
long_rvos/a3f2b5d434/2/6,long_rvos,a3f2b5d434,2,6,static,predicted_static,box,False,1,3,117,0,0.9732734058349051,1.0,0.9866367029174525,0.9637349397590361,1.0,0.981867469879518,0.9802893086915543,"[0.3640625, 0.2625, 0.1421875, 0.2763888888888889]",,,,0
long_rvos/a3f2b5d434/2/6,long_rvos,a3f2b5d434,2,6,static,predicted_static,box,False,2,5,175,0,0.9783265738420603,1.0,0.9891632869210302,0.9762408844977652,1.0,0.9881204422488826,0.9737109242822561,"[0.2921875, 0.38333333333333336, 0.3578125, 0.20555555555555555]",,,,0
long_rvos/a3f2b5d434/2/6,long_rvos,a3f2b5d434,2,6,static,predicted_static,box,False,3,7,234,0,0.7934506684718227,0.7987789329435054,0.796114800707664,0.7882069454287739,0.7988308653871397,0.7935189054079568,0.9781766983456529,"[0.4296875, 0.37777777777777777, 0.209375, 0.23194444444444445]",,,,0
long_rvos/a3f2b5d434/2/6,long_rvos,a3f2b5d434,2,6,static,oracle_identity,point,True,0,1,58,0,0.9682156389265171,1.0,0.9841078194632585,0.0,0.0,0.0,0.0,,1,[],[],
long_rvos/a3f2b5d434/2/6,long_rvos,a3f2b5d434,2,6,static,oracle_identity,point,True,1,3,117,0,0.9732734058349051,1.0,0.9866367029174525,0.0,0.0,0.0,0.0,,2,[],[],
long_rvos/a3f2b5d434/2/6,long_rvos,a3f2b5d434,2,6,static,oracle_identity,point,True,2,5,175,0,0.9783265738420603,1.0,0.9891632869210302,0.0,0.0,0.0,0.0,,3,[],[],
long_rvos/a3f2b5d434/2/6,long_rvos,a3f2b5d434,2,6,static,oracle_identity,point,True,3,7,234,0,0.7934506684718227,0.7987789329435054,0.796114800707664,0.0,0.0,0.0,0.0,,4,[],[],
long_rvos/a3f2b5d434/2/6,long_rvos,a3f2b5d434,2,6,static,oracle_identity,box,True,0,1,58,0,0.9682156389265171,1.0,0.9841078194632585,0.9442090120912873,0.9648300117233294,0.9545195119073083,0.9477749100578758,"[0.19609375, 0.3263888888888889, 0.32265625, 0.42777777777777776]",,,,0
long_rvos/a3f2b5d434/2/6,long_rvos,a3f2b5d434,2,6,static,oracle_identity,box,True,1,3,117,0,0.9732734058349051,1.0,0.9866367029174525,0.9637349397590361,1.0,0.981867469879518,0.9802893086915543,"[0.3640625, 0.2625, 0.1421875, 0.2763888888888889]",,,,0
long_rvos/a3f2b5d434/2/6,long_rvos,a3f2b5d434,2,6,static,oracle_identity,box,True,2,5,175,0,0.9783265738420603,1.0,0.9891632869210302,0.9762408844977652,1.0,0.9881204422488826,0.9737109242822561,"[0.2921875, 0.38333333333333336, 0.3578125, 0.20555555555555555]",,,,0
long_rvos/a3f2b5d434/2/6,long_rvos,a3f2b5d434,2,6,static,oracle_identity,box,True,3,7,234,0,0.7934506684718227,0.7987789329435054,0.796114800707664,0.7882069454287739,0.7988308653871397,0.7935189054079568,0.9781766983456529,"[0.4296875, 0.37777777777777777, 0.209375, 0.23194444444444445]",,,,0
long_rvos/a3f2b5d434/2/8,long_rvos,a3f2b5d434,2,8,static,predicted_static,point,False,0,1,58,1,0.9694469179776393,1.0,0.9847234589888196,0.0,0.0,0.0,0.0,,1,[],[],
long_rvos/a3f2b5d434/2/8,long_rvos,a3f2b5d434,2,8,static,predicted_static,point,False,1,3,117,1,0.9746256072590035,1.0,0.9873128036295018,0.0,0.0,0.0,0.0,,2,[],[],
long_rvos/a3f2b5d434/2/8,long_rvos,a3f2b5d434,2,8,static,predicted_static,point,False,2,5,175,1,0.9789525846330395,1.0,0.9894762923165197,0.0,0.0,0.0,0.0,,3,[],[],
long_rvos/a3f2b5d434/2/8,long_rvos,a3f2b5d434,2,8,static,predicted_static,point,False,3,7,234,1,0.7949994343251499,0.7991436738957682,0.797071554110459,0.0,0.0,0.0,0.0,,4,[],[],
long_rvos/a3f2b5d434/2/8,long_rvos,a3f2b5d434,2,8,static,predicted_static,box,False,0,1,58,1,0.9694469179776393,1.0,0.9847234589888196,0.948151196284757,0.9574839836924869,0.952817589988622,0.9610949283747656,"[0.196875, 0.33055555555555555, 0.32109375, 0.4222222222222222]",,,,0
long_rvos/a3f2b5d434/2/8,long_rvos,a3f2b5d434,2,8,static,predicted_static,box,False,1,3,117,1,0.9746256072590035,1.0,0.9873128036295018,0.962289156626506,1.0,0.9811445783132531,0.9820666447800394,"[0.365625, 0.2625, 0.140625, 0.2763888888888889]",,,,0
long_rvos/a3f2b5d434/2/8,long_rvos,a3f2b5d434,2,8,static,predicted_static,box,False,2,5,175,1,0.9789525846330395,1.0,0.9894762923165197,0.9756059298768531,1.0,0.9878029649384266,0.9894530421878313,"[0.29296875, 0.38472222222222224, 0.35625, 0.20416666666666666]",,,,0
long_rvos/a3f2b5d434/2/8,long_rvos,a3f2b5d434,2,8,static,predicted_static,box,False,3,7,234,1,0.7949994343251499,0.7991436738957682,0.797071554110459,0.7875832742735649,0.7988308653871397,0.7932070698303523,0.9825641025641025,"[0.4296875, 0.37916666666666665, 0.209375, 0.23055555555555557]",,,,0
long_rvos/a3f2b5d434/2/8,long_rvos,a3f2b5d434,2,8,static,oracle_identity,point,True,0,1,58,1,0.9694469179776393,1.0,0.9847234589888196,0.0,0.0,0.0,0.0,,1,[],[],
long_rvos/a3f2b5d434/2/8,long_rvos,a3f2b5d434,2,8,static,oracle_identity,point,True,1,3,117,1,0.9746256072590035,1.0,0.9873128036295018,0.0,0.0,0.0,0.0,,2,[],[],
long_rvos/a3f2b5d434/2/8,long_rvos,a3f2b5d434,2,8,static,oracle_identity,point,True,2,5,175,1,0.9789525846330395,1.0,0.9894762923165197,0.0,0.0,0.0,0.0,,3,[],[],
long_rvos/a3f2b5d434/2/8,long_rvos,a3f2b5d434,2,8,static,oracle_identity,point,True,3,7,234,1,0.7949994343251499,0.7991436738957682,0.797071554110459,0.0,0.0,0.0,0.0,,4,[],[],
long_rvos/a3f2b5d434/2/8,long_rvos,a3f2b5d434,2,8,static,oracle_identity,box,True,0,1,58,1,0.9694469179776393,1.0,0.9847234589888196,0.948151196284757,0.9574839836924869,0.952817589988622,0.9610949283747656,"[0.196875, 0.33055555555555555, 0.32109375, 0.4222222222222222]",,,,0
long_rvos/a3f2b5d434/2/8,long_rvos,a3f2b5d434,2,8,static,oracle_identity,box,True,1,3,117,1,0.9746256072590035,1.0,0.9873128036295018,0.962289156626506,1.0,0.9811445783132531,0.9820666447800394,"[0.365625, 0.2625, 0.140625, 0.2763888888888889]",,,,0
long_rvos/a3f2b5d434/2/8,long_rvos,a3f2b5d434,2,8,static,oracle_identity,box,True,2,5,175,1,0.9789525846330395,1.0,0.9894762923165197,0.9756059298768531,1.0,0.9878029649384266,0.9894530421878313,"[0.29296875, 0.38472222222222224, 0.35625, 0.20416666666666666]",,,,0
long_rvos/a3f2b5d434/2/8,long_rvos,a3f2b5d434,2,8,static,oracle_identity,box,True,3,7,234,1,0.7949994343251499,0.7991436738957682,0.797071554110459,0.7875832742735649,0.7988308653871397,0.7932070698303523,0.9825641025641025,"[0.4296875, 0.37916666666666665, 0.209375, 0.23055555555555557]",,,,0
long_rvos/c6bb21356b/1/1,long_rvos,c6bb21356b,1,1,dynamic,predicted_static,point,False,0,1,58,0,0.9196141479099679,1.0,0.959807073954984,0.0,0.0,0.0,0.0,,1,[],[],
long_rvos/c6bb21356b/1/1,long_rvos,c6bb21356b,1,1,dynamic,predicted_static,point,False,1,3,117,0,0.893687707641196,1.0,0.946843853820598,0.0,0.0,0.0,0.0,,2,[],[],
long_rvos/c6bb21356b/1/1,long_rvos,c6bb21356b,1,1,dynamic,predicted_static,point,False,2,5,175,1,0.0,0.0,0.0,0.0,0.0,0.0,0.0,,3,[],[],
long_rvos/c6bb21356b/1/1,long_rvos,c6bb21356b,1,1,dynamic,predicted_static,point,False,3,7,234,0,0.9090909090909091,1.0,0.9545454545454546,0.0,0.0,0.0,0.0,,4,[],[],
long_rvos/c6bb21356b/1/1,long_rvos,c6bb21356b,1,1,dynamic,predicted_static,box,False,0,1,58,0,0.9196141479099679,1.0,0.959807073954984,0.0,0.0,0.0,0.0,"[0.24453125, 0.33194444444444443, 0.01328125, 0.03333333333333333]",,,,
long_rvos/c6bb21356b/1/1,long_rvos,c6bb21356b,1,1,dynamic,predicted_static,box,False,1,3,117,0,0.893687707641196,1.0,0.946843853820598,0.0,0.0,0.0,0.0,"[0.5984375, 0.3013888888888889, 0.0125, 0.03194444444444444]",,,,
long_rvos/c6bb21356b/1/1,long_rvos,c6bb21356b,1,1,dynamic,predicted_static,box,False,2,5,175,1,0.0,0.0,0.0,0.0,0.0,0.0,0.7788461538461539,"[0.41484375, 0.43194444444444446, 0.01796875, 0.043055555555555555]",,,,0
long_rvos/c6bb21356b/1/1,long_rvos,c6bb21356b,1,1,dynamic,predicted_static,box,False,3,7,234,0,0.9090909090909091,1.0,0.9545454545454546,0.8927973199329984,1.0,0.9463986599664992,0.9390243902439024,"[0.4203125, 0.43333333333333335, 0.01875, 0.041666666666666664]",,,,0
long_rvos/c6bb21356b/1/1,long_rvos,c6bb21356b,1,1,dynamic,oracle_identity,point,True,0,1,58,0,0.9196141479099679,1.0,0.959807073954984,0.0,0.0,0.0,0.0,,1,[],[],
long_rvos/c6bb21356b/1/1,long_rvos,c6bb21356b,1,1,dynamic,oracle_identity,point,True,1,3,117,0,0.893687707641196,1.0,0.946843853820598,0.0,0.0,0.0,0.0,,2,[],[],
long_rvos/c6bb21356b/1/1,long_rvos,c6bb21356b,1,1,dynamic,oracle_identity,point,True,2,5,175,0,0.8759259259259259,1.0,0.9379629629629629,0.0,0.0,0.0,0.0,,3,[],[],
long_rvos/c6bb21356b/1/1,long_rvos,c6bb21356b,1,1,dynamic,oracle_identity,point,True,3,7,234,0,0.9090909090909091,1.0,0.9545454545454546,0.0,0.0,0.0,0.0,,4,[],[],
long_rvos/c6bb21356b/1/1,long_rvos,c6bb21356b,1,1,dynamic,oracle_identity,box,True,0,1,58,0,0.9196141479099679,1.0,0.959807073954984,0.0,0.0,0.0,0.0,"[0.24453125, 0.33194444444444443, 0.01328125, 0.03333333333333333]",,,,
long_rvos/c6bb21356b/1/1,long_rvos,c6bb21356b,1,1,dynamic,oracle_identity,box,True,1,3,117,0,0.893687707641196,1.0,0.946843853820598,0.0,0.0,0.0,0.0,"[0.5984375, 0.3013888888888889, 0.0125, 0.03194444444444444]",,,,
long_rvos/c6bb21356b/1/1,long_rvos,c6bb21356b,1,1,dynamic,oracle_identity,box,True,2,5,175,0,0.8759259259259259,1.0,0.9379629629629629,0.0,0.0,0.0,0.0,"[0.38828125, 0.3819444444444444, 0.015625, 0.04722222222222222]",,,,
long_rvos/c6bb21356b/1/1,long_rvos,c6bb21356b,1,1,dynamic,oracle_identity,box,True,3,7,234,0,0.9090909090909091,1.0,0.9545454545454546,0.8927973199329984,1.0,0.9463986599664992,0.9390243902439024,"[0.4203125, 0.43333333333333335, 0.01875, 0.041666666666666664]",,,,0
long_rvos/c6bb21356b/1/6,long_rvos,c6bb21356b,1,6,hybrid,predicted_static,point,False,0,1,58,1,0.0,0.0,0.0,0.0,0.0,0.0,0.0,,1,[],[],
long_rvos/c6bb21356b/1/6,long_rvos,c6bb21356b,1,6,hybrid,predicted_static,point,False,1,3,117,0,0.902027027027027,1.0,0.9510135135135135,0.0,0.0,0.0,0.0,,2,[],[],
long_rvos/c6bb21356b/1/6,long_rvos,c6bb21356b,1,6,hybrid,predicted_static,point,False,2,5,175,0,0.8740740740740741,1.0,0.9370370370370371,0.0,0.0,0.0,0.0,,3,[],[],
long_rvos/c6bb21356b/1/6,long_rvos,c6bb21356b,1,6,hybrid,predicted_static,point,False,3,7,234,0,0.9401993355481728,1.0,0.9700996677740864,0.0,0.0,0.0,0.0,,4,[],[],
long_rvos/c6bb21356b/1/6,long_rvos,c6bb21356b,1,6,hybrid,predicted_static,box,False,0,1,58,1,0.0,0.0,0.0,0.0,0.0,0.0,0.8677354709418837,"[0.26796875, 0.3611111111111111, 0.015625, 0.044444444444444446]",,,,0
long_rvos/c6bb21356b/1/6,long_rvos,c6bb21356b,1,6,hybrid,predicted_static,box,False,1,3,117,0,0.902027027027027,1.0,0.9510135135135135,0.0,0.0,0.0,0.0,"[0.5984375, 0.3013888888888889, 0.0125, 0.03194444444444444]",,,,
long_rvos/c6bb21356b/1/6,long_rvos,c6bb21356b,1,6,hybrid,predicted_static,box,False,2,5,175,0,0.8740740740740741,1.0,0.9370370370370371,0.0,0.0,0.0,0.0,"[0.38828125, 0.38333333333333336, 0.015625, 0.04583333333333333]",,,,
long_rvos/c6bb21356b/1/6,long_rvos,c6bb21356b,1,6,hybrid,predicted_static,box,False,3,7,234,0,0.9401993355481728,1.0,0.9700996677740864,0.8915254237288136,1.0,0.9457627118644067,0.9041095890410958,"[0.42109375, 0.43333333333333335, 0.01796875, 0.041666666666666664]",,,,0
long_rvos/c6bb21356b/1/6,long_rvos,c6bb21356b,1,6,hybrid,oracle_identity,point,True,0,1,58,0,0.9405940594059405,1.0,0.9702970297029703,0.0,0.0,0.0,0.0,,1,[],[],
long_rvos/c6bb21356b/1/6,long_rvos,c6bb21356b,1,6,hybrid,oracle_identity,point,True,1,3,117,0,0.902027027027027,1.0,0.9510135135135135,0.0,0.0,0.0,0.0,,2,[],[],
long_rvos/c6bb21356b/1/6,long_rvos,c6bb21356b,1,6,hybrid,oracle_identity,point,True,2,5,175,0,0.8740740740740741,1.0,0.9370370370370371,0.0,0.0,0.0,0.0,,3,[],[],
long_rvos/c6bb21356b/1/6,long_rvos,c6bb21356b,1,6,hybrid,oracle_identity,point,True,3,7,234,0,0.9401993355481728,1.0,0.9700996677740864,0.0,0.0,0.0,0.0,,4,[],[],
long_rvos/c6bb21356b/1/6,long_rvos,c6bb21356b,1,6,hybrid,oracle_identity,box,True,0,1,58,0,0.9405940594059405,1.0,0.9702970297029703,0.0,0.0,0.0,0.0,"[0.2453125, 0.33194444444444443, 0.0125, 0.03333333333333333]",,,,
long_rvos/c6bb21356b/1/6,long_rvos,c6bb21356b,1,6,hybrid,oracle_identity,box,True,1,3,117,0,0.902027027027027,1.0,0.9510135135135135,0.0,0.0,0.0,0.0,"[0.5984375, 0.3013888888888889, 0.0125, 0.03194444444444444]",,,,
long_rvos/c6bb21356b/1/6,long_rvos,c6bb21356b,1,6,hybrid,oracle_identity,box,True,2,5,175,0,0.8740740740740741,1.0,0.9370370370370371,0.0,0.0,0.0,0.0,"[0.38828125, 0.38333333333333336, 0.015625, 0.04583333333333333]",,,,
long_rvos/c6bb21356b/1/6,long_rvos,c6bb21356b,1,6,hybrid,oracle_identity,box,True,3,7,234,0,0.9401993355481728,1.0,0.9700996677740864,0.8915254237288136,1.0,0.9457627118644067,0.9041095890410958,"[0.42109375, 0.43333333333333335, 0.01796875, 0.041666666666666664]",,,,0
long_rvos/c6bb21356b/1/0,long_rvos,c6bb21356b,1,0,static,predicted_static,point,False,0,1,58,,0.0,0.0,0.0,0.0,0.0,0.0,1.0,,1,[],[],
long_rvos/c6bb21356b/1/0,long_rvos,c6bb21356b,1,0,static,predicted_static,point,False,1,3,117,,0.0,0.0,0.0,0.0,0.0,0.0,1.0,,2,[],[],
long_rvos/c6bb21356b/1/0,long_rvos,c6bb21356b,1,0,static,predicted_static,point,False,2,5,175,,0.0,0.0,0.0,0.0,0.0,0.0,1.0,,3,[],[],
long_rvos/c6bb21356b/1/0,long_rvos,c6bb21356b,1,0,static,predicted_static,point,False,3,7,234,,0.0,0.0,0.0,0.0,0.0,0.0,1.0,,4,[],[],
long_rvos/c6bb21356b/1/0,long_rvos,c6bb21356b,1,0,static,predicted_static,box,False,0,1,58,,0.0,0.0,0.0,0.0,0.0,0.0,1.0,,,,,
long_rvos/c6bb21356b/1/0,long_rvos,c6bb21356b,1,0,static,predicted_static,box,False,1,3,117,,0.0,0.0,0.0,0.0,0.0,0.0,1.0,,,,,
long_rvos/c6bb21356b/1/0,long_rvos,c6bb21356b,1,0,static,predicted_static,box,False,2,5,175,,0.0,0.0,0.0,0.0,0.0,0.0,1.0,,,,,
long_rvos/c6bb21356b/1/0,long_rvos,c6bb21356b,1,0,static,predicted_static,box,False,3,7,234,,0.0,0.0,0.0,0.0,0.0,0.0,1.0,,,,,
long_rvos/c6bb21356b/1/0,long_rvos,c6bb21356b,1,0,static,oracle_identity,point,True,0,1,58,,0.0,0.0,0.0,0.0,0.0,0.0,1.0,,1,[],[],
long_rvos/c6bb21356b/1/0,long_rvos,c6bb21356b,1,0,static,oracle_identity,point,True,1,3,117,,0.0,0.0,0.0,0.0,0.0,0.0,1.0,,2,[],[],
long_rvos/c6bb21356b/1/0,long_rvos,c6bb21356b,1,0,static,oracle_identity,point,True,2,5,175,,0.0,0.0,0.0,0.0,0.0,0.0,1.0,,3,[],[],
long_rvos/c6bb21356b/1/0,long_rvos,c6bb21356b,1,0,static,oracle_identity,point,True,3,7,234,,0.0,0.0,0.0,0.0,0.0,0.0,1.0,,4,[],[],
long_rvos/c6bb21356b/1/0,long_rvos,c6bb21356b,1,0,static,oracle_identity,box,True,0,1,58,,0.0,0.0,0.0,0.0,0.0,0.0,1.0,,,,,
long_rvos/c6bb21356b/1/0,long_rvos,c6bb21356b,1,0,static,oracle_identity,box,True,1,3,117,,0.0,0.0,0.0,0.0,0.0,0.0,1.0,,,,,
long_rvos/c6bb21356b/1/0,long_rvos,c6bb21356b,1,0,static,oracle_identity,box,True,2,5,175,,0.0,0.0,0.0,0.0,0.0,0.0,1.0,,,,,
long_rvos/c6bb21356b/1/0,long_rvos,c6bb21356b,1,0,static,oracle_identity,box,True,3,7,234,,0.0,0.0,0.0,0.0,0.0,0.0,1.0,,,,,
long_rvos/6db18ab93a/1/1,long_rvos,6db18ab93a,1,1,dynamic,predicted_static,point,False,0,1,72,0,0.966012084592145,1.0,0.9830060422960725,0.0,0.0,0.0,0.0,,1,[],[],
long_rvos/6db18ab93a/1/1,long_rvos,6db18ab93a,1,1,dynamic,predicted_static,point,False,1,3,145,0,0.7228835978835979,0.5357921871901646,0.6293378925368813,0.0,0.0,0.0,0.0,,2,[],[],
long_rvos/6db18ab93a/1/1,long_rvos,6db18ab93a,1,1,dynamic,predicted_static,point,False,2,5,218,0,1.0,1.0,1.0,1.0,1.0,1.0,1.0,,3,[],[],
long_rvos/6db18ab93a/1/1,long_rvos,6db18ab93a,1,1,dynamic,predicted_static,point,False,3,7,291,0,0.8946946411866898,0.5925925925925924,0.7436436168896412,0.0,0.0,0.0,0.0,,4,[],[],
long_rvos/6db18ab93a/1/1,long_rvos,6db18ab93a,1,1,dynamic,predicted_static,box,False,0,1,72,0,0.966012084592145,1.0,0.9830060422960725,0.9628224582701063,1.0,0.9814112291350532,0.9846508058326938,"[0.56875, 0.25, 0.21875, 0.49166666666666664]",,,,0
long_rvos/6db18ab93a/1/1,long_rvos,6db18ab93a,1,1,dynamic,predicted_static,box,False,1,3,145,0,0.7228835978835979,0.5357921871901646,0.6293378925368813,0.7201591511936339,0.5374988745835959,0.6288290128886149,0.9681274900398407,"[0.325, 0.2833333333333333, 0.4375, 0.6583333333333333]",,,,0
long_rvos/6db18ab93a/1/1,long_rvos,6db18ab93a,1,1,dynamic,predicted_static,box,False,2,5,218,0,1.0,1.0,1.0,1.0,1.0,1.0,1.0,,,,,
long_rvos/6db18ab93a/1/1,long_rvos,6db18ab93a,1,1,dynamic,predicted_static,box,False,3,7,291,0,0.8946946411866898,0.5925925925925924,0.7436436168896412,0.0,0.0,0.0,0.0,"[0.4625, 0.0, 0.525, 0.9916666666666667]",,,,
long_rvos/6db18ab93a/1/1,long_rvos,6db18ab93a,1,1,dynamic,oracle_identity,point,True,0,1,72,0,0.966012084592145,1.0,0.9830060422960725,0.0,0.0,0.0,0.0,,1,[],[],
long_rvos/6db18ab93a/1/1,long_rvos,6db18ab93a,1,1,dynamic,oracle_identity,point,True,1,3,145,0,0.7228835978835979,0.5357921871901646,0.6293378925368813,0.0,0.0,0.0,0.0,,2,[],[],
long_rvos/6db18ab93a/1/1,long_rvos,6db18ab93a,1,1,dynamic,oracle_identity,point,True,2,5,218,0,1.0,1.0,1.0,1.0,1.0,1.0,1.0,,3,[],[],
long_rvos/6db18ab93a/1/1,long_rvos,6db18ab93a,1,1,dynamic,oracle_identity,point,True,3,7,291,0,0.8946946411866898,0.5925925925925924,0.7436436168896412,0.0,0.0,0.0,0.0,,4,[],[],
long_rvos/6db18ab93a/1/1,long_rvos,6db18ab93a,1,1,dynamic,oracle_identity,box,True,0,1,72,0,0.966012084592145,1.0,0.9830060422960725,0.9628224582701063,1.0,0.9814112291350532,0.9846508058326938,"[0.56875, 0.25, 0.21875, 0.49166666666666664]",,,,0
long_rvos/6db18ab93a/1/1,long_rvos,6db18ab93a,1,1,dynamic,oracle_identity,box,True,1,3,145,0,0.7228835978835979,0.5357921871901646,0.6293378925368813,0.7201591511936339,0.5374988745835959,0.6288290128886149,0.9681274900398407,"[0.325, 0.2833333333333333, 0.4375, 0.6583333333333333]",,,,0
long_rvos/6db18ab93a/1/1,long_rvos,6db18ab93a,1,1,dynamic,oracle_identity,box,True,2,5,218,0,1.0,1.0,1.0,1.0,1.0,1.0,1.0,,,,,
long_rvos/6db18ab93a/1/1,long_rvos,6db18ab93a,1,1,dynamic,oracle_identity,box,True,3,7,291,0,0.8946946411866898,0.5925925925925924,0.7436436168896412,0.0,0.0,0.0,0.0,"[0.4625, 0.0, 0.525, 0.9916666666666667]",,,,
long_rvos/6db18ab93a/1/3,long_rvos,6db18ab93a,1,3,dynamic,predicted_static,point,False,0,1,72,0,0.966012084592145,1.0,0.9830060422960725,0.0,0.0,0.0,0.0,,1,[],[],
long_rvos/6db18ab93a/1/3,long_rvos,6db18ab93a,1,3,dynamic,predicted_static,point,False,1,3,145,0,0.7228835978835979,0.5357921871901646,0.6293378925368813,0.0,0.0,0.0,0.0,,2,[],[],
long_rvos/6db18ab93a/1/3,long_rvos,6db18ab93a,1,3,dynamic,predicted_static,point,False,2,5,218,0,1.0,1.0,1.0,1.0,1.0,1.0,1.0,,3,[],[],
long_rvos/6db18ab93a/1/3,long_rvos,6db18ab93a,1,3,dynamic,predicted_static,point,False,3,7,291,0,0.8946946411866898,0.5925925925925924,0.7436436168896412,0.0,0.0,0.0,0.0,,4,[],[],
long_rvos/6db18ab93a/1/3,long_rvos,6db18ab93a,1,3,dynamic,predicted_static,box,False,0,1,72,0,0.9637462235649547,1.0,0.9818731117824773,0.9628224582701063,1.0,0.9814112291350532,0.9838709677419355,"[0.56875, 0.25, 0.21875, 0.49166666666666664]",,,,0
long_rvos/6db18ab93a/1/3,long_rvos,6db18ab93a,1,3,dynamic,predicted_static,box,False,1,3,145,0,0.7228835978835979,0.5385601758563839,0.6307218868699909,0.7235449735449735,0.549057636868597,0.6363013052067852,0.9682791435368755,"[0.325, 0.275, 0.4375, 0.6666666666666666]",,,,0
long_rvos/6db18ab93a/1/3,long_rvos,6db18ab93a,1,3,dynamic,predicted_static,box,False,2,5,218,0,1.0,1.0,1.0,1.0,1.0,1.0,1.0,,,,,
long_rvos/6db18ab93a/1/3,long_rvos,6db18ab93a,1,3,dynamic,predicted_static,box,False,3,7,291,0,0.9069514351788872,0.654867256637168,0.7809093459080276,0.0,0.0,0.0,0.0,"[0.4625, 0.0, 0.525, 0.9916666666666667]",,,,
long_rvos/6db18ab93a/1/3,long_rvos,6db18ab93a,1,3,dynamic,oracle_identity,point,True,0,1,72,0,0.966012084592145,1.0,0.9830060422960725,0.0,0.0,0.0,0.0,,1,[],[],
long_rvos/6db18ab93a/1/3,long_rvos,6db18ab93a,1,3,dynamic,oracle_identity,point,True,1,3,145,0,0.7228835978835979,0.5357921871901646,0.6293378925368813,0.0,0.0,0.0,0.0,,2,[],[],
long_rvos/6db18ab93a/1/3,long_rvos,6db18ab93a,1,3,dynamic,oracle_identity,point,True,2,5,218,0,1.0,1.0,1.0,1.0,1.0,1.0,1.0,,3,[],[],
long_rvos/6db18ab93a/1/3,long_rvos,6db18ab93a,1,3,dynamic,oracle_identity,point,True,3,7,291,0,0.8946946411866898,0.5925925925925924,0.7436436168896412,0.0,0.0,0.0,0.0,,4,[],[],
long_rvos/6db18ab93a/1/3,long_rvos,6db18ab93a,1,3,dynamic,oracle_identity,box,True,0,1,72,0,0.9637462235649547,1.0,0.9818731117824773,0.9628224582701063,1.0,0.9814112291350532,0.9838709677419355,"[0.56875, 0.25, 0.21875, 0.49166666666666664]",,,,0
long_rvos/6db18ab93a/1/3,long_rvos,6db18ab93a,1,3,dynamic,oracle_identity,box,True,1,3,145,0,0.7228835978835979,0.5385601758563839,0.6307218868699909,0.7235449735449735,0.549057636868597,0.6363013052067852,0.9682791435368755,"[0.325, 0.275, 0.4375, 0.6666666666666666]",,,,0
long_rvos/6db18ab93a/1/3,long_rvos,6db18ab93a,1,3,dynamic,oracle_identity,box,True,2,5,218,0,1.0,1.0,1.0,1.0,1.0,1.0,1.0,,,,,
long_rvos/6db18ab93a/1/3,long_rvos,6db18ab93a,1,3,dynamic,oracle_identity,box,True,3,7,291,0,0.9069514351788872,0.654867256637168,0.7809093459080276,0.0,0.0,0.0,0.0,"[0.4625, 0.0, 0.525, 0.9916666666666667]",,,,
long_rvos/6db18ab93a/1/8,long_rvos,6db18ab93a,1,8,hybrid,predicted_static,point,False,0,1,72,0,0.966012084592145,1.0,0.9830060422960725,0.0,0.0,0.0,0.0,,1,[],[],
long_rvos/6db18ab93a/1/8,long_rvos,6db18ab93a,1,8,hybrid,predicted_static,point,False,1,3,145,0,0.7228835978835979,0.5357921871901646,0.6293378925368813,0.0,0.0,0.0,0.0,,2,[],[],
long_rvos/6db18ab93a/1/8,long_rvos,6db18ab93a,1,8,hybrid,predicted_static,point,False,2,5,218,0,1.0,1.0,1.0,1.0,1.0,1.0,1.0,,3,[],[],
long_rvos/6db18ab93a/1/8,long_rvos,6db18ab93a,1,8,hybrid,predicted_static,point,False,3,7,291,0,0.8946946411866898,0.5925925925925924,0.7436436168896412,0.0,0.0,0.0,0.0,,4,[],[],
long_rvos/6db18ab93a/1/8,long_rvos,6db18ab93a,1,8,hybrid,predicted_static,box,False,0,1,72,0,0.966012084592145,1.0,0.9830060422960725,0.9628224582701063,1.0,0.9814112291350532,0.9846508058326938,"[0.56875, 0.25, 0.21875, 0.49166666666666664]",,,,0
long_rvos/6db18ab93a/1/8,long_rvos,6db18ab93a,1,8,hybrid,predicted_static,box,False,1,3,145,0,0.7228835978835979,0.5357921871901646,0.6293378925368813,0.7201591511936339,0.5374988745835959,0.6288290128886149,0.9681274900398407,"[0.325, 0.2833333333333333, 0.4375, 0.6583333333333333]",,,,0
long_rvos/6db18ab93a/1/8,long_rvos,6db18ab93a,1,8,hybrid,predicted_static,box,False,2,5,218,0,1.0,1.0,1.0,1.0,1.0,1.0,1.0,,,,,
long_rvos/6db18ab93a/1/8,long_rvos,6db18ab93a,1,8,hybrid,predicted_static,box,False,3,7,291,0,0.8946946411866898,0.5925925925925924,0.7436436168896412,0.0,0.0,0.0,0.0,"[0.4625, 0.0, 0.525, 0.9916666666666667]",,,,
long_rvos/6db18ab93a/1/8,long_rvos,6db18ab93a,1,8,hybrid,oracle_identity,point,True,0,1,72,0,0.966012084592145,1.0,0.9830060422960725,0.0,0.0,0.0,0.0,,1,[],[],
long_rvos/6db18ab93a/1/8,long_rvos,6db18ab93a,1,8,hybrid,oracle_identity,point,True,1,3,145,0,0.7228835978835979,0.5357921871901646,0.6293378925368813,0.0,0.0,0.0,0.0,,2,[],[],
long_rvos/6db18ab93a/1/8,long_rvos,6db18ab93a,1,8,hybrid,oracle_identity,point,True,2,5,218,0,1.0,1.0,1.0,1.0,1.0,1.0,1.0,,3,[],[],
long_rvos/6db18ab93a/1/8,long_rvos,6db18ab93a,1,8,hybrid,oracle_identity,point,True,3,7,291,0,0.8946946411866898,0.5925925925925924,0.7436436168896412,0.0,0.0,0.0,0.0,,4,[],[],
long_rvos/6db18ab93a/1/8,long_rvos,6db18ab93a,1,8,hybrid,oracle_identity,box,True,0,1,72,0,0.966012084592145,1.0,0.9830060422960725,0.9628224582701063,1.0,0.9814112291350532,0.9846508058326938,"[0.56875, 0.25, 0.21875, 0.49166666666666664]",,,,0
long_rvos/6db18ab93a/1/8,long_rvos,6db18ab93a,1,8,hybrid,oracle_identity,box,True,1,3,145,0,0.7228835978835979,0.5357921871901646,0.6293378925368813,0.7201591511936339,0.5374988745835959,0.6288290128886149,0.9681274900398407,"[0.325, 0.2833333333333333, 0.4375, 0.6583333333333333]",,,,0
long_rvos/6db18ab93a/1/8,long_rvos,6db18ab93a,1,8,hybrid,oracle_identity,box,True,2,5,218,0,1.0,1.0,1.0,1.0,1.0,1.0,1.0,,,,,
long_rvos/6db18ab93a/1/8,long_rvos,6db18ab93a,1,8,hybrid,oracle_identity,box,True,3,7,291,0,0.8946946411866898,0.5925925925925924,0.7436436168896412,0.0,0.0,0.0,0.0,"[0.4625, 0.0, 0.525, 0.9916666666666667]",,,,
long_rvos/6db18ab93a/1/9,long_rvos,6db18ab93a,1,9,hybrid,predicted_static,point,False,0,1,72,0,0.9637462235649547,1.0,0.9818731117824773,0.0,0.0,0.0,0.0,,1,[],[],
long_rvos/6db18ab93a/1/9,long_rvos,6db18ab93a,1,9,hybrid,predicted_static,point,False,1,3,145,0,0.715852442671984,0.5416666666666667,0.6287595546693254,0.0,0.0,0.0,0.0,,2,[],[],
long_rvos/6db18ab93a/1/9,long_rvos,6db18ab93a,1,9,hybrid,predicted_static,point,False,2,5,218,0,1.0,1.0,1.0,1.0,1.0,1.0,1.0,,3,[],[],
long_rvos/6db18ab93a/1/9,long_rvos,6db18ab93a,1,9,hybrid,predicted_static,point,False,3,7,291,0,0.8948704247929469,0.589391241313015,0.742130833052981,0.0,0.0,0.0,0.0,,4,[],[],
long_rvos/6db18ab93a/1/9,long_rvos,6db18ab93a,1,9,hybrid,predicted_static,box,False,0,1,72,0,0.9637462235649547,1.0,0.9818731117824773,0.9628224582701063,1.0,0.9814112291350532,0.9838709677419355,"[0.56875, 0.25, 0.21875, 0.49166666666666664]",,,,0
long_rvos/6db18ab93a/1/9,long_rvos,6db18ab93a,1,9,hybrid,predicted_static,box,False,1,3,145,0,0.715852442671984,0.5416666666666667,0.6287595546693254,0.7201591511936339,0.5374988745835959,0.6288290128886149,0.9682220434432823,"[0.325, 0.2833333333333333, 0.4375, 0.6583333333333333]",,,,0
long_rvos/6db18ab93a/1/9,long_rvos,6db18ab93a,1,9,hybrid,predicted_static,box,False,2,5,218,0,1.0,1.0,1.0,1.0,1.0,1.0,1.0,,,,,
long_rvos/6db18ab93a/1/9,long_rvos,6db18ab93a,1,9,hybrid,predicted_static,box,False,3,7,291,0,0.8948704247929469,0.589391241313015,0.742130833052981,0.0,0.0,0.0,0.0,"[0.29375, 0.0, 0.69375, 0.9916666666666667]",,,,
long_rvos/6db18ab93a/1/9,long_rvos,6db18ab93a,1,9,hybrid,oracle_identity,point,True,0,1,72,0,0.9637462235649547,1.0,0.9818731117824773,0.0,0.0,0.0,0.0,,1,[],[],
long_rvos/6db18ab93a/1/9,long_rvos,6db18ab93a,1,9,hybrid,oracle_identity,point,True,1,3,145,0,0.715852442671984,0.5416666666666667,0.6287595546693254,0.0,0.0,0.0,0.0,,2,[],[],
long_rvos/6db18ab93a/1/9,long_rvos,6db18ab93a,1,9,hybrid,oracle_identity,point,True,2,5,218,0,1.0,1.0,1.0,1.0,1.0,1.0,1.0,,3,[],[],
long_rvos/6db18ab93a/1/9,long_rvos,6db18ab93a,1,9,hybrid,oracle_identity,point,True,3,7,291,0,0.8948704247929469,0.589391241313015,0.742130833052981,0.0,0.0,0.0,0.0,,4,[],[],
long_rvos/6db18ab93a/1/9,long_rvos,6db18ab93a,1,9,hybrid,oracle_identity,box,True,0,1,72,0,0.9637462235649547,1.0,0.9818731117824773,0.9628224582701063,1.0,0.9814112291350532,0.9838709677419355,"[0.56875, 0.25, 0.21875, 0.49166666666666664]",,,,0
long_rvos/6db18ab93a/1/9,long_rvos,6db18ab93a,1,9,hybrid,oracle_identity,box,True,1,3,145,0,0.715852442671984,0.5416666666666667,0.6287595546693254,0.7201591511936339,0.5374988745835959,0.6288290128886149,0.9682220434432823,"[0.325, 0.2833333333333333, 0.4375, 0.6583333333333333]",,,,0
long_rvos/6db18ab93a/1/9,long_rvos,6db18ab93a,1,9,hybrid,oracle_identity,box,True,2,5,218,0,1.0,1.0,1.0,1.0,1.0,1.0,1.0,,,,,
long_rvos/6db18ab93a/1/9,long_rvos,6db18ab93a,1,9,hybrid,oracle_identity,box,True,3,7,291,0,0.8948704247929469,0.589391241313015,0.742130833052981,0.0,0.0,0.0,0.0,"[0.29375, 0.0, 0.69375, 0.9916666666666667]",,,,
long_rvos/6db18ab93a/1/0,long_rvos,6db18ab93a,1,0,static,predicted_static,point,False,0,1,72,0,0.966012084592145,1.0,0.9830060422960725,0.0,0.0,0.0,0.0,,1,[],[],
long_rvos/6db18ab93a/1/0,long_rvos,6db18ab93a,1,0,static,predicted_static,point,False,1,3,145,0,0.7228835978835979,0.5357921871901646,0.6293378925368813,0.0,0.0,0.0,0.0,,2,[],[],
long_rvos/6db18ab93a/1/0,long_rvos,6db18ab93a,1,0,static,predicted_static,point,False,2,5,218,0,1.0,1.0,1.0,1.0,1.0,1.0,1.0,,3,[],[],
long_rvos/6db18ab93a/1/0,long_rvos,6db18ab93a,1,0,static,predicted_static,point,False,3,7,291,0,0.8946946411866898,0.5925925925925924,0.7436436168896412,0.0,0.0,0.0,0.0,,4,[],[],
long_rvos/6db18ab93a/1/0,long_rvos,6db18ab93a,1,0,static,predicted_static,box,False,0,1,72,0,0.966012084592145,1.0,0.9830060422960725,0.9628224582701063,1.0,0.9814112291350532,0.9846508058326938,"[0.56875, 0.25, 0.21875, 0.49166666666666664]",,,,0
long_rvos/6db18ab93a/1/0,long_rvos,6db18ab93a,1,0,static,predicted_static,box,False,1,3,145,0,0.7228835978835979,0.5357921871901646,0.6293378925368813,0.7201591511936339,0.5374988745835959,0.6288290128886149,0.9681274900398407,"[0.325, 0.2833333333333333, 0.4375, 0.6583333333333333]",,,,0
long_rvos/6db18ab93a/1/0,long_rvos,6db18ab93a,1,0,static,predicted_static,box,False,2,5,218,0,1.0,1.0,1.0,1.0,1.0,1.0,1.0,,,,,
long_rvos/6db18ab93a/1/0,long_rvos,6db18ab93a,1,0,static,predicted_static,box,False,3,7,291,0,0.8946946411866898,0.5925925925925924,0.7436436168896412,0.0,0.0,0.0,0.0,"[0.4625, 0.0, 0.525, 0.9916666666666667]",,,,
long_rvos/6db18ab93a/1/0,long_rvos,6db18ab93a,1,0,static,oracle_identity,point,True,0,1,72,0,0.966012084592145,1.0,0.9830060422960725,0.0,0.0,0.0,0.0,,1,[],[],
long_rvos/6db18ab93a/1/0,long_rvos,6db18ab93a,1,0,static,oracle_identity,point,True,1,3,145,0,0.7228835978835979,0.5357921871901646,0.6293378925368813,0.0,0.0,0.0,0.0,,2,[],[],
long_rvos/6db18ab93a/1/0,long_rvos,6db18ab93a,1,0,static,oracle_identity,point,True,2,5,218,0,1.0,1.0,1.0,1.0,1.0,1.0,1.0,,3,[],[],
long_rvos/6db18ab93a/1/0,long_rvos,6db18ab93a,1,0,static,oracle_identity,point,True,3,7,291,0,0.8946946411866898,0.5925925925925924,0.7436436168896412,0.0,0.0,0.0,0.0,,4,[],[],
long_rvos/6db18ab93a/1/0,long_rvos,6db18ab93a,1,0,static,oracle_identity,box,True,0,1,72,0,0.966012084592145,1.0,0.9830060422960725,0.9628224582701063,1.0,0.9814112291350532,0.9846508058326938,"[0.56875, 0.25, 0.21875, 0.49166666666666664]",,,,0
long_rvos/6db18ab93a/1/0,long_rvos,6db18ab93a,1,0,static,oracle_identity,box,True,1,3,145,0,0.7228835978835979,0.5357921871901646,0.6293378925368813,0.7201591511936339,0.5374988745835959,0.6288290128886149,0.9681274900398407,"[0.325, 0.2833333333333333, 0.4375, 0.6583333333333333]",,,,0
long_rvos/6db18ab93a/1/0,long_rvos,6db18ab93a,1,0,static,oracle_identity,box,True,2,5,218,0,1.0,1.0,1.0,1.0,1.0,1.0,1.0,,,,,
long_rvos/6db18ab93a/1/0,long_rvos,6db18ab93a,1,0,static,oracle_identity,box,True,3,7,291,0,0.8946946411866898,0.5925925925925924,0.7436436168896412,0.0,0.0,0.0,0.0,"[0.4625, 0.0, 0.525, 0.9916666666666667]",,,,
long_rvos/6db18ab93a/1/2,long_rvos,6db18ab93a,1,2,static,predicted_static,point,False,0,1,72,1,0.0,0.0,0.0,0.0,0.0,0.0,1.0,,1,[],[],
long_rvos/6db18ab93a/1/2,long_rvos,6db18ab93a,1,2,static,predicted_static,point,False,1,3,145,0,0.7232849604221636,0.5329528718703976,0.6281189161462806,0.0,0.0,0.0,0.0,,2,[],[],
long_rvos/6db18ab93a/1/2,long_rvos,6db18ab93a,1,2,static,predicted_static,point,False,2,5,218,0,1.0,1.0,1.0,1.0,1.0,1.0,1.0,,3,[],[],
long_rvos/6db18ab93a/1/2,long_rvos,6db18ab93a,1,2,static,predicted_static,point,False,3,7,291,1,0.0,0.0,0.0,0.0,0.0,0.0,1.0,,4,[],[],
long_rvos/6db18ab93a/1/2,long_rvos,6db18ab93a,1,2,static,predicted_static,box,False,0,1,72,1,0.0,0.0,0.0,0.0,0.0,0.0,1.0,,,,,
long_rvos/6db18ab93a/1/2,long_rvos,6db18ab93a,1,2,static,predicted_static,box,False,1,3,145,0,0.7232849604221636,0.5329528718703976,0.6281189161462806,0.7363396971691902,0.5675230296180777,0.6519313633936339,0.9504835589941973,"[0.325, 0.275, 0.4375, 0.675]",,,,0
long_rvos/6db18ab93a/1/2,long_rvos,6db18ab93a,1,2,static,predicted_static,box,False,2,5,218,0,1.0,1.0,1.0,1.0,1.0,1.0,1.0,,,,,
long_rvos/6db18ab93a/1/2,long_rvos,6db18ab93a,1,2,static,predicted_static,box,False,3,7,291,1,0.0,0.0,0.0,0.0,0.0,0.0,1.0,,,,,
long_rvos/6db18ab93a/1/2,long_rvos,6db18ab93a,1,2,static,oracle_identity,point,True,0,1,72,0,0.966012084592145,1.0,0.9830060422960725,0.0,0.0,0.0,0.0,,1,[],[],
long_rvos/6db18ab93a/1/2,long_rvos,6db18ab93a,1,2,static,oracle_identity,point,True,1,3,145,0,0.7228835978835979,0.5357921871901646,0.6293378925368813,0.0,0.0,0.0,0.0,,2,[],[],
long_rvos/6db18ab93a/1/2,long_rvos,6db18ab93a,1,2,static,oracle_identity,point,True,2,5,218,0,1.0,1.0,1.0,1.0,1.0,1.0,1.0,,3,[],[],
long_rvos/6db18ab93a/1/2,long_rvos,6db18ab93a,1,2,static,oracle_identity,point,True,3,7,291,0,0.8946946411866898,0.5925925925925924,0.7436436168896412,0.0,0.0,0.0,0.0,,4,[],[],
long_rvos/6db18ab93a/1/2,long_rvos,6db18ab93a,1,2,static,oracle_identity,box,True,0,1,72,0,0.9645015105740181,1.0,0.982250755287009,0.9628224582701063,1.0,0.9814112291350532,0.9831158864159631,"[0.56875, 0.25, 0.21875, 0.49166666666666664]",,,,0
long_rvos/6db18ab93a/1/2,long_rvos,6db18ab93a,1,2,static,oracle_identity,box,True,1,3,145,0,0.7232849604221636,0.5329528718703976,0.6281189161462806,0.7363396971691902,0.5675230296180777,0.6519313633936339,0.9504835589941973,"[0.325, 0.275, 0.4375, 0.675]",,,,0
long_rvos/6db18ab93a/1/2,long_rvos,6db18ab93a,1,2,static,oracle_identity,box,True,2,5,218,0,1.0,1.0,1.0,1.0,1.0,1.0,1.0,,,,,
long_rvos/6db18ab93a/1/2,long_rvos,6db18ab93a,1,2,static,oracle_identity,box,True,3,7,291,0,0.8945328164683866,0.585098626837295,0.7398157216528407,0.0,0.0,0.0,0.0,"[0.4625, 0.0, 0.525, 0.9916666666666667]",,,,
long_rvos/bd4aefda10/2/5,long_rvos,bd4aefda10,2,5,dynamic,predicted_static,point,False,0,1,107,5,0.8792046396023198,0.9421487603305785,0.9106766999664491,0.0,0.0,0.0,0.0,,1,[],[],
long_rvos/bd4aefda10/2/5,long_rvos,bd4aefda10,2,5,dynamic,predicted_static,point,False,1,3,215,6,0.08542798913043478,0.30922521903453015,0.19732660408248248,0.0,0.0,0.0,0.0,,2,[],[],
long_rvos/bd4aefda10/2/5,long_rvos,bd4aefda10,2,5,dynamic,predicted_static,point,False,2,5,323,10,0.8922542204568024,0.961410945369977,0.9268325829133897,0.0,0.0,0.0,0.0,,3,[],[],
long_rvos/bd4aefda10/2/5,long_rvos,bd4aefda10,2,5,dynamic,predicted_static,point,False,3,7,431,10,0.3646570286065826,0.696137723761567,0.5303973761840748,0.0,0.0,0.0,0.0,,4,[],[],
long_rvos/bd4aefda10/2/5,long_rvos,bd4aefda10,2,5,dynamic,predicted_static,box,False,0,1,107,5,0.8792046396023198,0.9421487603305785,0.9106766999664491,0.8881443298969072,0.9508129244700556,0.9194786271834814,0.9217188540972685,"[0.078125, 0.2875, 0.35625, 0.7125]",,,,0
long_rvos/bd4aefda10/2/5,long_rvos,bd4aefda10,2,5,dynamic,predicted_static,box,False,1,3,215,6,0.08542798913043478,0.30922521903453015,0.19732660408248248,0.0841676565416596,0.307507456568141,0.1958375565549003,0.9695238095238096,"[0.084375, 0.4666666666666667, 0.084375, 0.15833333333333333]",,,,0
long_rvos/bd4aefda10/2/5,long_rvos,bd4aefda10,2,5,dynamic,predicted_static,box,False,2,5,323,10,0.8922542204568024,0.961410945369977,0.9268325829133897,0.8662179908076165,0.9382134795227346,0.9022157351651756,0.9524532119372787,"[0.078125, 0.2916666666666667, 0.253125, 0.7083333333333334]",,,,0
long_rvos/bd4aefda10/2/5,long_rvos,bd4aefda10,2,5,dynamic,predicted_static,box,False,3,7,431,10,0.3646570286065826,0.696137723761567,0.5303973761840748,0.36451316595223515,0.6872066543428472,0.5258599101475412,0.948811146448584,"[0.08125, 0.2833333333333333, 0.303125, 0.7166666666666667]",,,,0
long_rvos/bd4aefda10/2/5,long_rvos,bd4aefda10,2,5,dynamic,oracle_identity,point,True,0,1,107,10,0.0,0.0,0.0,0.0,0.0,0.0,1.0,,1,[],[],
long_rvos/bd4aefda10/2/5,long_rvos,bd4aefda10,2,5,dynamic,oracle_identity,point,True,1,3,215,10,0.0,0.0,0.0,0.0,0.0,0.0,1.0,,2,[],[],
long_rvos/bd4aefda10/2/5,long_rvos,bd4aefda10,2,5,dynamic,oracle_identity,point,True,2,5,323,10,0.8922542204568024,0.961410945369977,0.9268325829133897,0.0,0.0,0.0,0.0,,3,[],[],
long_rvos/bd4aefda10/2/5,long_rvos,bd4aefda10,2,5,dynamic,oracle_identity,point,True,3,7,431,10,0.3646570286065826,0.696137723761567,0.5303973761840748,0.0,0.0,0.0,0.0,,4,[],[],
long_rvos/bd4aefda10/2/5,long_rvos,bd4aefda10,2,5,dynamic,oracle_identity,box,True,0,1,107,10,0.0,0.0,0.0,0.0,0.0,0.0,1.0,,,,,
long_rvos/bd4aefda10/2/5,long_rvos,bd4aefda10,2,5,dynamic,oracle_identity,box,True,1,3,215,10,0.0,0.0,0.0,0.0,0.0,0.0,1.0,,,,,
long_rvos/bd4aefda10/2/5,long_rvos,bd4aefda10,2,5,dynamic,oracle_identity,box,True,2,5,323,10,0.8922542204568024,0.961410945369977,0.9268325829133897,0.8662179908076165,0.9382134795227346,0.9022157351651756,0.9524532119372787,"[0.078125, 0.2916666666666667, 0.253125, 0.7083333333333334]",,,,0
long_rvos/bd4aefda10/2/5,long_rvos,bd4aefda10,2,5,dynamic,oracle_identity,box,True,3,7,431,10,0.3646570286065826,0.696137723761567,0.5303973761840748,0.36451316595223515,0.6872066543428472,0.5258599101475412,0.948811146448584,"[0.08125, 0.2833333333333333, 0.303125, 0.7166666666666667]",,,,0
long_rvos/bd4aefda10/2/7,long_rvos,bd4aefda10,2,7,dynamic,predicted_static,point,False,0,1,107,5,0.8792046396023198,0.9421487603305785,0.9106766999664491,0.0,0.0,0.0,0.0,,1,[],[],
long_rvos/bd4aefda10/2/7,long_rvos,bd4aefda10,2,7,dynamic,predicted_static,point,False,1,3,215,6,0.08542798913043478,0.30922521903453015,0.19732660408248248,0.0,0.0,0.0,0.0,,2,[],[],
long_rvos/bd4aefda10/2/7,long_rvos,bd4aefda10,2,7,dynamic,predicted_static,point,False,2,5,323,10,0.8922542204568024,0.961410945369977,0.9268325829133897,0.0,0.0,0.0,0.0,,3,[],[],
long_rvos/bd4aefda10/2/7,long_rvos,bd4aefda10,2,7,dynamic,predicted_static,point,False,3,7,431,10,0.3646570286065826,0.696137723761567,0.5303973761840748,0.0,0.0,0.0,0.0,,4,[],[],
long_rvos/bd4aefda10/2/7,long_rvos,bd4aefda10,2,7,dynamic,predicted_static,box,False,0,1,107,5,0.8792046396023198,0.9421487603305785,0.9106766999664491,0.8881443298969072,0.9508129244700556,0.9194786271834814,0.9217188540972685,"[0.078125, 0.2875, 0.35625, 0.7125]",,,,0
long_rvos/bd4aefda10/2/7,long_rvos,bd4aefda10,2,7,dynamic,predicted_static,box,False,1,3,215,6,0.08542798913043478,0.30922521903453015,0.19732660408248248,0.0841676565416596,0.307507456568141,0.1958375565549003,0.9695238095238096,"[0.084375, 0.4666666666666667, 0.084375, 0.15833333333333333]",,,,0
long_rvos/bd4aefda10/2/7,long_rvos,bd4aefda10,2,7,dynamic,predicted_static,box,False,2,5,323,10,0.8922542204568024,0.961410945369977,0.9268325829133897,0.8662179908076165,0.9382134795227346,0.9022157351651756,0.9524532119372787,"[0.078125, 0.2916666666666667, 0.253125, 0.7083333333333334]",,,,0
long_rvos/bd4aefda10/2/7,long_rvos,bd4aefda10,2,7,dynamic,predicted_static,box,False,3,7,431,10,0.3646570286065826,0.696137723761567,0.5303973761840748,0.36451316595223515,0.6872066543428472,0.5258599101475412,0.948811146448584,"[0.08125, 0.2833333333333333, 0.303125, 0.7166666666666667]",,,,0
long_rvos/bd4aefda10/2/7,long_rvos,bd4aefda10,2,7,dynamic,oracle_identity,point,True,0,1,107,10,0.0,0.0,0.0,0.0,0.0,0.0,1.0,,1,[],[],
long_rvos/bd4aefda10/2/7,long_rvos,bd4aefda10,2,7,dynamic,oracle_identity,point,True,1,3,215,10,0.0,0.0,0.0,0.0,0.0,0.0,1.0,,2,[],[],
long_rvos/bd4aefda10/2/7,long_rvos,bd4aefda10,2,7,dynamic,oracle_identity,point,True,2,5,323,10,0.8922542204568024,0.961410945369977,0.9268325829133897,0.0,0.0,0.0,0.0,,3,[],[],
long_rvos/bd4aefda10/2/7,long_rvos,bd4aefda10,2,7,dynamic,oracle_identity,point,True,3,7,431,10,0.3646570286065826,0.696137723761567,0.5303973761840748,0.0,0.0,0.0,0.0,,4,[],[],
long_rvos/bd4aefda10/2/7,long_rvos,bd4aefda10,2,7,dynamic,oracle_identity,box,True,0,1,107,10,0.0,0.0,0.0,0.0,0.0,0.0,1.0,,,,,
long_rvos/bd4aefda10/2/7,long_rvos,bd4aefda10,2,7,dynamic,oracle_identity,box,True,1,3,215,10,0.0,0.0,0.0,0.0,0.0,0.0,1.0,,,,,
long_rvos/bd4aefda10/2/7,long_rvos,bd4aefda10,2,7,dynamic,oracle_identity,box,True,2,5,323,10,0.8922542204568024,0.961410945369977,0.9268325829133897,0.8662179908076165,0.9382134795227346,0.9022157351651756,0.9524532119372787,"[0.078125, 0.2916666666666667, 0.253125, 0.7083333333333334]",,,,0
long_rvos/bd4aefda10/2/7,long_rvos,bd4aefda10,2,7,dynamic,oracle_identity,box,True,3,7,431,10,0.3646570286065826,0.696137723761567,0.5303973761840748,0.36451316595223515,0.6872066543428472,0.5258599101475412,0.948811146448584,"[0.08125, 0.2833333333333333, 0.303125, 0.7166666666666667]",,,,0
long_rvos/bd4aefda10/2/9,long_rvos,bd4aefda10,2,9,hybrid,predicted_static,point,False,0,1,107,,0.0,0.0,0.0,0.0,0.0,0.0,1.0,,1,[],[],
long_rvos/bd4aefda10/2/9,long_rvos,bd4aefda10,2,9,hybrid,predicted_static,point,False,1,3,215,,0.0,0.0,0.0,0.0,0.0,0.0,1.0,,2,[],[],
long_rvos/bd4aefda10/2/9,long_rvos,bd4aefda10,2,9,hybrid,predicted_static,point,False,2,5,323,,0.0,0.0,0.0,0.0,0.0,0.0,1.0,,3,[],[],
long_rvos/bd4aefda10/2/9,long_rvos,bd4aefda10,2,9,hybrid,predicted_static,point,False,3,7,431,,0.0,0.0,0.0,0.0,0.0,0.0,1.0,,4,[],[],
long_rvos/bd4aefda10/2/9,long_rvos,bd4aefda10,2,9,hybrid,predicted_static,box,False,0,1,107,,0.0,0.0,0.0,0.0,0.0,0.0,1.0,,,,,
long_rvos/bd4aefda10/2/9,long_rvos,bd4aefda10,2,9,hybrid,predicted_static,box,False,1,3,215,,0.0,0.0,0.0,0.0,0.0,0.0,1.0,,,,,
long_rvos/bd4aefda10/2/9,long_rvos,bd4aefda10,2,9,hybrid,predicted_static,box,False,2,5,323,,0.0,0.0,0.0,0.0,0.0,0.0,1.0,,,,,
long_rvos/bd4aefda10/2/9,long_rvos,bd4aefda10,2,9,hybrid,predicted_static,box,False,3,7,431,,0.0,0.0,0.0,0.0,0.0,0.0,1.0,,,,,
long_rvos/bd4aefda10/2/9,long_rvos,bd4aefda10,2,9,hybrid,oracle_identity,point,True,0,1,107,,0.0,0.0,0.0,0.0,0.0,0.0,1.0,,1,[],[],
long_rvos/bd4aefda10/2/9,long_rvos,bd4aefda10,2,9,hybrid,oracle_identity,point,True,1,3,215,,0.0,0.0,0.0,0.0,0.0,0.0,1.0,,2,[],[],
long_rvos/bd4aefda10/2/9,long_rvos,bd4aefda10,2,9,hybrid,oracle_identity,point,True,2,5,323,,0.0,0.0,0.0,0.0,0.0,0.0,1.0,,3,[],[],
long_rvos/bd4aefda10/2/9,long_rvos,bd4aefda10,2,9,hybrid,oracle_identity,point,True,3,7,431,,0.0,0.0,0.0,0.0,0.0,0.0,1.0,,4,[],[],
long_rvos/bd4aefda10/2/9,long_rvos,bd4aefda10,2,9,hybrid,oracle_identity,box,True,0,1,107,,0.0,0.0,0.0,0.0,0.0,0.0,1.0,,,,,
long_rvos/bd4aefda10/2/9,long_rvos,bd4aefda10,2,9,hybrid,oracle_identity,box,True,1,3,215,,0.0,0.0,0.0,0.0,0.0,0.0,1.0,,,,,
long_rvos/bd4aefda10/2/9,long_rvos,bd4aefda10,2,9,hybrid,oracle_identity,box,True,2,5,323,,0.0,0.0,0.0,0.0,0.0,0.0,1.0,,,,,
long_rvos/bd4aefda10/2/9,long_rvos,bd4aefda10,2,9,hybrid,oracle_identity,box,True,3,7,431,,0.0,0.0,0.0,0.0,0.0,0.0,1.0,,,,,
long_rvos/bd4aefda10/2/4,long_rvos,bd4aefda10,2,4,static,predicted_static,point,False,0,1,107,,0.0,0.0,0.0,0.0,0.0,0.0,1.0,,1,[],[],
long_rvos/bd4aefda10/2/4,long_rvos,bd4aefda10,2,4,static,predicted_static,point,False,1,3,215,,0.0,0.0,0.0,0.0,0.0,0.0,1.0,,2,[],[],
long_rvos/bd4aefda10/2/4,long_rvos,bd4aefda10,2,4,static,predicted_static,point,False,2,5,323,,0.0,0.0,0.0,0.0,0.0,0.0,1.0,,3,[],[],
long_rvos/bd4aefda10/2/4,long_rvos,bd4aefda10,2,4,static,predicted_static,point,False,3,7,431,,0.0,0.0,0.0,0.0,0.0,0.0,1.0,,4,[],[],
long_rvos/bd4aefda10/2/4,long_rvos,bd4aefda10,2,4,static,predicted_static,box,False,0,1,107,,0.0,0.0,0.0,0.0,0.0,0.0,1.0,,,,,
long_rvos/bd4aefda10/2/4,long_rvos,bd4aefda10,2,4,static,predicted_static,box,False,1,3,215,,0.0,0.0,0.0,0.0,0.0,0.0,1.0,,,,,
long_rvos/bd4aefda10/2/4,long_rvos,bd4aefda10,2,4,static,predicted_static,box,False,2,5,323,,0.0,0.0,0.0,0.0,0.0,0.0,1.0,,,,,
long_rvos/bd4aefda10/2/4,long_rvos,bd4aefda10,2,4,static,predicted_static,box,False,3,7,431,,0.0,0.0,0.0,0.0,0.0,0.0,1.0,,,,,
long_rvos/bd4aefda10/2/4,long_rvos,bd4aefda10,2,4,static,oracle_identity,point,True,0,1,107,,0.0,0.0,0.0,0.0,0.0,0.0,1.0,,1,[],[],
long_rvos/bd4aefda10/2/4,long_rvos,bd4aefda10,2,4,static,oracle_identity,point,True,1,3,215,,0.0,0.0,0.0,0.0,0.0,0.0,1.0,,2,[],[],
long_rvos/bd4aefda10/2/4,long_rvos,bd4aefda10,2,4,static,oracle_identity,point,True,2,5,323,,0.0,0.0,0.0,0.0,0.0,0.0,1.0,,3,[],[],
long_rvos/bd4aefda10/2/4,long_rvos,bd4aefda10,2,4,static,oracle_identity,point,True,3,7,431,,0.0,0.0,0.0,0.0,0.0,0.0,1.0,,4,[],[],
long_rvos/bd4aefda10/2/4,long_rvos,bd4aefda10,2,4,static,oracle_identity,box,True,0,1,107,,0.0,0.0,0.0,0.0,0.0,0.0,1.0,,,,,
long_rvos/bd4aefda10/2/4,long_rvos,bd4aefda10,2,4,static,oracle_identity,box,True,1,3,215,,0.0,0.0,0.0,0.0,0.0,0.0,1.0,,,,,
long_rvos/bd4aefda10/2/4,long_rvos,bd4aefda10,2,4,static,oracle_identity,box,True,2,5,323,,0.0,0.0,0.0,0.0,0.0,0.0,1.0,,,,,
long_rvos/bd4aefda10/2/4,long_rvos,bd4aefda10,2,4,static,oracle_identity,box,True,3,7,431,,0.0,0.0,0.0,0.0,0.0,0.0,1.0,,,,,
long_rvos/bd4aefda10/2/6,long_rvos,bd4aefda10,2,6,static,predicted_static,point,False,0,1,107,0,0.0,0.0,0.0,0.0,0.0,0.0,0.0,,1,[],[],
long_rvos/bd4aefda10/2/6,long_rvos,bd4aefda10,2,6,static,predicted_static,point,False,1,3,215,0,0.0,0.0,0.0,0.0,0.0,0.0,0.0,,2,[],[],
long_rvos/bd4aefda10/2/6,long_rvos,bd4aefda10,2,6,static,predicted_static,point,False,2,5,323,0,0.0,0.0,0.0,0.0,0.0,0.0,0.0,,3,[],[],
long_rvos/bd4aefda10/2/6,long_rvos,bd4aefda10,2,6,static,predicted_static,point,False,3,7,431,0,0.0,0.0,0.0,0.0,0.0,0.0,0.0,,4,[],[],
long_rvos/bd4aefda10/2/6,long_rvos,bd4aefda10,2,6,static,predicted_static,box,False,0,1,107,0,0.0,0.0,0.0,0.0,0.0,0.0,0.6631180506269222,"[0.340625, 0.17916666666666667, 0.51875, 0.8208333333333333]",,,,0
long_rvos/bd4aefda10/2/6,long_rvos,bd4aefda10,2,6,static,predicted_static,box,False,1,3,215,0,0.0,0.0,0.0,0.0,0.0,0.0,0.9346576058546785,"[0.340625, 0.1625, 0.496875, 0.8375]",,,,0
long_rvos/bd4aefda10/2/6,long_rvos,bd4aefda10,2,6,static,predicted_static,box,False,2,5,323,0,0.0,0.0,0.0,0.0,0.0,0.0,0.9509444342563727,"[0.34375, 0.17083333333333334, 0.521875, 0.8291666666666667]",,,,0
long_rvos/bd4aefda10/2/6,long_rvos,bd4aefda10,2,6,static,predicted_static,box,False,3,7,431,0,0.0,0.0,0.0,0.0,0.0,0.0,0.918763547262275,"[0.34375, 0.17916666666666667, 0.5125, 0.8208333333333333]",,,,0
long_rvos/bd4aefda10/2/6,long_rvos,bd4aefda10,2,6,static,oracle_identity,point,True,0,1,107,10,0.0,0.0,0.0,0.0,0.0,0.0,1.0,,1,[],[],
long_rvos/bd4aefda10/2/6,long_rvos,bd4aefda10,2,6,static,oracle_identity,point,True,1,3,215,10,0.0,0.0,0.0,0.0,0.0,0.0,1.0,,2,[],[],
long_rvos/bd4aefda10/2/6,long_rvos,bd4aefda10,2,6,static,oracle_identity,point,True,2,5,323,10,0.8922542204568024,0.961410945369977,0.9268325829133897,0.0,0.0,0.0,0.0,,3,[],[],
long_rvos/bd4aefda10/2/6,long_rvos,bd4aefda10,2,6,static,oracle_identity,point,True,3,7,431,10,0.3646570286065826,0.696137723761567,0.5303973761840748,0.0,0.0,0.0,0.0,,4,[],[],
long_rvos/bd4aefda10/2/6,long_rvos,bd4aefda10,2,6,static,oracle_identity,box,True,0,1,107,10,0.0,0.0,0.0,0.0,0.0,0.0,1.0,,,,,
long_rvos/bd4aefda10/2/6,long_rvos,bd4aefda10,2,6,static,oracle_identity,box,True,1,3,215,10,0.0,0.0,0.0,0.0,0.0,0.0,1.0,,,,,
long_rvos/bd4aefda10/2/6,long_rvos,bd4aefda10,2,6,static,oracle_identity,box,True,2,5,323,10,0.8922542204568024,0.961410945369977,0.9268325829133897,0.8662179908076165,0.9382134795227346,0.9022157351651756,0.9524532119372787,"[0.078125, 0.2916666666666667, 0.253125, 0.7083333333333334]",,,,0
long_rvos/bd4aefda10/2/6,long_rvos,bd4aefda10,2,6,static,oracle_identity,box,True,3,7,431,10,0.3646570286065826,0.696137723761567,0.5303973761840748,0.36451316595223515,0.6872066543428472,0.5258599101475412,0.948811146448584,"[0.08125, 0.2833333333333333, 0.303125, 0.7166666666666667]",,,,0
long_rvos/af3ad95fe0/5/9,long_rvos,af3ad95fe0,5,9,dynamic,predicted_static,point,False,0,1,134,0,1.0,1.0,1.0,1.0,1.0,1.0,1.0,,1,[],[],
long_rvos/af3ad95fe0/5/9,long_rvos,af3ad95fe0,5,9,dynamic,predicted_static,point,False,1,3,269,1,0.749509483322433,1.0,0.8747547416612165,0.0,0.0,0.0,0.0,,2,[],[],
long_rvos/af3ad95fe0/5/9,long_rvos,af3ad95fe0,5,9,dynamic,predicted_static,point,False,2,5,404,1,0.8769143505388542,1.0,0.9384571752694271,0.0,0.0,0.0,0.0,,3,[],[],
long_rvos/af3ad95fe0/5/9,long_rvos,af3ad95fe0,5,9,dynamic,predicted_static,point,False,3,7,539,4,0.8260416666666667,1.0,0.9130208333333334,0.0,0.0,0.0,0.0,,4,[],[],
long_rvos/af3ad95fe0/5/9,long_rvos,af3ad95fe0,5,9,dynamic,predicted_static,box,False,0,1,134,0,1.0,1.0,1.0,1.0,1.0,1.0,1.0,,,,,
long_rvos/af3ad95fe0/5/9,long_rvos,af3ad95fe0,5,9,dynamic,predicted_static,box,False,1,3,269,1,0.749509483322433,1.0,0.8747547416612165,0.7406434668417596,1.0,0.8703217334208798,0.974320241691843,"[0.5359375, 0.48125, 0.109375, 0.07916666666666666]",,,,0
long_rvos/af3ad95fe0/5/9,long_rvos,af3ad95fe0,5,9,dynamic,predicted_static,box,False,2,5,404,1,0.8769143505388542,1.0,0.9384571752694271,0.8830210107893243,1.0,0.9415105053946622,0.9695227142035653,"[0.49375, 0.26875, 0.0984375, 0.12291666666666666]",,,,0
long_rvos/af3ad95fe0/5/9,long_rvos,af3ad95fe0,5,9,dynamic,predicted_static,box,False,3,7,539,4,0.8260416666666667,1.0,0.9130208333333334,0.0,0.0,0.0,0.0,"[0.2359375, 0.5979166666666667, 0.059375, 0.13333333333333333]",,,,
long_rvos/af3ad95fe0/5/9,long_rvos,af3ad95fe0,5,9,dynamic,oracle_identity,point,True,0,1,134,1,1.0,1.0,1.0,1.0,1.0,1.0,1.0,,1,[],[],
long_rvos/af3ad95fe0/5/9,long_rvos,af3ad95fe0,5,9,dynamic,oracle_identity,point,True,1,3,269,1,0.749509483322433,1.0,0.8747547416612165,0.0,0.0,0.0,0.0,,2,[],[],
long_rvos/af3ad95fe0/5/9,long_rvos,af3ad95fe0,5,9,dynamic,oracle_identity,point,True,2,5,404,1,0.8769143505388542,1.0,0.9384571752694271,0.0,0.0,0.0,0.0,,3,[],[],
long_rvos/af3ad95fe0/5/9,long_rvos,af3ad95fe0,5,9,dynamic,oracle_identity,point,True,3,7,539,1,0.0,0.0,0.0,0.0,0.0,0.0,1.0,,4,[],[],
long_rvos/af3ad95fe0/5/9,long_rvos,af3ad95fe0,5,9,dynamic,oracle_identity,box,True,0,1,134,1,1.0,1.0,1.0,1.0,1.0,1.0,1.0,,,,,
long_rvos/af3ad95fe0/5/9,long_rvos,af3ad95fe0,5,9,dynamic,oracle_identity,box,True,1,3,269,1,0.749509483322433,1.0,0.8747547416612165,0.7406434668417596,1.0,0.8703217334208798,0.974320241691843,"[0.5359375, 0.48125, 0.109375, 0.07916666666666666]",,,,0
long_rvos/af3ad95fe0/5/9,long_rvos,af3ad95fe0,5,9,dynamic,oracle_identity,box,True,2,5,404,1,0.8769143505388542,1.0,0.9384571752694271,0.8830210107893243,1.0,0.9415105053946622,0.9695227142035653,"[0.49375, 0.26875, 0.0984375, 0.12291666666666666]",,,,0
long_rvos/af3ad95fe0/5/9,long_rvos,af3ad95fe0,5,9,dynamic,oracle_identity,box,True,3,7,539,1,0.0,0.0,0.0,0.0,0.0,0.0,1.0,,,,,
long_rvos/af3ad95fe0/5/16,long_rvos,af3ad95fe0,5,16,hybrid,predicted_static,point,False,0,1,134,1,0.0,0.0,0.0,1.0,1.0,1.0,0.0,,1,[],[],
long_rvos/af3ad95fe0/5/16,long_rvos,af3ad95fe0,5,16,hybrid,predicted_static,point,False,1,3,269,0,0.00015008254539996998,0.05802597895136057,0.029088030748380272,0.0,0.0,0.0,0.0,,2,[],[],
long_rvos/af3ad95fe0/5/16,long_rvos,af3ad95fe0,5,16,hybrid,predicted_static,point,False,2,5,404,2,0.0,0.0,0.0,0.0,0.0,0.0,1.0,,3,[],[],
long_rvos/af3ad95fe0/5/16,long_rvos,af3ad95fe0,5,16,hybrid,predicted_static,point,False,3,7,539,0,7.192174913693901e-05,0.18408396313582412,0.09207794244248053,0.0,0.0,0.0,0.0,,4,[],[],
long_rvos/af3ad95fe0/5/16,long_rvos,af3ad95fe0,5,16,hybrid,predicted_static,box,False,0,1,134,1,0.0,0.0,0.0,0.0,0.0,0.0,0.9842514124293785,"[0.48125, 0.45208333333333334, 0.15, 0.45]",,,,0
long_rvos/af3ad95fe0/5/16,long_rvos,af3ad95fe0,5,16,hybrid,predicted_static,box,False,1,3,269,0,0.00015008254539996998,0.05802597895136057,0.029088030748380272,0.0,0.04169851970255056,0.02084925985127528,0.9710269342204099,"[0.6390625, 0.4125, 0.2546875, 0.5333333333333333]",,,,0
long_rvos/af3ad95fe0/5/16,long_rvos,af3ad95fe0,5,16,hybrid,predicted_static,box,False,2,5,404,2,0.0,0.0,0.0,0.0,0.0,0.0,1.0,,,,,
long_rvos/af3ad95fe0/5/16,long_rvos,af3ad95fe0,5,16,hybrid,predicted_static,box,False,3,7,539,0,7.192174913693901e-05,0.18408396313582412,0.09207794244248053,0.0,0.0,0.0,0.0,"[0.0, 0.2520833333333333, 0.3203125, 0.45625]",,,,
long_rvos/af3ad95fe0/5/16,long_rvos,af3ad95fe0,5,16,hybrid,oracle_identity,point,True,0,1,134,2,1.0,1.0,1.0,1.0,1.0,1.0,1.0,,1,[],[],
long_rvos/af3ad95fe0/5/16,long_rvos,af3ad95fe0,5,16,hybrid,oracle_identity,point,True,1,3,269,2,0.0,0.0,0.0,0.0,0.0,0.0,1.0,,2,[],[],
long_rvos/af3ad95fe0/5/16,long_rvos,af3ad95fe0,5,16,hybrid,oracle_identity,point,True,2,5,404,2,0.0,0.0,0.0,0.0,0.0,0.0,1.0,,3,[],[],
long_rvos/af3ad95fe0/5/16,long_rvos,af3ad95fe0,5,16,hybrid,oracle_identity,point,True,3,7,539,2,0.0,0.0,0.0,0.0,0.0,0.0,1.0,,4,[],[],
long_rvos/af3ad95fe0/5/16,long_rvos,af3ad95fe0,5,16,hybrid,oracle_identity,box,True,0,1,134,2,1.0,1.0,1.0,1.0,1.0,1.0,1.0,,,,,
long_rvos/af3ad95fe0/5/16,long_rvos,af3ad95fe0,5,16,hybrid,oracle_identity,box,True,1,3,269,2,0.0,0.0,0.0,0.0,0.0,0.0,1.0,,,,,
long_rvos/af3ad95fe0/5/16,long_rvos,af3ad95fe0,5,16,hybrid,oracle_identity,box,True,2,5,404,2,0.0,0.0,0.0,0.0,0.0,0.0,1.0,,,,,
long_rvos/af3ad95fe0/5/16,long_rvos,af3ad95fe0,5,16,hybrid,oracle_identity,box,True,3,7,539,2,0.0,0.0,0.0,0.0,0.0,0.0,1.0,,,,,
long_rvos/20eaede0fb/2/5,long_rvos,20eaede0fb,2,5,dynamic,predicted_static,point,False,0,1,58,0,0.0,0.0,0.0,0.0,0.0,0.0,1.0,,1,[],[],
long_rvos/20eaede0fb/2/5,long_rvos,20eaede0fb,2,5,dynamic,predicted_static,point,False,1,3,117,2,0.0,0.0,0.0,1.0,1.0,1.0,0.0,,2,[],[],
long_rvos/20eaede0fb/2/5,long_rvos,20eaede0fb,2,5,dynamic,predicted_static,point,False,2,5,175,3,0.0,0.0,0.0,1.0,1.0,1.0,0.0,,3,[],[],
long_rvos/20eaede0fb/2/5,long_rvos,20eaede0fb,2,5,dynamic,predicted_static,point,False,3,7,234,3,0.0,0.0,0.0,0.0,0.0,0.0,0.0,,4,[],[],
long_rvos/20eaede0fb/2/5,long_rvos,20eaede0fb,2,5,dynamic,predicted_static,box,False,0,1,58,0,0.0,0.0,0.0,0.0,0.0,0.0,1.0,,,,,
long_rvos/20eaede0fb/2/5,long_rvos,20eaede0fb,2,5,dynamic,predicted_static,box,False,1,3,117,2,0.0,0.0,0.0,0.0,0.0,0.0,0.314037882811117,"[0.175, 0.4041666666666667, 0.5796875, 0.2]",,,,0
long_rvos/20eaede0fb/2/5,long_rvos,20eaede0fb,2,5,dynamic,predicted_static,box,False,2,5,175,3,0.0,0.0,0.0,0.0,0.0,0.0,0.8481675392670157,"[0.471875, 0.41458333333333336, 0.0890625, 0.12708333333333333]",,,,0
long_rvos/20eaede0fb/2/5,long_rvos,20eaede0fb,2,5,dynamic,predicted_static,box,False,3,7,234,3,0.0,0.0,0.0,0.0,0.0,0.0,0.9217665615141956,"[0.5546875, 0.6208333333333333, 0.1328125, 0.1875]",,,,0
long_rvos/20eaede0fb/2/5,long_rvos,20eaede0fb,2,5,dynamic,oracle_identity,point,True,0,1,58,0,0.0,0.0,0.0,0.0,0.0,0.0,1.0,,1,[],[],
long_rvos/20eaede0fb/2/5,long_rvos,20eaede0fb,2,5,dynamic,oracle_identity,point,True,1,3,117,0,1.0,1.0,1.0,1.0,1.0,1.0,1.0,,2,[],[],
long_rvos/20eaede0fb/2/5,long_rvos,20eaede0fb,2,5,dynamic,oracle_identity,point,True,2,5,175,0,1.0,1.0,1.0,1.0,1.0,1.0,1.0,,3,[],[],
long_rvos/20eaede0fb/2/5,long_rvos,20eaede0fb,2,5,dynamic,oracle_identity,point,True,3,7,234,0,0.0,0.0,0.0,0.0,0.0,0.0,1.0,,4,[],[],
long_rvos/20eaede0fb/2/5,long_rvos,20eaede0fb,2,5,dynamic,oracle_identity,box,True,0,1,58,0,0.0,0.0,0.0,0.0,0.0,0.0,1.0,,,,,
long_rvos/20eaede0fb/2/5,long_rvos,20eaede0fb,2,5,dynamic,oracle_identity,box,True,1,3,117,0,1.0,1.0,1.0,1.0,1.0,1.0,1.0,,,,,
long_rvos/20eaede0fb/2/5,long_rvos,20eaede0fb,2,5,dynamic,oracle_identity,box,True,2,5,175,0,1.0,1.0,1.0,1.0,1.0,1.0,1.0,,,,,
long_rvos/20eaede0fb/2/5,long_rvos,20eaede0fb,2,5,dynamic,oracle_identity,box,True,3,7,234,0,0.0,0.0,0.0,0.0,0.0,0.0,1.0,,,,,
long_rvos/20eaede0fb/2/8,long_rvos,20eaede0fb,2,8,hybrid,predicted_static,point,False,0,1,58,,0.0,0.0,0.0,0.0,0.0,0.0,1.0,,1,[],[],
long_rvos/20eaede0fb/2/8,long_rvos,20eaede0fb,2,8,hybrid,predicted_static,point,False,1,3,117,,1.0,1.0,1.0,1.0,1.0,1.0,1.0,,2,[],[],
long_rvos/20eaede0fb/2/8,long_rvos,20eaede0fb,2,8,hybrid,predicted_static,point,False,2,5,175,,1.0,1.0,1.0,1.0,1.0,1.0,1.0,,3,[],[],
long_rvos/20eaede0fb/2/8,long_rvos,20eaede0fb,2,8,hybrid,predicted_static,point,False,3,7,234,,0.0,0.0,0.0,0.0,0.0,0.0,1.0,,4,[],[],
long_rvos/20eaede0fb/2/8,long_rvos,20eaede0fb,2,8,hybrid,predicted_static,box,False,0,1,58,,0.0,0.0,0.0,0.0,0.0,0.0,1.0,,,,,
long_rvos/20eaede0fb/2/8,long_rvos,20eaede0fb,2,8,hybrid,predicted_static,box,False,1,3,117,,1.0,1.0,1.0,1.0,1.0,1.0,1.0,,,,,
long_rvos/20eaede0fb/2/8,long_rvos,20eaede0fb,2,8,hybrid,predicted_static,box,False,2,5,175,,1.0,1.0,1.0,1.0,1.0,1.0,1.0,,,,,
long_rvos/20eaede0fb/2/8,long_rvos,20eaede0fb,2,8,hybrid,predicted_static,box,False,3,7,234,,0.0,0.0,0.0,0.0,0.0,0.0,1.0,,,,,
long_rvos/20eaede0fb/2/8,long_rvos,20eaede0fb,2,8,hybrid,oracle_identity,point,True,0,1,58,,0.0,0.0,0.0,0.0,0.0,0.0,1.0,,1,[],[],
long_rvos/20eaede0fb/2/8,long_rvos,20eaede0fb,2,8,hybrid,oracle_identity,point,True,1,3,117,,1.0,1.0,1.0,1.0,1.0,1.0,1.0,,2,[],[],
long_rvos/20eaede0fb/2/8,long_rvos,20eaede0fb,2,8,hybrid,oracle_identity,point,True,2,5,175,,1.0,1.0,1.0,1.0,1.0,1.0,1.0,,3,[],[],
long_rvos/20eaede0fb/2/8,long_rvos,20eaede0fb,2,8,hybrid,oracle_identity,point,True,3,7,234,,0.0,0.0,0.0,0.0,0.0,0.0,1.0,,4,[],[],
long_rvos/20eaede0fb/2/8,long_rvos,20eaede0fb,2,8,hybrid,oracle_identity,box,True,0,1,58,,0.0,0.0,0.0,0.0,0.0,0.0,1.0,,,,,
long_rvos/20eaede0fb/2/8,long_rvos,20eaede0fb,2,8,hybrid,oracle_identity,box,True,1,3,117,,1.0,1.0,1.0,1.0,1.0,1.0,1.0,,,,,
long_rvos/20eaede0fb/2/8,long_rvos,20eaede0fb,2,8,hybrid,oracle_identity,box,True,2,5,175,,1.0,1.0,1.0,1.0,1.0,1.0,1.0,,,,,
long_rvos/20eaede0fb/2/8,long_rvos,20eaede0fb,2,8,hybrid,oracle_identity,box,True,3,7,234,,0.0,0.0,0.0,0.0,0.0,0.0,1.0,,,,,
long_rvos/20eaede0fb/2/4,long_rvos,20eaede0fb,2,4,static,predicted_static,point,False,0,1,58,,0.0,0.0,0.0,0.0,0.0,0.0,1.0,,1,[],[],
long_rvos/20eaede0fb/2/4,long_rvos,20eaede0fb,2,4,static,predicted_static,point,False,1,3,117,,1.0,1.0,1.0,1.0,1.0,1.0,1.0,,2,[],[],
long_rvos/20eaede0fb/2/4,long_rvos,20eaede0fb,2,4,static,predicted_static,point,False,2,5,175,,1.0,1.0,1.0,1.0,1.0,1.0,1.0,,3,[],[],
long_rvos/20eaede0fb/2/4,long_rvos,20eaede0fb,2,4,static,predicted_static,point,False,3,7,234,,0.0,0.0,0.0,0.0,0.0,0.0,1.0,,4,[],[],
long_rvos/20eaede0fb/2/4,long_rvos,20eaede0fb,2,4,static,predicted_static,box,False,0,1,58,,0.0,0.0,0.0,0.0,0.0,0.0,1.0,,,,,
long_rvos/20eaede0fb/2/4,long_rvos,20eaede0fb,2,4,static,predicted_static,box,False,1,3,117,,1.0,1.0,1.0,1.0,1.0,1.0,1.0,,,,,
long_rvos/20eaede0fb/2/4,long_rvos,20eaede0fb,2,4,static,predicted_static,box,False,2,5,175,,1.0,1.0,1.0,1.0,1.0,1.0,1.0,,,,,
long_rvos/20eaede0fb/2/4,long_rvos,20eaede0fb,2,4,static,predicted_static,box,False,3,7,234,,0.0,0.0,0.0,0.0,0.0,0.0,1.0,,,,,
long_rvos/20eaede0fb/2/4,long_rvos,20eaede0fb,2,4,static,oracle_identity,point,True,0,1,58,,0.0,0.0,0.0,0.0,0.0,0.0,1.0,,1,[],[],
long_rvos/20eaede0fb/2/4,long_rvos,20eaede0fb,2,4,static,oracle_identity,point,True,1,3,117,,1.0,1.0,1.0,1.0,1.0,1.0,1.0,,2,[],[],
long_rvos/20eaede0fb/2/4,long_rvos,20eaede0fb,2,4,static,oracle_identity,point,True,2,5,175,,1.0,1.0,1.0,1.0,1.0,1.0,1.0,,3,[],[],
long_rvos/20eaede0fb/2/4,long_rvos,20eaede0fb,2,4,static,oracle_identity,point,True,3,7,234,,0.0,0.0,0.0,0.0,0.0,0.0,1.0,,4,[],[],
long_rvos/20eaede0fb/2/4,long_rvos,20eaede0fb,2,4,static,oracle_identity,box,True,0,1,58,,0.0,0.0,0.0,0.0,0.0,0.0,1.0,,,,,
long_rvos/20eaede0fb/2/4,long_rvos,20eaede0fb,2,4,static,oracle_identity,box,True,1,3,117,,1.0,1.0,1.0,1.0,1.0,1.0,1.0,,,,,
long_rvos/20eaede0fb/2/4,long_rvos,20eaede0fb,2,4,static,oracle_identity,box,True,2,5,175,,1.0,1.0,1.0,1.0,1.0,1.0,1.0,,,,,
long_rvos/20eaede0fb/2/4,long_rvos,20eaede0fb,2,4,static,oracle_identity,box,True,3,7,234,,0.0,0.0,0.0,0.0,0.0,0.0,1.0,,,,,
long_rvos/b5c9c04bf9/5/3,long_rvos,b5c9c04bf9,5,3,dynamic,predicted_static,point,False,0,1,58,0,0.0,0.0,0.0,0.0,0.0,0.0,1.0,,1,[],[],
long_rvos/b5c9c04bf9/5/3,long_rvos,b5c9c04bf9,5,3,dynamic,predicted_static,point,False,1,3,117,0,0.0,0.0,0.0,0.0,0.0,0.0,1.0,,2,[],[],
long_rvos/b5c9c04bf9/5/3,long_rvos,b5c9c04bf9,5,3,dynamic,predicted_static,point,False,2,5,175,2,0.9771647034511263,0.9958333333333333,0.9864990183922298,0.0,0.0,0.0,0.0,,3,[],[],
long_rvos/b5c9c04bf9/5/3,long_rvos,b5c9c04bf9,5,3,dynamic,predicted_static,point,False,3,7,234,0,0.0,0.0,0.0,0.0,0.0,0.0,1.0,,4,[],[],
long_rvos/b5c9c04bf9/5/3,long_rvos,b5c9c04bf9,5,3,dynamic,predicted_static,box,False,0,1,58,0,0.0,0.0,0.0,0.0,0.0,0.0,1.0,,,,,
long_rvos/b5c9c04bf9/5/3,long_rvos,b5c9c04bf9,5,3,dynamic,predicted_static,box,False,1,3,117,0,0.0,0.0,0.0,0.0,0.0,0.0,1.0,,,,,
long_rvos/b5c9c04bf9/5/3,long_rvos,b5c9c04bf9,5,3,dynamic,predicted_static,box,False,2,5,175,2,0.9771647034511263,0.9958333333333333,0.9864990183922298,0.0,0.0,0.0,0.0,"[0.559375, 0.5736111111111111, 0.075, 0.4263888888888889]",,,,
long_rvos/b5c9c04bf9/5/3,long_rvos,b5c9c04bf9,5,3,dynamic,predicted_static,box,False,3,7,234,0,0.0,0.0,0.0,0.0,0.0,0.0,1.0,,,,,
long_rvos/b5c9c04bf9/5/3,long_rvos,b5c9c04bf9,5,3,dynamic,oracle_identity,point,True,0,1,58,2,0.9405034324942791,0.9875,0.9640017162471396,0.0,0.0,0.0,0.0,,1,[],[],
long_rvos/b5c9c04bf9/5/3,long_rvos,b5c9c04bf9,5,3,dynamic,oracle_identity,point,True,1,3,117,2,0.9397021431166,1.0,0.9698510715583,0.0,0.0,0.0,0.0,,2,[],[],
long_rvos/b5c9c04bf9/5/3,long_rvos,b5c9c04bf9,5,3,dynamic,oracle_identity,point,True,2,5,175,2,0.9771647034511263,0.9958333333333333,0.9864990183922298,0.0,0.0,0.0,0.0,,3,[],[],
long_rvos/b5c9c04bf9/5/3,long_rvos,b5c9c04bf9,5,3,dynamic,oracle_identity,point,True,3,7,234,2,0.937007874015748,0.9574468085106383,0.9472273412631932,0.0,0.0,0.0,0.0,,4,[],[],
long_rvos/b5c9c04bf9/5/3,long_rvos,b5c9c04bf9,5,3,dynamic,oracle_identity,box,True,0,1,58,2,0.9405034324942791,0.9875,0.9640017162471396,0.0,0.0,0.0,0.0,"[0.24609375, 0.7652777777777777, 0.096875, 0.23472222222222222]",,,,
long_rvos/b5c9c04bf9/5/3,long_rvos,b5c9c04bf9,5,3,dynamic,oracle_identity,box,True,1,3,117,2,0.9397021431166,1.0,0.9698510715583,0.0,0.0,0.0,0.0,"[0.115625, 0.7472222222222222, 0.0828125, 0.25277777777777777]",,,,
long_rvos/b5c9c04bf9/5/3,long_rvos,b5c9c04bf9,5,3,dynamic,oracle_identity,box,True,2,5,175,2,0.9771647034511263,0.9958333333333333,0.9864990183922298,0.0,0.0,0.0,0.0,"[0.559375, 0.5736111111111111, 0.075, 0.4263888888888889]",,,,
long_rvos/b5c9c04bf9/5/3,long_rvos,b5c9c04bf9,5,3,dynamic,oracle_identity,box,True,3,7,234,2,0.937007874015748,0.9574468085106383,0.9472273412631932,0.0,0.0,0.0,0.0,"[0.153125, 0.5319444444444444, 0.04765625, 0.46805555555555556]",,,,
long_rvos/b5c9c04bf9/5/7,long_rvos,b5c9c04bf9,5,7,hybrid,predicted_static,point,False,0,1,58,0,0.0,0.0,0.0,0.0,0.0,0.0,1.0,,1,[],[],
long_rvos/b5c9c04bf9/5/7,long_rvos,b5c9c04bf9,5,7,hybrid,predicted_static,point,False,1,3,117,0,0.0,0.0,0.0,0.0,0.0,0.0,1.0,,2,[],[],
long_rvos/b5c9c04bf9/5/7,long_rvos,b5c9c04bf9,5,7,hybrid,predicted_static,point,False,2,5,175,0,0.0,0.0,0.0,0.0,0.0,0.0,1.0,,3,[],[],
long_rvos/b5c9c04bf9/5/7,long_rvos,b5c9c04bf9,5,7,hybrid,predicted_static,point,False,3,7,234,0,0.0,0.0,0.0,0.0,0.0,0.0,1.0,,4,[],[],
long_rvos/b5c9c04bf9/5/7,long_rvos,b5c9c04bf9,5,7,hybrid,predicted_static,box,False,0,1,58,0,0.0,0.0,0.0,0.0,0.0,0.0,1.0,,,,,
long_rvos/b5c9c04bf9/5/7,long_rvos,b5c9c04bf9,5,7,hybrid,predicted_static,box,False,1,3,117,0,0.0,0.0,0.0,0.0,0.0,0.0,1.0,,,,,
long_rvos/b5c9c04bf9/5/7,long_rvos,b5c9c04bf9,5,7,hybrid,predicted_static,box,False,2,5,175,0,0.0,0.0,0.0,0.0,0.0,0.0,1.0,,,,,
long_rvos/b5c9c04bf9/5/7,long_rvos,b5c9c04bf9,5,7,hybrid,predicted_static,box,False,3,7,234,0,0.0,0.0,0.0,0.0,0.0,0.0,1.0,,,,,
long_rvos/b5c9c04bf9/5/7,long_rvos,b5c9c04bf9,5,7,hybrid,oracle_identity,point,True,0,1,58,12,0.8577235772357723,0.9878787878787879,0.9228011825572802,0.0,0.0,0.0,0.0,,1,[],[],
long_rvos/b5c9c04bf9/5/7,long_rvos,b5c9c04bf9,5,7,hybrid,oracle_identity,point,True,1,3,117,12,0.0,0.0,0.0,0.0,0.0,0.0,1.0,,2,[],[],
long_rvos/b5c9c04bf9/5/7,long_rvos,b5c9c04bf9,5,7,hybrid,oracle_identity,point,True,2,5,175,12,0.0,0.0,0.0,0.0,0.0,0.0,1.0,,3,[],[],
long_rvos/b5c9c04bf9/5/7,long_rvos,b5c9c04bf9,5,7,hybrid,oracle_identity,point,True,3,7,234,12,0.0,0.0,0.0,0.0,0.0,0.0,1.0,,4,[],[],
long_rvos/b5c9c04bf9/5/7,long_rvos,b5c9c04bf9,5,7,hybrid,oracle_identity,box,True,0,1,58,12,0.8577235772357723,0.9878787878787879,0.9228011825572802,0.8403164371520656,0.9625754527162977,0.9014459449341816,0.7533803644914756,"[0.17109375, 0.7652777777777777, 0.11953125, 0.23472222222222222]",,,,0
long_rvos/b5c9c04bf9/5/7,long_rvos,b5c9c04bf9,5,7,hybrid,oracle_identity,box,True,1,3,117,12,0.0,0.0,0.0,0.0,0.0,0.0,1.0,,,,,
long_rvos/b5c9c04bf9/5/7,long_rvos,b5c9c04bf9,5,7,hybrid,oracle_identity,box,True,2,5,175,12,0.0,0.0,0.0,0.0,0.0,0.0,1.0,,,,,
long_rvos/b5c9c04bf9/5/7,long_rvos,b5c9c04bf9,5,7,hybrid,oracle_identity,box,True,3,7,234,12,0.0,0.0,0.0,0.0,0.0,0.0,1.0,,,,,
long_rvos/b5c9c04bf9/5/2,long_rvos,b5c9c04bf9,5,2,static,predicted_static,point,False,0,1,58,0,0.0,0.0,0.0,0.0,0.0,0.0,1.0,,1,[],[],
long_rvos/b5c9c04bf9/5/2,long_rvos,b5c9c04bf9,5,2,static,predicted_static,point,False,1,3,117,0,0.0,0.0,0.0,0.0,0.0,0.0,1.0,,2,[],[],
long_rvos/b5c9c04bf9/5/2,long_rvos,b5c9c04bf9,5,2,static,predicted_static,point,False,2,5,175,0,0.0,0.0,0.0,0.0,0.0,0.0,1.0,,3,[],[],
long_rvos/b5c9c04bf9/5/2,long_rvos,b5c9c04bf9,5,2,static,predicted_static,point,False,3,7,234,0,0.0,0.0,0.0,0.0,0.0,0.0,1.0,,4,[],[],
long_rvos/b5c9c04bf9/5/2,long_rvos,b5c9c04bf9,5,2,static,predicted_static,box,False,0,1,58,0,0.0,0.0,0.0,0.0,0.0,0.0,1.0,,,,,
long_rvos/b5c9c04bf9/5/2,long_rvos,b5c9c04bf9,5,2,static,predicted_static,box,False,1,3,117,0,0.0,0.0,0.0,0.0,0.0,0.0,1.0,,,,,
long_rvos/b5c9c04bf9/5/2,long_rvos,b5c9c04bf9,5,2,static,predicted_static,box,False,2,5,175,0,0.0,0.0,0.0,0.0,0.0,0.0,1.0,,,,,
long_rvos/b5c9c04bf9/5/2,long_rvos,b5c9c04bf9,5,2,static,predicted_static,box,False,3,7,234,0,0.0,0.0,0.0,0.0,0.0,0.0,1.0,,,,,
long_rvos/b5c9c04bf9/5/2,long_rvos,b5c9c04bf9,5,2,static,oracle_identity,point,True,0,1,58,12,0.8577235772357723,0.9878787878787879,0.9228011825572802,0.0,0.0,0.0,0.0,,1,[],[],
long_rvos/b5c9c04bf9/5/2,long_rvos,b5c9c04bf9,5,2,static,oracle_identity,point,True,1,3,117,12,0.0,0.0,0.0,0.0,0.0,0.0,1.0,,2,[],[],
long_rvos/b5c9c04bf9/5/2,long_rvos,b5c9c04bf9,5,2,static,oracle_identity,point,True,2,5,175,12,0.0,0.0,0.0,0.0,0.0,0.0,1.0,,3,[],[],
long_rvos/b5c9c04bf9/5/2,long_rvos,b5c9c04bf9,5,2,static,oracle_identity,point,True,3,7,234,12,0.0,0.0,0.0,0.0,0.0,0.0,1.0,,4,[],[],
long_rvos/b5c9c04bf9/5/2,long_rvos,b5c9c04bf9,5,2,static,oracle_identity,box,True,0,1,58,12,0.8577235772357723,0.9878787878787879,0.9228011825572802,0.8403164371520656,0.9625754527162977,0.9014459449341816,0.7533803644914756,"[0.17109375, 0.7652777777777777, 0.11953125, 0.23472222222222222]",,,,0
long_rvos/b5c9c04bf9/5/2,long_rvos,b5c9c04bf9,5,2,static,oracle_identity,box,True,1,3,117,12,0.0,0.0,0.0,0.0,0.0,0.0,1.0,,,,,
long_rvos/b5c9c04bf9/5/2,long_rvos,b5c9c04bf9,5,2,static,oracle_identity,box,True,2,5,175,12,0.0,0.0,0.0,0.0,0.0,0.0,1.0,,,,,
long_rvos/b5c9c04bf9/5/2,long_rvos,b5c9c04bf9,5,2,static,oracle_identity,box,True,3,7,234,12,0.0,0.0,0.0,0.0,0.0,0.0,1.0,,,,,
long_rvos/5c0c9c0098/3/9,long_rvos,5c0c9c0098,3,9,dynamic,predicted_static,point,False,0,1,58,0,0.0,0.0,0.0,1.0,1.0,1.0,0.0,,1,[],[],
long_rvos/5c0c9c0098/3/9,long_rvos,5c0c9c0098,3,9,dynamic,predicted_static,point,False,1,3,117,0,0.0,0.0,0.0,0.0,0.0,0.0,0.0,,2,[],[],
long_rvos/5c0c9c0098/3/9,long_rvos,5c0c9c0098,3,9,dynamic,predicted_static,point,False,2,5,175,1,0.0,0.0,0.0,0.0,0.0,0.0,1.0,,3,[],[],
long_rvos/5c0c9c0098/3/9,long_rvos,5c0c9c0098,3,9,dynamic,predicted_static,point,False,3,7,234,0,0.0,0.0,0.0,0.0,0.0,0.0,0.0,,4,[],[],
long_rvos/5c0c9c0098/3/9,long_rvos,5c0c9c0098,3,9,dynamic,predicted_static,box,False,0,1,58,0,0.0,0.0,0.0,0.0,0.0,0.0,0.9308175342597838,"[0.50078125, 0.175, 0.18515625, 0.825]",,,,0
long_rvos/5c0c9c0098/3/9,long_rvos,5c0c9c0098,3,9,dynamic,predicted_static,box,False,1,3,117,0,0.0,0.0,0.0,0.0,0.0,0.0,0.9645703229761312,"[0.3640625, 0.10277777777777777, 0.17109375, 0.8972222222222223]",,,,0
long_rvos/5c0c9c0098/3/9,long_rvos,5c0c9c0098,3,9,dynamic,predicted_static,box,False,2,5,175,1,0.0,0.0,0.0,0.0,0.0,0.0,1.0,,,,,
long_rvos/5c0c9c0098/3/9,long_rvos,5c0c9c0098,3,9,dynamic,predicted_static,box,False,3,7,234,0,0.0,0.0,0.0,0.0,0.0,0.0,0.0,"[0.328125, 0.0, 0.184375, 1.0]",,,,
long_rvos/5c0c9c0098/3/9,long_rvos,5c0c9c0098,3,9,dynamic,oracle_identity,point,True,0,1,58,12,1.0,1.0,1.0,1.0,1.0,1.0,1.0,,1,[],[],
long_rvos/5c0c9c0098/3/9,long_rvos,5c0c9c0098,3,9,dynamic,oracle_identity,point,True,1,3,117,12,0.0,0.0,0.0,0.0,0.0,0.0,1.0,,2,[],[],
long_rvos/5c0c9c0098/3/9,long_rvos,5c0c9c0098,3,9,dynamic,oracle_identity,point,True,2,5,175,12,0.0,0.0,0.0,0.0,0.0,0.0,1.0,,3,[],[],
long_rvos/5c0c9c0098/3/9,long_rvos,5c0c9c0098,3,9,dynamic,oracle_identity,point,True,3,7,234,12,0.0,0.0,0.0,0.0,0.0,0.0,1.0,,4,[],[],
long_rvos/5c0c9c0098/3/9,long_rvos,5c0c9c0098,3,9,dynamic,oracle_identity,box,True,0,1,58,12,1.0,1.0,1.0,1.0,1.0,1.0,1.0,,,,,
long_rvos/5c0c9c0098/3/9,long_rvos,5c0c9c0098,3,9,dynamic,oracle_identity,box,True,1,3,117,12,0.0,0.0,0.0,0.0,0.0,0.0,1.0,,,,,
long_rvos/5c0c9c0098/3/9,long_rvos,5c0c9c0098,3,9,dynamic,oracle_identity,box,True,2,5,175,12,0.0,0.0,0.0,0.0,0.0,0.0,1.0,,,,,
long_rvos/5c0c9c0098/3/9,long_rvos,5c0c9c0098,3,9,dynamic,oracle_identity,box,True,3,7,234,12,0.0,0.0,0.0,0.0,0.0,0.0,1.0,,,,,
long_rvos/5c0c9c0098/3/12,long_rvos,5c0c9c0098,3,12,hybrid,predicted_static,point,False,0,1,58,,1.0,1.0,1.0,1.0,1.0,1.0,1.0,,1,[],[],
long_rvos/5c0c9c0098/3/12,long_rvos,5c0c9c0098,3,12,hybrid,predicted_static,point,False,1,3,117,,0.0,0.0,0.0,0.0,0.0,0.0,1.0,,2,[],[],
long_rvos/5c0c9c0098/3/12,long_rvos,5c0c9c0098,3,12,hybrid,predicted_static,point,False,2,5,175,,0.0,0.0,0.0,0.0,0.0,0.0,1.0,,3,[],[],
long_rvos/5c0c9c0098/3/12,long_rvos,5c0c9c0098,3,12,hybrid,predicted_static,point,False,3,7,234,,0.0,0.0,0.0,0.0,0.0,0.0,1.0,,4,[],[],
long_rvos/5c0c9c0098/3/12,long_rvos,5c0c9c0098,3,12,hybrid,predicted_static,box,False,0,1,58,,1.0,1.0,1.0,1.0,1.0,1.0,1.0,,,,,
long_rvos/5c0c9c0098/3/12,long_rvos,5c0c9c0098,3,12,hybrid,predicted_static,box,False,1,3,117,,0.0,0.0,0.0,0.0,0.0,0.0,1.0,,,,,
long_rvos/5c0c9c0098/3/12,long_rvos,5c0c9c0098,3,12,hybrid,predicted_static,box,False,2,5,175,,0.0,0.0,0.0,0.0,0.0,0.0,1.0,,,,,
long_rvos/5c0c9c0098/3/12,long_rvos,5c0c9c0098,3,12,hybrid,predicted_static,box,False,3,7,234,,0.0,0.0,0.0,0.0,0.0,0.0,1.0,,,,,
long_rvos/5c0c9c0098/3/12,long_rvos,5c0c9c0098,3,12,hybrid,oracle_identity,point,True,0,1,58,,1.0,1.0,1.0,1.0,1.0,1.0,1.0,,1,[],[],
long_rvos/5c0c9c0098/3/12,long_rvos,5c0c9c0098,3,12,hybrid,oracle_identity,point,True,1,3,117,,0.0,0.0,0.0,0.0,0.0,0.0,1.0,,2,[],[],
long_rvos/5c0c9c0098/3/12,long_rvos,5c0c9c0098,3,12,hybrid,oracle_identity,point,True,2,5,175,,0.0,0.0,0.0,0.0,0.0,0.0,1.0,,3,[],[],
long_rvos/5c0c9c0098/3/12,long_rvos,5c0c9c0098,3,12,hybrid,oracle_identity,point,True,3,7,234,,0.0,0.0,0.0,0.0,0.0,0.0,1.0,,4,[],[],
long_rvos/5c0c9c0098/3/12,long_rvos,5c0c9c0098,3,12,hybrid,oracle_identity,box,True,0,1,58,,1.0,1.0,1.0,1.0,1.0,1.0,1.0,,,,,
long_rvos/5c0c9c0098/3/12,long_rvos,5c0c9c0098,3,12,hybrid,oracle_identity,box,True,1,3,117,,0.0,0.0,0.0,0.0,0.0,0.0,1.0,,,,,
long_rvos/5c0c9c0098/3/12,long_rvos,5c0c9c0098,3,12,hybrid,oracle_identity,box,True,2,5,175,,0.0,0.0,0.0,0.0,0.0,0.0,1.0,,,,,
long_rvos/5c0c9c0098/3/12,long_rvos,5c0c9c0098,3,12,hybrid,oracle_identity,box,True,3,7,234,,0.0,0.0,0.0,0.0,0.0,0.0,1.0,,,,,
long_rvos/5c0c9c0098/3/8,long_rvos,5c0c9c0098,3,8,static,predicted_static,point,False,0,1,58,0,1.0,1.0,1.0,1.0,1.0,1.0,1.0,,1,[],[],
long_rvos/5c0c9c0098/3/8,long_rvos,5c0c9c0098,3,8,static,predicted_static,point,False,1,3,117,0,0.0,0.0,0.0,0.0,0.0,0.0,1.0,,2,[],[],
long_rvos/5c0c9c0098/3/8,long_rvos,5c0c9c0098,3,8,static,predicted_static,point,False,2,5,175,15,0.0,0.0,0.0,0.0,0.0,0.0,0.0,,3,[],[],
long_rvos/5c0c9c0098/3/8,long_rvos,5c0c9c0098,3,8,static,predicted_static,point,False,3,7,234,0,0.0,0.0,0.0,0.0,0.0,0.0,1.0,,4,[],[],
long_rvos/5c0c9c0098/3/8,long_rvos,5c0c9c0098,3,8,static,predicted_static,box,False,0,1,58,0,1.0,1.0,1.0,1.0,1.0,1.0,1.0,,,,,
long_rvos/5c0c9c0098/3/8,long_rvos,5c0c9c0098,3,8,static,predicted_static,box,False,1,3,117,0,0.0,0.0,0.0,0.0,0.0,0.0,1.0,,,,,
long_rvos/5c0c9c0098/3/8,long_rvos,5c0c9c0098,3,8,static,predicted_static,box,False,2,5,175,15,0.0,0.0,0.0,0.0,0.0,0.0,0.0,"[0.61953125, 0.5652777777777778, 0.03359375, 0.11944444444444445]",,,,
long_rvos/5c0c9c0098/3/8,long_rvos,5c0c9c0098,3,8,static,predicted_static,box,False,3,7,234,0,0.0,0.0,0.0,0.0,0.0,0.0,1.0,,,,,
long_rvos/5c0c9c0098/3/8,long_rvos,5c0c9c0098,3,8,static,oracle_identity,point,True,0,1,58,8,1.0,1.0,1.0,1.0,1.0,1.0,1.0,,1,[],[],
long_rvos/5c0c9c0098/3/8,long_rvos,5c0c9c0098,3,8,static,oracle_identity,point,True,1,3,117,8,0.0,0.0,0.0,0.0,0.0,0.0,1.0,,2,[],[],
long_rvos/5c0c9c0098/3/8,long_rvos,5c0c9c0098,3,8,static,oracle_identity,point,True,2,5,175,8,0.0,0.0,0.0,0.0,0.0,0.0,1.0,,3,[],[],
long_rvos/5c0c9c0098/3/8,long_rvos,5c0c9c0098,3,8,static,oracle_identity,point,True,3,7,234,8,0.0,0.0,0.0,0.0,0.0,0.0,1.0,,4,[],[],
long_rvos/5c0c9c0098/3/8,long_rvos,5c0c9c0098,3,8,static,oracle_identity,box,True,0,1,58,8,1.0,1.0,1.0,1.0,1.0,1.0,1.0,,,,,
long_rvos/5c0c9c0098/3/8,long_rvos,5c0c9c0098,3,8,static,oracle_identity,box,True,1,3,117,8,0.0,0.0,0.0,0.0,0.0,0.0,1.0,,,,,
long_rvos/5c0c9c0098/3/8,long_rvos,5c0c9c0098,3,8,static,oracle_identity,box,True,2,5,175,8,0.0,0.0,0.0,0.0,0.0,0.0,1.0,,,,,
long_rvos/5c0c9c0098/3/8,long_rvos,5c0c9c0098,3,8,static,oracle_identity,box,True,3,7,234,8,0.0,0.0,0.0,0.0,0.0,0.0,1.0,,,,,
long_rvos/2abb12f2f7/1/1,long_rvos,2abb12f2f7,1,1,dynamic,predicted_static,point,False,0,1,134,1,0.0,0.38921806084639265,0.19460903042319633,0.0,0.0,0.0,0.0,,1,[],[],
long_rvos/2abb12f2f7/1/1,long_rvos,2abb12f2f7,1,1,dynamic,predicted_static,point,False,1,3,269,1,1.261026096935076e-05,0.2820186220994768,0.14101561618022307,0.0,0.0,0.0,0.0,,2,[],[],
long_rvos/2abb12f2f7/1/1,long_rvos,2abb12f2f7,1,1,dynamic,predicted_static,point,False,2,5,404,1,0.0010407222484708407,0.41277330712568966,0.20690701468708025,0.0,0.0,0.0,0.0,,3,[],[],
long_rvos/2abb12f2f7/1/1,long_rvos,2abb12f2f7,1,1,dynamic,predicted_static,point,False,3,7,539,0,0.9742927129016238,0.8329909720633204,0.9036418424824721,0.0,0.0,0.0,0.0,,4,[],[],
long_rvos/2abb12f2f7/1/1,long_rvos,2abb12f2f7,1,1,dynamic,predicted_static,box,False,0,1,134,1,0.0,0.38921806084639265,0.19460903042319633,0.0,0.2558317176159434,0.1279158588079717,0.7922967932221033,"[0.18125, 0.2625, 0.715625, 0.29791666666666666]",,,,0
long_rvos/2abb12f2f7/1/1,long_rvos,2abb12f2f7,1,1,dynamic,predicted_static,box,False,1,3,269,1,1.261026096935076e-05,0.2820186220994768,0.14101561618022307,0.001938083337583516,0.28046907406458693,0.14120357870108521,0.8889037845374231,"[0.2296875, 0.1875, 0.7703125, 0.7666666666666667]",,,,0
long_rvos/2abb12f2f7/1/1,long_rvos,2abb12f2f7,1,1,dynamic,predicted_static,box,False,2,5,404,1,0.0010407222484708407,0.41277330712568966,0.20690701468708025,0.004588710360602039,0.15986069901161795,0.08222470468611,0.6806748063542077,"[0.3546875, 0.1375, 0.6453125, 0.84375]",,,,0
long_rvos/2abb12f2f7/1/1,long_rvos,2abb12f2f7,1,1,dynamic,predicted_static,box,False,3,7,539,0,0.9742927129016238,0.8329909720633204,0.9036418424824721,0.0,0.0,0.0,0.0,"[0.0, 0.0, 1.0, 1.0]",,,,
long_rvos/2abb12f2f7/1/1,long_rvos,2abb12f2f7,1,1,dynamic,oracle_identity,point,True,0,1,134,0,0.9804681991256522,0.9377358490566037,0.9591020240911279,0.0,0.0,0.0,0.0,,1,[],[],
long_rvos/2abb12f2f7/1/1,long_rvos,2abb12f2f7,1,1,dynamic,oracle_identity,point,True,1,3,269,0,0.9533067080348989,0.9029617640596654,0.9281342360472822,0.0,0.0,0.0,0.0,,2,[],[],
long_rvos/2abb12f2f7/1/1,long_rvos,2abb12f2f7,1,1,dynamic,oracle_identity,point,True,2,5,404,0,0.9334542518718411,0.8952342247899127,0.9143442383308769,0.0,0.0,0.0,0.0,,3,[],[],
long_rvos/2abb12f2f7/1/1,long_rvos,2abb12f2f7,1,1,dynamic,oracle_identity,point,True,3,7,539,0,0.9742927129016238,0.8329909720633204,0.9036418424824721,0.0,0.0,0.0,0.0,,4,[],[],
long_rvos/2abb12f2f7/1/1,long_rvos,2abb12f2f7,1,1,dynamic,oracle_identity,box,True,0,1,134,0,0.9804681991256522,0.9377358490566037,0.9591020240911279,0.957450751204493,0.9147483933558123,0.9360995722801526,0.952892128362569,"[0.003125, 0.25833333333333336, 0.84375, 0.58125]",,,,0
long_rvos/2abb12f2f7/1/1,long_rvos,2abb12f2f7,1,1,dynamic,oracle_identity,box,True,1,3,269,0,0.9533067080348989,0.9029617640596654,0.9281342360472822,0.0,0.0,0.0,0.0,"[0.0109375, 0.14583333333333334, 0.784375, 0.7979166666666667]",,,,
long_rvos/2abb12f2f7/1/1,long_rvos,2abb12f2f7,1,1,dynamic,oracle_identity,box,True,2,5,404,0,0.9334542518718411,0.8952342247899127,0.9143442383308769,0.951338002040627,0.8209640996686154,0.8861510508546212,0.9253581020590869,"[0.1, 0.10833333333333334, 0.765625, 0.8104166666666667]",,,,0
long_rvos/2abb12f2f7/1/1,long_rvos,2abb12f2f7,1,1,dynamic,oracle_identity,box,True,3,7,539,0,0.9742927129016238,0.8329909720633204,0.9036418424824721,0.0,0.0,0.0,0.0,"[0.0, 0.0, 1.0, 1.0]",,,,
long_rvos/2abb12f2f7/1/4,long_rvos,2abb12f2f7,1,4,hybrid,predicted_static,point,False,0,1,134,,0.0,0.0,0.0,0.0,0.0,0.0,1.0,,1,[],[],
long_rvos/2abb12f2f7/1/4,long_rvos,2abb12f2f7,1,4,hybrid,predicted_static,point,False,1,3,269,,0.0,0.0,0.0,0.0,0.0,0.0,1.0,,2,[],[],
long_rvos/2abb12f2f7/1/4,long_rvos,2abb12f2f7,1,4,hybrid,predicted_static,point,False,2,5,404,,0.0,0.0,0.0,0.0,0.0,0.0,1.0,,3,[],[],
long_rvos/2abb12f2f7/1/4,long_rvos,2abb12f2f7,1,4,hybrid,predicted_static,point,False,3,7,539,,0.0,0.0,0.0,0.0,0.0,0.0,1.0,,4,[],[],
long_rvos/2abb12f2f7/1/4,long_rvos,2abb12f2f7,1,4,hybrid,predicted_static,box,False,0,1,134,,0.0,0.0,0.0,0.0,0.0,0.0,1.0,,,,,
long_rvos/2abb12f2f7/1/4,long_rvos,2abb12f2f7,1,4,hybrid,predicted_static,box,False,1,3,269,,0.0,0.0,0.0,0.0,0.0,0.0,1.0,,,,,
long_rvos/2abb12f2f7/1/4,long_rvos,2abb12f2f7,1,4,hybrid,predicted_static,box,False,2,5,404,,0.0,0.0,0.0,0.0,0.0,0.0,1.0,,,,,
long_rvos/2abb12f2f7/1/4,long_rvos,2abb12f2f7,1,4,hybrid,predicted_static,box,False,3,7,539,,0.0,0.0,0.0,0.0,0.0,0.0,1.0,,,,,
long_rvos/2abb12f2f7/1/4,long_rvos,2abb12f2f7,1,4,hybrid,oracle_identity,point,True,0,1,134,,0.0,0.0,0.0,0.0,0.0,0.0,1.0,,1,[],[],
long_rvos/2abb12f2f7/1/4,long_rvos,2abb12f2f7,1,4,hybrid,oracle_identity,point,True,1,3,269,,0.0,0.0,0.0,0.0,0.0,0.0,1.0,,2,[],[],
long_rvos/2abb12f2f7/1/4,long_rvos,2abb12f2f7,1,4,hybrid,oracle_identity,point,True,2,5,404,,0.0,0.0,0.0,0.0,0.0,0.0,1.0,,3,[],[],
long_rvos/2abb12f2f7/1/4,long_rvos,2abb12f2f7,1,4,hybrid,oracle_identity,point,True,3,7,539,,0.0,0.0,0.0,0.0,0.0,0.0,1.0,,4,[],[],
long_rvos/2abb12f2f7/1/4,long_rvos,2abb12f2f7,1,4,hybrid,oracle_identity,box,True,0,1,134,,0.0,0.0,0.0,0.0,0.0,0.0,1.0,,,,,
long_rvos/2abb12f2f7/1/4,long_rvos,2abb12f2f7,1,4,hybrid,oracle_identity,box,True,1,3,269,,0.0,0.0,0.0,0.0,0.0,0.0,1.0,,,,,
long_rvos/2abb12f2f7/1/4,long_rvos,2abb12f2f7,1,4,hybrid,oracle_identity,box,True,2,5,404,,0.0,0.0,0.0,0.0,0.0,0.0,1.0,,,,,
long_rvos/2abb12f2f7/1/4,long_rvos,2abb12f2f7,1,4,hybrid,oracle_identity,box,True,3,7,539,,0.0,0.0,0.0,0.0,0.0,0.0,1.0,,,,,
long_rvos/2abb12f2f7/1/0,long_rvos,2abb12f2f7,1,0,static,predicted_static,point,False,0,1,134,0,0.9715219942988095,0.9415273846881405,0.9565246894934749,0.0,0.0,0.0,0.0,,1,[],[],
long_rvos/2abb12f2f7/1/0,long_rvos,2abb12f2f7,1,0,static,predicted_static,point,False,1,3,269,0,0.9141242341009931,0.8271271438472806,0.8706256889741368,0.0,0.0,0.0,0.0,,2,[],[],
long_rvos/2abb12f2f7/1/0,long_rvos,2abb12f2f7,1,0,static,predicted_static,point,False,2,5,404,0,0.934008919503687,0.9015408989855109,0.917774909244599,0.0,0.0,0.0,0.0,,3,[],[],
long_rvos/2abb12f2f7/1/0,long_rvos,2abb12f2f7,1,0,static,predicted_static,point,False,3,7,539,0,0.975302088073209,0.8532219965453919,0.9142620423093004,0.0,0.0,0.0,0.0,,4,[],[],
long_rvos/2abb12f2f7/1/0,long_rvos,2abb12f2f7,1,0,static,predicted_static,box,False,0,1,134,0,0.9715219942988095,0.9415273846881405,0.9565246894934749,0.957450751204493,0.9147483933558123,0.9360995722801526,0.9427580590812086,"[0.003125, 0.25833333333333336, 0.84375, 0.58125]",,,,0
long_rvos/2abb12f2f7/1/0,long_rvos,2abb12f2f7,1,0,static,predicted_static,box,False,1,3,269,0,0.9141242341009931,0.8271271438472806,0.8706256889741368,0.9434180397791048,0.8883925435277882,0.9159052916534465,0.904413247169431,"[0.0109375, 0.14583333333333334, 0.946875, 0.7979166666666667]",,,,0
long_rvos/2abb12f2f7/1/0,long_rvos,2abb12f2f7,1,0,static,predicted_static,box,False,2,5,404,0,0.934008919503687,0.9015408989855109,0.917774909244599,0.951338002040627,0.8209640996686154,0.8861510508546212,0.9214705194067108,"[0.1, 0.10833333333333334, 0.765625, 0.8104166666666667]",,,,0
long_rvos/2abb12f2f7/1/0,long_rvos,2abb12f2f7,1,0,static,predicted_static,box,False,3,7,539,0,0.975302088073209,0.8532219965453919,0.9142620423093004,0.0,0.0,0.0,0.0,"[0.0, 0.0, 1.0, 1.0]",,,,
long_rvos/2abb12f2f7/1/0,long_rvos,2abb12f2f7,1,0,static,oracle_identity,point,True,0,1,134,0,0.9715219942988095,0.9415273846881405,0.9565246894934749,0.0,0.0,0.0,0.0,,1,[],[],
long_rvos/2abb12f2f7/1/0,long_rvos,2abb12f2f7,1,0,static,oracle_identity,point,True,1,3,269,0,0.9141242341009931,0.8271271438472806,0.8706256889741368,0.0,0.0,0.0,0.0,,2,[],[],
long_rvos/2abb12f2f7/1/0,long_rvos,2abb12f2f7,1,0,static,oracle_identity,point,True,2,5,404,0,0.934008919503687,0.9015408989855109,0.917774909244599,0.0,0.0,0.0,0.0,,3,[],[],
long_rvos/2abb12f2f7/1/0,long_rvos,2abb12f2f7,1,0,static,oracle_identity,point,True,3,7,539,0,0.975302088073209,0.8532219965453919,0.9142620423093004,0.0,0.0,0.0,0.0,,4,[],[],
long_rvos/2abb12f2f7/1/0,long_rvos,2abb12f2f7,1,0,static,oracle_identity,box,True,0,1,134,0,0.9715219942988095,0.9415273846881405,0.9565246894934749,0.957450751204493,0.9147483933558123,0.9360995722801526,0.9427580590812086,"[0.003125, 0.25833333333333336, 0.84375, 0.58125]",,,,0
long_rvos/2abb12f2f7/1/0,long_rvos,2abb12f2f7,1,0,static,oracle_identity,box,True,1,3,269,0,0.9141242341009931,0.8271271438472806,0.8706256889741368,0.9434180397791048,0.8883925435277882,0.9159052916534465,0.904413247169431,"[0.0109375, 0.14583333333333334, 0.946875, 0.7979166666666667]",,,,0
long_rvos/2abb12f2f7/1/0,long_rvos,2abb12f2f7,1,0,static,oracle_identity,box,True,2,5,404,0,0.934008919503687,0.9015408989855109,0.917774909244599,0.951338002040627,0.8209640996686154,0.8861510508546212,0.9214705194067108,"[0.1, 0.10833333333333334, 0.765625, 0.8104166666666667]",,,,0
long_rvos/2abb12f2f7/1/0,long_rvos,2abb12f2f7,1,0,static,oracle_identity,box,True,3,7,539,0,0.975302088073209,0.8532219965453919,0.9142620423093004,0.0,0.0,0.0,0.0,"[0.0, 0.0, 1.0, 1.0]",,,,
long_rvos/c4638cc87e/1/1,long_rvos,c4638cc87e,1,1,dynamic,predicted_static,point,False,0,1,46,0,0.05354738148002842,0.3432745339159562,0.1984109576979923,0.0,0.0,0.0,0.0,,1,[],[],
long_rvos/c4638cc87e/1/1,long_rvos,c4638cc87e,1,1,dynamic,predicted_static,point,False,1,3,93,1,0.6160170462540455,0.7916151128176141,0.7038160795358298,0.0,0.0,0.0,0.0,,2,[],[],
long_rvos/c4638cc87e/1/1,long_rvos,c4638cc87e,1,1,dynamic,predicted_static,point,False,2,5,140,0,0.0004209453546464613,0.09500296884277633,0.04771195709871139,0.0,0.0,0.0,0.0,,3,[],[],
long_rvos/c4638cc87e/1/1,long_rvos,c4638cc87e,1,1,dynamic,predicted_static,point,False,3,7,187,1,0.9623686452712298,0.9827496079456352,0.9725591266084325,0.0,0.0,0.0,0.0,,4,[],[],
long_rvos/c4638cc87e/1/1,long_rvos,c4638cc87e,1,1,dynamic,predicted_static,box,False,0,1,46,0,0.05354738148002842,0.3432745339159562,0.1984109576979923,0.0,0.0,0.0,0.0,"[0.3296875, 0.29305555555555557, 0.409375, 0.6388888888888888]",,,,
long_rvos/c4638cc87e/1/1,long_rvos,c4638cc87e,1,1,dynamic,predicted_static,box,False,1,3,93,1,0.6160170462540455,0.7916151128176141,0.7038160795358298,0.5440391798155347,0.6457038790614646,0.5948715294384996,0.7372479085258713,"[0.3765625, 0.30972222222222223, 0.29453125, 0.48055555555555557]",,,,0
long_rvos/c4638cc87e/1/1,long_rvos,c4638cc87e,1,1,dynamic,predicted_static,box,False,2,5,140,0,0.0004209453546464613,0.09500296884277633,0.04771195709871139,0.0,0.07879044493842842,0.03939522246921421,0.2546305001880406,"[0.365625, 0.175, 0.2546875, 0.65]",,,,0
long_rvos/c4638cc87e/1/1,long_rvos,c4638cc87e,1,1,dynamic,predicted_static,box,False,3,7,187,1,0.9623686452712298,0.9827496079456352,0.9725591266084325,0.930433355893271,0.9554210951664951,0.9429272255298831,0.9412951714197467,"[0.340625, 0.12083333333333333, 0.36953125, 0.5111111111111111]",,,,0
long_rvos/c4638cc87e/1/1,long_rvos,c4638cc87e,1,1,dynamic,oracle_identity,point,True,0,1,46,1,0.7959365531990733,0.9280528460327416,0.8619946996159075,0.0,0.0,0.0,0.0,,1,[],[],
long_rvos/c4638cc87e/1/1,long_rvos,c4638cc87e,1,1,dynamic,oracle_identity,point,True,1,3,93,1,0.6160170462540455,0.7916151128176141,0.7038160795358298,0.0,0.0,0.0,0.0,,2,[],[],
long_rvos/c4638cc87e/1/1,long_rvos,c4638cc87e,1,1,dynamic,oracle_identity,point,True,2,5,140,1,0.9329620051720708,0.9431643625192012,0.938063183845636,0.0,0.0,0.0,0.0,,3,[],[],
long_rvos/c4638cc87e/1/1,long_rvos,c4638cc87e,1,1,dynamic,oracle_identity,point,True,3,7,187,1,0.9623686452712298,0.9827496079456352,0.9725591266084325,0.0,0.0,0.0,0.0,,4,[],[],
long_rvos/c4638cc87e/1/1,long_rvos,c4638cc87e,1,1,dynamic,oracle_identity,box,True,0,1,46,1,0.7959365531990733,0.9280528460327416,0.8619946996159075,0.0,0.0,0.0,0.0,"[0.3203125, 0.13333333333333333, 0.434375, 0.5875]",,,,
long_rvos/c4638cc87e/1/1,long_rvos,c4638cc87e,1,1,dynamic,oracle_identity,box,True,1,3,93,1,0.6160170462540455,0.7916151128176141,0.7038160795358298,0.5440391798155347,0.6457038790614646,0.5948715294384996,0.7372479085258713,"[0.3765625, 0.30972222222222223, 0.29453125, 0.48055555555555557]",,,,0
long_rvos/c4638cc87e/1/1,long_rvos,c4638cc87e,1,1,dynamic,oracle_identity,box,True,2,5,140,1,0.9329620051720708,0.9431643625192012,0.938063183845636,0.0,0.0,0.0,0.0,"[0.5875, 0.12638888888888888, 0.18359375, 0.7444444444444445]",,,,
long_rvos/c4638cc87e/1/1,long_rvos,c4638cc87e,1,1,dynamic,oracle_identity,box,True,3,7,187,1,0.9623686452712298,0.9827496079456352,0.9725591266084325,0.930433355893271,0.9554210951664951,0.9429272255298831,0.9412951714197467,"[0.340625, 0.12083333333333333, 0.36953125, 0.5111111111111111]",,,,0
long_rvos/c4638cc87e/1/3,long_rvos,c4638cc87e,1,3,dynamic,predicted_static,point,False,0,1,46,0,0.05354738148002842,0.3432745339159562,0.1984109576979923,0.0,0.0,0.0,0.0,,1,[],[],
long_rvos/c4638cc87e/1/3,long_rvos,c4638cc87e,1,3,dynamic,predicted_static,point,False,1,3,93,1,0.6160170462540455,0.7916151128176141,0.7038160795358298,0.0,0.0,0.0,0.0,,2,[],[],
long_rvos/c4638cc87e/1/3,long_rvos,c4638cc87e,1,3,dynamic,predicted_static,point,False,2,5,140,1,0.9329620051720708,0.9431643625192012,0.938063183845636,0.0,0.0,0.0,0.0,,3,[],[],
long_rvos/c4638cc87e/1/3,long_rvos,c4638cc87e,1,3,dynamic,predicted_static,point,False,3,7,187,0,0.0,0.15746010658373466,0.07873005329186733,0.0,0.0,0.0,0.0,,4,[],[],
long_rvos/c4638cc87e/1/3,long_rvos,c4638cc87e,1,3,dynamic,predicted_static,box,False,0,1,46,0,0.05354738148002842,0.3432745339159562,0.1984109576979923,0.0,0.0,0.0,0.0,"[0.3296875, 0.29305555555555557, 0.409375, 0.6388888888888888]",,,,
long_rvos/c4638cc87e/1/3,long_rvos,c4638cc87e,1,3,dynamic,predicted_static,box,False,1,3,93,1,0.6160170462540455,0.7916151128176141,0.7038160795358298,0.5440391798155347,0.6457038790614646,0.5948715294384996,0.7372479085258713,"[0.3765625, 0.30972222222222223, 0.29453125, 0.48055555555555557]",,,,0
long_rvos/c4638cc87e/1/3,long_rvos,c4638cc87e,1,3,dynamic,predicted_static,box,False,2,5,140,1,0.9329620051720708,0.9431643625192012,0.938063183845636,0.0,0.0,0.0,0.0,"[0.5875, 0.12638888888888888, 0.18359375, 0.7444444444444445]",,,,
long_rvos/c4638cc87e/1/3,long_rvos,c4638cc87e,1,3,dynamic,predicted_static,box,False,3,7,187,0,0.0,0.15746010658373466,0.07873005329186733,0.14000095149741906,0.2782345551010648,0.20911775329924193,0.7166720792400747,"[0.36953125, 0.28888888888888886, 0.4015625, 0.5333333333333333]",,,,0
long_rvos/c4638cc87e/1/3,long_rvos,c4638cc87e,1,3,dynamic,oracle_identity,point,True,0,1,46,1,0.7959365531990733,0.9280528460327416,0.8619946996159075,0.0,0.0,0.0,0.0,,1,[],[],
long_rvos/c4638cc87e/1/3,long_rvos,c4638cc87e,1,3,dynamic,oracle_identity,point,True,1,3,93,1,0.6160170462540455,0.7916151128176141,0.7038160795358298,0.0,0.0,0.0,0.0,,2,[],[],
long_rvos/c4638cc87e/1/3,long_rvos,c4638cc87e,1,3,dynamic,oracle_identity,point,True,2,5,140,1,0.9329620051720708,0.9431643625192012,0.938063183845636,0.0,0.0,0.0,0.0,,3,[],[],
long_rvos/c4638cc87e/1/3,long_rvos,c4638cc87e,1,3,dynamic,oracle_identity,point,True,3,7,187,1,0.9623686452712298,0.9827496079456352,0.9725591266084325,0.0,0.0,0.0,0.0,,4,[],[],
long_rvos/c4638cc87e/1/3,long_rvos,c4638cc87e,1,3,dynamic,oracle_identity,box,True,0,1,46,1,0.7959365531990733,0.9280528460327416,0.8619946996159075,0.0,0.0,0.0,0.0,"[0.3203125, 0.13333333333333333, 0.434375, 0.5875]",,,,
long_rvos/c4638cc87e/1/3,long_rvos,c4638cc87e,1,3,dynamic,oracle_identity,box,True,1,3,93,1,0.6160170462540455,0.7916151128176141,0.7038160795358298,0.5440391798155347,0.6457038790614646,0.5948715294384996,0.7372479085258713,"[0.3765625, 0.30972222222222223, 0.29453125, 0.48055555555555557]",,,,0
long_rvos/c4638cc87e/1/3,long_rvos,c4638cc87e,1,3,dynamic,oracle_identity,box,True,2,5,140,1,0.9329620051720708,0.9431643625192012,0.938063183845636,0.0,0.0,0.0,0.0,"[0.5875, 0.12638888888888888, 0.18359375, 0.7444444444444445]",,,,
long_rvos/c4638cc87e/1/3,long_rvos,c4638cc87e,1,3,dynamic,oracle_identity,box,True,3,7,187,1,0.9623686452712298,0.9827496079456352,0.9725591266084325,0.930433355893271,0.9554210951664951,0.9429272255298831,0.9412951714197467,"[0.340625, 0.12083333333333333, 0.36953125, 0.5111111111111111]",,,,0
long_rvos/c4638cc87e/1/12,long_rvos,c4638cc87e,1,12,hybrid,predicted_static,point,False,0,1,46,0,0.05354738148002842,0.3432745339159562,0.1984109576979923,0.0,0.0,0.0,0.0,,1,[],[],
long_rvos/c4638cc87e/1/12,long_rvos,c4638cc87e,1,12,hybrid,predicted_static,point,False,1,3,93,1,0.6160170462540455,0.7916151128176141,0.7038160795358298,0.0,0.0,0.0,0.0,,2,[],[],
long_rvos/c4638cc87e/1/12,long_rvos,c4638cc87e,1,12,hybrid,predicted_static,point,False,2,5,140,1,0.9329620051720708,0.9431643625192012,0.938063183845636,0.0,0.0,0.0,0.0,,3,[],[],
long_rvos/c4638cc87e/1/12,long_rvos,c4638cc87e,1,12,hybrid,predicted_static,point,False,3,7,187,1,0.9623686452712298,0.9827496079456352,0.9725591266084325,0.0,0.0,0.0,0.0,,4,[],[],
long_rvos/c4638cc87e/1/12,long_rvos,c4638cc87e,1,12,hybrid,predicted_static,box,False,0,1,46,0,0.05354738148002842,0.3432745339159562,0.1984109576979923,0.0,0.0,0.0,0.0,"[0.3296875, 0.29305555555555557, 0.409375, 0.6388888888888888]",,,,
long_rvos/c4638cc87e/1/12,long_rvos,c4638cc87e,1,12,hybrid,predicted_static,box,False,1,3,93,1,0.6160170462540455,0.7916151128176141,0.7038160795358298,0.5440391798155347,0.6457038790614646,0.5948715294384996,0.7372479085258713,"[0.3765625, 0.30972222222222223, 0.29453125, 0.48055555555555557]",,,,0
long_rvos/c4638cc87e/1/12,long_rvos,c4638cc87e,1,12,hybrid,predicted_static,box,False,2,5,140,1,0.9329620051720708,0.9431643625192012,0.938063183845636,0.0,0.0,0.0,0.0,"[0.5875, 0.12638888888888888, 0.18359375, 0.7444444444444445]",,,,
long_rvos/c4638cc87e/1/12,long_rvos,c4638cc87e,1,12,hybrid,predicted_static,box,False,3,7,187,1,0.9623686452712298,0.9827496079456352,0.9725591266084325,0.930433355893271,0.9554210951664951,0.9429272255298831,0.9412951714197467,"[0.340625, 0.12083333333333333, 0.36953125, 0.5111111111111111]",,,,0
long_rvos/c4638cc87e/1/12,long_rvos,c4638cc87e,1,12,hybrid,oracle_identity,point,True,0,1,46,1,0.7959365531990733,0.9280528460327416,0.8619946996159075,0.0,0.0,0.0,0.0,,1,[],[],
long_rvos/c4638cc87e/1/12,long_rvos,c4638cc87e,1,12,hybrid,oracle_identity,point,True,1,3,93,1,0.6160170462540455,0.7916151128176141,0.7038160795358298,0.0,0.0,0.0,0.0,,2,[],[],
long_rvos/c4638cc87e/1/12,long_rvos,c4638cc87e,1,12,hybrid,oracle_identity,point,True,2,5,140,1,0.9329620051720708,0.9431643625192012,0.938063183845636,0.0,0.0,0.0,0.0,,3,[],[],
long_rvos/c4638cc87e/1/12,long_rvos,c4638cc87e,1,12,hybrid,oracle_identity,point,True,3,7,187,1,0.9623686452712298,0.9827496079456352,0.9725591266084325,0.0,0.0,0.0,0.0,,4,[],[],
long_rvos/c4638cc87e/1/12,long_rvos,c4638cc87e,1,12,hybrid,oracle_identity,box,True,0,1,46,1,0.7959365531990733,0.9280528460327416,0.8619946996159075,0.0,0.0,0.0,0.0,"[0.3203125, 0.13333333333333333, 0.434375, 0.5875]",,,,
long_rvos/c4638cc87e/1/12,long_rvos,c4638cc87e,1,12,hybrid,oracle_identity,box,True,1,3,93,1,0.6160170462540455,0.7916151128176141,0.7038160795358298,0.5440391798155347,0.6457038790614646,0.5948715294384996,0.7372479085258713,"[0.3765625, 0.30972222222222223, 0.29453125, 0.48055555555555557]",,,,0
long_rvos/c4638cc87e/1/12,long_rvos,c4638cc87e,1,12,hybrid,oracle_identity,box,True,2,5,140,1,0.9329620051720708,0.9431643625192012,0.938063183845636,0.0,0.0,0.0,0.0,"[0.5875, 0.12638888888888888, 0.18359375, 0.7444444444444445]",,,,
long_rvos/c4638cc87e/1/12,long_rvos,c4638cc87e,1,12,hybrid,oracle_identity,box,True,3,7,187,1,0.9623686452712298,0.9827496079456352,0.9725591266084325,0.930433355893271,0.9554210951664951,0.9429272255298831,0.9412951714197467,"[0.340625, 0.12083333333333333, 0.36953125, 0.5111111111111111]",,,,0
long_rvos/c4638cc87e/1/13,long_rvos,c4638cc87e,1,13,hybrid,predicted_static,point,False,0,1,46,0,0.05354738148002842,0.3432745339159562,0.1984109576979923,0.0,0.0,0.0,0.0,,1,[],[],
long_rvos/c4638cc87e/1/13,long_rvos,c4638cc87e,1,13,hybrid,predicted_static,point,False,1,3,93,1,0.6160170462540455,0.7916151128176141,0.7038160795358298,0.0,0.0,0.0,0.0,,2,[],[],
long_rvos/c4638cc87e/1/13,long_rvos,c4638cc87e,1,13,hybrid,predicted_static,point,False,2,5,140,0,0.0004209453546464613,0.09500296884277633,0.04771195709871139,0.0,0.0,0.0,0.0,,3,[],[],
long_rvos/c4638cc87e/1/13,long_rvos,c4638cc87e,1,13,hybrid,predicted_static,point,False,3,7,187,1,0.9623686452712298,0.9827496079456352,0.9725591266084325,0.0,0.0,0.0,0.0,,4,[],[],
long_rvos/c4638cc87e/1/13,long_rvos,c4638cc87e,1,13,hybrid,predicted_static,box,False,0,1,46,0,0.05354738148002842,0.3432745339159562,0.1984109576979923,0.0,0.0,0.0,0.0,"[0.3296875, 0.29305555555555557, 0.409375, 0.6388888888888888]",,,,
long_rvos/c4638cc87e/1/13,long_rvos,c4638cc87e,1,13,hybrid,predicted_static,box,False,1,3,93,1,0.6160170462540455,0.7916151128176141,0.7038160795358298,0.5440391798155347,0.6457038790614646,0.5948715294384996,0.7372479085258713,"[0.3765625, 0.30972222222222223, 0.29453125, 0.48055555555555557]",,,,0
long_rvos/c4638cc87e/1/13,long_rvos,c4638cc87e,1,13,hybrid,predicted_static,box,False,2,5,140,0,0.0004209453546464613,0.09500296884277633,0.04771195709871139,0.0,0.07879044493842842,0.03939522246921421,0.2546305001880406,"[0.365625, 0.175, 0.2546875, 0.65]",,,,0
long_rvos/c4638cc87e/1/13,long_rvos,c4638cc87e,1,13,hybrid,predicted_static,box,False,3,7,187,1,0.9623686452712298,0.9827496079456352,0.9725591266084325,0.930433355893271,0.9554210951664951,0.9429272255298831,0.9412951714197467,"[0.340625, 0.12083333333333333, 0.36953125, 0.5111111111111111]",,,,0
long_rvos/c4638cc87e/1/13,long_rvos,c4638cc87e,1,13,hybrid,oracle_identity,point,True,0,1,46,1,0.7959365531990733,0.9280528460327416,0.8619946996159075,0.0,0.0,0.0,0.0,,1,[],[],
long_rvos/c4638cc87e/1/13,long_rvos,c4638cc87e,1,13,hybrid,oracle_identity,point,True,1,3,93,1,0.6160170462540455,0.7916151128176141,0.7038160795358298,0.0,0.0,0.0,0.0,,2,[],[],
long_rvos/c4638cc87e/1/13,long_rvos,c4638cc87e,1,13,hybrid,oracle_identity,point,True,2,5,140,1,0.9329620051720708,0.9431643625192012,0.938063183845636,0.0,0.0,0.0,0.0,,3,[],[],
long_rvos/c4638cc87e/1/13,long_rvos,c4638cc87e,1,13,hybrid,oracle_identity,point,True,3,7,187,1,0.9623686452712298,0.9827496079456352,0.9725591266084325,0.0,0.0,0.0,0.0,,4,[],[],
long_rvos/c4638cc87e/1/13,long_rvos,c4638cc87e,1,13,hybrid,oracle_identity,box,True,0,1,46,1,0.7959365531990733,0.9280528460327416,0.8619946996159075,0.0,0.0,0.0,0.0,"[0.3203125, 0.13333333333333333, 0.434375, 0.5875]",,,,
long_rvos/c4638cc87e/1/13,long_rvos,c4638cc87e,1,13,hybrid,oracle_identity,box,True,1,3,93,1,0.6160170462540455,0.7916151128176141,0.7038160795358298,0.5440391798155347,0.6457038790614646,0.5948715294384996,0.7372479085258713,"[0.3765625, 0.30972222222222223, 0.29453125, 0.48055555555555557]",,,,0
long_rvos/c4638cc87e/1/13,long_rvos,c4638cc87e,1,13,hybrid,oracle_identity,box,True,2,5,140,1,0.9329620051720708,0.9431643625192012,0.938063183845636,0.0,0.0,0.0,0.0,"[0.5875, 0.12638888888888888, 0.18359375, 0.7444444444444445]",,,,
long_rvos/c4638cc87e/1/13,long_rvos,c4638cc87e,1,13,hybrid,oracle_identity,box,True,3,7,187,1,0.9623686452712298,0.9827496079456352,0.9725591266084325,0.930433355893271,0.9554210951664951,0.9429272255298831,0.9412951714197467,"[0.340625, 0.12083333333333333, 0.36953125, 0.5111111111111111]",,,,0
long_rvos/c4638cc87e/1/0,long_rvos,c4638cc87e,1,0,static,predicted_static,point,False,0,1,46,0,0.05354738148002842,0.3432745339159562,0.1984109576979923,0.0,0.0,0.0,0.0,,1,[],[],
long_rvos/c4638cc87e/1/0,long_rvos,c4638cc87e,1,0,static,predicted_static,point,False,1,3,93,1,0.6160170462540455,0.7916151128176141,0.7038160795358298,0.0,0.0,0.0,0.0,,2,[],[],
long_rvos/c4638cc87e/1/0,long_rvos,c4638cc87e,1,0,static,predicted_static,point,False,2,5,140,1,0.9329620051720708,0.9431643625192012,0.938063183845636,0.0,0.0,0.0,0.0,,3,[],[],
long_rvos/c4638cc87e/1/0,long_rvos,c4638cc87e,1,0,static,predicted_static,point,False,3,7,187,0,0.0,0.15746010658373466,0.07873005329186733,0.0,0.0,0.0,0.0,,4,[],[],
long_rvos/c4638cc87e/1/0,long_rvos,c4638cc87e,1,0,static,predicted_static,box,False,0,1,46,0,0.05354738148002842,0.3432745339159562,0.1984109576979923,0.0,0.0,0.0,0.0,"[0.3296875, 0.29305555555555557, 0.409375, 0.6388888888888888]",,,,
long_rvos/c4638cc87e/1/0,long_rvos,c4638cc87e,1,0,static,predicted_static,box,False,1,3,93,1,0.6160170462540455,0.7916151128176141,0.7038160795358298,0.5440391798155347,0.6457038790614646,0.5948715294384996,0.7372479085258713,"[0.3765625, 0.30972222222222223, 0.29453125, 0.48055555555555557]",,,,0
long_rvos/c4638cc87e/1/0,long_rvos,c4638cc87e,1,0,static,predicted_static,box,False,2,5,140,1,0.9329620051720708,0.9431643625192012,0.938063183845636,0.0,0.0,0.0,0.0,"[0.5875, 0.12638888888888888, 0.18359375, 0.7444444444444445]",,,,
long_rvos/c4638cc87e/1/0,long_rvos,c4638cc87e,1,0,static,predicted_static,box,False,3,7,187,0,0.0,0.15746010658373466,0.07873005329186733,0.14000095149741906,0.2782345551010648,0.20911775329924193,0.7166720792400747,"[0.36953125, 0.28888888888888886, 0.4015625, 0.5333333333333333]",,,,0
long_rvos/c4638cc87e/1/0,long_rvos,c4638cc87e,1,0,static,oracle_identity,point,True,0,1,46,1,0.7959365531990733,0.9280528460327416,0.8619946996159075,0.0,0.0,0.0,0.0,,1,[],[],
long_rvos/c4638cc87e/1/0,long_rvos,c4638cc87e,1,0,static,oracle_identity,point,True,1,3,93,1,0.6160170462540455,0.7916151128176141,0.7038160795358298,0.0,0.0,0.0,0.0,,2,[],[],
long_rvos/c4638cc87e/1/0,long_rvos,c4638cc87e,1,0,static,oracle_identity,point,True,2,5,140,1,0.9329620051720708,0.9431643625192012,0.938063183845636,0.0,0.0,0.0,0.0,,3,[],[],
long_rvos/c4638cc87e/1/0,long_rvos,c4638cc87e,1,0,static,oracle_identity,point,True,3,7,187,1,0.9623686452712298,0.9827496079456352,0.9725591266084325,0.0,0.0,0.0,0.0,,4,[],[],
long_rvos/c4638cc87e/1/0,long_rvos,c4638cc87e,1,0,static,oracle_identity,box,True,0,1,46,1,0.7959365531990733,0.9280528460327416,0.8619946996159075,0.0,0.0,0.0,0.0,"[0.3203125, 0.13333333333333333, 0.434375, 0.5875]",,,,
long_rvos/c4638cc87e/1/0,long_rvos,c4638cc87e,1,0,static,oracle_identity,box,True,1,3,93,1,0.6160170462540455,0.7916151128176141,0.7038160795358298,0.5440391798155347,0.6457038790614646,0.5948715294384996,0.7372479085258713,"[0.3765625, 0.30972222222222223, 0.29453125, 0.48055555555555557]",,,,0
long_rvos/c4638cc87e/1/0,long_rvos,c4638cc87e,1,0,static,oracle_identity,box,True,2,5,140,1,0.9329620051720708,0.9431643625192012,0.938063183845636,0.0,0.0,0.0,0.0,"[0.5875, 0.12638888888888888, 0.18359375, 0.7444444444444445]",,,,
long_rvos/c4638cc87e/1/0,long_rvos,c4638cc87e,1,0,static,oracle_identity,box,True,3,7,187,1,0.9623686452712298,0.9827496079456352,0.9725591266084325,0.930433355893271,0.9554210951664951,0.9429272255298831,0.9412951714197467,"[0.340625, 0.12083333333333333, 0.36953125, 0.5111111111111111]",,,,0
long_rvos/c4638cc87e/1/2,long_rvos,c4638cc87e,1,2,static,predicted_static,point,False,0,1,46,0,0.05354738148002842,0.3432745339159562,0.1984109576979923,0.0,0.0,0.0,0.0,,1,[],[],
long_rvos/c4638cc87e/1/2,long_rvos,c4638cc87e,1,2,static,predicted_static,point,False,1,3,93,1,0.6160170462540455,0.7916151128176141,0.7038160795358298,0.0,0.0,0.0,0.0,,2,[],[],
long_rvos/c4638cc87e/1/2,long_rvos,c4638cc87e,1,2,static,predicted_static,point,False,2,5,140,0,0.0004209453546464613,0.09500296884277633,0.04771195709871139,0.0,0.0,0.0,0.0,,3,[],[],
long_rvos/c4638cc87e/1/2,long_rvos,c4638cc87e,1,2,static,predicted_static,point,False,3,7,187,1,0.9623686452712298,0.9827496079456352,0.9725591266084325,0.0,0.0,0.0,0.0,,4,[],[],
long_rvos/c4638cc87e/1/2,long_rvos,c4638cc87e,1,2,static,predicted_static,box,False,0,1,46,0,0.05354738148002842,0.3432745339159562,0.1984109576979923,0.0,0.0,0.0,0.0,"[0.3296875, 0.29305555555555557, 0.409375, 0.6388888888888888]",,,,
long_rvos/c4638cc87e/1/2,long_rvos,c4638cc87e,1,2,static,predicted_static,box,False,1,3,93,1,0.6160170462540455,0.7916151128176141,0.7038160795358298,0.5440391798155347,0.6457038790614646,0.5948715294384996,0.7372479085258713,"[0.3765625, 0.30972222222222223, 0.29453125, 0.48055555555555557]",,,,0
long_rvos/c4638cc87e/1/2,long_rvos,c4638cc87e,1,2,static,predicted_static,box,False,2,5,140,0,0.0004209453546464613,0.09500296884277633,0.04771195709871139,0.0,0.07879044493842842,0.03939522246921421,0.2546305001880406,"[0.365625, 0.175, 0.2546875, 0.65]",,,,0
long_rvos/c4638cc87e/1/2,long_rvos,c4638cc87e,1,2,static,predicted_static,box,False,3,7,187,1,0.9623686452712298,0.9827496079456352,0.9725591266084325,0.930433355893271,0.9554210951664951,0.9429272255298831,0.9412951714197467,"[0.340625, 0.12083333333333333, 0.36953125, 0.5111111111111111]",,,,0
long_rvos/c4638cc87e/1/2,long_rvos,c4638cc87e,1,2,static,oracle_identity,point,True,0,1,46,1,0.7959365531990733,0.9280528460327416,0.8619946996159075,0.0,0.0,0.0,0.0,,1,[],[],
long_rvos/c4638cc87e/1/2,long_rvos,c4638cc87e,1,2,static,oracle_identity,point,True,1,3,93,1,0.6160170462540455,0.7916151128176141,0.7038160795358298,0.0,0.0,0.0,0.0,,2,[],[],
long_rvos/c4638cc87e/1/2,long_rvos,c4638cc87e,1,2,static,oracle_identity,point,True,2,5,140,1,0.9329620051720708,0.9431643625192012,0.938063183845636,0.0,0.0,0.0,0.0,,3,[],[],
long_rvos/c4638cc87e/1/2,long_rvos,c4638cc87e,1,2,static,oracle_identity,point,True,3,7,187,1,0.9623686452712298,0.9827496079456352,0.9725591266084325,0.0,0.0,0.0,0.0,,4,[],[],
long_rvos/c4638cc87e/1/2,long_rvos,c4638cc87e,1,2,static,oracle_identity,box,True,0,1,46,1,0.7959365531990733,0.9280528460327416,0.8619946996159075,0.0,0.0,0.0,0.0,"[0.3203125, 0.13333333333333333, 0.434375, 0.5875]",,,,
long_rvos/c4638cc87e/1/2,long_rvos,c4638cc87e,1,2,static,oracle_identity,box,True,1,3,93,1,0.6160170462540455,0.7916151128176141,0.7038160795358298,0.5440391798155347,0.6457038790614646,0.5948715294384996,0.7372479085258713,"[0.3765625, 0.30972222222222223, 0.29453125, 0.48055555555555557]",,,,0
long_rvos/c4638cc87e/1/2,long_rvos,c4638cc87e,1,2,static,oracle_identity,box,True,2,5,140,1,0.9329620051720708,0.9431643625192012,0.938063183845636,0.0,0.0,0.0,0.0,"[0.5875, 0.12638888888888888, 0.18359375, 0.7444444444444445]",,,,
long_rvos/c4638cc87e/1/2,long_rvos,c4638cc87e,1,2,static,oracle_identity,box,True,3,7,187,1,0.9623686452712298,0.9827496079456352,0.9725591266084325,0.930433355893271,0.9554210951664951,0.9429272255298831,0.9412951714197467,"[0.340625, 0.12083333333333333, 0.36953125, 0.5111111111111111]",,,,0
long_rvos/f3864705c4/3/8,long_rvos,f3864705c4,3,8,dynamic,predicted_static,point,False,0,1,155,0,0.0,0.0,0.0,0.0,0.0,0.0,1.0,,1,[],[],
long_rvos/f3864705c4/3/8,long_rvos,f3864705c4,3,8,dynamic,predicted_static,point,False,1,3,311,0,0.0,0.0,0.0,0.0,0.0,0.0,1.0,,2,[],[],
long_rvos/f3864705c4/3/8,long_rvos,f3864705c4,3,8,dynamic,predicted_static,point,False,2,5,467,0,0.0,0.0,0.0,0.0,0.0,0.0,1.0,,3,[],[],
long_rvos/f3864705c4/3/8,long_rvos,f3864705c4,3,8,dynamic,predicted_static,point,False,3,7,623,0,1.0,1.0,1.0,1.0,1.0,1.0,1.0,,4,[],[],
long_rvos/f3864705c4/3/8,long_rvos,f3864705c4,3,8,dynamic,predicted_static,box,False,0,1,155,0,0.0,0.0,0.0,0.0,0.0,0.0,1.0,,,,,
long_rvos/f3864705c4/3/8,long_rvos,f3864705c4,3,8,dynamic,predicted_static,box,False,1,3,311,0,0.0,0.0,0.0,0.0,0.0,0.0,1.0,,,,,
long_rvos/f3864705c4/3/8,long_rvos,f3864705c4,3,8,dynamic,predicted_static,box,False,2,5,467,0,0.0,0.0,0.0,0.0,0.0,0.0,1.0,,,,,
long_rvos/f3864705c4/3/8,long_rvos,f3864705c4,3,8,dynamic,predicted_static,box,False,3,7,623,0,1.0,1.0,1.0,1.0,1.0,1.0,1.0,,,,,
long_rvos/f3864705c4/3/8,long_rvos,f3864705c4,3,8,dynamic,oracle_identity,point,True,0,1,155,0,0.0,0.0,0.0,0.0,0.0,0.0,1.0,,1,[],[],
long_rvos/f3864705c4/3/8,long_rvos,f3864705c4,3,8,dynamic,oracle_identity,point,True,1,3,311,0,0.0,0.0,0.0,0.0,0.0,0.0,1.0,,2,[],[],
long_rvos/f3864705c4/3/8,long_rvos,f3864705c4,3,8,dynamic,oracle_identity,point,True,2,5,467,0,0.0,0.0,0.0,0.0,0.0,0.0,1.0,,3,[],[],
long_rvos/f3864705c4/3/8,long_rvos,f3864705c4,3,8,dynamic,oracle_identity,point,True,3,7,623,0,1.0,1.0,1.0,1.0,1.0,1.0,1.0,,4,[],[],
long_rvos/f3864705c4/3/8,long_rvos,f3864705c4,3,8,dynamic,oracle_identity,box,True,0,1,155,0,0.0,0.0,0.0,0.0,0.0,0.0,1.0,,,,,
long_rvos/f3864705c4/3/8,long_rvos,f3864705c4,3,8,dynamic,oracle_identity,box,True,1,3,311,0,0.0,0.0,0.0,0.0,0.0,0.0,1.0,,,,,
long_rvos/f3864705c4/3/8,long_rvos,f3864705c4,3,8,dynamic,oracle_identity,box,True,2,5,467,0,0.0,0.0,0.0,0.0,0.0,0.0,1.0,,,,,
long_rvos/f3864705c4/3/8,long_rvos,f3864705c4,3,8,dynamic,oracle_identity,box,True,3,7,623,0,1.0,1.0,1.0,1.0,1.0,1.0,1.0,,,,,
long_rvos/f3864705c4/3/13,long_rvos,f3864705c4,3,13,hybrid,predicted_static,point,False,0,1,155,0,0.9505424377791959,1.0,0.975271218889598,0.0,0.0,0.0,0.0,,1,[],[],
long_rvos/f3864705c4/3/13,long_rvos,f3864705c4,3,13,hybrid,predicted_static,point,False,1,3,311,0,0.6911069063386944,0.897424533412124,0.7942657198754093,0.0,0.0,0.0,0.0,,2,[],[],
long_rvos/f3864705c4/3/13,long_rvos,f3864705c4,3,13,hybrid,predicted_static,point,False,2,5,467,0,0.9391005621486571,1.0,0.9695502810743286,0.0,0.0,0.0,0.0,,3,[],[],
long_rvos/f3864705c4/3/13,long_rvos,f3864705c4,3,13,hybrid,predicted_static,point,False,3,7,623,0,0.0,0.0,0.0,1.0,1.0,1.0,0.0,,4,[],[],
long_rvos/f3864705c4/3/13,long_rvos,f3864705c4,3,13,hybrid,predicted_static,box,False,0,1,155,0,0.9505424377791959,1.0,0.975271218889598,0.9424552429667519,1.0,0.9712276214833759,0.9783241669362666,"[0.0890625, 0.28958333333333336, 0.125, 0.15208333333333332]",,,,0
long_rvos/f3864705c4/3/13,long_rvos,f3864705c4,3,13,hybrid,predicted_static,box,False,1,3,311,0,0.6911069063386944,0.897424533412124,0.7942657198754093,0.0,0.0,0.0,0.0,"[0.021875, 0.2708333333333333, 0.115625, 0.15416666666666667]",,,,
long_rvos/f3864705c4/3/13,long_rvos,f3864705c4,3,13,hybrid,predicted_static,box,False,2,5,467,0,0.9391005621486571,1.0,0.9695502810743286,0.9382215288611544,1.0,0.9691107644305772,0.9680851063829787,"[0.0, 0.32916666666666666, 0.11875, 0.15625]",,,,0
long_rvos/f3864705c4/3/13,long_rvos,f3864705c4,3,13,hybrid,predicted_static,box,False,3,7,623,0,0.0,0.0,0.0,1.0,1.0,1.0,0.0,"[0.0390625, 0.33958333333333335, 0.103125, 0.14583333333333334]",,,,
long_rvos/f3864705c4/3/13,long_rvos,f3864705c4,3,13,hybrid,oracle_identity,point,True,0,1,155,0,0.9505424377791959,1.0,0.975271218889598,0.0,0.0,0.0,0.0,,1,[],[],
long_rvos/f3864705c4/3/13,long_rvos,f3864705c4,3,13,hybrid,oracle_identity,point,True,1,3,311,0,0.6911069063386944,0.897424533412124,0.7942657198754093,0.0,0.0,0.0,0.0,,2,[],[],
long_rvos/f3864705c4/3/13,long_rvos,f3864705c4,3,13,hybrid,oracle_identity,point,True,2,5,467,0,0.9391005621486571,1.0,0.9695502810743286,0.0,0.0,0.0,0.0,,3,[],[],
long_rvos/f3864705c4/3/13,long_rvos,f3864705c4,3,13,hybrid,oracle_identity,point,True,3,7,623,0,0.0,0.0,0.0,1.0,1.0,1.0,0.0,,4,[],[],
long_rvos/f3864705c4/3/13,long_rvos,f3864705c4,3,13,hybrid,oracle_identity,box,True,0,1,155,0,0.9505424377791959,1.0,0.975271218889598,0.9424552429667519,1.0,0.9712276214833759,0.9783241669362666,"[0.0890625, 0.28958333333333336, 0.125, 0.15208333333333332]",,,,0
long_rvos/f3864705c4/3/13,long_rvos,f3864705c4,3,13,hybrid,oracle_identity,box,True,1,3,311,0,0.6911069063386944,0.897424533412124,0.7942657198754093,0.0,0.0,0.0,0.0,"[0.021875, 0.2708333333333333, 0.115625, 0.15416666666666667]",,,,
long_rvos/f3864705c4/3/13,long_rvos,f3864705c4,3,13,hybrid,oracle_identity,box,True,2,5,467,0,0.9391005621486571,1.0,0.9695502810743286,0.9382215288611544,1.0,0.9691107644305772,0.9680851063829787,"[0.0, 0.32916666666666666, 0.11875, 0.15625]",,,,0
long_rvos/f3864705c4/3/13,long_rvos,f3864705c4,3,13,hybrid,oracle_identity,box,True,3,7,623,0,0.0,0.0,0.0,1.0,1.0,1.0,0.0,"[0.0390625, 0.33958333333333335, 0.103125, 0.14583333333333334]",,,,
long_rvos/f3864705c4/3/7,long_rvos,f3864705c4,3,7,static,predicted_static,point,False,0,1,155,0,0.9505424377791959,1.0,0.975271218889598,0.0,0.0,0.0,0.0,,1,[],[],
long_rvos/f3864705c4/3/7,long_rvos,f3864705c4,3,7,static,predicted_static,point,False,1,3,311,0,0.6911069063386944,0.897424533412124,0.7942657198754093,0.0,0.0,0.0,0.0,,2,[],[],
long_rvos/f3864705c4/3/7,long_rvos,f3864705c4,3,7,static,predicted_static,point,False,2,5,467,0,0.9391005621486571,1.0,0.9695502810743286,0.0,0.0,0.0,0.0,,3,[],[],
long_rvos/f3864705c4/3/7,long_rvos,f3864705c4,3,7,static,predicted_static,point,False,3,7,623,0,0.0,0.0,0.0,1.0,1.0,1.0,0.0,,4,[],[],
long_rvos/f3864705c4/3/7,long_rvos,f3864705c4,3,7,static,predicted_static,box,False,0,1,155,0,0.9505424377791959,1.0,0.975271218889598,0.9424552429667519,1.0,0.9712276214833759,0.9783241669362666,"[0.0890625, 0.28958333333333336, 0.125, 0.15208333333333332]",,,,0
long_rvos/f3864705c4/3/7,long_rvos,f3864705c4,3,7,static,predicted_static,box,False,1,3,311,0,0.6911069063386944,0.897424533412124,0.7942657198754093,0.0,0.0,0.0,0.0,"[0.021875, 0.2708333333333333, 0.115625, 0.15416666666666667]",,,,
long_rvos/f3864705c4/3/7,long_rvos,f3864705c4,3,7,static,predicted_static,box,False,2,5,467,0,0.9391005621486571,1.0,0.9695502810743286,0.9382215288611544,1.0,0.9691107644305772,0.9680851063829787,"[0.0, 0.32916666666666666, 0.11875, 0.15625]",,,,0
long_rvos/f3864705c4/3/7,long_rvos,f3864705c4,3,7,static,predicted_static,box,False,3,7,623,0,0.0,0.0,0.0,1.0,1.0,1.0,0.0,"[0.0390625, 0.33958333333333335, 0.103125, 0.14583333333333334]",,,,
long_rvos/f3864705c4/3/7,long_rvos,f3864705c4,3,7,static,oracle_identity,point,True,0,1,155,0,0.9505424377791959,1.0,0.975271218889598,0.0,0.0,0.0,0.0,,1,[],[],
long_rvos/f3864705c4/3/7,long_rvos,f3864705c4,3,7,static,oracle_identity,point,True,1,3,311,0,0.6911069063386944,0.897424533412124,0.7942657198754093,0.0,0.0,0.0,0.0,,2,[],[],
long_rvos/f3864705c4/3/7,long_rvos,f3864705c4,3,7,static,oracle_identity,point,True,2,5,467,0,0.9391005621486571,1.0,0.9695502810743286,0.0,0.0,0.0,0.0,,3,[],[],
long_rvos/f3864705c4/3/7,long_rvos,f3864705c4,3,7,static,oracle_identity,point,True,3,7,623,0,0.0,0.0,0.0,1.0,1.0,1.0,0.0,,4,[],[],
long_rvos/f3864705c4/3/7,long_rvos,f3864705c4,3,7,static,oracle_identity,box,True,0,1,155,0,0.9505424377791959,1.0,0.975271218889598,0.9424552429667519,1.0,0.9712276214833759,0.9783241669362666,"[0.0890625, 0.28958333333333336, 0.125, 0.15208333333333332]",,,,0
long_rvos/f3864705c4/3/7,long_rvos,f3864705c4,3,7,static,oracle_identity,box,True,1,3,311,0,0.6911069063386944,0.897424533412124,0.7942657198754093,0.0,0.0,0.0,0.0,"[0.021875, 0.2708333333333333, 0.115625, 0.15416666666666667]",,,,
long_rvos/f3864705c4/3/7,long_rvos,f3864705c4,3,7,static,oracle_identity,box,True,2,5,467,0,0.9391005621486571,1.0,0.9695502810743286,0.9382215288611544,1.0,0.9691107644305772,0.9680851063829787,"[0.0, 0.32916666666666666, 0.11875, 0.15625]",,,,0
long_rvos/f3864705c4/3/7,long_rvos,f3864705c4,3,7,static,oracle_identity,box,True,3,7,623,0,0.0,0.0,0.0,1.0,1.0,1.0,0.0,"[0.0390625, 0.33958333333333335, 0.103125, 0.14583333333333334]",,,,
long_rvos/f3864705c4/3/9,long_rvos,f3864705c4,3,9,static,predicted_static,point,False,0,1,155,,0.0,0.0,0.0,0.0,0.0,0.0,1.0,,1,[],[],
long_rvos/f3864705c4/3/9,long_rvos,f3864705c4,3,9,static,predicted_static,point,False,1,3,311,,0.0,0.0,0.0,0.0,0.0,0.0,1.0,,2,[],[],
long_rvos/f3864705c4/3/9,long_rvos,f3864705c4,3,9,static,predicted_static,point,False,2,5,467,,0.0,0.0,0.0,0.0,0.0,0.0,1.0,,3,[],[],
long_rvos/f3864705c4/3/9,long_rvos,f3864705c4,3,9,static,predicted_static,point,False,3,7,623,,1.0,1.0,1.0,1.0,1.0,1.0,1.0,,4,[],[],
long_rvos/f3864705c4/3/9,long_rvos,f3864705c4,3,9,static,predicted_static,box,False,0,1,155,,0.0,0.0,0.0,0.0,0.0,0.0,1.0,,,,,
long_rvos/f3864705c4/3/9,long_rvos,f3864705c4,3,9,static,predicted_static,box,False,1,3,311,,0.0,0.0,0.0,0.0,0.0,0.0,1.0,,,,,
long_rvos/f3864705c4/3/9,long_rvos,f3864705c4,3,9,static,predicted_static,box,False,2,5,467,,0.0,0.0,0.0,0.0,0.0,0.0,1.0,,,,,
long_rvos/f3864705c4/3/9,long_rvos,f3864705c4,3,9,static,predicted_static,box,False,3,7,623,,1.0,1.0,1.0,1.0,1.0,1.0,1.0,,,,,
long_rvos/f3864705c4/3/9,long_rvos,f3864705c4,3,9,static,oracle_identity,point,True,0,1,155,,0.0,0.0,0.0,0.0,0.0,0.0,1.0,,1,[],[],
long_rvos/f3864705c4/3/9,long_rvos,f3864705c4,3,9,static,oracle_identity,point,True,1,3,311,,0.0,0.0,0.0,0.0,0.0,0.0,1.0,,2,[],[],
long_rvos/f3864705c4/3/9,long_rvos,f3864705c4,3,9,static,oracle_identity,point,True,2,5,467,,0.0,0.0,0.0,0.0,0.0,0.0,1.0,,3,[],[],
long_rvos/f3864705c4/3/9,long_rvos,f3864705c4,3,9,static,oracle_identity,point,True,3,7,623,,1.0,1.0,1.0,1.0,1.0,1.0,1.0,,4,[],[],
long_rvos/f3864705c4/3/9,long_rvos,f3864705c4,3,9,static,oracle_identity,box,True,0,1,155,,0.0,0.0,0.0,0.0,0.0,0.0,1.0,,,,,
long_rvos/f3864705c4/3/9,long_rvos,f3864705c4,3,9,static,oracle_identity,box,True,1,3,311,,0.0,0.0,0.0,0.0,0.0,0.0,1.0,,,,,
long_rvos/f3864705c4/3/9,long_rvos,f3864705c4,3,9,static,oracle_identity,box,True,2,5,467,,0.0,0.0,0.0,0.0,0.0,0.0,1.0,,,,,
long_rvos/f3864705c4/3/9,long_rvos,f3864705c4,3,9,static,oracle_identity,box,True,3,7,623,,1.0,1.0,1.0,1.0,1.0,1.0,1.0,,,,,
long_rvos/18b160d3a7/2/5,long_rvos,18b160d3a7,2,5,dynamic,predicted_static,point,False,0,1,58,3,0.0,0.0,0.0,0.0,0.0,0.0,0.0,,1,[],[],
long_rvos/18b160d3a7/2/5,long_rvos,18b160d3a7,2,5,dynamic,predicted_static,point,False,1,3,117,1,0.0,0.02005878742853451,0.010029393714267256,0.0,0.0,0.0,0.0,,2,[],[],
long_rvos/18b160d3a7/2/5,long_rvos,18b160d3a7,2,5,dynamic,predicted_static,point,False,2,5,175,1,0.0,0.13756810376346343,0.06878405188173171,0.0,0.0,0.0,0.0,,3,[],[],
long_rvos/18b160d3a7/2/5,long_rvos,18b160d3a7,2,5,dynamic,predicted_static,point,False,3,7,234,1,0.0,0.0,0.0,0.0,0.0,0.0,0.0,,4,[],[],
long_rvos/18b160d3a7/2/5,long_rvos,18b160d3a7,2,5,dynamic,predicted_static,box,False,0,1,58,3,0.0,0.0,0.0,0.0,0.0,0.0,0.0,"[0.66875, 0.0, 0.33125, 0.6041666666666666]",,,,
long_rvos/18b160d3a7/2/5,long_rvos,18b160d3a7,2,5,dynamic,predicted_static,box,False,1,3,117,1,0.0,0.02005878742853451,0.010029393714267256,0.0,0.0,0.0,0.0,"[0.0, 0.07083333333333333, 0.6296875, 0.9291666666666667]",,,,
long_rvos/18b160d3a7/2/5,long_rvos,18b160d3a7,2,5,dynamic,predicted_static,box,False,2,5,175,1,0.0,0.13756810376346343,0.06878405188173171,0.0,0.0,0.0,0.0,"[0.0, 0.0, 0.725, 1.0]",,,,
long_rvos/18b160d3a7/2/5,long_rvos,18b160d3a7,2,5,dynamic,predicted_static,box,False,3,7,234,1,0.0,0.0,0.0,0.0,0.0,0.0,0.0,"[0.0, 0.00625, 0.53125, 0.99375]",,,,
long_rvos/18b160d3a7/2/5,long_rvos,18b160d3a7,2,5,dynamic,oracle_identity,point,True,0,1,58,0,0.9931054119465517,1.0,0.9965527059732758,0.0,0.0,0.0,0.0,,1,[],[],
long_rvos/18b160d3a7/2/5,long_rvos,18b160d3a7,2,5,dynamic,oracle_identity,point,True,1,3,117,0,0.9948266192198348,0.9534081104400345,0.9741173648299346,0.0,0.0,0.0,0.0,,2,[],[],
long_rvos/18b160d3a7/2/5,long_rvos,18b160d3a7,2,5,dynamic,oracle_identity,point,True,2,5,175,0,0.9970070422535211,0.9814077025232405,0.9892073723883807,0.0,0.0,0.0,0.0,,3,[],[],
long_rvos/18b160d3a7/2/5,long_rvos,18b160d3a7,2,5,dynamic,oracle_identity,point,True,3,7,234,0,0.9876851179386782,0.9347134066416567,0.9611992622901675,0.0,0.0,0.0,0.0,,4,[],[],
long_rvos/18b160d3a7/2/5,long_rvos,18b160d3a7,2,5,dynamic,oracle_identity,box,True,0,1,58,0,0.9931054119465517,1.0,0.9965527059732758,0.0,0.0,0.0,0.0,"[0.0, 0.14375, 0.421875, 0.85625]",,,,
long_rvos/18b160d3a7/2/5,long_rvos,18b160d3a7,2,5,dynamic,oracle_identity,box,True,1,3,117,0,0.9948266192198348,0.9534081104400345,0.9741173648299346,0.0,0.0,0.0,0.0,"[0.61875, 0.0, 0.38125, 1.0]",,,,
long_rvos/18b160d3a7/2/5,long_rvos,18b160d3a7,2,5,dynamic,oracle_identity,box,True,2,5,175,0,0.9970070422535211,0.9814077025232405,0.9892073723883807,0.0,0.0,0.0,0.0,"[0.63125, 0.0, 0.36875, 1.0]",,,,
long_rvos/18b160d3a7/2/5,long_rvos,18b160d3a7,2,5,dynamic,oracle_identity,box,True,3,7,234,0,0.9876851179386782,0.9347134066416567,0.9611992622901675,0.0,0.0,0.0,0.0,"[0.7140625, 0.0, 0.2859375, 1.0]",,,,
long_rvos/18b160d3a7/2/13,long_rvos,18b160d3a7,2,13,hybrid,predicted_static,point,False,0,1,58,0,0.9931054119465517,1.0,0.9965527059732758,0.0,0.0,0.0,0.0,,1,[],[],
long_rvos/18b160d3a7/2/13,long_rvos,18b160d3a7,2,13,hybrid,predicted_static,point,False,1,3,117,0,0.9948266192198348,0.9534081104400345,0.9741173648299346,0.0,0.0,0.0,0.0,,2,[],[],
long_rvos/18b160d3a7/2/13,long_rvos,18b160d3a7,2,13,hybrid,predicted_static,point,False,2,5,175,0,0.9970070422535211,0.9814077025232405,0.9892073723883807,0.0,0.0,0.0,0.0,,3,[],[],
long_rvos/18b160d3a7/2/13,long_rvos,18b160d3a7,2,13,hybrid,predicted_static,point,False,3,7,234,0,0.9876851179386782,0.9347134066416567,0.9611992622901675,0.0,0.0,0.0,0.0,,4,[],[],
long_rvos/18b160d3a7/2/13,long_rvos,18b160d3a7,2,13,hybrid,predicted_static,box,False,0,1,58,0,0.9931054119465517,1.0,0.9965527059732758,0.0,0.0,0.0,0.0,"[0.0, 0.14375, 0.421875, 0.85625]",,,,
long_rvos/18b160d3a7/2/13,long_rvos,18b160d3a7,2,13,hybrid,predicted_static,box,False,1,3,117,0,0.9948266192198348,0.9534081104400345,0.9741173648299346,0.0,0.0,0.0,0.0,"[0.61875, 0.0, 0.38125, 1.0]",,,,
long_rvos/18b160d3a7/2/13,long_rvos,18b160d3a7,2,13,hybrid,predicted_static,box,False,2,5,175,0,0.9970070422535211,0.9814077025232405,0.9892073723883807,0.0,0.0,0.0,0.0,"[0.63125, 0.0, 0.36875, 1.0]",,,,
long_rvos/18b160d3a7/2/13,long_rvos,18b160d3a7,2,13,hybrid,predicted_static,box,False,3,7,234,0,0.9876851179386782,0.9347134066416567,0.9611992622901675,0.0,0.0,0.0,0.0,"[0.7140625, 0.0, 0.2859375, 1.0]",,,,
long_rvos/18b160d3a7/2/13,long_rvos,18b160d3a7,2,13,hybrid,oracle_identity,point,True,0,1,58,0,0.9931054119465517,1.0,0.9965527059732758,0.0,0.0,0.0,0.0,,1,[],[],
long_rvos/18b160d3a7/2/13,long_rvos,18b160d3a7,2,13,hybrid,oracle_identity,point,True,1,3,117,0,0.9948266192198348,0.9534081104400345,0.9741173648299346,0.0,0.0,0.0,0.0,,2,[],[],
long_rvos/18b160d3a7/2/13,long_rvos,18b160d3a7,2,13,hybrid,oracle_identity,point,True,2,5,175,0,0.9970070422535211,0.9814077025232405,0.9892073723883807,0.0,0.0,0.0,0.0,,3,[],[],
long_rvos/18b160d3a7/2/13,long_rvos,18b160d3a7,2,13,hybrid,oracle_identity,point,True,3,7,234,0,0.9876851179386782,0.9347134066416567,0.9611992622901675,0.0,0.0,0.0,0.0,,4,[],[],
long_rvos/18b160d3a7/2/13,long_rvos,18b160d3a7,2,13,hybrid,oracle_identity,box,True,0,1,58,0,0.9931054119465517,1.0,0.9965527059732758,0.0,0.0,0.0,0.0,"[0.0, 0.14375, 0.421875, 0.85625]",,,,
long_rvos/18b160d3a7/2/13,long_rvos,18b160d3a7,2,13,hybrid,oracle_identity,box,True,1,3,117,0,0.9948266192198348,0.9534081104400345,0.9741173648299346,0.0,0.0,0.0,0.0,"[0.61875, 0.0, 0.38125, 1.0]",,,,
long_rvos/18b160d3a7/2/13,long_rvos,18b160d3a7,2,13,hybrid,oracle_identity,box,True,2,5,175,0,0.9970070422535211,0.9814077025232405,0.9892073723883807,0.0,0.0,0.0,0.0,"[0.63125, 0.0, 0.36875, 1.0]",,,,
long_rvos/18b160d3a7/2/13,long_rvos,18b160d3a7,2,13,hybrid,oracle_identity,box,True,3,7,234,0,0.9876851179386782,0.9347134066416567,0.9611992622901675,0.0,0.0,0.0,0.0,"[0.7140625, 0.0, 0.2859375, 1.0]",,,,
long_rvos/18b160d3a7/2/4,long_rvos,18b160d3a7,2,4,static,predicted_static,point,False,0,1,58,0,0.9931054119465517,1.0,0.9965527059732758,0.0,0.0,0.0,0.0,,1,[],[],
long_rvos/18b160d3a7/2/4,long_rvos,18b160d3a7,2,4,static,predicted_static,point,False,1,3,117,0,0.9948266192198348,0.9534081104400345,0.9741173648299346,0.0,0.0,0.0,0.0,,2,[],[],
long_rvos/18b160d3a7/2/4,long_rvos,18b160d3a7,2,4,static,predicted_static,point,False,2,5,175,0,0.9970070422535211,0.9814077025232405,0.9892073723883807,0.0,0.0,0.0,0.0,,3,[],[],
long_rvos/18b160d3a7/2/4,long_rvos,18b160d3a7,2,4,static,predicted_static,point,False,3,7,234,0,0.9876851179386782,0.9347134066416567,0.9611992622901675,0.0,0.0,0.0,0.0,,4,[],[],
long_rvos/18b160d3a7/2/4,long_rvos,18b160d3a7,2,4,static,predicted_static,box,False,0,1,58,0,0.9931054119465517,1.0,0.9965527059732758,0.0,0.0,0.0,0.0,"[0.0, 0.14375, 0.421875, 0.85625]",,,,
long_rvos/18b160d3a7/2/4,long_rvos,18b160d3a7,2,4,static,predicted_static,box,False,1,3,117,0,0.9948266192198348,0.9534081104400345,0.9741173648299346,0.0,0.0,0.0,0.0,"[0.61875, 0.0, 0.38125, 1.0]",,,,
long_rvos/18b160d3a7/2/4,long_rvos,18b160d3a7,2,4,static,predicted_static,box,False,2,5,175,0,0.9970070422535211,0.9814077025232405,0.9892073723883807,0.0,0.0,0.0,0.0,"[0.63125, 0.0, 0.36875, 1.0]",,,,
long_rvos/18b160d3a7/2/4,long_rvos,18b160d3a7,2,4,static,predicted_static,box,False,3,7,234,0,0.9876851179386782,0.9347134066416567,0.9611992622901675,0.0,0.0,0.0,0.0,"[0.7140625, 0.0, 0.2859375, 1.0]",,,,
long_rvos/18b160d3a7/2/4,long_rvos,18b160d3a7,2,4,static,oracle_identity,point,True,0,1,58,0,0.9931054119465517,1.0,0.9965527059732758,0.0,0.0,0.0,0.0,,1,[],[],
long_rvos/18b160d3a7/2/4,long_rvos,18b160d3a7,2,4,static,oracle_identity,point,True,1,3,117,0,0.9948266192198348,0.9534081104400345,0.9741173648299346,0.0,0.0,0.0,0.0,,2,[],[],
long_rvos/18b160d3a7/2/4,long_rvos,18b160d3a7,2,4,static,oracle_identity,point,True,2,5,175,0,0.9970070422535211,0.9814077025232405,0.9892073723883807,0.0,0.0,0.0,0.0,,3,[],[],
long_rvos/18b160d3a7/2/4,long_rvos,18b160d3a7,2,4,static,oracle_identity,point,True,3,7,234,0,0.9876851179386782,0.9347134066416567,0.9611992622901675,0.0,0.0,0.0,0.0,,4,[],[],
long_rvos/18b160d3a7/2/4,long_rvos,18b160d3a7,2,4,static,oracle_identity,box,True,0,1,58,0,0.9931054119465517,1.0,0.9965527059732758,0.0,0.0,0.0,0.0,"[0.0, 0.14375, 0.421875, 0.85625]",,,,
long_rvos/18b160d3a7/2/4,long_rvos,18b160d3a7,2,4,static,oracle_identity,box,True,1,3,117,0,0.9948266192198348,0.9534081104400345,0.9741173648299346,0.0,0.0,0.0,0.0,"[0.61875, 0.0, 0.38125, 1.0]",,,,
long_rvos/18b160d3a7/2/4,long_rvos,18b160d3a7,2,4,static,oracle_identity,box,True,2,5,175,0,0.9970070422535211,0.9814077025232405,0.9892073723883807,0.0,0.0,0.0,0.0,"[0.63125, 0.0, 0.36875, 1.0]",,,,
long_rvos/18b160d3a7/2/4,long_rvos,18b160d3a7,2,4,static,oracle_identity,box,True,3,7,234,0,0.9876851179386782,0.9347134066416567,0.9611992622901675,0.0,0.0,0.0,0.0,"[0.7140625, 0.0, 0.2859375, 1.0]",,,,
long_rvos/7caa203c75/2/3,long_rvos,7caa203c75,2,3,dynamic,predicted_static,point,False,0,1,82,0,1.0,1.0,1.0,1.0,1.0,1.0,1.0,,1,[],[],
long_rvos/7caa203c75/2/3,long_rvos,7caa203c75,2,3,dynamic,predicted_static,point,False,1,3,165,3,0.9503216726980298,0.974658847663218,0.9624902601806239,0.0,0.0,0.0,0.0,,2,[],[],
long_rvos/7caa203c75/2/3,long_rvos,7caa203c75,2,3,dynamic,predicted_static,point,False,2,5,247,4,0.9843253032216828,0.9986702127659575,0.9914977579938201,0.0,0.0,0.0,0.0,,3,[],[],
long_rvos/7caa203c75/2/3,long_rvos,7caa203c75,2,3,dynamic,predicted_static,point,False,3,7,330,6,0.9774687204027716,1.0,0.9887343602013858,0.0,0.0,0.0,0.0,,4,[],[],
long_rvos/7caa203c75/2/3,long_rvos,7caa203c75,2,3,dynamic,predicted_static,box,False,0,1,82,0,1.0,1.0,1.0,1.0,1.0,1.0,1.0,,,,,
long_rvos/7caa203c75/2/3,long_rvos,7caa203c75,2,3,dynamic,predicted_static,box,False,1,3,165,3,0.9503216726980298,0.974658847663218,0.9624902601806239,0.0,0.0,0.0,0.0,"[0.4390625, 0.0, 0.5609375, 1.0]",,,,
long_rvos/7caa203c75/2/3,long_rvos,7caa203c75,2,3,dynamic,predicted_static,box,False,2,5,247,4,0.9843253032216828,0.9986702127659575,0.9914977579938201,0.8558570906432749,0.4403510681533314,0.6481040793983032,0.8669023106487412,"[0.05, 0.0, 0.675, 0.7694444444444445]",,,,0
long_rvos/7caa203c75/2/3,long_rvos,7caa203c75,2,3,dynamic,predicted_static,box,False,3,7,330,6,0.9774687204027716,1.0,0.9887343602013858,0.9697075731067233,0.9385245901639344,0.9541160816353289,0.9833953909630673,"[0.30625, 0.4166666666666667, 0.2640625, 0.5833333333333334]",,,,0
long_rvos/7caa203c75/2/3,long_rvos,7caa203c75,2,3,dynamic,oracle_identity,point,True,0,1,82,4,1.0,1.0,1.0,1.0,1.0,1.0,1.0,,1,[],[],
long_rvos/7caa203c75/2/3,long_rvos,7caa203c75,2,3,dynamic,oracle_identity,point,True,1,3,165,4,0.0,0.0,0.0,0.0,0.0,0.0,1.0,,2,[],[],
long_rvos/7caa203c75/2/3,long_rvos,7caa203c75,2,3,dynamic,oracle_identity,point,True,2,5,247,4,0.9843253032216828,0.9986702127659575,0.9914977579938201,0.0,0.0,0.0,0.0,,3,[],[],
long_rvos/7caa203c75/2/3,long_rvos,7caa203c75,2,3,dynamic,oracle_identity,point,True,3,7,330,4,0.0,0.0,0.0,0.0,0.0,0.0,1.0,,4,[],[],
long_rvos/7caa203c75/2/3,long_rvos,7caa203c75,2,3,dynamic,oracle_identity,box,True,0,1,82,4,1.0,1.0,1.0,1.0,1.0,1.0,1.0,,,,,
long_rvos/7caa203c75/2/3,long_rvos,7caa203c75,2,3,dynamic,oracle_identity,box,True,1,3,165,4,0.0,0.0,0.0,0.0,0.0,0.0,1.0,,,,,
long_rvos/7caa203c75/2/3,long_rvos,7caa203c75,2,3,dynamic,oracle_identity,box,True,2,5,247,4,0.9843253032216828,0.9986702127659575,0.9914977579938201,0.8558570906432749,0.4403510681533314,0.6481040793983032,0.8669023106487412,"[0.05, 0.0, 0.675, 0.7694444444444445]",,,,0
long_rvos/7caa203c75/2/3,long_rvos,7caa203c75,2,3,dynamic,oracle_identity,box,True,3,7,330,4,0.0,0.0,0.0,0.0,0.0,0.0,1.0,,,,,
long_rvos/7caa203c75/2/5,long_rvos,7caa203c75,2,5,hybrid,predicted_static,point,False,0,1,82,0,1.0,1.0,1.0,1.0,1.0,1.0,1.0,,1,[],[],
long_rvos/7caa203c75/2/5,long_rvos,7caa203c75,2,5,hybrid,predicted_static,point,False,1,3,165,3,0.9503216726980298,0.974658847663218,0.9624902601806239,0.0,0.0,0.0,0.0,,2,[],[],
long_rvos/7caa203c75/2/5,long_rvos,7caa203c75,2,5,hybrid,predicted_static,point,False,2,5,247,4,0.9843253032216828,0.9986702127659575,0.9914977579938201,0.0,0.0,0.0,0.0,,3,[],[],
long_rvos/7caa203c75/2/5,long_rvos,7caa203c75,2,5,hybrid,predicted_static,point,False,3,7,330,6,0.9774687204027716,1.0,0.9887343602013858,0.0,0.0,0.0,0.0,,4,[],[],
long_rvos/7caa203c75/2/5,long_rvos,7caa203c75,2,5,hybrid,predicted_static,box,False,0,1,82,0,1.0,1.0,1.0,1.0,1.0,1.0,1.0,,,,,
long_rvos/7caa203c75/2/5,long_rvos,7caa203c75,2,5,hybrid,predicted_static,box,False,1,3,165,3,0.9503216726980298,0.974658847663218,0.9624902601806239,0.0,0.0,0.0,0.0,"[0.4390625, 0.0, 0.5609375, 1.0]",,,,
long_rvos/7caa203c75/2/5,long_rvos,7caa203c75,2,5,hybrid,predicted_static,box,False,2,5,247,4,0.9843253032216828,0.9986702127659575,0.9914977579938201,0.8558570906432749,0.4403510681533314,0.6481040793983032,0.8669023106487412,"[0.05, 0.0, 0.675, 0.7694444444444445]",,,,0
long_rvos/7caa203c75/2/5,long_rvos,7caa203c75,2,5,hybrid,predicted_static,box,False,3,7,330,6,0.9774687204027716,1.0,0.9887343602013858,0.9697075731067233,0.9385245901639344,0.9541160816353289,0.9833953909630673,"[0.30625, 0.4166666666666667, 0.2640625, 0.5833333333333334]",,,,0
long_rvos/7caa203c75/2/5,long_rvos,7caa203c75,2,5,hybrid,oracle_identity,point,True,0,1,82,4,1.0,1.0,1.0,1.0,1.0,1.0,1.0,,1,[],[],
long_rvos/7caa203c75/2/5,long_rvos,7caa203c75,2,5,hybrid,oracle_identity,point,True,1,3,165,4,0.0,0.0,0.0,0.0,0.0,0.0,1.0,,2,[],[],
long_rvos/7caa203c75/2/5,long_rvos,7caa203c75,2,5,hybrid,oracle_identity,point,True,2,5,247,4,0.9843253032216828,0.9986702127659575,0.9914977579938201,0.0,0.0,0.0,0.0,,3,[],[],
long_rvos/7caa203c75/2/5,long_rvos,7caa203c75,2,5,hybrid,oracle_identity,point,True,3,7,330,4,0.0,0.0,0.0,0.0,0.0,0.0,1.0,,4,[],[],
long_rvos/7caa203c75/2/5,long_rvos,7caa203c75,2,5,hybrid,oracle_identity,box,True,0,1,82,4,1.0,1.0,1.0,1.0,1.0,1.0,1.0,,,,,
long_rvos/7caa203c75/2/5,long_rvos,7caa203c75,2,5,hybrid,oracle_identity,box,True,1,3,165,4,0.0,0.0,0.0,0.0,0.0,0.0,1.0,,,,,
long_rvos/7caa203c75/2/5,long_rvos,7caa203c75,2,5,hybrid,oracle_identity,box,True,2,5,247,4,0.9843253032216828,0.9986702127659575,0.9914977579938201,0.8558570906432749,0.4403510681533314,0.6481040793983032,0.8669023106487412,"[0.05, 0.0, 0.675, 0.7694444444444445]",,,,0
long_rvos/7caa203c75/2/5,long_rvos,7caa203c75,2,5,hybrid,oracle_identity,box,True,3,7,330,4,0.0,0.0,0.0,0.0,0.0,0.0,1.0,,,,,
long_rvos/7caa203c75/2/2,long_rvos,7caa203c75,2,2,static,predicted_static,point,False,0,1,82,0,1.0,1.0,1.0,1.0,1.0,1.0,1.0,,1,[],[],
long_rvos/7caa203c75/2/2,long_rvos,7caa203c75,2,2,static,predicted_static,point,False,1,3,165,3,0.9502904580996603,0.974500403276339,0.9623954306879996,0.0,0.0,0.0,0.0,,2,[],[],
long_rvos/7caa203c75/2/2,long_rvos,7caa203c75,2,2,static,predicted_static,point,False,2,5,247,4,0.9844798466243666,0.9957081545064378,0.9900940005654022,0.0,0.0,0.0,0.0,,3,[],[],
long_rvos/7caa203c75/2/2,long_rvos,7caa203c75,2,2,static,predicted_static,point,False,3,7,330,9,0.9760127401214292,0.9853801169590644,0.9806964285402469,0.0,0.0,0.0,0.0,,4,[],[],
long_rvos/7caa203c75/2/2,long_rvos,7caa203c75,2,2,static,predicted_static,box,False,0,1,82,0,1.0,1.0,1.0,1.0,1.0,1.0,1.0,,,,,
long_rvos/7caa203c75/2/2,long_rvos,7caa203c75,2,2,static,predicted_static,box,False,1,3,165,3,0.9502904580996603,0.974500403276339,0.9623954306879996,0.0,0.0,0.0,0.0,"[0.4390625, 0.0, 0.5609375, 1.0]",,,,
long_rvos/7caa203c75/2/2,long_rvos,7caa203c75,2,2,static,predicted_static,box,False,2,5,247,4,0.9844798466243666,0.9957081545064378,0.9900940005654022,0.7986049770034419,0.3423828326748144,0.5704939048391282,0.8087801867139881,"[0.05, 0.0, 0.675, 0.7722222222222223]",,,,0
long_rvos/7caa203c75/2/2,long_rvos,7caa203c75,2,2,static,predicted_static,box,False,3,7,330,9,0.9760127401214292,0.9853801169590644,0.9806964285402469,0.9696045593161026,0.9366053169734151,0.9531049381447588,0.9810174258022397,"[0.303125, 0.41944444444444445, 0.2671875, 0.5805555555555556]",,,,0
long_rvos/7caa203c75/2/2,long_rvos,7caa203c75,2,2,static,oracle_identity,point,True,0,1,82,4,1.0,1.0,1.0,1.0,1.0,1.0,1.0,,1,[],[],
long_rvos/7caa203c75/2/2,long_rvos,7caa203c75,2,2,static,oracle_identity,point,True,1,3,165,4,0.0,0.0,0.0,0.0,0.0,0.0,1.0,,2,[],[],
long_rvos/7caa203c75/2/2,long_rvos,7caa203c75,2,2,static,oracle_identity,point,True,2,5,247,4,0.9843253032216828,0.9986702127659575,0.9914977579938201,0.0,0.0,0.0,0.0,,3,[],[],
long_rvos/7caa203c75/2/2,long_rvos,7caa203c75,2,2,static,oracle_identity,point,True,3,7,330,4,0.0,0.0,0.0,0.0,0.0,0.0,1.0,,4,[],[],
long_rvos/7bdbd4f32f/1/1,long_rvos,7bdbd4f32f,1,1,dynamic,predicted_static,point,False,0,1,97,1,0.9799057705472557,0.9983818770226538,0.9891438237849548,0.0,0.0,0.0,0.0,,1,[],[],
long_rvos/7bdbd4f32f/1/1,long_rvos,7bdbd4f32f,1,1,dynamic,predicted_static,point,False,1,3,195,1,0.9716629075251179,0.9763282482903735,0.9739955779077456,0.0,0.0,0.0,0.0,,2,[],[],
long_rvos/7bdbd4f32f/1/1,long_rvos,7bdbd4f32f,1,1,dynamic,predicted_static,point,False,2,5,292,1,0.9113949471823914,0.9436485195797517,0.9275217333810716,0.0,0.0,0.0,0.0,,3,[],[],
long_rvos/7bdbd4f32f/1/1,long_rvos,7bdbd4f32f,1,1,dynamic,predicted_static,point,False,3,7,390,1,0.9719056028254937,0.9446224256292907,0.9582640142273922,0.0,0.0,0.0,0.0,,4,[],[],
long_rvos/7bdbd4f32f/1/1,long_rvos,7bdbd4f32f,1,1,dynamic,predicted_static,box,False,0,1,97,1,0.9799057705472557,0.9983818770226538,0.9891438237849548,0.8884792626728111,0.7486842764773696,0.8185817695750903,0.8922744629151078,"[0.125, 0.2833333333333333, 0.4921875, 0.48333333333333334]",,,,0
long_rvos/7bdbd4f32f/1/1,long_rvos,7bdbd4f32f,1,1,dynamic,predicted_static,box,False,1,3,195,1,0.9716629075251179,0.9763282482903735,0.9739955779077456,0.9697380307136405,0.9676092544987147,0.9686736426061776,0.9845375903715158,"[0.78125, 0.37916666666666665, 0.21875, 0.5354166666666667]",,,,0
long_rvos/7bdbd4f32f/1/1,long_rvos,7bdbd4f32f,1,1,dynamic,predicted_static,box,False,2,5,292,1,0.9113949471823914,0.9436485195797517,0.9275217333810716,0.9136623921283975,0.9466602594906295,0.9301613258095135,0.9863856137076936,"[0.159375, 0.28125, 0.290625, 0.49166666666666664]",,,,0
long_rvos/7bdbd4f32f/1/1,long_rvos,7bdbd4f32f,1,1,dynamic,predicted_static,box,False,3,7,390,1,0.9719056028254937,0.9446224256292907,0.9582640142273922,0.0,0.0,0.0,0.0,"[0.696875, 0.27291666666666664, 0.2921875, 0.5208333333333334]",,,,
long_rvos/7bdbd4f32f/1/1,long_rvos,7bdbd4f32f,1,1,dynamic,oracle_identity,point,True,0,1,97,1,0.9799057705472557,0.9983818770226538,0.9891438237849548,0.0,0.0,0.0,0.0,,1,[],[],
long_rvos/7bdbd4f32f/1/1,long_rvos,7bdbd4f32f,1,1,dynamic,oracle_identity,point,True,1,3,195,1,0.9716629075251179,0.9763282482903735,0.9739955779077456,0.0,0.0,0.0,0.0,,2,[],[],
long_rvos/7bdbd4f32f/1/1,long_rvos,7bdbd4f32f,1,1,dynamic,oracle_identity,point,True,2,5,292,1,0.9113949471823914,0.9436485195797517,0.9275217333810716,0.0,0.0,0.0,0.0,,3,[],[],
long_rvos/7bdbd4f32f/1/1,long_rvos,7bdbd4f32f,1,1,dynamic,oracle_identity,point,True,3,7,390,1,0.9719056028254937,0.9446224256292907,0.9582640142273922,0.0,0.0,0.0,0.0,,4,[],[],
long_rvos/7bdbd4f32f/1/1,long_rvos,7bdbd4f32f,1,1,dynamic,oracle_identity,box,True,0,1,97,1,0.9799057705472557,0.9983818770226538,0.9891438237849548,0.8884792626728111,0.7486842764773696,0.8185817695750903,0.8922744629151078,"[0.125, 0.2833333333333333, 0.4921875, 0.48333333333333334]",,,,0
long_rvos/7bdbd4f32f/1/1,long_rvos,7bdbd4f32f,1,1,dynamic,oracle_identity,box,True,1,3,195,1,0.9716629075251179,0.9763282482903735,0.9739955779077456,0.9697380307136405,0.9676092544987147,0.9686736426061776,0.9845375903715158,"[0.78125, 0.37916666666666665, 0.21875, 0.5354166666666667]",,,,0
long_rvos/7bdbd4f32f/1/1,long_rvos,7bdbd4f32f,1,1,dynamic,oracle_identity,box,True,2,5,292,1,0.9113949471823914,0.9436485195797517,0.9275217333810716,0.9136623921283975,0.9466602594906295,0.9301613258095135,0.9863856137076936,"[0.159375, 0.28125, 0.290625, 0.49166666666666664]",,,,0
long_rvos/7bdbd4f32f/1/1,long_rvos,7bdbd4f32f,1,1,dynamic,oracle_identity,box,True,3,7,390,1,0.9719056028254937,0.9446224256292907,0.9582640142273922,0.0,0.0,0.0,0.0,"[0.696875, 0.27291666666666664, 0.2921875, 0.5208333333333334]",,,,
long_rvos/7bdbd4f32f/1/3,long_rvos,7bdbd4f32f,1,3,dynamic,predicted_static,point,False,0,1,97,1,0.9799057705472557,0.9983818770226538,0.9891438237849548,0.0,0.0,0.0,0.0,,1,[],[],
long_rvos/7bdbd4f32f/1/3,long_rvos,7bdbd4f32f,1,3,dynamic,predicted_static,point,False,1,3,195,1,0.9716629075251179,0.9763282482903735,0.9739955779077456,0.0,0.0,0.0,0.0,,2,[],[],
long_rvos/7bdbd4f32f/1/3,long_rvos,7bdbd4f32f,1,3,dynamic,predicted_static,point,False,2,5,292,1,0.9113949471823914,0.9436485195797517,0.9275217333810716,0.0,0.0,0.0,0.0,,3,[],[],
long_rvos/7bdbd4f32f/1/3,long_rvos,7bdbd4f32f,1,3,dynamic,predicted_static,point,False,3,7,390,1,0.9719056028254937,0.9446224256292907,0.9582640142273922,0.0,0.0,0.0,0.0,,4,[],[],
long_rvos/7bdbd4f32f/1/3,long_rvos,7bdbd4f32f,1,3,dynamic,predicted_static,box,False,0,1,97,1,0.9799057705472557,0.9983818770226538,0.9891438237849548,0.8884792626728111,0.7486842764773696,0.8185817695750903,0.8922744629151078,"[0.125, 0.2833333333333333, 0.4921875, 0.48333333333333334]",,,,0
long_rvos/7bdbd4f32f/1/3,long_rvos,7bdbd4f32f,1,3,dynamic,predicted_static,box,False,1,3,195,1,0.9716629075251179,0.9763282482903735,0.9739955779077456,0.9697380307136405,0.9676092544987147,0.9686736426061776,0.9845375903715158,"[0.78125, 0.37916666666666665, 0.21875, 0.5354166666666667]",,,,0
long_rvos/7bdbd4f32f/1/3,long_rvos,7bdbd4f32f,1,3,dynamic,predicted_static,box,False,2,5,292,1,0.9113949471823914,0.9436485195797517,0.9275217333810716,0.9136623921283975,0.9466602594906295,0.9301613258095135,0.9863856137076936,"[0.159375, 0.28125, 0.290625, 0.49166666666666664]",,,,0
long_rvos/7bdbd4f32f/1/3,long_rvos,7bdbd4f32f,1,3,dynamic,predicted_static,box,False,3,7,390,1,0.9719056028254937,0.9446224256292907,0.9582640142273922,0.0,0.0,0.0,0.0,"[0.696875, 0.27291666666666664, 0.2921875, 0.5208333333333334]",,,,
long_rvos/7bdbd4f32f/1/3,long_rvos,7bdbd4f32f,1,3,dynamic,oracle_identity,point,True,0,1,97,1,0.9799057705472557,0.9983818770226538,0.9891438237849548,0.0,0.0,0.0,0.0,,1,[],[],
long_rvos/7bdbd4f32f/1/3,long_rvos,7bdbd4f32f,1,3,dynamic,oracle_identity,point,True,1,3,195,1,0.9716629075251179,0.9763282482903735,0.9739955779077456,0.0,0.0,0.0,0.0,,2,[],[],
long_rvos/7bdbd4f32f/1/3,long_rvos,7bdbd4f32f,1,3,dynamic,oracle_identity,point,True,2,5,292,1,0.9113949471823914,0.9436485195797517,0.9275217333810716,0.0,0.0,0.0,0.0,,3,[],[],
long_rvos/7bdbd4f32f/1/3,long_rvos,7bdbd4f32f,1,3,dynamic,oracle_identity,point,True,3,7,390,1,0.9719056028254937,0.9446224256292907,0.9582640142273922,0.0,0.0,0.0,0.0,,4,[],[],
long_rvos/7bdbd4f32f/1/3,long_rvos,7bdbd4f32f,1,3,dynamic,oracle_identity,box,True,0,1,97,1,0.9799057705472557,0.9983818770226538,0.9891438237849548,0.8884792626728111,0.7486842764773696,0.8185817695750903,0.8922744629151078,"[0.125, 0.2833333333333333, 0.4921875, 0.48333333333333334]",,,,0
long_rvos/7bdbd4f32f/1/3,long_rvos,7bdbd4f32f,1,3,dynamic,oracle_identity,box,True,1,3,195,1,0.9716629075251179,0.9763282482903735,0.9739955779077456,0.9697380307136405,0.9676092544987147,0.9686736426061776,0.9845375903715158,"[0.78125, 0.37916666666666665, 0.21875, 0.5354166666666667]",,,,0
long_rvos/7bdbd4f32f/1/3,long_rvos,7bdbd4f32f,1,3,dynamic,oracle_identity,box,True,2,5,292,1,0.9113949471823914,0.9436485195797517,0.9275217333810716,0.9136623921283975,0.9466602594906295,0.9301613258095135,0.9863856137076936,"[0.159375, 0.28125, 0.290625, 0.49166666666666664]",,,,0
long_rvos/7bdbd4f32f/1/3,long_rvos,7bdbd4f32f,1,3,dynamic,oracle_identity,box,True,3,7,390,1,0.9719056028254937,0.9446224256292907,0.9582640142273922,0.0,0.0,0.0,0.0,"[0.696875, 0.27291666666666664, 0.2921875, 0.5208333333333334]",,,,
long_rvos/7bdbd4f32f/1/12,long_rvos,7bdbd4f32f,1,12,hybrid,predicted_static,point,False,0,1,97,1,0.9799057705472557,0.9983818770226538,0.9891438237849548,0.0,0.0,0.0,0.0,,1,[],[],
long_rvos/7bdbd4f32f/1/12,long_rvos,7bdbd4f32f,1,12,hybrid,predicted_static,point,False,1,3,195,1,0.9716629075251179,0.9763282482903735,0.9739955779077456,0.0,0.0,0.0,0.0,,2,[],[],
long_rvos/7bdbd4f32f/1/12,long_rvos,7bdbd4f32f,1,12,hybrid,predicted_static,point,False,2,5,292,1,0.9113949471823914,0.9436485195797517,0.9275217333810716,0.0,0.0,0.0,0.0,,3,[],[],
long_rvos/7bdbd4f32f/1/12,long_rvos,7bdbd4f32f,1,12,hybrid,predicted_static,point,False,3,7,390,1,0.9719056028254937,0.9446224256292907,0.9582640142273922,0.0,0.0,0.0,0.0,,4,[],[],
long_rvos/7bdbd4f32f/1/12,long_rvos,7bdbd4f32f,1,12,hybrid,predicted_static,box,False,0,1,97,1,0.9799057705472557,0.9983818770226538,0.9891438237849548,0.8884792626728111,0.7486842764773696,0.8185817695750903,0.8922744629151078,"[0.125, 0.2833333333333333, 0.4921875, 0.48333333333333334]",,,,0
long_rvos/7bdbd4f32f/1/12,long_rvos,7bdbd4f32f,1,12,hybrid,predicted_static,box,False,1,3,195,1,0.9716629075251179,0.9763282482903735,0.9739955779077456,0.9697380307136405,0.9676092544987147,0.9686736426061776,0.9845375903715158,"[0.78125, 0.37916666666666665, 0.21875, 0.5354166666666667]",,,,0
long_rvos/7bdbd4f32f/1/12,long_rvos,7bdbd4f32f,1,12,hybrid,predicted_static,box,False,2,5,292,1,0.9113949471823914,0.9436485195797517,0.9275217333810716,0.9136623921283975,0.9466602594906295,0.9301613258095135,0.9863856137076936,"[0.159375, 0.28125, 0.290625, 0.49166666666666664]",,,,0
long_rvos/7bdbd4f32f/1/12,long_rvos,7bdbd4f32f,1,12,hybrid,predicted_static,box,False,3,7,390,1,0.9719056028254937,0.9446224256292907,0.9582640142273922,0.0,0.0,0.0,0.0,"[0.696875, 0.27291666666666664, 0.2921875, 0.5208333333333334]",,,,
long_rvos/7bdbd4f32f/1/12,long_rvos,7bdbd4f32f,1,12,hybrid,oracle_identity,point,True,0,1,97,1,0.9799057705472557,0.9983818770226538,0.9891438237849548,0.0,0.0,0.0,0.0,,1,[],[],
long_rvos/7bdbd4f32f/1/12,long_rvos,7bdbd4f32f,1,12,hybrid,oracle_identity,point,True,1,3,195,1,0.9716629075251179,0.9763282482903735,0.9739955779077456,0.0,0.0,0.0,0.0,,2,[],[],
long_rvos/7bdbd4f32f/1/12,long_rvos,7bdbd4f32f,1,12,hybrid,oracle_identity,point,True,2,5,292,1,0.9113949471823914,0.9436485195797517,0.9275217333810716,0.0,0.0,0.0,0.0,,3,[],[],
long_rvos/7bdbd4f32f/1/12,long_rvos,7bdbd4f32f,1,12,hybrid,oracle_identity,point,True,3,7,390,1,0.9719056028254937,0.9446224256292907,0.9582640142273922,0.0,0.0,0.0,0.0,,4,[],[],
long_rvos/7bdbd4f32f/1/12,long_rvos,7bdbd4f32f,1,12,hybrid,oracle_identity,box,True,0,1,97,1,0.9799057705472557,0.9983818770226538,0.9891438237849548,0.8884792626728111,0.7486842764773696,0.8185817695750903,0.8922744629151078,"[0.125, 0.2833333333333333, 0.4921875, 0.48333333333333334]",,,,0
long_rvos/7bdbd4f32f/1/12,long_rvos,7bdbd4f32f,1,12,hybrid,oracle_identity,box,True,1,3,195,1,0.9716629075251179,0.9763282482903735,0.9739955779077456,0.9697380307136405,0.9676092544987147,0.9686736426061776,0.9845375903715158,"[0.78125, 0.37916666666666665, 0.21875, 0.5354166666666667]",,,,0
long_rvos/7bdbd4f32f/1/12,long_rvos,7bdbd4f32f,1,12,hybrid,oracle_identity,box,True,2,5,292,1,0.9113949471823914,0.9436485195797517,0.9275217333810716,0.9136623921283975,0.9466602594906295,0.9301613258095135,0.9863856137076936,"[0.159375, 0.28125, 0.290625, 0.49166666666666664]",,,,0
long_rvos/7bdbd4f32f/1/12,long_rvos,7bdbd4f32f,1,12,hybrid,oracle_identity,box,True,3,7,390,1,0.9719056028254937,0.9446224256292907,0.9582640142273922,0.0,0.0,0.0,0.0,"[0.696875, 0.27291666666666664, 0.2921875, 0.5208333333333334]",,,,
long_rvos/7bdbd4f32f/1/13,long_rvos,7bdbd4f32f,1,13,hybrid,predicted_static,point,False,0,1,97,1,0.9799057705472557,0.9983818770226538,0.9891438237849548,0.0,0.0,0.0,0.0,,1,[],[],
long_rvos/7bdbd4f32f/1/13,long_rvos,7bdbd4f32f,1,13,hybrid,predicted_static,point,False,1,3,195,1,0.9716629075251179,0.9763282482903735,0.9739955779077456,0.0,0.0,0.0,0.0,,2,[],[],
long_rvos/7bdbd4f32f/1/13,long_rvos,7bdbd4f32f,1,13,hybrid,predicted_static,point,False,2,5,292,1,0.9113949471823914,0.9436485195797517,0.9275217333810716,0.0,0.0,0.0,0.0,,3,[],[],
long_rvos/7bdbd4f32f/1/13,long_rvos,7bdbd4f32f,1,13,hybrid,predicted_static,point,False,3,7,390,1,0.9719056028254937,0.9446224256292907,0.9582640142273922,0.0,0.0,0.0,0.0,,4,[],[],
long_rvos/7bdbd4f32f/1/13,long_rvos,7bdbd4f32f,1,13,hybrid,predicted_static,box,False,0,1,97,1,0.9799057705472557,0.9983818770226538,0.9891438237849548,0.8884792626728111,0.7486842764773696,0.8185817695750903,0.8922744629151078,"[0.125, 0.2833333333333333, 0.4921875, 0.48333333333333334]",,,,0
long_rvos/7bdbd4f32f/1/13,long_rvos,7bdbd4f32f,1,13,hybrid,predicted_static,box,False,1,3,195,1,0.9716629075251179,0.9763282482903735,0.9739955779077456,0.9697380307136405,0.9676092544987147,0.9686736426061776,0.9845375903715158,"[0.78125, 0.37916666666666665, 0.21875, 0.5354166666666667]",,,,0
long_rvos/7bdbd4f32f/1/13,long_rvos,7bdbd4f32f,1,13,hybrid,predicted_static,box,False,2,5,292,1,0.9113949471823914,0.9436485195797517,0.9275217333810716,0.9136623921283975,0.9466602594906295,0.9301613258095135,0.9863856137076936,"[0.159375, 0.28125, 0.290625, 0.49166666666666664]",,,,0
long_rvos/7bdbd4f32f/1/13,long_rvos,7bdbd4f32f,1,13,hybrid,predicted_static,box,False,3,7,390,1,0.9719056028254937,0.9446224256292907,0.9582640142273922,0.0,0.0,0.0,0.0,"[0.696875, 0.27291666666666664, 0.2921875, 0.5208333333333334]",,,,
long_rvos/7bdbd4f32f/1/13,long_rvos,7bdbd4f32f,1,13,hybrid,oracle_identity,point,True,0,1,97,1,0.9799057705472557,0.9983818770226538,0.9891438237849548,0.0,0.0,0.0,0.0,,1,[],[],
long_rvos/7bdbd4f32f/1/13,long_rvos,7bdbd4f32f,1,13,hybrid,oracle_identity,point,True,1,3,195,1,0.9716629075251179,0.9763282482903735,0.9739955779077456,0.0,0.0,0.0,0.0,,2,[],[],
long_rvos/7bdbd4f32f/1/13,long_rvos,7bdbd4f32f,1,13,hybrid,oracle_identity,point,True,2,5,292,1,0.9113949471823914,0.9436485195797517,0.9275217333810716,0.0,0.0,0.0,0.0,,3,[],[],
long_rvos/7bdbd4f32f/1/13,long_rvos,7bdbd4f32f,1,13,hybrid,oracle_identity,point,True,3,7,390,1,0.9719056028254937,0.9446224256292907,0.9582640142273922,0.0,0.0,0.0,0.0,,4,[],[],
long_rvos/7bdbd4f32f/1/13,long_rvos,7bdbd4f32f,1,13,hybrid,oracle_identity,box,True,0,1,97,1,0.9799057705472557,0.9983818770226538,0.9891438237849548,0.8884792626728111,0.7486842764773696,0.8185817695750903,0.8922744629151078,"[0.125, 0.2833333333333333, 0.4921875, 0.48333333333333334]",,,,0
long_rvos/7bdbd4f32f/1/13,long_rvos,7bdbd4f32f,1,13,hybrid,oracle_identity,box,True,1,3,195,1,0.9716629075251179,0.9763282482903735,0.9739955779077456,0.9697380307136405,0.9676092544987147,0.9686736426061776,0.9845375903715158,"[0.78125, 0.37916666666666665, 0.21875, 0.5354166666666667]",,,,0
long_rvos/7bdbd4f32f/1/13,long_rvos,7bdbd4f32f,1,13,hybrid,oracle_identity,box,True,2,5,292,1,0.9113949471823914,0.9436485195797517,0.9275217333810716,0.9136623921283975,0.9466602594906295,0.9301613258095135,0.9863856137076936,"[0.159375, 0.28125, 0.290625, 0.49166666666666664]",,,,0
long_rvos/7bdbd4f32f/1/13,long_rvos,7bdbd4f32f,1,13,hybrid,oracle_identity,box,True,3,7,390,1,0.9719056028254937,0.9446224256292907,0.9582640142273922,0.0,0.0,0.0,0.0,"[0.696875, 0.27291666666666664, 0.2921875, 0.5208333333333334]",,,,
long_rvos/7bdbd4f32f/1/0,long_rvos,7bdbd4f32f,1,0,static,predicted_static,point,False,0,1,97,0,0.9792504423355316,1.0,0.9896252211677659,0.0,0.0,0.0,0.0,,1,[],[],
long_rvos/7bdbd4f32f/1/0,long_rvos,7bdbd4f32f,1,0,static,predicted_static,point,False,1,3,195,0,0.9734782432377631,0.929368029739777,0.95142313648877,0.0,0.0,0.0,0.0,,2,[],[],
long_rvos/7bdbd4f32f/1/0,long_rvos,7bdbd4f32f,1,0,static,predicted_static,point,False,2,5,292,0,0.9102847275209831,0.9450337512054002,0.9276592393631917,0.0,0.0,0.0,0.0,,3,[],[],
long_rvos/7bdbd4f32f/1/0,long_rvos,7bdbd4f32f,1,0,static,predicted_static,point,False,3,7,390,0,0.9852003369028998,1.0,0.9926001684514498,0.0,0.0,0.0,0.0,,4,[],[],
long_rvos/7bdbd4f32f/1/0,long_rvos,7bdbd4f32f,1,0,static,predicted_static,box,False,0,1,97,0,0.9792504423355316,1.0,0.9896252211677659,0.0,0.0,0.0,0.0,"[0.125, 0.28125, 0.3703125, 0.48541666666666666]",,,,
long_rvos/7bdbd4f32f/1/0,long_rvos,7bdbd4f32f,1,0,static,predicted_static,box,False,1,3,195,0,0.9734782432377631,0.929368029739777,0.95142313648877,0.9697380307136405,0.9676092544987147,0.9686736426061776,0.9675438955510989,"[0.78125, 0.37916666666666665, 0.21875, 0.5354166666666667]",,,,0
long_rvos/7bdbd4f32f/1/0,long_rvos,7bdbd4f32f,1,0,static,predicted_static,box,False,2,5,292,0,0.9102847275209831,0.9450337512054002,0.9276592393631917,0.9135747701242136,0.9457513202112339,0.9296630451677237,0.9878965473308702,"[0.1609375, 0.28125, 0.2890625, 0.49166666666666664]",,,,0
long_rvos/7bdbd4f32f/1/0,long_rvos,7bdbd4f32f,1,0,static,predicted_static,box,False,3,7,390,0,0.9852003369028998,1.0,0.9926001684514498,0.0,0.0,0.0,0.0,"[0.696875, 0.27291666666666664, 0.2921875, 0.5208333333333334]",,,,
long_rvos/7bdbd4f32f/1/0,long_rvos,7bdbd4f32f,1,0,static,oracle_identity,point,True,0,1,97,0,0.9792504423355316,1.0,0.9896252211677659,0.0,0.0,0.0,0.0,,1,[],[],
long_rvos/7bdbd4f32f/1/0,long_rvos,7bdbd4f32f,1,0,static,oracle_identity,point,True,1,3,195,0,0.9734782432377631,0.929368029739777,0.95142313648877,0.0,0.0,0.0,0.0,,2,[],[],
long_rvos/7bdbd4f32f/1/0,long_rvos,7bdbd4f32f,1,0,static,oracle_identity,point,True,2,5,292,0,0.9102847275209831,0.9450337512054002,0.9276592393631917,0.0,0.0,0.0,0.0,,3,[],[],
long_rvos/7bdbd4f32f/1/0,long_rvos,7bdbd4f32f,1,0,static,oracle_identity,point,True,3,7,390,0,0.9852003369028998,1.0,0.9926001684514498,0.0,0.0,0.0,0.0,,4,[],[],
long_rvos/7bdbd4f32f/1/0,long_rvos,7bdbd4f32f,1,0,static,oracle_identity,box,True,0,1,97,0,0.9792504423355316,1.0,0.9896252211677659,0.0,0.0,0.0,0.0,"[0.125, 0.28125, 0.3703125, 0.48541666666666666]",,,,
long_rvos/7bdbd4f32f/1/0,long_rvos,7bdbd4f32f,1,0,static,oracle_identity,box,True,1,3,195,0,0.9734782432377631,0.929368029739777,0.95142313648877,0.9697380307136405,0.9676092544987147,0.9686736426061776,0.9675438955510989,"[0.78125, 0.37916666666666665, 0.21875, 0.5354166666666667]",,,,0
long_rvos/7bdbd4f32f/1/0,long_rvos,7bdbd4f32f,1,0,static,oracle_identity,box,True,2,5,292,0,0.9102847275209831,0.9450337512054002,0.9276592393631917,0.9135747701242136,0.9457513202112339,0.9296630451677237,0.9878965473308702,"[0.1609375, 0.28125, 0.2890625, 0.49166666666666664]",,,,0
long_rvos/7bdbd4f32f/1/0,long_rvos,7bdbd4f32f,1,0,static,oracle_identity,box,True,3,7,390,0,0.9852003369028998,1.0,0.9926001684514498,0.0,0.0,0.0,0.0,"[0.696875, 0.27291666666666664, 0.2921875, 0.5208333333333334]",,,,
long_rvos/7bdbd4f32f/1/2,long_rvos,7bdbd4f32f,1,2,static,predicted_static,point,False,0,1,97,0,0.9792504423355316,1.0,0.9896252211677659,0.0,0.0,0.0,0.0,,1,[],[],
long_rvos/7bdbd4f32f/1/2,long_rvos,7bdbd4f32f,1,2,static,predicted_static,point,False,1,3,195,0,0.9734782432377631,0.929368029739777,0.95142313648877,0.0,0.0,0.0,0.0,,2,[],[],
long_rvos/7bdbd4f32f/1/2,long_rvos,7bdbd4f32f,1,2,static,predicted_static,point,False,2,5,292,0,0.9102847275209831,0.9450337512054002,0.9276592393631917,0.0,0.0,0.0,0.0,,3,[],[],
long_rvos/7bdbd4f32f/1/2,long_rvos,7bdbd4f32f,1,2,static,predicted_static,point,False,3,7,390,0,0.9852003369028998,1.0,0.9926001684514498,0.0,0.0,0.0,0.0,,4,[],[],
long_rvos/7bdbd4f32f/1/2,long_rvos,7bdbd4f32f,1,2,static,predicted_static,box,False,0,1,97,0,0.9792504423355316,1.0,0.9896252211677659,0.0,0.0,0.0,0.0,"[0.125, 0.28125, 0.3703125, 0.48541666666666666]",,,,
long_rvos/7bdbd4f32f/1/2,long_rvos,7bdbd4f32f,1,2,static,predicted_static,box,False,1,3,195,0,0.9734782432377631,0.929368029739777,0.95142313648877,0.9697380307136405,0.9676092544987147,0.9686736426061776,0.9675438955510989,"[0.78125, 0.37916666666666665, 0.21875, 0.5354166666666667]",,,,0
long_rvos/7bdbd4f32f/1/2,long_rvos,7bdbd4f32f,1,2,static,predicted_static,box,False,2,5,292,0,0.9102847275209831,0.9450337512054002,0.9276592393631917,0.9135747701242136,0.9457513202112339,0.9296630451677237,0.9878965473308702,"[0.1609375, 0.28125, 0.2890625, 0.49166666666666664]",,,,0
long_rvos/7bdbd4f32f/1/2,long_rvos,7bdbd4f32f,1,2,static,predicted_static,box,False,3,7,390,0,0.9852003369028998,1.0,0.9926001684514498,0.0,0.0,0.0,0.0,"[0.696875, 0.27291666666666664, 0.2921875, 0.5208333333333334]",,,,
long_rvos/7bdbd4f32f/1/2,long_rvos,7bdbd4f32f,1,2,static,oracle_identity,point,True,0,1,97,0,0.9792504423355316,1.0,0.9896252211677659,0.0,0.0,0.0,0.0,,1,[],[],
long_rvos/7bdbd4f32f/1/2,long_rvos,7bdbd4f32f,1,2,static,oracle_identity,point,True,1,3,195,0,0.9734782432377631,0.929368029739777,0.95142313648877,0.0,0.0,0.0,0.0,,2,[],[],
long_rvos/7bdbd4f32f/1/2,long_rvos,7bdbd4f32f,1,2,static,oracle_identity,point,True,2,5,292,0,0.9102847275209831,0.9450337512054002,0.9276592393631917,0.0,0.0,0.0,0.0,,3,[],[],
long_rvos/7bdbd4f32f/1/2,long_rvos,7bdbd4f32f,1,2,static,oracle_identity,point,True,3,7,390,0,0.9852003369028998,1.0,0.9926001684514498,0.0,0.0,0.0,0.0,,4,[],[],
long_rvos/7bdbd4f32f/1/2,long_rvos,7bdbd4f32f,1,2,static,oracle_identity,box,True,0,1,97,0,0.9792504423355316,1.0,0.9896252211677659,0.0,0.0,0.0,0.0,"[0.125, 0.28125, 0.3703125, 0.48541666666666666]",,,,
long_rvos/7bdbd4f32f/1/2,long_rvos,7bdbd4f32f,1,2,static,oracle_identity,box,True,1,3,195,0,0.9734782432377631,0.929368029739777,0.95142313648877,0.9697380307136405,0.9676092544987147,0.9686736426061776,0.9675438955510989,"[0.78125, 0.37916666666666665, 0.21875, 0.5354166666666667]",,,,0
long_rvos/7bdbd4f32f/1/2,long_rvos,7bdbd4f32f,1,2,static,oracle_identity,box,True,2,5,292,0,0.9102847275209831,0.9450337512054002,0.9276592393631917,0.9135747701242136,0.9457513202112339,0.9296630451677237,0.9878965473308702,"[0.1609375, 0.28125, 0.2890625, 0.49166666666666664]",,,,0
long_rvos/7bdbd4f32f/1/2,long_rvos,7bdbd4f32f,1,2,static,oracle_identity,box,True,3,7,390,0,0.9852003369028998,1.0,0.9926001684514498,0.0,0.0,0.0,0.0,"[0.696875, 0.27291666666666664, 0.2921875, 0.5208333333333334]",,,,
long_rvos/2683deffcb/1/1,long_rvos,2683deffcb,1,1,dynamic,predicted_static,point,False,0,1,168,0,0.9242091518784498,1.0,0.9621045759392248,0.0,0.0,0.0,0.0,,1,[],[],
long_rvos/2683deffcb/1/1,long_rvos,2683deffcb,1,1,dynamic,predicted_static,point,False,1,3,337,0,0.8335098246852571,0.6134543814142326,0.7234821030497449,0.0,0.0,0.0,0.0,,2,[],[],
long_rvos/2683deffcb/1/1,long_rvos,2683deffcb,1,1,dynamic,predicted_static,point,False,2,5,505,0,0.927004797806717,1.0,0.9635023989033584,0.0,0.0,0.0,0.0,,3,[],[],
long_rvos/2683deffcb/1/1,long_rvos,2683deffcb,1,1,dynamic,predicted_static,point,False,3,7,674,0,0.825,1.0,0.9125,0.0,0.0,0.0,0.0,,4,[],[],
long_rvos/2683deffcb/1/1,long_rvos,2683deffcb,1,1,dynamic,predicted_static,box,False,0,1,168,0,0.9242091518784498,1.0,0.9621045759392248,0.0,0.0,0.0,0.0,"[0.5328125, 0.2916666666666667, 0.1671875, 0.7083333333333334]",,,,
long_rvos/2683deffcb/1/1,long_rvos,2683deffcb,1,1,dynamic,predicted_static,box,False,1,3,337,0,0.8335098246852571,0.6134543814142326,0.7234821030497449,0.0,0.0,0.0,0.0,"[0.6796875, 0.005555555555555556, 0.3203125, 0.9944444444444445]",,,,
long_rvos/2683deffcb/1/1,long_rvos,2683deffcb,1,1,dynamic,predicted_static,box,False,2,5,505,0,0.927004797806717,1.0,0.9635023989033584,0.0,0.0,0.0,0.0,"[0.484375, 0.16666666666666666, 0.071875, 0.32222222222222224]",,,,
long_rvos/2683deffcb/1/1,long_rvos,2683deffcb,1,1,dynamic,predicted_static,box,False,3,7,674,0,0.825,1.0,0.9125,0.0,0.0,0.0,0.0,"[0.5078125, 0.2833333333333333, 0.0296875, 0.10833333333333334]",,,,
long_rvos/2683deffcb/1/1,long_rvos,2683deffcb,1,1,dynamic,oracle_identity,point,True,0,1,168,0,0.9242091518784498,1.0,0.9621045759392248,0.0,0.0,0.0,0.0,,1,[],[],
long_rvos/2683deffcb/1/1,long_rvos,2683deffcb,1,1,dynamic,oracle_identity,point,True,1,3,337,0,0.8335098246852571,0.6134543814142326,0.7234821030497449,0.0,0.0,0.0,0.0,,2,[],[],
long_rvos/2683deffcb/1/1,long_rvos,2683deffcb,1,1,dynamic,oracle_identity,point,True,2,5,505,0,0.927004797806717,1.0,0.9635023989033584,0.0,0.0,0.0,0.0,,3,[],[],
long_rvos/2683deffcb/1/1,long_rvos,2683deffcb,1,1,dynamic,oracle_identity,point,True,3,7,674,0,0.825,1.0,0.9125,0.0,0.0,0.0,0.0,,4,[],[],
long_rvos/2683deffcb/1/1,long_rvos,2683deffcb,1,1,dynamic,oracle_identity,box,True,0,1,168,0,0.9242091518784498,1.0,0.9621045759392248,0.0,0.0,0.0,0.0,"[0.5328125, 0.2916666666666667, 0.1671875, 0.7083333333333334]",,,,
long_rvos/2683deffcb/1/1,long_rvos,2683deffcb,1,1,dynamic,oracle_identity,box,True,1,3,337,0,0.8335098246852571,0.6134543814142326,0.7234821030497449,0.0,0.0,0.0,0.0,"[0.6796875, 0.005555555555555556, 0.3203125, 0.9944444444444445]",,,,
long_rvos/2683deffcb/1/1,long_rvos,2683deffcb,1,1,dynamic,oracle_identity,box,True,2,5,505,0,0.927004797806717,1.0,0.9635023989033584,0.0,0.0,0.0,0.0,"[0.484375, 0.16666666666666666, 0.071875, 0.32222222222222224]",,,,
long_rvos/2683deffcb/1/1,long_rvos,2683deffcb,1,1,dynamic,oracle_identity,box,True,3,7,674,0,0.825,1.0,0.9125,0.0,0.0,0.0,0.0,"[0.5078125, 0.2833333333333333, 0.0296875, 0.10833333333333334]",,,,
long_rvos/2683deffcb/1/5,long_rvos,2683deffcb,1,5,hybrid,predicted_static,point,False,0,1,168,0,0.0,0.0,0.0,0.0,0.0,0.0,1.0,,1,[],[],
long_rvos/2683deffcb/1/5,long_rvos,2683deffcb,1,5,hybrid,predicted_static,point,False,1,3,337,2,0.8338499835611292,0.6239014089297142,0.7288756962454217,0.0,0.0,0.0,0.0,,2,[],[],
long_rvos/2683deffcb/1/5,long_rvos,2683deffcb,1,5,hybrid,predicted_static,point,False,2,5,505,2,0.9177083333333333,1.0,0.9588541666666667,0.0,0.0,0.0,0.0,,3,[],[],
long_rvos/2683deffcb/1/5,long_rvos,2683deffcb,1,5,hybrid,predicted_static,point,False,3,7,674,2,0.8266331658291457,1.0,0.9133165829145728,0.0,0.0,0.0,0.0,,4,[],[],
long_rvos/2683deffcb/1/5,long_rvos,2683deffcb,1,5,hybrid,predicted_static,box,False,0,1,168,0,0.0,0.0,0.0,0.0,0.0,0.0,1.0,,,,,
long_rvos/2683deffcb/1/5,long_rvos,2683deffcb,1,5,hybrid,predicted_static,box,False,1,3,337,2,0.8338499835611292,0.6239014089297142,0.7288756962454217,0.0,0.0,0.0,0.0,"[0.678125, 0.005555555555555556, 0.321875, 0.9944444444444445]",,,,
long_rvos/2683deffcb/1/5,long_rvos,2683deffcb,1,5,hybrid,predicted_static,box,False,2,5,505,2,0.9177083333333333,1.0,0.9588541666666667,0.0,0.0,0.0,0.0,"[0.484375, 0.16666666666666666, 0.0703125, 0.3194444444444444]",,,,
long_rvos/2683deffcb/1/5,long_rvos,2683deffcb,1,5,hybrid,predicted_static,box,False,3,7,674,2,0.8266331658291457,1.0,0.9133165829145728,0.0,0.0,0.0,0.0,"[0.5078125, 0.2833333333333333, 0.0296875, 0.10833333333333334]",,,,
long_rvos/2683deffcb/1/5,long_rvos,2683deffcb,1,5,hybrid,oracle_identity,point,True,0,1,168,2,0.0,0.0,0.0,0.0,0.0,0.0,1.0,,1,[],[],
long_rvos/2683deffcb/1/5,long_rvos,2683deffcb,1,5,hybrid,oracle_identity,point,True,1,3,337,2,0.8338499835611292,0.6239014089297142,0.7288756962454217,0.0,0.0,0.0,0.0,,2,[],[],
long_rvos/2683deffcb/1/5,long_rvos,2683deffcb,1,5,hybrid,oracle_identity,point,True,2,5,505,2,0.9177083333333333,1.0,0.9588541666666667,0.0,0.0,0.0,0.0,,3,[],[],
long_rvos/2683deffcb/1/5,long_rvos,2683deffcb,1,5,hybrid,oracle_identity,point,True,3,7,674,2,0.8266331658291457,1.0,0.9133165829145728,0.0,0.0,0.0,0.0,,4,[],[],
long_rvos/0310d3743b/3/12,long_rvos,0310d3743b,3,12,dynamic,predicted_static,point,False,0,1,83,0,1.0,1.0,1.0,1.0,1.0,1.0,1.0,,1,[],[],
long_rvos/0310d3743b/3/12,long_rvos,0310d3743b,3,12,dynamic,predicted_static,point,False,1,3,166,0,1.0,1.0,1.0,1.0,1.0,1.0,1.0,,2,[],[],
long_rvos/0310d3743b/3/12,long_rvos,0310d3743b,3,12,dynamic,predicted_static,point,False,2,5,249,0,0.0,0.0,0.0,0.0,0.0,0.0,1.0,,3,[],[],
long_rvos/0310d3743b/3/12,long_rvos,0310d3743b,3,12,dynamic,predicted_static,point,False,3,7,332,0,0.0,0.0,0.0,0.0,0.0,0.0,1.0,,4,[],[],
long_rvos/0310d3743b/3/12,long_rvos,0310d3743b,3,12,dynamic,predicted_static,box,False,0,1,83,0,1.0,1.0,1.0,1.0,1.0,1.0,1.0,,,,,
long_rvos/0310d3743b/3/12,long_rvos,0310d3743b,3,12,dynamic,predicted_static,box,False,1,3,166,0,1.0,1.0,1.0,1.0,1.0,1.0,1.0,,,,,
long_rvos/0310d3743b/3/12,long_rvos,0310d3743b,3,12,dynamic,predicted_static,box,False,2,5,249,0,0.0,0.0,0.0,0.0,0.0,0.0,1.0,,,,,
long_rvos/0310d3743b/3/12,long_rvos,0310d3743b,3,12,dynamic,predicted_static,box,False,3,7,332,0,0.0,0.0,0.0,0.0,0.0,0.0,1.0,,,,,
long_rvos/0310d3743b/3/12,long_rvos,0310d3743b,3,12,dynamic,oracle_identity,point,True,0,1,83,1,1.0,1.0,1.0,1.0,1.0,1.0,1.0,,1,[],[],
long_rvos/0310d3743b/3/12,long_rvos,0310d3743b,3,12,dynamic,oracle_identity,point,True,1,3,166,1,1.0,1.0,1.0,1.0,1.0,1.0,1.0,,2,[],[],
long_rvos/0310d3743b/3/12,long_rvos,0310d3743b,3,12,dynamic,oracle_identity,point,True,2,5,249,1,0.7431818181818182,1.0,0.8715909090909091,0.0,0.0,0.0,0.0,,3,[],[],
long_rvos/0310d3743b/3/12,long_rvos,0310d3743b,3,12,dynamic,oracle_identity,point,True,3,7,332,1,0.0,0.0,0.0,0.0,0.0,0.0,1.0,,4,[],[],
long_rvos/0310d3743b/3/12,long_rvos,0310d3743b,3,12,dynamic,oracle_identity,box,True,0,1,83,1,1.0,1.0,1.0,1.0,1.0,1.0,1.0,,,,,
long_rvos/0310d3743b/3/12,long_rvos,0310d3743b,3,12,dynamic,oracle_identity,box,True,1,3,166,1,1.0,1.0,1.0,1.0,1.0,1.0,1.0,,,,,
long_rvos/0310d3743b/3/12,long_rvos,0310d3743b,3,12,dynamic,oracle_identity,box,True,2,5,249,1,0.7431818181818182,1.0,0.8715909090909091,0.7330508474576272,0.9948186528497409,0.863934750153684,0.8237986270022883,"[0.7046875, 0.7083333333333334, 0.15625, 0.052083333333333336]",,,,0
long_rvos/0310d3743b/3/12,long_rvos,0310d3743b,3,12,dynamic,oracle_identity,box,True,3,7,332,1,0.0,0.0,0.0,0.0,0.0,0.0,1.0,,,,,
long_rvos/0310d3743b/3/9,long_rvos,0310d3743b,3,9,dynamic,predicted_static,point,False,0,1,83,0,1.0,1.0,1.0,1.0,1.0,1.0,1.0,,1,[],[],
long_rvos/0310d3743b/3/9,long_rvos,0310d3743b,3,9,dynamic,predicted_static,point,False,1,3,166,0,1.0,1.0,1.0,1.0,1.0,1.0,1.0,,2,[],[],
long_rvos/0310d3743b/3/9,long_rvos,0310d3743b,3,9,dynamic,predicted_static,point,False,2,5,249,2,0.2651685393258427,0.641527147551244,0.45334784343854334,0.0,0.0,0.0,0.0,,3,[],[],
long_rvos/0310d3743b/3/9,long_rvos,0310d3743b,3,9,dynamic,predicted_static,point,False,3,7,332,0,0.0,0.0,0.0,0.0,0.0,0.0,1.0,,4,[],[],
long_rvos/0310d3743b/3/9,long_rvos,0310d3743b,3,9,dynamic,predicted_static,box,False,0,1,83,0,1.0,1.0,1.0,1.0,1.0,1.0,1.0,,,,,
long_rvos/0310d3743b/3/9,long_rvos,0310d3743b,3,9,dynamic,predicted_static,box,False,1,3,166,0,1.0,1.0,1.0,1.0,1.0,1.0,1.0,,,,,
long_rvos/0310d3743b/3/9,long_rvos,0310d3743b,3,9,dynamic,predicted_static,box,False,2,5,249,2,0.2651685393258427,0.641527147551244,0.45334784343854334,0.0,0.0,0.0,0.0,"[0.703125, 0.7083333333333334, 0.05, 0.0375]",,,,
long_rvos/0310d3743b/3/9,long_rvos,0310d3743b,3,9,dynamic,predicted_static,box,False,3,7,332,0,0.0,0.0,0.0,0.0,0.0,0.0,1.0,,,,,
long_rvos/0310d3743b/3/9,long_rvos,0310d3743b,3,9,dynamic,oracle_identity,point,True,0,1,83,1,1.0,1.0,1.0,1.0,1.0,1.0,1.0,,1,[],[],
long_rvos/0310d3743b/3/9,long_rvos,0310d3743b,3,9,dynamic,oracle_identity,point,True,1,3,166,1,1.0,1.0,1.0,1.0,1.0,1.0,1.0,,2,[],[],
long_rvos/0310d3743b/3/9,long_rvos,0310d3743b,3,9,dynamic,oracle_identity,point,True,2,5,249,1,0.5476772616136919,0.6870229007633588,0.6173500811885253,0.0,0.0,0.0,0.0,,3,[],[],
long_rvos/0310d3743b/3/9,long_rvos,0310d3743b,3,9,dynamic,oracle_identity,point,True,3,7,332,1,0.0,0.0,0.0,0.0,0.0,0.0,1.0,,4,[],[],
long_rvos/0310d3743b/3/9,long_rvos,0310d3743b,3,9,dynamic,oracle_identity,box,True,0,1,83,1,1.0,1.0,1.0,1.0,1.0,1.0,1.0,,,,,
long_rvos/0310d3743b/3/9,long_rvos,0310d3743b,3,9,dynamic,oracle_identity,box,True,1,3,166,1,1.0,1.0,1.0,1.0,1.0,1.0,1.0,,,,,
long_rvos/0310d3743b/3/9,long_rvos,0310d3743b,3,9,dynamic,oracle_identity,box,True,2,5,249,1,0.5476772616136919,0.6870229007633588,0.6173500811885253,0.0,0.0,0.0,0.0,"[0.825, 0.7125, 0.0359375, 0.04791666666666667]",,,,
long_rvos/0310d3743b/3/9,long_rvos,0310d3743b,3,9,dynamic,oracle_identity,box,True,3,7,332,1,0.0,0.0,0.0,0.0,0.0,0.0,1.0,,,,,
long_rvos/0310d3743b/3/8,long_rvos,0310d3743b,3,8,static,predicted_static,point,False,0,1,83,0,1.0,1.0,1.0,1.0,1.0,1.0,1.0,,1,[],[],
long_rvos/0310d3743b/3/8,long_rvos,0310d3743b,3,8,static,predicted_static,point,False,1,3,166,0,1.0,1.0,1.0,1.0,1.0,1.0,1.0,,2,[],[],
long_rvos/0310d3743b/3/8,long_rvos,0310d3743b,3,8,static,predicted_static,point,False,2,5,249,1,0.26879271070615035,0.641527147551244,0.4551599291286972,0.0,0.0,0.0,0.0,,3,[],[],
long_rvos/0310d3743b/3/8,long_rvos,0310d3743b,3,8,static,predicted_static,point,False,3,7,332,0,0.0,0.0,0.0,0.0,0.0,0.0,1.0,,4,[],[],
long_rvos/0310d3743b/3/8,long_rvos,0310d3743b,3,8,static,predicted_static,box,False,0,1,83,0,1.0,1.0,1.0,1.0,1.0,1.0,1.0,,,,,
long_rvos/0310d3743b/3/8,long_rvos,0310d3743b,3,8,static,predicted_static,box,False,1,3,166,0,1.0,1.0,1.0,1.0,1.0,1.0,1.0,,,,,
long_rvos/0310d3743b/3/8,long_rvos,0310d3743b,3,8,static,predicted_static,box,False,2,5,249,1,0.26879271070615035,0.641527147551244,0.4551599291286972,0.0,0.0,0.0,0.0,"[0.703125, 0.7083333333333334, 0.05, 0.0375]",,,,
long_rvos/0310d3743b/3/8,long_rvos,0310d3743b,3,8,static,predicted_static,box,False,3,7,332,0,0.0,0.0,0.0,0.0,0.0,0.0,1.0,,,,,
long_rvos/0310d3743b/3/8,long_rvos,0310d3743b,3,8,static,oracle_identity,point,True,0,1,83,0,1.0,1.0,1.0,1.0,1.0,1.0,1.0,,1,[],[],
long_rvos/0310d3743b/3/8,long_rvos,0310d3743b,3,8,static,oracle_identity,point,True,1,3,166,0,1.0,1.0,1.0,1.0,1.0,1.0,1.0,,2,[],[],
long_rvos/0310d3743b/3/8,long_rvos,0310d3743b,3,8,static,oracle_identity,point,True,2,5,249,0,0.5084745762711864,0.6870229007633588,0.5977487385172726,0.0,0.0,0.0,0.0,,3,[],[],
long_rvos/0310d3743b/3/8,long_rvos,0310d3743b,3,8,static,oracle_identity,point,True,3,7,332,0,0.0,0.0,0.0,0.0,0.0,0.0,1.0,,4,[],[],
long_rvos/0310d3743b/3/8,long_rvos,0310d3743b,3,8,static,oracle_identity,box,True,0,1,83,0,1.0,1.0,1.0,1.0,1.0,1.0,1.0,,,,,
long_rvos/0310d3743b/3/8,long_rvos,0310d3743b,3,8,static,oracle_identity,box,True,1,3,166,0,1.0,1.0,1.0,1.0,1.0,1.0,1.0,,,,,
long_rvos/0310d3743b/3/8,long_rvos,0310d3743b,3,8,static,oracle_identity,box,True,2,5,249,0,0.5084745762711864,0.6870229007633588,0.5977487385172726,0.0,0.0,0.0,0.0,"[0.8265625, 0.7125, 0.034375, 0.04791666666666667]",,,,
long_rvos/0310d3743b/3/8,long_rvos,0310d3743b,3,8,static,oracle_identity,box,True,3,7,332,0,0.0,0.0,0.0,0.0,0.0,0.0,1.0,,,,,
long_rvos/39db436191/3/5,long_rvos,39db436191,3,5,dynamic,predicted_static,point,False,0,1,104,0,1.0,1.0,1.0,1.0,1.0,1.0,1.0,,1,[],[],
long_rvos/39db436191/3/5,long_rvos,39db436191,3,5,dynamic,predicted_static,point,False,1,3,209,0,0.9309718437783833,0.9526606095040803,0.9418162266412318,0.0,0.0,0.0,0.0,,2,[],[],
long_rvos/39db436191/3/5,long_rvos,39db436191,3,5,dynamic,predicted_static,point,False,2,5,314,0,0.9138504155124654,0.9712918660287081,0.9425711407705868,0.0,0.0,0.0,0.0,,3,[],[],
long_rvos/39db436191/3/5,long_rvos,39db436191,3,5,dynamic,predicted_static,point,False,3,7,419,0,0.9176503457428232,0.8107814039520531,0.8642158748474382,0.0,0.0,0.0,0.0,,4,[],[],
long_rvos/39db436191/3/5,long_rvos,39db436191,3,5,dynamic,predicted_static,box,False,0,1,104,0,1.0,1.0,1.0,1.0,1.0,1.0,1.0,,,,,
long_rvos/39db436191/3/5,long_rvos,39db436191,3,5,dynamic,predicted_static,box,False,1,3,209,0,0.9309718437783833,0.9526606095040803,0.9418162266412318,0.9136244570443317,0.9123980357940019,0.9130112464191669,0.9385264977724582,"[0.2140625, 0.19722222222222222, 0.3890625, 0.5694444444444444]",,,,0
long_rvos/39db436191/3/5,long_rvos,39db436191,3,5,dynamic,predicted_static,box,False,2,5,314,0,0.9138504155124654,0.9712918660287081,0.9425711407705868,0.9095715080690039,0.9682151589242053,0.9388933334966045,0.9660815233561441,"[0.6265625, 0.37777777777777777, 0.1296875, 0.17777777777777778]",,,,0
long_rvos/39db436191/3/5,long_rvos,39db436191,3,5,dynamic,predicted_static,box,False,3,7,419,0,0.9176503457428232,0.8107814039520531,0.8642158748474382,0.9195418552036199,0.7139899217844863,0.8167658884940531,0.9786951662475551,"[0.0, 0.8, 0.3875, 0.2]",,,,0
long_rvos/39db436191/3/5,long_rvos,39db436191,3,5,dynamic,oracle_identity,point,True,0,1,104,0,1.0,1.0,1.0,1.0,1.0,1.0,1.0,,1,[],[],
long_rvos/39db436191/3/5,long_rvos,39db436191,3,5,dynamic,oracle_identity,point,True,1,3,209,0,0.9309718437783833,0.9526606095040803,0.9418162266412318,0.0,0.0,0.0,0.0,,2,[],[],
long_rvos/39db436191/3/5,long_rvos,39db436191,3,5,dynamic,oracle_identity,point,True,2,5,314,0,0.9138504155124654,0.9712918660287081,0.9425711407705868,0.0,0.0,0.0,0.0,,3,[],[],
long_rvos/39db436191/3/5,long_rvos,39db436191,3,5,dynamic,oracle_identity,point,True,3,7,419,0,0.9176503457428232,0.8107814039520531,0.8642158748474382,0.0,0.0,0.0,0.0,,4,[],[],
long_rvos/39db436191/3/5,long_rvos,39db436191,3,5,dynamic,oracle_identity,box,True,0,1,104,0,1.0,1.0,1.0,1.0,1.0,1.0,1.0,,,,,
long_rvos/39db436191/3/5,long_rvos,39db436191,3,5,dynamic,oracle_identity,box,True,1,3,209,0,0.9309718437783833,0.9526606095040803,0.9418162266412318,0.9136244570443317,0.9123980357940019,0.9130112464191669,0.9385264977724582,"[0.2140625, 0.19722222222222222, 0.3890625, 0.5694444444444444]",,,,0
long_rvos/39db436191/3/5,long_rvos,39db436191,3,5,dynamic,oracle_identity,box,True,2,5,314,0,0.9138504155124654,0.9712918660287081,0.9425711407705868,0.9095715080690039,0.9682151589242053,0.9388933334966045,0.9660815233561441,"[0.6265625, 0.37777777777777777, 0.1296875, 0.17777777777777778]",,,,0
long_rvos/39db436191/3/5,long_rvos,39db436191,3,5,dynamic,oracle_identity,box,True,3,7,419,0,0.9176503457428232,0.8107814039520531,0.8642158748474382,0.9195418552036199,0.7139899217844863,0.8167658884940531,0.9786951662475551,"[0.0, 0.8, 0.3875, 0.2]",,,,0
long_rvos/39db436191/3/10,long_rvos,39db436191,3,10,hybrid,predicted_static,point,False,0,1,104,0,1.0,1.0,1.0,1.0,1.0,1.0,1.0,,1,[],[],
long_rvos/39db436191/3/10,long_rvos,39db436191,3,10,hybrid,predicted_static,point,False,1,3,209,0,0.9309718437783833,0.9526606095040803,0.9418162266412318,0.0,0.0,0.0,0.0,,2,[],[],
long_rvos/39db436191/3/10,long_rvos,39db436191,3,10,hybrid,predicted_static,point,False,2,5,314,0,0.9138504155124654,0.9712918660287081,0.9425711407705868,0.0,0.0,0.0,0.0,,3,[],[],
long_rvos/39db436191/3/10,long_rvos,39db436191,3,10,hybrid,predicted_static,point,False,3,7,419,1,0.0,0.0,0.0,0.0,0.0,0.0,1.0,,4,[],[],
long_rvos/39db436191/3/10,long_rvos,39db436191,3,10,hybrid,predicted_static,box,False,0,1,104,0,1.0,1.0,1.0,1.0,1.0,1.0,1.0,,,,,
long_rvos/39db436191/3/10,long_rvos,39db436191,3,10,hybrid,predicted_static,box,False,1,3,209,0,0.9309718437783833,0.9526606095040803,0.9418162266412318,0.9136244570443317,0.9123980357940019,0.9130112464191669,0.9385264977724582,"[0.2140625, 0.19722222222222222, 0.3890625, 0.5694444444444444]",,,,0
long_rvos/39db436191/3/10,long_rvos,39db436191,3,10,hybrid,predicted_static,box,False,2,5,314,0,0.9138504155124654,0.9712918660287081,0.9425711407705868,0.9095715080690039,0.9682151589242053,0.9388933334966045,0.9660815233561441,"[0.6265625, 0.37777777777777777, 0.1296875, 0.17777777777777778]",,,,0
long_rvos/39db436191/3/10,long_rvos,39db436191,3,10,hybrid,predicted_static,box,False,3,7,419,1,0.0,0.0,0.0,0.0,0.0,0.0,1.0,,,,,
long_rvos/39db436191/3/10,long_rvos,39db436191,3,10,hybrid,oracle_identity,point,True,0,1,104,0,1.0,1.0,1.0,1.0,1.0,1.0,1.0,,1,[],[],
long_rvos/39db436191/3/10,long_rvos,39db436191,3,10,hybrid,oracle_identity,point,True,1,3,209,0,0.9309718437783833,0.9526606095040803,0.9418162266412318,0.0,0.0,0.0,0.0,,2,[],[],
long_rvos/39db436191/3/10,long_rvos,39db436191,3,10,hybrid,oracle_identity,point,True,2,5,314,0,0.9138504155124654,0.9712918660287081,0.9425711407705868,0.0,0.0,0.0,0.0,,3,[],[],
long_rvos/39db436191/3/10,long_rvos,39db436191,3,10,hybrid,oracle_identity,point,True,3,7,419,0,0.9176503457428232,0.8107814039520531,0.8642158748474382,0.0,0.0,0.0,0.0,,4,[],[],
long_rvos/39db436191/3/10,long_rvos,39db436191,3,10,hybrid,oracle_identity,box,True,0,1,104,0,1.0,1.0,1.0,1.0,1.0,1.0,1.0,,,,,
long_rvos/39db436191/3/10,long_rvos,39db436191,3,10,hybrid,oracle_identity,box,True,1,3,209,0,0.9309718437783833,0.9526606095040803,0.9418162266412318,0.9136244570443317,0.9123980357940019,0.9130112464191669,0.9385264977724582,"[0.2140625, 0.19722222222222222, 0.3890625, 0.5694444444444444]",,,,0
long_rvos/39db436191/3/10,long_rvos,39db436191,3,10,hybrid,oracle_identity,box,True,2,5,314,0,0.9138504155124654,0.9712918660287081,0.9425711407705868,0.9095715080690039,0.9682151589242053,0.9388933334966045,0.9660815233561441,"[0.6265625, 0.37777777777777777, 0.1296875, 0.17777777777777778]",,,,0
long_rvos/39db436191/3/10,long_rvos,39db436191,3,10,hybrid,oracle_identity,box,True,3,7,419,0,0.9176503457428232,0.8107814039520531,0.8642158748474382,0.9195418552036199,0.7139899217844863,0.8167658884940531,0.9786951662475551,"[0.0, 0.8, 0.3875, 0.2]",,,,0
long_rvos/39db436191/3/4,long_rvos,39db436191,3,4,static,predicted_static,point,False,0,1,104,0,1.0,1.0,1.0,1.0,1.0,1.0,1.0,,1,[],[],
long_rvos/39db436191/3/4,long_rvos,39db436191,3,4,static,predicted_static,point,False,1,3,209,0,0.9318093258864788,0.9534562141956268,0.9426327700410528,0.0,0.0,0.0,0.0,,2,[],[],
long_rvos/39db436191/3/4,long_rvos,39db436191,3,4,static,predicted_static,point,False,2,5,314,0,0.9167127836192585,0.9759615384615384,0.9463371610403984,0.0,0.0,0.0,0.0,,3,[],[],
long_rvos/39db436191/3/4,long_rvos,39db436191,3,4,static,predicted_static,point,False,3,7,419,0,0.9176503457428232,0.8160872887021295,0.8668688172224763,0.0,0.0,0.0,0.0,,4,[],[],
long_rvos/39db436191/3/4,long_rvos,39db436191,3,4,static,predicted_static,box,False,0,1,104,0,1.0,1.0,1.0,1.0,1.0,1.0,1.0,,,,,
long_rvos/39db436191/3/4,long_rvos,39db436191,3,4,static,predicted_static,box,False,1,3,209,0,0.9309718437783833,0.9526606095040803,0.9418162266412318,0.9136244570443317,0.9123980357940019,0.9130112464191669,0.9385264977724582,"[0.2140625, 0.19722222222222222, 0.3890625, 0.5694444444444444]",,,,0
long_rvos/39db436191/3/4,long_rvos,39db436191,3,4,static,predicted_static,box,False,2,5,314,0,0.9138504155124654,0.9712918660287081,0.9425711407705868,0.9095715080690039,0.9682151589242053,0.9388933334966045,0.9660815233561441,"[0.6265625, 0.37777777777777777, 0.1296875, 0.17777777777777778]",,,,0
long_rvos/39db436191/3/4,long_rvos,39db436191,3,4,static,predicted_static,box,False,3,7,419,0,0.9176503457428232,0.8107814039520531,0.8642158748474382,0.9195418552036199,0.7139899217844863,0.8167658884940531,0.9786951662475551,"[0.0, 0.8, 0.3875, 0.2]",,,,0
long_rvos/39db436191/3/4,long_rvos,39db436191,3,4,static,oracle_identity,point,True,0,1,104,0,1.0,1.0,1.0,1.0,1.0,1.0,1.0,,1,[],[],
long_rvos/39db436191/3/4,long_rvos,39db436191,3,4,static,oracle_identity,point,True,1,3,209,0,0.9318093258864788,0.9534562141956268,0.9426327700410528,0.0,0.0,0.0,0.0,,2,[],[],
long_rvos/39db436191/3/4,long_rvos,39db436191,3,4,static,oracle_identity,point,True,2,5,314,0,0.9167127836192585,0.9759615384615384,0.9463371610403984,0.0,0.0,0.0,0.0,,3,[],[],
long_rvos/39db436191/3/4,long_rvos,39db436191,3,4,static,oracle_identity,point,True,3,7,419,0,0.9176503457428232,0.8160872887021295,0.8668688172224763,0.0,0.0,0.0,0.0,,4,[],[],
long_rvos/39db436191/3/4,long_rvos,39db436191,3,4,static,oracle_identity,box,True,0,1,104,0,1.0,1.0,1.0,1.0,1.0,1.0,1.0,,,,,
long_rvos/39db436191/3/4,long_rvos,39db436191,3,4,static,oracle_identity,box,True,1,3,209,0,0.9309718437783833,0.9526606095040803,0.9418162266412318,0.9136244570443317,0.9123980357940019,0.9130112464191669,0.9385264977724582,"[0.2140625, 0.19722222222222222, 0.3890625, 0.5694444444444444]",,,,0
long_rvos/39db436191/3/4,long_rvos,39db436191,3,4,static,oracle_identity,box,True,2,5,314,0,0.9138504155124654,0.9712918660287081,0.9425711407705868,0.9095715080690039,0.9682151589242053,0.9388933334966045,0.9660815233561441,"[0.6265625, 0.37777777777777777, 0.1296875, 0.17777777777777778]",,,,0
long_rvos/39db436191/3/4,long_rvos,39db436191,3,4,static,oracle_identity,box,True,3,7,419,0,0.9176503457428232,0.8107814039520531,0.8642158748474382,0.9195418552036199,0.7139899217844863,0.8167658884940531,0.9786951662475551,"[0.0, 0.8, 0.3875, 0.2]",,,,0
long_rvos/2683deffcb/1/0,long_rvos,2683deffcb,1,0,static,predicted_static,point,False,0,1,168,0,0.0,0.0,0.0,0.0,0.0,0.0,1.0,,1,[],[],
long_rvos/2683deffcb/1/0,long_rvos,2683deffcb,1,0,static,predicted_static,point,False,1,3,337,2,0.8338499835611292,0.6239014089297142,0.7288756962454217,0.0,0.0,0.0,0.0,,2,[],[],
long_rvos/2683deffcb/1/0,long_rvos,2683deffcb,1,0,static,predicted_static,point,False,2,5,505,2,0.9177083333333333,1.0,0.9588541666666667,0.0,0.0,0.0,0.0,,3,[],[],
long_rvos/2683deffcb/1/0,long_rvos,2683deffcb,1,0,static,predicted_static,point,False,3,7,674,2,0.8266331658291457,1.0,0.9133165829145728,0.0,0.0,0.0,0.0,,4,[],[],
long_rvos/2683deffcb/1/0,long_rvos,2683deffcb,1,0,static,predicted_static,box,False,0,1,168,0,0.0,0.0,0.0,0.0,0.0,0.0,1.0,,,,,
long_rvos/2683deffcb/1/0,long_rvos,2683deffcb,1,0,static,predicted_static,box,False,1,3,337,2,0.8338499835611292,0.6239014089297142,0.7288756962454217,0.0,0.0,0.0,0.0,"[0.678125, 0.005555555555555556, 0.321875, 0.9944444444444445]",,,,
long_rvos/2683deffcb/1/0,long_rvos,2683deffcb,1,0,static,predicted_static,box,False,2,5,505,2,0.9177083333333333,1.0,0.9588541666666667,0.0,0.0,0.0,0.0,"[0.484375, 0.16666666666666666, 0.0703125, 0.3194444444444444]",,,,
long_rvos/2683deffcb/1/0,long_rvos,2683deffcb,1,0,static,predicted_static,box,False,3,7,674,2,0.8266331658291457,1.0,0.9133165829145728,0.0,0.0,0.0,0.0,"[0.5078125, 0.2833333333333333, 0.0296875, 0.10833333333333334]",,,,
long_rvos/8093ebd9a3/3/9,long_rvos,8093ebd9a3,3,9,dynamic,predicted_static,point,False,0,1,58,0,0.0,0.6984808454425363,0.34924042272126815,0.0,0.0,0.0,0.0,,1,[],[],
long_rvos/8093ebd9a3/3/9,long_rvos,8093ebd9a3,3,9,dynamic,predicted_static,point,False,1,3,117,0,0.001413760603204524,0.32054286272212457,0.16097831166266455,0.0,0.0,0.0,0.0,,2,[],[],
long_rvos/8093ebd9a3/3/9,long_rvos,8093ebd9a3,3,9,dynamic,predicted_static,point,False,2,5,175,0,0.0003274394237066143,0.32183908045977017,0.1610832599417384,0.0,0.0,0.0,0.0,,3,[],[],
long_rvos/8093ebd9a3/3/9,long_rvos,8093ebd9a3,3,9,dynamic,predicted_static,point,False,3,7,234,0,0.0017647058823529412,0.3118027011156782,0.15678370349901558,0.0,0.0,0.0,0.0,,4,[],[],
long_rvos/8093ebd9a3/3/9,long_rvos,8093ebd9a3,3,9,dynamic,predicted_static,box,False,0,1,58,0,0.0,0.6984808454425363,0.34924042272126815,0.0,0.7375039295818926,0.3687519647909463,0.8953488372093024,"[0.29296875, 0.3347222222222222, 0.01171875, 0.019444444444444445]",,,,0
long_rvos/8093ebd9a3/3/9,long_rvos,8093ebd9a3,3,9,dynamic,predicted_static,box,False,1,3,117,0,0.001413760603204524,0.32054286272212457,0.16097831166266455,0.0014265335235378032,0.34109544112823875,0.17126098732588826,0.9056761268781303,"[0.42109375, 0.24722222222222223, 0.0359375, 0.06388888888888888]",,,,0
long_rvos/8093ebd9a3/3/9,long_rvos,8093ebd9a3,3,9,dynamic,predicted_static,box,False,2,5,175,0,0.0003274394237066143,0.32183908045977017,0.1610832599417384,0.0003158559696778269,0.3346838551258441,0.16749985554776095,0.9213924761370017,"[0.44453125, 0.275, 0.04375, 0.07361111111111111]",,,,0
long_rvos/8093ebd9a3/3/9,long_rvos,8093ebd9a3,3,9,dynamic,predicted_static,box,False,3,7,234,0,0.0017647058823529412,0.3118027011156782,0.15678370349901558,0.0,0.0,0.0,0.0,"[0.459375, 0.36666666666666664, 0.03671875, 0.05138888888888889]",,,,
long_rvos/8093ebd9a3/3/14,long_rvos,8093ebd9a3,3,14,hybrid,predicted_static,point,False,0,1,58,0,0.0,0.0,0.0,0.0,0.0,0.0,1.0,,1,[],[],
long_rvos/8093ebd9a3/3/14,long_rvos,8093ebd9a3,3,14,hybrid,predicted_static,point,False,1,3,117,2,0.0013134851138353765,0.35158549920094206,0.17644949215738873,0.0,0.0,0.0,0.0,,2,[],[],
long_rvos/8093ebd9a3/3/14,long_rvos,8093ebd9a3,3,14,hybrid,predicted_static,point,False,2,5,175,2,0.0,0.32304802790448084,0.16152401395224042,0.0,0.0,0.0,0.0,,3,[],[],
long_rvos/8093ebd9a3/3/14,long_rvos,8093ebd9a3,3,14,hybrid,predicted_static,point,False,3,7,234,2,0.0017211703958691911,0.2938041305796136,0.14776265048774137,0.0,0.0,0.0,0.0,,4,[],[],
long_rvos/8093ebd9a3/3/14,long_rvos,8093ebd9a3,3,14,hybrid,predicted_static,box,False,0,1,58,0,0.0,0.0,0.0,0.0,0.0,0.0,1.0,,,,,
long_rvos/8093ebd9a3/3/14,long_rvos,8093ebd9a3,3,14,hybrid,predicted_static,box,False,1,3,117,2,0.0013134851138353765,0.35158549920094206,0.17644949215738873,0.0009149130832570906,0.3440291101554747,0.1724720116193659,0.8621960206337509,"[0.42265625, 0.24722222222222223, 0.034375, 0.07083333333333333]",,,,0
long_rvos/8093ebd9a3/3/14,long_rvos,8093ebd9a3,3,14,hybrid,predicted_static,box,False,2,5,175,2,0.0,0.32304802790448084,0.16152401395224042,0.0,0.3230204509701101,0.16151022548505506,0.9337521416333524,"[0.44453125, 0.275, 0.04296875, 0.07222222222222222]",,,,0
long_rvos/8093ebd9a3/3/14,long_rvos,8093ebd9a3,3,14,hybrid,predicted_static,box,False,3,7,234,2,0.0017211703958691911,0.2938041305796136,0.14776265048774137,0.0,0.0,0.0,0.0,"[0.46015625, 0.36666666666666664, 0.0359375, 0.05138888888888889]",,,,
long_rvos/8093ebd9a3/3/8,long_rvos,8093ebd9a3,3,8,static,predicted_static,point,False,0,1,58,0,0.0,0.6984808454425363,0.34924042272126815,0.0,0.0,0.0,0.0,,1,[],[],
long_rvos/8093ebd9a3/3/8,long_rvos,8093ebd9a3,3,8,static,predicted_static,point,False,1,3,117,0,0.001413760603204524,0.32054286272212457,0.16097831166266455,0.0,0.0,0.0,0.0,,2,[],[],
long_rvos/8093ebd9a3/3/8,long_rvos,8093ebd9a3,3,8,static,predicted_static,point,False,2,5,175,0,0.0003274394237066143,0.32183908045977017,0.1610832599417384,0.0,0.0,0.0,0.0,,3,[],[],
long_rvos/8093ebd9a3/3/8,long_rvos,8093ebd9a3,3,8,static,predicted_static,point,False,3,7,234,0,0.0017647058823529412,0.3118027011156782,0.15678370349901558,0.0,0.0,0.0,0.0,,4,[],[],
long_rvos/8093ebd9a3/3/8,long_rvos,8093ebd9a3,3,8,static,predicted_static,box,False,0,1,58,0,0.0,0.6984808454425363,0.34924042272126815,0.0,0.7375039295818926,0.3687519647909463,0.8953488372093024,"[0.29296875, 0.3347222222222222, 0.01171875, 0.019444444444444445]",,,,0
long_rvos/8093ebd9a3/3/8,long_rvos,8093ebd9a3,3,8,static,predicted_static,box,False,1,3,117,0,0.001413760603204524,0.32054286272212457,0.16097831166266455,0.0014265335235378032,0.34109544112823875,0.17126098732588826,0.9056761268781303,"[0.42109375, 0.24722222222222223, 0.0359375, 0.06388888888888888]",,,,0
long_rvos/8093ebd9a3/3/8,long_rvos,8093ebd9a3,3,8,static,predicted_static,box,False,2,5,175,0,0.0003274394237066143,0.32183908045977017,0.1610832599417384,0.0003158559696778269,0.3346838551258441,0.16749985554776095,0.9213924761370017,"[0.44453125, 0.275, 0.04375, 0.07361111111111111]",,,,0
long_rvos/8093ebd9a3/3/8,long_rvos,8093ebd9a3,3,8,static,predicted_static,box,False,3,7,234,0,0.0017647058823529412,0.3118027011156782,0.15678370349901558,0.0,0.0,0.0,0.0,"[0.459375, 0.36666666666666664, 0.03671875, 0.05138888888888889]",,,,
long_rvos/a500f0e77c/1/1,long_rvos,a500f0e77c,1,1,dynamic,predicted_static,point,False,0,1,134,0,0.8896466431095407,0.9318900103128298,0.9107683267111852,0.0,0.0,0.0,0.0,,1,[],[],
long_rvos/a500f0e77c/1/1,long_rvos,a500f0e77c,1,1,dynamic,predicted_static,point,False,1,3,269,0,0.8832630098452883,0.9642857142857143,0.9237743620655012,0.0,0.0,0.0,0.0,,2,[],[],
long_rvos/a500f0e77c/1/1,long_rvos,a500f0e77c,1,1,dynamic,predicted_static,point,False,2,5,404,0,0.9141702538873759,0.9755205096123489,0.9448453817498624,0.0,0.0,0.0,0.0,,3,[],[],
long_rvos/a500f0e77c/1/1,long_rvos,a500f0e77c,1,1,dynamic,predicted_static,point,False,3,7,539,0,0.9571462772324635,1.0,0.9785731386162317,0.0,0.0,0.0,0.0,,4,[],[],
long_rvos/a500f0e77c/1/1,long_rvos,a500f0e77c,1,1,dynamic,predicted_static,box,False,0,1,134,0,0.8896466431095407,0.9318900103128298,0.9107683267111852,6.422470081993534e-05,0.10057418229482859,0.05031920349782426,0.0,"[0.403125, 0.18333333333333332, 0.5890625, 0.7020833333333333]",,,,0
long_rvos/a500f0e77c/1/1,long_rvos,a500f0e77c,1,1,dynamic,predicted_static,box,False,1,3,269,0,0.8832630098452883,0.9642857142857143,0.9237743620655012,0.0,0.0,0.0,0.0,"[0.4078125, 0.025, 0.584375, 0.5020833333333333]",,,,0
long_rvos/a500f0e77c/1/1,long_rvos,a500f0e77c,1,1,dynamic,predicted_static,box,False,2,5,404,0,0.9141702538873759,0.9755205096123489,0.9448453817498624,0.0,0.0,0.0,0.0,"[0.4640625, 0.4, 0.5140625, 0.6]",,,,
long_rvos/a500f0e77c/1/1,long_rvos,a500f0e77c,1,1,dynamic,predicted_static,box,False,3,7,539,0,0.9571462772324635,1.0,0.9785731386162317,0.0,0.0,0.0,0.0,"[0.3078125, 0.1875, 0.1140625, 0.3958333333333333]",,,,
long_rvos/a500f0e77c/1/4,long_rvos,a500f0e77c,1,4,hybrid,predicted_static,point,False,0,1,134,0,0.8902676140983491,0.925700209132549,0.9079839116154491,0.0,0.0,0.0,0.0,,1,[],[],
long_rvos/a500f0e77c/1/4,long_rvos,a500f0e77c,1,4,hybrid,predicted_static,point,False,1,3,269,0,0.8783291281188674,0.9945054945054945,0.936417311312181,0.0,0.0,0.0,0.0,,2,[],[],
long_rvos/a500f0e77c/1/4,long_rvos,a500f0e77c,1,4,hybrid,predicted_static,point,False,2,5,404,0,0.9105804427401081,0.9754308902118443,0.9430056664759762,0.0,0.0,0.0,0.0,,3,[],[],
long_rvos/a500f0e77c/1/4,long_rvos,a500f0e77c,1,4,hybrid,predicted_static,point,False,3,7,539,0,0.9573856835049078,1.0,0.9786928417524539,0.0,0.0,0.0,0.0,,4,[],[],
long_rvos/a500f0e77c/1/4,long_rvos,a500f0e77c,1,4,hybrid,predicted_static,box,False,0,1,134,0,0.8902676140983491,0.925700209132549,0.9079839116154491,0.8826613760362786,0.9196316499240708,0.9011465129801747,0.9761895931461633,"[0.403125, 0.18333333333333332, 0.315625, 0.7041666666666667]",,,,0
long_rvos/a500f0e77c/1/4,long_rvos,a500f0e77c,1,4,hybrid,predicted_static,box,False,1,3,269,0,0.8783291281188674,0.9945054945054945,0.936417311312181,0.0,0.044150110375275935,0.022075055187637967,0.0,"[0.4078125, 0.17083333333333334, 0.55625, 0.35625]",,,,0
long_rvos/a500f0e77c/1/4,long_rvos,a500f0e77c,1,4,hybrid,predicted_static,box,False,2,5,404,0,0.9105804427401081,0.9754308902118443,0.9430056664759762,0.0,0.0,0.0,0.0,"[0.4640625, 0.4, 0.5140625, 0.6]",,,,
long_rvos/a500f0e77c/1/4,long_rvos,a500f0e77c,1,4,hybrid,predicted_static,box,False,3,7,539,0,0.9573856835049078,1.0,0.9786928417524539,0.0,0.0,0.0,0.0,"[0.3078125, 0.1875, 0.1140625, 0.3958333333333333]",,,,
long_rvos/a500f0e77c/1/0,long_rvos,a500f0e77c,1,0,static,predicted_static,point,False,0,1,134,0,0.8902676140983491,0.925700209132549,0.9079839116154491,0.0,0.0,0.0,0.0,,1,[],[],
long_rvos/a500f0e77c/1/0,long_rvos,a500f0e77c,1,0,static,predicted_static,point,False,1,3,269,0,0.8783291281188674,0.9945054945054945,0.936417311312181,0.0,0.0,0.0,0.0,,2,[],[],
long_rvos/a500f0e77c/1/0,long_rvos,a500f0e77c,1,0,static,predicted_static,point,False,2,5,404,0,0.9105804427401081,0.9754308902118443,0.9430056664759762,0.0,0.0,0.0,0.0,,3,[],[],
long_rvos/a500f0e77c/1/0,long_rvos,a500f0e77c,1,0,static,predicted_static,point,False,3,7,539,0,0.9573856835049078,1.0,0.9786928417524539,0.0,0.0,0.0,0.0,,4,[],[],
long_rvos/a500f0e77c/1/0,long_rvos,a500f0e77c,1,0,static,predicted_static,box,False,0,1,134,0,0.8902676140983491,0.925700209132549,0.9079839116154491,0.8826613760362786,0.9196316499240708,0.9011465129801747,0.9761895931461633,"[0.403125, 0.18333333333333332, 0.315625, 0.7041666666666667]",,,,0
long_rvos/a500f0e77c/1/0,long_rvos,a500f0e77c,1,0,static,predicted_static,box,False,1,3,269,0,0.8783291281188674,0.9945054945054945,0.936417311312181,0.0,0.044150110375275935,0.022075055187637967,0.0,"[0.4078125, 0.17083333333333334, 0.55625, 0.35625]",,,,0
long_rvos/a500f0e77c/1/0,long_rvos,a500f0e77c,1,0,static,predicted_static,box,False,2,5,404,0,0.9105804427401081,0.9754308902118443,0.9430056664759762,0.0,0.0,0.0,0.0,"[0.4640625, 0.4, 0.5140625, 0.6]",,,,
long_rvos/a500f0e77c/1/0,long_rvos,a500f0e77c,1,0,static,predicted_static,box,False,3,7,539,0,0.9573856835049078,1.0,0.9786928417524539,0.0,0.0,0.0,0.0,"[0.3078125, 0.1875, 0.1140625, 0.3958333333333333]",,,,
long_rvos/939b6aed6d/7/26,long_rvos,939b6aed6d,7,26,dynamic,predicted_static,point,False,0,1,90,0,0.9700493543370969,1.0,0.9850246771685485,0.0,0.0,0.0,0.0,,1,[],[],
long_rvos/939b6aed6d/7/26,long_rvos,939b6aed6d,7,26,dynamic,predicted_static,point,False,1,3,181,1,0.0,0.0,0.0,1.0,1.0,1.0,0.0,,2,[],[],
long_rvos/939b6aed6d/7/26,long_rvos,939b6aed6d,7,26,dynamic,predicted_static,point,False,2,5,271,0,0.9238941240021608,0.8580394500896593,0.89096678704591,0.0,0.0,0.0,0.0,,3,[],[],
long_rvos/939b6aed6d/7/26,long_rvos,939b6aed6d,7,26,dynamic,predicted_static,point,False,3,7,362,0,0.9811099721774784,1.0,0.9905549860887393,0.0,0.0,0.0,0.0,,4,[],[],
long_rvos/939b6aed6d/7/26,long_rvos,939b6aed6d,7,26,dynamic,predicted_static,box,False,0,1,90,0,0.9700493543370969,1.0,0.9850246771685485,0.9204368174726989,0.7583859990277102,0.8394114082502045,0.9429005944974422,"[0.0, 0.6791666666666667, 0.171875, 0.32083333333333336]",,,,0
long_rvos/939b6aed6d/7/26,long_rvos,939b6aed6d,7,26,dynamic,predicted_static,box,False,1,3,181,1,0.0,0.0,0.0,0.0,0.0,0.0,0.6948692296698585,"[0.3625, 0.17083333333333334, 0.1359375, 0.6645833333333333]",,,,0
long_rvos/939b6aed6d/7/26,long_rvos,939b6aed6d,7,26,dynamic,predicted_static,box,False,2,5,271,0,0.9238941240021608,0.8580394500896593,0.89096678704591,0.9132312524538673,0.7783911973581874,0.8458112249060273,0.9646328293736501,"[0.0, 0.5604166666666667, 0.51875, 0.4395833333333333]",,,,0
long_rvos/939b6aed6d/7/26,long_rvos,939b6aed6d,7,26,dynamic,predicted_static,box,False,3,7,362,0,0.9811099721774784,1.0,0.9905549860887393,0.9669241676037745,0.8288023512123438,0.8978632594080591,0.9822686241444302,"[0.0, 0.49583333333333335, 0.375, 0.5041666666666667]",,,,0
long_rvos/939b6aed6d/7/33,long_rvos,939b6aed6d,7,33,hybrid,predicted_static,point,False,0,1,90,6,0.0,0.0,0.0,0.0,0.0,0.0,1.0,,1,[],[],
long_rvos/939b6aed6d/7/33,long_rvos,939b6aed6d,7,33,hybrid,predicted_static,point,False,1,3,181,0,1.0,1.0,1.0,1.0,1.0,1.0,1.0,,2,[],[],
long_rvos/939b6aed6d/7/33,long_rvos,939b6aed6d,7,33,hybrid,predicted_static,point,False,2,5,271,0,0.9238941240021608,0.8580394500896593,0.89096678704591,0.0,0.0,0.0,0.0,,3,[],[],
long_rvos/939b6aed6d/7/33,long_rvos,939b6aed6d,7,33,hybrid,predicted_static,point,False,3,7,362,0,0.9811099721774784,1.0,0.9905549860887393,0.0,0.0,0.0,0.0,,4,[],[],
long_rvos/939b6aed6d/7/33,long_rvos,939b6aed6d,7,33,hybrid,predicted_static,box,False,0,1,90,6,0.0,0.0,0.0,0.0,0.0,0.0,1.0,,,,,
long_rvos/939b6aed6d/7/33,long_rvos,939b6aed6d,7,33,hybrid,predicted_static,box,False,1,3,181,0,1.0,1.0,1.0,1.0,1.0,1.0,1.0,,,,,
long_rvos/939b6aed6d/7/33,long_rvos,939b6aed6d,7,33,hybrid,predicted_static,box,False,2,5,271,0,0.9238941240021608,0.8580394500896593,0.89096678704591,0.9132312524538673,0.7783911973581874,0.8458112249060273,0.9646328293736501,"[0.0, 0.5604166666666667, 0.51875, 0.4395833333333333]",,,,0
long_rvos/939b6aed6d/7/33,long_rvos,939b6aed6d,7,33,hybrid,predicted_static,box,False,3,7,362,0,0.9811099721774784,1.0,0.9905549860887393,0.9669241676037745,0.8288023512123438,0.8978632594080591,0.9822686241444302,"[0.0, 0.49583333333333335, 0.375, 0.5041666666666667]",,,,0
long_rvos/939b6aed6d/7/24,long_rvos,939b6aed6d,7,24,static,predicted_static,point,False,0,1,90,0,0.9700493543370969,1.0,0.9850246771685485,0.0,0.0,0.0,0.0,,1,[],[],
long_rvos/939b6aed6d/7/24,long_rvos,939b6aed6d,7,24,static,predicted_static,point,False,1,3,181,0,1.0,1.0,1.0,1.0,1.0,1.0,1.0,,2,[],[],
long_rvos/939b6aed6d/7/24,long_rvos,939b6aed6d,7,24,static,predicted_static,point,False,2,5,271,0,0.9238941240021608,0.8580394500896593,0.89096678704591,0.0,0.0,0.0,0.0,,3,[],[],
long_rvos/939b6aed6d/7/24,long_rvos,939b6aed6d,7,24,static,predicted_static,point,False,3,7,362,0,0.9811099721774784,1.0,0.9905549860887393,0.0,0.0,0.0,0.0,,4,[],[],
long_rvos/939b6aed6d/7/24,long_rvos,939b6aed6d,7,24,static,predicted_static,box,False,0,1,90,0,0.9700493543370969,1.0,0.9850246771685485,0.9204368174726989,0.7583859990277102,0.8394114082502045,0.9429005944974422,"[0.0, 0.6791666666666667, 0.171875, 0.32083333333333336]",,,,0
long_rvos/939b6aed6d/7/24,long_rvos,939b6aed6d,7,24,static,predicted_static,box,False,1,3,181,0,1.0,1.0,1.0,1.0,1.0,1.0,1.0,,,,,
long_rvos/939b6aed6d/7/24,long_rvos,939b6aed6d,7,24,static,predicted_static,box,False,2,5,271,0,0.9238941240021608,0.8580394500896593,0.89096678704591,0.9132312524538673,0.7783911973581874,0.8458112249060273,0.9646328293736501,"[0.0, 0.5604166666666667, 0.51875, 0.4395833333333333]",,,,0
long_rvos/939b6aed6d/7/24,long_rvos,939b6aed6d,7,24,static,predicted_static,box,False,3,7,362,0,0.9811099721774784,1.0,0.9905549860887393,0.9669241676037745,0.8288023512123438,0.8978632594080591,0.9822686241444302,"[0.0, 0.49583333333333335, 0.375, 0.5041666666666667]",,,,0
long_rvos/939b6aed6d/7/25,long_rvos,939b6aed6d,7,25,static,predicted_static,point,False,0,1,90,0,0.0,0.0,0.0,0.0,0.0,0.0,1.0,,1,[],[],
long_rvos/939b6aed6d/7/25,long_rvos,939b6aed6d,7,25,static,predicted_static,point,False,1,3,181,0,1.0,1.0,1.0,1.0,1.0,1.0,1.0,,2,[],[],
long_rvos/939b6aed6d/7/25,long_rvos,939b6aed6d,7,25,static,predicted_static,point,False,2,5,271,0,0.0,0.0,0.0,0.0,0.0,0.0,1.0,,3,[],[],
long_rvos/939b6aed6d/7/25,long_rvos,939b6aed6d,7,25,static,predicted_static,point,False,3,7,362,1,0.9794199501977443,1.0,0.9897099750988722,0.0,0.0,0.0,0.0,,4,[],[],
long_rvos/939b6aed6d/7/25,long_rvos,939b6aed6d,7,25,static,predicted_static,box,False,0,1,90,0,0.0,0.0,0.0,0.0,0.0,0.0,1.0,,,,,
long_rvos/939b6aed6d/7/25,long_rvos,939b6aed6d,7,25,static,predicted_static,box,False,1,3,181,0,1.0,1.0,1.0,1.0,1.0,1.0,1.0,,,,,
long_rvos/939b6aed6d/7/25,long_rvos,939b6aed6d,7,25,static,predicted_static,box,False,2,5,271,0,0.0,0.0,0.0,0.0,0.0,0.0,1.0,,,,,
long_rvos/939b6aed6d/7/25,long_rvos,939b6aed6d,7,25,static,predicted_static,box,False,3,7,362,1,0.9794199501977443,1.0,0.9897099750988722,0.9666528127521209,0.8294117647058824,0.8980322887290016,0.984116725907882,"[0.0, 0.4979166666666667, 0.375, 0.5020833333333333]",,,,0
long_rvos/ddc213ba3f/2/3,long_rvos,ddc213ba3f,2,3,dynamic,predicted_static,point,False,0,1,134,0,0.9250230174932949,1.0,0.9625115087466474,0.0,0.0,0.0,0.0,,1,[],[],
long_rvos/ddc213ba3f/2/3,long_rvos,ddc213ba3f,2,3,dynamic,predicted_static,point,False,1,3,269,0,0.9896580158966489,1.0,0.9948290079483244,0.0,0.0,0.0,0.0,,2,[],[],
long_rvos/ddc213ba3f/2/3,long_rvos,ddc213ba3f,2,3,dynamic,predicted_static,point,False,2,5,404,0,0.8082407913101524,0.4780178698509645,0.6431293305805584,0.0,0.0,0.0,0.0,,3,[],[],
long_rvos/ddc213ba3f/2/3,long_rvos,ddc213ba3f,2,3,dynamic,predicted_static,point,False,3,7,539,0,0.986428955910418,0.9884836852207294,0.9874563205655738,0.0,0.0,0.0,0.0,,4,[],[],
long_rvos/ddc213ba3f/2/3,long_rvos,ddc213ba3f,2,3,dynamic,predicted_static,box,False,0,1,134,0,0.9250230174932949,1.0,0.9625115087466474,0.0,0.0,0.0,0.0,"[0.5458333333333333, 0.45125, 0.45416666666666666, 0.29375]",,,,
long_rvos/ddc213ba3f/2/3,long_rvos,ddc213ba3f,2,3,dynamic,predicted_static,box,False,1,3,269,0,0.9896580158966489,1.0,0.9948290079483244,0.0,0.0,0.0,0.0,"[0.30625, 0.44375, 0.69375, 0.52875]",,,,
long_rvos/ddc213ba3f/2/3,long_rvos,ddc213ba3f,2,3,dynamic,predicted_static,box,False,2,5,404,0,0.8082407913101524,0.4780178698509645,0.6431293305805584,0.806028531983433,0.4968312378299931,0.651429884906713,0.9740925673744557,"[0.125, 0.195, 0.7583333333333333, 0.46125]",,,,0
long_rvos/ddc213ba3f/2/3,long_rvos,ddc213ba3f,2,3,dynamic,predicted_static,box,False,3,7,539,0,0.986428955910418,0.9884836852207294,0.9874563205655738,0.0,0.0,0.0,0.0,"[0.0, 0.10875, 0.5979166666666667, 0.60125]",,,,
long_rvos/ddc213ba3f/2/19,long_rvos,ddc213ba3f,2,19,hybrid,predicted_static,point,False,0,1,134,0,0.9250230174932949,1.0,0.9625115087466474,0.0,0.0,0.0,0.0,,1,[],[],
long_rvos/ddc213ba3f/2/19,long_rvos,ddc213ba3f,2,19,hybrid,predicted_static,point,False,1,3,269,0,0.9896580158966489,1.0,0.9948290079483244,0.0,0.0,0.0,0.0,,2,[],[],
long_rvos/ddc213ba3f/2/19,long_rvos,ddc213ba3f,2,19,hybrid,predicted_static,point,False,2,5,404,0,0.8082407913101524,0.4780178698509645,0.6431293305805584,0.0,0.0,0.0,0.0,,3,[],[],
long_rvos/ddc213ba3f/2/19,long_rvos,ddc213ba3f,2,19,hybrid,predicted_static,point,False,3,7,539,0,0.986428955910418,0.9884836852207294,0.9874563205655738,0.0,0.0,0.0,0.0,,4,[],[],
long_rvos/ddc213ba3f/2/19,long_rvos,ddc213ba3f,2,19,hybrid,predicted_static,box,False,0,1,134,0,0.9250230174932949,1.0,0.9625115087466474,0.0,0.0,0.0,0.0,"[0.5458333333333333, 0.45125, 0.45416666666666666, 0.29375]",,,,
long_rvos/ddc213ba3f/2/19,long_rvos,ddc213ba3f,2,19,hybrid,predicted_static,box,False,1,3,269,0,0.9896580158966489,1.0,0.9948290079483244,0.0,0.0,0.0,0.0,"[0.30625, 0.44375, 0.69375, 0.52875]",,,,
long_rvos/ddc213ba3f/2/19,long_rvos,ddc213ba3f,2,19,hybrid,predicted_static,box,False,2,5,404,0,0.8082407913101524,0.4780178698509645,0.6431293305805584,0.806028531983433,0.4968312378299931,0.651429884906713,0.9740925673744557,"[0.125, 0.195, 0.7583333333333333, 0.46125]",,,,0
long_rvos/ddc213ba3f/2/19,long_rvos,ddc213ba3f,2,19,hybrid,predicted_static,box,False,3,7,539,0,0.986428955910418,0.9884836852207294,0.9874563205655738,0.0,0.0,0.0,0.0,"[0.0, 0.10875, 0.5979166666666667, 0.60125]",,,,
long_rvos/ddc213ba3f/2/2,long_rvos,ddc213ba3f,2,2,static,predicted_static,point,False,0,1,134,0,0.9250230174932949,1.0,0.9625115087466474,0.0,0.0,0.0,0.0,,1,[],[],
long_rvos/ddc213ba3f/2/2,long_rvos,ddc213ba3f,2,2,static,predicted_static,point,False,1,3,269,0,0.9896580158966489,1.0,0.9948290079483244,0.0,0.0,0.0,0.0,,2,[],[],
long_rvos/ddc213ba3f/2/2,long_rvos,ddc213ba3f,2,2,static,predicted_static,point,False,2,5,404,0,0.8082407913101524,0.4780178698509645,0.6431293305805584,0.0,0.0,0.0,0.0,,3,[],[],
long_rvos/ddc213ba3f/2/2,long_rvos,ddc213ba3f,2,2,static,predicted_static,point,False,3,7,539,0,0.986428955910418,0.9884836852207294,0.9874563205655738,0.0,0.0,0.0,0.0,,4,[],[],
long_rvos/ddc213ba3f/2/2,long_rvos,ddc213ba3f,2,2,static,predicted_static,box,False,0,1,134,0,0.9250230174932949,1.0,0.9625115087466474,0.0,0.0,0.0,0.0,"[0.5458333333333333, 0.45125, 0.45416666666666666, 0.29375]",,,,
long_rvos/ddc213ba3f/2/2,long_rvos,ddc213ba3f,2,2,static,predicted_static,box,False,1,3,269,0,0.9896580158966489,1.0,0.9948290079483244,0.0,0.0,0.0,0.0,"[0.30625, 0.44375, 0.69375, 0.52875]",,,,
long_rvos/ddc213ba3f/2/2,long_rvos,ddc213ba3f,2,2,static,predicted_static,box,False,2,5,404,0,0.8082407913101524,0.4780178698509645,0.6431293305805584,0.806028531983433,0.4968312378299931,0.651429884906713,0.9740925673744557,"[0.125, 0.195, 0.7583333333333333, 0.46125]",,,,0
long_rvos/ddc213ba3f/2/2,long_rvos,ddc213ba3f,2,2,static,predicted_static,box,False,3,7,539,0,0.986428955910418,0.9884836852207294,0.9874563205655738,0.0,0.0,0.0,0.0,"[0.0, 0.10875, 0.5979166666666667, 0.60125]",,,,
long_rvos/6a1db02e31/2/5,long_rvos,6a1db02e31,2,5,dynamic,predicted_static,point,False,0,1,97,0,1.0,1.0,1.0,1.0,1.0,1.0,1.0,,1,[],[],
long_rvos/6a1db02e31/2/5,long_rvos,6a1db02e31,2,5,dynamic,predicted_static,point,False,1,3,194,2,0.0,0.0,0.0,1.0,1.0,1.0,0.0,,2,[],[],
long_rvos/6a1db02e31/2/5,long_rvos,6a1db02e31,2,5,dynamic,predicted_static,point,False,2,5,291,6,0.5829071430302737,0.18750000000000003,0.38520357151513684,0.0,0.0,0.0,0.0,,3,[],[],
long_rvos/6a1db02e31/2/5,long_rvos,6a1db02e31,2,5,dynamic,predicted_static,point,False,3,7,389,6,0.9650391802290537,0.9933871742603833,0.9792131772447185,0.0,0.0,0.0,0.0,,4,[],[],
long_rvos/6a1db02e31/2/5,long_rvos,6a1db02e31,2,5,dynamic,predicted_static,box,False,0,1,97,0,1.0,1.0,1.0,1.0,1.0,1.0,1.0,,,,,
long_rvos/6a1db02e31/2/5,long_rvos,6a1db02e31,2,5,dynamic,predicted_static,box,False,1,3,194,2,0.0,0.0,0.0,1.0,1.0,1.0,0.0,"[0.4609375, 0.06132075471698113, 0.1625, 0.7735849056603774]",,,,
long_rvos/6a1db02e31/2/5,long_rvos,6a1db02e31,2,5,dynamic,predicted_static,box,False,2,5,291,6,0.5829071430302737,0.18750000000000003,0.38520357151513684,0.585191121472631,0.1869244935543278,0.3860578075134794,0.9930619796484736,"[0.6703125, 0.36792452830188677, 0.3296875, 0.6297169811320755]",,,,0
long_rvos/6a1db02e31/2/5,long_rvos,6a1db02e31,2,5,dynamic,predicted_static,box,False,3,7,389,6,0.9650391802290537,0.9933871742603833,0.9792131772447185,0.0,0.0,0.0,0.0,"[0.2140625, 0.4033018867924528, 0.7859375, 0.39858490566037735]",,,,
long_rvos/6a1db02e31/2/7,long_rvos,6a1db02e31,2,7,dynamic,predicted_static,point,False,0,1,97,0,1.0,1.0,1.0,1.0,1.0,1.0,1.0,,1,[],[],
long_rvos/6a1db02e31/2/7,long_rvos,6a1db02e31,2,7,dynamic,predicted_static,point,False,1,3,194,2,0.0,0.0,0.0,1.0,1.0,1.0,0.0,,2,[],[],
long_rvos/6a1db02e31/2/7,long_rvos,6a1db02e31,2,7,dynamic,predicted_static,point,False,2,5,291,6,0.5829071430302737,0.18750000000000003,0.38520357151513684,0.0,0.0,0.0,0.0,,3,[],[],
long_rvos/6a1db02e31/2/7,long_rvos,6a1db02e31,2,7,dynamic,predicted_static,point,False,3,7,389,6,0.9650391802290537,0.9933871742603833,0.9792131772447185,0.0,0.0,0.0,0.0,,4,[],[],
long_rvos/6a1db02e31/2/7,long_rvos,6a1db02e31,2,7,dynamic,predicted_static,box,False,0,1,97,0,1.0,1.0,1.0,1.0,1.0,1.0,1.0,,,,,
long_rvos/6a1db02e31/2/7,long_rvos,6a1db02e31,2,7,dynamic,predicted_static,box,False,1,3,194,2,0.0,0.0,0.0,1.0,1.0,1.0,0.0,"[0.4609375, 0.06132075471698113, 0.1625, 0.7735849056603774]",,,,
long_rvos/6a1db02e31/2/7,long_rvos,6a1db02e31,2,7,dynamic,predicted_static,box,False,2,5,291,6,0.5829071430302737,0.18750000000000003,0.38520357151513684,0.585191121472631,0.1869244935543278,0.3860578075134794,0.9930619796484736,"[0.6703125, 0.36792452830188677, 0.3296875, 0.6297169811320755]",,,,0
long_rvos/6a1db02e31/2/7,long_rvos,6a1db02e31,2,7,dynamic,predicted_static,box,False,3,7,389,6,0.9650391802290537,0.9933871742603833,0.9792131772447185,0.0,0.0,0.0,0.0,"[0.2140625, 0.4033018867924528, 0.7859375, 0.39858490566037735]",,,,
long_rvos/6a1db02e31/2/10,long_rvos,6a1db02e31,2,10,hybrid,predicted_static,point,False,0,1,97,,1.0,1.0,1.0,1.0,1.0,1.0,1.0,,1,[],[],
long_rvos/6a1db02e31/2/10,long_rvos,6a1db02e31,2,10,hybrid,predicted_static,point,False,1,3,194,,1.0,1.0,1.0,1.0,1.0,1.0,1.0,,2,[],[],
long_rvos/6a1db02e31/2/10,long_rvos,6a1db02e31,2,10,hybrid,predicted_static,point,False,2,5,291,,0.0,0.0,0.0,0.0,0.0,0.0,1.0,,3,[],[],
long_rvos/6a1db02e31/2/10,long_rvos,6a1db02e31,2,10,hybrid,predicted_static,point,False,3,7,389,,0.0,0.0,0.0,0.0,0.0,0.0,1.0,,4,[],[],
long_rvos/6a1db02e31/2/10,long_rvos,6a1db02e31,2,10,hybrid,predicted_static,box,False,0,1,97,,1.0,1.0,1.0,1.0,1.0,1.0,1.0,,,,,
long_rvos/6a1db02e31/2/10,long_rvos,6a1db02e31,2,10,hybrid,predicted_static,box,False,1,3,194,,1.0,1.0,1.0,1.0,1.0,1.0,1.0,,,,,
long_rvos/6a1db02e31/2/10,long_rvos,6a1db02e31,2,10,hybrid,predicted_static,box,False,2,5,291,,0.0,0.0,0.0,0.0,0.0,0.0,1.0,,,,,
long_rvos/6a1db02e31/2/10,long_rvos,6a1db02e31,2,10,hybrid,predicted_static,box,False,3,7,389,,0.0,0.0,0.0,0.0,0.0,0.0,1.0,,,,,
long_rvos/6a1db02e31/2/11,long_rvos,6a1db02e31,2,11,hybrid,predicted_static,point,False,0,1,97,2,0.0,0.0,0.0,1.0,1.0,1.0,0.0,,1,[],[],
long_rvos/6a1db02e31/2/11,long_rvos,6a1db02e31,2,11,hybrid,predicted_static,point,False,1,3,194,2,0.0,0.0,0.0,1.0,1.0,1.0,0.0,,2,[],[],
long_rvos/6a1db02e31/2/11,long_rvos,6a1db02e31,2,11,hybrid,predicted_static,point,False,2,5,291,6,0.5829071430302737,0.18750000000000003,0.38520357151513684,0.0,0.0,0.0,0.0,,3,[],[],
long_rvos/6a1db02e31/2/11,long_rvos,6a1db02e31,2,11,hybrid,predicted_static,point,False,3,7,389,6,0.9650391802290537,0.9933871742603833,0.9792131772447185,0.0,0.0,0.0,0.0,,4,[],[],
long_rvos/6a1db02e31/2/11,long_rvos,6a1db02e31,2,11,hybrid,predicted_static,box,False,0,1,97,2,0.0,0.0,0.0,1.0,1.0,1.0,0.0,"[0.4796875, 0.02122641509433962, 0.16875, 0.7641509433962265]",,,,
long_rvos/6a1db02e31/2/11,long_rvos,6a1db02e31,2,11,hybrid,predicted_static,box,False,1,3,194,2,0.0,0.0,0.0,1.0,1.0,1.0,0.0,"[0.4609375, 0.06132075471698113, 0.1625, 0.7735849056603774]",,,,
long_rvos/6a1db02e31/2/11,long_rvos,6a1db02e31,2,11,hybrid,predicted_static,box,False,2,5,291,6,0.5829071430302737,0.18750000000000003,0.38520357151513684,0.585191121472631,0.1869244935543278,0.3860578075134794,0.9930619796484736,"[0.6703125, 0.36792452830188677, 0.3296875, 0.6297169811320755]",,,,0
long_rvos/6a1db02e31/2/11,long_rvos,6a1db02e31,2,11,hybrid,predicted_static,box,False,3,7,389,6,0.9650391802290537,0.9933871742603833,0.9792131772447185,0.0,0.0,0.0,0.0,"[0.2140625, 0.4033018867924528, 0.7859375, 0.39858490566037735]",,,,
long_rvos/6a1db02e31/2/4,long_rvos,6a1db02e31,2,4,static,predicted_static,point,False,0,1,97,,1.0,1.0,1.0,1.0,1.0,1.0,1.0,,1,[],[],
long_rvos/6a1db02e31/2/4,long_rvos,6a1db02e31,2,4,static,predicted_static,point,False,1,3,194,,1.0,1.0,1.0,1.0,1.0,1.0,1.0,,2,[],[],
long_rvos/6a1db02e31/2/4,long_rvos,6a1db02e31,2,4,static,predicted_static,point,False,2,5,291,,0.0,0.0,0.0,0.0,0.0,0.0,1.0,,3,[],[],
long_rvos/6a1db02e31/2/4,long_rvos,6a1db02e31,2,4,static,predicted_static,point,False,3,7,389,,0.0,0.0,0.0,0.0,0.0,0.0,1.0,,4,[],[],
long_rvos/6a1db02e31/2/4,long_rvos,6a1db02e31,2,4,static,predicted_static,box,False,0,1,97,,1.0,1.0,1.0,1.0,1.0,1.0,1.0,,,,,
long_rvos/6a1db02e31/2/4,long_rvos,6a1db02e31,2,4,static,predicted_static,box,False,1,3,194,,1.0,1.0,1.0,1.0,1.0,1.0,1.0,,,,,
long_rvos/6a1db02e31/2/4,long_rvos,6a1db02e31,2,4,static,predicted_static,box,False,2,5,291,,0.0,0.0,0.0,0.0,0.0,0.0,1.0,,,,,
long_rvos/6a1db02e31/2/4,long_rvos,6a1db02e31,2,4,static,predicted_static,box,False,3,7,389,,0.0,0.0,0.0,0.0,0.0,0.0,1.0,,,,,
long_rvos/6a1db02e31/2/6,long_rvos,6a1db02e31,2,6,static,predicted_static,point,False,0,1,97,0,1.0,1.0,1.0,1.0,1.0,1.0,1.0,,1,[],[],
long_rvos/6a1db02e31/2/6,long_rvos,6a1db02e31,2,6,static,predicted_static,point,False,1,3,194,4,0.0,0.0,0.0,1.0,1.0,1.0,0.0,,2,[],[],
long_rvos/6a1db02e31/2/6,long_rvos,6a1db02e31,2,6,static,predicted_static,point,False,2,5,291,0,0.0,0.0,0.0,0.0,0.0,0.0,1.0,,3,[],[],
long_rvos/6a1db02e31/2/6,long_rvos,6a1db02e31,2,6,static,predicted_static,point,False,3,7,389,0,0.0,0.0,0.0,0.0,0.0,0.0,1.0,,4,[],[],
long_rvos/6a1db02e31/2/6,long_rvos,6a1db02e31,2,6,static,predicted_static,box,False,0,1,97,0,1.0,1.0,1.0,1.0,1.0,1.0,1.0,,,,,
long_rvos/6a1db02e31/2/6,long_rvos,6a1db02e31,2,6,static,predicted_static,box,False,1,3,194,4,0.0,0.0,0.0,0.0,0.0,0.0,0.9641325536062378,"[0.4921875, 0.2358490566037736, 0.125, 0.32547169811320753]",,,,0
long_rvos/6a1db02e31/2/6,long_rvos,6a1db02e31,2,6,static,predicted_static,box,False,2,5,291,0,0.0,0.0,0.0,0.0,0.0,0.0,1.0,,,,,
long_rvos/6a1db02e31/2/6,long_rvos,6a1db02e31,2,6,static,predicted_static,box,False,3,7,389,0,0.0,0.0,0.0,0.0,0.0,0.0,1.0,,,,,
long_rvos/a8b6fd5e4d/2/5,long_rvos,a8b6fd5e4d,2,5,dynamic,predicted_static,point,False,0,1,95,0,0.9324154346311634,0.831220526120336,0.8818179803757498,0.0,0.0,0.0,0.0,,1,[],[],
long_rvos/a8b6fd5e4d/2/5,long_rvos,a8b6fd5e4d,2,5,dynamic,predicted_static,point,False,1,3,191,0,0.9000974011599593,0.6080428701637489,0.7540701356618541,0.0,0.0,0.0,0.0,,2,[],[],
long_rvos/a8b6fd5e4d/2/5,long_rvos,a8b6fd5e4d,2,5,dynamic,predicted_static,point,False,2,5,286,0,0.7237802505641584,0.03210485998808409,0.37794255527612125,0.0,0.0,0.0,0.0,,3,[],[],
long_rvos/a8b6fd5e4d/2/5,long_rvos,a8b6fd5e4d,2,5,dynamic,predicted_static,point,False,3,7,382,0,1.0,1.0,1.0,1.0,1.0,1.0,1.0,,4,[],[],
long_rvos/a8b6fd5e4d/2/5,long_rvos,a8b6fd5e4d,2,5,dynamic,predicted_static,box,False,0,1,95,0,0.9324154346311634,0.831220526120336,0.8818179803757498,0.9390853981519628,0.8770980119793401,0.9080917050656514,0.9614944272112571,"[0.10625, 0.3875, 0.8583333333333333, 0.6041666666666666]",,,,0
long_rvos/a8b6fd5e4d/2/5,long_rvos,a8b6fd5e4d,2,5,dynamic,predicted_static,box,False,1,3,191,0,0.9000974011599593,0.6080428701637489,0.7540701356618541,0.8786119959643136,0.5877165705902521,0.7331642832772829,0.9288435310163194,"[0.0, 0.325, 0.825, 0.49722222222222223]",,,,0
long_rvos/a8b6fd5e4d/2/5,long_rvos,a8b6fd5e4d,2,5,dynamic,predicted_static,box,False,2,5,286,0,0.7237802505641584,0.03210485998808409,0.37794255527612125,0.0,0.0,0.0,0.0,"[0.022916666666666665, 0.2263888888888889, 0.9770833333333333, 0.7736111111111111]",,,,
long_rvos/a8b6fd5e4d/2/5,long_rvos,a8b6fd5e4d,2,5,dynamic,predicted_static,box,False,3,7,382,0,1.0,1.0,1.0,1.0,1.0,1.0,1.0,,,,,
long_rvos/a8b6fd5e4d/2/7,long_rvos,a8b6fd5e4d,2,7,dynamic,predicted_static,point,False,0,1,95,0,0.9319725258779142,0.834348777721451,0.8831606517996826,0.0,0.0,0.0,0.0,,1,[],[],
long_rvos/a8b6fd5e4d/2/7,long_rvos,a8b6fd5e4d,2,7,dynamic,predicted_static,point,False,1,3,191,0,0.8999100189959898,0.61333059970899,0.7566203093524899,0.0,0.0,0.0,0.0,,2,[],[],
long_rvos/a8b6fd5e4d/2/7,long_rvos,a8b6fd5e4d,2,7,dynamic,predicted_static,point,False,2,5,286,16,0.721774287966656,0.03273100344188509,0.37725264570427053,0.0,0.0,0.0,0.0,,3,[],[],
long_rvos/a8b6fd5e4d/2/7,long_rvos,a8b6fd5e4d,2,7,dynamic,predicted_static,point,False,3,7,382,0,1.0,1.0,1.0,1.0,1.0,1.0,1.0,,4,[],[],
long_rvos/2683deffcb/1/5,long_rvos,2683deffcb,1,5,hybrid,oracle_identity,box,True,0,1,168,2,0.0,0.0,0.0,0.0,0.0,0.0,1.0,,,,,
long_rvos/2683deffcb/1/5,long_rvos,2683deffcb,1,5,hybrid,oracle_identity,box,True,1,3,337,2,0.8338499835611292,0.6239014089297142,0.7288756962454217,0.0,0.0,0.0,0.0,"[0.678125, 0.005555555555555556, 0.321875, 0.9944444444444445]",,,,
long_rvos/2683deffcb/1/5,long_rvos,2683deffcb,1,5,hybrid,oracle_identity,box,True,2,5,505,2,0.9177083333333333,1.0,0.9588541666666667,0.0,0.0,0.0,0.0,"[0.484375, 0.16666666666666666, 0.0703125, 0.3194444444444444]",,,,
long_rvos/2683deffcb/1/5,long_rvos,2683deffcb,1,5,hybrid,oracle_identity,box,True,3,7,674,2,0.8266331658291457,1.0,0.9133165829145728,0.0,0.0,0.0,0.0,"[0.5078125, 0.2833333333333333, 0.0296875, 0.10833333333333334]",,,,
long_rvos/2683deffcb/1/0,long_rvos,2683deffcb,1,0,static,oracle_identity,point,True,0,1,168,2,0.0,0.0,0.0,0.0,0.0,0.0,1.0,,1,[],[],
long_rvos/2683deffcb/1/0,long_rvos,2683deffcb,1,0,static,oracle_identity,point,True,1,3,337,2,0.8338499835611292,0.6239014089297142,0.7288756962454217,0.0,0.0,0.0,0.0,,2,[],[],
long_rvos/2683deffcb/1/0,long_rvos,2683deffcb,1,0,static,oracle_identity,point,True,2,5,505,2,0.9177083333333333,1.0,0.9588541666666667,0.0,0.0,0.0,0.0,,3,[],[],
long_rvos/2683deffcb/1/0,long_rvos,2683deffcb,1,0,static,oracle_identity,point,True,3,7,674,2,0.8266331658291457,1.0,0.9133165829145728,0.0,0.0,0.0,0.0,,4,[],[],
long_rvos/2683deffcb/1/0,long_rvos,2683deffcb,1,0,static,oracle_identity,box,True,0,1,168,2,0.0,0.0,0.0,0.0,0.0,0.0,1.0,,,,,
long_rvos/2683deffcb/1/0,long_rvos,2683deffcb,1,0,static,oracle_identity,box,True,1,3,337,2,0.8338499835611292,0.6239014089297142,0.7288756962454217,0.0,0.0,0.0,0.0,"[0.678125, 0.005555555555555556, 0.321875, 0.9944444444444445]",,,,
long_rvos/2683deffcb/1/0,long_rvos,2683deffcb,1,0,static,oracle_identity,box,True,2,5,505,2,0.9177083333333333,1.0,0.9588541666666667,0.0,0.0,0.0,0.0,"[0.484375, 0.16666666666666666, 0.0703125, 0.3194444444444444]",,,,
long_rvos/2683deffcb/1/0,long_rvos,2683deffcb,1,0,static,oracle_identity,box,True,3,7,674,2,0.8266331658291457,1.0,0.9133165829145728,0.0,0.0,0.0,0.0,"[0.5078125, 0.2833333333333333, 0.0296875, 0.10833333333333334]",,,,
long_rvos/8093ebd9a3/3/9,long_rvos,8093ebd9a3,3,9,dynamic,oracle_identity,point,True,0,1,58,2,0.0,0.0,0.0,0.0,0.0,0.0,1.0,,1,[],[],
long_rvos/8093ebd9a3/3/9,long_rvos,8093ebd9a3,3,9,dynamic,oracle_identity,point,True,1,3,117,2,0.7395529640427599,1.0,0.86977648202138,0.0,0.0,0.0,0.0,,2,[],[],
long_rvos/8093ebd9a3/3/9,long_rvos,8093ebd9a3,3,9,dynamic,oracle_identity,point,True,2,5,175,2,0.8572428271518544,1.0,0.9286214135759272,0.0,0.0,0.0,0.0,,3,[],[],
long_rvos/8093ebd9a3/3/9,long_rvos,8093ebd9a3,3,9,dynamic,oracle_identity,point,True,3,7,234,2,0.8292682926829268,1.0,0.9146341463414633,0.0,0.0,0.0,0.0,,4,[],[],
long_rvos/8093ebd9a3/3/9,long_rvos,8093ebd9a3,3,9,dynamic,oracle_identity,box,True,0,1,58,2,0.0,0.0,0.0,0.0,0.0,0.0,1.0,,,,,
long_rvos/8093ebd9a3/3/9,long_rvos,8093ebd9a3,3,9,dynamic,oracle_identity,box,True,1,3,117,2,0.7395529640427599,1.0,0.86977648202138,0.0,0.0,0.0,0.0,"[0.45859375, 0.25277777777777777, 0.02109375, 0.0625]",,,,
long_rvos/8093ebd9a3/3/9,long_rvos,8093ebd9a3,3,9,dynamic,oracle_identity,box,True,2,5,175,2,0.8572428271518544,1.0,0.9286214135759272,0.0,0.0,0.0,0.0,"[0.48671875, 0.2791666666666667, 0.028125, 0.07083333333333333]",,,,
long_rvos/8093ebd9a3/3/9,long_rvos,8093ebd9a3,3,9,dynamic,oracle_identity,box,True,3,7,234,2,0.8292682926829268,1.0,0.9146341463414633,0.0,0.0,0.0,0.0,"[0.49609375, 0.36944444444444446, 0.0203125, 0.05138888888888889]",,,,
long_rvos/8093ebd9a3/3/14,long_rvos,8093ebd9a3,3,14,hybrid,oracle_identity,point,True,0,1,58,1,0.0,0.0,0.0,0.0,0.0,0.0,1.0,,1,[],[],
long_rvos/8093ebd9a3/3/14,long_rvos,8093ebd9a3,3,14,hybrid,oracle_identity,point,True,1,3,117,1,0.8403846153846154,1.0,0.9201923076923078,0.0,0.0,0.0,0.0,,2,[],[],
long_rvos/8093ebd9a3/3/14,long_rvos,8093ebd9a3,3,14,hybrid,oracle_identity,point,True,2,5,175,1,0.8845346396081175,1.0,0.9422673198040588,0.0,0.0,0.0,0.0,,3,[],[],
long_rvos/8093ebd9a3/3/14,long_rvos,8093ebd9a3,3,14,hybrid,oracle_identity,point,True,3,7,234,1,0.883183568677792,1.0,0.941591784338896,0.0,0.0,0.0,0.0,,4,[],[],
long_rvos/8093ebd9a3/3/14,long_rvos,8093ebd9a3,3,14,hybrid,oracle_identity,box,True,0,1,58,1,0.0,0.0,0.0,0.0,0.0,0.0,1.0,,,,,
long_rvos/8093ebd9a3/3/14,long_rvos,8093ebd9a3,3,14,hybrid,oracle_identity,box,True,1,3,117,1,0.8403846153846154,1.0,0.9201923076923078,0.0,0.0,0.0,0.0,"[0.45703125, 0.25277777777777777, 0.0234375, 0.0625]",,,,
long_rvos/8093ebd9a3/3/14,long_rvos,8093ebd9a3,3,14,hybrid,oracle_identity,box,True,2,5,175,1,0.8845346396081175,1.0,0.9422673198040588,0.0,0.0,0.0,0.0,"[0.48671875, 0.2791666666666667, 0.028125, 0.07083333333333333]",,,,
long_rvos/8093ebd9a3/3/14,long_rvos,8093ebd9a3,3,14,hybrid,oracle_identity,box,True,3,7,234,1,0.883183568677792,1.0,0.941591784338896,0.0,0.0,0.0,0.0,"[0.49609375, 0.36944444444444446, 0.0203125, 0.05277777777777778]",,,,
long_rvos/8093ebd9a3/3/8,long_rvos,8093ebd9a3,3,8,static,oracle_identity,point,True,0,1,58,2,0.0,0.0,0.0,0.0,0.0,0.0,1.0,,1,[],[],
long_rvos/8093ebd9a3/3/8,long_rvos,8093ebd9a3,3,8,static,oracle_identity,point,True,1,3,117,2,0.7395529640427599,1.0,0.86977648202138,0.0,0.0,0.0,0.0,,2,[],[],
long_rvos/8093ebd9a3/3/8,long_rvos,8093ebd9a3,3,8,static,oracle_identity,point,True,2,5,175,2,0.8572428271518544,1.0,0.9286214135759272,0.0,0.0,0.0,0.0,,3,[],[],
long_rvos/8093ebd9a3/3/8,long_rvos,8093ebd9a3,3,8,static,oracle_identity,point,True,3,7,234,2,0.8292682926829268,1.0,0.9146341463414633,0.0,0.0,0.0,0.0,,4,[],[],
long_rvos/8093ebd9a3/3/8,long_rvos,8093ebd9a3,3,8,static,oracle_identity,box,True,0,1,58,2,0.0,0.0,0.0,0.0,0.0,0.0,1.0,,,,,
long_rvos/8093ebd9a3/3/8,long_rvos,8093ebd9a3,3,8,static,oracle_identity,box,True,1,3,117,2,0.7395529640427599,1.0,0.86977648202138,0.0,0.0,0.0,0.0,"[0.45859375, 0.25277777777777777, 0.02109375, 0.0625]",,,,
long_rvos/8093ebd9a3/3/8,long_rvos,8093ebd9a3,3,8,static,oracle_identity,box,True,2,5,175,2,0.8572428271518544,1.0,0.9286214135759272,0.0,0.0,0.0,0.0,"[0.48671875, 0.2791666666666667, 0.028125, 0.07083333333333333]",,,,
long_rvos/8093ebd9a3/3/8,long_rvos,8093ebd9a3,3,8,static,oracle_identity,box,True,3,7,234,2,0.8292682926829268,1.0,0.9146341463414633,0.0,0.0,0.0,0.0,"[0.49609375, 0.36944444444444446, 0.0203125, 0.05138888888888889]",,,,
long_rvos/a500f0e77c/1/1,long_rvos,a500f0e77c,1,1,dynamic,oracle_identity,point,True,0,1,134,0,0.8896466431095407,0.9318900103128298,0.9107683267111852,0.0,0.0,0.0,0.0,,1,[],[],
long_rvos/a500f0e77c/1/1,long_rvos,a500f0e77c,1,1,dynamic,oracle_identity,point,True,1,3,269,0,0.8832630098452883,0.9642857142857143,0.9237743620655012,0.0,0.0,0.0,0.0,,2,[],[],
long_rvos/a500f0e77c/1/1,long_rvos,a500f0e77c,1,1,dynamic,oracle_identity,point,True,2,5,404,0,0.9141702538873759,0.9755205096123489,0.9448453817498624,0.0,0.0,0.0,0.0,,3,[],[],
long_rvos/a500f0e77c/1/1,long_rvos,a500f0e77c,1,1,dynamic,oracle_identity,point,True,3,7,539,0,0.9571462772324635,1.0,0.9785731386162317,0.0,0.0,0.0,0.0,,4,[],[],
long_rvos/a500f0e77c/1/1,long_rvos,a500f0e77c,1,1,dynamic,oracle_identity,box,True,0,1,134,0,0.8896466431095407,0.9318900103128298,0.9107683267111852,6.422470081993534e-05,0.10057418229482859,0.05031920349782426,0.0,"[0.403125, 0.18333333333333332, 0.5890625, 0.7020833333333333]",,,,0
long_rvos/a500f0e77c/1/1,long_rvos,a500f0e77c,1,1,dynamic,oracle_identity,box,True,1,3,269,0,0.8832630098452883,0.9642857142857143,0.9237743620655012,0.0,0.0,0.0,0.0,"[0.4078125, 0.025, 0.584375, 0.5020833333333333]",,,,0
long_rvos/a500f0e77c/1/1,long_rvos,a500f0e77c,1,1,dynamic,oracle_identity,box,True,2,5,404,0,0.9141702538873759,0.9755205096123489,0.9448453817498624,0.0,0.0,0.0,0.0,"[0.4640625, 0.4, 0.5140625, 0.6]",,,,
long_rvos/a500f0e77c/1/1,long_rvos,a500f0e77c,1,1,dynamic,oracle_identity,box,True,3,7,539,0,0.9571462772324635,1.0,0.9785731386162317,0.0,0.0,0.0,0.0,"[0.3078125, 0.1875, 0.1140625, 0.3958333333333333]",,,,
long_rvos/a500f0e77c/1/4,long_rvos,a500f0e77c,1,4,hybrid,oracle_identity,point,True,0,1,134,0,0.8902676140983491,0.925700209132549,0.9079839116154491,0.0,0.0,0.0,0.0,,1,[],[],
long_rvos/a500f0e77c/1/4,long_rvos,a500f0e77c,1,4,hybrid,oracle_identity,point,True,1,3,269,0,0.8783291281188674,0.9945054945054945,0.936417311312181,0.0,0.0,0.0,0.0,,2,[],[],
long_rvos/a500f0e77c/1/4,long_rvos,a500f0e77c,1,4,hybrid,oracle_identity,point,True,2,5,404,0,0.9105804427401081,0.9754308902118443,0.9430056664759762,0.0,0.0,0.0,0.0,,3,[],[],
long_rvos/a500f0e77c/1/4,long_rvos,a500f0e77c,1,4,hybrid,oracle_identity,point,True,3,7,539,0,0.9573856835049078,1.0,0.9786928417524539,0.0,0.0,0.0,0.0,,4,[],[],
long_rvos/a500f0e77c/1/4,long_rvos,a500f0e77c,1,4,hybrid,oracle_identity,box,True,0,1,134,0,0.8902676140983491,0.925700209132549,0.9079839116154491,0.8826613760362786,0.9196316499240708,0.9011465129801747,0.9761895931461633,"[0.403125, 0.18333333333333332, 0.315625, 0.7041666666666667]",,,,0
long_rvos/a500f0e77c/1/4,long_rvos,a500f0e77c,1,4,hybrid,oracle_identity,box,True,1,3,269,0,0.8783291281188674,0.9945054945054945,0.936417311312181,0.0,0.044150110375275935,0.022075055187637967,0.0,"[0.4078125, 0.17083333333333334, 0.55625, 0.35625]",,,,0
long_rvos/a500f0e77c/1/4,long_rvos,a500f0e77c,1,4,hybrid,oracle_identity,box,True,2,5,404,0,0.9105804427401081,0.9754308902118443,0.9430056664759762,0.0,0.0,0.0,0.0,"[0.4640625, 0.4, 0.5140625, 0.6]",,,,
long_rvos/a500f0e77c/1/4,long_rvos,a500f0e77c,1,4,hybrid,oracle_identity,box,True,3,7,539,0,0.9573856835049078,1.0,0.9786928417524539,0.0,0.0,0.0,0.0,"[0.3078125, 0.1875, 0.1140625, 0.3958333333333333]",,,,
long_rvos/a500f0e77c/1/0,long_rvos,a500f0e77c,1,0,static,oracle_identity,point,True,0,1,134,0,0.8902676140983491,0.925700209132549,0.9079839116154491,0.0,0.0,0.0,0.0,,1,[],[],
long_rvos/a500f0e77c/1/0,long_rvos,a500f0e77c,1,0,static,oracle_identity,point,True,1,3,269,0,0.8783291281188674,0.9945054945054945,0.936417311312181,0.0,0.0,0.0,0.0,,2,[],[],
long_rvos/a500f0e77c/1/0,long_rvos,a500f0e77c,1,0,static,oracle_identity,point,True,2,5,404,0,0.9105804427401081,0.9754308902118443,0.9430056664759762,0.0,0.0,0.0,0.0,,3,[],[],
long_rvos/a500f0e77c/1/0,long_rvos,a500f0e77c,1,0,static,oracle_identity,point,True,3,7,539,0,0.9573856835049078,1.0,0.9786928417524539,0.0,0.0,0.0,0.0,,4,[],[],
long_rvos/a500f0e77c/1/0,long_rvos,a500f0e77c,1,0,static,oracle_identity,box,True,0,1,134,0,0.8902676140983491,0.925700209132549,0.9079839116154491,0.8826613760362786,0.9196316499240708,0.9011465129801747,0.9761895931461633,"[0.403125, 0.18333333333333332, 0.315625, 0.7041666666666667]",,,,0
long_rvos/a500f0e77c/1/0,long_rvos,a500f0e77c,1,0,static,oracle_identity,box,True,1,3,269,0,0.8783291281188674,0.9945054945054945,0.936417311312181,0.0,0.044150110375275935,0.022075055187637967,0.0,"[0.4078125, 0.17083333333333334, 0.55625, 0.35625]",,,,0
long_rvos/a500f0e77c/1/0,long_rvos,a500f0e77c,1,0,static,oracle_identity,box,True,2,5,404,0,0.9105804427401081,0.9754308902118443,0.9430056664759762,0.0,0.0,0.0,0.0,"[0.4640625, 0.4, 0.5140625, 0.6]",,,,
long_rvos/a500f0e77c/1/0,long_rvos,a500f0e77c,1,0,static,oracle_identity,box,True,3,7,539,0,0.9573856835049078,1.0,0.9786928417524539,0.0,0.0,0.0,0.0,"[0.3078125, 0.1875, 0.1140625, 0.3958333333333333]",,,,
long_rvos/939b6aed6d/7/26,long_rvos,939b6aed6d,7,26,dynamic,oracle_identity,point,True,0,1,90,0,0.9700493543370969,1.0,0.9850246771685485,0.0,0.0,0.0,0.0,,1,[],[],
long_rvos/939b6aed6d/7/26,long_rvos,939b6aed6d,7,26,dynamic,oracle_identity,point,True,1,3,181,0,1.0,1.0,1.0,1.0,1.0,1.0,1.0,,2,[],[],
long_rvos/939b6aed6d/7/26,long_rvos,939b6aed6d,7,26,dynamic,oracle_identity,point,True,2,5,271,0,0.9238941240021608,0.8580394500896593,0.89096678704591,0.0,0.0,0.0,0.0,,3,[],[],
long_rvos/939b6aed6d/7/26,long_rvos,939b6aed6d,7,26,dynamic,oracle_identity,point,True,3,7,362,0,0.9811099721774784,1.0,0.9905549860887393,0.0,0.0,0.0,0.0,,4,[],[],
long_rvos/939b6aed6d/7/26,long_rvos,939b6aed6d,7,26,dynamic,oracle_identity,box,True,0,1,90,0,0.9700493543370969,1.0,0.9850246771685485,0.9204368174726989,0.7583859990277102,0.8394114082502045,0.9429005944974422,"[0.0, 0.6791666666666667, 0.171875, 0.32083333333333336]",,,,0
long_rvos/939b6aed6d/7/26,long_rvos,939b6aed6d,7,26,dynamic,oracle_identity,box,True,1,3,181,0,1.0,1.0,1.0,1.0,1.0,1.0,1.0,,,,,
long_rvos/939b6aed6d/7/26,long_rvos,939b6aed6d,7,26,dynamic,oracle_identity,box,True,2,5,271,0,0.9238941240021608,0.8580394500896593,0.89096678704591,0.9132312524538673,0.7783911973581874,0.8458112249060273,0.9646328293736501,"[0.0, 0.5604166666666667, 0.51875, 0.4395833333333333]",,,,0
long_rvos/939b6aed6d/7/26,long_rvos,939b6aed6d,7,26,dynamic,oracle_identity,box,True,3,7,362,0,0.9811099721774784,1.0,0.9905549860887393,0.9669241676037745,0.8288023512123438,0.8978632594080591,0.9822686241444302,"[0.0, 0.49583333333333335, 0.375, 0.5041666666666667]",,,,0
long_rvos/939b6aed6d/7/33,long_rvos,939b6aed6d,7,33,hybrid,oracle_identity,point,True,0,1,90,0,0.9700493543370969,1.0,0.9850246771685485,0.0,0.0,0.0,0.0,,1,[],[],
long_rvos/939b6aed6d/7/33,long_rvos,939b6aed6d,7,33,hybrid,oracle_identity,point,True,1,3,181,0,1.0,1.0,1.0,1.0,1.0,1.0,1.0,,2,[],[],
long_rvos/939b6aed6d/7/33,long_rvos,939b6aed6d,7,33,hybrid,oracle_identity,point,True,2,5,271,0,0.9238941240021608,0.8580394500896593,0.89096678704591,0.0,0.0,0.0,0.0,,3,[],[],
long_rvos/939b6aed6d/7/33,long_rvos,939b6aed6d,7,33,hybrid,oracle_identity,point,True,3,7,362,0,0.9811099721774784,1.0,0.9905549860887393,0.0,0.0,0.0,0.0,,4,[],[],
long_rvos/939b6aed6d/7/33,long_rvos,939b6aed6d,7,33,hybrid,oracle_identity,box,True,0,1,90,0,0.9700493543370969,1.0,0.9850246771685485,0.9204368174726989,0.7583859990277102,0.8394114082502045,0.9429005944974422,"[0.0, 0.6791666666666667, 0.171875, 0.32083333333333336]",,,,0
long_rvos/939b6aed6d/7/33,long_rvos,939b6aed6d,7,33,hybrid,oracle_identity,box,True,1,3,181,0,1.0,1.0,1.0,1.0,1.0,1.0,1.0,,,,,
long_rvos/939b6aed6d/7/33,long_rvos,939b6aed6d,7,33,hybrid,oracle_identity,box,True,2,5,271,0,0.9238941240021608,0.8580394500896593,0.89096678704591,0.9132312524538673,0.7783911973581874,0.8458112249060273,0.9646328293736501,"[0.0, 0.5604166666666667, 0.51875, 0.4395833333333333]",,,,0
long_rvos/939b6aed6d/7/33,long_rvos,939b6aed6d,7,33,hybrid,oracle_identity,box,True,3,7,362,0,0.9811099721774784,1.0,0.9905549860887393,0.9669241676037745,0.8288023512123438,0.8978632594080591,0.9822686241444302,"[0.0, 0.49583333333333335, 0.375, 0.5041666666666667]",,,,0
long_rvos/939b6aed6d/7/24,long_rvos,939b6aed6d,7,24,static,oracle_identity,point,True,0,1,90,0,0.9700493543370969,1.0,0.9850246771685485,0.0,0.0,0.0,0.0,,1,[],[],
long_rvos/939b6aed6d/7/24,long_rvos,939b6aed6d,7,24,static,oracle_identity,point,True,1,3,181,0,1.0,1.0,1.0,1.0,1.0,1.0,1.0,,2,[],[],
long_rvos/939b6aed6d/7/24,long_rvos,939b6aed6d,7,24,static,oracle_identity,point,True,2,5,271,0,0.9238941240021608,0.8580394500896593,0.89096678704591,0.0,0.0,0.0,0.0,,3,[],[],
long_rvos/939b6aed6d/7/24,long_rvos,939b6aed6d,7,24,static,oracle_identity,point,True,3,7,362,0,0.9811099721774784,1.0,0.9905549860887393,0.0,0.0,0.0,0.0,,4,[],[],
long_rvos/939b6aed6d/7/24,long_rvos,939b6aed6d,7,24,static,oracle_identity,box,True,0,1,90,0,0.9700493543370969,1.0,0.9850246771685485,0.9204368174726989,0.7583859990277102,0.8394114082502045,0.9429005944974422,"[0.0, 0.6791666666666667, 0.171875, 0.32083333333333336]",,,,0
long_rvos/939b6aed6d/7/24,long_rvos,939b6aed6d,7,24,static,oracle_identity,box,True,1,3,181,0,1.0,1.0,1.0,1.0,1.0,1.0,1.0,,,,,
long_rvos/939b6aed6d/7/24,long_rvos,939b6aed6d,7,24,static,oracle_identity,box,True,2,5,271,0,0.9238941240021608,0.8580394500896593,0.89096678704591,0.9132312524538673,0.7783911973581874,0.8458112249060273,0.9646328293736501,"[0.0, 0.5604166666666667, 0.51875, 0.4395833333333333]",,,,0
long_rvos/939b6aed6d/7/24,long_rvos,939b6aed6d,7,24,static,oracle_identity,box,True,3,7,362,0,0.9811099721774784,1.0,0.9905549860887393,0.9669241676037745,0.8288023512123438,0.8978632594080591,0.9822686241444302,"[0.0, 0.49583333333333335, 0.375, 0.5041666666666667]",,,,0
long_rvos/939b6aed6d/7/25,long_rvos,939b6aed6d,7,25,static,oracle_identity,point,True,0,1,90,1,0.0,0.0,0.0,0.0,0.0,0.0,1.0,,1,[],[],
long_rvos/939b6aed6d/7/25,long_rvos,939b6aed6d,7,25,static,oracle_identity,point,True,1,3,181,1,1.0,1.0,1.0,1.0,1.0,1.0,1.0,,2,[],[],
long_rvos/939b6aed6d/7/25,long_rvos,939b6aed6d,7,25,static,oracle_identity,point,True,2,5,271,1,0.0,0.0,0.0,0.0,0.0,0.0,1.0,,3,[],[],
long_rvos/939b6aed6d/7/25,long_rvos,939b6aed6d,7,25,static,oracle_identity,point,True,3,7,362,1,0.9794199501977443,1.0,0.9897099750988722,0.0,0.0,0.0,0.0,,4,[],[],
long_rvos/939b6aed6d/7/25,long_rvos,939b6aed6d,7,25,static,oracle_identity,box,True,0,1,90,1,0.0,0.0,0.0,0.0,0.0,0.0,1.0,,,,,
long_rvos/939b6aed6d/7/25,long_rvos,939b6aed6d,7,25,static,oracle_identity,box,True,1,3,181,1,1.0,1.0,1.0,1.0,1.0,1.0,1.0,,,,,
long_rvos/939b6aed6d/7/25,long_rvos,939b6aed6d,7,25,static,oracle_identity,box,True,2,5,271,1,0.0,0.0,0.0,0.0,0.0,0.0,1.0,,,,,
long_rvos/939b6aed6d/7/25,long_rvos,939b6aed6d,7,25,static,oracle_identity,box,True,3,7,362,1,0.9794199501977443,1.0,0.9897099750988722,0.9666528127521209,0.8294117647058824,0.8980322887290016,0.984116725907882,"[0.0, 0.4979166666666667, 0.375, 0.5020833333333333]",,,,0
long_rvos/ddc213ba3f/2/3,long_rvos,ddc213ba3f,2,3,dynamic,oracle_identity,point,True,0,1,134,0,0.9250230174932949,1.0,0.9625115087466474,0.0,0.0,0.0,0.0,,1,[],[],
long_rvos/ddc213ba3f/2/3,long_rvos,ddc213ba3f,2,3,dynamic,oracle_identity,point,True,1,3,269,0,0.9896580158966489,1.0,0.9948290079483244,0.0,0.0,0.0,0.0,,2,[],[],
long_rvos/ddc213ba3f/2/3,long_rvos,ddc213ba3f,2,3,dynamic,oracle_identity,point,True,2,5,404,0,0.8082407913101524,0.4780178698509645,0.6431293305805584,0.0,0.0,0.0,0.0,,3,[],[],
long_rvos/ddc213ba3f/2/3,long_rvos,ddc213ba3f,2,3,dynamic,oracle_identity,point,True,3,7,539,0,0.986428955910418,0.9884836852207294,0.9874563205655738,0.0,0.0,0.0,0.0,,4,[],[],
long_rvos/ddc213ba3f/2/3,long_rvos,ddc213ba3f,2,3,dynamic,oracle_identity,box,True,0,1,134,0,0.9250230174932949,1.0,0.9625115087466474,0.0,0.0,0.0,0.0,"[0.5458333333333333, 0.45125, 0.45416666666666666, 0.29375]",,,,
long_rvos/ddc213ba3f/2/3,long_rvos,ddc213ba3f,2,3,dynamic,oracle_identity,box,True,1,3,269,0,0.9896580158966489,1.0,0.9948290079483244,0.0,0.0,0.0,0.0,"[0.30625, 0.44375, 0.69375, 0.52875]",,,,
long_rvos/ddc213ba3f/2/3,long_rvos,ddc213ba3f,2,3,dynamic,oracle_identity,box,True,2,5,404,0,0.8082407913101524,0.4780178698509645,0.6431293305805584,0.806028531983433,0.4968312378299931,0.651429884906713,0.9740925673744557,"[0.125, 0.195, 0.7583333333333333, 0.46125]",,,,0
long_rvos/ddc213ba3f/2/3,long_rvos,ddc213ba3f,2,3,dynamic,oracle_identity,box,True,3,7,539,0,0.986428955910418,0.9884836852207294,0.9874563205655738,0.0,0.0,0.0,0.0,"[0.0, 0.10875, 0.5979166666666667, 0.60125]",,,,
long_rvos/ddc213ba3f/2/19,long_rvos,ddc213ba3f,2,19,hybrid,oracle_identity,point,True,0,1,134,0,0.9250230174932949,1.0,0.9625115087466474,0.0,0.0,0.0,0.0,,1,[],[],
long_rvos/ddc213ba3f/2/19,long_rvos,ddc213ba3f,2,19,hybrid,oracle_identity,point,True,1,3,269,0,0.9896580158966489,1.0,0.9948290079483244,0.0,0.0,0.0,0.0,,2,[],[],
long_rvos/ddc213ba3f/2/19,long_rvos,ddc213ba3f,2,19,hybrid,oracle_identity,point,True,2,5,404,0,0.8082407913101524,0.4780178698509645,0.6431293305805584,0.0,0.0,0.0,0.0,,3,[],[],
long_rvos/ddc213ba3f/2/19,long_rvos,ddc213ba3f,2,19,hybrid,oracle_identity,point,True,3,7,539,0,0.986428955910418,0.9884836852207294,0.9874563205655738,0.0,0.0,0.0,0.0,,4,[],[],
long_rvos/ddc213ba3f/2/19,long_rvos,ddc213ba3f,2,19,hybrid,oracle_identity,box,True,0,1,134,0,0.9250230174932949,1.0,0.9625115087466474,0.0,0.0,0.0,0.0,"[0.5458333333333333, 0.45125, 0.45416666666666666, 0.29375]",,,,
long_rvos/ddc213ba3f/2/19,long_rvos,ddc213ba3f,2,19,hybrid,oracle_identity,box,True,1,3,269,0,0.9896580158966489,1.0,0.9948290079483244,0.0,0.0,0.0,0.0,"[0.30625, 0.44375, 0.69375, 0.52875]",,,,
long_rvos/ddc213ba3f/2/19,long_rvos,ddc213ba3f,2,19,hybrid,oracle_identity,box,True,2,5,404,0,0.8082407913101524,0.4780178698509645,0.6431293305805584,0.806028531983433,0.4968312378299931,0.651429884906713,0.9740925673744557,"[0.125, 0.195, 0.7583333333333333, 0.46125]",,,,0
long_rvos/ddc213ba3f/2/19,long_rvos,ddc213ba3f,2,19,hybrid,oracle_identity,box,True,3,7,539,0,0.986428955910418,0.9884836852207294,0.9874563205655738,0.0,0.0,0.0,0.0,"[0.0, 0.10875, 0.5979166666666667, 0.60125]",,,,
long_rvos/ddc213ba3f/2/2,long_rvos,ddc213ba3f,2,2,static,oracle_identity,point,True,0,1,134,0,0.9250230174932949,1.0,0.9625115087466474,0.0,0.0,0.0,0.0,,1,[],[],
long_rvos/ddc213ba3f/2/2,long_rvos,ddc213ba3f,2,2,static,oracle_identity,point,True,1,3,269,0,0.9896580158966489,1.0,0.9948290079483244,0.0,0.0,0.0,0.0,,2,[],[],
long_rvos/ddc213ba3f/2/2,long_rvos,ddc213ba3f,2,2,static,oracle_identity,point,True,2,5,404,0,0.8082407913101524,0.4780178698509645,0.6431293305805584,0.0,0.0,0.0,0.0,,3,[],[],
long_rvos/ddc213ba3f/2/2,long_rvos,ddc213ba3f,2,2,static,oracle_identity,point,True,3,7,539,0,0.986428955910418,0.9884836852207294,0.9874563205655738,0.0,0.0,0.0,0.0,,4,[],[],
long_rvos/ddc213ba3f/2/2,long_rvos,ddc213ba3f,2,2,static,oracle_identity,box,True,0,1,134,0,0.9250230174932949,1.0,0.9625115087466474,0.0,0.0,0.0,0.0,"[0.5458333333333333, 0.45125, 0.45416666666666666, 0.29375]",,,,
long_rvos/ddc213ba3f/2/2,long_rvos,ddc213ba3f,2,2,static,oracle_identity,box,True,1,3,269,0,0.9896580158966489,1.0,0.9948290079483244,0.0,0.0,0.0,0.0,"[0.30625, 0.44375, 0.69375, 0.52875]",,,,
long_rvos/ddc213ba3f/2/2,long_rvos,ddc213ba3f,2,2,static,oracle_identity,box,True,2,5,404,0,0.8082407913101524,0.4780178698509645,0.6431293305805584,0.806028531983433,0.4968312378299931,0.651429884906713,0.9740925673744557,"[0.125, 0.195, 0.7583333333333333, 0.46125]",,,,0
long_rvos/ddc213ba3f/2/2,long_rvos,ddc213ba3f,2,2,static,oracle_identity,box,True,3,7,539,0,0.986428955910418,0.9884836852207294,0.9874563205655738,0.0,0.0,0.0,0.0,"[0.0, 0.10875, 0.5979166666666667, 0.60125]",,,,
long_rvos/6a1db02e31/2/5,long_rvos,6a1db02e31,2,5,dynamic,oracle_identity,point,True,0,1,97,6,1.0,1.0,1.0,1.0,1.0,1.0,1.0,,1,[],[],
long_rvos/6a1db02e31/2/5,long_rvos,6a1db02e31,2,5,dynamic,oracle_identity,point,True,1,3,194,6,1.0,1.0,1.0,1.0,1.0,1.0,1.0,,2,[],[],
long_rvos/6a1db02e31/2/5,long_rvos,6a1db02e31,2,5,dynamic,oracle_identity,point,True,2,5,291,6,0.5829071430302737,0.18750000000000003,0.38520357151513684,0.0,0.0,0.0,0.0,,3,[],[],
long_rvos/6a1db02e31/2/5,long_rvos,6a1db02e31,2,5,dynamic,oracle_identity,point,True,3,7,389,6,0.9650391802290537,0.9933871742603833,0.9792131772447185,0.0,0.0,0.0,0.0,,4,[],[],
long_rvos/6a1db02e31/2/5,long_rvos,6a1db02e31,2,5,dynamic,oracle_identity,box,True,0,1,97,6,1.0,1.0,1.0,1.0,1.0,1.0,1.0,,,,,
long_rvos/6a1db02e31/2/5,long_rvos,6a1db02e31,2,5,dynamic,oracle_identity,box,True,1,3,194,6,1.0,1.0,1.0,1.0,1.0,1.0,1.0,,,,,
long_rvos/6a1db02e31/2/5,long_rvos,6a1db02e31,2,5,dynamic,oracle_identity,box,True,2,5,291,6,0.5829071430302737,0.18750000000000003,0.38520357151513684,0.585191121472631,0.1869244935543278,0.3860578075134794,0.9930619796484736,"[0.6703125, 0.36792452830188677, 0.3296875, 0.6297169811320755]",,,,0
long_rvos/6a1db02e31/2/5,long_rvos,6a1db02e31,2,5,dynamic,oracle_identity,box,True,3,7,389,6,0.9650391802290537,0.9933871742603833,0.9792131772447185,0.0,0.0,0.0,0.0,"[0.2140625, 0.4033018867924528, 0.7859375, 0.39858490566037735]",,,,
long_rvos/6a1db02e31/2/7,long_rvos,6a1db02e31,2,7,dynamic,oracle_identity,point,True,0,1,97,6,1.0,1.0,1.0,1.0,1.0,1.0,1.0,,1,[],[],
long_rvos/6a1db02e31/2/7,long_rvos,6a1db02e31,2,7,dynamic,oracle_identity,point,True,1,3,194,6,1.0,1.0,1.0,1.0,1.0,1.0,1.0,,2,[],[],
long_rvos/6a1db02e31/2/7,long_rvos,6a1db02e31,2,7,dynamic,oracle_identity,point,True,2,5,291,6,0.5829071430302737,0.18750000000000003,0.38520357151513684,0.0,0.0,0.0,0.0,,3,[],[],
long_rvos/6a1db02e31/2/7,long_rvos,6a1db02e31,2,7,dynamic,oracle_identity,point,True,3,7,389,6,0.9650391802290537,0.9933871742603833,0.9792131772447185,0.0,0.0,0.0,0.0,,4,[],[],
long_rvos/6a1db02e31/2/7,long_rvos,6a1db02e31,2,7,dynamic,oracle_identity,box,True,0,1,97,6,1.0,1.0,1.0,1.0,1.0,1.0,1.0,,,,,
long_rvos/6a1db02e31/2/7,long_rvos,6a1db02e31,2,7,dynamic,oracle_identity,box,True,1,3,194,6,1.0,1.0,1.0,1.0,1.0,1.0,1.0,,,,,
long_rvos/6a1db02e31/2/7,long_rvos,6a1db02e31,2,7,dynamic,oracle_identity,box,True,2,5,291,6,0.5829071430302737,0.18750000000000003,0.38520357151513684,0.585191121472631,0.1869244935543278,0.3860578075134794,0.9930619796484736,"[0.6703125, 0.36792452830188677, 0.3296875, 0.6297169811320755]",,,,0
long_rvos/6a1db02e31/2/7,long_rvos,6a1db02e31,2,7,dynamic,oracle_identity,box,True,3,7,389,6,0.9650391802290537,0.9933871742603833,0.9792131772447185,0.0,0.0,0.0,0.0,"[0.2140625, 0.4033018867924528, 0.7859375, 0.39858490566037735]",,,,
long_rvos/6a1db02e31/2/10,long_rvos,6a1db02e31,2,10,hybrid,oracle_identity,point,True,0,1,97,,1.0,1.0,1.0,1.0,1.0,1.0,1.0,,1,[],[],
long_rvos/6a1db02e31/2/10,long_rvos,6a1db02e31,2,10,hybrid,oracle_identity,point,True,1,3,194,,1.0,1.0,1.0,1.0,1.0,1.0,1.0,,2,[],[],
long_rvos/6a1db02e31/2/10,long_rvos,6a1db02e31,2,10,hybrid,oracle_identity,point,True,2,5,291,,0.0,0.0,0.0,0.0,0.0,0.0,1.0,,3,[],[],
long_rvos/6a1db02e31/2/10,long_rvos,6a1db02e31,2,10,hybrid,oracle_identity,point,True,3,7,389,,0.0,0.0,0.0,0.0,0.0,0.0,1.0,,4,[],[],
long_rvos/6a1db02e31/2/10,long_rvos,6a1db02e31,2,10,hybrid,oracle_identity,box,True,0,1,97,,1.0,1.0,1.0,1.0,1.0,1.0,1.0,,,,,
long_rvos/6a1db02e31/2/10,long_rvos,6a1db02e31,2,10,hybrid,oracle_identity,box,True,1,3,194,,1.0,1.0,1.0,1.0,1.0,1.0,1.0,,,,,
long_rvos/6a1db02e31/2/10,long_rvos,6a1db02e31,2,10,hybrid,oracle_identity,box,True,2,5,291,,0.0,0.0,0.0,0.0,0.0,0.0,1.0,,,,,
long_rvos/6a1db02e31/2/10,long_rvos,6a1db02e31,2,10,hybrid,oracle_identity,box,True,3,7,389,,0.0,0.0,0.0,0.0,0.0,0.0,1.0,,,,,
long_rvos/6a1db02e31/2/11,long_rvos,6a1db02e31,2,11,hybrid,oracle_identity,point,True,0,1,97,6,1.0,1.0,1.0,1.0,1.0,1.0,1.0,,1,[],[],
long_rvos/6a1db02e31/2/11,long_rvos,6a1db02e31,2,11,hybrid,oracle_identity,point,True,1,3,194,6,1.0,1.0,1.0,1.0,1.0,1.0,1.0,,2,[],[],
long_rvos/6a1db02e31/2/11,long_rvos,6a1db02e31,2,11,hybrid,oracle_identity,point,True,2,5,291,6,0.5829071430302737,0.18750000000000003,0.38520357151513684,0.0,0.0,0.0,0.0,,3,[],[],
long_rvos/6a1db02e31/2/11,long_rvos,6a1db02e31,2,11,hybrid,oracle_identity,point,True,3,7,389,6,0.9650391802290537,0.9933871742603833,0.9792131772447185,0.0,0.0,0.0,0.0,,4,[],[],
long_rvos/6a1db02e31/2/11,long_rvos,6a1db02e31,2,11,hybrid,oracle_identity,box,True,0,1,97,6,1.0,1.0,1.0,1.0,1.0,1.0,1.0,,,,,
long_rvos/6a1db02e31/2/11,long_rvos,6a1db02e31,2,11,hybrid,oracle_identity,box,True,1,3,194,6,1.0,1.0,1.0,1.0,1.0,1.0,1.0,,,,,
long_rvos/6a1db02e31/2/11,long_rvos,6a1db02e31,2,11,hybrid,oracle_identity,box,True,2,5,291,6,0.5829071430302737,0.18750000000000003,0.38520357151513684,0.585191121472631,0.1869244935543278,0.3860578075134794,0.9930619796484736,"[0.6703125, 0.36792452830188677, 0.3296875, 0.6297169811320755]",,,,0
long_rvos/6a1db02e31/2/11,long_rvos,6a1db02e31,2,11,hybrid,oracle_identity,box,True,3,7,389,6,0.9650391802290537,0.9933871742603833,0.9792131772447185,0.0,0.0,0.0,0.0,"[0.2140625, 0.4033018867924528, 0.7859375, 0.39858490566037735]",,,,
long_rvos/6a1db02e31/2/4,long_rvos,6a1db02e31,2,4,static,oracle_identity,point,True,0,1,97,,1.0,1.0,1.0,1.0,1.0,1.0,1.0,,1,[],[],
long_rvos/6a1db02e31/2/4,long_rvos,6a1db02e31,2,4,static,oracle_identity,point,True,1,3,194,,1.0,1.0,1.0,1.0,1.0,1.0,1.0,,2,[],[],
long_rvos/6a1db02e31/2/4,long_rvos,6a1db02e31,2,4,static,oracle_identity,point,True,2,5,291,,0.0,0.0,0.0,0.0,0.0,0.0,1.0,,3,[],[],
long_rvos/6a1db02e31/2/4,long_rvos,6a1db02e31,2,4,static,oracle_identity,point,True,3,7,389,,0.0,0.0,0.0,0.0,0.0,0.0,1.0,,4,[],[],
long_rvos/6a1db02e31/2/4,long_rvos,6a1db02e31,2,4,static,oracle_identity,box,True,0,1,97,,1.0,1.0,1.0,1.0,1.0,1.0,1.0,,,,,
long_rvos/6a1db02e31/2/4,long_rvos,6a1db02e31,2,4,static,oracle_identity,box,True,1,3,194,,1.0,1.0,1.0,1.0,1.0,1.0,1.0,,,,,
long_rvos/6a1db02e31/2/4,long_rvos,6a1db02e31,2,4,static,oracle_identity,box,True,2,5,291,,0.0,0.0,0.0,0.0,0.0,0.0,1.0,,,,,
long_rvos/6a1db02e31/2/4,long_rvos,6a1db02e31,2,4,static,oracle_identity,box,True,3,7,389,,0.0,0.0,0.0,0.0,0.0,0.0,1.0,,,,,
long_rvos/6a1db02e31/2/6,long_rvos,6a1db02e31,2,6,static,oracle_identity,point,True,0,1,97,5,1.0,1.0,1.0,1.0,1.0,1.0,1.0,,1,[],[],
long_rvos/6a1db02e31/2/6,long_rvos,6a1db02e31,2,6,static,oracle_identity,point,True,1,3,194,5,1.0,1.0,1.0,1.0,1.0,1.0,1.0,,2,[],[],
long_rvos/6a1db02e31/2/6,long_rvos,6a1db02e31,2,6,static,oracle_identity,point,True,2,5,291,5,0.0,0.0,0.0,0.0,0.0,0.0,1.0,,3,[],[],
long_rvos/6a1db02e31/2/6,long_rvos,6a1db02e31,2,6,static,oracle_identity,point,True,3,7,389,5,0.0,0.0,0.0,0.0,0.0,0.0,1.0,,4,[],[],
long_rvos/6a1db02e31/2/6,long_rvos,6a1db02e31,2,6,static,oracle_identity,box,True,0,1,97,5,1.0,1.0,1.0,1.0,1.0,1.0,1.0,,,,,
long_rvos/6a1db02e31/2/6,long_rvos,6a1db02e31,2,6,static,oracle_identity,box,True,1,3,194,5,1.0,1.0,1.0,1.0,1.0,1.0,1.0,,,,,
long_rvos/6a1db02e31/2/6,long_rvos,6a1db02e31,2,6,static,oracle_identity,box,True,2,5,291,5,0.0,0.0,0.0,0.0,0.0,0.0,1.0,,,,,
long_rvos/6a1db02e31/2/6,long_rvos,6a1db02e31,2,6,static,oracle_identity,box,True,3,7,389,5,0.0,0.0,0.0,0.0,0.0,0.0,1.0,,,,,
long_rvos/a8b6fd5e4d/2/5,long_rvos,a8b6fd5e4d,2,5,dynamic,oracle_identity,point,True,0,1,95,0,0.9324154346311634,0.831220526120336,0.8818179803757498,0.0,0.0,0.0,0.0,,1,[],[],
long_rvos/a8b6fd5e4d/2/5,long_rvos,a8b6fd5e4d,2,5,dynamic,oracle_identity,point,True,1,3,191,0,0.9000974011599593,0.6080428701637489,0.7540701356618541,0.0,0.0,0.0,0.0,,2,[],[],
long_rvos/a8b6fd5e4d/2/5,long_rvos,a8b6fd5e4d,2,5,dynamic,oracle_identity,point,True,2,5,286,0,0.7237802505641584,0.03210485998808409,0.37794255527612125,0.0,0.0,0.0,0.0,,3,[],[],
long_rvos/a8b6fd5e4d/2/5,long_rvos,a8b6fd5e4d,2,5,dynamic,oracle_identity,point,True,3,7,382,0,1.0,1.0,1.0,1.0,1.0,1.0,1.0,,4,[],[],
long_rvos/a8b6fd5e4d/2/5,long_rvos,a8b6fd5e4d,2,5,dynamic,oracle_identity,box,True,0,1,95,0,0.9324154346311634,0.831220526120336,0.8818179803757498,0.9390853981519628,0.8770980119793401,0.9080917050656514,0.9614944272112571,"[0.10625, 0.3875, 0.8583333333333333, 0.6041666666666666]",,,,0
long_rvos/a8b6fd5e4d/2/5,long_rvos,a8b6fd5e4d,2,5,dynamic,oracle_identity,box,True,1,3,191,0,0.9000974011599593,0.6080428701637489,0.7540701356618541,0.8786119959643136,0.5877165705902521,0.7331642832772829,0.9288435310163194,"[0.0, 0.325, 0.825, 0.49722222222222223]",,,,0
long_rvos/a8b6fd5e4d/2/5,long_rvos,a8b6fd5e4d,2,5,dynamic,oracle_identity,box,True,2,5,286,0,0.7237802505641584,0.03210485998808409,0.37794255527612125,0.0,0.0,0.0,0.0,"[0.022916666666666665, 0.2263888888888889, 0.9770833333333333, 0.7736111111111111]",,,,
long_rvos/a8b6fd5e4d/2/5,long_rvos,a8b6fd5e4d,2,5,dynamic,oracle_identity,box,True,3,7,382,0,1.0,1.0,1.0,1.0,1.0,1.0,1.0,,,,,
long_rvos/a8b6fd5e4d/2/7,long_rvos,a8b6fd5e4d,2,7,dynamic,oracle_identity,point,True,0,1,95,0,0.9319725258779142,0.834348777721451,0.8831606517996826,0.0,0.0,0.0,0.0,,1,[],[],
long_rvos/a8b6fd5e4d/2/7,long_rvos,a8b6fd5e4d,2,7,dynamic,oracle_identity,point,True,1,3,191,0,0.8999100189959898,0.61333059970899,0.7566203093524899,0.0,0.0,0.0,0.0,,2,[],[],
long_rvos/a8b6fd5e4d/2/7,long_rvos,a8b6fd5e4d,2,7,dynamic,oracle_identity,point,True,2,5,286,0,0.0,0.0,0.0,0.0,0.0,0.0,1.0,,3,[],[],
long_rvos/a8b6fd5e4d/2/7,long_rvos,a8b6fd5e4d,2,7,dynamic,oracle_identity,point,True,3,7,382,0,1.0,1.0,1.0,1.0,1.0,1.0,1.0,,4,[],[],
long_rvos/a8b6fd5e4d/2/7,long_rvos,a8b6fd5e4d,2,7,dynamic,oracle_identity,box,True,0,1,95,0,0.9319725258779142,0.834348777721451,0.8831606517996826,0.9440178350260094,0.8952297660825187,0.9196238005542641,0.9551882388781336,"[0.10625, 0.3875, 0.8583333333333333, 0.6013888888888889]",,,,0
long_rvos/a8b6fd5e4d/2/7,long_rvos,a8b6fd5e4d,2,7,dynamic,oracle_identity,box,True,1,3,191,0,0.8999100189959898,0.61333059970899,0.7566203093524899,0.5069566718453306,0.09916502966290189,0.3030608507541162,0.5247187948180019,"[0.0, 0.23333333333333334, 0.825, 0.5888888888888889]",,,,0
long_rvos/a8b6fd5e4d/2/7,long_rvos,a8b6fd5e4d,2,7,dynamic,oracle_identity,box,True,2,5,286,0,0.0,0.0,0.0,0.0,0.0,0.0,1.0,,,,,
long_rvos/a8b6fd5e4d/2/7,long_rvos,a8b6fd5e4d,2,7,dynamic,oracle_identity,box,True,3,7,382,0,1.0,1.0,1.0,1.0,1.0,1.0,1.0,,,,,
long_rvos/a8b6fd5e4d/2/10,long_rvos,a8b6fd5e4d,2,10,hybrid,oracle_identity,point,True,0,1,95,0,0.9324154346311634,0.831220526120336,0.8818179803757498,0.0,0.0,0.0,0.0,,1,[],[],
long_rvos/a8b6fd5e4d/2/10,long_rvos,a8b6fd5e4d,2,10,hybrid,oracle_identity,point,True,1,3,191,0,0.9000974011599593,0.6080428701637489,0.7540701356618541,0.0,0.0,0.0,0.0,,2,[],[],
long_rvos/a8b6fd5e4d/2/10,long_rvos,a8b6fd5e4d,2,10,hybrid,oracle_identity,point,True,2,5,286,0,0.7237802505641584,0.03210485998808409,0.37794255527612125,0.0,0.0,0.0,0.0,,3,[],[],
long_rvos/a8b6fd5e4d/2/10,long_rvos,a8b6fd5e4d,2,10,hybrid,oracle_identity,point,True,3,7,382,0,1.0,1.0,1.0,1.0,1.0,1.0,1.0,,4,[],[],
long_rvos/a8b6fd5e4d/2/10,long_rvos,a8b6fd5e4d,2,10,hybrid,oracle_identity,box,True,0,1,95,0,0.9324154346311634,0.831220526120336,0.8818179803757498,0.9390853981519628,0.8770980119793401,0.9080917050656514,0.9614944272112571,"[0.10625, 0.3875, 0.8583333333333333, 0.6041666666666666]",,,,0
long_rvos/a8b6fd5e4d/2/10,long_rvos,a8b6fd5e4d,2,10,hybrid,oracle_identity,box,True,1,3,191,0,0.9000974011599593,0.6080428701637489,0.7540701356618541,0.8786119959643136,0.5877165705902521,0.7331642832772829,0.9288435310163194,"[0.0, 0.325, 0.825, 0.49722222222222223]",,,,0
long_rvos/a8b6fd5e4d/2/10,long_rvos,a8b6fd5e4d,2,10,hybrid,oracle_identity,box,True,2,5,286,0,0.7237802505641584,0.03210485998808409,0.37794255527612125,0.0,0.0,0.0,0.0,"[0.022916666666666665, 0.2263888888888889, 0.9770833333333333, 0.7736111111111111]",,,,
long_rvos/a8b6fd5e4d/2/10,long_rvos,a8b6fd5e4d,2,10,hybrid,oracle_identity,box,True,3,7,382,0,1.0,1.0,1.0,1.0,1.0,1.0,1.0,,,,,
long_rvos/a8b6fd5e4d/2/11,long_rvos,a8b6fd5e4d,2,11,hybrid,oracle_identity,point,True,0,1,95,0,0.9319725258779142,0.834348777721451,0.8831606517996826,0.0,0.0,0.0,0.0,,1,[],[],
long_rvos/a8b6fd5e4d/2/11,long_rvos,a8b6fd5e4d,2,11,hybrid,oracle_identity,point,True,1,3,191,0,0.8999100189959898,0.61333059970899,0.7566203093524899,0.0,0.0,0.0,0.0,,2,[],[],
long_rvos/a8b6fd5e4d/2/11,long_rvos,a8b6fd5e4d,2,11,hybrid,oracle_identity,point,True,2,5,286,0,0.0,0.0,0.0,0.0,0.0,0.0,1.0,,3,[],[],
long_rvos/a8b6fd5e4d/2/11,long_rvos,a8b6fd5e4d,2,11,hybrid,oracle_identity,point,True,3,7,382,0,1.0,1.0,1.0,1.0,1.0,1.0,1.0,,4,[],[],
long_rvos/a8b6fd5e4d/2/11,long_rvos,a8b6fd5e4d,2,11,hybrid,oracle_identity,box,True,0,1,95,0,0.9319725258779142,0.834348777721451,0.8831606517996826,0.9440178350260094,0.8952297660825187,0.9196238005542641,0.9551882388781336,"[0.10625, 0.3875, 0.8583333333333333, 0.6013888888888889]",,,,0
long_rvos/a8b6fd5e4d/2/11,long_rvos,a8b6fd5e4d,2,11,hybrid,oracle_identity,box,True,1,3,191,0,0.8999100189959898,0.61333059970899,0.7566203093524899,0.5069566718453306,0.09916502966290189,0.3030608507541162,0.5247187948180019,"[0.0, 0.23333333333333334, 0.825, 0.5888888888888889]",,,,0
long_rvos/a8b6fd5e4d/2/11,long_rvos,a8b6fd5e4d,2,11,hybrid,oracle_identity,box,True,2,5,286,0,0.0,0.0,0.0,0.0,0.0,0.0,1.0,,,,,
long_rvos/a8b6fd5e4d/2/11,long_rvos,a8b6fd5e4d,2,11,hybrid,oracle_identity,box,True,3,7,382,0,1.0,1.0,1.0,1.0,1.0,1.0,1.0,,,,,
long_rvos/a8b6fd5e4d/2/4,long_rvos,a8b6fd5e4d,2,4,static,oracle_identity,point,True,0,1,95,0,0.0006092575909850705,0.32397152080084884,0.16229038919591696,0.0,0.0,0.0,0.0,,1,[],[],
long_rvos/a8b6fd5e4d/2/4,long_rvos,a8b6fd5e4d,2,4,static,oracle_identity,point,True,1,3,191,0,0.0,0.0,0.0,0.0,0.0,0.0,1.0,,2,[],[],
long_rvos/a8b6fd5e4d/2/4,long_rvos,a8b6fd5e4d,2,4,static,oracle_identity,point,True,2,5,286,0,0.0,0.0,0.0,0.0,0.0,0.0,1.0,,3,[],[],
long_rvos/a8b6fd5e4d/2/4,long_rvos,a8b6fd5e4d,2,4,static,oracle_identity,point,True,3,7,382,0,1.0,1.0,1.0,1.0,1.0,1.0,1.0,,4,[],[],
long_rvos/a8b6fd5e4d/2/4,long_rvos,a8b6fd5e4d,2,4,static,oracle_identity,box,True,0,1,95,0,0.0006092575909850705,0.32397152080084884,0.16229038919591696,0.0,0.0,0.0,0.0,"[0.0, 0.004166666666666667, 1.0, 0.9958333333333333]",,,,
long_rvos/a8b6fd5e4d/2/4,long_rvos,a8b6fd5e4d,2,4,static,oracle_identity,box,True,1,3,191,0,0.0,0.0,0.0,0.0,0.0,0.0,1.0,,,,,
long_rvos/a8b6fd5e4d/2/4,long_rvos,a8b6fd5e4d,2,4,static,oracle_identity,box,True,2,5,286,0,0.0,0.0,0.0,0.0,0.0,0.0,1.0,,,,,
long_rvos/a8b6fd5e4d/2/4,long_rvos,a8b6fd5e4d,2,4,static,oracle_identity,box,True,3,7,382,0,1.0,1.0,1.0,1.0,1.0,1.0,1.0,,,,,
long_rvos/a8b6fd5e4d/2/6,long_rvos,a8b6fd5e4d,2,6,static,oracle_identity,point,True,0,1,95,0,0.932212570853727,0.8299320859925519,0.8810723284231394,0.0,0.0,0.0,0.0,,1,[],[],
long_rvos/a8b6fd5e4d/2/6,long_rvos,a8b6fd5e4d,2,6,static,oracle_identity,point,True,1,3,191,0,0.9002808678152022,0.6036873752639111,0.7519841215395566,0.0,0.0,0.0,0.0,,2,[],[],
long_rvos/a8b6fd5e4d/2/6,long_rvos,a8b6fd5e4d,2,6,static,oracle_identity,point,True,2,5,286,0,0.7240228418497542,0.03228180682265546,0.3781523243362048,0.0,0.0,0.0,0.0,,3,[],[],
long_rvos/a8b6fd5e4d/2/6,long_rvos,a8b6fd5e4d,2,6,static,oracle_identity,point,True,3,7,382,0,0.0,0.0,0.0,1.0,1.0,1.0,0.0,,4,[],[],
long_rvos/a8b6fd5e4d/2/6,long_rvos,a8b6fd5e4d,2,6,static,oracle_identity,box,True,0,1,95,0,0.932212570853727,0.8299320859925519,0.8810723284231394,0.9364558297672783,0.8791555627724966,0.9078056962698875,0.9612836499526779,"[0.10625, 0.3875, 0.8583333333333333, 0.6055555555555555]",,,,0
long_rvos/a8b6fd5e4d/2/6,long_rvos,a8b6fd5e4d,2,6,static,oracle_identity,box,True,1,3,191,0,0.9002808678152022,0.6036873752639111,0.7519841215395566,0.8786119959643136,0.5877165705902521,0.7331642832772829,0.9271758645372511,"[0.0, 0.325, 0.825, 0.49722222222222223]",,,,0
long_rvos/a8b6fd5e4d/2/6,long_rvos,a8b6fd5e4d,2,6,static,oracle_identity,box,True,2,5,286,0,0.7240228418497542,0.03228180682265546,0.3781523243362048,0.0,0.0,0.0,0.0,"[0.022916666666666665, 0.2263888888888889, 0.9770833333333333, 0.7736111111111111]",,,,
long_rvos/a8b6fd5e4d/2/6,long_rvos,a8b6fd5e4d,2,6,static,oracle_identity,box,True,3,7,382,0,0.0,0.0,0.0,0.0,0.0,0.0,0.9767482299615416,"[0.0, 0.0, 1.0, 1.0]",,,,0
long_rvos/8290c48fcb/9/17,long_rvos,8290c48fcb,9,17,dynamic,oracle_identity,point,True,0,1,131,1,0.9336065796259602,0.960442264268473,0.9470244219472166,0.0,0.0,0.0,0.0,,1,[],[],
long_rvos/8290c48fcb/9/17,long_rvos,8290c48fcb,9,17,dynamic,oracle_identity,point,True,1,3,263,1,0.9272759217212672,0.7436777685866852,0.8354768451539762,0.0,0.0,0.0,0.0,,2,[],[],
long_rvos/8290c48fcb/9/17,long_rvos,8290c48fcb,9,17,dynamic,oracle_identity,point,True,2,5,395,1,0.9125522364958985,0.9307699549096945,0.9216610957027964,0.0,0.0,0.0,0.0,,3,[],[],
long_rvos/8290c48fcb/9/17,long_rvos,8290c48fcb,9,17,dynamic,oracle_identity,point,True,3,7,527,1,1.0,1.0,1.0,1.0,1.0,1.0,1.0,,4,[],[],
long_rvos/8290c48fcb/9/17,long_rvos,8290c48fcb,9,17,dynamic,oracle_identity,box,True,0,1,131,1,0.9336065796259602,0.960442264268473,0.9470244219472166,0.9063425234279505,0.883328437029133,0.8948354802285418,0.9659164530576604,"[0.0, 0.16875, 0.4203125, 0.5708333333333333]",,,,0
long_rvos/8290c48fcb/9/17,long_rvos,8290c48fcb,9,17,dynamic,oracle_identity,box,True,1,3,263,1,0.9272759217212672,0.7436777685866852,0.8354768451539762,0.9134966833626641,0.5990802445747059,0.756288463968685,0.9768913993155068,"[0.0, 0.4, 0.546875, 0.6]",,,,0
long_rvos/8290c48fcb/9/17,long_rvos,8290c48fcb,9,17,dynamic,oracle_identity,box,True,2,5,395,1,0.9125522364958985,0.9307699549096945,0.9216610957027964,0.24585091420534458,0.26393814410067706,0.2548945291530108,0.25663681110304204,"[0.0, 0.0, 0.7703125, 0.625]",,,,0
long_rvos/8290c48fcb/9/17,long_rvos,8290c48fcb,9,17,dynamic,oracle_identity,box,True,3,7,527,1,1.0,1.0,1.0,1.0,1.0,1.0,1.0,,,,,
long_rvos/8290c48fcb/9/25,long_rvos,8290c48fcb,9,25,hybrid,oracle_identity,point,True,0,1,131,1,0.9336065796259602,0.960442264268473,0.9470244219472166,0.0,0.0,0.0,0.0,,1,[],[],
long_rvos/8290c48fcb/9/25,long_rvos,8290c48fcb,9,25,hybrid,oracle_identity,point,True,1,3,263,1,0.9272759217212672,0.7436777685866852,0.8354768451539762,0.0,0.0,0.0,0.0,,2,[],[],
long_rvos/8290c48fcb/9/25,long_rvos,8290c48fcb,9,25,hybrid,oracle_identity,point,True,2,5,395,1,0.9125522364958985,0.9307699549096945,0.9216610957027964,0.0,0.0,0.0,0.0,,3,[],[],
long_rvos/8290c48fcb/9/25,long_rvos,8290c48fcb,9,25,hybrid,oracle_identity,point,True,3,7,527,1,1.0,1.0,1.0,1.0,1.0,1.0,1.0,,4,[],[],
long_rvos/8290c48fcb/9/25,long_rvos,8290c48fcb,9,25,hybrid,oracle_identity,box,True,0,1,131,1,0.9336065796259602,0.960442264268473,0.9470244219472166,0.9063425234279505,0.883328437029133,0.8948354802285418,0.9659164530576604,"[0.0, 0.16875, 0.4203125, 0.5708333333333333]",,,,0
long_rvos/8290c48fcb/9/25,long_rvos,8290c48fcb,9,25,hybrid,oracle_identity,box,True,1,3,263,1,0.9272759217212672,0.7436777685866852,0.8354768451539762,0.9134966833626641,0.5990802445747059,0.756288463968685,0.9768913993155068,"[0.0, 0.4, 0.546875, 0.6]",,,,0
long_rvos/8290c48fcb/9/25,long_rvos,8290c48fcb,9,25,hybrid,oracle_identity,box,True,2,5,395,1,0.9125522364958985,0.9307699549096945,0.9216610957027964,0.24585091420534458,0.26393814410067706,0.2548945291530108,0.25663681110304204,"[0.0, 0.0, 0.7703125, 0.625]",,,,0
long_rvos/8290c48fcb/9/25,long_rvos,8290c48fcb,9,25,hybrid,oracle_identity,box,True,3,7,527,1,1.0,1.0,1.0,1.0,1.0,1.0,1.0,,,,,
long_rvos/8290c48fcb/9/16,long_rvos,8290c48fcb,9,16,static,oracle_identity,point,True,0,1,131,1,0.9336065796259602,0.960442264268473,0.9470244219472166,0.0,0.0,0.0,0.0,,1,[],[],
long_rvos/8290c48fcb/9/16,long_rvos,8290c48fcb,9,16,static,oracle_identity,point,True,1,3,263,1,0.9272759217212672,0.7436777685866852,0.8354768451539762,0.0,0.0,0.0,0.0,,2,[],[],
long_rvos/8290c48fcb/9/16,long_rvos,8290c48fcb,9,16,static,oracle_identity,point,True,2,5,395,1,0.9125522364958985,0.9307699549096945,0.9216610957027964,0.0,0.0,0.0,0.0,,3,[],[],
long_rvos/8290c48fcb/9/16,long_rvos,8290c48fcb,9,16,static,oracle_identity,point,True,3,7,527,1,1.0,1.0,1.0,1.0,1.0,1.0,1.0,,4,[],[],
long_rvos/8290c48fcb/9/16,long_rvos,8290c48fcb,9,16,static,oracle_identity,box,True,0,1,131,1,0.9336065796259602,0.960442264268473,0.9470244219472166,0.9063425234279505,0.883328437029133,0.8948354802285418,0.9659164530576604,"[0.0, 0.16875, 0.4203125, 0.5708333333333333]",,,,0
long_rvos/8290c48fcb/9/16,long_rvos,8290c48fcb,9,16,static,oracle_identity,box,True,1,3,263,1,0.9272759217212672,0.7436777685866852,0.8354768451539762,0.9134966833626641,0.5990802445747059,0.756288463968685,0.9768913993155068,"[0.0, 0.4, 0.546875, 0.6]",,,,0
long_rvos/8290c48fcb/9/16,long_rvos,8290c48fcb,9,16,static,oracle_identity,box,True,2,5,395,1,0.9125522364958985,0.9307699549096945,0.9216610957027964,0.24585091420534458,0.26393814410067706,0.2548945291530108,0.25663681110304204,"[0.0, 0.0, 0.7703125, 0.625]",,,,0
long_rvos/8290c48fcb/9/16,long_rvos,8290c48fcb,9,16,static,oracle_identity,box,True,3,7,527,1,1.0,1.0,1.0,1.0,1.0,1.0,1.0,,,,,
long_rvos/30f4d962f9/1/1,long_rvos,30f4d962f9,1,1,dynamic,oracle_identity,point,True,0,1,113,1,0.7980745992105052,0.7312374113319905,0.7646560052712479,0.0,0.0,0.0,0.0,,1,[],[],
long_rvos/30f4d962f9/1/1,long_rvos,30f4d962f9,1,1,dynamic,oracle_identity,point,True,1,3,227,1,0.9100311476719112,0.8253666485605649,0.867698898116238,0.0,0.0,0.0,0.0,,2,[],[],
long_rvos/30f4d962f9/1/1,long_rvos,30f4d962f9,1,1,dynamic,oracle_identity,point,True,2,5,340,1,0.8271496395287498,0.7801534266702456,0.8036515330994977,0.0,0.0,0.0,0.0,,3,[],[],
long_rvos/30f4d962f9/1/1,long_rvos,30f4d962f9,1,1,dynamic,oracle_identity,point,True,3,7,454,1,0.9587893462469733,0.9128205128205129,0.9358049295337432,0.0,0.0,0.0,0.0,,4,[],[],
long_rvos/30f4d962f9/1/1,long_rvos,30f4d962f9,1,1,dynamic,oracle_identity,box,True,0,1,113,1,0.7980745992105052,0.7312374113319905,0.7646560052712479,0.7905800852012581,0.702806217658392,0.7466931514298251,0.9609310861061476,"[0.408, 0.48663101604278075, 0.416, 0.5133689839572193]",,,,0
long_rvos/30f4d962f9/1/1,long_rvos,30f4d962f9,1,1,dynamic,oracle_identity,box,True,1,3,227,1,0.9100311476719112,0.8253666485605649,0.867698898116238,0.9141126737663604,0.8035516144118698,0.8588321440891151,0.9130574013289569,"[0.274, 0.516042780748663, 0.54, 0.4839572192513369]",,,,0
long_rvos/30f4d962f9/1/1,long_rvos,30f4d962f9,1,1,dynamic,oracle_identity,box,True,2,5,340,1,0.8271496395287498,0.7801534266702456,0.8036515330994977,0.8286607142857143,0.8187833511205976,0.823722032703156,0.9707461084272678,"[0.38, 0.5026737967914439, 0.346, 0.3155080213903743]",,,,0
long_rvos/30f4d962f9/1/1,long_rvos,30f4d962f9,1,1,dynamic,oracle_identity,box,True,3,7,454,1,0.9587893462469733,0.9128205128205129,0.9358049295337432,0.9772248419785291,0.9528957528957528,0.965060297437141,0.9495057700735259,"[0.406, 0.6283422459893048, 0.496, 0.3716577540106952]",,,,0
long_rvos/30f4d962f9/1/4,long_rvos,30f4d962f9,1,4,hybrid,oracle_identity,point,True,0,1,113,1,0.7980745992105052,0.7312374113319905,0.7646560052712479,0.0,0.0,0.0,0.0,,1,[],[],
long_rvos/30f4d962f9/1/4,long_rvos,30f4d962f9,1,4,hybrid,oracle_identity,point,True,1,3,227,1,0.9100311476719112,0.8253666485605649,0.867698898116238,0.0,0.0,0.0,0.0,,2,[],[],
long_rvos/30f4d962f9/1/4,long_rvos,30f4d962f9,1,4,hybrid,oracle_identity,point,True,2,5,340,1,0.8271496395287498,0.7801534266702456,0.8036515330994977,0.0,0.0,0.0,0.0,,3,[],[],
long_rvos/30f4d962f9/1/4,long_rvos,30f4d962f9,1,4,hybrid,oracle_identity,point,True,3,7,454,1,0.9587893462469733,0.9128205128205129,0.9358049295337432,0.0,0.0,0.0,0.0,,4,[],[],
long_rvos/30f4d962f9/1/4,long_rvos,30f4d962f9,1,4,hybrid,oracle_identity,box,True,0,1,113,1,0.7980745992105052,0.7312374113319905,0.7646560052712479,0.7905800852012581,0.702806217658392,0.7466931514298251,0.9609310861061476,"[0.408, 0.48663101604278075, 0.416, 0.5133689839572193]",,,,0
long_rvos/30f4d962f9/1/4,long_rvos,30f4d962f9,1,4,hybrid,oracle_identity,box,True,1,3,227,1,0.9100311476719112,0.8253666485605649,0.867698898116238,0.9141126737663604,0.8035516144118698,0.8588321440891151,0.9130574013289569,"[0.274, 0.516042780748663, 0.54, 0.4839572192513369]",,,,0
long_rvos/30f4d962f9/1/4,long_rvos,30f4d962f9,1,4,hybrid,oracle_identity,box,True,2,5,340,1,0.8271496395287498,0.7801534266702456,0.8036515330994977,0.8286607142857143,0.8187833511205976,0.823722032703156,0.9707461084272678,"[0.38, 0.5026737967914439, 0.346, 0.3155080213903743]",,,,0
long_rvos/30f4d962f9/1/4,long_rvos,30f4d962f9,1,4,hybrid,oracle_identity,box,True,3,7,454,1,0.9587893462469733,0.9128205128205129,0.9358049295337432,0.9772248419785291,0.9528957528957528,0.965060297437141,0.9495057700735259,"[0.406, 0.6283422459893048, 0.496, 0.3716577540106952]",,,,0
long_rvos/30f4d962f9/1/0,long_rvos,30f4d962f9,1,0,static,oracle_identity,point,True,0,1,113,0,0.8551968503937007,0.8375123157661913,0.846354583079946,0.0,0.0,0.0,0.0,,1,[],[],
long_rvos/30f4d962f9/1/0,long_rvos,30f4d962f9,1,0,static,oracle_identity,point,True,1,3,227,0,0.6416355657630316,0.6230911563412622,0.6323633610521469,0.0,0.0,0.0,0.0,,2,[],[],
long_rvos/30f4d962f9/1/0,long_rvos,30f4d962f9,1,0,static,oracle_identity,point,True,2,5,340,0,0.38640615256703387,0.4285485535352097,0.40747735305112176,0.0,0.0,0.0,0.0,,3,[],[],
long_rvos/30f4d962f9/1/0,long_rvos,30f4d962f9,1,0,static,oracle_identity,point,True,3,7,454,0,0.6531346865313469,0.65689646632803,0.6550155764296884,0.0,0.0,0.0,0.0,,4,[],[],
long_rvos/30f4d962f9/1/0,long_rvos,30f4d962f9,1,0,static,oracle_identity,box,True,0,1,113,0,0.8551968503937007,0.8375123157661913,0.846354583079946,0.8171895811750777,0.5291375572262941,0.6731635692006859,0.7965992087644552,"[0.386, 0.3609625668449198, 0.438, 0.6390374331550802]",,,,0
long_rvos/30f4d962f9/1/0,long_rvos,30f4d962f9,1,0,static,oracle_identity,box,True,1,3,227,0,0.6416355657630316,0.6230911563412622,0.6323633610521469,0.0,0.0,0.0,0.0,"[0.272, 0.40641711229946526, 0.248, 0.5935828877005348]",,,,
long_rvos/30f4d962f9/1/0,long_rvos,30f4d962f9,1,0,static,oracle_identity,box,True,2,5,340,0,0.38640615256703387,0.4285485535352097,0.40747735305112176,0.0,0.0,0.0,0.0,"[0.38, 0.5026737967914439, 0.168, 0.20320855614973263]",,,,
long_rvos/30f4d962f9/1/0,long_rvos,30f4d962f9,1,0,static,oracle_identity,box,True,3,7,454,0,0.6531346865313469,0.65689646632803,0.6550155764296884,0.0,0.0,0.0,0.0,"[0.406, 0.6283422459893048, 0.256, 0.3716577540106952]",,,,
long_rvos/976257d833/1/1,long_rvos,976257d833,1,1,dynamic,oracle_identity,point,True,0,1,94,0,0.9948288923289746,1.0,0.9974144461644874,0.0,0.0,0.0,0.0,,1,[],[],
long_rvos/976257d833/1/1,long_rvos,976257d833,1,1,dynamic,oracle_identity,point,True,1,3,189,0,0.9529566271551724,0.9241283388359676,0.93854248299557,0.0,0.0,0.0,0.0,,2,[],[],
long_rvos/976257d833/1/1,long_rvos,976257d833,1,1,dynamic,oracle_identity,point,True,2,5,283,0,0.9917668694299052,0.9809312638580931,0.9863490666439991,0.0,0.0,0.0,0.0,,3,[],[],
long_rvos/976257d833/1/1,long_rvos,976257d833,1,1,dynamic,oracle_identity,point,True,3,7,378,0,0.9799348192338498,0.9934264585045194,0.9866806388691847,0.0,0.0,0.0,0.0,,4,[],[],
long_rvos/84dc481247/3/9,long_rvos,84dc481247,3,9,dynamic,predicted_static,point,False,0,1,81,5,0.012796229903718235,0.2737567125846369,0.14327647124417758,0.0,0.0,0.0,0.0,,1,[],[],
long_rvos/84dc481247/3/9,long_rvos,84dc481247,3,9,dynamic,predicted_static,point,False,1,3,163,0,0.0,0.0,0.0,0.0,0.0,0.0,0.0,,2,[],[],
long_rvos/84dc481247/3/9,long_rvos,84dc481247,3,9,dynamic,predicted_static,point,False,2,5,244,13,0.0,0.0,0.0,1.0,1.0,1.0,0.0,,3,[],[],
long_rvos/84dc481247/3/9,long_rvos,84dc481247,3,9,dynamic,predicted_static,point,False,3,7,326,0,0.0,0.0,0.0,1.0,1.0,1.0,0.0,,4,[],[],
long_rvos/84dc481247/3/9,long_rvos,84dc481247,3,9,dynamic,predicted_static,box,False,0,1,81,5,0.012796229903718235,0.2737567125846369,0.14327647124417758,0.0,0.0,0.0,0.0,"[0.018, 0.2192513368983957, 0.598, 0.7807486631016043]",,,,
long_rvos/84dc481247/3/9,long_rvos,84dc481247,3,9,dynamic,predicted_static,box,False,1,3,163,0,0.0,0.0,0.0,0.0,0.0,0.0,0.990494530257713,"[0.0, 0.1657754010695187, 0.196, 0.8342245989304813]",,,,0
long_rvos/84dc481247/3/9,long_rvos,84dc481247,3,9,dynamic,predicted_static,box,False,2,5,244,13,0.0,0.0,0.0,0.0,0.0,0.0,0.98321454739226,"[0.662, 0.0, 0.294, 0.6283422459893048]",,,,0
long_rvos/84dc481247/3/9,long_rvos,84dc481247,3,9,dynamic,predicted_static,box,False,3,7,326,0,0.0,0.0,0.0,0.0,0.0,0.0,0.9837010355695632,"[0.37, 0.27807486631016043, 0.234, 0.7219251336898396]",,,,0
long_rvos/84dc481247/3/10,long_rvos,84dc481247,3,10,static,predicted_static,point,False,0,1,81,5,0.012796229903718235,0.2737567125846369,0.14327647124417758,0.0,0.0,0.0,0.0,,1,[],[],
long_rvos/84dc481247/3/10,long_rvos,84dc481247,3,10,static,predicted_static,point,False,1,3,163,1,0.0,0.0,0.0,0.0,0.0,0.0,1.0,,2,[],[],
long_rvos/84dc481247/3/10,long_rvos,84dc481247,3,10,static,predicted_static,point,False,2,5,244,0,1.0,1.0,1.0,1.0,1.0,1.0,1.0,,3,[],[],
long_rvos/84dc481247/3/10,long_rvos,84dc481247,3,10,static,predicted_static,point,False,3,7,326,0,0.0,0.0,0.0,1.0,1.0,1.0,0.0,,4,[],[],
long_rvos/84dc481247/3/10,long_rvos,84dc481247,3,10,static,predicted_static,box,False,0,1,81,5,0.012796229903718235,0.2737567125846369,0.14327647124417758,0.0,0.0,0.0,0.0,"[0.018, 0.2192513368983957, 0.598, 0.7807486631016043]",,,,
long_rvos/84dc481247/3/10,long_rvos,84dc481247,3,10,static,predicted_static,box,False,1,3,163,1,0.0,0.0,0.0,0.0,0.0,0.0,1.0,,,,,
long_rvos/84dc481247/3/10,long_rvos,84dc481247,3,10,static,predicted_static,box,False,2,5,244,0,1.0,1.0,1.0,1.0,1.0,1.0,1.0,,,,,
long_rvos/84dc481247/3/10,long_rvos,84dc481247,3,10,static,predicted_static,box,False,3,7,326,0,0.0,0.0,0.0,0.0,0.0,0.0,0.9837010355695632,"[0.37, 0.27807486631016043, 0.234, 0.7219251336898396]",,,,0
long_rvos/9bc92f09e0/1/1,long_rvos,9bc92f09e0,1,1,dynamic,predicted_static,point,False,0,1,134,0,1.0,1.0,1.0,1.0,1.0,1.0,1.0,,1,[],[],
long_rvos/9bc92f09e0/1/1,long_rvos,9bc92f09e0,1,1,dynamic,predicted_static,point,False,1,3,269,2,0.3984101005377601,0.328959758930253,0.36368492973400657,0.0,0.0,0.0,0.0,,2,[],[],
long_rvos/9bc92f09e0/1/1,long_rvos,9bc92f09e0,1,1,dynamic,predicted_static,point,False,2,5,404,2,0.9218782901663508,1.0,0.9609391450831755,0.0,0.0,0.0,0.0,,3,[],[],
long_rvos/9bc92f09e0/1/1,long_rvos,9bc92f09e0,1,1,dynamic,predicted_static,point,False,3,7,539,0,1.0,1.0,1.0,1.0,1.0,1.0,1.0,,4,[],[],
long_rvos/9bc92f09e0/1/1,long_rvos,9bc92f09e0,1,1,dynamic,predicted_static,box,False,0,1,134,0,1.0,1.0,1.0,1.0,1.0,1.0,1.0,,,,,
long_rvos/9bc92f09e0/1/1,long_rvos,9bc92f09e0,1,1,dynamic,predicted_static,box,False,1,3,269,2,0.3984101005377601,0.328959758930253,0.36368492973400657,0.0,0.0,0.0,0.0,"[0.421875, 0.20833333333333334, 0.096875, 0.3416666666666667]",,,,
long_rvos/9bc92f09e0/1/1,long_rvos,9bc92f09e0,1,1,dynamic,predicted_static,box,False,2,5,404,2,0.9218782901663508,1.0,0.9609391450831755,0.9343587521663779,1.0,0.9671793760831889,0.9488611946712505,"[0.7984375, 0.3138888888888889, 0.18125, 0.35555555555555557]",,,,0
long_rvos/9bc92f09e0/1/1,long_rvos,9bc92f09e0,1,1,dynamic,predicted_static,box,False,3,7,539,0,1.0,1.0,1.0,1.0,1.0,1.0,1.0,,,,,
long_rvos/9bc92f09e0/1/8,long_rvos,9bc92f09e0,1,8,hybrid,predicted_static,point,False,0,1,134,0,0.0,0.0,0.0,1.0,1.0,1.0,0.0,,1,[],[],
long_rvos/9bc92f09e0/1/8,long_rvos,9bc92f09e0,1,8,hybrid,predicted_static,point,False,1,3,269,1,0.396091515729266,0.3428197164648962,0.3694556160970811,0.0,0.0,0.0,0.0,,2,[],[],
long_rvos/9bc92f09e0/1/8,long_rvos,9bc92f09e0,1,8,hybrid,predicted_static,point,False,2,5,404,1,0.9229307432432432,1.0,0.9614653716216216,0.0,0.0,0.0,0.0,,3,[],[],
long_rvos/9bc92f09e0/1/8,long_rvos,9bc92f09e0,1,8,hybrid,predicted_static,point,False,3,7,539,0,0.0,0.0,0.0,1.0,1.0,1.0,0.0,,4,[],[],
long_rvos/9bc92f09e0/1/8,long_rvos,9bc92f09e0,1,8,hybrid,predicted_static,box,False,0,1,134,0,0.0,0.0,0.0,1.0,1.0,1.0,0.0,"[0.1234375, 0.3277777777777778, 0.115625, 0.46944444444444444]",,,,
long_rvos/9bc92f09e0/1/8,long_rvos,9bc92f09e0,1,8,hybrid,predicted_static,box,False,1,3,269,1,0.396091515729266,0.3428197164648962,0.3694556160970811,0.0,0.0,0.0,0.0,"[0.421875, 0.20833333333333334, 0.0984375, 0.3388888888888889]",,,,
long_rvos/9bc92f09e0/1/8,long_rvos,9bc92f09e0,1,8,hybrid,predicted_static,box,False,2,5,404,1,0.9229307432432432,1.0,0.9614653716216216,0.9343587521663779,1.0,0.9671793760831889,0.949590693666523,"[0.7984375, 0.3138888888888889, 0.18125, 0.35555555555555557]",,,,0
long_rvos/9bc92f09e0/1/8,long_rvos,9bc92f09e0,1,8,hybrid,predicted_static,box,False,3,7,539,0,0.0,0.0,0.0,1.0,1.0,1.0,0.0,"[0.925, 0.26666666666666666, 0.075, 0.35833333333333334]",,,,
long_rvos/9bc92f09e0/1/2,long_rvos,9bc92f09e0,1,2,static,predicted_static,point,False,0,1,134,1,1.0,1.0,1.0,1.0,1.0,1.0,1.0,,1,[],[],
long_rvos/9bc92f09e0/1/2,long_rvos,9bc92f09e0,1,2,static,predicted_static,point,False,1,3,269,1,0.398964949423665,0.33204633204633205,0.3655056407349985,0.0,0.0,0.0,0.0,,2,[],[],
long_rvos/9bc92f09e0/1/2,long_rvos,9bc92f09e0,1,2,static,predicted_static,point,False,2,5,404,1,0.9407311269738265,1.0,0.9703655634869133,0.0,0.0,0.0,0.0,,3,[],[],
long_rvos/9bc92f09e0/1/2,long_rvos,9bc92f09e0,1,2,static,predicted_static,point,False,3,7,539,0,0.0,0.0,0.0,1.0,1.0,1.0,0.0,,4,[],[],
long_rvos/9bc92f09e0/1/2,long_rvos,9bc92f09e0,1,2,static,predicted_static,box,False,0,1,134,1,1.0,1.0,1.0,1.0,1.0,1.0,1.0,,,,,
long_rvos/9bc92f09e0/1/2,long_rvos,9bc92f09e0,1,2,static,predicted_static,box,False,1,3,269,1,0.398964949423665,0.33204633204633205,0.3655056407349985,0.0,0.0,0.0,0.0,"[0.421875, 0.20833333333333334, 0.096875, 0.3416666666666667]",,,,
long_rvos/9bc92f09e0/1/2,long_rvos,9bc92f09e0,1,2,static,predicted_static,box,False,2,5,404,1,0.9407311269738265,1.0,0.9703655634869133,0.9307425097698654,0.9948006932409013,0.9627716015053833,0.9696095829636202,"[0.7984375, 0.3138888888888889, 0.1734375, 0.35555555555555557]",,,,0
long_rvos/9bc92f09e0/1/2,long_rvos,9bc92f09e0,1,2,static,predicted_static,box,False,3,7,539,0,0.0,0.0,0.0,1.0,1.0,1.0,0.0,"[0.925, 0.26666666666666666, 0.075, 0.3611111111111111]",,,,
long_rvos/9c1297ecd3/2/7,long_rvos,9c1297ecd3,2,7,dynamic,predicted_static,point,False,0,1,109,3,0.00029529884242853767,0.045180722891566265,0.0227380108669974,0.0,0.0,0.0,0.0,,1,[],[],
long_rvos/9c1297ecd3/2/7,long_rvos,9c1297ecd3,2,7,dynamic,predicted_static,point,False,1,3,218,1,0.0,0.0,0.0,0.0,0.0,0.0,0.0,,2,[],[],
long_rvos/9c1297ecd3/2/7,long_rvos,9c1297ecd3,2,7,dynamic,predicted_static,point,False,2,5,327,7,0.0,0.0,0.0,0.0,0.0,0.0,0.0,,3,[],[],
long_rvos/9c1297ecd3/2/7,long_rvos,9c1297ecd3,2,7,dynamic,predicted_static,point,False,3,7,436,0,0.0,0.0,0.0,1.0,1.0,1.0,0.0,,4,[],[],
long_rvos/9c1297ecd3/2/7,long_rvos,9c1297ecd3,2,7,dynamic,predicted_static,box,False,0,1,109,3,0.00029529884242853767,0.045180722891566265,0.0227380108669974,0.00031446354299547293,0.04469246455741027,0.022503464050202874,0.9906506372220215,"[0.0, 0.0, 0.4734375, 1.0]",,,,0
long_rvos/9c1297ecd3/2/7,long_rvos,9c1297ecd3,2,7,dynamic,predicted_static,box,False,1,3,218,1,0.0,0.0,0.0,0.0,0.0,0.0,0.0,"[0.0, 0.041666666666666664, 0.3984375, 0.9583333333333334]",,,,
long_rvos/9c1297ecd3/2/7,long_rvos,9c1297ecd3,2,7,dynamic,predicted_static,box,False,2,5,327,7,0.0,0.0,0.0,0.0,0.0,0.0,0.0,"[0.7515625, 0.125, 0.2484375, 0.875]",,,,
long_rvos/9c1297ecd3/2/7,long_rvos,9c1297ecd3,2,7,dynamic,predicted_static,box,False,3,7,436,0,0.0,0.0,0.0,0.0,0.0,0.0,0.9946633075954114,"[0.1015625, 0.07083333333333333, 0.50625, 0.9291666666666667]",,,,0
long_rvos/9c1297ecd3/2/11,long_rvos,9c1297ecd3,2,11,hybrid,predicted_static,point,False,0,1,109,0,0.8720632611272766,0.4181018097201903,0.6450825354237335,0.0,0.0,0.0,0.0,,1,[],[],
long_rvos/9c1297ecd3/2/11,long_rvos,9c1297ecd3,2,11,hybrid,predicted_static,point,False,1,3,218,0,0.989305553418376,1.0,0.994652776709188,0.0,0.0,0.0,0.0,,2,[],[],
long_rvos/9c1297ecd3/2/11,long_rvos,9c1297ecd3,2,11,hybrid,predicted_static,point,False,2,5,327,0,0.931984188914331,0.9449021764042101,0.9384431826592705,0.0,0.0,0.0,0.0,,3,[],[],
long_rvos/9c1297ecd3/2/11,long_rvos,9c1297ecd3,2,11,hybrid,predicted_static,point,False,3,7,436,0,0.0,0.0,0.0,1.0,1.0,1.0,0.0,,4,[],[],
long_rvos/9c1297ecd3/2/11,long_rvos,9c1297ecd3,2,11,hybrid,predicted_static,box,False,0,1,109,0,0.8720632611272766,0.4181018097201903,0.6450825354237335,0.02019864910637789,0.2563786710898624,0.13828866009812013,0.0,"[0.115625, 0.0, 0.884375, 1.0]",,,,0
long_rvos/9c1297ecd3/2/11,long_rvos,9c1297ecd3,2,11,hybrid,predicted_static,box,False,1,3,218,0,0.989305553418376,1.0,0.994652776709188,0.9868117324797636,0.9624060150375939,0.9746088737586788,0.9952508807598591,"[0.7265625, 0.05625, 0.2734375, 0.94375]",,,,0
long_rvos/9c1297ecd3/2/11,long_rvos,9c1297ecd3,2,11,hybrid,predicted_static,box,False,2,5,327,0,0.931984188914331,0.9449021764042101,0.9384431826592705,0.910451923686379,0.8549421749033526,0.8826970492948658,0.969639096367418,"[0.03125, 0.125, 0.4734375, 0.875]",,,,0
long_rvos/9c1297ecd3/2/11,long_rvos,9c1297ecd3,2,11,hybrid,predicted_static,box,False,3,7,436,0,0.0,0.0,0.0,0.0,0.0,0.0,0.9946633075954114,"[0.1015625, 0.07083333333333333, 0.50625, 0.9291666666666667]",,,,0
long_rvos/9c1297ecd3/2/6,long_rvos,9c1297ecd3,2,6,static,predicted_static,point,False,0,1,109,0,0.8720632611272766,0.4181018097201903,0.6450825354237335,0.0,0.0,0.0,0.0,,1,[],[],
long_rvos/9c1297ecd3/2/6,long_rvos,9c1297ecd3,2,6,static,predicted_static,point,False,1,3,218,0,0.989305553418376,1.0,0.994652776709188,0.0,0.0,0.0,0.0,,2,[],[],
long_rvos/9c1297ecd3/2/6,long_rvos,9c1297ecd3,2,6,static,predicted_static,point,False,2,5,327,0,0.931984188914331,0.9449021764042101,0.9384431826592705,0.0,0.0,0.0,0.0,,3,[],[],
long_rvos/9c1297ecd3/2/6,long_rvos,9c1297ecd3,2,6,static,predicted_static,point,False,3,7,436,0,0.0,0.0,0.0,1.0,1.0,1.0,0.0,,4,[],[],
long_rvos/9c1297ecd3/2/6,long_rvos,9c1297ecd3,2,6,static,predicted_static,box,False,0,1,109,0,0.8720632611272766,0.4181018097201903,0.6450825354237335,0.02019864910637789,0.2563786710898624,0.13828866009812013,0.0,"[0.115625, 0.0, 0.884375, 1.0]",,,,0
long_rvos/9c1297ecd3/2/6,long_rvos,9c1297ecd3,2,6,static,predicted_static,box,False,1,3,218,0,0.989305553418376,1.0,0.994652776709188,0.9868117324797636,0.9624060150375939,0.9746088737586788,0.9952508807598591,"[0.7265625, 0.05625, 0.2734375, 0.94375]",,,,0
long_rvos/9c1297ecd3/2/6,long_rvos,9c1297ecd3,2,6,static,predicted_static,box,False,2,5,327,0,0.931984188914331,0.9449021764042101,0.9384431826592705,0.910451923686379,0.8549421749033526,0.8826970492948658,0.969639096367418,"[0.03125, 0.125, 0.4734375, 0.875]",,,,0
long_rvos/9c1297ecd3/2/6,long_rvos,9c1297ecd3,2,6,static,predicted_static,box,False,3,7,436,0,0.0,0.0,0.0,0.0,0.0,0.0,0.9946633075954114,"[0.1015625, 0.07083333333333333, 0.50625, 0.9291666666666667]",,,,0
long_rvos/af7297f0db/1/6,long_rvos,af7297f0db,1,6,hybrid,predicted_static,point,False,0,1,114,5,0.636897001303781,0.8562502711849698,0.7465736362443753,0.0,0.0,0.0,0.0,,1,[],[],
long_rvos/af7297f0db/1/6,long_rvos,af7297f0db,1,6,hybrid,predicted_static,point,False,1,3,228,16,0.4566709175927613,0.4834152029187197,0.4700430602557405,0.0,0.0,0.0,0.0,,2,[],[],
long_rvos/af7297f0db/1/6,long_rvos,af7297f0db,1,6,hybrid,predicted_static,point,False,2,5,342,0,0.0,0.0,0.0,0.0,0.0,0.0,1.0,,3,[],[],
long_rvos/af7297f0db/1/6,long_rvos,af7297f0db,1,6,hybrid,predicted_static,point,False,3,7,457,0,0.9385206532180596,0.9439700161305628,0.9412453346743112,0.0,0.0,0.0,0.0,,4,[],[],
long_rvos/af7297f0db/1/6,long_rvos,af7297f0db,1,6,hybrid,predicted_static,box,False,0,1,114,5,0.636897001303781,0.8562502711849698,0.7465736362443753,0.6179554390563565,0.8336479066575154,0.725801672856936,0.9304635761589404,"[0.259375, 0.2625, 0.1, 0.4041666666666667]",,,,0
long_rvos/af7297f0db/1/6,long_rvos,af7297f0db,1,6,hybrid,predicted_static,box,False,1,3,228,16,0.4566709175927613,0.4834152029187197,0.4700430602557405,0.7467386687700989,0.5337545322581676,0.6402466005141332,0.6043181818181819,"[0.296875, 0.1125, 0.528125, 0.875]",,,,0
long_rvos/af7297f0db/1/6,long_rvos,af7297f0db,1,6,hybrid,predicted_static,box,False,2,5,342,0,0.0,0.0,0.0,0.0,0.0,0.0,1.0,,,,,
long_rvos/af7297f0db/1/6,long_rvos,af7297f0db,1,6,hybrid,predicted_static,box,False,3,7,457,0,0.9385206532180596,0.9439700161305628,0.9412453346743112,0.9228585278027838,0.9214746822675005,0.9221666050351421,0.9649593783115507,"[0.196875, 0.5708333333333333, 0.61875, 0.425]",,,,0
long_rvos/c5c9b749d4/2/5,long_rvos,c5c9b749d4,2,5,dynamic,predicted_static,point,False,0,1,118,0,1.0,1.0,1.0,1.0,1.0,1.0,1.0,,1,[],[],
long_rvos/c5c9b749d4/2/5,long_rvos,c5c9b749d4,2,5,dynamic,predicted_static,point,False,1,3,237,0,1.0,1.0,1.0,1.0,1.0,1.0,1.0,,2,[],[],
long_rvos/c5c9b749d4/2/5,long_rvos,c5c9b749d4,2,5,dynamic,predicted_static,point,False,2,5,355,0,0.9449724989227689,0.8498866213151927,0.8974295601189808,0.0,0.0,0.0,0.0,,3,[],[],
long_rvos/c5c9b749d4/2/5,long_rvos,c5c9b749d4,2,5,dynamic,predicted_static,point,False,3,7,474,0,1.0,1.0,1.0,1.0,1.0,1.0,1.0,,4,[],[],
long_rvos/c5c9b749d4/2/5,long_rvos,c5c9b749d4,2,5,dynamic,predicted_static,box,False,0,1,118,0,1.0,1.0,1.0,1.0,1.0,1.0,1.0,,,,,
long_rvos/c5c9b749d4/2/5,long_rvos,c5c9b749d4,2,5,dynamic,predicted_static,box,False,1,3,237,0,1.0,1.0,1.0,1.0,1.0,1.0,1.0,,,,,
long_rvos/c5c9b749d4/2/5,long_rvos,c5c9b749d4,2,5,dynamic,predicted_static,box,False,2,5,355,0,0.9449724989227689,0.8498866213151927,0.8974295601189808,0.9551530832255283,0.8698060941828256,0.912479588704177,0.9801212057886213,"[0.6854166666666667, 0.022222222222222223, 0.3145833333333333, 0.9777777777777777]",,,,0
long_rvos/c5c9b749d4/2/5,long_rvos,c5c9b749d4,2,5,dynamic,predicted_static,box,False,3,7,474,0,1.0,1.0,1.0,1.0,1.0,1.0,1.0,,,,,
long_rvos/c5c9b749d4/2/10,long_rvos,c5c9b749d4,2,10,hybrid,predicted_static,point,False,0,1,118,0,1.0,1.0,1.0,1.0,1.0,1.0,1.0,,1,[],[],
long_rvos/c5c9b749d4/2/10,long_rvos,c5c9b749d4,2,10,hybrid,predicted_static,point,False,1,3,237,0,1.0,1.0,1.0,1.0,1.0,1.0,1.0,,2,[],[],
long_rvos/c5c9b749d4/2/10,long_rvos,c5c9b749d4,2,10,hybrid,predicted_static,point,False,2,5,355,0,0.9449724989227689,0.8498866213151927,0.8974295601189808,0.0,0.0,0.0,0.0,,3,[],[],
long_rvos/c5c9b749d4/2/10,long_rvos,c5c9b749d4,2,10,hybrid,predicted_static,point,False,3,7,474,0,1.0,1.0,1.0,1.0,1.0,1.0,1.0,,4,[],[],
long_rvos/c5c9b749d4/2/10,long_rvos,c5c9b749d4,2,10,hybrid,predicted_static,box,False,0,1,118,0,1.0,1.0,1.0,1.0,1.0,1.0,1.0,,,,,
long_rvos/c5c9b749d4/2/10,long_rvos,c5c9b749d4,2,10,hybrid,predicted_static,box,False,1,3,237,0,1.0,1.0,1.0,1.0,1.0,1.0,1.0,,,,,
long_rvos/c5c9b749d4/2/10,long_rvos,c5c9b749d4,2,10,hybrid,predicted_static,box,False,2,5,355,0,0.9449724989227689,0.8498866213151927,0.8974295601189808,0.9551530832255283,0.8698060941828256,0.912479588704177,0.9801212057886213,"[0.6854166666666667, 0.022222222222222223, 0.3145833333333333, 0.9777777777777777]",,,,0
long_rvos/c5c9b749d4/2/10,long_rvos,c5c9b749d4,2,10,hybrid,predicted_static,box,False,3,7,474,0,1.0,1.0,1.0,1.0,1.0,1.0,1.0,,,,,
long_rvos/c5c9b749d4/2/4,long_rvos,c5c9b749d4,2,4,static,predicted_static,point,False,0,1,118,0,1.0,1.0,1.0,1.0,1.0,1.0,1.0,,1,[],[],
long_rvos/c5c9b749d4/2/4,long_rvos,c5c9b749d4,2,4,static,predicted_static,point,False,1,3,237,0,1.0,1.0,1.0,1.0,1.0,1.0,1.0,,2,[],[],
long_rvos/c5c9b749d4/2/4,long_rvos,c5c9b749d4,2,4,static,predicted_static,point,False,2,5,355,0,0.9449724989227689,0.8498866213151927,0.8974295601189808,0.0,0.0,0.0,0.0,,3,[],[],
long_rvos/c5c9b749d4/2/4,long_rvos,c5c9b749d4,2,4,static,predicted_static,point,False,3,7,474,0,1.0,1.0,1.0,1.0,1.0,1.0,1.0,,4,[],[],
long_rvos/c5c9b749d4/2/4,long_rvos,c5c9b749d4,2,4,static,predicted_static,box,False,0,1,118,0,1.0,1.0,1.0,1.0,1.0,1.0,1.0,,,,,
long_rvos/c5c9b749d4/2/4,long_rvos,c5c9b749d4,2,4,static,predicted_static,box,False,1,3,237,0,1.0,1.0,1.0,1.0,1.0,1.0,1.0,,,,,
long_rvos/c5c9b749d4/2/4,long_rvos,c5c9b749d4,2,4,static,predicted_static,box,False,2,5,355,0,0.9449724989227689,0.8498866213151927,0.8974295601189808,0.9551530832255283,0.8698060941828256,0.912479588704177,0.9801212057886213,"[0.6854166666666667, 0.022222222222222223, 0.3145833333333333, 0.9777777777777777]",,,,0
long_rvos/c5c9b749d4/2/4,long_rvos,c5c9b749d4,2,4,static,predicted_static,box,False,3,7,474,0,1.0,1.0,1.0,1.0,1.0,1.0,1.0,,,,,
long_rvos/6fb7a04167/12/5,long_rvos,6fb7a04167,12,5,dynamic,predicted_static,point,False,0,1,74,3,0.0,0.0,0.0,1.0,1.0,1.0,0.0,,1,[],[],
long_rvos/6fb7a04167/12/5,long_rvos,6fb7a04167,12,5,dynamic,predicted_static,point,False,1,3,148,3,0.0,0.0,0.0,1.0,1.0,1.0,0.0,,2,[],[],
long_rvos/6fb7a04167/12/5,long_rvos,6fb7a04167,12,5,dynamic,predicted_static,point,False,2,5,222,4,0.0,0.0,0.0,0.0,0.0,0.0,1.0,,3,[],[],
long_rvos/6fb7a04167/12/5,long_rvos,6fb7a04167,12,5,dynamic,predicted_static,point,False,3,7,297,0,1.0,1.0,1.0,1.0,1.0,1.0,1.0,,4,[],[],
long_rvos/6fb7a04167/12/5,long_rvos,6fb7a04167,12,5,dynamic,predicted_static,box,False,0,1,74,3,0.0,0.0,0.0,1.0,1.0,1.0,0.0,"[0.0, 0.26666666666666666, 0.0296875, 0.7305555555555555]",,,,
long_rvos/6fb7a04167/12/5,long_rvos,6fb7a04167,12,5,dynamic,predicted_static,box,False,1,3,148,3,0.0,0.0,0.0,1.0,1.0,1.0,0.0,"[0.0, 0.18333333333333332, 0.1515625, 0.8166666666666667]",,,,
long_rvos/6fb7a04167/12/5,long_rvos,6fb7a04167,12,5,dynamic,predicted_static,box,False,2,5,222,4,0.0,0.0,0.0,0.0,0.0,0.0,1.0,,,,,
long_rvos/6fb7a04167/12/5,long_rvos,6fb7a04167,12,5,dynamic,predicted_static,box,False,3,7,297,0,1.0,1.0,1.0,1.0,1.0,1.0,1.0,,,,,
long_rvos/6fb7a04167/12/25,long_rvos,6fb7a04167,12,25,hybrid,predicted_static,point,False,0,1,74,3,0.0,0.0,0.0,1.0,1.0,1.0,0.0,,1,[],[],
long_rvos/6fb7a04167/12/25,long_rvos,6fb7a04167,12,25,hybrid,predicted_static,point,False,1,3,148,2,1.0,1.0,1.0,1.0,1.0,1.0,1.0,,2,[],[],
long_rvos/6fb7a04167/12/25,long_rvos,6fb7a04167,12,25,hybrid,predicted_static,point,False,2,5,222,1,0.0,0.0,0.0,0.0,0.0,0.0,0.0,,3,[],[],
long_rvos/6fb7a04167/12/25,long_rvos,6fb7a04167,12,25,hybrid,predicted_static,point,False,3,7,297,0,1.0,1.0,1.0,1.0,1.0,1.0,1.0,,4,[],[],
long_rvos/6fb7a04167/12/25,long_rvos,6fb7a04167,12,25,hybrid,predicted_static,box,False,0,1,74,3,0.0,0.0,0.0,1.0,1.0,1.0,0.0,"[0.0, 0.26666666666666666, 0.0296875, 0.7305555555555555]",,,,
long_rvos/6fb7a04167/12/25,long_rvos,6fb7a04167,12,25,hybrid,predicted_static,box,False,1,3,148,2,1.0,1.0,1.0,1.0,1.0,1.0,1.0,,,,,
long_rvos/6fb7a04167/12/25,long_rvos,6fb7a04167,12,25,hybrid,predicted_static,box,False,2,5,222,1,0.0,0.0,0.0,0.0,0.0,0.0,0.0,"[0.7515625, 0.09166666666666666, 0.2484375, 0.9083333333333333]",,,,
long_rvos/6fb7a04167/12/25,long_rvos,6fb7a04167,12,25,hybrid,predicted_static,box,False,3,7,297,0,1.0,1.0,1.0,1.0,1.0,1.0,1.0,,,,,
long_rvos/6fb7a04167/12/6,long_rvos,6fb7a04167,12,6,static,predicted_static,point,False,0,1,74,2,1.0,1.0,1.0,1.0,1.0,1.0,1.0,,1,[],[],
long_rvos/6fb7a04167/12/6,long_rvos,6fb7a04167,12,6,static,predicted_static,point,False,1,3,148,2,1.0,1.0,1.0,1.0,1.0,1.0,1.0,,2,[],[],
long_rvos/6fb7a04167/12/6,long_rvos,6fb7a04167,12,6,static,predicted_static,point,False,2,5,222,1,0.0,0.0,0.0,0.0,0.0,0.0,0.0,,3,[],[],
long_rvos/6fb7a04167/12/6,long_rvos,6fb7a04167,12,6,static,predicted_static,point,False,3,7,297,0,1.0,1.0,1.0,1.0,1.0,1.0,1.0,,4,[],[],
long_rvos/6fb7a04167/12/6,long_rvos,6fb7a04167,12,6,static,predicted_static,box,False,0,1,74,2,1.0,1.0,1.0,1.0,1.0,1.0,1.0,,,,,
long_rvos/6fb7a04167/12/6,long_rvos,6fb7a04167,12,6,static,predicted_static,box,False,1,3,148,2,1.0,1.0,1.0,1.0,1.0,1.0,1.0,,,,,
long_rvos/6fb7a04167/12/6,long_rvos,6fb7a04167,12,6,static,predicted_static,box,False,2,5,222,1,0.0,0.0,0.0,0.0,0.0,0.0,0.0,"[0.7515625, 0.09166666666666666, 0.2484375, 0.9083333333333333]",,,,
long_rvos/6fb7a04167/12/6,long_rvos,6fb7a04167,12,6,static,predicted_static,box,False,3,7,297,0,1.0,1.0,1.0,1.0,1.0,1.0,1.0,,,,,
long_rvos/d33c8343bc/3/10,long_rvos,d33c8343bc,3,10,hybrid,predicted_static,point,False,0,1,64,2,0.7546545810877021,0.7616790740557304,0.7581668275717163,0.0,0.0,0.0,0.0,,1,[],[],
long_rvos/d33c8343bc/3/10,long_rvos,d33c8343bc,3,10,hybrid,predicted_static,point,False,1,3,129,2,0.0,0.0,0.0,1.0,1.0,1.0,0.0,,2,[],[],
long_rvos/d33c8343bc/3/10,long_rvos,d33c8343bc,3,10,hybrid,predicted_static,point,False,2,5,194,1,0.00036447576236180293,0.3582554517133956,0.17930996373787872,0.0,0.0,0.0,0.0,,3,[],[],
long_rvos/d33c8343bc/3/10,long_rvos,d33c8343bc,3,10,hybrid,predicted_static,point,False,3,7,259,0,1.0,1.0,1.0,1.0,1.0,1.0,1.0,,4,[],[],
long_rvos/d33c8343bc/3/10,long_rvos,d33c8343bc,3,10,hybrid,predicted_static,box,False,0,1,64,2,0.7546545810877021,0.7616790740557304,0.7581668275717163,0.747580546367757,0.761147507754206,0.7543640270609815,0.9906321606685538,"[0.4765625, 0.36041666666666666, 0.415625, 0.15416666666666667]",,,,0
long_rvos/d33c8343bc/3/10,long_rvos,d33c8343bc,3,10,hybrid,predicted_static,box,False,1,3,129,2,0.0,0.0,0.0,0.0,0.0,0.0,0.982962707579153,"[0.0, 0.47708333333333336, 0.340625, 0.4625]",,,,0
long_rvos/d33c8343bc/3/10,long_rvos,d33c8343bc,3,10,hybrid,predicted_static,box,False,2,5,194,1,0.00036447576236180293,0.3582554517133956,0.17930996373787872,0.000367962713111738,0.3251200311959251,0.1627439969545184,0.9805357486991714,"[0.0, 0.44375, 0.15625, 0.30416666666666664]",,,,0
long_rvos/d33c8343bc/3/10,long_rvos,d33c8343bc,3,10,hybrid,predicted_static,box,False,3,7,259,0,1.0,1.0,1.0,1.0,1.0,1.0,1.0,,,,,
long_rvos/2a87bea97e/1/1,long_rvos,2a87bea97e,1,1,dynamic,predicted_static,point,False,0,1,84,1,0.8841403702259957,0.5797662522420113,0.7319533112340035,0.0,0.0,0.0,0.0,,1,[],[],
long_rvos/2a87bea97e/1/1,long_rvos,2a87bea97e,1,1,dynamic,predicted_static,point,False,1,3,169,1,0.9522736402739538,0.8853143937545256,0.9187940170142397,0.0,0.0,0.0,0.0,,2,[],[],
long_rvos/2a87bea97e/1/1,long_rvos,2a87bea97e,1,1,dynamic,predicted_static,point,False,2,5,253,8,0.9137964914787953,0.58666697269158,0.7502317320851877,0.0,0.0,0.0,0.0,,3,[],[],
long_rvos/2a87bea97e/1/1,long_rvos,2a87bea97e,1,1,dynamic,predicted_static,point,False,3,7,338,16,0.0,0.0,0.0,1.0,1.0,1.0,0.0,,4,[],[],
long_rvos/2a87bea97e/1/1,long_rvos,2a87bea97e,1,1,dynamic,predicted_static,box,False,0,1,84,1,0.8841403702259957,0.5797662522420113,0.7319533112340035,0.0,0.0,0.0,0.0,"[0.4625, 0.025, 0.5375, 0.975]",,,,
long_rvos/2a87bea97e/1/1,long_rvos,2a87bea97e,1,1,dynamic,predicted_static,box,False,1,3,169,1,0.9522736402739538,0.8853143937545256,0.9187940170142397,0.9369200588523786,0.7433908164745564,0.8401554376634675,0.9709153794756907,"[0.053125, 0.06666666666666667, 0.821875, 0.9333333333333333]",,,,0
long_rvos/2a87bea97e/1/1,long_rvos,2a87bea97e,1,1,dynamic,predicted_static,box,False,2,5,253,8,0.9137964914787953,0.58666697269158,0.7502317320851877,0.0,0.0,0.0,0.0,"[0.0, 0.08125, 0.54375, 0.91875]",,,,
long_rvos/2a87bea97e/1/1,long_rvos,2a87bea97e,1,1,dynamic,predicted_static,box,False,3,7,338,16,0.0,0.0,0.0,0.0,0.0,0.0,0.6250028151251041,"[0.0, 0.35625, 0.5890625, 0.64375]",,,,0
long_rvos/2a87bea97e/1/12,long_rvos,2a87bea97e,1,12,hybrid,predicted_static,point,False,0,1,84,1,0.8841403702259957,0.5797662522420113,0.7319533112340035,0.0,0.0,0.0,0.0,,1,[],[],
long_rvos/2a87bea97e/1/12,long_rvos,2a87bea97e,1,12,hybrid,predicted_static,point,False,1,3,169,1,0.9522736402739538,0.8853143937545256,0.9187940170142397,0.0,0.0,0.0,0.0,,2,[],[],
long_rvos/2a87bea97e/1/12,long_rvos,2a87bea97e,1,12,hybrid,predicted_static,point,False,2,5,253,8,0.9137964914787953,0.58666697269158,0.7502317320851877,0.0,0.0,0.0,0.0,,3,[],[],
long_rvos/2a87bea97e/1/12,long_rvos,2a87bea97e,1,12,hybrid,predicted_static,point,False,3,7,338,16,0.0,0.0,0.0,1.0,1.0,1.0,0.0,,4,[],[],
long_rvos/2a87bea97e/1/12,long_rvos,2a87bea97e,1,12,hybrid,predicted_static,box,False,0,1,84,1,0.8841403702259957,0.5797662522420113,0.7319533112340035,0.0,0.0,0.0,0.0,"[0.4625, 0.025, 0.5375, 0.975]",,,,
long_rvos/2a87bea97e/1/12,long_rvos,2a87bea97e,1,12,hybrid,predicted_static,box,False,1,3,169,1,0.9522736402739538,0.8853143937545256,0.9187940170142397,0.9369200588523786,0.7433908164745564,0.8401554376634675,0.9709153794756907,"[0.053125, 0.06666666666666667, 0.821875, 0.9333333333333333]",,,,0
long_rvos/2a87bea97e/1/12,long_rvos,2a87bea97e,1,12,hybrid,predicted_static,box,False,2,5,253,8,0.9137964914787953,0.58666697269158,0.7502317320851877,0.0,0.0,0.0,0.0,"[0.0, 0.08125, 0.54375, 0.91875]",,,,
long_rvos/2a87bea97e/1/12,long_rvos,2a87bea97e,1,12,hybrid,predicted_static,box,False,3,7,338,16,0.0,0.0,0.0,0.0,0.0,0.0,0.6250028151251041,"[0.0, 0.35625, 0.5890625, 0.64375]",,,,0
long_rvos/2a87bea97e/1/0,long_rvos,2a87bea97e,1,0,static,predicted_static,point,False,0,1,84,1,0.8841403702259957,0.5797662522420113,0.7319533112340035,0.0,0.0,0.0,0.0,,1,[],[],
long_rvos/2a87bea97e/1/0,long_rvos,2a87bea97e,1,0,static,predicted_static,point,False,1,3,169,1,0.9522736402739538,0.8853143937545256,0.9187940170142397,0.0,0.0,0.0,0.0,,2,[],[],
long_rvos/2a87bea97e/1/0,long_rvos,2a87bea97e,1,0,static,predicted_static,point,False,2,5,253,8,0.9137964914787953,0.58666697269158,0.7502317320851877,0.0,0.0,0.0,0.0,,3,[],[],
long_rvos/2a87bea97e/1/0,long_rvos,2a87bea97e,1,0,static,predicted_static,point,False,3,7,338,0,1.0,1.0,1.0,1.0,1.0,1.0,1.0,,4,[],[],
long_rvos/2a87bea97e/1/0,long_rvos,2a87bea97e,1,0,static,predicted_static,box,False,0,1,84,1,0.8841403702259957,0.5797662522420113,0.7319533112340035,0.0,0.0,0.0,0.0,"[0.4625, 0.025, 0.5375, 0.975]",,,,
long_rvos/2a87bea97e/1/0,long_rvos,2a87bea97e,1,0,static,predicted_static,box,False,1,3,169,1,0.9522736402739538,0.8853143937545256,0.9187940170142397,0.9369200588523786,0.7433908164745564,0.8401554376634675,0.9709153794756907,"[0.053125, 0.06666666666666667, 0.821875, 0.9333333333333333]",,,,0
long_rvos/2a87bea97e/1/0,long_rvos,2a87bea97e,1,0,static,predicted_static,box,False,2,5,253,8,0.9137964914787953,0.58666697269158,0.7502317320851877,0.0,0.0,0.0,0.0,"[0.0, 0.08125, 0.54375, 0.91875]",,,,
long_rvos/2a87bea97e/1/0,long_rvos,2a87bea97e,1,0,static,predicted_static,box,False,3,7,338,0,1.0,1.0,1.0,1.0,1.0,1.0,1.0,,,,,
long_rvos/119777f4c0/1/1,long_rvos,119777f4c0,1,1,dynamic,predicted_static,point,False,0,1,105,0,1.0,1.0,1.0,1.0,1.0,1.0,1.0,,1,[],[],
long_rvos/119777f4c0/1/1,long_rvos,119777f4c0,1,1,dynamic,predicted_static,point,False,1,3,211,4,0.895669436977484,0.31224755856641256,0.6039584977719483,0.0,0.0,0.0,0.0,,2,[],[],
long_rvos/119777f4c0/1/1,long_rvos,119777f4c0,1,1,dynamic,predicted_static,point,False,2,5,317,0,1.0,1.0,1.0,1.0,1.0,1.0,1.0,,3,[],[],
long_rvos/119777f4c0/1/1,long_rvos,119777f4c0,1,1,dynamic,predicted_static,point,False,3,7,423,5,0.0,0.0,0.0,1.0,1.0,1.0,0.0,,4,[],[],
long_rvos/119777f4c0/1/1,long_rvos,119777f4c0,1,1,dynamic,predicted_static,box,False,0,1,105,0,1.0,1.0,1.0,1.0,1.0,1.0,1.0,,,,,
long_rvos/119777f4c0/1/1,long_rvos,119777f4c0,1,1,dynamic,predicted_static,box,False,1,3,211,4,0.895669436977484,0.31224755856641256,0.6039584977719483,0.6969403947237925,0.13939924274864976,0.41816981873622117,0.7752941021138383,"[0.28125, 0.2972222222222222, 0.71875, 0.7027777777777777]",,,,0
long_rvos/119777f4c0/1/1,long_rvos,119777f4c0,1,1,dynamic,predicted_static,box,False,2,5,317,0,1.0,1.0,1.0,1.0,1.0,1.0,1.0,,,,,
long_rvos/119777f4c0/1/1,long_rvos,119777f4c0,1,1,dynamic,predicted_static,box,False,3,7,423,5,0.0,0.0,0.0,1.0,1.0,1.0,0.0,"[0.365625, 0.0, 0.634375, 1.0]",,,,
long_rvos/119777f4c0/1/12,long_rvos,119777f4c0,1,12,hybrid,predicted_static,point,False,0,1,105,0,1.0,1.0,1.0,1.0,1.0,1.0,1.0,,1,[],[],
long_rvos/119777f4c0/1/12,long_rvos,119777f4c0,1,12,hybrid,predicted_static,point,False,1,3,211,0,0.0,0.0,0.0,0.0,0.0,0.0,1.0,,2,[],[],
long_rvos/119777f4c0/1/12,long_rvos,119777f4c0,1,12,hybrid,predicted_static,point,False,2,5,317,0,1.0,1.0,1.0,1.0,1.0,1.0,1.0,,3,[],[],
long_rvos/119777f4c0/1/12,long_rvos,119777f4c0,1,12,hybrid,predicted_static,point,False,3,7,423,0,1.0,1.0,1.0,1.0,1.0,1.0,1.0,,4,[],[],
long_rvos/119777f4c0/1/12,long_rvos,119777f4c0,1,12,hybrid,predicted_static,box,False,0,1,105,0,1.0,1.0,1.0,1.0,1.0,1.0,1.0,,,,,
long_rvos/119777f4c0/1/12,long_rvos,119777f4c0,1,12,hybrid,predicted_static,box,False,1,3,211,0,0.0,0.0,0.0,0.0,0.0,0.0,1.0,,,,,
long_rvos/119777f4c0/1/12,long_rvos,119777f4c0,1,12,hybrid,predicted_static,box,False,2,5,317,0,1.0,1.0,1.0,1.0,1.0,1.0,1.0,,,,,
long_rvos/119777f4c0/1/12,long_rvos,119777f4c0,1,12,hybrid,predicted_static,box,False,3,7,423,0,1.0,1.0,1.0,1.0,1.0,1.0,1.0,,,,,
long_rvos/119777f4c0/1/2,long_rvos,119777f4c0,1,2,static,predicted_static,point,False,0,1,105,0,1.0,1.0,1.0,1.0,1.0,1.0,1.0,,1,[],[],
long_rvos/119777f4c0/1/2,long_rvos,119777f4c0,1,2,static,predicted_static,point,False,1,3,211,4,0.895669436977484,0.31224755856641256,0.6039584977719483,0.0,0.0,0.0,0.0,,2,[],[],
long_rvos/119777f4c0/1/2,long_rvos,119777f4c0,1,2,static,predicted_static,point,False,2,5,317,0,1.0,1.0,1.0,1.0,1.0,1.0,1.0,,3,[],[],
long_rvos/119777f4c0/1/2,long_rvos,119777f4c0,1,2,static,predicted_static,point,False,3,7,423,5,0.0,0.0,0.0,1.0,1.0,1.0,0.0,,4,[],[],
long_rvos/119777f4c0/1/2,long_rvos,119777f4c0,1,2,static,predicted_static,box,False,0,1,105,0,1.0,1.0,1.0,1.0,1.0,1.0,1.0,,,,,
long_rvos/119777f4c0/1/2,long_rvos,119777f4c0,1,2,static,predicted_static,box,False,1,3,211,4,0.895669436977484,0.31224755856641256,0.6039584977719483,0.6969403947237925,0.13939924274864976,0.41816981873622117,0.7752941021138383,"[0.28125, 0.2972222222222222, 0.71875, 0.7027777777777777]",,,,0
long_rvos/119777f4c0/1/2,long_rvos,119777f4c0,1,2,static,predicted_static,box,False,2,5,317,0,1.0,1.0,1.0,1.0,1.0,1.0,1.0,,,,,
long_rvos/119777f4c0/1/2,long_rvos,119777f4c0,1,2,static,predicted_static,box,False,3,7,423,5,0.0,0.0,0.0,1.0,1.0,1.0,0.0,"[0.365625, 0.0, 0.634375, 1.0]",,,,
long_rvos/28ff632792/1/6,long_rvos,28ff632792,1,6,dynamic,predicted_static,point,False,0,1,134,0,1.0,1.0,1.0,1.0,1.0,1.0,1.0,,1,[],[],
long_rvos/28ff632792/1/6,long_rvos,28ff632792,1,6,dynamic,predicted_static,point,False,1,3,269,0,1.0,1.0,1.0,1.0,1.0,1.0,1.0,,2,[],[],
long_rvos/28ff632792/1/6,long_rvos,28ff632792,1,6,dynamic,predicted_static,point,False,2,5,403,0,0.0,0.0,0.0,1.0,1.0,1.0,0.0,,3,[],[],
long_rvos/28ff632792/1/6,long_rvos,28ff632792,1,6,dynamic,predicted_static,point,False,3,7,538,0,0.945313360502258,0.9782902528621804,0.9618018066822192,0.0,0.0,0.0,0.0,,4,[],[],
long_rvos/28ff632792/1/6,long_rvos,28ff632792,1,6,dynamic,predicted_static,box,False,0,1,134,0,1.0,1.0,1.0,1.0,1.0,1.0,1.0,,,,,
long_rvos/28ff632792/1/6,long_rvos,28ff632792,1,6,dynamic,predicted_static,box,False,1,3,269,0,1.0,1.0,1.0,1.0,1.0,1.0,1.0,,,,,
long_rvos/28ff632792/1/6,long_rvos,28ff632792,1,6,dynamic,predicted_static,box,False,2,5,403,0,0.0,0.0,0.0,0.0,0.0,0.0,0.8909313725490197,"[0.0, 0.0, 0.0765625, 0.5625]",,,,0
long_rvos/28ff632792/1/6,long_rvos,28ff632792,1,6,dynamic,predicted_static,box,False,3,7,538,0,0.945313360502258,0.9782902528621804,0.9618018066822192,0.0,0.0,0.0,0.0,"[0.0, 0.0, 0.296875, 1.0]",,,,
long_rvos/dca31590b8/2/5,long_rvos,dca31590b8,2,5,dynamic,predicted_static,point,False,0,1,80,0,0.9143747548271804,0.7980259793912634,0.856200367109222,0.0,0.0,0.0,0.0,,1,[],[],
long_rvos/dca31590b8/2/5,long_rvos,dca31590b8,2,5,dynamic,predicted_static,point,False,1,3,160,0,1.0,1.0,1.0,1.0,1.0,1.0,1.0,,2,[],[],
long_rvos/dca31590b8/2/5,long_rvos,dca31590b8,2,5,dynamic,predicted_static,point,False,2,5,240,3,0.0,0.0,0.0,1.0,1.0,1.0,0.0,,3,[],[],
long_rvos/dca31590b8/2/5,long_rvos,dca31590b8,2,5,dynamic,predicted_static,point,False,3,7,320,0,1.0,1.0,1.0,1.0,1.0,1.0,1.0,,4,[],[],
long_rvos/dca31590b8/2/5,long_rvos,dca31590b8,2,5,dynamic,predicted_static,box,False,0,1,80,0,0.9143747548271804,0.7980259793912634,0.856200367109222,0.000803794817221587,0.16324007531108292,0.08202193506415226,0.0,"[0.4171875, 0.0, 0.5828125, 0.9166666666666666]",,,,0
long_rvos/dca31590b8/2/5,long_rvos,dca31590b8,2,5,dynamic,predicted_static,box,False,1,3,160,0,1.0,1.0,1.0,1.0,1.0,1.0,1.0,,,,,
long_rvos/dca31590b8/2/5,long_rvos,dca31590b8,2,5,dynamic,predicted_static,box,False,2,5,240,3,0.0,0.0,0.0,0.0,0.0,0.0,0.7811113775326699,"[0.2421875, 0.0, 0.7578125, 0.6583333333333333]",,,,0
long_rvos/dca31590b8/2/5,long_rvos,dca31590b8,2,5,dynamic,predicted_static,box,False,3,7,320,0,1.0,1.0,1.0,1.0,1.0,1.0,1.0,,,,,
long_rvos/dca31590b8/2/11,long_rvos,dca31590b8,2,11,hybrid,predicted_static,point,False,0,1,80,1,0.006590754378364998,0.058842826803874516,0.03271679059111976,0.0,0.0,0.0,0.0,,1,[],[],
long_rvos/dca31590b8/2/11,long_rvos,dca31590b8,2,11,hybrid,predicted_static,point,False,1,3,160,0,1.0,1.0,1.0,1.0,1.0,1.0,1.0,,2,[],[],
long_rvos/dca31590b8/2/11,long_rvos,dca31590b8,2,11,hybrid,predicted_static,point,False,2,5,240,3,0.0,0.0,0.0,1.0,1.0,1.0,0.0,,3,[],[],
long_rvos/dca31590b8/2/11,long_rvos,dca31590b8,2,11,hybrid,predicted_static,point,False,3,7,320,0,1.0,1.0,1.0,1.0,1.0,1.0,1.0,,4,[],[],
long_rvos/dca31590b8/2/11,long_rvos,dca31590b8,2,11,hybrid,predicted_static,box,False,0,1,80,1,0.006590754378364998,0.058842826803874516,0.03271679059111976,0.0384275214248681,0.01571041389131333,0.027068967658090713,0.8638443935926774,"[0.6546875, 0.0, 0.3453125, 0.44583333333333336]",,,,0
long_rvos/dca31590b8/2/11,long_rvos,dca31590b8,2,11,hybrid,predicted_static,box,False,1,3,160,0,1.0,1.0,1.0,1.0,1.0,1.0,1.0,,,,,
long_rvos/dca31590b8/2/11,long_rvos,dca31590b8,2,11,hybrid,predicted_static,box,False,2,5,240,3,0.0,0.0,0.0,0.0,0.0,0.0,0.7811113775326699,"[0.2421875, 0.0, 0.7578125, 0.6583333333333333]",,,,0
long_rvos/dca31590b8/2/11,long_rvos,dca31590b8,2,11,hybrid,predicted_static,box,False,3,7,320,0,1.0,1.0,1.0,1.0,1.0,1.0,1.0,,,,,
long_rvos/dca31590b8/2/6,long_rvos,dca31590b8,2,6,static,predicted_static,point,False,0,1,80,1,0.006590754378364998,0.058842826803874516,0.03271679059111976,0.0,0.0,0.0,0.0,,1,[],[],
long_rvos/dca31590b8/2/6,long_rvos,dca31590b8,2,6,static,predicted_static,point,False,1,3,160,0,1.0,1.0,1.0,1.0,1.0,1.0,1.0,,2,[],[],
long_rvos/dca31590b8/2/6,long_rvos,dca31590b8,2,6,static,predicted_static,point,False,2,5,240,3,0.0,0.0,0.0,1.0,1.0,1.0,0.0,,3,[],[],
long_rvos/dca31590b8/2/6,long_rvos,dca31590b8,2,6,static,predicted_static,point,False,3,7,320,0,1.0,1.0,1.0,1.0,1.0,1.0,1.0,,4,[],[],
long_rvos/dca31590b8/2/6,long_rvos,dca31590b8,2,6,static,predicted_static,box,False,0,1,80,1,0.006590754378364998,0.058842826803874516,0.03271679059111976,0.0384275214248681,0.01571041389131333,0.027068967658090713,0.8638443935926774,"[0.6546875, 0.0, 0.3453125, 0.44583333333333336]",,,,0
long_rvos/dca31590b8/2/6,long_rvos,dca31590b8,2,6,static,predicted_static,box,False,1,3,160,0,1.0,1.0,1.0,1.0,1.0,1.0,1.0,,,,,
long_rvos/dca31590b8/2/6,long_rvos,dca31590b8,2,6,static,predicted_static,box,False,2,5,240,3,0.0,0.0,0.0,0.0,0.0,0.0,0.7811113775326699,"[0.2421875, 0.0, 0.7578125, 0.6583333333333333]",,,,0
long_rvos/dca31590b8/2/6,long_rvos,dca31590b8,2,6,static,predicted_static,box,False,3,7,320,0,1.0,1.0,1.0,1.0,1.0,1.0,1.0,,,,,
long_rvos/a595411232/3/9,long_rvos,a595411232,3,9,dynamic,predicted_static,point,False,0,1,134,0,0.0,0.0,0.0,0.0,0.0,0.0,0.0,,1,[],[],
long_rvos/a595411232/3/9,long_rvos,a595411232,3,9,dynamic,predicted_static,point,False,1,3,269,1,0.27454819277108433,0.35629588647816135,0.31542203962462284,0.0,0.0,0.0,0.0,,2,[],[],
long_rvos/a595411232/3/9,long_rvos,a595411232,3,9,dynamic,predicted_static,point,False,2,5,404,0,0.0,0.0,0.0,0.0,0.0,0.0,0.0,,3,[],[],
long_rvos/a595411232/3/9,long_rvos,a595411232,3,9,dynamic,predicted_static,point,False,3,7,539,0,0.0,0.0,0.0,0.0,0.0,0.0,1.0,,4,[],[],
long_rvos/a595411232/3/9,long_rvos,a595411232,3,9,dynamic,predicted_static,box,False,0,1,134,0,0.0,0.0,0.0,0.0,0.0,0.0,0.8661710037174721,"[0.53125, 0.46875, 0.0703125, 0.052083333333333336]",,,,0
long_rvos/a595411232/3/9,long_rvos,a595411232,3,9,dynamic,predicted_static,box,False,1,3,269,1,0.27454819277108433,0.35629588647816135,0.31542203962462284,0.0,0.0,0.0,0.0,"[0.4421875, 0.5479166666666667, 0.2390625, 0.17083333333333334]",,,,
long_rvos/a595411232/3/9,long_rvos,a595411232,3,9,dynamic,predicted_static,box,False,2,5,404,0,0.0,0.0,0.0,0.0,0.0,0.0,0.9478178368121443,"[0.759375, 0.42291666666666666, 0.140625, 0.19791666666666666]",,,,0
long_rvos/a595411232/3/9,long_rvos,a595411232,3,9,dynamic,predicted_static,box,False,3,7,539,0,0.0,0.0,0.0,0.0,0.0,0.0,1.0,,,,,
long_rvos/a595411232/3/21,long_rvos,a595411232,3,21,hybrid,predicted_static,point,False,0,1,134,0,0.0,0.0,0.0,0.0,0.0,0.0,0.0,,1,[],[],
long_rvos/a595411232/3/21,long_rvos,a595411232,3,21,hybrid,predicted_static,point,False,1,3,269,0,0.0,0.0,0.0,0.0,0.0,0.0,0.0,,2,[],[],
long_rvos/a595411232/3/21,long_rvos,a595411232,3,21,hybrid,predicted_static,point,False,2,5,404,0,0.0,0.0,0.0,0.0,0.0,0.0,0.0,,3,[],[],
long_rvos/a595411232/3/21,long_rvos,a595411232,3,21,hybrid,predicted_static,point,False,3,7,539,0,0.0,0.0,0.0,0.0,0.0,0.0,1.0,,4,[],[],
long_rvos/a595411232/3/21,long_rvos,a595411232,3,21,hybrid,predicted_static,box,False,0,1,134,0,0.0,0.0,0.0,0.0,0.0,0.0,0.8661710037174721,"[0.53125, 0.46875, 0.0703125, 0.052083333333333336]",,,,0
long_rvos/a595411232/3/21,long_rvos,a595411232,3,21,hybrid,predicted_static,box,False,1,3,269,0,0.0,0.0,0.0,0.0,0.0,0.0,0.0,"[0.640625, 0.6270833333333333, 0.1328125, 0.15833333333333333]",,,,
long_rvos/a595411232/3/21,long_rvos,a595411232,3,21,hybrid,predicted_static,box,False,2,5,404,0,0.0,0.0,0.0,0.0,0.0,0.0,0.9478178368121443,"[0.759375, 0.42291666666666666, 0.140625, 0.19791666666666666]",,,,0
long_rvos/a595411232/3/21,long_rvos,a595411232,3,21,hybrid,predicted_static,box,False,3,7,539,0,0.0,0.0,0.0,0.0,0.0,0.0,1.0,,,,,
long_rvos/a595411232/3/8,long_rvos,a595411232,3,8,static,predicted_static,point,False,0,1,134,0,0.0,0.0,0.0,0.0,0.0,0.0,0.0,,1,[],[],
long_rvos/a595411232/3/8,long_rvos,a595411232,3,8,static,predicted_static,point,False,1,3,269,0,0.0,0.0,0.0,0.0,0.0,0.0,0.0,,2,[],[],
long_rvos/a595411232/3/8,long_rvos,a595411232,3,8,static,predicted_static,point,False,2,5,404,0,0.0,0.0,0.0,0.0,0.0,0.0,0.0,,3,[],[],
long_rvos/a595411232/3/8,long_rvos,a595411232,3,8,static,predicted_static,point,False,3,7,539,0,0.0,0.0,0.0,0.0,0.0,0.0,1.0,,4,[],[],
long_rvos/a595411232/3/8,long_rvos,a595411232,3,8,static,predicted_static,box,False,0,1,134,0,0.0,0.0,0.0,0.0,0.0,0.0,0.8661710037174721,"[0.53125, 0.46875, 0.0703125, 0.052083333333333336]",,,,0
long_rvos/a595411232/3/8,long_rvos,a595411232,3,8,static,predicted_static,box,False,1,3,269,0,0.0,0.0,0.0,0.0,0.0,0.0,0.0,"[0.640625, 0.6270833333333333, 0.1328125, 0.15833333333333333]",,,,
long_rvos/a595411232/3/8,long_rvos,a595411232,3,8,static,predicted_static,box,False,2,5,404,0,0.0,0.0,0.0,0.0,0.0,0.0,0.9478178368121443,"[0.759375, 0.42291666666666666, 0.140625, 0.19791666666666666]",,,,0
long_rvos/a595411232/3/8,long_rvos,a595411232,3,8,static,predicted_static,box,False,3,7,539,0,0.0,0.0,0.0,0.0,0.0,0.0,1.0,,,,,
long_rvos/e9b78ad8e7/1/6,long_rvos,e9b78ad8e7,1,6,hybrid,predicted_static,point,False,0,1,110,0,0.9068825910931174,1.0,0.9534412955465588,0.0,0.0,0.0,0.0,,1,[],[],
long_rvos/e9b78ad8e7/1/6,long_rvos,e9b78ad8e7,1,6,hybrid,predicted_static,point,False,1,3,220,0,0.0,0.0,0.0,1.0,1.0,1.0,0.0,,2,[],[],
long_rvos/e9b78ad8e7/1/6,long_rvos,e9b78ad8e7,1,6,hybrid,predicted_static,point,False,2,5,330,3,0.950781702374059,1.0,0.9753908511870295,0.0,0.0,0.0,0.0,,3,[],[],
long_rvos/e9b78ad8e7/1/6,long_rvos,e9b78ad8e7,1,6,hybrid,predicted_static,point,False,3,7,440,0,1.0,1.0,1.0,1.0,1.0,1.0,1.0,,4,[],[],
long_rvos/e9b78ad8e7/1/6,long_rvos,e9b78ad8e7,1,6,hybrid,predicted_static,box,False,0,1,110,0,0.9068825910931174,1.0,0.9534412955465588,0.8910788381742739,0.9940828402366864,0.9425808392054802,0.927645788336933,"[0.515625, 0.5305555555555556, 0.034375, 0.15]",,,,0
long_rvos/e9b78ad8e7/1/6,long_rvos,e9b78ad8e7,1,6,hybrid,predicted_static,box,False,1,3,220,0,0.0,0.0,0.0,0.0,0.0,0.0,0.9598623853211009,"[0.459375, 0.6555555555555556, 0.0703125, 0.075]",,,,0
long_rvos/e9b78ad8e7/1/6,long_rvos,e9b78ad8e7,1,6,hybrid,predicted_static,box,False,2,5,330,3,0.950781702374059,1.0,0.9753908511870295,0.9450029568302779,1.0,0.9725014784151389,0.9490822972172883,"[0.39375, 0.5722222222222222, 0.046875, 0.22777777777777777]",,,,0
long_rvos/e9b78ad8e7/1/6,long_rvos,e9b78ad8e7,1,6,hybrid,predicted_static,box,False,3,7,440,0,1.0,1.0,1.0,1.0,1.0,1.0,1.0,,,,,
long_rvos/2c4cbde1aa/1/1,long_rvos,2c4cbde1aa,1,1,dynamic,predicted_static,point,False,0,1,58,0,0.9373219373219374,1.0,0.9686609686609686,0.0,0.0,0.0,0.0,,1,[],[],
long_rvos/2c4cbde1aa/1/1,long_rvos,2c4cbde1aa,1,1,dynamic,predicted_static,point,False,1,3,117,1,0.0,0.0,0.0,0.0,0.0,0.0,0.0,,2,[],[],
long_rvos/2c4cbde1aa/1/1,long_rvos,2c4cbde1aa,1,1,dynamic,predicted_static,point,False,2,5,175,4,0.0,0.0,0.0,0.0,0.0,0.0,0.0,,3,[],[],
long_rvos/2c4cbde1aa/1/1,long_rvos,2c4cbde1aa,1,1,dynamic,predicted_static,point,False,3,7,234,4,0.0,0.0,0.0,0.0,0.0,0.0,0.0,,4,[],[],
long_rvos/2c4cbde1aa/1/1,long_rvos,2c4cbde1aa,1,1,dynamic,predicted_static,box,False,0,1,58,0,0.9373219373219374,1.0,0.9686609686609686,0.910594439117929,1.0,0.9552972195589645,0.9442836468885673,"[0.28828125, 0.4986111111111111, 0.07421875, 0.08194444444444444]",,,,0
long_rvos/2c4cbde1aa/1/1,long_rvos,2c4cbde1aa,1,1,dynamic,predicted_static,box,False,1,3,117,1,0.0,0.0,0.0,0.0,0.026315789473684213,0.013157894736842106,0.9453437040151356,"[0.35390625, 0.4263888888888889, 0.07265625, 0.09861111111111111]",,,,0
long_rvos/2c4cbde1aa/1/1,long_rvos,2c4cbde1aa,1,1,dynamic,predicted_static,box,False,2,5,175,4,0.0,0.0,0.0,0.0,0.0,0.0,0.9697350805306504,"[0.36171875, 0.41805555555555557, 0.23359375, 0.15416666666666667]",,,,1
long_rvos/2c4cbde1aa/1/1,long_rvos,2c4cbde1aa,1,1,dynamic,predicted_static,box,False,3,7,234,4,0.0,0.0,0.0,0.0,0.0,0.0,0.0,"[0.4546875, 0.47638888888888886, 0.13359375, 0.12222222222222222]",,,,
long_rvos/2c4cbde1aa/1/7,long_rvos,2c4cbde1aa,1,7,hybrid,predicted_static,point,False,0,1,58,0,0.932573599240266,1.0,0.966286799620133,0.0,0.0,0.0,0.0,,1,[],[],
long_rvos/2c4cbde1aa/1/7,long_rvos,2c4cbde1aa,1,7,hybrid,predicted_static,point,False,1,3,117,1,0.0,0.004424778761061947,0.0022123893805309734,0.0,0.0,0.0,0.0,,2,[],[],
long_rvos/2c4cbde1aa/1/7,long_rvos,2c4cbde1aa,1,7,hybrid,predicted_static,point,False,2,5,175,3,0.0,0.0,0.0,0.0,0.0,0.0,0.0,,3,[],[],
long_rvos/2c4cbde1aa/1/7,long_rvos,2c4cbde1aa,1,7,hybrid,predicted_static,point,False,3,7,234,3,0.0,0.0,0.0,0.0,0.0,0.0,0.0,,4,[],[],
long_rvos/2c4cbde1aa/1/7,long_rvos,2c4cbde1aa,1,7,hybrid,predicted_static,box,False,0,1,58,0,0.932573599240266,1.0,0.966286799620133,0.9100693613967951,1.0,0.9550346806983976,0.9520232614489944,"[0.28828125, 0.4986111111111111, 0.075, 0.08194444444444444]",,,,0
long_rvos/2c4cbde1aa/1/7,long_rvos,2c4cbde1aa,1,7,hybrid,predicted_static,box,False,1,3,117,1,0.0,0.004424778761061947,0.0022123893805309734,0.0,0.026315789473684213,0.013157894736842106,0.9646560846560847,"[0.35390625, 0.4263888888888889, 0.071875, 0.09861111111111111]",,,,0
long_rvos/2c4cbde1aa/1/7,long_rvos,2c4cbde1aa,1,7,hybrid,predicted_static,box,False,2,5,175,3,0.0,0.0,0.0,0.0,0.0,0.0,0.9603682946357086,"[0.36171875, 0.41805555555555557, 0.23359375, 0.15555555555555556]",,,,1
long_rvos/2c4cbde1aa/1/7,long_rvos,2c4cbde1aa,1,7,hybrid,predicted_static,box,False,3,7,234,3,0.0,0.0,0.0,0.07042775137337201,0.3624046615187834,0.21641620644607773,0.7431784000572943,"[0.45546875, 0.3375, 0.1890625, 0.25972222222222224]",,,,0
long_rvos/2c4cbde1aa/1/2,long_rvos,2c4cbde1aa,1,2,static,predicted_static,point,False,0,1,58,0,0.932573599240266,1.0,0.966286799620133,0.0,0.0,0.0,0.0,,1,[],[],
long_rvos/2c4cbde1aa/1/2,long_rvos,2c4cbde1aa,1,2,static,predicted_static,point,False,1,3,117,1,0.0,0.004424778761061947,0.0022123893805309734,0.0,0.0,0.0,0.0,,2,[],[],
long_rvos/2c4cbde1aa/1/2,long_rvos,2c4cbde1aa,1,2,static,predicted_static,point,False,2,5,175,3,0.0,0.0,0.0,0.0,0.0,0.0,0.0,,3,[],[],
long_rvos/2c4cbde1aa/1/2,long_rvos,2c4cbde1aa,1,2,static,predicted_static,point,False,3,7,234,3,0.0,0.0,0.0,0.0,0.0,0.0,0.0,,4,[],[],
long_rvos/2c4cbde1aa/1/2,long_rvos,2c4cbde1aa,1,2,static,predicted_static,box,False,0,1,58,0,0.932573599240266,1.0,0.966286799620133,0.9100693613967951,1.0,0.9550346806983976,0.9520232614489944,"[0.28828125, 0.4986111111111111, 0.075, 0.08194444444444444]",,,,0
long_rvos/2c4cbde1aa/1/2,long_rvos,2c4cbde1aa,1,2,static,predicted_static,box,False,1,3,117,1,0.0,0.004424778761061947,0.0022123893805309734,0.0,0.026315789473684213,0.013157894736842106,0.9646560846560847,"[0.35390625, 0.4263888888888889, 0.071875, 0.09861111111111111]",,,,0
long_rvos/2c4cbde1aa/1/2,long_rvos,2c4cbde1aa,1,2,static,predicted_static,box,False,2,5,175,3,0.0,0.0,0.0,0.0,0.0,0.0,0.9603682946357086,"[0.36171875, 0.41805555555555557, 0.23359375, 0.15555555555555556]",,,,1
long_rvos/2c4cbde1aa/1/2,long_rvos,2c4cbde1aa,1,2,static,predicted_static,box,False,3,7,234,3,0.0,0.0,0.0,0.07042775137337201,0.3624046615187834,0.21641620644607773,0.7431784000572943,"[0.45546875, 0.3375, 0.1890625, 0.25972222222222224]",,,,0
long_rvos/84dc481247/3/9,long_rvos,84dc481247,3,9,dynamic,oracle_identity,point,True,0,1,81,10,0.0,0.0,0.0,0.0,0.0,0.0,1.0,,1,[],[],
long_rvos/84dc481247/3/9,long_rvos,84dc481247,3,9,dynamic,oracle_identity,point,True,1,3,163,10,0.9548742276494188,0.933664143427534,0.9442691855384764,0.0,0.0,0.0,0.0,,2,[],[],
long_rvos/84dc481247/3/9,long_rvos,84dc481247,3,9,dynamic,oracle_identity,point,True,2,5,244,10,1.0,1.0,1.0,1.0,1.0,1.0,1.0,,3,[],[],
long_rvos/84dc481247/3/9,long_rvos,84dc481247,3,9,dynamic,oracle_identity,point,True,3,7,326,10,1.0,1.0,1.0,1.0,1.0,1.0,1.0,,4,[],[],
long_rvos/84dc481247/3/9,long_rvos,84dc481247,3,9,dynamic,oracle_identity,box,True,0,1,81,10,0.0,0.0,0.0,0.0,0.0,0.0,1.0,,,,,
long_rvos/84dc481247/3/9,long_rvos,84dc481247,3,9,dynamic,oracle_identity,box,True,1,3,163,10,0.9548742276494188,0.933664143427534,0.9442691855384764,0.9480428089722914,0.8883132175448926,0.9181780132585919,0.9846689688020958,"[0.706, 0.05614973262032086, 0.272, 0.9438502673796791]",,,,0
long_rvos/84dc481247/3/9,long_rvos,84dc481247,3,9,dynamic,oracle_identity,box,True,2,5,244,10,1.0,1.0,1.0,1.0,1.0,1.0,1.0,,,,,
long_rvos/84dc481247/3/9,long_rvos,84dc481247,3,9,dynamic,oracle_identity,box,True,3,7,326,10,1.0,1.0,1.0,1.0,1.0,1.0,1.0,,,,,
long_rvos/84dc481247/3/10,long_rvos,84dc481247,3,10,static,oracle_identity,point,True,0,1,81,10,0.0,0.0,0.0,0.0,0.0,0.0,1.0,,1,[],[],
long_rvos/84dc481247/3/10,long_rvos,84dc481247,3,10,static,oracle_identity,point,True,1,3,163,10,0.9548742276494188,0.933664143427534,0.9442691855384764,0.0,0.0,0.0,0.0,,2,[],[],
long_rvos/84dc481247/3/10,long_rvos,84dc481247,3,10,static,oracle_identity,point,True,2,5,244,10,1.0,1.0,1.0,1.0,1.0,1.0,1.0,,3,[],[],
long_rvos/84dc481247/3/10,long_rvos,84dc481247,3,10,static,oracle_identity,point,True,3,7,326,10,1.0,1.0,1.0,1.0,1.0,1.0,1.0,,4,[],[],
long_rvos/84dc481247/3/10,long_rvos,84dc481247,3,10,static,oracle_identity,box,True,0,1,81,10,0.0,0.0,0.0,0.0,0.0,0.0,1.0,,,,,
long_rvos/84dc481247/3/10,long_rvos,84dc481247,3,10,static,oracle_identity,box,True,1,3,163,10,0.9548742276494188,0.933664143427534,0.9442691855384764,0.9480428089722914,0.8883132175448926,0.9181780132585919,0.9846689688020958,"[0.706, 0.05614973262032086, 0.272, 0.9438502673796791]",,,,0
long_rvos/84dc481247/3/10,long_rvos,84dc481247,3,10,static,oracle_identity,box,True,2,5,244,10,1.0,1.0,1.0,1.0,1.0,1.0,1.0,,,,,
long_rvos/84dc481247/3/10,long_rvos,84dc481247,3,10,static,oracle_identity,box,True,3,7,326,10,1.0,1.0,1.0,1.0,1.0,1.0,1.0,,,,,
long_rvos/9bc92f09e0/1/1,long_rvos,9bc92f09e0,1,1,dynamic,oracle_identity,point,True,0,1,134,2,1.0,1.0,1.0,1.0,1.0,1.0,1.0,,1,[],[],
long_rvos/9bc92f09e0/1/1,long_rvos,9bc92f09e0,1,1,dynamic,oracle_identity,point,True,1,3,269,2,0.3984101005377601,0.328959758930253,0.36368492973400657,0.0,0.0,0.0,0.0,,2,[],[],
long_rvos/9bc92f09e0/1/1,long_rvos,9bc92f09e0,1,1,dynamic,oracle_identity,point,True,2,5,404,2,0.9218782901663508,1.0,0.9609391450831755,0.0,0.0,0.0,0.0,,3,[],[],
long_rvos/9bc92f09e0/1/1,long_rvos,9bc92f09e0,1,1,dynamic,oracle_identity,point,True,3,7,539,2,0.0,0.0,0.0,1.0,1.0,1.0,0.0,,4,[],[],
long_rvos/9bc92f09e0/1/1,long_rvos,9bc92f09e0,1,1,dynamic,oracle_identity,box,True,0,1,134,2,1.0,1.0,1.0,1.0,1.0,1.0,1.0,,,,,
long_rvos/9bc92f09e0/1/1,long_rvos,9bc92f09e0,1,1,dynamic,oracle_identity,box,True,1,3,269,2,0.3984101005377601,0.328959758930253,0.36368492973400657,0.0,0.0,0.0,0.0,"[0.421875, 0.20833333333333334, 0.096875, 0.3416666666666667]",,,,
long_rvos/9bc92f09e0/1/1,long_rvos,9bc92f09e0,1,1,dynamic,oracle_identity,box,True,2,5,404,2,0.9218782901663508,1.0,0.9609391450831755,0.9343587521663779,1.0,0.9671793760831889,0.9488611946712505,"[0.7984375, 0.3138888888888889, 0.18125, 0.35555555555555557]",,,,0
long_rvos/9bc92f09e0/1/1,long_rvos,9bc92f09e0,1,1,dynamic,oracle_identity,box,True,3,7,539,2,0.0,0.0,0.0,1.0,1.0,1.0,0.0,"[0.925, 0.26944444444444443, 0.075, 0.35833333333333334]",,,,
long_rvos/9bc92f09e0/1/8,long_rvos,9bc92f09e0,1,8,hybrid,oracle_identity,point,True,0,1,134,1,1.0,1.0,1.0,1.0,1.0,1.0,1.0,,1,[],[],
long_rvos/9bc92f09e0/1/8,long_rvos,9bc92f09e0,1,8,hybrid,oracle_identity,point,True,1,3,269,1,0.396091515729266,0.3428197164648962,0.3694556160970811,0.0,0.0,0.0,0.0,,2,[],[],
long_rvos/9bc92f09e0/1/8,long_rvos,9bc92f09e0,1,8,hybrid,oracle_identity,point,True,2,5,404,1,0.9229307432432432,1.0,0.9614653716216216,0.0,0.0,0.0,0.0,,3,[],[],
long_rvos/9bc92f09e0/1/8,long_rvos,9bc92f09e0,1,8,hybrid,oracle_identity,point,True,3,7,539,1,1.0,1.0,1.0,1.0,1.0,1.0,1.0,,4,[],[],
long_rvos/9bc92f09e0/1/8,long_rvos,9bc92f09e0,1,8,hybrid,oracle_identity,box,True,0,1,134,1,1.0,1.0,1.0,1.0,1.0,1.0,1.0,,,,,
long_rvos/9bc92f09e0/1/8,long_rvos,9bc92f09e0,1,8,hybrid,oracle_identity,box,True,1,3,269,1,0.396091515729266,0.3428197164648962,0.3694556160970811,0.0,0.0,0.0,0.0,"[0.421875, 0.20833333333333334, 0.0984375, 0.3388888888888889]",,,,
long_rvos/9bc92f09e0/1/8,long_rvos,9bc92f09e0,1,8,hybrid,oracle_identity,box,True,2,5,404,1,0.9229307432432432,1.0,0.9614653716216216,0.9343587521663779,1.0,0.9671793760831889,0.949590693666523,"[0.7984375, 0.3138888888888889, 0.18125, 0.35555555555555557]",,,,0
long_rvos/9bc92f09e0/1/8,long_rvos,9bc92f09e0,1,8,hybrid,oracle_identity,box,True,3,7,539,1,1.0,1.0,1.0,1.0,1.0,1.0,1.0,,,,,
long_rvos/9bc92f09e0/1/2,long_rvos,9bc92f09e0,1,2,static,oracle_identity,point,True,0,1,134,1,1.0,1.0,1.0,1.0,1.0,1.0,1.0,,1,[],[],
long_rvos/9bc92f09e0/1/2,long_rvos,9bc92f09e0,1,2,static,oracle_identity,point,True,1,3,269,1,0.398964949423665,0.33204633204633205,0.3655056407349985,0.0,0.0,0.0,0.0,,2,[],[],
long_rvos/9bc92f09e0/1/2,long_rvos,9bc92f09e0,1,2,static,oracle_identity,point,True,2,5,404,1,0.9407311269738265,1.0,0.9703655634869133,0.0,0.0,0.0,0.0,,3,[],[],
long_rvos/9bc92f09e0/1/2,long_rvos,9bc92f09e0,1,2,static,oracle_identity,point,True,3,7,539,1,1.0,1.0,1.0,1.0,1.0,1.0,1.0,,4,[],[],
long_rvos/9bc92f09e0/1/2,long_rvos,9bc92f09e0,1,2,static,oracle_identity,box,True,0,1,134,1,1.0,1.0,1.0,1.0,1.0,1.0,1.0,,,,,
long_rvos/9bc92f09e0/1/2,long_rvos,9bc92f09e0,1,2,static,oracle_identity,box,True,1,3,269,1,0.398964949423665,0.33204633204633205,0.3655056407349985,0.0,0.0,0.0,0.0,"[0.421875, 0.20833333333333334, 0.096875, 0.3416666666666667]",,,,
long_rvos/9bc92f09e0/1/2,long_rvos,9bc92f09e0,1,2,static,oracle_identity,box,True,2,5,404,1,0.9407311269738265,1.0,0.9703655634869133,0.9307425097698654,0.9948006932409013,0.9627716015053833,0.9696095829636202,"[0.7984375, 0.3138888888888889, 0.1734375, 0.35555555555555557]",,,,0
long_rvos/9bc92f09e0/1/2,long_rvos,9bc92f09e0,1,2,static,oracle_identity,box,True,3,7,539,1,1.0,1.0,1.0,1.0,1.0,1.0,1.0,,,,,
long_rvos/9c1297ecd3/2/7,long_rvos,9c1297ecd3,2,7,dynamic,oracle_identity,point,True,0,1,109,0,0.8720632611272766,0.4181018097201903,0.6450825354237335,0.0,0.0,0.0,0.0,,1,[],[],
long_rvos/9c1297ecd3/2/7,long_rvos,9c1297ecd3,2,7,dynamic,oracle_identity,point,True,1,3,218,0,0.989305553418376,1.0,0.994652776709188,0.0,0.0,0.0,0.0,,2,[],[],
long_rvos/9c1297ecd3/2/7,long_rvos,9c1297ecd3,2,7,dynamic,oracle_identity,point,True,2,5,327,0,0.931984188914331,0.9449021764042101,0.9384431826592705,0.0,0.0,0.0,0.0,,3,[],[],
long_rvos/9c1297ecd3/2/7,long_rvos,9c1297ecd3,2,7,dynamic,oracle_identity,point,True,3,7,436,0,0.0,0.0,0.0,1.0,1.0,1.0,0.0,,4,[],[],
long_rvos/9c1297ecd3/2/7,long_rvos,9c1297ecd3,2,7,dynamic,oracle_identity,box,True,0,1,109,0,0.8720632611272766,0.4181018097201903,0.6450825354237335,0.02019864910637789,0.2563786710898624,0.13828866009812013,0.0,"[0.115625, 0.0, 0.884375, 1.0]",,,,0
long_rvos/9c1297ecd3/2/7,long_rvos,9c1297ecd3,2,7,dynamic,oracle_identity,box,True,1,3,218,0,0.989305553418376,1.0,0.994652776709188,0.9868117324797636,0.9624060150375939,0.9746088737586788,0.9952508807598591,"[0.7265625, 0.05625, 0.2734375, 0.94375]",,,,0
long_rvos/9c1297ecd3/2/7,long_rvos,9c1297ecd3,2,7,dynamic,oracle_identity,box,True,2,5,327,0,0.931984188914331,0.9449021764042101,0.9384431826592705,0.910451923686379,0.8549421749033526,0.8826970492948658,0.969639096367418,"[0.03125, 0.125, 0.4734375, 0.875]",,,,0
long_rvos/9c1297ecd3/2/7,long_rvos,9c1297ecd3,2,7,dynamic,oracle_identity,box,True,3,7,436,0,0.0,0.0,0.0,0.0,0.0,0.0,0.9946633075954114,"[0.1015625, 0.07083333333333333, 0.50625, 0.9291666666666667]",,,,0
long_rvos/9c1297ecd3/2/11,long_rvos,9c1297ecd3,2,11,hybrid,oracle_identity,point,True,0,1,109,0,0.8720632611272766,0.4181018097201903,0.6450825354237335,0.0,0.0,0.0,0.0,,1,[],[],
long_rvos/9c1297ecd3/2/11,long_rvos,9c1297ecd3,2,11,hybrid,oracle_identity,point,True,1,3,218,0,0.989305553418376,1.0,0.994652776709188,0.0,0.0,0.0,0.0,,2,[],[],
long_rvos/9c1297ecd3/2/11,long_rvos,9c1297ecd3,2,11,hybrid,oracle_identity,point,True,2,5,327,0,0.931984188914331,0.9449021764042101,0.9384431826592705,0.0,0.0,0.0,0.0,,3,[],[],
long_rvos/9c1297ecd3/2/11,long_rvos,9c1297ecd3,2,11,hybrid,oracle_identity,point,True,3,7,436,0,0.0,0.0,0.0,1.0,1.0,1.0,0.0,,4,[],[],
long_rvos/9c1297ecd3/2/11,long_rvos,9c1297ecd3,2,11,hybrid,oracle_identity,box,True,0,1,109,0,0.8720632611272766,0.4181018097201903,0.6450825354237335,0.02019864910637789,0.2563786710898624,0.13828866009812013,0.0,"[0.115625, 0.0, 0.884375, 1.0]",,,,0
long_rvos/9c1297ecd3/2/11,long_rvos,9c1297ecd3,2,11,hybrid,oracle_identity,box,True,1,3,218,0,0.989305553418376,1.0,0.994652776709188,0.9868117324797636,0.9624060150375939,0.9746088737586788,0.9952508807598591,"[0.7265625, 0.05625, 0.2734375, 0.94375]",,,,0
long_rvos/9c1297ecd3/2/11,long_rvos,9c1297ecd3,2,11,hybrid,oracle_identity,box,True,2,5,327,0,0.931984188914331,0.9449021764042101,0.9384431826592705,0.910451923686379,0.8549421749033526,0.8826970492948658,0.969639096367418,"[0.03125, 0.125, 0.4734375, 0.875]",,,,0
long_rvos/9c1297ecd3/2/11,long_rvos,9c1297ecd3,2,11,hybrid,oracle_identity,box,True,3,7,436,0,0.0,0.0,0.0,0.0,0.0,0.0,0.9946633075954114,"[0.1015625, 0.07083333333333333, 0.50625, 0.9291666666666667]",,,,0
long_rvos/9c1297ecd3/2/6,long_rvos,9c1297ecd3,2,6,static,oracle_identity,point,True,0,1,109,0,0.8720632611272766,0.4181018097201903,0.6450825354237335,0.0,0.0,0.0,0.0,,1,[],[],
long_rvos/9c1297ecd3/2/6,long_rvos,9c1297ecd3,2,6,static,oracle_identity,point,True,1,3,218,0,0.989305553418376,1.0,0.994652776709188,0.0,0.0,0.0,0.0,,2,[],[],
long_rvos/9c1297ecd3/2/6,long_rvos,9c1297ecd3,2,6,static,oracle_identity,point,True,2,5,327,0,0.931984188914331,0.9449021764042101,0.9384431826592705,0.0,0.0,0.0,0.0,,3,[],[],
long_rvos/9c1297ecd3/2/6,long_rvos,9c1297ecd3,2,6,static,oracle_identity,point,True,3,7,436,0,0.0,0.0,0.0,1.0,1.0,1.0,0.0,,4,[],[],
long_rvos/9c1297ecd3/2/6,long_rvos,9c1297ecd3,2,6,static,oracle_identity,box,True,0,1,109,0,0.8720632611272766,0.4181018097201903,0.6450825354237335,0.02019864910637789,0.2563786710898624,0.13828866009812013,0.0,"[0.115625, 0.0, 0.884375, 1.0]",,,,0
long_rvos/9c1297ecd3/2/6,long_rvos,9c1297ecd3,2,6,static,oracle_identity,box,True,1,3,218,0,0.989305553418376,1.0,0.994652776709188,0.9868117324797636,0.9624060150375939,0.9746088737586788,0.9952508807598591,"[0.7265625, 0.05625, 0.2734375, 0.94375]",,,,0
long_rvos/9c1297ecd3/2/6,long_rvos,9c1297ecd3,2,6,static,oracle_identity,box,True,2,5,327,0,0.931984188914331,0.9449021764042101,0.9384431826592705,0.910451923686379,0.8549421749033526,0.8826970492948658,0.969639096367418,"[0.03125, 0.125, 0.4734375, 0.875]",,,,0
long_rvos/9c1297ecd3/2/6,long_rvos,9c1297ecd3,2,6,static,oracle_identity,box,True,3,7,436,0,0.0,0.0,0.0,0.0,0.0,0.0,0.9946633075954114,"[0.1015625, 0.07083333333333333, 0.50625, 0.9291666666666667]",,,,0
long_rvos/af7297f0db/1/6,long_rvos,af7297f0db,1,6,hybrid,oracle_identity,point,True,0,1,114,16,0.0,0.0,0.0,0.0,0.0,0.0,1.0,,1,[],[],
long_rvos/af7297f0db/1/6,long_rvos,af7297f0db,1,6,hybrid,oracle_identity,point,True,1,3,228,16,0.4566709175927613,0.4834152029187197,0.4700430602557405,0.0,0.0,0.0,0.0,,2,[],[],
long_rvos/af7297f0db/1/6,long_rvos,af7297f0db,1,6,hybrid,oracle_identity,point,True,2,5,342,16,0.0,0.0,0.0,0.0,0.0,0.0,1.0,,3,[],[],
long_rvos/af7297f0db/1/6,long_rvos,af7297f0db,1,6,hybrid,oracle_identity,point,True,3,7,457,16,0.0,0.0,0.0,0.0,0.0,0.0,1.0,,4,[],[],
long_rvos/af7297f0db/1/6,long_rvos,af7297f0db,1,6,hybrid,oracle_identity,box,True,0,1,114,16,0.0,0.0,0.0,0.0,0.0,0.0,1.0,,,,,
long_rvos/af7297f0db/1/6,long_rvos,af7297f0db,1,6,hybrid,oracle_identity,box,True,1,3,228,16,0.4566709175927613,0.4834152029187197,0.4700430602557405,0.7467386687700989,0.5337545322581676,0.6402466005141332,0.6043181818181819,"[0.296875, 0.1125, 0.528125, 0.875]",,,,0
long_rvos/af7297f0db/1/6,long_rvos,af7297f0db,1,6,hybrid,oracle_identity,box,True,2,5,342,16,0.0,0.0,0.0,0.0,0.0,0.0,1.0,,,,,
long_rvos/af7297f0db/1/6,long_rvos,af7297f0db,1,6,hybrid,oracle_identity,box,True,3,7,457,16,0.0,0.0,0.0,0.0,0.0,0.0,1.0,,,,,
long_rvos/c5c9b749d4/2/5,long_rvos,c5c9b749d4,2,5,dynamic,oracle_identity,point,True,0,1,118,0,1.0,1.0,1.0,1.0,1.0,1.0,1.0,,1,[],[],
long_rvos/c5c9b749d4/2/5,long_rvos,c5c9b749d4,2,5,dynamic,oracle_identity,point,True,1,3,237,0,1.0,1.0,1.0,1.0,1.0,1.0,1.0,,2,[],[],
long_rvos/c5c9b749d4/2/5,long_rvos,c5c9b749d4,2,5,dynamic,oracle_identity,point,True,2,5,355,0,0.9449724989227689,0.8498866213151927,0.8974295601189808,0.0,0.0,0.0,0.0,,3,[],[],
long_rvos/c5c9b749d4/2/5,long_rvos,c5c9b749d4,2,5,dynamic,oracle_identity,point,True,3,7,474,0,1.0,1.0,1.0,1.0,1.0,1.0,1.0,,4,[],[],
long_rvos/c5c9b749d4/2/5,long_rvos,c5c9b749d4,2,5,dynamic,oracle_identity,box,True,0,1,118,0,1.0,1.0,1.0,1.0,1.0,1.0,1.0,,,,,
long_rvos/c5c9b749d4/2/5,long_rvos,c5c9b749d4,2,5,dynamic,oracle_identity,box,True,1,3,237,0,1.0,1.0,1.0,1.0,1.0,1.0,1.0,,,,,
long_rvos/c5c9b749d4/2/5,long_rvos,c5c9b749d4,2,5,dynamic,oracle_identity,box,True,2,5,355,0,0.9449724989227689,0.8498866213151927,0.8974295601189808,0.9551530832255283,0.8698060941828256,0.912479588704177,0.9801212057886213,"[0.6854166666666667, 0.022222222222222223, 0.3145833333333333, 0.9777777777777777]",,,,0
long_rvos/c5c9b749d4/2/5,long_rvos,c5c9b749d4,2,5,dynamic,oracle_identity,box,True,3,7,474,0,1.0,1.0,1.0,1.0,1.0,1.0,1.0,,,,,
long_rvos/c5c9b749d4/2/10,long_rvos,c5c9b749d4,2,10,hybrid,oracle_identity,point,True,0,1,118,0,1.0,1.0,1.0,1.0,1.0,1.0,1.0,,1,[],[],
long_rvos/c5c9b749d4/2/10,long_rvos,c5c9b749d4,2,10,hybrid,oracle_identity,point,True,1,3,237,0,1.0,1.0,1.0,1.0,1.0,1.0,1.0,,2,[],[],
long_rvos/c5c9b749d4/2/10,long_rvos,c5c9b749d4,2,10,hybrid,oracle_identity,point,True,2,5,355,0,0.9449724989227689,0.8498866213151927,0.8974295601189808,0.0,0.0,0.0,0.0,,3,[],[],
long_rvos/c5c9b749d4/2/10,long_rvos,c5c9b749d4,2,10,hybrid,oracle_identity,point,True,3,7,474,0,1.0,1.0,1.0,1.0,1.0,1.0,1.0,,4,[],[],
long_rvos/c5c9b749d4/2/10,long_rvos,c5c9b749d4,2,10,hybrid,oracle_identity,box,True,0,1,118,0,1.0,1.0,1.0,1.0,1.0,1.0,1.0,,,,,
long_rvos/c5c9b749d4/2/10,long_rvos,c5c9b749d4,2,10,hybrid,oracle_identity,box,True,1,3,237,0,1.0,1.0,1.0,1.0,1.0,1.0,1.0,,,,,
long_rvos/c5c9b749d4/2/10,long_rvos,c5c9b749d4,2,10,hybrid,oracle_identity,box,True,2,5,355,0,0.9449724989227689,0.8498866213151927,0.8974295601189808,0.9551530832255283,0.8698060941828256,0.912479588704177,0.9801212057886213,"[0.6854166666666667, 0.022222222222222223, 0.3145833333333333, 0.9777777777777777]",,,,0
long_rvos/c5c9b749d4/2/10,long_rvos,c5c9b749d4,2,10,hybrid,oracle_identity,box,True,3,7,474,0,1.0,1.0,1.0,1.0,1.0,1.0,1.0,,,,,
long_rvos/c5c9b749d4/2/4,long_rvos,c5c9b749d4,2,4,static,oracle_identity,point,True,0,1,118,0,1.0,1.0,1.0,1.0,1.0,1.0,1.0,,1,[],[],
long_rvos/c5c9b749d4/2/4,long_rvos,c5c9b749d4,2,4,static,oracle_identity,point,True,1,3,237,0,1.0,1.0,1.0,1.0,1.0,1.0,1.0,,2,[],[],
long_rvos/c5c9b749d4/2/4,long_rvos,c5c9b749d4,2,4,static,oracle_identity,point,True,2,5,355,0,0.9449724989227689,0.8498866213151927,0.8974295601189808,0.0,0.0,0.0,0.0,,3,[],[],
long_rvos/c5c9b749d4/2/4,long_rvos,c5c9b749d4,2,4,static,oracle_identity,point,True,3,7,474,0,1.0,1.0,1.0,1.0,1.0,1.0,1.0,,4,[],[],
long_rvos/c5c9b749d4/2/4,long_rvos,c5c9b749d4,2,4,static,oracle_identity,box,True,0,1,118,0,1.0,1.0,1.0,1.0,1.0,1.0,1.0,,,,,
long_rvos/c5c9b749d4/2/4,long_rvos,c5c9b749d4,2,4,static,oracle_identity,box,True,1,3,237,0,1.0,1.0,1.0,1.0,1.0,1.0,1.0,,,,,
long_rvos/c5c9b749d4/2/4,long_rvos,c5c9b749d4,2,4,static,oracle_identity,box,True,2,5,355,0,0.9449724989227689,0.8498866213151927,0.8974295601189808,0.9551530832255283,0.8698060941828256,0.912479588704177,0.9801212057886213,"[0.6854166666666667, 0.022222222222222223, 0.3145833333333333, 0.9777777777777777]",,,,0
long_rvos/c5c9b749d4/2/4,long_rvos,c5c9b749d4,2,4,static,oracle_identity,box,True,3,7,474,0,1.0,1.0,1.0,1.0,1.0,1.0,1.0,,,,,
long_rvos/6fb7a04167/12/5,long_rvos,6fb7a04167,12,5,dynamic,oracle_identity,point,True,0,1,74,2,1.0,1.0,1.0,1.0,1.0,1.0,1.0,,1,[],[],
long_rvos/6fb7a04167/12/5,long_rvos,6fb7a04167,12,5,dynamic,oracle_identity,point,True,1,3,148,2,1.0,1.0,1.0,1.0,1.0,1.0,1.0,,2,[],[],
long_rvos/6fb7a04167/12/5,long_rvos,6fb7a04167,12,5,dynamic,oracle_identity,point,True,2,5,222,2,0.8629776021080369,0.9148412914207262,0.8889094467643816,0.0,0.0,0.0,0.0,,3,[],[],
long_rvos/6fb7a04167/12/5,long_rvos,6fb7a04167,12,5,dynamic,oracle_identity,point,True,3,7,297,2,1.0,1.0,1.0,1.0,1.0,1.0,1.0,,4,[],[],
long_rvos/6fb7a04167/12/5,long_rvos,6fb7a04167,12,5,dynamic,oracle_identity,box,True,0,1,74,2,1.0,1.0,1.0,1.0,1.0,1.0,1.0,,,,,
long_rvos/6fb7a04167/12/5,long_rvos,6fb7a04167,12,5,dynamic,oracle_identity,box,True,1,3,148,2,1.0,1.0,1.0,1.0,1.0,1.0,1.0,,,,,
long_rvos/6fb7a04167/12/5,long_rvos,6fb7a04167,12,5,dynamic,oracle_identity,box,True,2,5,222,2,0.8629776021080369,0.9148412914207262,0.8889094467643816,0.2003076923076923,0.6248283119184759,0.4125680021130841,0.22589651862839194,"[0.0, 0.40555555555555556, 0.3546875, 0.5555555555555556]",,,,0
long_rvos/6fb7a04167/12/5,long_rvos,6fb7a04167,12,5,dynamic,oracle_identity,box,True,3,7,297,2,1.0,1.0,1.0,1.0,1.0,1.0,1.0,,,,,
long_rvos/6fb7a04167/12/25,long_rvos,6fb7a04167,12,25,hybrid,oracle_identity,point,True,0,1,74,2,1.0,1.0,1.0,1.0,1.0,1.0,1.0,,1,[],[],
long_rvos/6fb7a04167/12/25,long_rvos,6fb7a04167,12,25,hybrid,oracle_identity,point,True,1,3,148,2,1.0,1.0,1.0,1.0,1.0,1.0,1.0,,2,[],[],
long_rvos/6fb7a04167/12/25,long_rvos,6fb7a04167,12,25,hybrid,oracle_identity,point,True,2,5,222,2,0.8629776021080369,0.9148412914207262,0.8889094467643816,0.0,0.0,0.0,0.0,,3,[],[],
long_rvos/6fb7a04167/12/25,long_rvos,6fb7a04167,12,25,hybrid,oracle_identity,point,True,3,7,297,2,1.0,1.0,1.0,1.0,1.0,1.0,1.0,,4,[],[],
long_rvos/6fb7a04167/12/25,long_rvos,6fb7a04167,12,25,hybrid,oracle_identity,box,True,0,1,74,2,1.0,1.0,1.0,1.0,1.0,1.0,1.0,,,,,
long_rvos/6fb7a04167/12/25,long_rvos,6fb7a04167,12,25,hybrid,oracle_identity,box,True,1,3,148,2,1.0,1.0,1.0,1.0,1.0,1.0,1.0,,,,,
long_rvos/6fb7a04167/12/25,long_rvos,6fb7a04167,12,25,hybrid,oracle_identity,box,True,2,5,222,2,0.8629776021080369,0.9148412914207262,0.8889094467643816,0.2003076923076923,0.6248283119184759,0.4125680021130841,0.22589651862839194,"[0.0, 0.40555555555555556, 0.3546875, 0.5555555555555556]",,,,0
long_rvos/6fb7a04167/12/25,long_rvos,6fb7a04167,12,25,hybrid,oracle_identity,box,True,3,7,297,2,1.0,1.0,1.0,1.0,1.0,1.0,1.0,,,,,
long_rvos/6fb7a04167/12/6,long_rvos,6fb7a04167,12,6,static,oracle_identity,point,True,0,1,74,2,1.0,1.0,1.0,1.0,1.0,1.0,1.0,,1,[],[],
long_rvos/6fb7a04167/12/6,long_rvos,6fb7a04167,12,6,static,oracle_identity,point,True,1,3,148,2,1.0,1.0,1.0,1.0,1.0,1.0,1.0,,2,[],[],
long_rvos/6fb7a04167/12/6,long_rvos,6fb7a04167,12,6,static,oracle_identity,point,True,2,5,222,2,0.8629776021080369,0.9148412914207262,0.8889094467643816,0.0,0.0,0.0,0.0,,3,[],[],
long_rvos/6fb7a04167/12/6,long_rvos,6fb7a04167,12,6,static,oracle_identity,point,True,3,7,297,2,1.0,1.0,1.0,1.0,1.0,1.0,1.0,,4,[],[],
long_rvos/6fb7a04167/12/6,long_rvos,6fb7a04167,12,6,static,oracle_identity,box,True,0,1,74,2,1.0,1.0,1.0,1.0,1.0,1.0,1.0,,,,,
long_rvos/6fb7a04167/12/6,long_rvos,6fb7a04167,12,6,static,oracle_identity,box,True,1,3,148,2,1.0,1.0,1.0,1.0,1.0,1.0,1.0,,,,,
long_rvos/6fb7a04167/12/6,long_rvos,6fb7a04167,12,6,static,oracle_identity,box,True,2,5,222,2,0.8629776021080369,0.9148412914207262,0.8889094467643816,0.2003076923076923,0.6248283119184759,0.4125680021130841,0.22589651862839194,"[0.0, 0.40555555555555556, 0.3546875, 0.5555555555555556]",,,,0
long_rvos/6fb7a04167/12/6,long_rvos,6fb7a04167,12,6,static,oracle_identity,box,True,3,7,297,2,1.0,1.0,1.0,1.0,1.0,1.0,1.0,,,,,
long_rvos/d33c8343bc/3/10,long_rvos,d33c8343bc,3,10,hybrid,oracle_identity,point,True,0,1,64,2,0.7546545810877021,0.7616790740557304,0.7581668275717163,0.0,0.0,0.0,0.0,,1,[],[],
long_rvos/d33c8343bc/3/10,long_rvos,d33c8343bc,3,10,hybrid,oracle_identity,point,True,1,3,129,2,0.0,0.0,0.0,1.0,1.0,1.0,0.0,,2,[],[],
long_rvos/d33c8343bc/3/10,long_rvos,d33c8343bc,3,10,hybrid,oracle_identity,point,True,2,5,194,2,0.758364312267658,0.7065795622905667,0.7324719372791124,0.0,0.0,0.0,0.0,,3,[],[],
long_rvos/d33c8343bc/3/10,long_rvos,d33c8343bc,3,10,hybrid,oracle_identity,point,True,3,7,259,2,1.0,1.0,1.0,1.0,1.0,1.0,1.0,,4,[],[],
long_rvos/d33c8343bc/3/10,long_rvos,d33c8343bc,3,10,hybrid,oracle_identity,box,True,0,1,64,2,0.7546545810877021,0.7616790740557304,0.7581668275717163,0.747580546367757,0.761147507754206,0.7543640270609815,0.9906321606685538,"[0.4765625, 0.36041666666666666, 0.415625, 0.15416666666666667]",,,,0
long_rvos/d33c8343bc/3/10,long_rvos,d33c8343bc,3,10,hybrid,oracle_identity,box,True,1,3,129,2,0.0,0.0,0.0,0.0,0.0,0.0,0.982962707579153,"[0.0, 0.47708333333333336, 0.340625, 0.4625]",,,,0
long_rvos/d33c8343bc/3/10,long_rvos,d33c8343bc,3,10,hybrid,oracle_identity,box,True,2,5,194,2,0.758364312267658,0.7065795622905667,0.7324719372791124,0.7583198707592892,0.7126201839595965,0.7354700273594428,0.9901919866444073,"[0.0, 0.3104166666666667, 0.134375, 0.125]",,,,0
long_rvos/d33c8343bc/3/10,long_rvos,d33c8343bc,3,10,hybrid,oracle_identity,box,True,3,7,259,2,1.0,1.0,1.0,1.0,1.0,1.0,1.0,,,,,
long_rvos/2a87bea97e/1/1,long_rvos,2a87bea97e,1,1,dynamic,oracle_identity,point,True,0,1,84,1,0.8841403702259957,0.5797662522420113,0.7319533112340035,0.0,0.0,0.0,0.0,,1,[],[],
long_rvos/2a87bea97e/1/1,long_rvos,2a87bea97e,1,1,dynamic,oracle_identity,point,True,1,3,169,1,0.9522736402739538,0.8853143937545256,0.9187940170142397,0.0,0.0,0.0,0.0,,2,[],[],
long_rvos/2a87bea97e/1/1,long_rvos,2a87bea97e,1,1,dynamic,oracle_identity,point,True,2,5,253,1,0.0,0.0,0.0,0.0,0.0,0.0,1.0,,3,[],[],
long_rvos/2a87bea97e/1/1,long_rvos,2a87bea97e,1,1,dynamic,oracle_identity,point,True,3,7,338,1,1.0,1.0,1.0,1.0,1.0,1.0,1.0,,4,[],[],
long_rvos/2a87bea97e/1/1,long_rvos,2a87bea97e,1,1,dynamic,oracle_identity,box,True,0,1,84,1,0.8841403702259957,0.5797662522420113,0.7319533112340035,0.0,0.0,0.0,0.0,"[0.4625, 0.025, 0.5375, 0.975]",,,,
long_rvos/2a87bea97e/1/1,long_rvos,2a87bea97e,1,1,dynamic,oracle_identity,box,True,1,3,169,1,0.9522736402739538,0.8853143937545256,0.9187940170142397,0.9369200588523786,0.7433908164745564,0.8401554376634675,0.9709153794756907,"[0.053125, 0.06666666666666667, 0.821875, 0.9333333333333333]",,,,0
long_rvos/2a87bea97e/1/1,long_rvos,2a87bea97e,1,1,dynamic,oracle_identity,box,True,2,5,253,1,0.0,0.0,0.0,0.0,0.0,0.0,1.0,,,,,
long_rvos/2a87bea97e/1/1,long_rvos,2a87bea97e,1,1,dynamic,oracle_identity,box,True,3,7,338,1,1.0,1.0,1.0,1.0,1.0,1.0,1.0,,,,,
long_rvos/2a87bea97e/1/12,long_rvos,2a87bea97e,1,12,hybrid,oracle_identity,point,True,0,1,84,1,0.8841403702259957,0.5797662522420113,0.7319533112340035,0.0,0.0,0.0,0.0,,1,[],[],
long_rvos/2a87bea97e/1/12,long_rvos,2a87bea97e,1,12,hybrid,oracle_identity,point,True,1,3,169,1,0.9522736402739538,0.8853143937545256,0.9187940170142397,0.0,0.0,0.0,0.0,,2,[],[],
long_rvos/2a87bea97e/1/12,long_rvos,2a87bea97e,1,12,hybrid,oracle_identity,point,True,2,5,253,1,0.0,0.0,0.0,0.0,0.0,0.0,1.0,,3,[],[],
long_rvos/2a87bea97e/1/12,long_rvos,2a87bea97e,1,12,hybrid,oracle_identity,point,True,3,7,338,1,1.0,1.0,1.0,1.0,1.0,1.0,1.0,,4,[],[],
long_rvos/2a87bea97e/1/12,long_rvos,2a87bea97e,1,12,hybrid,oracle_identity,box,True,0,1,84,1,0.8841403702259957,0.5797662522420113,0.7319533112340035,0.0,0.0,0.0,0.0,"[0.4625, 0.025, 0.5375, 0.975]",,,,
long_rvos/2a87bea97e/1/12,long_rvos,2a87bea97e,1,12,hybrid,oracle_identity,box,True,1,3,169,1,0.9522736402739538,0.8853143937545256,0.9187940170142397,0.9369200588523786,0.7433908164745564,0.8401554376634675,0.9709153794756907,"[0.053125, 0.06666666666666667, 0.821875, 0.9333333333333333]",,,,0
long_rvos/2a87bea97e/1/12,long_rvos,2a87bea97e,1,12,hybrid,oracle_identity,box,True,2,5,253,1,0.0,0.0,0.0,0.0,0.0,0.0,1.0,,,,,
long_rvos/2a87bea97e/1/12,long_rvos,2a87bea97e,1,12,hybrid,oracle_identity,box,True,3,7,338,1,1.0,1.0,1.0,1.0,1.0,1.0,1.0,,,,,
long_rvos/2a87bea97e/1/0,long_rvos,2a87bea97e,1,0,static,oracle_identity,point,True,0,1,84,1,0.8841403702259957,0.5797662522420113,0.7319533112340035,0.0,0.0,0.0,0.0,,1,[],[],
long_rvos/2a87bea97e/1/0,long_rvos,2a87bea97e,1,0,static,oracle_identity,point,True,1,3,169,1,0.9522736402739538,0.8853143937545256,0.9187940170142397,0.0,0.0,0.0,0.0,,2,[],[],
long_rvos/2a87bea97e/1/0,long_rvos,2a87bea97e,1,0,static,oracle_identity,point,True,2,5,253,1,0.0,0.0,0.0,0.0,0.0,0.0,1.0,,3,[],[],
long_rvos/2a87bea97e/1/0,long_rvos,2a87bea97e,1,0,static,oracle_identity,point,True,3,7,338,1,1.0,1.0,1.0,1.0,1.0,1.0,1.0,,4,[],[],
long_rvos/2a87bea97e/1/0,long_rvos,2a87bea97e,1,0,static,oracle_identity,box,True,0,1,84,1,0.8841403702259957,0.5797662522420113,0.7319533112340035,0.0,0.0,0.0,0.0,"[0.4625, 0.025, 0.5375, 0.975]",,,,
long_rvos/2a87bea97e/1/0,long_rvos,2a87bea97e,1,0,static,oracle_identity,box,True,1,3,169,1,0.9522736402739538,0.8853143937545256,0.9187940170142397,0.9369200588523786,0.7433908164745564,0.8401554376634675,0.9709153794756907,"[0.053125, 0.06666666666666667, 0.821875, 0.9333333333333333]",,,,0
long_rvos/2a87bea97e/1/0,long_rvos,2a87bea97e,1,0,static,oracle_identity,box,True,2,5,253,1,0.0,0.0,0.0,0.0,0.0,0.0,1.0,,,,,
long_rvos/2a87bea97e/1/0,long_rvos,2a87bea97e,1,0,static,oracle_identity,box,True,3,7,338,1,1.0,1.0,1.0,1.0,1.0,1.0,1.0,,,,,
long_rvos/119777f4c0/1/1,long_rvos,119777f4c0,1,1,dynamic,oracle_identity,point,True,0,1,105,4,1.0,1.0,1.0,1.0,1.0,1.0,1.0,,1,[],[],
long_rvos/119777f4c0/1/1,long_rvos,119777f4c0,1,1,dynamic,oracle_identity,point,True,1,3,211,4,0.895669436977484,0.31224755856641256,0.6039584977719483,0.0,0.0,0.0,0.0,,2,[],[],
long_rvos/119777f4c0/1/1,long_rvos,119777f4c0,1,1,dynamic,oracle_identity,point,True,2,5,317,4,1.0,1.0,1.0,1.0,1.0,1.0,1.0,,3,[],[],
long_rvos/119777f4c0/1/1,long_rvos,119777f4c0,1,1,dynamic,oracle_identity,point,True,3,7,423,4,1.0,1.0,1.0,1.0,1.0,1.0,1.0,,4,[],[],
long_rvos/119777f4c0/1/1,long_rvos,119777f4c0,1,1,dynamic,oracle_identity,box,True,0,1,105,4,1.0,1.0,1.0,1.0,1.0,1.0,1.0,,,,,
long_rvos/119777f4c0/1/1,long_rvos,119777f4c0,1,1,dynamic,oracle_identity,box,True,1,3,211,4,0.895669436977484,0.31224755856641256,0.6039584977719483,0.6969403947237925,0.13939924274864976,0.41816981873622117,0.7752941021138383,"[0.28125, 0.2972222222222222, 0.71875, 0.7027777777777777]",,,,0
long_rvos/119777f4c0/1/1,long_rvos,119777f4c0,1,1,dynamic,oracle_identity,box,True,2,5,317,4,1.0,1.0,1.0,1.0,1.0,1.0,1.0,,,,,
long_rvos/119777f4c0/1/1,long_rvos,119777f4c0,1,1,dynamic,oracle_identity,box,True,3,7,423,4,1.0,1.0,1.0,1.0,1.0,1.0,1.0,,,,,
long_rvos/119777f4c0/1/12,long_rvos,119777f4c0,1,12,hybrid,oracle_identity,point,True,0,1,105,0,1.0,1.0,1.0,1.0,1.0,1.0,1.0,,1,[],[],
long_rvos/119777f4c0/1/12,long_rvos,119777f4c0,1,12,hybrid,oracle_identity,point,True,1,3,211,0,0.0,0.0,0.0,0.0,0.0,0.0,1.0,,2,[],[],
long_rvos/119777f4c0/1/12,long_rvos,119777f4c0,1,12,hybrid,oracle_identity,point,True,2,5,317,0,1.0,1.0,1.0,1.0,1.0,1.0,1.0,,3,[],[],
long_rvos/119777f4c0/1/12,long_rvos,119777f4c0,1,12,hybrid,oracle_identity,point,True,3,7,423,0,1.0,1.0,1.0,1.0,1.0,1.0,1.0,,4,[],[],
long_rvos/119777f4c0/1/12,long_rvos,119777f4c0,1,12,hybrid,oracle_identity,box,True,0,1,105,0,1.0,1.0,1.0,1.0,1.0,1.0,1.0,,,,,
long_rvos/119777f4c0/1/12,long_rvos,119777f4c0,1,12,hybrid,oracle_identity,box,True,1,3,211,0,0.0,0.0,0.0,0.0,0.0,0.0,1.0,,,,,
long_rvos/119777f4c0/1/12,long_rvos,119777f4c0,1,12,hybrid,oracle_identity,box,True,2,5,317,0,1.0,1.0,1.0,1.0,1.0,1.0,1.0,,,,,
long_rvos/119777f4c0/1/12,long_rvos,119777f4c0,1,12,hybrid,oracle_identity,box,True,3,7,423,0,1.0,1.0,1.0,1.0,1.0,1.0,1.0,,,,,
long_rvos/119777f4c0/1/2,long_rvos,119777f4c0,1,2,static,oracle_identity,point,True,0,1,105,4,1.0,1.0,1.0,1.0,1.0,1.0,1.0,,1,[],[],
long_rvos/119777f4c0/1/2,long_rvos,119777f4c0,1,2,static,oracle_identity,point,True,1,3,211,4,0.895669436977484,0.31224755856641256,0.6039584977719483,0.0,0.0,0.0,0.0,,2,[],[],
long_rvos/119777f4c0/1/2,long_rvos,119777f4c0,1,2,static,oracle_identity,point,True,2,5,317,4,1.0,1.0,1.0,1.0,1.0,1.0,1.0,,3,[],[],
long_rvos/119777f4c0/1/2,long_rvos,119777f4c0,1,2,static,oracle_identity,point,True,3,7,423,4,1.0,1.0,1.0,1.0,1.0,1.0,1.0,,4,[],[],
long_rvos/119777f4c0/1/2,long_rvos,119777f4c0,1,2,static,oracle_identity,box,True,0,1,105,4,1.0,1.0,1.0,1.0,1.0,1.0,1.0,,,,,
long_rvos/119777f4c0/1/2,long_rvos,119777f4c0,1,2,static,oracle_identity,box,True,1,3,211,4,0.895669436977484,0.31224755856641256,0.6039584977719483,0.6969403947237925,0.13939924274864976,0.41816981873622117,0.7752941021138383,"[0.28125, 0.2972222222222222, 0.71875, 0.7027777777777777]",,,,0
long_rvos/119777f4c0/1/2,long_rvos,119777f4c0,1,2,static,oracle_identity,box,True,2,5,317,4,1.0,1.0,1.0,1.0,1.0,1.0,1.0,,,,,
long_rvos/119777f4c0/1/2,long_rvos,119777f4c0,1,2,static,oracle_identity,box,True,3,7,423,4,1.0,1.0,1.0,1.0,1.0,1.0,1.0,,,,,
long_rvos/28ff632792/1/6,long_rvos,28ff632792,1,6,dynamic,oracle_identity,point,True,0,1,134,0,1.0,1.0,1.0,1.0,1.0,1.0,1.0,,1,[],[],
long_rvos/28ff632792/1/6,long_rvos,28ff632792,1,6,dynamic,oracle_identity,point,True,1,3,269,0,1.0,1.0,1.0,1.0,1.0,1.0,1.0,,2,[],[],
long_rvos/28ff632792/1/6,long_rvos,28ff632792,1,6,dynamic,oracle_identity,point,True,2,5,403,0,0.0,0.0,0.0,1.0,1.0,1.0,0.0,,3,[],[],
long_rvos/28ff632792/1/6,long_rvos,28ff632792,1,6,dynamic,oracle_identity,point,True,3,7,538,0,0.945313360502258,0.9782902528621804,0.9618018066822192,0.0,0.0,0.0,0.0,,4,[],[],
long_rvos/28ff632792/1/6,long_rvos,28ff632792,1,6,dynamic,oracle_identity,box,True,0,1,134,0,1.0,1.0,1.0,1.0,1.0,1.0,1.0,,,,,
long_rvos/28ff632792/1/6,long_rvos,28ff632792,1,6,dynamic,oracle_identity,box,True,1,3,269,0,1.0,1.0,1.0,1.0,1.0,1.0,1.0,,,,,
long_rvos/28ff632792/1/6,long_rvos,28ff632792,1,6,dynamic,oracle_identity,box,True,2,5,403,0,0.0,0.0,0.0,0.0,0.0,0.0,0.8909313725490197,"[0.0, 0.0, 0.0765625, 0.5625]",,,,0
long_rvos/28ff632792/1/6,long_rvos,28ff632792,1,6,dynamic,oracle_identity,box,True,3,7,538,0,0.945313360502258,0.9782902528621804,0.9618018066822192,0.0,0.0,0.0,0.0,"[0.0, 0.0, 0.296875, 1.0]",,,,
long_rvos/dca31590b8/2/5,long_rvos,dca31590b8,2,5,dynamic,oracle_identity,point,True,0,1,80,0,0.9143747548271804,0.7980259793912634,0.856200367109222,0.0,0.0,0.0,0.0,,1,[],[],
long_rvos/dca31590b8/2/5,long_rvos,dca31590b8,2,5,dynamic,oracle_identity,point,True,1,3,160,0,1.0,1.0,1.0,1.0,1.0,1.0,1.0,,2,[],[],
long_rvos/dca31590b8/2/5,long_rvos,dca31590b8,2,5,dynamic,oracle_identity,point,True,2,5,240,0,1.0,1.0,1.0,1.0,1.0,1.0,1.0,,3,[],[],
long_rvos/dca31590b8/2/5,long_rvos,dca31590b8,2,5,dynamic,oracle_identity,point,True,3,7,320,0,1.0,1.0,1.0,1.0,1.0,1.0,1.0,,4,[],[],
long_rvos/dca31590b8/2/5,long_rvos,dca31590b8,2,5,dynamic,oracle_identity,box,True,0,1,80,0,0.9143747548271804,0.7980259793912634,0.856200367109222,0.000803794817221587,0.16324007531108292,0.08202193506415226,0.0,"[0.4171875, 0.0, 0.5828125, 0.9166666666666666]",,,,0
long_rvos/dca31590b8/2/5,long_rvos,dca31590b8,2,5,dynamic,oracle_identity,box,True,1,3,160,0,1.0,1.0,1.0,1.0,1.0,1.0,1.0,,,,,
long_rvos/dca31590b8/2/5,long_rvos,dca31590b8,2,5,dynamic,oracle_identity,box,True,2,5,240,0,1.0,1.0,1.0,1.0,1.0,1.0,1.0,,,,,
long_rvos/dca31590b8/2/5,long_rvos,dca31590b8,2,5,dynamic,oracle_identity,box,True,3,7,320,0,1.0,1.0,1.0,1.0,1.0,1.0,1.0,,,,,
long_rvos/dca31590b8/2/11,long_rvos,dca31590b8,2,11,hybrid,oracle_identity,point,True,0,1,80,0,0.9143747548271804,0.7980259793912634,0.856200367109222,0.0,0.0,0.0,0.0,,1,[],[],
long_rvos/dca31590b8/2/11,long_rvos,dca31590b8,2,11,hybrid,oracle_identity,point,True,1,3,160,0,1.0,1.0,1.0,1.0,1.0,1.0,1.0,,2,[],[],
long_rvos/dca31590b8/2/11,long_rvos,dca31590b8,2,11,hybrid,oracle_identity,point,True,2,5,240,0,1.0,1.0,1.0,1.0,1.0,1.0,1.0,,3,[],[],
long_rvos/dca31590b8/2/11,long_rvos,dca31590b8,2,11,hybrid,oracle_identity,point,True,3,7,320,0,1.0,1.0,1.0,1.0,1.0,1.0,1.0,,4,[],[],
long_rvos/dca31590b8/2/11,long_rvos,dca31590b8,2,11,hybrid,oracle_identity,box,True,0,1,80,0,0.9143747548271804,0.7980259793912634,0.856200367109222,0.000803794817221587,0.16324007531108292,0.08202193506415226,0.0,"[0.4171875, 0.0, 0.5828125, 0.9166666666666666]",,,,0
long_rvos/dca31590b8/2/11,long_rvos,dca31590b8,2,11,hybrid,oracle_identity,box,True,1,3,160,0,1.0,1.0,1.0,1.0,1.0,1.0,1.0,,,,,
long_rvos/dca31590b8/2/11,long_rvos,dca31590b8,2,11,hybrid,oracle_identity,box,True,2,5,240,0,1.0,1.0,1.0,1.0,1.0,1.0,1.0,,,,,
long_rvos/dca31590b8/2/11,long_rvos,dca31590b8,2,11,hybrid,oracle_identity,box,True,3,7,320,0,1.0,1.0,1.0,1.0,1.0,1.0,1.0,,,,,
long_rvos/dca31590b8/2/6,long_rvos,dca31590b8,2,6,static,oracle_identity,point,True,0,1,80,0,0.9143747548271804,0.7980259793912634,0.856200367109222,0.0,0.0,0.0,0.0,,1,[],[],
long_rvos/dca31590b8/2/6,long_rvos,dca31590b8,2,6,static,oracle_identity,point,True,1,3,160,0,1.0,1.0,1.0,1.0,1.0,1.0,1.0,,2,[],[],
long_rvos/dca31590b8/2/6,long_rvos,dca31590b8,2,6,static,oracle_identity,point,True,2,5,240,0,1.0,1.0,1.0,1.0,1.0,1.0,1.0,,3,[],[],
long_rvos/dca31590b8/2/6,long_rvos,dca31590b8,2,6,static,oracle_identity,point,True,3,7,320,0,1.0,1.0,1.0,1.0,1.0,1.0,1.0,,4,[],[],
long_rvos/dca31590b8/2/6,long_rvos,dca31590b8,2,6,static,oracle_identity,box,True,0,1,80,0,0.9143747548271804,0.7980259793912634,0.856200367109222,0.000803794817221587,0.16324007531108292,0.08202193506415226,0.0,"[0.4171875, 0.0, 0.5828125, 0.9166666666666666]",,,,0
long_rvos/dca31590b8/2/6,long_rvos,dca31590b8,2,6,static,oracle_identity,box,True,1,3,160,0,1.0,1.0,1.0,1.0,1.0,1.0,1.0,,,,,
long_rvos/dca31590b8/2/6,long_rvos,dca31590b8,2,6,static,oracle_identity,box,True,2,5,240,0,1.0,1.0,1.0,1.0,1.0,1.0,1.0,,,,,
long_rvos/dca31590b8/2/6,long_rvos,dca31590b8,2,6,static,oracle_identity,box,True,3,7,320,0,1.0,1.0,1.0,1.0,1.0,1.0,1.0,,,,,
long_rvos/a595411232/3/9,long_rvos,a595411232,3,9,dynamic,oracle_identity,point,True,0,1,134,1,0.0,0.0,0.0,0.0,0.0,0.0,1.0,,1,[],[],
long_rvos/a595411232/3/9,long_rvos,a595411232,3,9,dynamic,oracle_identity,point,True,1,3,269,1,0.27454819277108433,0.35629588647816135,0.31542203962462284,0.0,0.0,0.0,0.0,,2,[],[],
long_rvos/a595411232/3/9,long_rvos,a595411232,3,9,dynamic,oracle_identity,point,True,2,5,404,1,0.8048595292331056,0.8957044431946007,0.8502819862138531,0.0,0.0,0.0,0.0,,3,[],[],
long_rvos/a595411232/3/9,long_rvos,a595411232,3,9,dynamic,oracle_identity,point,True,3,7,539,1,0.0,0.0,0.0,0.0,0.0,0.0,1.0,,4,[],[],
long_rvos/a595411232/3/9,long_rvos,a595411232,3,9,dynamic,oracle_identity,box,True,0,1,134,1,0.0,0.0,0.0,0.0,0.0,0.0,1.0,,,,,
long_rvos/a595411232/3/9,long_rvos,a595411232,3,9,dynamic,oracle_identity,box,True,1,3,269,1,0.27454819277108433,0.35629588647816135,0.31542203962462284,0.0,0.0,0.0,0.0,"[0.4421875, 0.5479166666666667, 0.2390625, 0.17083333333333334]",,,,
long_rvos/a595411232/3/9,long_rvos,a595411232,3,9,dynamic,oracle_identity,box,True,2,5,404,1,0.8048595292331056,0.8957044431946007,0.8502819862138531,0.752724795640327,0.9245742092457421,0.8386495024430345,0.8030981067125645,"[0.45625, 0.4666666666666667, 0.1921875, 0.12291666666666666]",,,,0
long_rvos/a595411232/3/9,long_rvos,a595411232,3,9,dynamic,oracle_identity,box,True,3,7,539,1,0.0,0.0,0.0,0.0,0.0,0.0,1.0,,,,,
long_rvos/a595411232/3/21,long_rvos,a595411232,3,21,hybrid,oracle_identity,point,True,0,1,134,1,0.0,0.0,0.0,0.0,0.0,0.0,1.0,,1,[],[],
long_rvos/a595411232/3/21,long_rvos,a595411232,3,21,hybrid,oracle_identity,point,True,1,3,269,1,0.27454819277108433,0.35629588647816135,0.31542203962462284,0.0,0.0,0.0,0.0,,2,[],[],
long_rvos/a595411232/3/21,long_rvos,a595411232,3,21,hybrid,oracle_identity,point,True,2,5,404,1,0.8048595292331056,0.8957044431946007,0.8502819862138531,0.0,0.0,0.0,0.0,,3,[],[],
long_rvos/a595411232/3/21,long_rvos,a595411232,3,21,hybrid,oracle_identity,point,True,3,7,539,1,0.0,0.0,0.0,0.0,0.0,0.0,1.0,,4,[],[],
long_rvos/a595411232/3/21,long_rvos,a595411232,3,21,hybrid,oracle_identity,box,True,0,1,134,1,0.0,0.0,0.0,0.0,0.0,0.0,1.0,,,,,
long_rvos/a595411232/3/21,long_rvos,a595411232,3,21,hybrid,oracle_identity,box,True,1,3,269,1,0.27454819277108433,0.35629588647816135,0.31542203962462284,0.0,0.0,0.0,0.0,"[0.4421875, 0.5479166666666667, 0.2390625, 0.17083333333333334]",,,,
long_rvos/a595411232/3/21,long_rvos,a595411232,3,21,hybrid,oracle_identity,box,True,2,5,404,1,0.8048595292331056,0.8957044431946007,0.8502819862138531,0.752724795640327,0.9245742092457421,0.8386495024430345,0.8030981067125645,"[0.45625, 0.4666666666666667, 0.1921875, 0.12291666666666666]",,,,0
long_rvos/a595411232/3/21,long_rvos,a595411232,3,21,hybrid,oracle_identity,box,True,3,7,539,1,0.0,0.0,0.0,0.0,0.0,0.0,1.0,,,,,
long_rvos/a595411232/3/8,long_rvos,a595411232,3,8,static,oracle_identity,point,True,0,1,134,1,0.0,0.0,0.0,0.0,0.0,0.0,1.0,,1,[],[],
long_rvos/a595411232/3/8,long_rvos,a595411232,3,8,static,oracle_identity,point,True,1,3,269,1,0.27454819277108433,0.35629588647816135,0.31542203962462284,0.0,0.0,0.0,0.0,,2,[],[],
long_rvos/a595411232/3/8,long_rvos,a595411232,3,8,static,oracle_identity,point,True,2,5,404,1,0.8048595292331056,0.8957044431946007,0.8502819862138531,0.0,0.0,0.0,0.0,,3,[],[],
long_rvos/a595411232/3/8,long_rvos,a595411232,3,8,static,oracle_identity,point,True,3,7,539,1,0.0,0.0,0.0,0.0,0.0,0.0,1.0,,4,[],[],
long_rvos/a595411232/3/8,long_rvos,a595411232,3,8,static,oracle_identity,box,True,0,1,134,1,0.0,0.0,0.0,0.0,0.0,0.0,1.0,,,,,
long_rvos/a595411232/3/8,long_rvos,a595411232,3,8,static,oracle_identity,box,True,1,3,269,1,0.27454819277108433,0.35629588647816135,0.31542203962462284,0.0,0.0,0.0,0.0,"[0.4421875, 0.5479166666666667, 0.2390625, 0.17083333333333334]",,,,
long_rvos/a595411232/3/8,long_rvos,a595411232,3,8,static,oracle_identity,box,True,2,5,404,1,0.8048595292331056,0.8957044431946007,0.8502819862138531,0.752724795640327,0.9245742092457421,0.8386495024430345,0.8030981067125645,"[0.45625, 0.4666666666666667, 0.1921875, 0.12291666666666666]",,,,0
long_rvos/a595411232/3/8,long_rvos,a595411232,3,8,static,oracle_identity,box,True,3,7,539,1,0.0,0.0,0.0,0.0,0.0,0.0,1.0,,,,,
long_rvos/e9b78ad8e7/1/6,long_rvos,e9b78ad8e7,1,6,hybrid,oracle_identity,point,True,0,1,110,0,0.9068825910931174,1.0,0.9534412955465588,0.0,0.0,0.0,0.0,,1,[],[],
long_rvos/e9b78ad8e7/1/6,long_rvos,e9b78ad8e7,1,6,hybrid,oracle_identity,point,True,1,3,220,0,0.0,0.0,0.0,1.0,1.0,1.0,0.0,,2,[],[],
long_rvos/e9b78ad8e7/1/6,long_rvos,e9b78ad8e7,1,6,hybrid,oracle_identity,point,True,2,5,330,0,0.0,0.0,0.0,0.0,0.0,0.0,1.0,,3,[],[],
long_rvos/e9b78ad8e7/1/6,long_rvos,e9b78ad8e7,1,6,hybrid,oracle_identity,point,True,3,7,440,0,1.0,1.0,1.0,1.0,1.0,1.0,1.0,,4,[],[],
long_rvos/e9b78ad8e7/1/6,long_rvos,e9b78ad8e7,1,6,hybrid,oracle_identity,box,True,0,1,110,0,0.9068825910931174,1.0,0.9534412955465588,0.8910788381742739,0.9940828402366864,0.9425808392054802,0.927645788336933,"[0.515625, 0.5305555555555556, 0.034375, 0.15]",,,,0
long_rvos/e9b78ad8e7/1/6,long_rvos,e9b78ad8e7,1,6,hybrid,oracle_identity,box,True,1,3,220,0,0.0,0.0,0.0,0.0,0.0,0.0,0.9598623853211009,"[0.459375, 0.6555555555555556, 0.0703125, 0.075]",,,,0
long_rvos/e9b78ad8e7/1/6,long_rvos,e9b78ad8e7,1,6,hybrid,oracle_identity,box,True,2,5,330,0,0.0,0.0,0.0,0.0,0.0,0.0,1.0,,,,,
long_rvos/e9b78ad8e7/1/6,long_rvos,e9b78ad8e7,1,6,hybrid,oracle_identity,box,True,3,7,440,0,1.0,1.0,1.0,1.0,1.0,1.0,1.0,,,,,
long_rvos/2c4cbde1aa/1/1,long_rvos,2c4cbde1aa,1,1,dynamic,oracle_identity,point,True,0,1,58,0,0.9373219373219374,1.0,0.9686609686609686,0.0,0.0,0.0,0.0,,1,[],[],
long_rvos/2c4cbde1aa/1/1,long_rvos,2c4cbde1aa,1,1,dynamic,oracle_identity,point,True,1,3,117,0,0.0725925925925926,0.4929818555289285,0.2827872240607605,0.0,0.0,0.0,0.0,,2,[],[],
long_rvos/2c4cbde1aa/1/1,long_rvos,2c4cbde1aa,1,1,dynamic,oracle_identity,point,True,2,5,175,0,0.0,0.0,0.0,0.0,0.0,0.0,1.0,,3,[],[],
long_rvos/2c4cbde1aa/1/1,long_rvos,2c4cbde1aa,1,1,dynamic,oracle_identity,point,True,3,7,234,0,0.0,0.0,0.0,0.0,0.0,0.0,1.0,,4,[],[],
long_rvos/2c4cbde1aa/1/1,long_rvos,2c4cbde1aa,1,1,dynamic,oracle_identity,box,True,0,1,58,0,0.9373219373219374,1.0,0.9686609686609686,0.910594439117929,1.0,0.9552972195589645,0.9442836468885673,"[0.28828125, 0.4986111111111111, 0.07421875, 0.08194444444444444]",,,,0
long_rvos/2c4cbde1aa/1/1,long_rvos,2c4cbde1aa,1,1,dynamic,oracle_identity,box,True,1,3,117,0,0.0725925925925926,0.4929818555289285,0.2827872240607605,0.0,0.0,0.0,0.0,"[0.34296875, 0.43472222222222223, 0.26484375, 0.02361111111111111]",,,,
long_rvos/2c4cbde1aa/1/1,long_rvos,2c4cbde1aa,1,1,dynamic,oracle_identity,box,True,2,5,175,0,0.0,0.0,0.0,0.0,0.0,0.0,1.0,,,,,
long_rvos/2c4cbde1aa/1/1,long_rvos,2c4cbde1aa,1,1,dynamic,oracle_identity,box,True,3,7,234,0,0.0,0.0,0.0,0.0,0.0,0.0,1.0,,,,,
long_rvos/2c4cbde1aa/1/7,long_rvos,2c4cbde1aa,1,7,hybrid,oracle_identity,point,True,0,1,58,0,0.932573599240266,1.0,0.966286799620133,0.0,0.0,0.0,0.0,,1,[],[],
long_rvos/2c4cbde1aa/1/7,long_rvos,2c4cbde1aa,1,7,hybrid,oracle_identity,point,True,1,3,117,0,0.0011248593925759281,0.061538461538461535,0.03133166046551873,0.0,0.0,0.0,0.0,,2,[],[],
long_rvos/2c4cbde1aa/1/7,long_rvos,2c4cbde1aa,1,7,hybrid,oracle_identity,point,True,2,5,175,0,0.0,0.0,0.0,0.0,0.0,0.0,1.0,,3,[],[],
long_rvos/2c4cbde1aa/1/7,long_rvos,2c4cbde1aa,1,7,hybrid,oracle_identity,point,True,3,7,234,0,0.0,0.0,0.0,0.0,0.0,0.0,1.0,,4,[],[],
long_rvos/2c4cbde1aa/1/7,long_rvos,2c4cbde1aa,1,7,hybrid,oracle_identity,box,True,0,1,58,0,0.932573599240266,1.0,0.966286799620133,0.9100693613967951,1.0,0.9550346806983976,0.9520232614489944,"[0.28828125, 0.4986111111111111, 0.075, 0.08194444444444444]",,,,0
long_rvos/2c4cbde1aa/1/7,long_rvos,2c4cbde1aa,1,7,hybrid,oracle_identity,box,True,1,3,117,0,0.0011248593925759281,0.061538461538461535,0.03133166046551873,0.0,0.0,0.0,0.0,"[0.34296875, 0.4375, 0.26328125, 0.020833333333333332]",,,,
long_rvos/2c4cbde1aa/1/7,long_rvos,2c4cbde1aa,1,7,hybrid,oracle_identity,box,True,2,5,175,0,0.0,0.0,0.0,0.0,0.0,0.0,1.0,,,,,
long_rvos/2c4cbde1aa/1/7,long_rvos,2c4cbde1aa,1,7,hybrid,oracle_identity,box,True,3,7,234,0,0.0,0.0,0.0,0.0,0.0,0.0,1.0,,,,,
long_rvos/2c4cbde1aa/1/2,long_rvos,2c4cbde1aa,1,2,static,oracle_identity,point,True,0,1,58,0,0.932573599240266,1.0,0.966286799620133,0.0,0.0,0.0,0.0,,1,[],[],
long_rvos/2c4cbde1aa/1/2,long_rvos,2c4cbde1aa,1,2,static,oracle_identity,point,True,1,3,117,0,0.0011248593925759281,0.061538461538461535,0.03133166046551873,0.0,0.0,0.0,0.0,,2,[],[],
long_rvos/2c4cbde1aa/1/2,long_rvos,2c4cbde1aa,1,2,static,oracle_identity,point,True,2,5,175,0,0.0,0.0,0.0,0.0,0.0,0.0,1.0,,3,[],[],
long_rvos/2c4cbde1aa/1/2,long_rvos,2c4cbde1aa,1,2,static,oracle_identity,point,True,3,7,234,0,0.0,0.0,0.0,0.0,0.0,0.0,1.0,,4,[],[],
long_rvos/2c4cbde1aa/1/2,long_rvos,2c4cbde1aa,1,2,static,oracle_identity,box,True,0,1,58,0,0.932573599240266,1.0,0.966286799620133,0.9100693613967951,1.0,0.9550346806983976,0.9520232614489944,"[0.28828125, 0.4986111111111111, 0.075, 0.08194444444444444]",,,,0
long_rvos/2c4cbde1aa/1/2,long_rvos,2c4cbde1aa,1,2,static,oracle_identity,box,True,1,3,117,0,0.0011248593925759281,0.061538461538461535,0.03133166046551873,0.0,0.0,0.0,0.0,"[0.34296875, 0.4375, 0.26328125, 0.020833333333333332]",,,,
long_rvos/2c4cbde1aa/1/2,long_rvos,2c4cbde1aa,1,2,static,oracle_identity,box,True,2,5,175,0,0.0,0.0,0.0,0.0,0.0,0.0,1.0,,,,,
long_rvos/2c4cbde1aa/1/2,long_rvos,2c4cbde1aa,1,2,static,oracle_identity,box,True,3,7,234,0,0.0,0.0,0.0,0.0,0.0,0.0,1.0,,,,,
long_rvos/84dc481247/3/15,long_rvos,84dc481247,3,15,hybrid,predicted_static,point,False,0,1,81,,0.0,0.0,0.0,0.0,0.0,0.0,1.0,,1,[],[],
long_rvos/84dc481247/3/15,long_rvos,84dc481247,3,15,hybrid,predicted_static,point,False,1,3,163,,0.0,0.0,0.0,0.0,0.0,0.0,1.0,,2,[],[],
long_rvos/84dc481247/3/15,long_rvos,84dc481247,3,15,hybrid,predicted_static,point,False,2,5,244,,1.0,1.0,1.0,1.0,1.0,1.0,1.0,,3,[],[],
long_rvos/84dc481247/3/15,long_rvos,84dc481247,3,15,hybrid,predicted_static,point,False,3,7,326,,1.0,1.0,1.0,1.0,1.0,1.0,1.0,,4,[],[],
long_rvos/84dc481247/3/15,long_rvos,84dc481247,3,15,hybrid,predicted_static,box,False,0,1,81,,0.0,0.0,0.0,0.0,0.0,0.0,1.0,,,,,
long_rvos/84dc481247/3/15,long_rvos,84dc481247,3,15,hybrid,predicted_static,box,False,1,3,163,,0.0,0.0,0.0,0.0,0.0,0.0,1.0,,,,,
long_rvos/84dc481247/3/15,long_rvos,84dc481247,3,15,hybrid,predicted_static,box,False,2,5,244,,1.0,1.0,1.0,1.0,1.0,1.0,1.0,,,,,
long_rvos/84dc481247/3/15,long_rvos,84dc481247,3,15,hybrid,predicted_static,box,False,3,7,326,,1.0,1.0,1.0,1.0,1.0,1.0,1.0,,,,,
long_rvos/84dc481247/3/8,long_rvos,84dc481247,3,8,static,predicted_static,point,False,0,1,81,,0.0,0.0,0.0,0.0,0.0,0.0,1.0,,1,[],[],
long_rvos/84dc481247/3/8,long_rvos,84dc481247,3,8,static,predicted_static,point,False,1,3,163,,0.0,0.0,0.0,0.0,0.0,0.0,1.0,,2,[],[],
long_rvos/84dc481247/3/8,long_rvos,84dc481247,3,8,static,predicted_static,point,False,2,5,244,,1.0,1.0,1.0,1.0,1.0,1.0,1.0,,3,[],[],
long_rvos/84dc481247/3/8,long_rvos,84dc481247,3,8,static,predicted_static,point,False,3,7,326,,1.0,1.0,1.0,1.0,1.0,1.0,1.0,,4,[],[],
long_rvos/84dc481247/3/8,long_rvos,84dc481247,3,8,static,predicted_static,box,False,0,1,81,,0.0,0.0,0.0,0.0,0.0,0.0,1.0,,,,,
long_rvos/84dc481247/3/8,long_rvos,84dc481247,3,8,static,predicted_static,box,False,1,3,163,,0.0,0.0,0.0,0.0,0.0,0.0,1.0,,,,,
long_rvos/84dc481247/3/8,long_rvos,84dc481247,3,8,static,predicted_static,box,False,2,5,244,,1.0,1.0,1.0,1.0,1.0,1.0,1.0,,,,,
long_rvos/84dc481247/3/8,long_rvos,84dc481247,3,8,static,predicted_static,box,False,3,7,326,,1.0,1.0,1.0,1.0,1.0,1.0,1.0,,,,,
long_rvos/9bc92f09e0/1/3,long_rvos,9bc92f09e0,1,3,dynamic,predicted_static,point,False,0,1,134,0,0.0,0.0,0.0,1.0,1.0,1.0,0.0,,1,[],[],
long_rvos/9bc92f09e0/1/3,long_rvos,9bc92f09e0,1,3,dynamic,predicted_static,point,False,1,3,269,1,0.3967275314204411,0.33978850254580273,0.3682580169831219,0.0,0.0,0.0,0.0,,2,[],[],
long_rvos/9bc92f09e0/1/3,long_rvos,9bc92f09e0,1,3,dynamic,predicted_static,point,False,2,5,404,1,0.9386383347788378,1.0,0.9693191673894189,0.0,0.0,0.0,0.0,,3,[],[],
long_rvos/9bc92f09e0/1/3,long_rvos,9bc92f09e0,1,3,dynamic,predicted_static,point,False,3,7,539,4,0.0,0.0,0.0,1.0,1.0,1.0,0.0,,4,[],[],
long_rvos/9bc92f09e0/1/3,long_rvos,9bc92f09e0,1,3,dynamic,predicted_static,box,False,0,1,134,0,0.0,0.0,0.0,1.0,1.0,1.0,0.0,"[0.14375, 0.33055555555555555, 0.075, 0.4666666666666667]",,,,
long_rvos/9bc92f09e0/1/3,long_rvos,9bc92f09e0,1,3,dynamic,predicted_static,box,False,1,3,269,1,0.3967275314204411,0.33978850254580273,0.3682580169831219,0.0,0.0,0.0,0.0,"[0.4234375, 0.20833333333333334, 0.09375, 0.3388888888888889]",,,,
long_rvos/9bc92f09e0/1/3,long_rvos,9bc92f09e0,1,3,dynamic,predicted_static,box,False,2,5,404,1,0.9386383347788378,1.0,0.9693191673894189,0.9305254016500217,0.9948006932409013,0.9626630474454615,0.9686248331108144,"[0.7984375, 0.3138888888888889, 0.171875, 0.35555555555555557]",,,,0
long_rvos/9bc92f09e0/1/3,long_rvos,9bc92f09e0,1,3,dynamic,predicted_static,box,False,3,7,539,4,0.0,0.0,0.0,1.0,1.0,1.0,0.0,"[0.63125, 0.325, 0.0828125, 0.3388888888888889]",,,,
long_rvos/9bc92f09e0/1/0,long_rvos,9bc92f09e0,1,0,static,predicted_static,point,False,0,1,134,0,1.0,1.0,1.0,1.0,1.0,1.0,1.0,,1,[],[],
long_rvos/9bc92f09e0/1/0,long_rvos,9bc92f09e0,1,0,static,predicted_static,point,False,1,3,269,2,0.3984101005377601,0.328959758930253,0.36368492973400657,0.0,0.0,0.0,0.0,,2,[],[],
long_rvos/9bc92f09e0/1/0,long_rvos,9bc92f09e0,1,0,static,predicted_static,point,False,2,5,404,2,0.9218782901663508,1.0,0.9609391450831755,0.0,0.0,0.0,0.0,,3,[],[],
long_rvos/9bc92f09e0/1/0,long_rvos,9bc92f09e0,1,0,static,predicted_static,point,False,3,7,539,0,1.0,1.0,1.0,1.0,1.0,1.0,1.0,,4,[],[],
long_rvos/9bc92f09e0/1/0,long_rvos,9bc92f09e0,1,0,static,predicted_static,box,False,0,1,134,0,1.0,1.0,1.0,1.0,1.0,1.0,1.0,,,,,
long_rvos/9bc92f09e0/1/0,long_rvos,9bc92f09e0,1,0,static,predicted_static,box,False,1,3,269,2,0.3984101005377601,0.328959758930253,0.36368492973400657,0.0,0.0,0.0,0.0,"[0.421875, 0.20833333333333334, 0.096875, 0.3416666666666667]",,,,
long_rvos/9bc92f09e0/1/0,long_rvos,9bc92f09e0,1,0,static,predicted_static,box,False,2,5,404,2,0.9218782901663508,1.0,0.9609391450831755,0.9343587521663779,1.0,0.9671793760831889,0.9488611946712505,"[0.7984375, 0.3138888888888889, 0.18125, 0.35555555555555557]",,,,0
long_rvos/9bc92f09e0/1/0,long_rvos,9bc92f09e0,1,0,static,predicted_static,box,False,3,7,539,0,1.0,1.0,1.0,1.0,1.0,1.0,1.0,,,,,
long_rvos/9c1297ecd3/2/5,long_rvos,9c1297ecd3,2,5,dynamic,predicted_static,point,False,0,1,109,3,0.00029529884242853767,0.045180722891566265,0.0227380108669974,0.0,0.0,0.0,0.0,,1,[],[],
long_rvos/9c1297ecd3/2/5,long_rvos,9c1297ecd3,2,5,dynamic,predicted_static,point,False,1,3,218,1,0.0,0.0,0.0,0.0,0.0,0.0,0.0,,2,[],[],
long_rvos/9c1297ecd3/2/5,long_rvos,9c1297ecd3,2,5,dynamic,predicted_static,point,False,2,5,327,7,0.0,0.0,0.0,0.0,0.0,0.0,0.0,,3,[],[],
long_rvos/9c1297ecd3/2/5,long_rvos,9c1297ecd3,2,5,dynamic,predicted_static,point,False,3,7,436,0,0.0,0.0,0.0,1.0,1.0,1.0,0.0,,4,[],[],
long_rvos/9c1297ecd3/2/5,long_rvos,9c1297ecd3,2,5,dynamic,predicted_static,box,False,0,1,109,3,0.00029529884242853767,0.045180722891566265,0.0227380108669974,0.00031446354299547293,0.04469246455741027,0.022503464050202874,0.9906506372220215,"[0.0, 0.0, 0.4734375, 1.0]",,,,0
long_rvos/9c1297ecd3/2/5,long_rvos,9c1297ecd3,2,5,dynamic,predicted_static,box,False,1,3,218,1,0.0,0.0,0.0,0.0,0.0,0.0,0.0,"[0.0, 0.041666666666666664, 0.3984375, 0.9583333333333334]",,,,
long_rvos/9c1297ecd3/2/5,long_rvos,9c1297ecd3,2,5,dynamic,predicted_static,box,False,2,5,327,7,0.0,0.0,0.0,0.0,0.0,0.0,0.0,"[0.7515625, 0.125, 0.2484375, 0.875]",,,,
long_rvos/9c1297ecd3/2/5,long_rvos,9c1297ecd3,2,5,dynamic,predicted_static,box,False,3,7,436,0,0.0,0.0,0.0,0.0,0.0,0.0,0.9946633075954114,"[0.1015625, 0.07083333333333333, 0.50625, 0.9291666666666667]",,,,0
long_rvos/9c1297ecd3/2/10,long_rvos,9c1297ecd3,2,10,hybrid,predicted_static,point,False,0,1,109,0,0.8720632611272766,0.4181018097201903,0.6450825354237335,0.0,0.0,0.0,0.0,,1,[],[],
long_rvos/9c1297ecd3/2/10,long_rvos,9c1297ecd3,2,10,hybrid,predicted_static,point,False,1,3,218,0,0.989305553418376,1.0,0.994652776709188,0.0,0.0,0.0,0.0,,2,[],[],
long_rvos/9c1297ecd3/2/10,long_rvos,9c1297ecd3,2,10,hybrid,predicted_static,point,False,2,5,327,0,0.931984188914331,0.9449021764042101,0.9384431826592705,0.0,0.0,0.0,0.0,,3,[],[],
long_rvos/9c1297ecd3/2/10,long_rvos,9c1297ecd3,2,10,hybrid,predicted_static,point,False,3,7,436,0,0.0,0.0,0.0,1.0,1.0,1.0,0.0,,4,[],[],
long_rvos/9c1297ecd3/2/10,long_rvos,9c1297ecd3,2,10,hybrid,predicted_static,box,False,0,1,109,0,0.8720632611272766,0.4181018097201903,0.6450825354237335,0.02019864910637789,0.2563786710898624,0.13828866009812013,0.0,"[0.115625, 0.0, 0.884375, 1.0]",,,,0
long_rvos/9c1297ecd3/2/10,long_rvos,9c1297ecd3,2,10,hybrid,predicted_static,box,False,1,3,218,0,0.989305553418376,1.0,0.994652776709188,0.9868117324797636,0.9624060150375939,0.9746088737586788,0.9952508807598591,"[0.7265625, 0.05625, 0.2734375, 0.94375]",,,,0
long_rvos/9c1297ecd3/2/10,long_rvos,9c1297ecd3,2,10,hybrid,predicted_static,box,False,2,5,327,0,0.931984188914331,0.9449021764042101,0.9384431826592705,0.910451923686379,0.8549421749033526,0.8826970492948658,0.969639096367418,"[0.03125, 0.125, 0.4734375, 0.875]",,,,0
long_rvos/9c1297ecd3/2/10,long_rvos,9c1297ecd3,2,10,hybrid,predicted_static,box,False,3,7,436,0,0.0,0.0,0.0,0.0,0.0,0.0,0.9946633075954114,"[0.1015625, 0.07083333333333333, 0.50625, 0.9291666666666667]",,,,0
long_rvos/9c1297ecd3/2/4,long_rvos,9c1297ecd3,2,4,static,predicted_static,point,False,0,1,109,0,0.8720632611272766,0.4181018097201903,0.6450825354237335,0.0,0.0,0.0,0.0,,1,[],[],
long_rvos/9c1297ecd3/2/4,long_rvos,9c1297ecd3,2,4,static,predicted_static,point,False,1,3,218,0,0.989305553418376,1.0,0.994652776709188,0.0,0.0,0.0,0.0,,2,[],[],
long_rvos/9c1297ecd3/2/4,long_rvos,9c1297ecd3,2,4,static,predicted_static,point,False,2,5,327,0,0.931984188914331,0.9449021764042101,0.9384431826592705,0.0,0.0,0.0,0.0,,3,[],[],
long_rvos/9c1297ecd3/2/4,long_rvos,9c1297ecd3,2,4,static,predicted_static,point,False,3,7,436,0,0.0,0.0,0.0,1.0,1.0,1.0,0.0,,4,[],[],
long_rvos/9c1297ecd3/2/4,long_rvos,9c1297ecd3,2,4,static,predicted_static,box,False,0,1,109,0,0.8720632611272766,0.4181018097201903,0.6450825354237335,0.02019864910637789,0.2563786710898624,0.13828866009812013,0.0,"[0.115625, 0.0, 0.884375, 1.0]",,,,0
long_rvos/9c1297ecd3/2/4,long_rvos,9c1297ecd3,2,4,static,predicted_static,box,False,1,3,218,0,0.989305553418376,1.0,0.994652776709188,0.9868117324797636,0.9624060150375939,0.9746088737586788,0.9952508807598591,"[0.7265625, 0.05625, 0.2734375, 0.94375]",,,,0
long_rvos/9c1297ecd3/2/4,long_rvos,9c1297ecd3,2,4,static,predicted_static,box,False,2,5,327,0,0.931984188914331,0.9449021764042101,0.9384431826592705,0.910451923686379,0.8549421749033526,0.8826970492948658,0.969639096367418,"[0.03125, 0.125, 0.4734375, 0.875]",,,,0
long_rvos/9c1297ecd3/2/4,long_rvos,9c1297ecd3,2,4,static,predicted_static,box,False,3,7,436,0,0.0,0.0,0.0,0.0,0.0,0.0,0.9946633075954114,"[0.1015625, 0.07083333333333333, 0.50625, 0.9291666666666667]",,,,0
long_rvos/af7297f0db/1/1,long_rvos,af7297f0db,1,1,dynamic,predicted_static,point,False,0,1,114,5,0.636897001303781,0.8562502711849698,0.7465736362443753,0.0,0.0,0.0,0.0,,1,[],[],
long_rvos/af7297f0db/1/1,long_rvos,af7297f0db,1,1,dynamic,predicted_static,point,False,1,3,228,16,0.4566709175927613,0.4834152029187197,0.4700430602557405,0.0,0.0,0.0,0.0,,2,[],[],
long_rvos/af7297f0db/1/1,long_rvos,af7297f0db,1,1,dynamic,predicted_static,point,False,2,5,342,0,0.0,0.0,0.0,0.0,0.0,0.0,1.0,,3,[],[],
long_rvos/af7297f0db/1/1,long_rvos,af7297f0db,1,1,dynamic,predicted_static,point,False,3,7,457,0,0.9385206532180596,0.9439700161305628,0.9412453346743112,0.0,0.0,0.0,0.0,,4,[],[],
long_rvos/af7297f0db/1/1,long_rvos,af7297f0db,1,1,dynamic,predicted_static,box,False,0,1,114,5,0.636897001303781,0.8562502711849698,0.7465736362443753,0.6179554390563565,0.8336479066575154,0.725801672856936,0.9304635761589404,"[0.259375, 0.2625, 0.1, 0.4041666666666667]",,,,0
long_rvos/af7297f0db/1/1,long_rvos,af7297f0db,1,1,dynamic,predicted_static,box,False,1,3,228,16,0.4566709175927613,0.4834152029187197,0.4700430602557405,0.7467386687700989,0.5337545322581676,0.6402466005141332,0.6043181818181819,"[0.296875, 0.1125, 0.528125, 0.875]",,,,0
long_rvos/af7297f0db/1/1,long_rvos,af7297f0db,1,1,dynamic,predicted_static,box,False,2,5,342,0,0.0,0.0,0.0,0.0,0.0,0.0,1.0,,,,,
long_rvos/af7297f0db/1/1,long_rvos,af7297f0db,1,1,dynamic,predicted_static,box,False,3,7,457,0,0.9385206532180596,0.9439700161305628,0.9412453346743112,0.9228585278027838,0.9214746822675005,0.9221666050351421,0.9649593783115507,"[0.196875, 0.5708333333333333, 0.61875, 0.425]",,,,0
long_rvos/af7297f0db/1/0,long_rvos,af7297f0db,1,0,static,predicted_static,point,False,0,1,114,5,0.636897001303781,0.8562502711849698,0.7465736362443753,0.0,0.0,0.0,0.0,,1,[],[],
long_rvos/af7297f0db/1/0,long_rvos,af7297f0db,1,0,static,predicted_static,point,False,1,3,228,16,0.4566709175927613,0.4834152029187197,0.4700430602557405,0.0,0.0,0.0,0.0,,2,[],[],
long_rvos/af7297f0db/1/0,long_rvos,af7297f0db,1,0,static,predicted_static,point,False,2,5,342,0,0.0,0.0,0.0,0.0,0.0,0.0,1.0,,3,[],[],
long_rvos/af7297f0db/1/0,long_rvos,af7297f0db,1,0,static,predicted_static,point,False,3,7,457,0,0.9385206532180596,0.9439700161305628,0.9412453346743112,0.0,0.0,0.0,0.0,,4,[],[],
long_rvos/af7297f0db/1/0,long_rvos,af7297f0db,1,0,static,predicted_static,box,False,0,1,114,5,0.636897001303781,0.8562502711849698,0.7465736362443753,0.6179554390563565,0.8336479066575154,0.725801672856936,0.9304635761589404,"[0.259375, 0.2625, 0.1, 0.4041666666666667]",,,,0
long_rvos/af7297f0db/1/0,long_rvos,af7297f0db,1,0,static,predicted_static,box,False,1,3,228,16,0.4566709175927613,0.4834152029187197,0.4700430602557405,0.7467386687700989,0.5337545322581676,0.6402466005141332,0.6043181818181819,"[0.296875, 0.1125, 0.528125, 0.875]",,,,0
long_rvos/af7297f0db/1/0,long_rvos,af7297f0db,1,0,static,predicted_static,box,False,2,5,342,0,0.0,0.0,0.0,0.0,0.0,0.0,1.0,,,,,
long_rvos/af7297f0db/1/0,long_rvos,af7297f0db,1,0,static,predicted_static,box,False,3,7,457,0,0.9385206532180596,0.9439700161305628,0.9412453346743112,0.9228585278027838,0.9214746822675005,0.9221666050351421,0.9649593783115507,"[0.196875, 0.5708333333333333, 0.61875, 0.425]",,,,0
long_rvos/c5c9b749d4/2/7,long_rvos,c5c9b749d4,2,7,dynamic,predicted_static,point,False,0,1,118,0,1.0,1.0,1.0,1.0,1.0,1.0,1.0,,1,[],[],
long_rvos/c5c9b749d4/2/7,long_rvos,c5c9b749d4,2,7,dynamic,predicted_static,point,False,1,3,237,0,1.0,1.0,1.0,1.0,1.0,1.0,1.0,,2,[],[],
long_rvos/c5c9b749d4/2/7,long_rvos,c5c9b749d4,2,7,dynamic,predicted_static,point,False,2,5,355,0,0.9449724989227689,0.8498866213151927,0.8974295601189808,0.0,0.0,0.0,0.0,,3,[],[],
long_rvos/c5c9b749d4/2/7,long_rvos,c5c9b749d4,2,7,dynamic,predicted_static,point,False,3,7,474,0,1.0,1.0,1.0,1.0,1.0,1.0,1.0,,4,[],[],
long_rvos/c5c9b749d4/2/7,long_rvos,c5c9b749d4,2,7,dynamic,predicted_static,box,False,0,1,118,0,1.0,1.0,1.0,1.0,1.0,1.0,1.0,,,,,
long_rvos/c5c9b749d4/2/7,long_rvos,c5c9b749d4,2,7,dynamic,predicted_static,box,False,1,3,237,0,1.0,1.0,1.0,1.0,1.0,1.0,1.0,,,,,
long_rvos/c5c9b749d4/2/7,long_rvos,c5c9b749d4,2,7,dynamic,predicted_static,box,False,2,5,355,0,0.9449724989227689,0.8498866213151927,0.8974295601189808,0.9551530832255283,0.8698060941828256,0.912479588704177,0.9801212057886213,"[0.6854166666666667, 0.022222222222222223, 0.3145833333333333, 0.9777777777777777]",,,,0
long_rvos/c5c9b749d4/2/7,long_rvos,c5c9b749d4,2,7,dynamic,predicted_static,box,False,3,7,474,0,1.0,1.0,1.0,1.0,1.0,1.0,1.0,,,,,
long_rvos/c5c9b749d4/2/11,long_rvos,c5c9b749d4,2,11,hybrid,predicted_static,point,False,0,1,118,0,1.0,1.0,1.0,1.0,1.0,1.0,1.0,,1,[],[],
long_rvos/c5c9b749d4/2/11,long_rvos,c5c9b749d4,2,11,hybrid,predicted_static,point,False,1,3,237,0,1.0,1.0,1.0,1.0,1.0,1.0,1.0,,2,[],[],
long_rvos/c5c9b749d4/2/11,long_rvos,c5c9b749d4,2,11,hybrid,predicted_static,point,False,2,5,355,0,0.9449724989227689,0.8498866213151927,0.8974295601189808,0.0,0.0,0.0,0.0,,3,[],[],
long_rvos/c5c9b749d4/2/11,long_rvos,c5c9b749d4,2,11,hybrid,predicted_static,point,False,3,7,474,0,1.0,1.0,1.0,1.0,1.0,1.0,1.0,,4,[],[],
long_rvos/c5c9b749d4/2/11,long_rvos,c5c9b749d4,2,11,hybrid,predicted_static,box,False,0,1,118,0,1.0,1.0,1.0,1.0,1.0,1.0,1.0,,,,,
long_rvos/c5c9b749d4/2/11,long_rvos,c5c9b749d4,2,11,hybrid,predicted_static,box,False,1,3,237,0,1.0,1.0,1.0,1.0,1.0,1.0,1.0,,,,,
long_rvos/c5c9b749d4/2/11,long_rvos,c5c9b749d4,2,11,hybrid,predicted_static,box,False,2,5,355,0,0.9449724989227689,0.8498866213151927,0.8974295601189808,0.9551530832255283,0.8698060941828256,0.912479588704177,0.9801212057886213,"[0.6854166666666667, 0.022222222222222223, 0.3145833333333333, 0.9777777777777777]",,,,0
long_rvos/c5c9b749d4/2/11,long_rvos,c5c9b749d4,2,11,hybrid,predicted_static,box,False,3,7,474,0,1.0,1.0,1.0,1.0,1.0,1.0,1.0,,,,,
long_rvos/c5c9b749d4/2/6,long_rvos,c5c9b749d4,2,6,static,predicted_static,point,False,0,1,118,0,1.0,1.0,1.0,1.0,1.0,1.0,1.0,,1,[],[],
long_rvos/c5c9b749d4/2/6,long_rvos,c5c9b749d4,2,6,static,predicted_static,point,False,1,3,237,0,1.0,1.0,1.0,1.0,1.0,1.0,1.0,,2,[],[],
long_rvos/c5c9b749d4/2/6,long_rvos,c5c9b749d4,2,6,static,predicted_static,point,False,2,5,355,0,0.9449724989227689,0.8498866213151927,0.8974295601189808,0.0,0.0,0.0,0.0,,3,[],[],
long_rvos/c5c9b749d4/2/6,long_rvos,c5c9b749d4,2,6,static,predicted_static,point,False,3,7,474,0,1.0,1.0,1.0,1.0,1.0,1.0,1.0,,4,[],[],
long_rvos/c5c9b749d4/2/6,long_rvos,c5c9b749d4,2,6,static,predicted_static,box,False,0,1,118,0,1.0,1.0,1.0,1.0,1.0,1.0,1.0,,,,,
long_rvos/c5c9b749d4/2/6,long_rvos,c5c9b749d4,2,6,static,predicted_static,box,False,1,3,237,0,1.0,1.0,1.0,1.0,1.0,1.0,1.0,,,,,
long_rvos/c5c9b749d4/2/6,long_rvos,c5c9b749d4,2,6,static,predicted_static,box,False,2,5,355,0,0.9449724989227689,0.8498866213151927,0.8974295601189808,0.9551530832255283,0.8698060941828256,0.912479588704177,0.9801212057886213,"[0.6854166666666667, 0.022222222222222223, 0.3145833333333333, 0.9777777777777777]",,,,0
long_rvos/c5c9b749d4/2/6,long_rvos,c5c9b749d4,2,6,static,predicted_static,box,False,3,7,474,0,1.0,1.0,1.0,1.0,1.0,1.0,1.0,,,,,
long_rvos/6fb7a04167/12/7,long_rvos,6fb7a04167,12,7,dynamic,predicted_static,point,False,0,1,74,2,1.0,1.0,1.0,1.0,1.0,1.0,1.0,,1,[],[],
long_rvos/6fb7a04167/12/7,long_rvos,6fb7a04167,12,7,dynamic,predicted_static,point,False,1,3,148,3,0.0,0.0,0.0,1.0,1.0,1.0,0.0,,2,[],[],
long_rvos/6fb7a04167/12/7,long_rvos,6fb7a04167,12,7,dynamic,predicted_static,point,False,2,5,222,4,0.0,0.0,0.0,0.0,0.0,0.0,1.0,,3,[],[],
long_rvos/6fb7a04167/12/7,long_rvos,6fb7a04167,12,7,dynamic,predicted_static,point,False,3,7,297,0,1.0,1.0,1.0,1.0,1.0,1.0,1.0,,4,[],[],
long_rvos/6fb7a04167/12/7,long_rvos,6fb7a04167,12,7,dynamic,predicted_static,box,False,0,1,74,2,1.0,1.0,1.0,1.0,1.0,1.0,1.0,,,,,
long_rvos/6fb7a04167/12/7,long_rvos,6fb7a04167,12,7,dynamic,predicted_static,box,False,1,3,148,3,0.0,0.0,0.0,1.0,1.0,1.0,0.0,"[0.0, 0.18333333333333332, 0.1515625, 0.8166666666666667]",,,,
long_rvos/6fb7a04167/12/7,long_rvos,6fb7a04167,12,7,dynamic,predicted_static,box,False,2,5,222,4,0.0,0.0,0.0,0.0,0.0,0.0,1.0,,,,,
long_rvos/6fb7a04167/12/7,long_rvos,6fb7a04167,12,7,dynamic,predicted_static,box,False,3,7,297,0,1.0,1.0,1.0,1.0,1.0,1.0,1.0,,,,,
long_rvos/6fb7a04167/12/4,long_rvos,6fb7a04167,12,4,static,predicted_static,point,False,0,1,74,1,0.0,0.0,0.0,1.0,1.0,1.0,0.0,,1,[],[],
long_rvos/6fb7a04167/12/4,long_rvos,6fb7a04167,12,4,static,predicted_static,point,False,1,3,148,1,0.0,0.0,0.0,1.0,1.0,1.0,0.0,,2,[],[],
long_rvos/6fb7a04167/12/4,long_rvos,6fb7a04167,12,4,static,predicted_static,point,False,2,5,222,1,0.0,0.0,0.0,0.0,0.0,0.0,0.0,,3,[],[],
long_rvos/6fb7a04167/12/4,long_rvos,6fb7a04167,12,4,static,predicted_static,point,False,3,7,297,0,1.0,1.0,1.0,1.0,1.0,1.0,1.0,,4,[],[],
long_rvos/6fb7a04167/12/4,long_rvos,6fb7a04167,12,4,static,predicted_static,box,False,0,1,74,1,0.0,0.0,0.0,1.0,1.0,1.0,0.0,"[0.3578125, 0.1527777777777778, 0.3296875, 0.8472222222222222]",,,,
long_rvos/6fb7a04167/12/4,long_rvos,6fb7a04167,12,4,static,predicted_static,box,False,1,3,148,1,0.0,0.0,0.0,0.0,0.0,0.0,0.987866075458673,"[0.4265625, 0.1361111111111111, 0.3390625, 0.8638888888888889]",,,,0
long_rvos/6fb7a04167/12/4,long_rvos,6fb7a04167,12,4,static,predicted_static,box,False,2,5,222,1,0.0,0.0,0.0,0.0,0.0,0.0,0.0,"[0.7515625, 0.09166666666666666, 0.2484375, 0.9083333333333333]",,,,
long_rvos/6fb7a04167/12/4,long_rvos,6fb7a04167,12,4,static,predicted_static,box,False,3,7,297,0,1.0,1.0,1.0,1.0,1.0,1.0,1.0,,,,,
long_rvos/d33c8343bc/3/5,long_rvos,d33c8343bc,3,5,dynamic,predicted_static,point,False,0,1,64,5,0.7558915345534676,0.7622155211130766,0.7590535278332721,0.0,0.0,0.0,0.0,,1,[],[],
long_rvos/d33c8343bc/3/5,long_rvos,d33c8343bc,3,5,dynamic,predicted_static,point,False,1,3,129,5,0.0,0.0,0.0,1.0,1.0,1.0,0.0,,2,[],[],
long_rvos/d33c8343bc/3/5,long_rvos,d33c8343bc,3,5,dynamic,predicted_static,point,False,2,5,194,5,0.7597224463450056,0.7132678832905843,0.736495164817795,0.0,0.0,0.0,0.0,,3,[],[],
long_rvos/d33c8343bc/3/5,long_rvos,d33c8343bc,3,5,dynamic,predicted_static,point,False,3,7,259,0,1.0,1.0,1.0,1.0,1.0,1.0,1.0,,4,[],[],
long_rvos/d33c8343bc/3/5,long_rvos,d33c8343bc,3,5,dynamic,predicted_static,box,False,0,1,64,5,0.7558915345534676,0.7622155211130766,0.7590535278332721,0.747580546367757,0.761147507754206,0.7543640270609815,0.9889030869594458,"[0.4765625, 0.36041666666666666, 0.415625, 0.15416666666666667]",,,,0
long_rvos/d33c8343bc/3/5,long_rvos,d33c8343bc,3,5,dynamic,predicted_static,box,False,1,3,129,5,0.0,0.0,0.0,0.0,0.0,0.0,0.9594832003513653,"[0.0, 0.47708333333333336, 0.340625, 0.44583333333333336]",,,,0
long_rvos/d33c8343bc/3/5,long_rvos,d33c8343bc,3,5,dynamic,predicted_static,box,False,2,5,194,5,0.7597224463450056,0.7132678832905843,0.736495164817795,0.7599289635130771,0.7126201839595965,0.7362745737363368,0.9925124792013311,"[0.0, 0.3104166666666667, 0.134375, 0.12708333333333333]",,,,0
long_rvos/d33c8343bc/3/5,long_rvos,d33c8343bc,3,5,dynamic,predicted_static,box,False,3,7,259,0,1.0,1.0,1.0,1.0,1.0,1.0,1.0,,,,,
long_rvos/d33c8343bc/3/4,long_rvos,d33c8343bc,3,4,static,predicted_static,point,False,0,1,64,5,0.7558915345534676,0.7622155211130766,0.7590535278332721,0.0,0.0,0.0,0.0,,1,[],[],
long_rvos/d33c8343bc/3/4,long_rvos,d33c8343bc,3,4,static,predicted_static,point,False,1,3,129,5,0.0,0.0,0.0,1.0,1.0,1.0,0.0,,2,[],[],
long_rvos/d33c8343bc/3/4,long_rvos,d33c8343bc,3,4,static,predicted_static,point,False,2,5,194,5,0.7597224463450056,0.7132678832905843,0.736495164817795,0.0,0.0,0.0,0.0,,3,[],[],
long_rvos/d33c8343bc/3/4,long_rvos,d33c8343bc,3,4,static,predicted_static,point,False,3,7,259,0,1.0,1.0,1.0,1.0,1.0,1.0,1.0,,4,[],[],
long_rvos/d33c8343bc/3/4,long_rvos,d33c8343bc,3,4,static,predicted_static,box,False,0,1,64,5,0.7558915345534676,0.7622155211130766,0.7590535278332721,0.747580546367757,0.761147507754206,0.7543640270609815,0.9889030869594458,"[0.4765625, 0.36041666666666666, 0.415625, 0.15416666666666667]",,,,0
long_rvos/d33c8343bc/3/4,long_rvos,d33c8343bc,3,4,static,predicted_static,box,False,1,3,129,5,0.0,0.0,0.0,0.0,0.0,0.0,0.9594832003513653,"[0.0, 0.47708333333333336, 0.340625, 0.44583333333333336]",,,,0
long_rvos/d33c8343bc/3/4,long_rvos,d33c8343bc,3,4,static,predicted_static,box,False,2,5,194,5,0.7597224463450056,0.7132678832905843,0.736495164817795,0.7599289635130771,0.7126201839595965,0.7362745737363368,0.9925124792013311,"[0.0, 0.3104166666666667, 0.134375, 0.12708333333333333]",,,,0
long_rvos/d33c8343bc/3/4,long_rvos,d33c8343bc,3,4,static,predicted_static,box,False,3,7,259,0,1.0,1.0,1.0,1.0,1.0,1.0,1.0,,,,,
long_rvos/2a87bea97e/1/3,long_rvos,2a87bea97e,1,3,dynamic,predicted_static,point,False,0,1,84,1,0.8841403702259957,0.5797662522420113,0.7319533112340035,0.0,0.0,0.0,0.0,,1,[],[],
long_rvos/2a87bea97e/1/3,long_rvos,2a87bea97e,1,3,dynamic,predicted_static,point,False,1,3,169,1,0.9522736402739538,0.8853143937545256,0.9187940170142397,0.0,0.0,0.0,0.0,,2,[],[],
long_rvos/2a87bea97e/1/3,long_rvos,2a87bea97e,1,3,dynamic,predicted_static,point,False,2,5,253,8,0.9137964914787953,0.58666697269158,0.7502317320851877,0.0,0.0,0.0,0.0,,3,[],[],
long_rvos/2a87bea97e/1/3,long_rvos,2a87bea97e,1,3,dynamic,predicted_static,point,False,3,7,338,16,0.0,0.0,0.0,1.0,1.0,1.0,0.0,,4,[],[],
long_rvos/2a87bea97e/1/3,long_rvos,2a87bea97e,1,3,dynamic,predicted_static,box,False,0,1,84,1,0.8841403702259957,0.5797662522420113,0.7319533112340035,0.0,0.0,0.0,0.0,"[0.4625, 0.025, 0.5375, 0.975]",,,,
long_rvos/2a87bea97e/1/3,long_rvos,2a87bea97e,1,3,dynamic,predicted_static,box,False,1,3,169,1,0.9522736402739538,0.8853143937545256,0.9187940170142397,0.9369200588523786,0.7433908164745564,0.8401554376634675,0.9709153794756907,"[0.053125, 0.06666666666666667, 0.821875, 0.9333333333333333]",,,,0
long_rvos/2a87bea97e/1/3,long_rvos,2a87bea97e,1,3,dynamic,predicted_static,box,False,2,5,253,8,0.9137964914787953,0.58666697269158,0.7502317320851877,0.0,0.0,0.0,0.0,"[0.0, 0.08125, 0.54375, 0.91875]",,,,
long_rvos/2a87bea97e/1/3,long_rvos,2a87bea97e,1,3,dynamic,predicted_static,box,False,3,7,338,16,0.0,0.0,0.0,0.0,0.0,0.0,0.6250028151251041,"[0.0, 0.35625, 0.5890625, 0.64375]",,,,0
long_rvos/2a87bea97e/1/13,long_rvos,2a87bea97e,1,13,hybrid,predicted_static,point,False,0,1,84,,0.0,0.0,0.0,0.0,0.0,0.0,1.0,,1,[],[],
long_rvos/2a87bea97e/1/13,long_rvos,2a87bea97e,1,13,hybrid,predicted_static,point,False,1,3,169,,0.0,0.0,0.0,0.0,0.0,0.0,1.0,,2,[],[],
long_rvos/2a87bea97e/1/13,long_rvos,2a87bea97e,1,13,hybrid,predicted_static,point,False,2,5,253,,0.0,0.0,0.0,0.0,0.0,0.0,1.0,,3,[],[],
long_rvos/2a87bea97e/1/13,long_rvos,2a87bea97e,1,13,hybrid,predicted_static,point,False,3,7,338,,1.0,1.0,1.0,1.0,1.0,1.0,1.0,,4,[],[],
long_rvos/2a87bea97e/1/13,long_rvos,2a87bea97e,1,13,hybrid,predicted_static,box,False,0,1,84,,0.0,0.0,0.0,0.0,0.0,0.0,1.0,,,,,
long_rvos/2a87bea97e/1/13,long_rvos,2a87bea97e,1,13,hybrid,predicted_static,box,False,1,3,169,,0.0,0.0,0.0,0.0,0.0,0.0,1.0,,,,,
long_rvos/2a87bea97e/1/13,long_rvos,2a87bea97e,1,13,hybrid,predicted_static,box,False,2,5,253,,0.0,0.0,0.0,0.0,0.0,0.0,1.0,,,,,
long_rvos/2a87bea97e/1/13,long_rvos,2a87bea97e,1,13,hybrid,predicted_static,box,False,3,7,338,,1.0,1.0,1.0,1.0,1.0,1.0,1.0,,,,,
long_rvos/2a87bea97e/1/2,long_rvos,2a87bea97e,1,2,static,predicted_static,point,False,0,1,84,1,0.8841403702259957,0.5797662522420113,0.7319533112340035,0.0,0.0,0.0,0.0,,1,[],[],
long_rvos/2a87bea97e/1/2,long_rvos,2a87bea97e,1,2,static,predicted_static,point,False,1,3,169,1,0.9522736402739538,0.8853143937545256,0.9187940170142397,0.0,0.0,0.0,0.0,,2,[],[],
long_rvos/2a87bea97e/1/2,long_rvos,2a87bea97e,1,2,static,predicted_static,point,False,2,5,253,8,0.9137964914787953,0.58666697269158,0.7502317320851877,0.0,0.0,0.0,0.0,,3,[],[],
long_rvos/2a87bea97e/1/2,long_rvos,2a87bea97e,1,2,static,predicted_static,point,False,3,7,338,16,0.0,0.0,0.0,1.0,1.0,1.0,0.0,,4,[],[],
long_rvos/2a87bea97e/1/2,long_rvos,2a87bea97e,1,2,static,predicted_static,box,False,0,1,84,1,0.8841403702259957,0.5797662522420113,0.7319533112340035,0.0,0.0,0.0,0.0,"[0.4625, 0.025, 0.5375, 0.975]",,,,
long_rvos/2a87bea97e/1/2,long_rvos,2a87bea97e,1,2,static,predicted_static,box,False,1,3,169,1,0.9522736402739538,0.8853143937545256,0.9187940170142397,0.9369200588523786,0.7433908164745564,0.8401554376634675,0.9709153794756907,"[0.053125, 0.06666666666666667, 0.821875, 0.9333333333333333]",,,,0
long_rvos/2a87bea97e/1/2,long_rvos,2a87bea97e,1,2,static,predicted_static,box,False,2,5,253,8,0.9137964914787953,0.58666697269158,0.7502317320851877,0.0,0.0,0.0,0.0,"[0.0, 0.08125, 0.54375, 0.91875]",,,,
long_rvos/2a87bea97e/1/2,long_rvos,2a87bea97e,1,2,static,predicted_static,box,False,3,7,338,16,0.0,0.0,0.0,0.0,0.0,0.0,0.6250028151251041,"[0.0, 0.35625, 0.5890625, 0.64375]",,,,0
long_rvos/119777f4c0/1/3,long_rvos,119777f4c0,1,3,dynamic,predicted_static,point,False,0,1,105,0,1.0,1.0,1.0,1.0,1.0,1.0,1.0,,1,[],[],
long_rvos/119777f4c0/1/3,long_rvos,119777f4c0,1,3,dynamic,predicted_static,point,False,1,3,211,4,0.895669436977484,0.31224755856641256,0.6039584977719483,0.0,0.0,0.0,0.0,,2,[],[],
long_rvos/119777f4c0/1/3,long_rvos,119777f4c0,1,3,dynamic,predicted_static,point,False,2,5,317,0,1.0,1.0,1.0,1.0,1.0,1.0,1.0,,3,[],[],
long_rvos/119777f4c0/1/3,long_rvos,119777f4c0,1,3,dynamic,predicted_static,point,False,3,7,423,5,0.0,0.0,0.0,1.0,1.0,1.0,0.0,,4,[],[],
long_rvos/119777f4c0/1/3,long_rvos,119777f4c0,1,3,dynamic,predicted_static,box,False,0,1,105,0,1.0,1.0,1.0,1.0,1.0,1.0,1.0,,,,,
long_rvos/119777f4c0/1/3,long_rvos,119777f4c0,1,3,dynamic,predicted_static,box,False,1,3,211,4,0.895669436977484,0.31224755856641256,0.6039584977719483,0.6969403947237925,0.13939924274864976,0.41816981873622117,0.7752941021138383,"[0.28125, 0.2972222222222222, 0.71875, 0.7027777777777777]",,,,0
long_rvos/119777f4c0/1/3,long_rvos,119777f4c0,1,3,dynamic,predicted_static,box,False,2,5,317,0,1.0,1.0,1.0,1.0,1.0,1.0,1.0,,,,,
long_rvos/119777f4c0/1/3,long_rvos,119777f4c0,1,3,dynamic,predicted_static,box,False,3,7,423,5,0.0,0.0,0.0,1.0,1.0,1.0,0.0,"[0.365625, 0.0, 0.634375, 1.0]",,,,
long_rvos/119777f4c0/1/0,long_rvos,119777f4c0,1,0,static,predicted_static,point,False,0,1,105,0,1.0,1.0,1.0,1.0,1.0,1.0,1.0,,1,[],[],
long_rvos/119777f4c0/1/0,long_rvos,119777f4c0,1,0,static,predicted_static,point,False,1,3,211,4,0.895669436977484,0.31224755856641256,0.6039584977719483,0.0,0.0,0.0,0.0,,2,[],[],
long_rvos/119777f4c0/1/0,long_rvos,119777f4c0,1,0,static,predicted_static,point,False,2,5,317,0,1.0,1.0,1.0,1.0,1.0,1.0,1.0,,3,[],[],
long_rvos/119777f4c0/1/0,long_rvos,119777f4c0,1,0,static,predicted_static,point,False,3,7,423,5,0.0,0.0,0.0,1.0,1.0,1.0,0.0,,4,[],[],
long_rvos/119777f4c0/1/0,long_rvos,119777f4c0,1,0,static,predicted_static,box,False,0,1,105,0,1.0,1.0,1.0,1.0,1.0,1.0,1.0,,,,,
long_rvos/119777f4c0/1/0,long_rvos,119777f4c0,1,0,static,predicted_static,box,False,1,3,211,4,0.895669436977484,0.31224755856641256,0.6039584977719483,0.6969403947237925,0.13939924274864976,0.41816981873622117,0.7752941021138383,"[0.28125, 0.2972222222222222, 0.71875, 0.7027777777777777]",,,,0
long_rvos/119777f4c0/1/0,long_rvos,119777f4c0,1,0,static,predicted_static,box,False,2,5,317,0,1.0,1.0,1.0,1.0,1.0,1.0,1.0,,,,,
long_rvos/119777f4c0/1/0,long_rvos,119777f4c0,1,0,static,predicted_static,box,False,3,7,423,5,0.0,0.0,0.0,1.0,1.0,1.0,0.0,"[0.365625, 0.0, 0.634375, 1.0]",,,,
long_rvos/28ff632792/1/1,long_rvos,28ff632792,1,1,dynamic,predicted_static,point,False,0,1,134,0,1.0,1.0,1.0,1.0,1.0,1.0,1.0,,1,[],[],
long_rvos/28ff632792/1/1,long_rvos,28ff632792,1,1,dynamic,predicted_static,point,False,1,3,269,0,1.0,1.0,1.0,1.0,1.0,1.0,1.0,,2,[],[],
long_rvos/28ff632792/1/1,long_rvos,28ff632792,1,1,dynamic,predicted_static,point,False,2,5,403,0,0.0,0.0,0.0,1.0,1.0,1.0,0.0,,3,[],[],
long_rvos/28ff632792/1/1,long_rvos,28ff632792,1,1,dynamic,predicted_static,point,False,3,7,538,0,0.945313360502258,0.9782902528621804,0.9618018066822192,0.0,0.0,0.0,0.0,,4,[],[],
long_rvos/28ff632792/1/1,long_rvos,28ff632792,1,1,dynamic,predicted_static,box,False,0,1,134,0,1.0,1.0,1.0,1.0,1.0,1.0,1.0,,,,,
long_rvos/28ff632792/1/1,long_rvos,28ff632792,1,1,dynamic,predicted_static,box,False,1,3,269,0,1.0,1.0,1.0,1.0,1.0,1.0,1.0,,,,,
long_rvos/28ff632792/1/1,long_rvos,28ff632792,1,1,dynamic,predicted_static,box,False,2,5,403,0,0.0,0.0,0.0,0.0,0.0,0.0,0.8909313725490197,"[0.0, 0.0, 0.0765625, 0.5625]",,,,0
long_rvos/28ff632792/1/1,long_rvos,28ff632792,1,1,dynamic,predicted_static,box,False,3,7,538,0,0.945313360502258,0.9782902528621804,0.9618018066822192,0.0,0.0,0.0,0.0,"[0.0, 0.0, 0.296875, 1.0]",,,,
long_rvos/28ff632792/1/0,long_rvos,28ff632792,1,0,static,predicted_static,point,False,0,1,134,0,1.0,1.0,1.0,1.0,1.0,1.0,1.0,,1,[],[],
long_rvos/28ff632792/1/0,long_rvos,28ff632792,1,0,static,predicted_static,point,False,1,3,269,0,1.0,1.0,1.0,1.0,1.0,1.0,1.0,,2,[],[],
long_rvos/28ff632792/1/0,long_rvos,28ff632792,1,0,static,predicted_static,point,False,2,5,403,0,0.0,0.0,0.0,1.0,1.0,1.0,0.0,,3,[],[],
long_rvos/28ff632792/1/0,long_rvos,28ff632792,1,0,static,predicted_static,point,False,3,7,538,0,0.9444337309567756,0.9822856076068054,0.9633596692817905,0.0,0.0,0.0,0.0,,4,[],[],
long_rvos/28ff632792/1/0,long_rvos,28ff632792,1,0,static,predicted_static,box,False,0,1,134,0,1.0,1.0,1.0,1.0,1.0,1.0,1.0,,,,,
long_rvos/28ff632792/1/0,long_rvos,28ff632792,1,0,static,predicted_static,box,False,1,3,269,0,1.0,1.0,1.0,1.0,1.0,1.0,1.0,,,,,
long_rvos/28ff632792/1/0,long_rvos,28ff632792,1,0,static,predicted_static,box,False,2,5,403,0,0.0,0.0,0.0,0.0,0.0,0.0,0.8960199004975125,"[0.0, 0.0, 0.0765625, 0.5625]",,,,0
long_rvos/28ff632792/1/0,long_rvos,28ff632792,1,0,static,predicted_static,box,False,3,7,538,0,0.9444337309567756,0.9822856076068054,0.9633596692817905,0.0,0.0,0.0,0.0,"[0.0, 0.0, 0.296875, 0.6791666666666667]",,,,
long_rvos/dca31590b8/2/10,long_rvos,dca31590b8,2,10,hybrid,predicted_static,point,False,0,1,80,0,0.9143747548271804,0.7980259793912634,0.856200367109222,0.0,0.0,0.0,0.0,,1,[],[],
long_rvos/dca31590b8/2/10,long_rvos,dca31590b8,2,10,hybrid,predicted_static,point,False,1,3,160,1,0.0,0.0,0.0,1.0,1.0,1.0,0.0,,2,[],[],
long_rvos/dca31590b8/2/10,long_rvos,dca31590b8,2,10,hybrid,predicted_static,point,False,2,5,240,3,0.0,0.0,0.0,1.0,1.0,1.0,0.0,,3,[],[],
long_rvos/dca31590b8/2/10,long_rvos,dca31590b8,2,10,hybrid,predicted_static,point,False,3,7,320,0,1.0,1.0,1.0,1.0,1.0,1.0,1.0,,4,[],[],
long_rvos/dca31590b8/2/10,long_rvos,dca31590b8,2,10,hybrid,predicted_static,box,False,0,1,80,0,0.9143747548271804,0.7980259793912634,0.856200367109222,0.000803794817221587,0.16324007531108292,0.08202193506415226,0.0,"[0.4171875, 0.0, 0.5828125, 0.9166666666666666]",,,,0
long_rvos/dca31590b8/2/10,long_rvos,dca31590b8,2,10,hybrid,predicted_static,box,False,1,3,160,1,0.0,0.0,0.0,1.0,1.0,1.0,0.0,"[0.81875, 0.55625, 0.103125, 0.06875]",,,,
long_rvos/dca31590b8/2/10,long_rvos,dca31590b8,2,10,hybrid,predicted_static,box,False,2,5,240,3,0.0,0.0,0.0,0.0,0.0,0.0,0.7811113775326699,"[0.2421875, 0.0, 0.7578125, 0.6583333333333333]",,,,0
long_rvos/dca31590b8/2/10,long_rvos,dca31590b8,2,10,hybrid,predicted_static,box,False,3,7,320,0,1.0,1.0,1.0,1.0,1.0,1.0,1.0,,,,,
long_rvos/dca31590b8/2/4,long_rvos,dca31590b8,2,4,static,predicted_static,point,False,0,1,80,2,0.0,0.0,0.0,0.0,0.0,0.0,1.0,,1,[],[],
long_rvos/dca31590b8/2/4,long_rvos,dca31590b8,2,4,static,predicted_static,point,False,1,3,160,0,1.0,1.0,1.0,1.0,1.0,1.0,1.0,,2,[],[],
long_rvos/dca31590b8/2/4,long_rvos,dca31590b8,2,4,static,predicted_static,point,False,2,5,240,0,1.0,1.0,1.0,1.0,1.0,1.0,1.0,,3,[],[],
long_rvos/dca31590b8/2/4,long_rvos,dca31590b8,2,4,static,predicted_static,point,False,3,7,320,0,1.0,1.0,1.0,1.0,1.0,1.0,1.0,,4,[],[],
long_rvos/dca31590b8/2/4,long_rvos,dca31590b8,2,4,static,predicted_static,box,False,0,1,80,2,0.0,0.0,0.0,0.0,0.0,0.0,1.0,,,,,
long_rvos/dca31590b8/2/4,long_rvos,dca31590b8,2,4,static,predicted_static,box,False,1,3,160,0,1.0,1.0,1.0,1.0,1.0,1.0,1.0,,,,,
long_rvos/dca31590b8/2/4,long_rvos,dca31590b8,2,4,static,predicted_static,box,False,2,5,240,0,1.0,1.0,1.0,1.0,1.0,1.0,1.0,,,,,
long_rvos/dca31590b8/2/4,long_rvos,dca31590b8,2,4,static,predicted_static,box,False,3,7,320,0,1.0,1.0,1.0,1.0,1.0,1.0,1.0,,,,,
long_rvos/a595411232/3/11,long_rvos,a595411232,3,11,dynamic,predicted_static,point,False,0,1,134,0,0.0,0.0,0.0,0.0,0.0,0.0,0.0,,1,[],[],
long_rvos/a595411232/3/11,long_rvos,a595411232,3,11,dynamic,predicted_static,point,False,1,3,269,1,0.27454819277108433,0.35629588647816135,0.31542203962462284,0.0,0.0,0.0,0.0,,2,[],[],
long_rvos/a595411232/3/11,long_rvos,a595411232,3,11,dynamic,predicted_static,point,False,2,5,404,0,0.0,0.0,0.0,0.0,0.0,0.0,0.0,,3,[],[],
long_rvos/a595411232/3/11,long_rvos,a595411232,3,11,dynamic,predicted_static,point,False,3,7,539,0,0.0,0.0,0.0,0.0,0.0,0.0,1.0,,4,[],[],
long_rvos/a595411232/3/11,long_rvos,a595411232,3,11,dynamic,predicted_static,box,False,0,1,134,0,0.0,0.0,0.0,0.0,0.0,0.0,0.8661710037174721,"[0.53125, 0.46875, 0.0703125, 0.052083333333333336]",,,,0
long_rvos/a595411232/3/11,long_rvos,a595411232,3,11,dynamic,predicted_static,box,False,1,3,269,1,0.27454819277108433,0.35629588647816135,0.31542203962462284,0.0,0.0,0.0,0.0,"[0.4421875, 0.5479166666666667, 0.2390625, 0.17083333333333334]",,,,
long_rvos/a595411232/3/11,long_rvos,a595411232,3,11,dynamic,predicted_static,box,False,2,5,404,0,0.0,0.0,0.0,0.0,0.0,0.0,0.9478178368121443,"[0.759375, 0.42291666666666666, 0.140625, 0.19791666666666666]",,,,0
long_rvos/a595411232/3/11,long_rvos,a595411232,3,11,dynamic,predicted_static,box,False,3,7,539,0,0.0,0.0,0.0,0.0,0.0,0.0,1.0,,,,,
long_rvos/a595411232/3/20,long_rvos,a595411232,3,20,hybrid,predicted_static,point,False,0,1,134,0,0.0,0.0,0.0,0.0,0.0,0.0,0.0,,1,[],[],
long_rvos/a595411232/3/20,long_rvos,a595411232,3,20,hybrid,predicted_static,point,False,1,3,269,0,0.0,0.0,0.0,0.0,0.0,0.0,0.0,,2,[],[],
long_rvos/a595411232/3/20,long_rvos,a595411232,3,20,hybrid,predicted_static,point,False,2,5,404,0,0.0,0.0,0.0,0.0,0.0,0.0,0.0,,3,[],[],
long_rvos/a595411232/3/20,long_rvos,a595411232,3,20,hybrid,predicted_static,point,False,3,7,539,0,0.0,0.0,0.0,0.0,0.0,0.0,1.0,,4,[],[],
long_rvos/a595411232/3/20,long_rvos,a595411232,3,20,hybrid,predicted_static,box,False,0,1,134,0,0.0,0.0,0.0,0.0,0.0,0.0,0.8661710037174721,"[0.53125, 0.46875, 0.0703125, 0.052083333333333336]",,,,0
long_rvos/a595411232/3/20,long_rvos,a595411232,3,20,hybrid,predicted_static,box,False,1,3,269,0,0.0,0.0,0.0,0.0,0.0,0.0,0.0,"[0.640625, 0.6270833333333333, 0.1328125, 0.15833333333333333]",,,,
long_rvos/a595411232/3/20,long_rvos,a595411232,3,20,hybrid,predicted_static,box,False,2,5,404,0,0.0,0.0,0.0,0.0,0.0,0.0,0.9478178368121443,"[0.759375, 0.42291666666666666, 0.140625, 0.19791666666666666]",,,,0
long_rvos/a595411232/3/20,long_rvos,a595411232,3,20,hybrid,predicted_static,box,False,3,7,539,0,0.0,0.0,0.0,0.0,0.0,0.0,1.0,,,,,
long_rvos/a595411232/3/10,long_rvos,a595411232,3,10,static,predicted_static,point,False,0,1,134,0,0.0,0.0,0.0,0.0,0.0,0.0,0.0,,1,[],[],
long_rvos/a595411232/3/10,long_rvos,a595411232,3,10,static,predicted_static,point,False,1,3,269,0,0.0,0.0,0.0,0.0,0.0,0.0,0.0,,2,[],[],
long_rvos/a595411232/3/10,long_rvos,a595411232,3,10,static,predicted_static,point,False,2,5,404,0,0.0,0.0,0.0,0.0,0.0,0.0,0.0,,3,[],[],
long_rvos/a595411232/3/10,long_rvos,a595411232,3,10,static,predicted_static,point,False,3,7,539,0,0.0,0.0,0.0,0.0,0.0,0.0,1.0,,4,[],[],
long_rvos/a595411232/3/10,long_rvos,a595411232,3,10,static,predicted_static,box,False,0,1,134,0,0.0,0.0,0.0,0.0,0.0,0.0,0.8661710037174721,"[0.53125, 0.46875, 0.0703125, 0.052083333333333336]",,,,0
long_rvos/a595411232/3/10,long_rvos,a595411232,3,10,static,predicted_static,box,False,1,3,269,0,0.0,0.0,0.0,0.0,0.0,0.0,0.0,"[0.640625, 0.6270833333333333, 0.1328125, 0.15833333333333333]",,,,
long_rvos/a595411232/3/10,long_rvos,a595411232,3,10,static,predicted_static,box,False,2,5,404,0,0.0,0.0,0.0,0.0,0.0,0.0,0.9478178368121443,"[0.759375, 0.42291666666666666, 0.140625, 0.19791666666666666]",,,,0
long_rvos/a595411232/3/10,long_rvos,a595411232,3,10,static,predicted_static,box,False,3,7,539,0,0.0,0.0,0.0,0.0,0.0,0.0,1.0,,,,,
long_rvos/e9b78ad8e7/1/1,long_rvos,e9b78ad8e7,1,1,dynamic,predicted_static,point,False,0,1,110,0,0.9068825910931174,1.0,0.9534412955465588,0.0,0.0,0.0,0.0,,1,[],[],
long_rvos/e9b78ad8e7/1/1,long_rvos,e9b78ad8e7,1,1,dynamic,predicted_static,point,False,1,3,220,0,0.0,0.0,0.0,1.0,1.0,1.0,0.0,,2,[],[],
long_rvos/e9b78ad8e7/1/1,long_rvos,e9b78ad8e7,1,1,dynamic,predicted_static,point,False,2,5,330,3,0.950781702374059,1.0,0.9753908511870295,0.0,0.0,0.0,0.0,,3,[],[],
long_rvos/e9b78ad8e7/1/1,long_rvos,e9b78ad8e7,1,1,dynamic,predicted_static,point,False,3,7,440,0,1.0,1.0,1.0,1.0,1.0,1.0,1.0,,4,[],[],
long_rvos/e9b78ad8e7/1/1,long_rvos,e9b78ad8e7,1,1,dynamic,predicted_static,box,False,0,1,110,0,0.9068825910931174,1.0,0.9534412955465588,0.8910788381742739,0.9940828402366864,0.9425808392054802,0.927645788336933,"[0.515625, 0.5305555555555556, 0.034375, 0.15]",,,,0
long_rvos/e9b78ad8e7/1/1,long_rvos,e9b78ad8e7,1,1,dynamic,predicted_static,box,False,1,3,220,0,0.0,0.0,0.0,0.0,0.0,0.0,0.9598623853211009,"[0.459375, 0.6555555555555556, 0.0703125, 0.075]",,,,0
long_rvos/e9b78ad8e7/1/1,long_rvos,e9b78ad8e7,1,1,dynamic,predicted_static,box,False,2,5,330,3,0.950781702374059,1.0,0.9753908511870295,0.9450029568302779,1.0,0.9725014784151389,0.9490822972172883,"[0.39375, 0.5722222222222222, 0.046875, 0.22777777777777777]",,,,0
long_rvos/e9b78ad8e7/1/1,long_rvos,e9b78ad8e7,1,1,dynamic,predicted_static,box,False,3,7,440,0,1.0,1.0,1.0,1.0,1.0,1.0,1.0,,,,,
long_rvos/e9b78ad8e7/1/0,long_rvos,e9b78ad8e7,1,0,static,predicted_static,point,False,0,1,110,0,0.9068825910931174,1.0,0.9534412955465588,0.0,0.0,0.0,0.0,,1,[],[],
long_rvos/e9b78ad8e7/1/0,long_rvos,e9b78ad8e7,1,0,static,predicted_static,point,False,1,3,220,2,1.0,1.0,1.0,1.0,1.0,1.0,1.0,,2,[],[],
long_rvos/e9b78ad8e7/1/0,long_rvos,e9b78ad8e7,1,0,static,predicted_static,point,False,2,5,330,3,0.950781702374059,1.0,0.9753908511870295,0.0,0.0,0.0,0.0,,3,[],[],
long_rvos/e9b78ad8e7/1/0,long_rvos,e9b78ad8e7,1,0,static,predicted_static,point,False,3,7,440,0,1.0,1.0,1.0,1.0,1.0,1.0,1.0,,4,[],[],
long_rvos/e9b78ad8e7/1/0,long_rvos,e9b78ad8e7,1,0,static,predicted_static,box,False,0,1,110,0,0.9068825910931174,1.0,0.9534412955465588,0.8910788381742739,0.9940828402366864,0.9425808392054802,0.927645788336933,"[0.515625, 0.5305555555555556, 0.034375, 0.15]",,,,0
long_rvos/e9b78ad8e7/1/0,long_rvos,e9b78ad8e7,1,0,static,predicted_static,box,False,1,3,220,2,1.0,1.0,1.0,1.0,1.0,1.0,1.0,,,,,
long_rvos/e9b78ad8e7/1/0,long_rvos,e9b78ad8e7,1,0,static,predicted_static,box,False,2,5,330,3,0.950781702374059,1.0,0.9753908511870295,0.9450029568302779,1.0,0.9725014784151389,0.9490822972172883,"[0.39375, 0.5722222222222222, 0.046875, 0.22777777777777777]",,,,0
long_rvos/e9b78ad8e7/1/0,long_rvos,e9b78ad8e7,1,0,static,predicted_static,box,False,3,7,440,0,1.0,1.0,1.0,1.0,1.0,1.0,1.0,,,,,
long_rvos/2c4cbde1aa/1/3,long_rvos,2c4cbde1aa,1,3,dynamic,predicted_static,point,False,0,1,58,0,0.9373219373219374,1.0,0.9686609686609686,0.0,0.0,0.0,0.0,,1,[],[],
long_rvos/2c4cbde1aa/1/3,long_rvos,2c4cbde1aa,1,3,dynamic,predicted_static,point,False,1,3,117,1,0.0,0.0,0.0,0.0,0.0,0.0,0.0,,2,[],[],
long_rvos/2c4cbde1aa/1/3,long_rvos,2c4cbde1aa,1,3,dynamic,predicted_static,point,False,2,5,175,4,0.0,0.0,0.0,0.0,0.0,0.0,0.0,,3,[],[],
long_rvos/2c4cbde1aa/1/3,long_rvos,2c4cbde1aa,1,3,dynamic,predicted_static,point,False,3,7,234,4,0.0,0.0,0.0,0.0,0.0,0.0,0.0,,4,[],[],
long_rvos/2c4cbde1aa/1/3,long_rvos,2c4cbde1aa,1,3,dynamic,predicted_static,box,False,0,1,58,0,0.9373219373219374,1.0,0.9686609686609686,0.910594439117929,1.0,0.9552972195589645,0.9442836468885673,"[0.28828125, 0.4986111111111111, 0.07421875, 0.08194444444444444]",,,,0
long_rvos/2c4cbde1aa/1/3,long_rvos,2c4cbde1aa,1,3,dynamic,predicted_static,box,False,1,3,117,1,0.0,0.0,0.0,0.0,0.026315789473684213,0.013157894736842106,0.9453437040151356,"[0.35390625, 0.4263888888888889, 0.07265625, 0.09861111111111111]",,,,0
long_rvos/2c4cbde1aa/1/3,long_rvos,2c4cbde1aa,1,3,dynamic,predicted_static,box,False,2,5,175,4,0.0,0.0,0.0,0.0,0.0,0.0,0.9697350805306504,"[0.36171875, 0.41805555555555557, 0.23359375, 0.15416666666666667]",,,,1
long_rvos/2c4cbde1aa/1/3,long_rvos,2c4cbde1aa,1,3,dynamic,predicted_static,box,False,3,7,234,4,0.0,0.0,0.0,0.0,0.0,0.0,0.0,"[0.4546875, 0.47638888888888886, 0.13359375, 0.12222222222222222]",,,,
long_rvos/2c4cbde1aa/1/0,long_rvos,2c4cbde1aa,1,0,static,predicted_static,point,False,0,1,58,0,0.932573599240266,1.0,0.966286799620133,0.0,0.0,0.0,0.0,,1,[],[],
long_rvos/2c4cbde1aa/1/0,long_rvos,2c4cbde1aa,1,0,static,predicted_static,point,False,1,3,117,1,0.0,0.004424778761061947,0.0022123893805309734,0.0,0.0,0.0,0.0,,2,[],[],
long_rvos/2c4cbde1aa/1/0,long_rvos,2c4cbde1aa,1,0,static,predicted_static,point,False,2,5,175,3,0.0,0.0,0.0,0.0,0.0,0.0,0.0,,3,[],[],
long_rvos/2c4cbde1aa/1/0,long_rvos,2c4cbde1aa,1,0,static,predicted_static,point,False,3,7,234,3,0.0,0.0,0.0,0.0,0.0,0.0,0.0,,4,[],[],
long_rvos/2c4cbde1aa/1/0,long_rvos,2c4cbde1aa,1,0,static,predicted_static,box,False,0,1,58,0,0.932573599240266,1.0,0.966286799620133,0.9100693613967951,1.0,0.9550346806983976,0.9520232614489944,"[0.28828125, 0.4986111111111111, 0.075, 0.08194444444444444]",,,,0
long_rvos/2c4cbde1aa/1/0,long_rvos,2c4cbde1aa,1,0,static,predicted_static,box,False,1,3,117,1,0.0,0.004424778761061947,0.0022123893805309734,0.0,0.026315789473684213,0.013157894736842106,0.9646560846560847,"[0.35390625, 0.4263888888888889, 0.071875, 0.09861111111111111]",,,,0
long_rvos/2c4cbde1aa/1/0,long_rvos,2c4cbde1aa,1,0,static,predicted_static,box,False,2,5,175,3,0.0,0.0,0.0,0.0,0.0,0.0,0.9603682946357086,"[0.36171875, 0.41805555555555557, 0.23359375, 0.15555555555555556]",,,,1
long_rvos/2c4cbde1aa/1/0,long_rvos,2c4cbde1aa,1,0,static,predicted_static,box,False,3,7,234,3,0.0,0.0,0.0,0.07042775137337201,0.3624046615187834,0.21641620644607773,0.7431784000572943,"[0.45546875, 0.3375, 0.1890625, 0.25972222222222224]",,,,0
long_rvos/84dc481247/3/15,long_rvos,84dc481247,3,15,hybrid,oracle_identity,point,True,0,1,81,,0.0,0.0,0.0,0.0,0.0,0.0,1.0,,1,[],[],
long_rvos/84dc481247/3/15,long_rvos,84dc481247,3,15,hybrid,oracle_identity,point,True,1,3,163,,0.0,0.0,0.0,0.0,0.0,0.0,1.0,,2,[],[],
long_rvos/84dc481247/3/15,long_rvos,84dc481247,3,15,hybrid,oracle_identity,point,True,2,5,244,,1.0,1.0,1.0,1.0,1.0,1.0,1.0,,3,[],[],
long_rvos/84dc481247/3/15,long_rvos,84dc481247,3,15,hybrid,oracle_identity,point,True,3,7,326,,1.0,1.0,1.0,1.0,1.0,1.0,1.0,,4,[],[],
long_rvos/84dc481247/3/15,long_rvos,84dc481247,3,15,hybrid,oracle_identity,box,True,0,1,81,,0.0,0.0,0.0,0.0,0.0,0.0,1.0,,,,,
long_rvos/84dc481247/3/15,long_rvos,84dc481247,3,15,hybrid,oracle_identity,box,True,1,3,163,,0.0,0.0,0.0,0.0,0.0,0.0,1.0,,,,,
long_rvos/84dc481247/3/15,long_rvos,84dc481247,3,15,hybrid,oracle_identity,box,True,2,5,244,,1.0,1.0,1.0,1.0,1.0,1.0,1.0,,,,,
long_rvos/84dc481247/3/15,long_rvos,84dc481247,3,15,hybrid,oracle_identity,box,True,3,7,326,,1.0,1.0,1.0,1.0,1.0,1.0,1.0,,,,,
long_rvos/84dc481247/3/8,long_rvos,84dc481247,3,8,static,oracle_identity,point,True,0,1,81,,0.0,0.0,0.0,0.0,0.0,0.0,1.0,,1,[],[],
long_rvos/84dc481247/3/8,long_rvos,84dc481247,3,8,static,oracle_identity,point,True,1,3,163,,0.0,0.0,0.0,0.0,0.0,0.0,1.0,,2,[],[],
long_rvos/84dc481247/3/8,long_rvos,84dc481247,3,8,static,oracle_identity,point,True,2,5,244,,1.0,1.0,1.0,1.0,1.0,1.0,1.0,,3,[],[],
long_rvos/84dc481247/3/8,long_rvos,84dc481247,3,8,static,oracle_identity,point,True,3,7,326,,1.0,1.0,1.0,1.0,1.0,1.0,1.0,,4,[],[],
long_rvos/84dc481247/3/8,long_rvos,84dc481247,3,8,static,oracle_identity,box,True,0,1,81,,0.0,0.0,0.0,0.0,0.0,0.0,1.0,,,,,
long_rvos/84dc481247/3/8,long_rvos,84dc481247,3,8,static,oracle_identity,box,True,1,3,163,,0.0,0.0,0.0,0.0,0.0,0.0,1.0,,,,,
long_rvos/84dc481247/3/8,long_rvos,84dc481247,3,8,static,oracle_identity,box,True,2,5,244,,1.0,1.0,1.0,1.0,1.0,1.0,1.0,,,,,
long_rvos/84dc481247/3/8,long_rvos,84dc481247,3,8,static,oracle_identity,box,True,3,7,326,,1.0,1.0,1.0,1.0,1.0,1.0,1.0,,,,,
long_rvos/9bc92f09e0/1/3,long_rvos,9bc92f09e0,1,3,dynamic,oracle_identity,point,True,0,1,134,1,1.0,1.0,1.0,1.0,1.0,1.0,1.0,,1,[],[],
long_rvos/9bc92f09e0/1/3,long_rvos,9bc92f09e0,1,3,dynamic,oracle_identity,point,True,1,3,269,1,0.3967275314204411,0.33978850254580273,0.3682580169831219,0.0,0.0,0.0,0.0,,2,[],[],
long_rvos/9bc92f09e0/1/3,long_rvos,9bc92f09e0,1,3,dynamic,oracle_identity,point,True,2,5,404,1,0.9386383347788378,1.0,0.9693191673894189,0.0,0.0,0.0,0.0,,3,[],[],
long_rvos/9bc92f09e0/1/3,long_rvos,9bc92f09e0,1,3,dynamic,oracle_identity,point,True,3,7,539,1,1.0,1.0,1.0,1.0,1.0,1.0,1.0,,4,[],[],
long_rvos/9bc92f09e0/1/3,long_rvos,9bc92f09e0,1,3,dynamic,oracle_identity,box,True,0,1,134,1,1.0,1.0,1.0,1.0,1.0,1.0,1.0,,,,,
long_rvos/9bc92f09e0/1/3,long_rvos,9bc92f09e0,1,3,dynamic,oracle_identity,box,True,1,3,269,1,0.3967275314204411,0.33978850254580273,0.3682580169831219,0.0,0.0,0.0,0.0,"[0.4234375, 0.20833333333333334, 0.09375, 0.3388888888888889]",,,,
long_rvos/9bc92f09e0/1/3,long_rvos,9bc92f09e0,1,3,dynamic,oracle_identity,box,True,2,5,404,1,0.9386383347788378,1.0,0.9693191673894189,0.9305254016500217,0.9948006932409013,0.9626630474454615,0.9686248331108144,"[0.7984375, 0.3138888888888889, 0.171875, 0.35555555555555557]",,,,0
long_rvos/9bc92f09e0/1/3,long_rvos,9bc92f09e0,1,3,dynamic,oracle_identity,box,True,3,7,539,1,1.0,1.0,1.0,1.0,1.0,1.0,1.0,,,,,
long_rvos/9bc92f09e0/1/0,long_rvos,9bc92f09e0,1,0,static,oracle_identity,point,True,0,1,134,2,1.0,1.0,1.0,1.0,1.0,1.0,1.0,,1,[],[],
long_rvos/9bc92f09e0/1/0,long_rvos,9bc92f09e0,1,0,static,oracle_identity,point,True,1,3,269,2,0.3984101005377601,0.328959758930253,0.36368492973400657,0.0,0.0,0.0,0.0,,2,[],[],
long_rvos/9bc92f09e0/1/0,long_rvos,9bc92f09e0,1,0,static,oracle_identity,point,True,2,5,404,2,0.9218782901663508,1.0,0.9609391450831755,0.0,0.0,0.0,0.0,,3,[],[],
long_rvos/9bc92f09e0/1/0,long_rvos,9bc92f09e0,1,0,static,oracle_identity,point,True,3,7,539,2,0.0,0.0,0.0,1.0,1.0,1.0,0.0,,4,[],[],
long_rvos/9bc92f09e0/1/0,long_rvos,9bc92f09e0,1,0,static,oracle_identity,box,True,0,1,134,2,1.0,1.0,1.0,1.0,1.0,1.0,1.0,,,,,
long_rvos/9bc92f09e0/1/0,long_rvos,9bc92f09e0,1,0,static,oracle_identity,box,True,1,3,269,2,0.3984101005377601,0.328959758930253,0.36368492973400657,0.0,0.0,0.0,0.0,"[0.421875, 0.20833333333333334, 0.096875, 0.3416666666666667]",,,,
long_rvos/9bc92f09e0/1/0,long_rvos,9bc92f09e0,1,0,static,oracle_identity,box,True,2,5,404,2,0.9218782901663508,1.0,0.9609391450831755,0.9343587521663779,1.0,0.9671793760831889,0.9488611946712505,"[0.7984375, 0.3138888888888889, 0.18125, 0.35555555555555557]",,,,0
long_rvos/9bc92f09e0/1/0,long_rvos,9bc92f09e0,1,0,static,oracle_identity,box,True,3,7,539,2,0.0,0.0,0.0,1.0,1.0,1.0,0.0,"[0.925, 0.26944444444444443, 0.075, 0.35833333333333334]",,,,
long_rvos/9c1297ecd3/2/5,long_rvos,9c1297ecd3,2,5,dynamic,oracle_identity,point,True,0,1,109,0,0.8720632611272766,0.4181018097201903,0.6450825354237335,0.0,0.0,0.0,0.0,,1,[],[],
long_rvos/9c1297ecd3/2/5,long_rvos,9c1297ecd3,2,5,dynamic,oracle_identity,point,True,1,3,218,0,0.989305553418376,1.0,0.994652776709188,0.0,0.0,0.0,0.0,,2,[],[],
long_rvos/9c1297ecd3/2/5,long_rvos,9c1297ecd3,2,5,dynamic,oracle_identity,point,True,2,5,327,0,0.931984188914331,0.9449021764042101,0.9384431826592705,0.0,0.0,0.0,0.0,,3,[],[],
long_rvos/9c1297ecd3/2/5,long_rvos,9c1297ecd3,2,5,dynamic,oracle_identity,point,True,3,7,436,0,0.0,0.0,0.0,1.0,1.0,1.0,0.0,,4,[],[],
long_rvos/9c1297ecd3/2/5,long_rvos,9c1297ecd3,2,5,dynamic,oracle_identity,box,True,0,1,109,0,0.8720632611272766,0.4181018097201903,0.6450825354237335,0.02019864910637789,0.2563786710898624,0.13828866009812013,0.0,"[0.115625, 0.0, 0.884375, 1.0]",,,,0
long_rvos/9c1297ecd3/2/5,long_rvos,9c1297ecd3,2,5,dynamic,oracle_identity,box,True,1,3,218,0,0.989305553418376,1.0,0.994652776709188,0.9868117324797636,0.9624060150375939,0.9746088737586788,0.9952508807598591,"[0.7265625, 0.05625, 0.2734375, 0.94375]",,,,0
long_rvos/9c1297ecd3/2/5,long_rvos,9c1297ecd3,2,5,dynamic,oracle_identity,box,True,2,5,327,0,0.931984188914331,0.9449021764042101,0.9384431826592705,0.910451923686379,0.8549421749033526,0.8826970492948658,0.969639096367418,"[0.03125, 0.125, 0.4734375, 0.875]",,,,0
long_rvos/9c1297ecd3/2/5,long_rvos,9c1297ecd3,2,5,dynamic,oracle_identity,box,True,3,7,436,0,0.0,0.0,0.0,0.0,0.0,0.0,0.9946633075954114,"[0.1015625, 0.07083333333333333, 0.50625, 0.9291666666666667]",,,,0
long_rvos/9c1297ecd3/2/10,long_rvos,9c1297ecd3,2,10,hybrid,oracle_identity,point,True,0,1,109,0,0.8720632611272766,0.4181018097201903,0.6450825354237335,0.0,0.0,0.0,0.0,,1,[],[],
long_rvos/9c1297ecd3/2/10,long_rvos,9c1297ecd3,2,10,hybrid,oracle_identity,point,True,1,3,218,0,0.989305553418376,1.0,0.994652776709188,0.0,0.0,0.0,0.0,,2,[],[],
long_rvos/9c1297ecd3/2/10,long_rvos,9c1297ecd3,2,10,hybrid,oracle_identity,point,True,2,5,327,0,0.931984188914331,0.9449021764042101,0.9384431826592705,0.0,0.0,0.0,0.0,,3,[],[],
long_rvos/9c1297ecd3/2/10,long_rvos,9c1297ecd3,2,10,hybrid,oracle_identity,point,True,3,7,436,0,0.0,0.0,0.0,1.0,1.0,1.0,0.0,,4,[],[],
long_rvos/9c1297ecd3/2/10,long_rvos,9c1297ecd3,2,10,hybrid,oracle_identity,box,True,0,1,109,0,0.8720632611272766,0.4181018097201903,0.6450825354237335,0.02019864910637789,0.2563786710898624,0.13828866009812013,0.0,"[0.115625, 0.0, 0.884375, 1.0]",,,,0
long_rvos/9c1297ecd3/2/10,long_rvos,9c1297ecd3,2,10,hybrid,oracle_identity,box,True,1,3,218,0,0.989305553418376,1.0,0.994652776709188,0.9868117324797636,0.9624060150375939,0.9746088737586788,0.9952508807598591,"[0.7265625, 0.05625, 0.2734375, 0.94375]",,,,0
long_rvos/9c1297ecd3/2/10,long_rvos,9c1297ecd3,2,10,hybrid,oracle_identity,box,True,2,5,327,0,0.931984188914331,0.9449021764042101,0.9384431826592705,0.910451923686379,0.8549421749033526,0.8826970492948658,0.969639096367418,"[0.03125, 0.125, 0.4734375, 0.875]",,,,0
long_rvos/9c1297ecd3/2/10,long_rvos,9c1297ecd3,2,10,hybrid,oracle_identity,box,True,3,7,436,0,0.0,0.0,0.0,0.0,0.0,0.0,0.9946633075954114,"[0.1015625, 0.07083333333333333, 0.50625, 0.9291666666666667]",,,,0
long_rvos/9c1297ecd3/2/4,long_rvos,9c1297ecd3,2,4,static,oracle_identity,point,True,0,1,109,0,0.8720632611272766,0.4181018097201903,0.6450825354237335,0.0,0.0,0.0,0.0,,1,[],[],
long_rvos/9c1297ecd3/2/4,long_rvos,9c1297ecd3,2,4,static,oracle_identity,point,True,1,3,218,0,0.989305553418376,1.0,0.994652776709188,0.0,0.0,0.0,0.0,,2,[],[],
long_rvos/9c1297ecd3/2/4,long_rvos,9c1297ecd3,2,4,static,oracle_identity,point,True,2,5,327,0,0.931984188914331,0.9449021764042101,0.9384431826592705,0.0,0.0,0.0,0.0,,3,[],[],
long_rvos/9c1297ecd3/2/4,long_rvos,9c1297ecd3,2,4,static,oracle_identity,point,True,3,7,436,0,0.0,0.0,0.0,1.0,1.0,1.0,0.0,,4,[],[],
long_rvos/9c1297ecd3/2/4,long_rvos,9c1297ecd3,2,4,static,oracle_identity,box,True,0,1,109,0,0.8720632611272766,0.4181018097201903,0.6450825354237335,0.02019864910637789,0.2563786710898624,0.13828866009812013,0.0,"[0.115625, 0.0, 0.884375, 1.0]",,,,0
long_rvos/9c1297ecd3/2/4,long_rvos,9c1297ecd3,2,4,static,oracle_identity,box,True,1,3,218,0,0.989305553418376,1.0,0.994652776709188,0.9868117324797636,0.9624060150375939,0.9746088737586788,0.9952508807598591,"[0.7265625, 0.05625, 0.2734375, 0.94375]",,,,0
long_rvos/9c1297ecd3/2/4,long_rvos,9c1297ecd3,2,4,static,oracle_identity,box,True,2,5,327,0,0.931984188914331,0.9449021764042101,0.9384431826592705,0.910451923686379,0.8549421749033526,0.8826970492948658,0.969639096367418,"[0.03125, 0.125, 0.4734375, 0.875]",,,,0
long_rvos/9c1297ecd3/2/4,long_rvos,9c1297ecd3,2,4,static,oracle_identity,box,True,3,7,436,0,0.0,0.0,0.0,0.0,0.0,0.0,0.9946633075954114,"[0.1015625, 0.07083333333333333, 0.50625, 0.9291666666666667]",,,,0
long_rvos/af7297f0db/1/1,long_rvos,af7297f0db,1,1,dynamic,oracle_identity,point,True,0,1,114,16,0.0,0.0,0.0,0.0,0.0,0.0,1.0,,1,[],[],
long_rvos/af7297f0db/1/1,long_rvos,af7297f0db,1,1,dynamic,oracle_identity,point,True,1,3,228,16,0.4566709175927613,0.4834152029187197,0.4700430602557405,0.0,0.0,0.0,0.0,,2,[],[],
long_rvos/af7297f0db/1/1,long_rvos,af7297f0db,1,1,dynamic,oracle_identity,point,True,2,5,342,16,0.0,0.0,0.0,0.0,0.0,0.0,1.0,,3,[],[],
long_rvos/af7297f0db/1/1,long_rvos,af7297f0db,1,1,dynamic,oracle_identity,point,True,3,7,457,16,0.0,0.0,0.0,0.0,0.0,0.0,1.0,,4,[],[],
long_rvos/af7297f0db/1/1,long_rvos,af7297f0db,1,1,dynamic,oracle_identity,box,True,0,1,114,16,0.0,0.0,0.0,0.0,0.0,0.0,1.0,,,,,
long_rvos/af7297f0db/1/1,long_rvos,af7297f0db,1,1,dynamic,oracle_identity,box,True,1,3,228,16,0.4566709175927613,0.4834152029187197,0.4700430602557405,0.7467386687700989,0.5337545322581676,0.6402466005141332,0.6043181818181819,"[0.296875, 0.1125, 0.528125, 0.875]",,,,0
long_rvos/af7297f0db/1/1,long_rvos,af7297f0db,1,1,dynamic,oracle_identity,box,True,2,5,342,16,0.0,0.0,0.0,0.0,0.0,0.0,1.0,,,,,
long_rvos/af7297f0db/1/1,long_rvos,af7297f0db,1,1,dynamic,oracle_identity,box,True,3,7,457,16,0.0,0.0,0.0,0.0,0.0,0.0,1.0,,,,,
long_rvos/af7297f0db/1/0,long_rvos,af7297f0db,1,0,static,oracle_identity,point,True,0,1,114,16,0.0,0.0,0.0,0.0,0.0,0.0,1.0,,1,[],[],
long_rvos/af7297f0db/1/0,long_rvos,af7297f0db,1,0,static,oracle_identity,point,True,1,3,228,16,0.4566709175927613,0.4834152029187197,0.4700430602557405,0.0,0.0,0.0,0.0,,2,[],[],
long_rvos/af7297f0db/1/0,long_rvos,af7297f0db,1,0,static,oracle_identity,point,True,2,5,342,16,0.0,0.0,0.0,0.0,0.0,0.0,1.0,,3,[],[],
long_rvos/af7297f0db/1/0,long_rvos,af7297f0db,1,0,static,oracle_identity,point,True,3,7,457,16,0.0,0.0,0.0,0.0,0.0,0.0,1.0,,4,[],[],
long_rvos/af7297f0db/1/0,long_rvos,af7297f0db,1,0,static,oracle_identity,box,True,0,1,114,16,0.0,0.0,0.0,0.0,0.0,0.0,1.0,,,,,
long_rvos/af7297f0db/1/0,long_rvos,af7297f0db,1,0,static,oracle_identity,box,True,1,3,228,16,0.4566709175927613,0.4834152029187197,0.4700430602557405,0.7467386687700989,0.5337545322581676,0.6402466005141332,0.6043181818181819,"[0.296875, 0.1125, 0.528125, 0.875]",,,,0
long_rvos/af7297f0db/1/0,long_rvos,af7297f0db,1,0,static,oracle_identity,box,True,2,5,342,16,0.0,0.0,0.0,0.0,0.0,0.0,1.0,,,,,
long_rvos/af7297f0db/1/0,long_rvos,af7297f0db,1,0,static,oracle_identity,box,True,3,7,457,16,0.0,0.0,0.0,0.0,0.0,0.0,1.0,,,,,
long_rvos/c5c9b749d4/2/7,long_rvos,c5c9b749d4,2,7,dynamic,oracle_identity,point,True,0,1,118,0,1.0,1.0,1.0,1.0,1.0,1.0,1.0,,1,[],[],
long_rvos/c5c9b749d4/2/7,long_rvos,c5c9b749d4,2,7,dynamic,oracle_identity,point,True,1,3,237,0,1.0,1.0,1.0,1.0,1.0,1.0,1.0,,2,[],[],
long_rvos/c5c9b749d4/2/7,long_rvos,c5c9b749d4,2,7,dynamic,oracle_identity,point,True,2,5,355,0,0.9449724989227689,0.8498866213151927,0.8974295601189808,0.0,0.0,0.0,0.0,,3,[],[],
long_rvos/c5c9b749d4/2/7,long_rvos,c5c9b749d4,2,7,dynamic,oracle_identity,point,True,3,7,474,0,1.0,1.0,1.0,1.0,1.0,1.0,1.0,,4,[],[],
long_rvos/c5c9b749d4/2/7,long_rvos,c5c9b749d4,2,7,dynamic,oracle_identity,box,True,0,1,118,0,1.0,1.0,1.0,1.0,1.0,1.0,1.0,,,,,
long_rvos/c5c9b749d4/2/7,long_rvos,c5c9b749d4,2,7,dynamic,oracle_identity,box,True,1,3,237,0,1.0,1.0,1.0,1.0,1.0,1.0,1.0,,,,,
long_rvos/c5c9b749d4/2/7,long_rvos,c5c9b749d4,2,7,dynamic,oracle_identity,box,True,2,5,355,0,0.9449724989227689,0.8498866213151927,0.8974295601189808,0.9551530832255283,0.8698060941828256,0.912479588704177,0.9801212057886213,"[0.6854166666666667, 0.022222222222222223, 0.3145833333333333, 0.9777777777777777]",,,,0
long_rvos/c5c9b749d4/2/7,long_rvos,c5c9b749d4,2,7,dynamic,oracle_identity,box,True,3,7,474,0,1.0,1.0,1.0,1.0,1.0,1.0,1.0,,,,,
long_rvos/c5c9b749d4/2/11,long_rvos,c5c9b749d4,2,11,hybrid,oracle_identity,point,True,0,1,118,0,1.0,1.0,1.0,1.0,1.0,1.0,1.0,,1,[],[],
long_rvos/c5c9b749d4/2/11,long_rvos,c5c9b749d4,2,11,hybrid,oracle_identity,point,True,1,3,237,0,1.0,1.0,1.0,1.0,1.0,1.0,1.0,,2,[],[],
long_rvos/c5c9b749d4/2/11,long_rvos,c5c9b749d4,2,11,hybrid,oracle_identity,point,True,2,5,355,0,0.9449724989227689,0.8498866213151927,0.8974295601189808,0.0,0.0,0.0,0.0,,3,[],[],
long_rvos/c5c9b749d4/2/11,long_rvos,c5c9b749d4,2,11,hybrid,oracle_identity,point,True,3,7,474,0,1.0,1.0,1.0,1.0,1.0,1.0,1.0,,4,[],[],
long_rvos/c5c9b749d4/2/11,long_rvos,c5c9b749d4,2,11,hybrid,oracle_identity,box,True,0,1,118,0,1.0,1.0,1.0,1.0,1.0,1.0,1.0,,,,,
long_rvos/c5c9b749d4/2/11,long_rvos,c5c9b749d4,2,11,hybrid,oracle_identity,box,True,1,3,237,0,1.0,1.0,1.0,1.0,1.0,1.0,1.0,,,,,
long_rvos/c5c9b749d4/2/11,long_rvos,c5c9b749d4,2,11,hybrid,oracle_identity,box,True,2,5,355,0,0.9449724989227689,0.8498866213151927,0.8974295601189808,0.9551530832255283,0.8698060941828256,0.912479588704177,0.9801212057886213,"[0.6854166666666667, 0.022222222222222223, 0.3145833333333333, 0.9777777777777777]",,,,0
long_rvos/c5c9b749d4/2/11,long_rvos,c5c9b749d4,2,11,hybrid,oracle_identity,box,True,3,7,474,0,1.0,1.0,1.0,1.0,1.0,1.0,1.0,,,,,
long_rvos/c5c9b749d4/2/6,long_rvos,c5c9b749d4,2,6,static,oracle_identity,point,True,0,1,118,0,1.0,1.0,1.0,1.0,1.0,1.0,1.0,,1,[],[],
long_rvos/c5c9b749d4/2/6,long_rvos,c5c9b749d4,2,6,static,oracle_identity,point,True,1,3,237,0,1.0,1.0,1.0,1.0,1.0,1.0,1.0,,2,[],[],
long_rvos/c5c9b749d4/2/6,long_rvos,c5c9b749d4,2,6,static,oracle_identity,point,True,2,5,355,0,0.9449724989227689,0.8498866213151927,0.8974295601189808,0.0,0.0,0.0,0.0,,3,[],[],
long_rvos/c5c9b749d4/2/6,long_rvos,c5c9b749d4,2,6,static,oracle_identity,point,True,3,7,474,0,1.0,1.0,1.0,1.0,1.0,1.0,1.0,,4,[],[],
long_rvos/c5c9b749d4/2/6,long_rvos,c5c9b749d4,2,6,static,oracle_identity,box,True,0,1,118,0,1.0,1.0,1.0,1.0,1.0,1.0,1.0,,,,,
long_rvos/c5c9b749d4/2/6,long_rvos,c5c9b749d4,2,6,static,oracle_identity,box,True,1,3,237,0,1.0,1.0,1.0,1.0,1.0,1.0,1.0,,,,,
long_rvos/c5c9b749d4/2/6,long_rvos,c5c9b749d4,2,6,static,oracle_identity,box,True,2,5,355,0,0.9449724989227689,0.8498866213151927,0.8974295601189808,0.9551530832255283,0.8698060941828256,0.912479588704177,0.9801212057886213,"[0.6854166666666667, 0.022222222222222223, 0.3145833333333333, 0.9777777777777777]",,,,0
long_rvos/c5c9b749d4/2/6,long_rvos,c5c9b749d4,2,6,static,oracle_identity,box,True,3,7,474,0,1.0,1.0,1.0,1.0,1.0,1.0,1.0,,,,,
long_rvos/6fb7a04167/12/7,long_rvos,6fb7a04167,12,7,dynamic,oracle_identity,point,True,0,1,74,2,1.0,1.0,1.0,1.0,1.0,1.0,1.0,,1,[],[],
long_rvos/6fb7a04167/12/7,long_rvos,6fb7a04167,12,7,dynamic,oracle_identity,point,True,1,3,148,2,1.0,1.0,1.0,1.0,1.0,1.0,1.0,,2,[],[],
long_rvos/6fb7a04167/12/7,long_rvos,6fb7a04167,12,7,dynamic,oracle_identity,point,True,2,5,222,2,0.8629776021080369,0.9148412914207262,0.8889094467643816,0.0,0.0,0.0,0.0,,3,[],[],
long_rvos/6fb7a04167/12/7,long_rvos,6fb7a04167,12,7,dynamic,oracle_identity,point,True,3,7,297,2,1.0,1.0,1.0,1.0,1.0,1.0,1.0,,4,[],[],
long_rvos/6fb7a04167/12/7,long_rvos,6fb7a04167,12,7,dynamic,oracle_identity,box,True,0,1,74,2,1.0,1.0,1.0,1.0,1.0,1.0,1.0,,,,,
long_rvos/6fb7a04167/12/7,long_rvos,6fb7a04167,12,7,dynamic,oracle_identity,box,True,1,3,148,2,1.0,1.0,1.0,1.0,1.0,1.0,1.0,,,,,
long_rvos/6fb7a04167/12/7,long_rvos,6fb7a04167,12,7,dynamic,oracle_identity,box,True,2,5,222,2,0.8629776021080369,0.9148412914207262,0.8889094467643816,0.2003076923076923,0.6248283119184759,0.4125680021130841,0.22589651862839194,"[0.0, 0.40555555555555556, 0.3546875, 0.5555555555555556]",,,,0
long_rvos/6fb7a04167/12/7,long_rvos,6fb7a04167,12,7,dynamic,oracle_identity,box,True,3,7,297,2,1.0,1.0,1.0,1.0,1.0,1.0,1.0,,,,,
long_rvos/6fb7a04167/12/4,long_rvos,6fb7a04167,12,4,static,oracle_identity,point,True,0,1,74,2,1.0,1.0,1.0,1.0,1.0,1.0,1.0,,1,[],[],
long_rvos/6fb7a04167/12/4,long_rvos,6fb7a04167,12,4,static,oracle_identity,point,True,1,3,148,2,1.0,1.0,1.0,1.0,1.0,1.0,1.0,,2,[],[],
long_rvos/6fb7a04167/12/4,long_rvos,6fb7a04167,12,4,static,oracle_identity,point,True,2,5,222,2,0.8629776021080369,0.9148412914207262,0.8889094467643816,0.0,0.0,0.0,0.0,,3,[],[],
long_rvos/6fb7a04167/12/4,long_rvos,6fb7a04167,12,4,static,oracle_identity,point,True,3,7,297,2,1.0,1.0,1.0,1.0,1.0,1.0,1.0,,4,[],[],
long_rvos/6fb7a04167/12/4,long_rvos,6fb7a04167,12,4,static,oracle_identity,box,True,0,1,74,2,1.0,1.0,1.0,1.0,1.0,1.0,1.0,,,,,
long_rvos/6fb7a04167/12/4,long_rvos,6fb7a04167,12,4,static,oracle_identity,box,True,1,3,148,2,1.0,1.0,1.0,1.0,1.0,1.0,1.0,,,,,
long_rvos/6fb7a04167/12/4,long_rvos,6fb7a04167,12,4,static,oracle_identity,box,True,2,5,222,2,0.8629776021080369,0.9148412914207262,0.8889094467643816,0.2003076923076923,0.6248283119184759,0.4125680021130841,0.22589651862839194,"[0.0, 0.40555555555555556, 0.3546875, 0.5555555555555556]",,,,0
long_rvos/6fb7a04167/12/4,long_rvos,6fb7a04167,12,4,static,oracle_identity,box,True,3,7,297,2,1.0,1.0,1.0,1.0,1.0,1.0,1.0,,,,,
long_rvos/d33c8343bc/3/5,long_rvos,d33c8343bc,3,5,dynamic,oracle_identity,point,True,0,1,64,5,0.7558915345534676,0.7622155211130766,0.7590535278332721,0.0,0.0,0.0,0.0,,1,[],[],
long_rvos/d33c8343bc/3/5,long_rvos,d33c8343bc,3,5,dynamic,oracle_identity,point,True,1,3,129,5,0.0,0.0,0.0,1.0,1.0,1.0,0.0,,2,[],[],
long_rvos/d33c8343bc/3/5,long_rvos,d33c8343bc,3,5,dynamic,oracle_identity,point,True,2,5,194,5,0.7597224463450056,0.7132678832905843,0.736495164817795,0.0,0.0,0.0,0.0,,3,[],[],
long_rvos/d33c8343bc/3/5,long_rvos,d33c8343bc,3,5,dynamic,oracle_identity,point,True,3,7,259,5,1.0,1.0,1.0,1.0,1.0,1.0,1.0,,4,[],[],
long_rvos/d33c8343bc/3/5,long_rvos,d33c8343bc,3,5,dynamic,oracle_identity,box,True,0,1,64,5,0.7558915345534676,0.7622155211130766,0.7590535278332721,0.747580546367757,0.761147507754206,0.7543640270609815,0.9889030869594458,"[0.4765625, 0.36041666666666666, 0.415625, 0.15416666666666667]",,,,0
long_rvos/d33c8343bc/3/5,long_rvos,d33c8343bc,3,5,dynamic,oracle_identity,box,True,1,3,129,5,0.0,0.0,0.0,0.0,0.0,0.0,0.9594832003513653,"[0.0, 0.47708333333333336, 0.340625, 0.44583333333333336]",,,,0
long_rvos/d33c8343bc/3/5,long_rvos,d33c8343bc,3,5,dynamic,oracle_identity,box,True,2,5,194,5,0.7597224463450056,0.7132678832905843,0.736495164817795,0.7599289635130771,0.7126201839595965,0.7362745737363368,0.9925124792013311,"[0.0, 0.3104166666666667, 0.134375, 0.12708333333333333]",,,,0
long_rvos/d33c8343bc/3/5,long_rvos,d33c8343bc,3,5,dynamic,oracle_identity,box,True,3,7,259,5,1.0,1.0,1.0,1.0,1.0,1.0,1.0,,,,,
long_rvos/d33c8343bc/3/4,long_rvos,d33c8343bc,3,4,static,oracle_identity,point,True,0,1,64,5,0.7558915345534676,0.7622155211130766,0.7590535278332721,0.0,0.0,0.0,0.0,,1,[],[],
long_rvos/d33c8343bc/3/4,long_rvos,d33c8343bc,3,4,static,oracle_identity,point,True,1,3,129,5,0.0,0.0,0.0,1.0,1.0,1.0,0.0,,2,[],[],
long_rvos/d33c8343bc/3/4,long_rvos,d33c8343bc,3,4,static,oracle_identity,point,True,2,5,194,5,0.7597224463450056,0.7132678832905843,0.736495164817795,0.0,0.0,0.0,0.0,,3,[],[],
long_rvos/d33c8343bc/3/4,long_rvos,d33c8343bc,3,4,static,oracle_identity,point,True,3,7,259,5,1.0,1.0,1.0,1.0,1.0,1.0,1.0,,4,[],[],
long_rvos/d33c8343bc/3/4,long_rvos,d33c8343bc,3,4,static,oracle_identity,box,True,0,1,64,5,0.7558915345534676,0.7622155211130766,0.7590535278332721,0.747580546367757,0.761147507754206,0.7543640270609815,0.9889030869594458,"[0.4765625, 0.36041666666666666, 0.415625, 0.15416666666666667]",,,,0
long_rvos/d33c8343bc/3/4,long_rvos,d33c8343bc,3,4,static,oracle_identity,box,True,1,3,129,5,0.0,0.0,0.0,0.0,0.0,0.0,0.9594832003513653,"[0.0, 0.47708333333333336, 0.340625, 0.44583333333333336]",,,,0
long_rvos/d33c8343bc/3/4,long_rvos,d33c8343bc,3,4,static,oracle_identity,box,True,2,5,194,5,0.7597224463450056,0.7132678832905843,0.736495164817795,0.7599289635130771,0.7126201839595965,0.7362745737363368,0.9925124792013311,"[0.0, 0.3104166666666667, 0.134375, 0.12708333333333333]",,,,0
long_rvos/d33c8343bc/3/4,long_rvos,d33c8343bc,3,4,static,oracle_identity,box,True,3,7,259,5,1.0,1.0,1.0,1.0,1.0,1.0,1.0,,,,,
long_rvos/2a87bea97e/1/3,long_rvos,2a87bea97e,1,3,dynamic,oracle_identity,point,True,0,1,84,1,0.8841403702259957,0.5797662522420113,0.7319533112340035,0.0,0.0,0.0,0.0,,1,[],[],
long_rvos/2a87bea97e/1/3,long_rvos,2a87bea97e,1,3,dynamic,oracle_identity,point,True,1,3,169,1,0.9522736402739538,0.8853143937545256,0.9187940170142397,0.0,0.0,0.0,0.0,,2,[],[],
long_rvos/2a87bea97e/1/3,long_rvos,2a87bea97e,1,3,dynamic,oracle_identity,point,True,2,5,253,1,0.0,0.0,0.0,0.0,0.0,0.0,1.0,,3,[],[],
long_rvos/2a87bea97e/1/3,long_rvos,2a87bea97e,1,3,dynamic,oracle_identity,point,True,3,7,338,1,1.0,1.0,1.0,1.0,1.0,1.0,1.0,,4,[],[],
long_rvos/2a87bea97e/1/3,long_rvos,2a87bea97e,1,3,dynamic,oracle_identity,box,True,0,1,84,1,0.8841403702259957,0.5797662522420113,0.7319533112340035,0.0,0.0,0.0,0.0,"[0.4625, 0.025, 0.5375, 0.975]",,,,
long_rvos/2a87bea97e/1/3,long_rvos,2a87bea97e,1,3,dynamic,oracle_identity,box,True,1,3,169,1,0.9522736402739538,0.8853143937545256,0.9187940170142397,0.9369200588523786,0.7433908164745564,0.8401554376634675,0.9709153794756907,"[0.053125, 0.06666666666666667, 0.821875, 0.9333333333333333]",,,,0
long_rvos/2a87bea97e/1/3,long_rvos,2a87bea97e,1,3,dynamic,oracle_identity,box,True,2,5,253,1,0.0,0.0,0.0,0.0,0.0,0.0,1.0,,,,,
long_rvos/2a87bea97e/1/3,long_rvos,2a87bea97e,1,3,dynamic,oracle_identity,box,True,3,7,338,1,1.0,1.0,1.0,1.0,1.0,1.0,1.0,,,,,
long_rvos/2a87bea97e/1/13,long_rvos,2a87bea97e,1,13,hybrid,oracle_identity,point,True,0,1,84,,0.0,0.0,0.0,0.0,0.0,0.0,1.0,,1,[],[],
long_rvos/2a87bea97e/1/13,long_rvos,2a87bea97e,1,13,hybrid,oracle_identity,point,True,1,3,169,,0.0,0.0,0.0,0.0,0.0,0.0,1.0,,2,[],[],
long_rvos/2a87bea97e/1/13,long_rvos,2a87bea97e,1,13,hybrid,oracle_identity,point,True,2,5,253,,0.0,0.0,0.0,0.0,0.0,0.0,1.0,,3,[],[],
long_rvos/2a87bea97e/1/13,long_rvos,2a87bea97e,1,13,hybrid,oracle_identity,point,True,3,7,338,,1.0,1.0,1.0,1.0,1.0,1.0,1.0,,4,[],[],
long_rvos/2a87bea97e/1/13,long_rvos,2a87bea97e,1,13,hybrid,oracle_identity,box,True,0,1,84,,0.0,0.0,0.0,0.0,0.0,0.0,1.0,,,,,
long_rvos/2a87bea97e/1/13,long_rvos,2a87bea97e,1,13,hybrid,oracle_identity,box,True,1,3,169,,0.0,0.0,0.0,0.0,0.0,0.0,1.0,,,,,
long_rvos/2a87bea97e/1/13,long_rvos,2a87bea97e,1,13,hybrid,oracle_identity,box,True,2,5,253,,0.0,0.0,0.0,0.0,0.0,0.0,1.0,,,,,
long_rvos/2a87bea97e/1/13,long_rvos,2a87bea97e,1,13,hybrid,oracle_identity,box,True,3,7,338,,1.0,1.0,1.0,1.0,1.0,1.0,1.0,,,,,
long_rvos/2a87bea97e/1/2,long_rvos,2a87bea97e,1,2,static,oracle_identity,point,True,0,1,84,1,0.8841403702259957,0.5797662522420113,0.7319533112340035,0.0,0.0,0.0,0.0,,1,[],[],
long_rvos/2a87bea97e/1/2,long_rvos,2a87bea97e,1,2,static,oracle_identity,point,True,1,3,169,1,0.9522736402739538,0.8853143937545256,0.9187940170142397,0.0,0.0,0.0,0.0,,2,[],[],
long_rvos/2a87bea97e/1/2,long_rvos,2a87bea97e,1,2,static,oracle_identity,point,True,2,5,253,1,0.0,0.0,0.0,0.0,0.0,0.0,1.0,,3,[],[],
long_rvos/2a87bea97e/1/2,long_rvos,2a87bea97e,1,2,static,oracle_identity,point,True,3,7,338,1,1.0,1.0,1.0,1.0,1.0,1.0,1.0,,4,[],[],
long_rvos/2a87bea97e/1/2,long_rvos,2a87bea97e,1,2,static,oracle_identity,box,True,0,1,84,1,0.8841403702259957,0.5797662522420113,0.7319533112340035,0.0,0.0,0.0,0.0,"[0.4625, 0.025, 0.5375, 0.975]",,,,
long_rvos/2a87bea97e/1/2,long_rvos,2a87bea97e,1,2,static,oracle_identity,box,True,1,3,169,1,0.9522736402739538,0.8853143937545256,0.9187940170142397,0.9369200588523786,0.7433908164745564,0.8401554376634675,0.9709153794756907,"[0.053125, 0.06666666666666667, 0.821875, 0.9333333333333333]",,,,0
long_rvos/2a87bea97e/1/2,long_rvos,2a87bea97e,1,2,static,oracle_identity,box,True,2,5,253,1,0.0,0.0,0.0,0.0,0.0,0.0,1.0,,,,,
long_rvos/2a87bea97e/1/2,long_rvos,2a87bea97e,1,2,static,oracle_identity,box,True,3,7,338,1,1.0,1.0,1.0,1.0,1.0,1.0,1.0,,,,,
long_rvos/119777f4c0/1/3,long_rvos,119777f4c0,1,3,dynamic,oracle_identity,point,True,0,1,105,4,1.0,1.0,1.0,1.0,1.0,1.0,1.0,,1,[],[],
long_rvos/119777f4c0/1/3,long_rvos,119777f4c0,1,3,dynamic,oracle_identity,point,True,1,3,211,4,0.895669436977484,0.31224755856641256,0.6039584977719483,0.0,0.0,0.0,0.0,,2,[],[],
long_rvos/119777f4c0/1/3,long_rvos,119777f4c0,1,3,dynamic,oracle_identity,point,True,2,5,317,4,1.0,1.0,1.0,1.0,1.0,1.0,1.0,,3,[],[],
long_rvos/119777f4c0/1/3,long_rvos,119777f4c0,1,3,dynamic,oracle_identity,point,True,3,7,423,4,1.0,1.0,1.0,1.0,1.0,1.0,1.0,,4,[],[],
long_rvos/119777f4c0/1/3,long_rvos,119777f4c0,1,3,dynamic,oracle_identity,box,True,0,1,105,4,1.0,1.0,1.0,1.0,1.0,1.0,1.0,,,,,
long_rvos/119777f4c0/1/3,long_rvos,119777f4c0,1,3,dynamic,oracle_identity,box,True,1,3,211,4,0.895669436977484,0.31224755856641256,0.6039584977719483,0.6969403947237925,0.13939924274864976,0.41816981873622117,0.7752941021138383,"[0.28125, 0.2972222222222222, 0.71875, 0.7027777777777777]",,,,0
long_rvos/119777f4c0/1/3,long_rvos,119777f4c0,1,3,dynamic,oracle_identity,box,True,2,5,317,4,1.0,1.0,1.0,1.0,1.0,1.0,1.0,,,,,
long_rvos/119777f4c0/1/3,long_rvos,119777f4c0,1,3,dynamic,oracle_identity,box,True,3,7,423,4,1.0,1.0,1.0,1.0,1.0,1.0,1.0,,,,,
long_rvos/119777f4c0/1/0,long_rvos,119777f4c0,1,0,static,oracle_identity,point,True,0,1,105,4,1.0,1.0,1.0,1.0,1.0,1.0,1.0,,1,[],[],
long_rvos/119777f4c0/1/0,long_rvos,119777f4c0,1,0,static,oracle_identity,point,True,1,3,211,4,0.895669436977484,0.31224755856641256,0.6039584977719483,0.0,0.0,0.0,0.0,,2,[],[],
long_rvos/119777f4c0/1/0,long_rvos,119777f4c0,1,0,static,oracle_identity,point,True,2,5,317,4,1.0,1.0,1.0,1.0,1.0,1.0,1.0,,3,[],[],
long_rvos/119777f4c0/1/0,long_rvos,119777f4c0,1,0,static,oracle_identity,point,True,3,7,423,4,1.0,1.0,1.0,1.0,1.0,1.0,1.0,,4,[],[],
long_rvos/119777f4c0/1/0,long_rvos,119777f4c0,1,0,static,oracle_identity,box,True,0,1,105,4,1.0,1.0,1.0,1.0,1.0,1.0,1.0,,,,,
long_rvos/119777f4c0/1/0,long_rvos,119777f4c0,1,0,static,oracle_identity,box,True,1,3,211,4,0.895669436977484,0.31224755856641256,0.6039584977719483,0.6969403947237925,0.13939924274864976,0.41816981873622117,0.7752941021138383,"[0.28125, 0.2972222222222222, 0.71875, 0.7027777777777777]",,,,0
long_rvos/119777f4c0/1/0,long_rvos,119777f4c0,1,0,static,oracle_identity,box,True,2,5,317,4,1.0,1.0,1.0,1.0,1.0,1.0,1.0,,,,,
long_rvos/119777f4c0/1/0,long_rvos,119777f4c0,1,0,static,oracle_identity,box,True,3,7,423,4,1.0,1.0,1.0,1.0,1.0,1.0,1.0,,,,,
long_rvos/28ff632792/1/1,long_rvos,28ff632792,1,1,dynamic,oracle_identity,point,True,0,1,134,0,1.0,1.0,1.0,1.0,1.0,1.0,1.0,,1,[],[],
long_rvos/28ff632792/1/1,long_rvos,28ff632792,1,1,dynamic,oracle_identity,point,True,1,3,269,0,1.0,1.0,1.0,1.0,1.0,1.0,1.0,,2,[],[],
long_rvos/28ff632792/1/1,long_rvos,28ff632792,1,1,dynamic,oracle_identity,point,True,2,5,403,0,0.0,0.0,0.0,1.0,1.0,1.0,0.0,,3,[],[],
long_rvos/28ff632792/1/1,long_rvos,28ff632792,1,1,dynamic,oracle_identity,point,True,3,7,538,0,0.945313360502258,0.9782902528621804,0.9618018066822192,0.0,0.0,0.0,0.0,,4,[],[],
long_rvos/28ff632792/1/1,long_rvos,28ff632792,1,1,dynamic,oracle_identity,box,True,0,1,134,0,1.0,1.0,1.0,1.0,1.0,1.0,1.0,,,,,
long_rvos/28ff632792/1/1,long_rvos,28ff632792,1,1,dynamic,oracle_identity,box,True,1,3,269,0,1.0,1.0,1.0,1.0,1.0,1.0,1.0,,,,,
long_rvos/28ff632792/1/1,long_rvos,28ff632792,1,1,dynamic,oracle_identity,box,True,2,5,403,0,0.0,0.0,0.0,0.0,0.0,0.0,0.8909313725490197,"[0.0, 0.0, 0.0765625, 0.5625]",,,,0
long_rvos/28ff632792/1/1,long_rvos,28ff632792,1,1,dynamic,oracle_identity,box,True,3,7,538,0,0.945313360502258,0.9782902528621804,0.9618018066822192,0.0,0.0,0.0,0.0,"[0.0, 0.0, 0.296875, 1.0]",,,,
long_rvos/28ff632792/1/0,long_rvos,28ff632792,1,0,static,oracle_identity,point,True,0,1,134,0,1.0,1.0,1.0,1.0,1.0,1.0,1.0,,1,[],[],
long_rvos/28ff632792/1/0,long_rvos,28ff632792,1,0,static,oracle_identity,point,True,1,3,269,0,1.0,1.0,1.0,1.0,1.0,1.0,1.0,,2,[],[],
long_rvos/28ff632792/1/0,long_rvos,28ff632792,1,0,static,oracle_identity,point,True,2,5,403,0,0.0,0.0,0.0,1.0,1.0,1.0,0.0,,3,[],[],
long_rvos/28ff632792/1/0,long_rvos,28ff632792,1,0,static,oracle_identity,point,True,3,7,538,0,0.9444337309567756,0.9822856076068054,0.9633596692817905,0.0,0.0,0.0,0.0,,4,[],[],
long_rvos/28ff632792/1/0,long_rvos,28ff632792,1,0,static,oracle_identity,box,True,0,1,134,0,1.0,1.0,1.0,1.0,1.0,1.0,1.0,,,,,
long_rvos/28ff632792/1/0,long_rvos,28ff632792,1,0,static,oracle_identity,box,True,1,3,269,0,1.0,1.0,1.0,1.0,1.0,1.0,1.0,,,,,
long_rvos/28ff632792/1/0,long_rvos,28ff632792,1,0,static,oracle_identity,box,True,2,5,403,0,0.0,0.0,0.0,0.0,0.0,0.0,0.8960199004975125,"[0.0, 0.0, 0.0765625, 0.5625]",,,,0
long_rvos/28ff632792/1/0,long_rvos,28ff632792,1,0,static,oracle_identity,box,True,3,7,538,0,0.9444337309567756,0.9822856076068054,0.9633596692817905,0.0,0.0,0.0,0.0,"[0.0, 0.0, 0.296875, 0.6791666666666667]",,,,
long_rvos/dca31590b8/2/10,long_rvos,dca31590b8,2,10,hybrid,oracle_identity,point,True,0,1,80,0,0.9143747548271804,0.7980259793912634,0.856200367109222,0.0,0.0,0.0,0.0,,1,[],[],
long_rvos/dca31590b8/2/10,long_rvos,dca31590b8,2,10,hybrid,oracle_identity,point,True,1,3,160,0,1.0,1.0,1.0,1.0,1.0,1.0,1.0,,2,[],[],
long_rvos/dca31590b8/2/10,long_rvos,dca31590b8,2,10,hybrid,oracle_identity,point,True,2,5,240,0,1.0,1.0,1.0,1.0,1.0,1.0,1.0,,3,[],[],
long_rvos/dca31590b8/2/10,long_rvos,dca31590b8,2,10,hybrid,oracle_identity,point,True,3,7,320,0,1.0,1.0,1.0,1.0,1.0,1.0,1.0,,4,[],[],
long_rvos/dca31590b8/2/10,long_rvos,dca31590b8,2,10,hybrid,oracle_identity,box,True,0,1,80,0,0.9143747548271804,0.7980259793912634,0.856200367109222,0.000803794817221587,0.16324007531108292,0.08202193506415226,0.0,"[0.4171875, 0.0, 0.5828125, 0.9166666666666666]",,,,0
long_rvos/dca31590b8/2/10,long_rvos,dca31590b8,2,10,hybrid,oracle_identity,box,True,1,3,160,0,1.0,1.0,1.0,1.0,1.0,1.0,1.0,,,,,
long_rvos/dca31590b8/2/10,long_rvos,dca31590b8,2,10,hybrid,oracle_identity,box,True,2,5,240,0,1.0,1.0,1.0,1.0,1.0,1.0,1.0,,,,,
long_rvos/dca31590b8/2/10,long_rvos,dca31590b8,2,10,hybrid,oracle_identity,box,True,3,7,320,0,1.0,1.0,1.0,1.0,1.0,1.0,1.0,,,,,
long_rvos/dca31590b8/2/4,long_rvos,dca31590b8,2,4,static,oracle_identity,point,True,0,1,80,0,0.9143747548271804,0.7980259793912634,0.856200367109222,0.0,0.0,0.0,0.0,,1,[],[],
long_rvos/dca31590b8/2/4,long_rvos,dca31590b8,2,4,static,oracle_identity,point,True,1,3,160,0,1.0,1.0,1.0,1.0,1.0,1.0,1.0,,2,[],[],
long_rvos/dca31590b8/2/4,long_rvos,dca31590b8,2,4,static,oracle_identity,point,True,2,5,240,0,1.0,1.0,1.0,1.0,1.0,1.0,1.0,,3,[],[],
long_rvos/dca31590b8/2/4,long_rvos,dca31590b8,2,4,static,oracle_identity,point,True,3,7,320,0,1.0,1.0,1.0,1.0,1.0,1.0,1.0,,4,[],[],
long_rvos/dca31590b8/2/4,long_rvos,dca31590b8,2,4,static,oracle_identity,box,True,0,1,80,0,0.9143747548271804,0.7980259793912634,0.856200367109222,0.000803794817221587,0.16324007531108292,0.08202193506415226,0.0,"[0.4171875, 0.0, 0.5828125, 0.9166666666666666]",,,,0
long_rvos/dca31590b8/2/4,long_rvos,dca31590b8,2,4,static,oracle_identity,box,True,1,3,160,0,1.0,1.0,1.0,1.0,1.0,1.0,1.0,,,,,
long_rvos/dca31590b8/2/4,long_rvos,dca31590b8,2,4,static,oracle_identity,box,True,2,5,240,0,1.0,1.0,1.0,1.0,1.0,1.0,1.0,,,,,
long_rvos/dca31590b8/2/4,long_rvos,dca31590b8,2,4,static,oracle_identity,box,True,3,7,320,0,1.0,1.0,1.0,1.0,1.0,1.0,1.0,,,,,
long_rvos/a595411232/3/11,long_rvos,a595411232,3,11,dynamic,oracle_identity,point,True,0,1,134,1,0.0,0.0,0.0,0.0,0.0,0.0,1.0,,1,[],[],
long_rvos/a595411232/3/11,long_rvos,a595411232,3,11,dynamic,oracle_identity,point,True,1,3,269,1,0.27454819277108433,0.35629588647816135,0.31542203962462284,0.0,0.0,0.0,0.0,,2,[],[],
long_rvos/a595411232/3/11,long_rvos,a595411232,3,11,dynamic,oracle_identity,point,True,2,5,404,1,0.8048595292331056,0.8957044431946007,0.8502819862138531,0.0,0.0,0.0,0.0,,3,[],[],
long_rvos/a595411232/3/11,long_rvos,a595411232,3,11,dynamic,oracle_identity,point,True,3,7,539,1,0.0,0.0,0.0,0.0,0.0,0.0,1.0,,4,[],[],
long_rvos/a595411232/3/11,long_rvos,a595411232,3,11,dynamic,oracle_identity,box,True,0,1,134,1,0.0,0.0,0.0,0.0,0.0,0.0,1.0,,,,,
long_rvos/a595411232/3/11,long_rvos,a595411232,3,11,dynamic,oracle_identity,box,True,1,3,269,1,0.27454819277108433,0.35629588647816135,0.31542203962462284,0.0,0.0,0.0,0.0,"[0.4421875, 0.5479166666666667, 0.2390625, 0.17083333333333334]",,,,
long_rvos/a595411232/3/11,long_rvos,a595411232,3,11,dynamic,oracle_identity,box,True,2,5,404,1,0.8048595292331056,0.8957044431946007,0.8502819862138531,0.752724795640327,0.9245742092457421,0.8386495024430345,0.8030981067125645,"[0.45625, 0.4666666666666667, 0.1921875, 0.12291666666666666]",,,,0
long_rvos/a595411232/3/11,long_rvos,a595411232,3,11,dynamic,oracle_identity,box,True,3,7,539,1,0.0,0.0,0.0,0.0,0.0,0.0,1.0,,,,,
long_rvos/a595411232/3/20,long_rvos,a595411232,3,20,hybrid,oracle_identity,point,True,0,1,134,1,0.0,0.0,0.0,0.0,0.0,0.0,1.0,,1,[],[],
long_rvos/a595411232/3/20,long_rvos,a595411232,3,20,hybrid,oracle_identity,point,True,1,3,269,1,0.27454819277108433,0.35629588647816135,0.31542203962462284,0.0,0.0,0.0,0.0,,2,[],[],
long_rvos/a595411232/3/20,long_rvos,a595411232,3,20,hybrid,oracle_identity,point,True,2,5,404,1,0.8048595292331056,0.8957044431946007,0.8502819862138531,0.0,0.0,0.0,0.0,,3,[],[],
long_rvos/a595411232/3/20,long_rvos,a595411232,3,20,hybrid,oracle_identity,point,True,3,7,539,1,0.0,0.0,0.0,0.0,0.0,0.0,1.0,,4,[],[],
long_rvos/a595411232/3/20,long_rvos,a595411232,3,20,hybrid,oracle_identity,box,True,0,1,134,1,0.0,0.0,0.0,0.0,0.0,0.0,1.0,,,,,
long_rvos/a595411232/3/20,long_rvos,a595411232,3,20,hybrid,oracle_identity,box,True,1,3,269,1,0.27454819277108433,0.35629588647816135,0.31542203962462284,0.0,0.0,0.0,0.0,"[0.4421875, 0.5479166666666667, 0.2390625, 0.17083333333333334]",,,,
long_rvos/a595411232/3/20,long_rvos,a595411232,3,20,hybrid,oracle_identity,box,True,2,5,404,1,0.8048595292331056,0.8957044431946007,0.8502819862138531,0.752724795640327,0.9245742092457421,0.8386495024430345,0.8030981067125645,"[0.45625, 0.4666666666666667, 0.1921875, 0.12291666666666666]",,,,0
long_rvos/a595411232/3/20,long_rvos,a595411232,3,20,hybrid,oracle_identity,box,True,3,7,539,1,0.0,0.0,0.0,0.0,0.0,0.0,1.0,,,,,
long_rvos/a595411232/3/10,long_rvos,a595411232,3,10,static,oracle_identity,point,True,0,1,134,1,0.0,0.0,0.0,0.0,0.0,0.0,1.0,,1,[],[],
long_rvos/a595411232/3/10,long_rvos,a595411232,3,10,static,oracle_identity,point,True,1,3,269,1,0.27454819277108433,0.35629588647816135,0.31542203962462284,0.0,0.0,0.0,0.0,,2,[],[],
long_rvos/a595411232/3/10,long_rvos,a595411232,3,10,static,oracle_identity,point,True,2,5,404,1,0.8048595292331056,0.8957044431946007,0.8502819862138531,0.0,0.0,0.0,0.0,,3,[],[],
long_rvos/a595411232/3/10,long_rvos,a595411232,3,10,static,oracle_identity,point,True,3,7,539,1,0.0,0.0,0.0,0.0,0.0,0.0,1.0,,4,[],[],
long_rvos/a595411232/3/10,long_rvos,a595411232,3,10,static,oracle_identity,box,True,0,1,134,1,0.0,0.0,0.0,0.0,0.0,0.0,1.0,,,,,
long_rvos/a595411232/3/10,long_rvos,a595411232,3,10,static,oracle_identity,box,True,1,3,269,1,0.27454819277108433,0.35629588647816135,0.31542203962462284,0.0,0.0,0.0,0.0,"[0.4421875, 0.5479166666666667, 0.2390625, 0.17083333333333334]",,,,
long_rvos/a595411232/3/10,long_rvos,a595411232,3,10,static,oracle_identity,box,True,2,5,404,1,0.8048595292331056,0.8957044431946007,0.8502819862138531,0.752724795640327,0.9245742092457421,0.8386495024430345,0.8030981067125645,"[0.45625, 0.4666666666666667, 0.1921875, 0.12291666666666666]",,,,0
long_rvos/a595411232/3/10,long_rvos,a595411232,3,10,static,oracle_identity,box,True,3,7,539,1,0.0,0.0,0.0,0.0,0.0,0.0,1.0,,,,,
long_rvos/e9b78ad8e7/1/1,long_rvos,e9b78ad8e7,1,1,dynamic,oracle_identity,point,True,0,1,110,0,0.9068825910931174,1.0,0.9534412955465588,0.0,0.0,0.0,0.0,,1,[],[],
long_rvos/e9b78ad8e7/1/1,long_rvos,e9b78ad8e7,1,1,dynamic,oracle_identity,point,True,1,3,220,0,0.0,0.0,0.0,1.0,1.0,1.0,0.0,,2,[],[],
long_rvos/e9b78ad8e7/1/1,long_rvos,e9b78ad8e7,1,1,dynamic,oracle_identity,point,True,2,5,330,0,0.0,0.0,0.0,0.0,0.0,0.0,1.0,,3,[],[],
long_rvos/e9b78ad8e7/1/1,long_rvos,e9b78ad8e7,1,1,dynamic,oracle_identity,point,True,3,7,440,0,1.0,1.0,1.0,1.0,1.0,1.0,1.0,,4,[],[],
long_rvos/e9b78ad8e7/1/1,long_rvos,e9b78ad8e7,1,1,dynamic,oracle_identity,box,True,0,1,110,0,0.9068825910931174,1.0,0.9534412955465588,0.8910788381742739,0.9940828402366864,0.9425808392054802,0.927645788336933,"[0.515625, 0.5305555555555556, 0.034375, 0.15]",,,,0
long_rvos/e9b78ad8e7/1/1,long_rvos,e9b78ad8e7,1,1,dynamic,oracle_identity,box,True,1,3,220,0,0.0,0.0,0.0,0.0,0.0,0.0,0.9598623853211009,"[0.459375, 0.6555555555555556, 0.0703125, 0.075]",,,,0
long_rvos/e9b78ad8e7/1/1,long_rvos,e9b78ad8e7,1,1,dynamic,oracle_identity,box,True,2,5,330,0,0.0,0.0,0.0,0.0,0.0,0.0,1.0,,,,,
long_rvos/e9b78ad8e7/1/1,long_rvos,e9b78ad8e7,1,1,dynamic,oracle_identity,box,True,3,7,440,0,1.0,1.0,1.0,1.0,1.0,1.0,1.0,,,,,
long_rvos/e9b78ad8e7/1/0,long_rvos,e9b78ad8e7,1,0,static,oracle_identity,point,True,0,1,110,0,0.9068825910931174,1.0,0.9534412955465588,0.0,0.0,0.0,0.0,,1,[],[],
long_rvos/e9b78ad8e7/1/0,long_rvos,e9b78ad8e7,1,0,static,oracle_identity,point,True,1,3,220,0,0.0,0.0,0.0,1.0,1.0,1.0,0.0,,2,[],[],
long_rvos/e9b78ad8e7/1/0,long_rvos,e9b78ad8e7,1,0,static,oracle_identity,point,True,2,5,330,0,0.0,0.0,0.0,0.0,0.0,0.0,1.0,,3,[],[],
long_rvos/e9b78ad8e7/1/0,long_rvos,e9b78ad8e7,1,0,static,oracle_identity,point,True,3,7,440,0,1.0,1.0,1.0,1.0,1.0,1.0,1.0,,4,[],[],
long_rvos/e9b78ad8e7/1/0,long_rvos,e9b78ad8e7,1,0,static,oracle_identity,box,True,0,1,110,0,0.9068825910931174,1.0,0.9534412955465588,0.8910788381742739,0.9940828402366864,0.9425808392054802,0.927645788336933,"[0.515625, 0.5305555555555556, 0.034375, 0.15]",,,,0
long_rvos/e9b78ad8e7/1/0,long_rvos,e9b78ad8e7,1,0,static,oracle_identity,box,True,1,3,220,0,0.0,0.0,0.0,0.0,0.0,0.0,0.9598623853211009,"[0.459375, 0.6555555555555556, 0.0703125, 0.075]",,,,0
long_rvos/e9b78ad8e7/1/0,long_rvos,e9b78ad8e7,1,0,static,oracle_identity,box,True,2,5,330,0,0.0,0.0,0.0,0.0,0.0,0.0,1.0,,,,,
long_rvos/e9b78ad8e7/1/0,long_rvos,e9b78ad8e7,1,0,static,oracle_identity,box,True,3,7,440,0,1.0,1.0,1.0,1.0,1.0,1.0,1.0,,,,,
long_rvos/2c4cbde1aa/1/3,long_rvos,2c4cbde1aa,1,3,dynamic,oracle_identity,point,True,0,1,58,0,0.9373219373219374,1.0,0.9686609686609686,0.0,0.0,0.0,0.0,,1,[],[],
long_rvos/2c4cbde1aa/1/3,long_rvos,2c4cbde1aa,1,3,dynamic,oracle_identity,point,True,1,3,117,0,0.0725925925925926,0.4929818555289285,0.2827872240607605,0.0,0.0,0.0,0.0,,2,[],[],
long_rvos/2c4cbde1aa/1/3,long_rvos,2c4cbde1aa,1,3,dynamic,oracle_identity,point,True,2,5,175,0,0.0,0.0,0.0,0.0,0.0,0.0,1.0,,3,[],[],
long_rvos/2c4cbde1aa/1/3,long_rvos,2c4cbde1aa,1,3,dynamic,oracle_identity,point,True,3,7,234,0,0.0,0.0,0.0,0.0,0.0,0.0,1.0,,4,[],[],
long_rvos/2c4cbde1aa/1/3,long_rvos,2c4cbde1aa,1,3,dynamic,oracle_identity,box,True,0,1,58,0,0.9373219373219374,1.0,0.9686609686609686,0.910594439117929,1.0,0.9552972195589645,0.9442836468885673,"[0.28828125, 0.4986111111111111, 0.07421875, 0.08194444444444444]",,,,0
long_rvos/2c4cbde1aa/1/3,long_rvos,2c4cbde1aa,1,3,dynamic,oracle_identity,box,True,1,3,117,0,0.0725925925925926,0.4929818555289285,0.2827872240607605,0.0,0.0,0.0,0.0,"[0.34296875, 0.43472222222222223, 0.26484375, 0.02361111111111111]",,,,
long_rvos/2c4cbde1aa/1/3,long_rvos,2c4cbde1aa,1,3,dynamic,oracle_identity,box,True,2,5,175,0,0.0,0.0,0.0,0.0,0.0,0.0,1.0,,,,,
long_rvos/2c4cbde1aa/1/3,long_rvos,2c4cbde1aa,1,3,dynamic,oracle_identity,box,True,3,7,234,0,0.0,0.0,0.0,0.0,0.0,0.0,1.0,,,,,
long_rvos/2c4cbde1aa/1/0,long_rvos,2c4cbde1aa,1,0,static,oracle_identity,point,True,0,1,58,0,0.932573599240266,1.0,0.966286799620133,0.0,0.0,0.0,0.0,,1,[],[],
long_rvos/2c4cbde1aa/1/0,long_rvos,2c4cbde1aa,1,0,static,oracle_identity,point,True,1,3,117,0,0.0011248593925759281,0.061538461538461535,0.03133166046551873,0.0,0.0,0.0,0.0,,2,[],[],
long_rvos/2c4cbde1aa/1/0,long_rvos,2c4cbde1aa,1,0,static,oracle_identity,point,True,2,5,175,0,0.0,0.0,0.0,0.0,0.0,0.0,1.0,,3,[],[],
long_rvos/2c4cbde1aa/1/0,long_rvos,2c4cbde1aa,1,0,static,oracle_identity,point,True,3,7,234,0,0.0,0.0,0.0,0.0,0.0,0.0,1.0,,4,[],[],
long_rvos/2c4cbde1aa/1/0,long_rvos,2c4cbde1aa,1,0,static,oracle_identity,box,True,0,1,58,0,0.932573599240266,1.0,0.966286799620133,0.9100693613967951,1.0,0.9550346806983976,0.9520232614489944,"[0.28828125, 0.4986111111111111, 0.075, 0.08194444444444444]",,,,0
long_rvos/2c4cbde1aa/1/0,long_rvos,2c4cbde1aa,1,0,static,oracle_identity,box,True,1,3,117,0,0.0011248593925759281,0.061538461538461535,0.03133166046551873,0.0,0.0,0.0,0.0,"[0.34296875, 0.4375, 0.26328125, 0.020833333333333332]",,,,
long_rvos/2c4cbde1aa/1/0,long_rvos,2c4cbde1aa,1,0,static,oracle_identity,box,True,2,5,175,0,0.0,0.0,0.0,0.0,0.0,0.0,1.0,,,,,
long_rvos/2c4cbde1aa/1/0,long_rvos,2c4cbde1aa,1,0,static,oracle_identity,box,True,3,7,234,0,0.0,0.0,0.0,0.0,0.0,0.0,1.0,,,,,
