identity,dataset,video_id,object_id,expression_id,description_type,identity_basis,prompt_form,ORACLE,direct_track_J,direct_track_F,direct_track_J_and_F,anchor_candidate_J,anchor_candidate_F,anchor_candidate_J_and_F,init_J,init_F,init_J_and_F,candidate_to_init_IoU,propagated_J,propagated_F,propagated_J_and_F,initialization_loss_J_and_F,propagation_loss_J_and_F,direct_to_propagated_loss_J_and_F,latency_seconds_synchronized,peak_memory_bytes,cache_hit,prior_point_propagated_J_and_F,rerun_minus_prior_J_and_F
long_rvos/af3ad95fe0/5/8,long_rvos,af3ad95fe0,5,8,static,predicted_static,point,False,0.53335890415592,0.6156623745131408,0.5745106393345304,0.6566059584653218,0.75,0.7033029792326608,0.25,0.25,0.25,0.5,0.5720260638093745,0.6543930448475627,0.6132095543284686,-0.45330297923266083,0.3632095543284686,0.03869891499393818,271.053705714643,10079910400,False,0.6132095543284686,0.0
long_rvos/af3ad95fe0/5/8,long_rvos,af3ad95fe0,5,8,static,predicted_static,box,False,0.53335890415592,0.6156623745131408,0.5745106393345304,0.6566059584653218,0.75,0.7033029792326608,0.655916119407771,0.75,0.7029580597038855,0.9859607389738521,0.2909947574629857,0.296875,0.2939348787314928,-0.0003449195287753559,-0.40902318097239265,-0.28057576060303757,281.3121215328574,31196350976,False,,
long_rvos/8847e5550e/2/3,long_rvos,8847e5550e,2,3,dynamic,predicted_static,point,False,0.6117367824953535,0.6270404155656728,0.6193885990305131,0.7343774308976819,0.7461634176690171,0.7402704242833494,0.5,0.5,0.5,0.5,0.15056437734272066,0.15171732812599187,0.15114085273435626,-0.24027042428334944,-0.3488591472656437,-0.46824774629615684,96.74567744880915,8006457856,False,0.15114085273435626,0.0
long_rvos/8847e5550e/2/3,long_rvos,8847e5550e,2,3,dynamic,predicted_static,box,False,0.6117367824953535,0.6270404155656728,0.6193885990305131,0.7343774308976819,0.7461634176690171,0.7402704242833494,0.730080095698757,0.7407557680660671,0.7354179318824121,0.7379387141783836,0.41988799915101205,0.42119271012032167,0.42054035463566686,-0.004852492400937325,-0.31487757724674525,-0.19884824439484627,103.27573160082102,24231448064,False,,
long_rvos/8847e5550e/2/5,long_rvos,8847e5550e,2,5,hybrid,predicted_static,point,False,0.2236850814041328,0.2535301483188256,0.2386076148614792,0.3119449261653266,0.3378893492338988,0.3249171376996127,0.5,0.5,0.5,0.5,0.15625,0.15625,0.15625,0.17508286230038728,-0.34375,-0.08235761486147919,95.3542964309454,7749232128,False,0.15625,0.0
long_rvos/8847e5550e/2/5,long_rvos,8847e5550e,2,5,hybrid,predicted_static,box,False,0.2236850814041328,0.2535301483188256,0.2386076148614792,0.3119449261653266,0.3378893492338988,0.3249171376996127,0.5,0.5,0.5,0.5,0.390625,0.390625,0.390625,0.17508286230038728,-0.109375,0.1520173851385208,92.4414769783616,7427586048,False,,
long_rvos/8847e5550e/2/2,long_rvos,8847e5550e,2,2,static,predicted_static,point,False,0.8375059463065374,0.8603312474333926,0.8489185968699651,0.9748852036456904,0.9961634176690171,0.9855243106573537,0.5,0.5,0.5,0.5,0.6758717947373034,0.6875541111411367,0.6817129529392201,-0.4855243106573537,0.18171295293922007,-0.167205643930745,98.60122346878052,8007506432,False,0.6817129529392201,0.0
long_rvos/8847e5550e/2/2,long_rvos,8847e5550e,2,2,static,predicted_static,box,False,0.8375059463065374,0.8603312474333926,0.8489185968699651,0.9748852036456904,0.9961634176690171,0.9855243106573537,0.730080095698757,0.7407557680660671,0.7354179318824121,0.7379387141783836,0.41988799915101205,0.42119271012032167,0.42054035463566686,-0.2501063787749416,-0.31487757724674525,-0.4283782422342982,104.84307999908924,24231448064,False,,
long_rvos/5d262b025c/1/1,long_rvos,5d262b025c,1,1,dynamic,predicted_static,point,False,0.5783661849122164,0.584997518460342,0.5816818516862792,0.7257622392966524,0.7192400991433254,0.722501169219989,0.0,0.0,0.0,0.25,0.6212383870227616,0.6283875793667144,0.624812983194738,-0.722501169219989,0.624812983194738,0.04313113150845882,88.35665150731802,8494167552,False,0.624812983194738,0.0
long_rvos/5d262b025c/1/1,long_rvos,5d262b025c,1,1,dynamic,predicted_static,box,False,0.5783661849122164,0.584997518460342,0.5816818516862792,0.7257622392966524,0.7192400991433254,0.722501169219989,0.48238472208309263,0.4269768468422647,0.4546807844626787,0.7386734970290956,0.12099125309706074,0.11306446813393381,0.11702786061549728,-0.2678203847573103,-0.3376529238471814,-0.46465399107078187,105.71597478538752,29416275456,False,,
long_rvos/5d262b025c/1/20,long_rvos,5d262b025c,1,20,hybrid,predicted_static,point,False,0.046875,0.046875,0.046875,0.0,0.0,0.0,0.0,0.0,0.0,1.0,0.046875,0.046875,0.046875,0.0,0.046875,0.0,87.99079878628254,6411483136,False,0.046875,0.0
long_rvos/5d262b025c/1/20,long_rvos,5d262b025c,1,20,hybrid,predicted_static,box,False,0.046875,0.046875,0.046875,0.0,0.0,0.0,0.0,0.0,0.0,1.0,0.046875,0.046875,0.046875,0.0,0.046875,0.0,88.71560008823872,6411483136,False,,
long_rvos/5d262b025c/1/0,long_rvos,5d262b025c,1,0,static,predicted_static,point,False,0.5783661849122164,0.584997518460342,0.5816818516862792,0.7257622392966524,0.7192400991433254,0.722501169219989,0.0,0.0,0.0,0.25,0.6212383870227616,0.6283875793667144,0.624812983194738,-0.722501169219989,0.624812983194738,0.04313113150845882,88.35665150731802,8494167552,True,0.624812983194738,0.0
long_rvos/5d262b025c/1/0,long_rvos,5d262b025c,1,0,static,predicted_static,box,False,0.5783661849122164,0.584997518460342,0.5816818516862792,0.7257622392966524,0.7192400991433254,0.722501169219989,0.48238472208309263,0.4269768468422647,0.4546807844626787,0.7386734970290956,0.12099125309706074,0.11306446813393381,0.11702786061549728,-0.2678203847573103,-0.3376529238471814,-0.46465399107078187,105.71597478538752,29416275456,True,,
long_rvos/41c5109249/1/1,long_rvos,41c5109249,1,1,dynamic,predicted_static,point,False,0.8602475199423056,0.8385981962098679,0.8494228580760868,0.7139999870063363,0.7343925832323609,0.7241962851193486,0.25,0.25,0.25,0.0,0.6899608839582259,0.6746633896166585,0.6823121367874422,-0.47419628511934864,0.4323121367874422,-0.16711072128864457,197.1542356312275,10080247296,False,0.6823121367874422,0.0
long_rvos/41c5109249/1/1,long_rvos,41c5109249,1,1,dynamic,predicted_static,box,False,0.8602475199423056,0.8385981962098679,0.8494228580760868,0.7139999870063363,0.7343925832323609,0.7241962851193486,0.0,0.0,0.0,0.24620036101083032,0.046875,0.046875,0.046875,-0.7241962851193486,0.046875,-0.8025478580760868,204.19248422980309,25598994944,False,,
long_rvos/41c5109249/1/7,long_rvos,41c5109249,1,7,hybrid,predicted_static,point,False,0.8602475199423056,0.8385981962098679,0.8494228580760868,0.7139999870063363,0.7343925832323609,0.7241962851193486,0.25,0.25,0.25,0.0,0.6899608839582259,0.6746633896166585,0.6823121367874422,-0.47419628511934864,0.4323121367874422,-0.16711072128864457,197.1542356312275,10080247296,True,0.6823121367874422,0.0
long_rvos/41c5109249/1/7,long_rvos,41c5109249,1,7,hybrid,predicted_static,box,False,0.8602475199423056,0.8385981962098679,0.8494228580760868,0.7139999870063363,0.7343925832323609,0.7241962851193486,0.0,0.0,0.0,0.24620036101083032,0.046875,0.046875,0.046875,-0.7241962851193486,0.046875,-0.8025478580760868,204.19248422980309,25598994944,True,,
long_rvos/41c5109249/1/0,long_rvos,41c5109249,1,0,static,predicted_static,point,False,0.8602475199423056,0.8385981962098679,0.8494228580760868,0.7139999870063363,0.7343925832323609,0.7241962851193486,0.25,0.25,0.25,0.0,0.6899608839582259,0.6746633896166585,0.6823121367874422,-0.47419628511934864,0.4323121367874422,-0.16711072128864457,197.1542356312275,10080247296,True,0.6823121367874422,0.0
long_rvos/41c5109249/1/0,long_rvos,41c5109249,1,0,static,predicted_static,box,False,0.8602475199423056,0.8385981962098679,0.8494228580760868,0.7139999870063363,0.7343925832323609,0.7241962851193486,0.0,0.0,0.0,0.24620036101083032,0.046875,0.046875,0.046875,-0.7241962851193486,0.046875,-0.8025478580760868,204.19248422980309,25598994944,True,,
long_rvos/6d76f5cbc2/1/1,long_rvos,6d76f5cbc2,1,1,dynamic,predicted_static,point,False,0.7573177051132359,0.8037771750394487,0.7805474400763424,0.7100907151048668,0.7333851861246383,0.7217379506147525,0.25,0.25,0.25,0.0,0.5560525591038695,0.5856794209791438,0.5708659900415067,-0.47173795061475254,0.32086599004150673,-0.20968145003483563,260.3956733047962,10920509952,False,0.5708659900415067,0.0
long_rvos/6d76f5cbc2/1/1,long_rvos,6d76f5cbc2,1,1,dynamic,predicted_static,box,False,0.7573177051132359,0.8037771750394487,0.7805474400763424,0.7100907151048668,0.7333851861246383,0.7217379506147525,0.7080615115349206,0.7319877095656049,0.7200246105502628,0.9638276551738478,0.20050384447093256,0.2019992318478503,0.20125153815939142,-0.0017133400644897545,-0.5187730723908713,-0.5792959019169509,303.72824470698833,31188503040,False,,
long_rvos/6d76f5cbc2/1/3,long_rvos,6d76f5cbc2,1,3,dynamic,predicted_static,point,False,0.7573177051132359,0.8037771750394487,0.7805474400763424,0.7100907151048668,0.7333851861246383,0.7217379506147525,0.25,0.25,0.25,0.0,0.5560525591038695,0.5856794209791438,0.5708659900415067,-0.47173795061475254,0.32086599004150673,-0.20968145003483563,260.3956733047962,10920509952,True,0.5708659900415067,0.0
long_rvos/6d76f5cbc2/1/3,long_rvos,6d76f5cbc2,1,3,dynamic,predicted_static,box,False,0.7573177051132359,0.8037771750394487,0.7805474400763424,0.7100907151048668,0.7333851861246383,0.7217379506147525,0.7080615115349206,0.7319877095656049,0.7200246105502628,0.9638276551738478,0.20050384447093256,0.2019992318478503,0.20125153815939142,-0.0017133400644897545,-0.5187730723908713,-0.5792959019169509,303.72824470698833,31188503040,True,,
long_rvos/6d76f5cbc2/1/8,long_rvos,6d76f5cbc2,1,8,hybrid,predicted_static,point,False,0.8041927051132359,0.8506521750394487,0.8274224400763424,0.9600907151048668,0.9833851861246383,0.9717379506147525,0.25,0.25,0.25,0.25,0.6594261390937477,0.6863728272722222,0.6728994831829849,-0.7217379506147525,0.42289948318298487,-0.1545229568933575,263.18892332166433,10384060928,False,0.6728994831829849,0.0
long_rvos/6d76f5cbc2/1/8,long_rvos,6d76f5cbc2,1,8,hybrid,predicted_static,box,False,0.8041927051132359,0.8506521750394487,0.8274224400763424,0.9600907151048668,0.9833851861246383,0.9717379506147525,0.9580615115349206,0.9819877095656049,0.9700246105502628,0.9701668202928753,0.21612884447093256,0.2176242318478503,0.21687653815939142,-0.0017133400644897545,-0.7531480723908713,-0.6105459019169509,292.95001283288,31190944256,False,,
long_rvos/6d76f5cbc2/1/9,long_rvos,6d76f5cbc2,1,9,hybrid,predicted_static,point,False,0.7888047043834712,0.8332199299786948,0.811012317181083,0.9600889412681574,0.9802631032661345,0.9701760222671458,0.25,0.25,0.25,0.25,0.6592312651694537,0.686093511711271,0.6726623884403624,-0.7201760222671458,0.4226623884403624,-0.1383499287407206,259.71574387699366,10384060928,False,0.6726623884403624,0.0
long_rvos/6d76f5cbc2/1/9,long_rvos,6d76f5cbc2,1,9,hybrid,predicted_static,box,False,0.7888047043834712,0.8332199299786948,0.811012317181083,0.9600889412681574,0.9802631032661345,0.9701760222671458,0.9580963384809094,0.982545481466476,0.9703209099736927,0.9710651617201659,0.21613102115505683,0.21765909259165475,0.2168950568733558,0.000144887706546859,-0.7534258531003368,-0.5941172603077272,285.90922640264034,31190944256,False,,
long_rvos/6d76f5cbc2/1/0,long_rvos,6d76f5cbc2,1,0,static,predicted_static,point,False,0.8041927051132359,0.8506521750394487,0.8274224400763424,0.9600907151048668,0.9833851861246383,0.9717379506147525,0.25,0.25,0.25,0.25,0.6594261390937477,0.6863728272722222,0.6728994831829849,-0.7217379506147525,0.42289948318298487,-0.1545229568933575,263.18892332166433,10384060928,True,0.6728994831829849,0.0
long_rvos/6d76f5cbc2/1/0,long_rvos,6d76f5cbc2,1,0,static,predicted_static,box,False,0.8041927051132359,0.8506521750394487,0.8274224400763424,0.9600907151048668,0.9833851861246383,0.9717379506147525,0.9580615115349206,0.9819877095656049,0.9700246105502628,0.9701668202928753,0.21612884447093256,0.2176242318478503,0.21687653815939142,-0.0017133400644897545,-0.7531480723908713,-0.6105459019169509,292.95001283288,31190944256,True,,
long_rvos/6d76f5cbc2/1/2,long_rvos,6d76f5cbc2,1,2,static,predicted_static,point,False,0.8041927051132359,0.8506521750394487,0.8274224400763424,0.9600907151048668,0.9833851861246383,0.9717379506147525,0.25,0.25,0.25,0.25,0.6594261390937477,0.6863728272722222,0.6728994831829849,-0.7217379506147525,0.42289948318298487,-0.1545229568933575,263.18892332166433,10384060928,True,0.6728994831829849,0.0
long_rvos/6d76f5cbc2/1/2,long_rvos,6d76f5cbc2,1,2,static,predicted_static,box,False,0.8041927051132359,0.8506521750394487,0.8274224400763424,0.9600907151048668,0.9833851861246383,0.9717379506147525,0.9580615115349206,0.9819877095656049,0.9700246105502628,0.9701668202928753,0.21612884447093256,0.2176242318478503,0.21687653815939142,-0.0017133400644897545,-0.7531480723908713,-0.6105459019169509,292.95001283288,31190944256,True,,
long_rvos/22680d3b50/4/4,long_rvos,22680d3b50,4,4,dynamic,predicted_static,point,False,0.6284640511699615,0.6604736873246865,0.6444688692473239,0.9039138568972981,0.9961912170896247,0.9500525369934613,0.0,0.0,0.0,0.0,0.6026751543834212,0.6303302866945055,0.6165027205389634,-0.9500525369934613,0.6165027205389634,-0.02796614870836056,261.23042099922895,10923651072,False,0.6165027205389634,0.0
long_rvos/22680d3b50/4/4,long_rvos,22680d3b50,4,4,dynamic,predicted_static,box,False,0.6284640511699615,0.6604736873246865,0.6444688692473239,0.9039138568972981,0.9961912170896247,0.9500525369934613,0.6657370481391797,0.7488275143303804,0.7072822812347801,0.7330701334474992,0.04160856550869873,0.046801719645648776,0.044205142577173756,-0.24277025575868116,-0.6630771386576063,-0.6002637266701502,283.63473972678185,31197006336,False,,
long_rvos/22680d3b50/4/6,long_rvos,22680d3b50,4,6,dynamic,predicted_static,point,False,0.6284640511699615,0.6604736873246865,0.6444688692473239,0.9039138568972981,0.9961912170896247,0.9500525369934613,0.0,0.0,0.0,0.0,0.6026751543834212,0.6303302866945055,0.6165027205389634,-0.9500525369934613,0.6165027205389634,-0.02796614870836056,261.23042099922895,10923651072,True,0.6165027205389634,0.0
long_rvos/22680d3b50/4/6,long_rvos,22680d3b50,4,6,dynamic,predicted_static,box,False,0.6284640511699615,0.6604736873246865,0.6444688692473239,0.9039138568972981,0.9961912170896247,0.9500525369934613,0.6657370481391797,0.7488275143303804,0.7072822812347801,0.7330701334474992,0.04160856550869873,0.046801719645648776,0.044205142577173756,-0.24277025575868116,-0.6630771386576063,-0.6002637266701502,283.63473972678185,31197006336,True,,
long_rvos/af3ad95fe0/5/8,long_rvos,af3ad95fe0,5,8,static,oracle_identity,point,True,0.4936894237800323,0.5687873745131408,0.5312383991465865,0.6566059584653218,0.75,0.7033029792326608,0.25,0.25,0.25,0.5,0.5720260638093745,0.6543930448475627,0.6132095543284686,-0.45330297923266083,0.3632095543284686,0.08197115518188203,221.4647034034133,10101197312,True,0.6132095543284686,0.0
long_rvos/af3ad95fe0/5/8,long_rvos,af3ad95fe0,5,8,static,oracle_identity,box,True,0.4936894237800323,0.5687873745131408,0.5312383991465865,0.6566059584653218,0.75,0.7033029792326608,0.655916119407771,0.75,0.7029580597038855,0.9859607389738521,0.2909947574629857,0.296875,0.2939348787314928,-0.0003449195287753559,-0.40902318097239265,-0.23730352041509373,225.66874163597822,31193598464,True,,
long_rvos/8847e5550e/2/3,long_rvos,8847e5550e,2,3,dynamic,oracle_identity,point,True,0.8969066881378286,0.9210652669159062,0.9089859775268674,0.9748852036456904,0.9961634176690171,0.9855243106573537,0.5,0.5,0.5,0.5,0.6758717947373034,0.6875541111411367,0.6817129529392201,-0.4855243106573537,0.18171295293922007,-0.2272730245876473,102.760055616498,7986914816,False,0.6817129529392201,0.0
long_rvos/8847e5550e/2/3,long_rvos,8847e5550e,2,3,dynamic,oracle_identity,box,True,0.8969066881378286,0.9210652669159062,0.9089859775268674,0.9748852036456904,0.9961634176690171,0.9855243106573537,0.730080095698757,0.7407557680660671,0.7354179318824121,0.7379387141783836,0.41988799915101205,0.42119271012032167,0.42054035463566686,-0.2501063787749416,-0.31487757724674525,-0.4884456228912005,105.90062090009451,24232545792,False,,
long_rvos/8847e5550e/2/5,long_rvos,8847e5550e,2,5,hybrid,oracle_identity,point,True,0.5581439171918452,0.6313082423907963,0.5947260797913207,0.5925323313514265,0.6679043095238674,0.6302183204376469,0.5,0.5,0.5,0.5,0.4679887841263846,0.5109900837687613,0.48948943394757294,-0.13021832043764692,-0.010510566052427062,-0.10523664584374781,94.98906657844782,8008766976,False,0.48948943394757294,0.0
long_rvos/8847e5550e/2/5,long_rvos,8847e5550e,2,5,hybrid,oracle_identity,box,True,0.5581439171918452,0.6313082423907963,0.5947260797913207,0.5925323313514265,0.6679043095238674,0.6302183204376469,0.5,0.5,0.5,0.5,0.390625,0.390625,0.390625,-0.13021832043764692,-0.109375,-0.20410107979132075,101.26232543587685,7428797440,False,,
long_rvos/8847e5550e/2/2,long_rvos,8847e5550e,2,2,static,oracle_identity,point,True,0.8969066881378286,0.9210652669159062,0.9089859775268674,0.9748852036456904,0.9961634176690171,0.9855243106573537,0.5,0.5,0.5,0.5,0.6758717947373034,0.6875541111411367,0.6817129529392201,-0.4855243106573537,0.18171295293922007,-0.2272730245876473,102.760055616498,7986914816,True,0.6817129529392201,0.0
long_rvos/8847e5550e/2/2,long_rvos,8847e5550e,2,2,static,oracle_identity,box,True,0.8969066881378286,0.9210652669159062,0.9089859775268674,0.9748852036456904,0.9961634176690171,0.9855243106573537,0.730080095698757,0.7407557680660671,0.7354179318824121,0.7379387141783836,0.41988799915101205,0.42119271012032167,0.42054035463566686,-0.2501063787749416,-0.31487757724674525,-0.4884456228912005,105.90062090009451,24232545792,True,,
long_rvos/5d262b025c/1/1,long_rvos,5d262b025c,1,1,dynamic,oracle_identity,point,True,0.6699744012022798,0.6784771379907879,0.6742257695965339,0.4903488171098428,0.4993345164152617,0.49484166676255226,0.0,0.0,0.0,0.5,0.6212526277651385,0.6293221637742717,0.6252873957697052,-0.49484166676255226,0.6252873957697052,-0.04893837382682875,89.39469134807587,7955940864,False,0.6252873957697052,0.0
long_rvos/5d262b025c/1/1,long_rvos,5d262b025c,1,1,dynamic,oracle_identity,box,True,0.6699744012022798,0.6784771379907879,0.6742257695965339,0.4903488171098428,0.4993345164152617,0.49484166676255226,0.4321361367300033,0.33948354646312373,0.3858098415965635,0.9357428549992368,0.10455363884487245,0.09934272165394523,0.10194818024940884,-0.10903182516598875,-0.2838616613471547,-0.572277589347125,98.03522319346666,29418012160,False,,
long_rvos/5d262b025c/1/20,long_rvos,5d262b025c,1,20,hybrid,oracle_identity,point,True,0.0,0.0,0.0,0.0,0.0,0.0,0.0,0.0,0.0,1.0,0.046875,0.046875,0.046875,0.0,0.046875,0.046875,90.54709484428167,6412505088,False,0.046875,0.0
long_rvos/5d262b025c/1/20,long_rvos,5d262b025c,1,20,hybrid,oracle_identity,box,True,0.0,0.0,0.0,0.0,0.0,0.0,0.0,0.0,0.0,1.0,0.046875,0.046875,0.046875,0.0,0.046875,0.046875,87.860545553267,6412505088,False,,
long_rvos/5d262b025c/1/0,long_rvos,5d262b025c,1,0,static,oracle_identity,point,True,0.6699744012022798,0.6784771379907879,0.6742257695965339,0.4903488171098428,0.4993345164152617,0.49484166676255226,0.0,0.0,0.0,0.5,0.6212526277651385,0.6293221637742717,0.6252873957697052,-0.49484166676255226,0.6252873957697052,-0.04893837382682875,89.39469134807587,7955940864,True,0.6252873957697052,0.0
long_rvos/5d262b025c/1/0,long_rvos,5d262b025c,1,0,static,oracle_identity,box,True,0.6699744012022798,0.6784771379907879,0.6742257695965339,0.4903488171098428,0.4993345164152617,0.49484166676255226,0.4321361367300033,0.33948354646312373,0.3858098415965635,0.9357428549992368,0.10455363884487245,0.09934272165394523,0.10194818024940884,-0.10903182516598875,-0.2838616613471547,-0.572277589347125,98.03522319346666,29418012160,True,,
long_rvos/41c5109249/1/1,long_rvos,41c5109249,1,1,dynamic,oracle_identity,point,True,0.8602475199423056,0.8385981962098679,0.8494228580760868,0.7139999870063363,0.7343925832323609,0.7241962851193486,0.25,0.25,0.25,0.0,0.6899608839582259,0.6746633896166585,0.6823121367874422,-0.47419628511934864,0.4323121367874422,-0.16711072128864457,187.3605932891369,10075331072,False,0.6823121367874422,0.0
long_rvos/41c5109249/1/1,long_rvos,41c5109249,1,1,dynamic,oracle_identity,box,True,0.8602475199423056,0.8385981962098679,0.8494228580760868,0.7139999870063363,0.7343925832323609,0.7241962851193486,0.0,0.0,0.0,0.24620036101083032,0.046875,0.046875,0.046875,-0.7241962851193486,0.046875,-0.8025478580760868,211.1334602162242,25599575552,False,,
long_rvos/41c5109249/1/7,long_rvos,41c5109249,1,7,hybrid,oracle_identity,point,True,0.8602475199423056,0.8385981962098679,0.8494228580760868,0.7139999870063363,0.7343925832323609,0.7241962851193486,0.25,0.25,0.25,0.0,0.6899608839582259,0.6746633896166585,0.6823121367874422,-0.47419628511934864,0.4323121367874422,-0.16711072128864457,187.3605932891369,10075331072,True,0.6823121367874422,0.0
long_rvos/41c5109249/1/7,long_rvos,41c5109249,1,7,hybrid,oracle_identity,box,True,0.8602475199423056,0.8385981962098679,0.8494228580760868,0.7139999870063363,0.7343925832323609,0.7241962851193486,0.0,0.0,0.0,0.24620036101083032,0.046875,0.046875,0.046875,-0.7241962851193486,0.046875,-0.8025478580760868,211.1334602162242,25599575552,True,,
long_rvos/41c5109249/1/0,long_rvos,41c5109249,1,0,static,oracle_identity,point,True,0.8602475199423056,0.8385981962098679,0.8494228580760868,0.7139999870063363,0.7343925832323609,0.7241962851193486,0.25,0.25,0.25,0.0,0.6899608839582259,0.6746633896166585,0.6823121367874422,-0.47419628511934864,0.4323121367874422,-0.16711072128864457,187.3605932891369,10075331072,True,0.6823121367874422,0.0
long_rvos/41c5109249/1/0,long_rvos,41c5109249,1,0,static,oracle_identity,box,True,0.8602475199423056,0.8385981962098679,0.8494228580760868,0.7139999870063363,0.7343925832323609,0.7241962851193486,0.0,0.0,0.0,0.24620036101083032,0.046875,0.046875,0.046875,-0.7241962851193486,0.046875,-0.8025478580760868,211.1334602162242,25599575552,True,,
long_rvos/6d76f5cbc2/1/1,long_rvos,6d76f5cbc2,1,1,dynamic,oracle_identity,point,True,0.9173700224010118,0.9621272854947225,0.9397486539478672,0.9600907151048668,0.9833851861246383,0.9717379506147525,0.25,0.25,0.25,0.25,0.6594261390937477,0.6863728272722222,0.6728994831829849,-0.7217379506147525,0.42289948318298487,-0.26684917076488235,255.06757794320583,10382071296,False,0.6728994831829849,0.0
long_rvos/6d76f5cbc2/1/1,long_rvos,6d76f5cbc2,1,1,dynamic,oracle_identity,box,True,0.9173700224010118,0.9621272854947225,0.9397486539478672,0.9600907151048668,0.9833851861246383,0.9717379506147525,0.9580615115349206,0.9819877095656049,0.9700246105502628,0.9701668202928753,0.21612884447093256,0.2176242318478503,0.21687653815939142,-0.0017133400644897545,-0.7531480723908713,-0.7228721157884758,293.22677609324455,31187798528,False,,
long_rvos/6d76f5cbc2/1/3,long_rvos,6d76f5cbc2,1,3,dynamic,oracle_identity,point,True,0.9173700224010118,0.9621272854947225,0.9397486539478672,0.9600907151048668,0.9833851861246383,0.9717379506147525,0.25,0.25,0.25,0.25,0.6594261390937477,0.6863728272722222,0.6728994831829849,-0.7217379506147525,0.42289948318298487,-0.26684917076488235,255.06757794320583,10382071296,True,0.6728994831829849,0.0
long_rvos/6d76f5cbc2/1/3,long_rvos,6d76f5cbc2,1,3,dynamic,oracle_identity,box,True,0.9173700224010118,0.9621272854947225,0.9397486539478672,0.9600907151048668,0.9833851861246383,0.9717379506147525,0.9580615115349206,0.9819877095656049,0.9700246105502628,0.9701668202928753,0.21612884447093256,0.2176242318478503,0.21687653815939142,-0.0017133400644897545,-0.7531480723908713,-0.7228721157884758,293.22677609324455,31187798528,True,,
long_rvos/6d76f5cbc2/1/8,long_rvos,6d76f5cbc2,1,8,hybrid,oracle_identity,point,True,0.9173700224010118,0.9621272854947225,0.9397486539478672,0.9600907151048668,0.9833851861246383,0.9717379506147525,0.25,0.25,0.25,0.25,0.6594261390937477,0.6863728272722222,0.6728994831829849,-0.7217379506147525,0.42289948318298487,-0.26684917076488235,255.06757794320583,10382071296,True,0.6728994831829849,0.0
long_rvos/6d76f5cbc2/1/8,long_rvos,6d76f5cbc2,1,8,hybrid,oracle_identity,box,True,0.9173700224010118,0.9621272854947225,0.9397486539478672,0.9600907151048668,0.9833851861246383,0.9717379506147525,0.9580615115349206,0.9819877095656049,0.9700246105502628,0.9701668202928753,0.21612884447093256,0.2176242318478503,0.21687653815939142,-0.0017133400644897545,-0.7531480723908713,-0.7228721157884758,293.22677609324455,31187798528,True,,
long_rvos/6d76f5cbc2/1/9,long_rvos,6d76f5cbc2,1,9,hybrid,oracle_identity,point,True,0.8893359327010204,0.9327134819173186,0.9110247073091695,0.9600889412681574,0.9802631032661345,0.9701760222671458,0.25,0.25,0.25,0.25,0.6592312651694537,0.686093511711271,0.6726623884403624,-0.7201760222671458,0.4226623884403624,-0.2383623188688071,262.14059364795685,10387642880,False,0.6726623884403624,0.0
long_rvos/6d76f5cbc2/1/9,long_rvos,6d76f5cbc2,1,9,hybrid,oracle_identity,box,True,0.8893359327010204,0.9327134819173186,0.9110247073091695,0.9600889412681574,0.9802631032661345,0.9701760222671458,0.9580963384809094,0.982545481466476,0.9703209099736927,0.9710651617201659,0.21613102115505683,0.21765909259165475,0.2168950568733558,0.000144887706546859,-0.7534258531003368,-0.6941296504358136,280.6084622219205,31190977024,False,,
long_rvos/6d76f5cbc2/1/0,long_rvos,6d76f5cbc2,1,0,static,oracle_identity,point,True,0.9173700224010118,0.9621272854947225,0.9397486539478672,0.9600907151048668,0.9833851861246383,0.9717379506147525,0.25,0.25,0.25,0.25,0.6594261390937477,0.6863728272722222,0.6728994831829849,-0.7217379506147525,0.42289948318298487,-0.26684917076488235,255.06757794320583,10382071296,True,0.6728994831829849,0.0
long_rvos/6d76f5cbc2/1/0,long_rvos,6d76f5cbc2,1,0,static,oracle_identity,box,True,0.9173700224010118,0.9621272854947225,0.9397486539478672,0.9600907151048668,0.9833851861246383,0.9717379506147525,0.9580615115349206,0.9819877095656049,0.9700246105502628,0.9701668202928753,0.21612884447093256,0.2176242318478503,0.21687653815939142,-0.0017133400644897545,-0.7531480723908713,-0.7228721157884758,293.22677609324455,31187798528,True,,
long_rvos/6d76f5cbc2/1/2,long_rvos,6d76f5cbc2,1,2,static,oracle_identity,point,True,0.9173700224010118,0.9621272854947225,0.9397486539478672,0.9600907151048668,0.9833851861246383,0.9717379506147525,0.25,0.25,0.25,0.25,0.6594261390937477,0.6863728272722222,0.6728994831829849,-0.7217379506147525,0.42289948318298487,-0.26684917076488235,255.06757794320583,10382071296,True,0.6728994831829849,0.0
long_rvos/6d76f5cbc2/1/2,long_rvos,6d76f5cbc2,1,2,static,oracle_identity,box,True,0.9173700224010118,0.9621272854947225,0.9397486539478672,0.9600907151048668,0.9833851861246383,0.9717379506147525,0.9580615115349206,0.9819877095656049,0.9700246105502628,0.9701668202928753,0.21612884447093256,0.2176242318478503,0.21687653815939142,-0.0017133400644897545,-0.7531480723908713,-0.7228721157884758,293.22677609324455,31187798528,True,,
long_rvos/22680d3b50/4/4,long_rvos,22680d3b50,4,4,dynamic,oracle_identity,point,True,0.6284640511699615,0.6604736873246865,0.6444688692473239,0.9039138568972981,0.9961912170896247,0.9500525369934613,0.0,0.0,0.0,0.0,0.6026751543834212,0.6303302866945055,0.6165027205389634,-0.9500525369934613,0.6165027205389634,-0.02796614870836056,261.0667376294732,10925777408,False,0.6165027205389634,0.0
long_rvos/22680d3b50/4/4,long_rvos,22680d3b50,4,4,dynamic,oracle_identity,box,True,0.6284640511699615,0.6604736873246865,0.6444688692473239,0.9039138568972981,0.9961912170896247,0.9500525369934613,0.6657370481391797,0.7488275143303804,0.7072822812347801,0.7330701334474992,0.04160856550869873,0.046801719645648776,0.044205142577173756,-0.24277025575868116,-0.6630771386576063,-0.6002637266701502,301.1814135685563,31196350976,False,,
long_rvos/22680d3b50/4/6,long_rvos,22680d3b50,4,6,dynamic,oracle_identity,point,True,0.6284640511699615,0.6604736873246865,0.6444688692473239,0.9039138568972981,0.9961912170896247,0.9500525369934613,0.0,0.0,0.0,0.0,0.6026751543834212,0.6303302866945055,0.6165027205389634,-0.9500525369934613,0.6165027205389634,-0.02796614870836056,261.0667376294732,10925777408,True,0.6165027205389634,0.0
long_rvos/22680d3b50/4/6,long_rvos,22680d3b50,4,6,dynamic,oracle_identity,box,True,0.6284640511699615,0.6604736873246865,0.6444688692473239,0.9039138568972981,0.9961912170896247,0.9500525369934613,0.6657370481391797,0.7488275143303804,0.7072822812347801,0.7330701334474992,0.04160856550869873,0.046801719645648776,0.044205142577173756,-0.24277025575868116,-0.6630771386576063,-0.6002637266701502,301.1814135685563,31196350976,True,,
long_rvos/22680d3b50/4/8,long_rvos,22680d3b50,4,8,hybrid,oracle_identity,point,True,0.6834723338916759,0.7257375074215209,0.7046049206565984,0.9040086414594384,0.9861229257844812,0.9450657836219598,0.0,0.0,0.0,0.0,0.6026299520228093,0.6300511729832492,0.6163405625030293,-0.9450657836219598,0.6163405625030293,-0.08826435815356914,265.9891634359956,10925777408,False,0.6163405625030293,0.0
long_rvos/22680d3b50/4/8,long_rvos,22680d3b50,4,8,hybrid,oracle_identity,box,True,0.6834723338916759,0.7257375074215209,0.7046049206565984,0.9040086414594384,0.9861229257844812,0.9450657836219598,0.47129260369473525,0.4988275143303804,0.4850600590125578,0.4870681190217898,0.029455787730920953,0.031176719645648776,0.030316253688284864,-0.46000572460940203,-0.4547438053242729,-0.6742886669683136,293.40781831741333,30186878464,False,,
long_rvos/22680d3b50/4/9,long_rvos,22680d3b50,4,9,hybrid,oracle_identity,point,True,0.6842904848234381,0.7254711836566441,0.7048808342400411,0.9040086414594384,0.9861229257844812,0.9450657836219598,0.0,0.0,0.0,0.0,0.6026299520228093,0.6300511729832492,0.6163405625030293,-0.9450657836219598,0.6163405625030293,-0.08854027173701184,265.9891634359956,10925777408,True,0.6163405625030293,0.0
long_rvos/22680d3b50/4/9,long_rvos,22680d3b50,4,9,hybrid,oracle_identity,box,True,0.6842904848234381,0.7254711836566441,0.7048808342400411,0.9040086414594384,0.9861229257844812,0.9450657836219598,0.47129260369473525,0.4988275143303804,0.4850600590125578,0.4870681190217898,0.029455787730920953,0.031176719645648776,0.030316253688284864,-0.46000572460940203,-0.4547438053242729,-0.6745645805517563,293.40781831741333,30186878464,True,,
long_rvos/22680d3b50/4/3,long_rvos,22680d3b50,4,3,static,oracle_identity,point,True,0.6834723338916759,0.7257375074215209,0.7046049206565984,0.9040086414594384,0.9861229257844812,0.9450657836219598,0.0,0.0,0.0,0.0,0.6026299520228093,0.6300511729832492,0.6163405625030293,-0.9450657836219598,0.6163405625030293,-0.08826435815356914,265.9891634359956,10925777408,True,0.6163405625030293,0.0
long_rvos/22680d3b50/4/3,long_rvos,22680d3b50,4,3,static,oracle_identity,box,True,0.6834723338916759,0.7257375074215209,0.7046049206565984,0.9040086414594384,0.9861229257844812,0.9450657836219598,0.47129260369473525,0.4988275143303804,0.4850600590125578,0.4870681190217898,0.029455787730920953,0.031176719645648776,0.030316253688284864,-0.46000572460940203,-0.4547438053242729,-0.6742886669683136,293.40781831741333,30186878464,True,,
long_rvos/22680d3b50/4/5,long_rvos,22680d3b50,4,5,static,oracle_identity,point,True,0.6842904848234381,0.7254711836566441,0.7048808342400411,0.9040086414594384,0.9861229257844812,0.9450657836219598,0.0,0.0,0.0,0.0,0.6026299520228093,0.6300511729832492,0.6163405625030293,-0.9450657836219598,0.6163405625030293,-0.08854027173701184,265.9891634359956,10925777408,True,0.6163405625030293,0.0
long_rvos/22680d3b50/4/5,long_rvos,22680d3b50,4,5,static,oracle_identity,box,True,0.6842904848234381,0.7254711836566441,0.7048808342400411,0.9040086414594384,0.9861229257844812,0.9450657836219598,0.47129260369473525,0.4988275143303804,0.4850600590125578,0.4870681190217898,0.029455787730920953,0.031176719645648776,0.030316253688284864,-0.46000572460940203,-0.4547438053242729,-0.6745645805517563,293.40781831741333,30186878464,True,,
long_rvos/b4a5ada352/1/1,long_rvos,b4a5ada352,1,1,dynamic,oracle_identity,point,True,0.4790099974299258,0.4459641079556461,0.46248705269278595,0.48293361023648423,0.4797206115814646,0.4813271109089744,0.25,0.25,0.25,0.75,0.125,0.125,0.125,-0.2313271109089744,-0.125,-0.33748705269278595,151.273921944201,8244962816,False,0.125,0.0
long_rvos/b4a5ada352/1/1,long_rvos,b4a5ada352,1,1,dynamic,oracle_identity,box,True,0.4790099974299258,0.4459641079556461,0.46248705269278595,0.48293361023648423,0.4797206115814646,0.4813271109089744,0.4626671507230592,0.3931665811515125,0.42791686593728584,0.9675497310146378,0.15084146708722473,0.14718956365256025,0.1490155153698925,-0.05341024497168856,-0.27890135056739335,-0.31347153732289346,160.64206112921238,25377645568,False,,
long_rvos/b4a5ada352/1/3,long_rvos,b4a5ada352,1,3,dynamic,oracle_identity,point,True,0.4790099974299258,0.4459641079556461,0.46248705269278595,0.48293361023648423,0.4797206115814646,0.4813271109089744,0.25,0.25,0.25,0.75,0.125,0.125,0.125,-0.2313271109089744,-0.125,-0.33748705269278595,151.273921944201,8244962816,True,0.125,0.0
long_rvos/b4a5ada352/1/3,long_rvos,b4a5ada352,1,3,dynamic,oracle_identity,box,True,0.4790099974299258,0.4459641079556461,0.46248705269278595,0.48293361023648423,0.4797206115814646,0.4813271109089744,0.4626671507230592,0.3931665811515125,0.42791686593728584,0.9675497310146378,0.15084146708722473,0.14718956365256025,0.1490155153698925,-0.05341024497168856,-0.27890135056739335,-0.31347153732289346,160.64206112921238,25377645568,True,,
long_rvos/b4a5ada352/1/9,long_rvos,b4a5ada352,1,9,hybrid,oracle_identity,point,True,0.4790099974299258,0.4459641079556461,0.46248705269278595,0.48293361023648423,0.4797206115814646,0.4813271109089744,0.25,0.25,0.25,0.75,0.125,0.125,0.125,-0.2313271109089744,-0.125,-0.33748705269278595,151.273921944201,8244962816,True,0.125,0.0
long_rvos/b4a5ada352/1/9,long_rvos,b4a5ada352,1,9,hybrid,oracle_identity,box,True,0.4790099974299258,0.4459641079556461,0.46248705269278595,0.48293361023648423,0.4797206115814646,0.4813271109089744,0.4626671507230592,0.3931665811515125,0.42791686593728584,0.9675497310146378,0.15084146708722473,0.14718956365256025,0.1490155153698925,-0.05341024497168856,-0.27890135056739335,-0.31347153732289346,160.64206112921238,25377645568,True,,
long_rvos/b4a5ada352/1/0,long_rvos,b4a5ada352,1,0,static,oracle_identity,point,True,0.4790099974299258,0.4459641079556461,0.46248705269278595,0.48293361023648423,0.4797206115814646,0.4813271109089744,0.25,0.25,0.25,0.75,0.125,0.125,0.125,-0.2313271109089744,-0.125,-0.33748705269278595,151.273921944201,8244962816,True,0.125,0.0
long_rvos/b4a5ada352/1/0,long_rvos,b4a5ada352,1,0,static,oracle_identity,box,True,0.4790099974299258,0.4459641079556461,0.46248705269278595,0.48293361023648423,0.4797206115814646,0.4813271109089744,0.4626671507230592,0.3931665811515125,0.42791686593728584,0.9675497310146378,0.15084146708722473,0.14718956365256025,0.1490155153698925,-0.05341024497168856,-0.27890135056739335,-0.31347153732289346,160.64206112921238,25377645568,True,,
long_rvos/b4a5ada352/1/2,long_rvos,b4a5ada352,1,2,static,oracle_identity,point,True,0.4790099974299258,0.4459641079556461,0.46248705269278595,0.48293361023648423,0.4797206115814646,0.4813271109089744,0.25,0.25,0.25,0.75,0.125,0.125,0.125,-0.2313271109089744,-0.125,-0.33748705269278595,151.273921944201,8244962816,True,0.125,0.0
long_rvos/b4a5ada352/1/2,long_rvos,b4a5ada352,1,2,static,oracle_identity,box,True,0.4790099974299258,0.4459641079556461,0.46248705269278595,0.48293361023648423,0.4797206115814646,0.4813271109089744,0.4626671507230592,0.3931665811515125,0.42791686593728584,0.9675497310146378,0.15084146708722473,0.14718956365256025,0.1490155153698925,-0.05341024497168856,-0.27890135056739335,-0.31347153732289346,160.64206112921238,25377645568,True,,
long_rvos/5d2c735adb/1/1,long_rvos,5d2c735adb,1,1,dynamic,oracle_identity,point,True,0.5899693549034158,0.6397629897150432,0.6148661723092295,0.49734334637813427,0.5,0.49867167318906713,0.5,0.5,0.5,0.5,0.5544118333415546,0.5709823035376058,0.5626970684395802,0.0013283268109328672,0.06269706843958023,-0.052169103869649236,115.22135491669178,8245543424,False,0.5626970684395802,0.0
long_rvos/5d2c735adb/1/1,long_rvos,5d2c735adb,1,1,dynamic,oracle_identity,box,True,0.5899693549034158,0.6397629897150432,0.6148661723092295,0.49734334637813427,0.5,0.49867167318906713,0.4922023420224859,0.4882055602358888,0.49020395112918735,0.96451813903379,0.2958040371048822,0.2956673641549966,0.29573570062993937,-0.008467722059879779,-0.19446825049924799,-0.3191304716792901,131.25085970014334,28462849024,False,,
long_rvos/5d2c735adb/1/8,long_rvos,5d2c735adb,1,8,hybrid,oracle_identity,point,True,0.5899693549034158,0.6397629897150432,0.6148661723092295,0.49734334637813427,0.5,0.49867167318906713,0.5,0.5,0.5,0.5,0.5544118333415546,0.5709823035376058,0.5626970684395802,0.0013283268109328672,0.06269706843958023,-0.052169103869649236,115.22135491669178,8245543424,True,0.5626970684395802,0.0
long_rvos/5d2c735adb/1/8,long_rvos,5d2c735adb,1,8,hybrid,oracle_identity,box,True,0.5899693549034158,0.6397629897150432,0.6148661723092295,0.49734334637813427,0.5,0.49867167318906713,0.4922023420224859,0.4882055602358888,0.49020395112918735,0.96451813903379,0.2958040371048822,0.2956673641549966,0.29573570062993937,-0.008467722059879779,-0.19446825049924799,-0.3191304716792901,131.25085970014334,28462849024,True,,
long_rvos/5d2c735adb/1/0,long_rvos,5d2c735adb,1,0,static,oracle_identity,point,True,0.5899693549034158,0.6397629897150432,0.6148661723092295,0.49734334637813427,0.5,0.49867167318906713,0.5,0.5,0.5,0.5,0.5544118333415546,0.5709823035376058,0.5626970684395802,0.0013283268109328672,0.06269706843958023,-0.052169103869649236,115.22135491669178,8245543424,True,0.5626970684395802,0.0
long_rvos/5d2c735adb/1/0,long_rvos,5d2c735adb,1,0,static,oracle_identity,box,True,0.5899693549034158,0.6397629897150432,0.6148661723092295,0.49734334637813427,0.5,0.49867167318906713,0.4922023420224859,0.4882055602358888,0.49020395112918735,0.96451813903379,0.2958040371048822,0.2956673641549966,0.29573570062993937,-0.008467722059879779,-0.19446825049924799,-0.3191304716792901,131.25085970014334,28462849024,True,,
long_rvos/6bf32cc0d5/2/6,long_rvos,6bf32cc0d5,2,6,dynamic,oracle_identity,point,True,0.735399143787265,0.7179286531462472,0.7266638984667562,0.698132824596731,0.5766828619919245,0.6374078432943278,0.25,0.25,0.25,0.5,0.6274932492812566,0.6110920229927538,0.6192926361370052,-0.38740784329432776,0.36929263613700525,-0.10737126232975092,205.3571217879653,9296428544,False,0.6192926361370052,0.0
long_rvos/6bf32cc0d5/2/6,long_rvos,6bf32cc0d5,2,6,dynamic,oracle_identity,box,True,0.735399143787265,0.7179286531462472,0.7266638984667562,0.698132824596731,0.5766828619919245,0.6374078432943278,0.697723379926772,0.5869488163803407,0.6423360981535564,0.9903703304272524,0.47780392441102726,0.4699353532152807,0.47386963881315397,0.0049282548592286535,-0.16846645934040244,-0.2527942596536022,195.25503396242857,25891887104,False,,
long_rvos/6bf32cc0d5/2/12,long_rvos,6bf32cc0d5,2,12,hybrid,oracle_identity,point,True,0.561803256811225,0.5775102504344098,0.5696567536228174,0.5788946901088271,0.40501997695717,0.49195733353299864,0.25,0.25,0.25,0.5,0.6275283281185167,0.6111949456831998,0.6193616369008582,-0.24195733353299864,0.3693616369008582,0.04970488327804079,184.55864189565182,9296428544,False,0.6193616369008582,0.0
long_rvos/6bf32cc0d5/2/12,long_rvos,6bf32cc0d5,2,12,hybrid,oracle_identity,box,True,0.561803256811225,0.5775102504344098,0.5696567536228174,0.5788946901088271,0.40501997695717,0.49195733353299864,0.4581529286822972,0.34738427653494003,0.4027686026086186,0.7469026548672566,0.46292926699895076,0.4550012408981145,0.4589652539485326,-0.08918873092438007,0.05619665133991403,-0.11069149967428482,234.2958381175995,25772520960,False,,
long_rvos/6bf32cc0d5/2/4,long_rvos,6bf32cc0d5,2,4,static,oracle_identity,point,True,0.561803256811225,0.5775102504344098,0.5696567536228174,0.5788946901088271,0.40501997695717,0.49195733353299864,0.25,0.25,0.25,0.5,0.6275283281185167,0.6111949456831998,0.6193616369008582,-0.24195733353299864,0.3693616369008582,0.04970488327804079,184.55864189565182,9296428544,True,0.6193616369008582,0.0
long_rvos/6bf32cc0d5/2/4,long_rvos,6bf32cc0d5,2,4,static,oracle_identity,box,True,0.561803256811225,0.5775102504344098,0.5696567536228174,0.5788946901088271,0.40501997695717,0.49195733353299864,0.4581529286822972,0.34738427653494003,0.4027686026086186,0.7469026548672566,0.46292926699895076,0.4550012408981145,0.4589652539485326,-0.08918873092438007,0.05619665133991403,-0.11069149967428482,234.2958381175995,25772520960,True,,
long_rvos/6bf32cc0d5/2/5,long_rvos,6bf32cc0d5,2,5,static,oracle_identity,point,True,0.561803256811225,0.5775102504344098,0.5696567536228174,0.5788946901088271,0.40501997695717,0.49195733353299864,0.25,0.25,0.25,0.5,0.6275283281185167,0.6111949456831998,0.6193616369008582,-0.24195733353299864,0.3693616369008582,0.04970488327804079,184.55864189565182,9296428544,True,0.6193616369008582,0.0
long_rvos/6bf32cc0d5/2/5,long_rvos,6bf32cc0d5,2,5,static,oracle_identity,box,True,0.561803256811225,0.5775102504344098,0.5696567536228174,0.5788946901088271,0.40501997695717,0.49195733353299864,0.4581529286822972,0.34738427653494003,0.4027686026086186,0.7469026548672566,0.46292926699895076,0.4550012408981145,0.4589652539485326,-0.08918873092438007,0.05619665133991403,-0.11069149967428482,234.2958381175995,25772520960,True,,
long_rvos/31a352c169/1/1,long_rvos,31a352c169,1,1,dynamic,oracle_identity,point,True,0.8904833886192118,0.8320374886413346,0.8612604386302732,0.9031792415929352,0.7454643922595756,0.8243218169262554,0.0,0.0,0.0,0.0,0.6543015104326608,0.6108403426780264,0.6325709265553436,-0.8243218169262554,0.6325709265553436,-0.2286895120749296,134.86679938435555,9666621952,False,0.6325709265553436,0.0
long_rvos/31a352c169/1/1,long_rvos,31a352c169,1,1,dynamic,oracle_identity,box,True,0.8904833886192118,0.8320374886413346,0.8612604386302732,0.9031792415929352,0.7454643922595756,0.8243218169262554,0.7732098333744288,0.41859425777327947,0.5959020455738542,0.8070119419741362,0.0926513357302532,0.06738240989350096,0.08001687281187708,-0.2284197713524012,-0.5158851727619771,-0.7812435658183962,190.55567435920238,29678119424,False,,
long_rvos/31a352c169/1/3,long_rvos,31a352c169,1,3,dynamic,oracle_identity,point,True,0.8904833886192118,0.8320374886413346,0.8612604386302732,0.9031792415929352,0.7454643922595756,0.8243218169262554,0.0,0.0,0.0,0.0,0.6543015104326608,0.6108403426780264,0.6325709265553436,-0.8243218169262554,0.6325709265553436,-0.2286895120749296,134.86679938435555,9666621952,True,0.6325709265553436,0.0
long_rvos/31a352c169/1/3,long_rvos,31a352c169,1,3,dynamic,oracle_identity,box,True,0.8904833886192118,0.8320374886413346,0.8612604386302732,0.9031792415929352,0.7454643922595756,0.8243218169262554,0.7732098333744288,0.41859425777327947,0.5959020455738542,0.8070119419741362,0.0926513357302532,0.06738240989350096,0.08001687281187708,-0.2284197713524012,-0.5158851727619771,-0.7812435658183962,190.55567435920238,29678119424,True,,
long_rvos/31a352c169/1/10,long_rvos,31a352c169,1,10,hybrid,oracle_identity,point,True,0.0,0.0,0.0,0.0,0.0,0.0,0.0,0.0,0.0,1.0,0.0,0.0,0.0,0.0,0.0,0.0,157.27846144884825,7301928960,False,0.0,0.0
long_rvos/31a352c169/1/10,long_rvos,31a352c169,1,10,hybrid,oracle_identity,box,True,0.0,0.0,0.0,0.0,0.0,0.0,0.0,0.0,0.0,1.0,0.0,0.0,0.0,0.0,0.0,0.0,160.93531639873981,7301928960,False,,
long_rvos/31a352c169/1/0,long_rvos,31a352c169,1,0,static,oracle_identity,point,True,0.0,0.0,0.0,0.0,0.0,0.0,0.0,0.0,0.0,1.0,0.0,0.0,0.0,0.0,0.0,0.0,161.16891374439,7301928960,False,0.0,0.0
long_rvos/31a352c169/1/0,long_rvos,31a352c169,1,0,static,oracle_identity,box,True,0.0,0.0,0.0,0.0,0.0,0.0,0.0,0.0,0.0,1.0,0.0,0.0,0.0,0.0,0.0,0.0,145.37415431439877,7301928960,False,,
long_rvos/31a352c169/1/2,long_rvos,31a352c169,1,2,static,oracle_identity,point,True,0.4887075501298279,0.45199246851087177,0.47035000932034987,0.6886324620977298,0.6031817819625745,0.6459071220301522,0.0,0.0,0.0,0.25,0.4500814013906935,0.4059119694938263,0.4279966854422599,-0.6459071220301522,0.4279966854422599,-0.04235332387808999,155.70375948399305,9129398784,False,0.4279966854422599,0.0
long_rvos/31a352c169/1/2,long_rvos,31a352c169,1,2,static,oracle_identity,box,True,0.4887075501298279,0.45199246851087177,0.47035000932034987,0.6886324620977298,0.6031817819625745,0.6459071220301522,0.5528078329866096,0.26805659824098527,0.4104322156137975,0.8190101202985276,0.06452071449487812,0.04501996150409102,0.05477033799948457,-0.2354749064163547,-0.35566187761431295,-0.4155796713208653,194.56739024817944,29678119424,False,,
long_rvos/882e8c62d3/2/3,long_rvos,882e8c62d3,2,3,dynamic,oracle_identity,point,True,0.28926705294243754,0.2877471151937523,0.2885070840680949,0.4123468426013195,0.41049311217513834,0.41141997738822894,0.25,0.25,0.25,0.75,0.109375,0.109375,0.109375,-0.16141997738822894,-0.140625,-0.1791320840680949,198.0563120022416,8903360000,False,0.109375,0.0
long_rvos/882e8c62d3/2/3,long_rvos,882e8c62d3,2,3,dynamic,oracle_identity,box,True,0.28926705294243754,0.2877471151937523,0.2885070840680949,0.4123468426013195,0.41049311217513834,0.41141997738822894,0.33109168347904055,0.32872383154663676,0.32990775751283863,0.820399216490999,0.11446523845190562,0.11845964690776084,0.11646244267983323,-0.08151221987539031,-0.21344531483300538,-0.17204464138826164,135.50515591353178,28279160320,False,,
long_rvos/882e8c62d3/2/7,long_rvos,882e8c62d3,2,7,hybrid,oracle_identity,point,True,0.2449260396196731,0.24419568700648558,0.24456086331307936,0.25,0.25,0.25,0.25,0.25,0.25,1.0,0.109375,0.109375,0.109375,0.0,-0.140625,-0.13518586331307936,177.60210702568293,7899625472,False,0.109375,0.0
long_rvos/882e8c62d3/2/7,long_rvos,882e8c62d3,2,7,hybrid,oracle_identity,box,True,0.2449260396196731,0.24419568700648558,0.24456086331307936,0.25,0.25,0.25,0.25,0.25,0.25,1.0,0.109375,0.109375,0.109375,0.0,-0.140625,-0.13518586331307936,169.04834823310375,7899625472,False,,
long_rvos/882e8c62d3/2/2,long_rvos,882e8c62d3,2,2,static,oracle_identity,point,True,0.2449260396196731,0.24419568700648558,0.24456086331307936,0.25,0.25,0.25,0.25,0.25,0.25,1.0,0.109375,0.109375,0.109375,0.0,-0.140625,-0.13518586331307936,177.60210702568293,7899625472,True,0.109375,0.0
long_rvos/882e8c62d3/2/2,long_rvos,882e8c62d3,2,2,static,oracle_identity,box,True,0.2449260396196731,0.24419568700648558,0.24456086331307936,0.25,0.25,0.25,0.25,0.25,0.25,1.0,0.109375,0.109375,0.109375,0.0,-0.140625,-0.13518586331307936,169.04834823310375,7899625472,True,,
long_rvos/2cfdc294c5/1/1,long_rvos,2cfdc294c5,1,1,dynamic,oracle_identity,point,True,0.8761707279882102,0.8650007234570147,0.8705857257226124,0.955837468953843,0.9439211201657175,0.9498792945597803,0.25,0.25,0.25,0.25,0.7582150557818961,0.7521563628542366,0.7551857093180663,-0.6998792945597803,0.5051857093180663,-0.11540001640454611,149.1512834429741,9846679040,False,0.7551857093180663,0.0
long_rvos/2cfdc294c5/1/1,long_rvos,2cfdc294c5,1,1,dynamic,oracle_identity,box,True,0.8761707279882102,0.8650007234570147,0.8705857257226124,0.955837468953843,0.9439211201657175,0.9498792945597803,0.7098204628985699,0.6855417889239944,0.6976811259112822,0.7082770151633209,0.13711793314476575,0.13557229487748804,0.1363451140111269,-0.2521981686484981,-0.5613360119001553,-0.7342406117114855,177.88549321889877,30655793152,False,,
long_rvos/2cfdc294c5/1/3,long_rvos,2cfdc294c5,1,3,dynamic,oracle_identity,point,True,0.8761707279882102,0.8650007234570147,0.8705857257226124,0.955837468953843,0.9439211201657175,0.9498792945597803,0.25,0.25,0.25,0.25,0.7582150557818961,0.7521563628542366,0.7551857093180663,-0.6998792945597803,0.5051857093180663,-0.11540001640454611,149.1512834429741,9846679040,True,0.7551857093180663,0.0
long_rvos/2cfdc294c5/1/3,long_rvos,2cfdc294c5,1,3,dynamic,oracle_identity,box,True,0.8761707279882102,0.8650007234570147,0.8705857257226124,0.955837468953843,0.9439211201657175,0.9498792945597803,0.7098204628985699,0.6855417889239944,0.6976811259112822,0.7082770151633209,0.13711793314476575,0.13557229487748804,0.1363451140111269,-0.2521981686484981,-0.5613360119001553,-0.7342406117114855,177.88549321889877,30655793152,True,,
long_rvos/2cfdc294c5/1/8,long_rvos,2cfdc294c5,1,8,dynamic,oracle_identity,point,True,0.8761707279882102,0.8650007234570147,0.8705857257226124,0.955837468953843,0.9439211201657175,0.9498792945597803,0.25,0.25,0.25,0.25,0.7582150557818961,0.7521563628542366,0.7551857093180663,-0.6998792945597803,0.5051857093180663,-0.11540001640454611,149.1512834429741,9846679040,True,0.7551857093180663,0.0
long_rvos/2cfdc294c5/1/8,long_rvos,2cfdc294c5,1,8,dynamic,oracle_identity,box,True,0.8761707279882102,0.8650007234570147,0.8705857257226124,0.955837468953843,0.9439211201657175,0.9498792945597803,0.7098204628985699,0.6855417889239944,0.6976811259112822,0.7082770151633209,0.13711793314476575,0.13557229487748804,0.1363451140111269,-0.2521981686484981,-0.5613360119001553,-0.7342406117114855,177.88549321889877,30655793152,True,,
long_rvos/2cfdc294c5/1/0,long_rvos,2cfdc294c5,1,0,static,oracle_identity,point,True,0.8761707279882102,0.8650007234570147,0.8705857257226124,0.955837468953843,0.9439211201657175,0.9498792945597803,0.25,0.25,0.25,0.25,0.7582150557818961,0.7521563628542366,0.7551857093180663,-0.6998792945597803,0.5051857093180663,-0.11540001640454611,149.1512834429741,9846679040,True,0.7551857093180663,0.0
long_rvos/2cfdc294c5/1/0,long_rvos,2cfdc294c5,1,0,static,oracle_identity,box,True,0.8761707279882102,0.8650007234570147,0.8705857257226124,0.955837468953843,0.9439211201657175,0.9498792945597803,0.7098204628985699,0.6855417889239944,0.6976811259112822,0.7082770151633209,0.13711793314476575,0.13557229487748804,0.1363451140111269,-0.2521981686484981,-0.5613360119001553,-0.7342406117114855,177.88549321889877,30655793152,True,,
long_rvos/2cfdc294c5/1/2,long_rvos,2cfdc294c5,1,2,static,oracle_identity,point,True,0.8761707279882102,0.8650007234570147,0.8705857257226124,0.955837468953843,0.9439211201657175,0.9498792945597803,0.25,0.25,0.25,0.25,0.7582150557818961,0.7521563628542366,0.7551857093180663,-0.6998792945597803,0.5051857093180663,-0.11540001640454611,149.1512834429741,9846679040,True,0.7551857093180663,0.0
long_rvos/2cfdc294c5/1/2,long_rvos,2cfdc294c5,1,2,static,oracle_identity,box,True,0.8761707279882102,0.8650007234570147,0.8705857257226124,0.955837468953843,0.9439211201657175,0.9498792945597803,0.7098204628985699,0.6855417889239944,0.6976811259112822,0.7082770151633209,0.13711793314476575,0.13557229487748804,0.1363451140111269,-0.2521981686484981,-0.5613360119001553,-0.7342406117114855,177.88549321889877,30655793152,True,,
long_rvos/f771c97b16/6/21,long_rvos,f771c97b16,6,21,dynamic,predicted_static,point,False,0.8810496349611571,0.9301067605268613,0.9055781977440092,0.9303993250843645,0.9919354838709677,0.9611674044776661,0.75,0.75,0.75,0.75,0.6875,0.6875,0.6875,-0.21116740447766613,-0.0625,-0.21807819774400916,249.93271008878946,9295860736,False,0.6875,0.0
long_rvos/f771c97b16/6/21,long_rvos,f771c97b16,6,21,dynamic,predicted_static,box,False,0.8810496349611571,0.9301067605268613,0.9055781977440092,0.9303993250843645,0.9919354838709677,0.9611674044776661,0.751566598659283,0.8291838842975207,0.7903752414784019,0.7516522988505747,0.6875979124162052,0.6959187165744289,0.691758314495317,-0.17079216299926425,-0.09861692698308488,-0.21381988324869217,251.38106235861778,28705775104,False,,
long_rvos/f771c97b16/6/23,long_rvos,f771c97b16,6,23,dynamic,predicted_static,point,False,0.8810496349611571,0.9301067605268613,0.9055781977440092,0.9303993250843645,0.9919354838709677,0.9611674044776661,0.75,0.75,0.75,0.75,0.6875,0.6875,0.6875,-0.21116740447766613,-0.0625,-0.21807819774400916,249.93271008878946,9295860736,True,0.6875,0.0
long_rvos/f771c97b16/6/23,long_rvos,f771c97b16,6,23,dynamic,predicted_static,box,False,0.8810496349611571,0.9301067605268613,0.9055781977440092,0.9303993250843645,0.9919354838709677,0.9611674044776661,0.751566598659283,0.8291838842975207,0.7903752414784019,0.7516522988505747,0.6875979124162052,0.6959187165744289,0.691758314495317,-0.17079216299926425,-0.09861692698308488,-0.21381988324869217,251.38106235861778,28705775104,True,,
long_rvos/f771c97b16/6/33,long_rvos,f771c97b16,6,33,hybrid,predicted_static,point,False,0.86771547952469,0.9142598213868997,0.8909876504557948,0.9303993250843645,0.9919354838709677,0.9611674044776661,0.75,0.75,0.75,0.75,0.6875,0.6875,0.6875,-0.21116740447766613,-0.0625,-0.20348765045579476,249.93271008878946,9295860736,True,0.6875,0.0
long_rvos/f771c97b16/6/33,long_rvos,f771c97b16,6,33,hybrid,predicted_static,box,False,0.86771547952469,0.9142598213868997,0.8909876504557948,0.9293785310734464,0.9895833333333334,0.9594809322033898,0.7560092196246295,0.8084887453474862,0.7822489824860579,0.7623355263157895,0.6881462973691288,0.6928606265465886,0.6905034619578587,-0.17723194971733192,-0.09174552052819918,-0.20048418849793603,253.31478302925825,28703742464,False,,
long_rvos/f771c97b16/6/20,long_rvos,f771c97b16,6,20,static,predicted_static,point,False,0.8810496349611571,0.9301067605268613,0.9055781977440092,0.9303993250843645,0.9919354838709677,0.9611674044776661,0.75,0.75,0.75,0.75,0.6875,0.6875,0.6875,-0.21116740447766613,-0.0625,-0.21807819774400916,249.93271008878946,9295860736,True,0.6875,0.0
long_rvos/f771c97b16/6/20,long_rvos,f771c97b16,6,20,static,predicted_static,box,False,0.8810496349611571,0.9301067605268613,0.9055781977440092,0.9303993250843645,0.9919354838709677,0.9611674044776661,0.751566598659283,0.8291838842975207,0.7903752414784019,0.7516522988505747,0.6875979124162052,0.6959187165744289,0.691758314495317,-0.17079216299926425,-0.09861692698308488,-0.21381988324869217,251.38106235861778,28705775104,True,,
long_rvos/f771c97b16/6/22,long_rvos,f771c97b16,6,22,static,predicted_static,point,False,0.8575856308288485,0.8996623882940424,0.8786240095614455,0.9310493119266054,0.9972826086956522,0.9641659603111288,0.75,0.75,0.75,0.75,0.6875,0.6875,0.6875,-0.21416596031112878,-0.0625,-0.19112400956144548,239.00415125489235,9323832320,False,0.6875,0.0
long_rvos/f771c97b16/6/22,long_rvos,f771c97b16,6,22,static,predicted_static,box,False,0.8575856308288485,0.8996623882940424,0.8786240095614455,0.9310493119266054,0.9972826086956522,0.9641659603111288,0.75,0.75,0.75,0.75,0.6875,0.6875,0.6875,-0.21416596031112878,-0.0625,-0.19112400956144548,240.93823616951704,9286969856,False,,
long_rvos/68170c3f7a/2/5,long_rvos,68170c3f7a,2,5,dynamic,predicted_static,point,False,0.6382438237268141,0.6597980721736848,0.6490209479502494,0.49730430727022595,0.4671189439462672,0.48221162560824654,0.5,0.5,0.5,0.25,0.5713202974926634,0.5937064917523717,0.5825133946225176,0.01778837439175346,0.08251339462251761,-0.06650755332773184,256.315984159708,10381735936,False,0.5825133946225176,0.0
long_rvos/68170c3f7a/2/5,long_rvos,68170c3f7a,2,5,dynamic,predicted_static,box,False,0.6382438237268141,0.6597980721736848,0.6490209479502494,0.49730430727022595,0.4671189439462672,0.48221162560824654,0.40289639806906796,0.4251251706873009,0.4140107843781844,0.7026513869776745,0.6658060248793167,0.6671953231679564,0.6665006740236366,-0.06820084123006215,0.25248988964545216,0.017479726073387103,299.37957818061113,31193746432,False,,
long_rvos/68170c3f7a/2/7,long_rvos,68170c3f7a,2,7,dynamic,predicted_static,point,False,0.8440495513702446,0.8658391918238064,0.8549443715970255,0.7255578283319285,0.7011789454120857,0.7133683868720071,0.5,0.5,0.5,0.5,0.7895320651030617,0.8120240014205464,0.8007780332618041,-0.2133683868720071,0.3007780332618041,-0.05416633833522144,270.9711829870939,10100771840,False,0.8007780332618041,0.0
long_rvos/68170c3f7a/2/7,long_rvos,68170c3f7a,2,7,dynamic,predicted_static,box,False,0.8440495513702446,0.8658391918238064,0.8549443715970255,0.7255578283319285,0.7011789454120857,0.7133683868720071,0.5,0.5,0.5,0.5,0.671875,0.671875,0.671875,-0.2133683868720071,0.171875,-0.18306937159702552,253.146564014256,9525310464,False,,
long_rvos/68170c3f7a/2/9,long_rvos,68170c3f7a,2,9,hybrid,predicted_static,point,False,0.8440495513702446,0.8658391918238064,0.8549443715970255,0.7255578283319285,0.7011789454120857,0.7133683868720071,0.5,0.5,0.5,0.5,0.7895320651030617,0.8120240014205464,0.8007780332618041,-0.2133683868720071,0.3007780332618041,-0.05416633833522144,270.9711829870939,10100771840,True,0.8007780332618041,0.0
long_rvos/68170c3f7a/2/9,long_rvos,68170c3f7a,2,9,hybrid,predicted_static,box,False,0.8440495513702446,0.8658391918238064,0.8549443715970255,0.7255578283319285,0.7011789454120857,0.7133683868720071,0.5,0.5,0.5,0.5,0.671875,0.671875,0.671875,-0.2133683868720071,0.171875,-0.18306937159702552,253.146564014256,9525310464,True,,
long_rvos/68170c3f7a/2/4,long_rvos,68170c3f7a,2,4,static,predicted_static,point,False,0.65625,0.65625,0.65625,0.5,0.5,0.5,0.5,0.5,0.5,1.0,0.671875,0.671875,0.671875,0.0,0.171875,0.015625,259.43789932876825,8558481920,False,0.671875,0.0
long_rvos/68170c3f7a/2/4,long_rvos,68170c3f7a,2,4,static,predicted_static,box,False,0.65625,0.65625,0.65625,0.5,0.5,0.5,0.5,0.5,0.5,1.0,0.671875,0.671875,0.671875,0.0,0.171875,0.015625,263.5953236222267,8558481920,False,,
long_rvos/68170c3f7a/2/6,long_rvos,68170c3f7a,2,6,static,predicted_static,point,False,0.8440495513702446,0.8658391918238064,0.8549443715970255,0.7255578283319285,0.7011789454120857,0.7133683868720071,0.5,0.5,0.5,0.5,0.7895320651030617,0.8120240014205464,0.8007780332618041,-0.2133683868720071,0.3007780332618041,-0.05416633833522144,270.9711829870939,10100771840,True,0.8007780332618041,0.0
long_rvos/68170c3f7a/2/6,long_rvos,68170c3f7a,2,6,static,predicted_static,box,False,0.8440495513702446,0.8658391918238064,0.8549443715970255,0.7255578283319285,0.7011789454120857,0.7133683868720071,0.5,0.5,0.5,0.5,0.671875,0.671875,0.671875,-0.2133683868720071,0.171875,-0.18306937159702552,253.146564014256,9525310464,True,,
long_rvos/bda2f20019/3/11,long_rvos,bda2f20019,3,11,dynamic,predicted_static,point,False,0.949367765760932,0.964148274925156,0.9567580203430439,0.9829534090974552,0.9983062330623307,0.9906298210798931,0.25,0.25,0.25,0.25,0.6777491664325488,0.6848086884300653,0.681278927431307,-0.7406298210798931,0.431278927431307,-0.2754790929117369,116.18989552557468,8524715008,False,0.681278927431307,0.0
long_rvos/bda2f20019/3/11,long_rvos,bda2f20019,3,11,dynamic,predicted_static,box,False,0.949367765760932,0.964148274925156,0.9567580203430439,0.9829534090974552,0.9983062330623307,0.9906298210798931,0.7381819569652546,0.75,0.7440909784826273,0.7366744178049476,0.40453558534988804,0.4055495196706313,0.40504255251025967,-0.24653884259726577,-0.3390484259723676,-0.5517154678327842,135.20812536031008,30082877440,False,,
long_rvos/bda2f20019/3/9,long_rvos,bda2f20019,3,9,dynamic,predicted_static,point,False,0.949367765760932,0.964148274925156,0.9567580203430439,0.9829534090974552,0.9983062330623307,0.9906298210798931,0.25,0.25,0.25,0.25,0.6777491664325488,0.6848086884300653,0.681278927431307,-0.7406298210798931,0.431278927431307,-0.2754790929117369,116.18989552557468,8524715008,True,0.681278927431307,0.0
long_rvos/bda2f20019/3/9,long_rvos,bda2f20019,3,9,dynamic,predicted_static,box,False,0.949367765760932,0.964148274925156,0.9567580203430439,0.9829534090974552,0.9983062330623307,0.9906298210798931,0.7381819569652546,0.75,0.7440909784826273,0.7366744178049476,0.40453558534988804,0.4055495196706313,0.40504255251025967,-0.24653884259726577,-0.3390484259723676,-0.5517154678327842,135.20812536031008,30082877440,True,,
long_rvos/bda2f20019/3/20,long_rvos,bda2f20019,3,20,hybrid,predicted_static,point,False,0.9487627592557,0.9640914281896698,0.9564270937226849,0.9826768547577289,0.9983062330623307,0.9904915439100297,0.25,0.25,0.25,0.25,0.6777424197448085,0.6848117741389923,0.6812770969419004,-0.7404915439100297,0.4312770969419004,-0.27514999678078444,125.56822507083416,8524715008,False,0.6812770969419004,0.0
long_rvos/bda2f20019/3/20,long_rvos,bda2f20019,3,20,hybrid,predicted_static,box,False,0.9487627592557,0.9640914281896698,0.9564270937226849,0.9829534090974552,0.9983062330623307,0.9906298210798931,0.7381819569652546,0.75,0.7440909784826273,0.7366744178049476,0.40453558534988804,0.4055495196706313,0.40504255251025967,-0.24653884259726577,-0.3390484259723676,-0.5513845412124252,135.20812536031008,30082877440,True,,
long_rvos/bda2f20019/3/21,long_rvos,bda2f20019,3,21,hybrid,predicted_static,point,False,0.34375,0.34375,0.34375,0.25,0.25,0.25,0.25,0.25,0.25,1.0,0.34375,0.34375,0.34375,0.0,0.09375,0.0,117.3047920241952,6697822720,False,0.34375,0.0
long_rvos/bda2f20019/3/21,long_rvos,bda2f20019,3,21,hybrid,predicted_static,box,False,0.34375,0.34375,0.34375,0.25,0.25,0.25,0.25,0.25,0.25,1.0,0.34375,0.34375,0.34375,0.0,0.09375,0.0,119.7269002571702,6697822720,False,,
long_rvos/bda2f20019/3/10,long_rvos,bda2f20019,3,10,static,predicted_static,point,False,0.34375,0.34375,0.34375,0.25,0.25,0.25,0.25,0.25,0.25,1.0,0.34375,0.34375,0.34375,0.0,0.09375,0.0,117.3047920241952,6697822720,True,0.34375,0.0
long_rvos/bda2f20019/3/10,long_rvos,bda2f20019,3,10,static,predicted_static,box,False,0.34375,0.34375,0.34375,0.25,0.25,0.25,0.25,0.25,0.25,1.0,0.34375,0.34375,0.34375,0.0,0.09375,0.0,119.7269002571702,6697822720,True,,
long_rvos/bda2f20019/3/8,long_rvos,bda2f20019,3,8,static,predicted_static,point,False,0.9488975284553429,0.9641096634234299,0.9565035959393864,0.9826768547577289,0.9983062330623307,0.9904915439100297,0.25,0.25,0.25,0.25,0.6777424197448085,0.6848117741389923,0.6812770969419004,-0.7404915439100297,0.4312770969419004,-0.27522649899748597,125.56822507083416,8524715008,True,0.6812770969419004,0.0
long_rvos/bda2f20019/3/8,long_rvos,bda2f20019,3,8,static,predicted_static,box,False,0.9488975284553429,0.9641096634234299,0.9565035959393864,0.9829534090974552,0.9983062330623307,0.9906298210798931,0.7381819569652546,0.75,0.7440909784826273,0.7366744178049476,0.40453558534988804,0.4055495196706313,0.40504255251025967,-0.24653884259726577,-0.3390484259723676,-0.5514610434291267,135.20812536031008,30082877440,True,,
long_rvos/c733601fcd/1/1,long_rvos,c733601fcd,1,1,dynamic,predicted_static,point,False,0.546875,0.546875,0.546875,0.75,0.75,0.75,0.75,0.75,0.75,1.0,0.546875,0.546875,0.546875,0.0,-0.203125,0.0,113.64898909628391,6697822720,False,0.546875,0.0
long_rvos/c733601fcd/1/1,long_rvos,c733601fcd,1,1,dynamic,predicted_static,box,False,0.546875,0.546875,0.546875,0.75,0.75,0.75,0.75,0.75,0.75,1.0,0.546875,0.546875,0.546875,0.0,-0.203125,0.0,121.03261545300484,6697822720,False,,
long_rvos/c733601fcd/1/4,long_rvos,c733601fcd,1,4,hybrid,predicted_static,point,False,0.8476883921332302,0.9005195043575246,0.8741039482453774,0.9940864152325155,1.0,0.9970432076162578,0.75,0.75,0.75,0.75,0.546875,0.546875,0.546875,-0.24704320761625775,-0.203125,-0.3272289482453774,113.7252667248249,7703789568,False,0.546875,0.0
long_rvos/c733601fcd/1/4,long_rvos,c733601fcd,1,4,hybrid,predicted_static,box,False,0.8476883921332302,0.9005195043575246,0.8741039482453774,0.9940864152325155,1.0,0.9970432076162578,0.8805607954098876,0.9296169346060251,0.9050888650079564,0.8827934586052363,0.5652588151452168,0.5692515411544787,0.5672551781498478,-0.09195434260830138,-0.33783368685810855,-0.3068487700955296,124.5249362513423,28211352064,False,,
long_rvos/c733601fcd/1/0,long_rvos,c733601fcd,1,0,static,predicted_static,point,False,0.546875,0.546875,0.546875,0.75,0.75,0.75,0.75,0.75,0.75,1.0,0.546875,0.546875,0.546875,0.0,-0.203125,0.0,113.64898909628391,6697822720,True,0.546875,0.0
long_rvos/c733601fcd/1/0,long_rvos,c733601fcd,1,0,static,predicted_static,box,False,0.546875,0.546875,0.546875,0.75,0.75,0.75,0.75,0.75,0.75,1.0,0.546875,0.546875,0.546875,0.0,-0.203125,0.0,121.03261545300484,6697822720,True,,
long_rvos/8b0e20e373/1/1,long_rvos,8b0e20e373,1,1,dynamic,predicted_static,point,False,0.9467060049115721,0.9285312583230304,0.9376186316173012,0.992884847550795,0.9770747950819673,0.9849798213163812,0.75,0.75,0.75,0.75,0.546875,0.546875,0.546875,-0.23497982131638118,-0.203125,-0.3907436316173012,223.62072651833296,9341864960,False,0.546875,0.0
long_rvos/8b0e20e373/1/1,long_rvos,8b0e20e373,1,1,dynamic,predicted_static,box,False,0.9467060049115721,0.9285312583230304,0.9376186316173012,0.992884847550795,0.9770747950819673,0.9849798213163812,0.9912230631092869,0.9673965351299326,0.9793097991196098,0.9965683335071436,0.5769040078220309,0.5741599554472779,0.5755319816346545,-0.005670022196771374,-0.40377781748495534,-0.3620866499826467,201.1707496792078,30974179328,False,,
long_rvos/8b0e20e373/1/5,long_rvos,8b0e20e373,1,5,hybrid,predicted_static,point,False,0.9467060049115721,0.9285312583230304,0.9376186316173012,0.992884847550795,0.9770747950819673,0.9849798213163812,0.75,0.75,0.75,0.75,0.546875,0.546875,0.546875,-0.23497982131638118,-0.203125,-0.3907436316173012,223.62072651833296,9341864960,True,0.546875,0.0
long_rvos/8b0e20e373/1/5,long_rvos,8b0e20e373,1,5,hybrid,predicted_static,box,False,0.9467060049115721,0.9285312583230304,0.9376186316173012,0.992884847550795,0.9770747950819673,0.9849798213163812,0.9912230631092869,0.9673965351299326,0.9793097991196098,0.9965683335071436,0.5769040078220309,0.5741599554472779,0.5755319816346545,-0.005670022196771374,-0.40377781748495534,-0.3620866499826467,201.1707496792078,30974179328,True,,
long_rvos/8b0e20e373/1/6,long_rvos,8b0e20e373,1,6,hybrid,predicted_static,point,False,0.9467060049115721,0.9285312583230304,0.9376186316173012,0.992884847550795,0.9770747950819673,0.9849798213163812,0.75,0.75,0.75,0.75,0.546875,0.546875,0.546875,-0.23497982131638118,-0.203125,-0.3907436316173012,223.62072651833296,9341864960,True,0.546875,0.0
long_rvos/8b0e20e373/1/6,long_rvos,8b0e20e373,1,6,hybrid,predicted_static,box,False,0.9467060049115721,0.9285312583230304,0.9376186316173012,0.992884847550795,0.9770747950819673,0.9849798213163812,0.9912230631092869,0.9673965351299326,0.9793097991196098,0.9965683335071436,0.5769040078220309,0.5741599554472779,0.5755319816346545,-0.005670022196771374,-0.40377781748495534,-0.3620866499826467,201.1707496792078,30974179328,True,,
long_rvos/8b0e20e373/1/0,long_rvos,8b0e20e373,1,0,static,predicted_static,point,False,0.9467060049115721,0.9285312583230304,0.9376186316173012,0.992884847550795,0.9770747950819673,0.9849798213163812,0.75,0.75,0.75,0.75,0.546875,0.546875,0.546875,-0.23497982131638118,-0.203125,-0.3907436316173012,223.62072651833296,9341864960,True,0.546875,0.0
long_rvos/8b0e20e373/1/0,long_rvos,8b0e20e373,1,0,static,predicted_static,box,False,0.9467060049115721,0.9285312583230304,0.9376186316173012,0.992884847550795,0.9770747950819673,0.9849798213163812,0.9912230631092869,0.9673965351299326,0.9793097991196098,0.9965683335071436,0.5769040078220309,0.5741599554472779,0.5755319816346545,-0.005670022196771374,-0.40377781748495534,-0.3620866499826467,201.1707496792078,30974179328,True,,
long_rvos/0d0ebe00cc/2/5,long_rvos,0d0ebe00cc,2,5,dynamic,predicted_static,point,False,0.5713897527587805,0.48949998345018414,0.5304448681044823,0.6430169240780992,0.6306676026592878,0.6368422633686934,0.25,0.25,0.25,0.0,0.48082231494557015,0.42649055596855023,0.4536564354570602,-0.38684226336869343,0.2036564354570602,-0.07678843264742213,122.59725400805473,9205203968,False,0.4536564354570602,0.0
long_rvos/0d0ebe00cc/2/5,long_rvos,0d0ebe00cc,2,5,dynamic,predicted_static,box,False,0.5713897527587805,0.48949998345018414,0.5304448681044823,0.6430169240780992,0.6306676026592878,0.6368422633686934,0.8993757880948953,0.8602012834280724,0.8797885357614839,0.7253121886035021,0.4260314820416711,0.42112098577203005,0.42357623390685056,0.24294627239279043,-0.4562123018546333,-0.10686863419763176,143.53639399260283,25091997184,False,,
long_rvos/0d0ebe00cc/2/7,long_rvos,0d0ebe00cc,2,7,dynamic,predicted_static,point,False,0.4004599001344608,0.3610451363452306,0.3807525182398457,0.4394232259634993,0.4482292762233606,0.44382625109343,0.25,0.25,0.25,0.0,0.4149641313456723,0.37498428831098096,0.39497420982832665,-0.19382625109343,0.14497420982832665,0.014221691588480967,134.00430220365524,9196949504,False,0.39497420982832665,0.0
long_rvos/0d0ebe00cc/2/7,long_rvos,0d0ebe00cc,2,7,dynamic,predicted_static,box,False,0.4004599001344608,0.3610451363452306,0.3807525182398457,0.4394232259634993,0.4482292762233606,0.44382625109343,0.6881759247017332,0.6901867838216815,0.6891813542617073,0.7324067825508059,0.4017059799213124,0.40354592315038235,0.40262595153584735,0.24535510316827736,-0.28655540272586,0.021873433296001665,129.111777164042,25091997184,False,,
long_rvos/0d0ebe00cc/2/14,long_rvos,0d0ebe00cc,2,14,hybrid,predicted_static,point,False,0.7005145367346486,0.6080571585778121,0.6542858476562303,0.6453958222335932,0.63573649036392,0.6405661562987566,0.25,0.25,0.25,0.0,0.48080732229425915,0.42645152654619134,0.45362942442022525,-0.3905661562987566,0.20362942442022525,-0.20065642323600508,116.19970824569464,9196949504,False,0.45362942442022525,0.0
long_rvos/0d0ebe00cc/2/14,long_rvos,0d0ebe00cc,2,14,hybrid,predicted_static,box,False,0.7005145367346486,0.6080571585778121,0.6542858476562303,0.6453958222335932,0.63573649036392,0.6405661562987566,0.8897597214690748,0.8579119945788931,0.873835858023984,0.723401136525538,0.4253438891355217,0.4209227531470864,0.42313332114130403,0.23326970172522743,-0.45070253688267997,-0.2311525265149263,138.41318793594837,25091997184,False,,
long_rvos/0d0ebe00cc/2/15,long_rvos,0d0ebe00cc,2,15,hybrid,predicted_static,point,False,0.7787358299465585,0.6854502784984804,0.7320930542225195,0.8958201014576319,0.8854387112233513,0.8906294063404916,0.25,0.25,0.25,0.25,0.5941084226279161,0.5355540153436823,0.5648312189857991,-0.6406294063404916,0.31483121898579913,-0.16726183523672034,122.97542844712734,8660364288,False,0.5648312189857991,0.0
long_rvos/0d0ebe00cc/2/15,long_rvos,0d0ebe00cc,2,15,hybrid,predicted_static,box,False,0.7787358299465585,0.6854502784984804,0.7320930542225195,0.8958201014576319,0.8854387112233513,0.8906294063404916,0.8897597214690748,0.8579119945788931,0.873835858023984,0.9737238506757453,0.4253438891355217,0.4209227531470864,0.42313332114130403,-0.01679354831650759,-0.45070253688267997,-0.30895973308121544,146.41228407621384,25091997184,False,,
long_rvos/0d0ebe00cc/2/4,long_rvos,0d0ebe00cc,2,4,static,predicted_static,point,False,0.7005145367346486,0.6080571585778121,0.6542858476562303,0.6453958222335932,0.63573649036392,0.6405661562987566,0.25,0.25,0.25,0.0,0.48080732229425915,0.42645152654619134,0.45362942442022525,-0.3905661562987566,0.20362942442022525,-0.20065642323600508,116.19970824569464,9196949504,True,0.45362942442022525,0.0
long_rvos/0d0ebe00cc/2/4,long_rvos,0d0ebe00cc,2,4,static,predicted_static,box,False,0.7005145367346486,0.6080571585778121,0.6542858476562303,0.6453958222335932,0.63573649036392,0.6405661562987566,0.8897597214690748,0.8579119945788931,0.873835858023984,0.723401136525538,0.4253438891355217,0.4209227531470864,0.42313332114130403,0.23326970172522743,-0.45070253688267997,-0.2311525265149263,138.41318793594837,25091997184,True,,
long_rvos/0d0ebe00cc/2/6,long_rvos,0d0ebe00cc,2,6,static,predicted_static,point,False,0.7787358299465585,0.6854502784984804,0.7320930542225195,0.8958201014576319,0.8854387112233513,0.8906294063404916,0.25,0.25,0.25,0.25,0.5941084226279161,0.5355540153436823,0.5648312189857991,-0.6406294063404916,0.31483121898579913,-0.16726183523672034,122.97542844712734,8660364288,True,0.5648312189857991,0.0
long_rvos/0d0ebe00cc/2/6,long_rvos,0d0ebe00cc,2,6,static,predicted_static,box,False,0.7787358299465585,0.6854502784984804,0.7320930542225195,0.8958201014576319,0.8854387112233513,0.8906294063404916,0.8897597214690748,0.8579119945788931,0.873835858023984,0.9737238506757453,0.4253438891355217,0.4209227531470864,0.42313332114130403,-0.01679354831650759,-0.45070253688267997,-0.30895973308121544,146.41228407621384,25091997184,True,,
long_rvos/e6f1a061ea/1/1,long_rvos,e6f1a061ea,1,1,dynamic,predicted_static,point,False,0.6219362982336742,0.6391194356727916,0.6305278669532329,0.7168280148201267,0.7487853083283581,0.7328066615742423,0.5,0.5,0.5,0.5,0.3877078307283952,0.4093744796846684,0.39854115520653177,-0.23280666157424235,-0.10145884479346823,-0.23198671174670116,253.66192343831062,10057571328,False,0.39854115520653177,0.0
long_rvos/e6f1a061ea/1/1,long_rvos,e6f1a061ea,1,1,dynamic,predicted_static,box,False,0.6219362982336742,0.6391194356727916,0.6305278669532329,0.7168280148201267,0.7487853083283581,0.7328066615742423,0.5,0.5636520651558917,0.5318260325779458,0.7464111058526581,0.265625,0.2696032540722432,0.26761412703612164,-0.20098062899629654,-0.26421190554182417,-0.3629137399171113,244.17756310105324,28148529664,False,,
long_rvos/e6f1a061ea/1/3,long_rvos,e6f1a061ea,1,3,dynamic,predicted_static,point,False,0.45600020789551476,0.4753718054832455,0.4656860066893801,0.5,0.5716667666448089,0.5358333833224045,0.5,0.5,0.5,0.5,0.2806648824373239,0.27937312966371,0.28001900605051694,-0.03583338332240449,-0.21998099394948306,-0.18566700063886316,243.74792467802763,10057571328,False,0.28001900605051694,0.0
long_rvos/e6f1a061ea/1/3,long_rvos,e6f1a061ea,1,3,dynamic,predicted_static,box,False,0.45600020789551476,0.4753718054832455,0.4656860066893801,0.5,0.5716667666448089,0.5358333833224045,0.5,0.5636520651558917,0.5318260325779458,0.7466442953020134,0.265625,0.2696032540722432,0.26761412703612164,-0.004007350744458682,-0.26421190554182417,-0.19807187965325845,262.81777662038803,28148529664,False,,
long_rvos/e6f1a061ea/1/20,long_rvos,e6f1a061ea,1,20,hybrid,predicted_static,point,False,0.6219362982336742,0.6391194356727916,0.6305278669532329,0.7168280148201267,0.7487853083283581,0.7328066615742423,0.5,0.5,0.5,0.5,0.3877078307283952,0.4093744796846684,0.39854115520653177,-0.23280666157424235,-0.10145884479346823,-0.23198671174670116,253.66192343831062,10057571328,True,0.39854115520653177,0.0
long_rvos/e6f1a061ea/1/20,long_rvos,e6f1a061ea,1,20,hybrid,predicted_static,box,False,0.6219362982336742,0.6391194356727916,0.6305278669532329,0.7168280148201267,0.7487853083283581,0.7328066615742423,0.5,0.5636520651558917,0.5318260325779458,0.7464111058526581,0.265625,0.2696032540722432,0.26761412703612164,-0.20098062899629654,-0.26421190554182417,-0.3629137399171113,244.17756310105324,28148529664,True,,
long_rvos/e6f1a061ea/1/21,long_rvos,e6f1a061ea,1,21,hybrid,predicted_static,point,False,0.265625,0.265625,0.265625,0.5,0.5,0.5,0.5,0.5,0.5,1.0,0.265625,0.265625,0.265625,0.0,-0.234375,0.0,244.67551364004612,8521406976,False,0.265625,0.0
long_rvos/e6f1a061ea/1/21,long_rvos,e6f1a061ea,1,21,hybrid,predicted_static,box,False,0.265625,0.265625,0.265625,0.5,0.5,0.5,0.5,0.5,0.5,1.0,0.265625,0.265625,0.265625,0.0,-0.234375,0.0,229.56596711277962,8521406976,False,,
long_rvos/e6f1a061ea/1/0,long_rvos,e6f1a061ea,1,0,static,predicted_static,point,False,0.6362018795305102,0.6549199484788941,0.6455609140047022,0.7273874895547332,0.7770005059855821,0.7521939977701577,0.5,0.5,0.5,0.5,0.38782074262908345,0.40954832044209205,0.39868453153558775,-0.2521939977701577,-0.10131546846441225,-0.24687638246911442,223.91058061271906,10057571328,False,0.39868453153558775,0.0
long_rvos/e6f1a061ea/1/0,long_rvos,e6f1a061ea,1,0,static,predicted_static,box,False,0.6362018795305102,0.6549199484788941,0.6455609140047022,0.7168280148201267,0.7487853083283581,0.7328066615742423,0.5,0.5636520651558917,0.5318260325779458,0.7464111058526581,0.265625,0.2696032540722432,0.26761412703612164,-0.20098062899629654,-0.26421190554182417,-0.37794678696858053,244.17756310105324,28148529664,True,,
long_rvos/e6f1a061ea/1/2,long_rvos,e6f1a061ea,1,2,static,predicted_static,point,False,0.6362018795305102,0.6549199484788941,0.6455609140047022,0.7273874895547332,0.7770005059855821,0.7521939977701577,0.5,0.5,0.5,0.5,0.38782074262908345,0.40954832044209205,0.39868453153558775,-0.2521939977701577,-0.10131546846441225,-0.24687638246911442,223.91058061271906,10057571328,True,0.39868453153558775,0.0
long_rvos/e6f1a061ea/1/2,long_rvos,e6f1a061ea,1,2,static,predicted_static,box,False,0.6362018795305102,0.6549199484788941,0.6455609140047022,0.7168280148201267,0.7487853083283581,0.7328066615742423,0.5,0.5636520651558917,0.5318260325779458,0.7464111058526581,0.265625,0.2696032540722432,0.26761412703612164,-0.20098062899629654,-0.26421190554182417,-0.37794678696858053,244.17756310105324,28148529664,True,,
long_rvos/c73c2a03a0/1/1,long_rvos,c73c2a03a0,1,1,dynamic,predicted_static,point,False,0.01839230209068357,0.03571659893153984,0.027054450511111706,0.0,0.041759244917681335,0.020879622458840667,0.0,0.0,0.0,0.5,0.017594966452788373,0.03296886971228326,0.025281918082535815,-0.020879622458840667,0.025281918082535815,-0.0017725324285758903,66.625831797719,7693352960,False,0.025281918082535815,0.0
long_rvos/c73c2a03a0/1/1,long_rvos,c73c2a03a0,1,1,dynamic,predicted_static,box,False,0.01839230209068357,0.03571659893153984,0.027054450511111706,0.0,0.041759244917681335,0.020879622458840667,0.0,0.005607532685618329,0.0028037663428091644,0.6435800807537012,0.027903900665354205,0.025196890025751983,0.026550395345553094,-0.0180758561160315,0.02374662900274393,-0.0005040551655586117,73.92334669828415,28666811904,False,,
long_rvos/c73c2a03a0/1/4,long_rvos,c73c2a03a0,1,4,hybrid,predicted_static,point,False,0.6281515952849828,0.6052725182353047,0.6167120567601437,0.7162227434202489,0.7331106168444786,0.7246666801323638,0.0,0.0,0.0,0.25,0.18396371908929124,0.19406766143142873,0.18901569026035997,-0.7246666801323638,0.18901569026035997,-0.42769636649978376,60.118667140603065,8230693888,False,0.18901569026035997,0.0
long_rvos/c73c2a03a0/1/4,long_rvos,c73c2a03a0,1,4,hybrid,predicted_static,box,False,0.6281515952849828,0.6052725182353047,0.6167120567601437,0.7162227434202489,0.7331106168444786,0.7246666801323638,0.45634992420638676,0.44984257851409554,0.4530962513602411,0.7154397407737547,0.06815653315088152,0.06988092759321826,0.06901873037204989,-0.2715704287721227,-0.38407752098819126,-0.5476933263880939,81.43864186108112,28665723392,False,,
long_rvos/c73c2a03a0/1/0,long_rvos,c73c2a03a0,1,0,static,predicted_static,point,False,0.8672922442883977,0.8344389911564676,0.8508656177224326,0.8976643455320951,0.9258078497073006,0.9117360976196978,0.0,0.0,0.0,0.0,0.2915290254115884,0.27930958425148816,0.2854193048315383,-0.9117360976196978,0.2854193048315383,-0.5654463128908943,65.73692385852337,8767021056,False,0.2854193048315383,0.0
long_rvos/c73c2a03a0/1/0,long_rvos,c73c2a03a0,1,0,static,predicted_static,box,False,0.8672922442883977,0.8344389911564676,0.8508656177224326,0.8976643455320951,0.9258078497073006,0.9117360976196978,0.6332156896395522,0.6366284342801719,0.634922061959862,0.7010407646065429,0.09153684457597532,0.09427861417144101,0.09290772937370817,-0.27681403565983576,-0.5420143325861538,-0.7579578883487245,86.04049934446812,29415180288,False,,
long_rvos/7caa203c75/2/2,long_rvos,7caa203c75,2,2,static,oracle_identity,box,True,0.3530300465421214,0.3461908110040257,0.3496104287730736,0.4961199616560916,0.4989270386266095,0.49752350014135055,0.44965124425086045,0.3355957081687036,0.39262347620978205,0.952195046678497,0.05877284225938781,0.0521471962104851,0.05546001923493646,-0.1049000239315685,-0.3371634569748456,-0.2941504095381371,171.47668916732073,27666930688,False,,
long_rvos/f771c97b16/6/21,long_rvos,f771c97b16,6,21,dynamic,oracle_identity,point,True,0.8810496349611571,0.9301067605268613,0.9055781977440092,0.9303993250843645,0.9919354838709677,0.9611674044776661,0.75,0.75,0.75,0.75,0.6875,0.6875,0.6875,-0.21116740447766613,-0.0625,-0.21807819774400916,246.71984917670488,9326516224,False,0.6875,0.0
long_rvos/f771c97b16/6/21,long_rvos,f771c97b16,6,21,dynamic,oracle_identity,box,True,0.8810496349611571,0.9301067605268613,0.9055781977440092,0.9303993250843645,0.9919354838709677,0.9611674044776661,0.751566598659283,0.8291838842975207,0.7903752414784019,0.7516522988505747,0.6875979124162052,0.6959187165744289,0.691758314495317,-0.17079216299926425,-0.09861692698308488,-0.21381988324869217,240.30996268987656,28705002496,False,,
long_rvos/f771c97b16/6/23,long_rvos,f771c97b16,6,23,dynamic,oracle_identity,point,True,0.8810496349611571,0.9301067605268613,0.9055781977440092,0.9303993250843645,0.9919354838709677,0.9611674044776661,0.75,0.75,0.75,0.75,0.6875,0.6875,0.6875,-0.21116740447766613,-0.0625,-0.21807819774400916,246.71984917670488,9326516224,True,0.6875,0.0
long_rvos/f771c97b16/6/23,long_rvos,f771c97b16,6,23,dynamic,oracle_identity,box,True,0.8810496349611571,0.9301067605268613,0.9055781977440092,0.9303993250843645,0.9919354838709677,0.9611674044776661,0.751566598659283,0.8291838842975207,0.7903752414784019,0.7516522988505747,0.6875979124162052,0.6959187165744289,0.691758314495317,-0.17079216299926425,-0.09861692698308488,-0.21381988324869217,240.30996268987656,28705002496,True,,
long_rvos/f771c97b16/6/33,long_rvos,f771c97b16,6,33,hybrid,oracle_identity,point,True,0.86771547952469,0.9142598213868997,0.8909876504557948,0.9303993250843645,0.9919354838709677,0.9611674044776661,0.75,0.75,0.75,0.75,0.6875,0.6875,0.6875,-0.21116740447766613,-0.0625,-0.20348765045579476,246.71984917670488,9326516224,True,0.6875,0.0
long_rvos/f771c97b16/6/33,long_rvos,f771c97b16,6,33,hybrid,oracle_identity,box,True,0.86771547952469,0.9142598213868997,0.8909876504557948,0.9293785310734464,0.9895833333333334,0.9594809322033898,0.7560092196246295,0.8084887453474862,0.7822489824860579,0.7623355263157895,0.6881462973691288,0.6928606265465886,0.6905034619578587,-0.17723194971733192,-0.09174552052819918,-0.20048418849793603,247.02203072607517,28707001344,False,,
long_rvos/f771c97b16/6/20,long_rvos,f771c97b16,6,20,static,oracle_identity,point,True,0.8810496349611571,0.9301067605268613,0.9055781977440092,0.9303993250843645,0.9919354838709677,0.9611674044776661,0.75,0.75,0.75,0.75,0.6875,0.6875,0.6875,-0.21116740447766613,-0.0625,-0.21807819774400916,246.71984917670488,9326516224,True,0.6875,0.0
long_rvos/f771c97b16/6/20,long_rvos,f771c97b16,6,20,static,oracle_identity,box,True,0.8810496349611571,0.9301067605268613,0.9055781977440092,0.9303993250843645,0.9919354838709677,0.9611674044776661,0.751566598659283,0.8291838842975207,0.7903752414784019,0.7516522988505747,0.6875979124162052,0.6959187165744289,0.691758314495317,-0.17079216299926425,-0.09861692698308488,-0.21381988324869217,240.30996268987656,28705002496,True,,
long_rvos/f771c97b16/6/22,long_rvos,f771c97b16,6,22,static,oracle_identity,point,True,0.8575856308288485,0.8996623882940424,0.8786240095614455,0.9310493119266054,0.9972826086956522,0.9641659603111288,0.75,0.75,0.75,0.75,0.6875,0.6875,0.6875,-0.21416596031112878,-0.0625,-0.19112400956144548,135.86320969462395,9326516224,False,0.6875,0.0
long_rvos/f771c97b16/6/22,long_rvos,f771c97b16,6,22,static,oracle_identity,box,True,0.8575856308288485,0.8996623882940424,0.8786240095614455,0.9310493119266054,0.9972826086956522,0.9641659603111288,0.75,0.75,0.75,0.75,0.6875,0.6875,0.6875,-0.21416596031112878,-0.0625,-0.19112400956144548,223.11948852986097,9290785280,False,,
long_rvos/68170c3f7a/2/5,long_rvos,68170c3f7a,2,5,dynamic,oracle_identity,point,True,0.8257438237268141,0.8472980721736848,0.8365209479502494,0.7473043072702259,0.7171189439462672,0.7322116256082465,0.5,0.5,0.5,0.5,0.7900702974926634,0.8124564917523717,0.8012633946225176,-0.23221162560824649,0.3012633946225176,-0.03525755332773184,255.2285787910223,10103458304,False,0.8012633946225176,0.0
long_rvos/68170c3f7a/2/5,long_rvos,68170c3f7a,2,5,dynamic,oracle_identity,box,True,0.8257438237268141,0.8472980721736848,0.8365209479502494,0.7473043072702259,0.7171189439462672,0.7322116256082465,0.652896398069068,0.6751251706873009,0.6640107843781844,0.7185448577680525,0.6814310248793167,0.6828203231679564,0.6821256740236366,-0.06820084123006209,0.01811488964545216,-0.1543952739266129,268.16510593891144,31192745472,False,,
long_rvos/68170c3f7a/2/7,long_rvos,68170c3f7a,2,7,dynamic,oracle_identity,point,True,0.8440495513702446,0.8658391918238064,0.8549443715970255,0.7255578283319285,0.7011789454120857,0.7133683868720071,0.5,0.5,0.5,0.5,0.7895320651030617,0.8120240014205464,0.8007780332618041,-0.2133683868720071,0.3007780332618041,-0.05416633833522144,263.2511891424656,10103686656,False,0.8007780332618041,0.0
long_rvos/68170c3f7a/2/7,long_rvos,68170c3f7a,2,7,dynamic,oracle_identity,box,True,0.8440495513702446,0.8658391918238064,0.8549443715970255,0.7255578283319285,0.7011789454120857,0.7133683868720071,0.5,0.5,0.5,0.5,0.671875,0.671875,0.671875,-0.2133683868720071,0.171875,-0.18306937159702552,252.75541810691357,9529273856,False,,
long_rvos/68170c3f7a/2/9,long_rvos,68170c3f7a,2,9,hybrid,oracle_identity,point,True,0.8440495513702446,0.8658391918238064,0.8549443715970255,0.7255578283319285,0.7011789454120857,0.7133683868720071,0.5,0.5,0.5,0.5,0.7895320651030617,0.8120240014205464,0.8007780332618041,-0.2133683868720071,0.3007780332618041,-0.05416633833522144,263.2511891424656,10103686656,True,0.8007780332618041,0.0
long_rvos/68170c3f7a/2/9,long_rvos,68170c3f7a,2,9,hybrid,oracle_identity,box,True,0.8440495513702446,0.8658391918238064,0.8549443715970255,0.7255578283319285,0.7011789454120857,0.7133683868720071,0.5,0.5,0.5,0.5,0.671875,0.671875,0.671875,-0.2133683868720071,0.171875,-0.18306937159702552,252.75541810691357,9529273856,True,,
long_rvos/68170c3f7a/2/4,long_rvos,68170c3f7a,2,4,static,oracle_identity,point,True,0.65625,0.65625,0.65625,0.5,0.5,0.5,0.5,0.5,0.5,1.0,0.671875,0.671875,0.671875,0.0,0.171875,0.015625,251.21921622753143,8559299584,False,0.671875,0.0
long_rvos/68170c3f7a/2/4,long_rvos,68170c3f7a,2,4,static,oracle_identity,box,True,0.65625,0.65625,0.65625,0.5,0.5,0.5,0.5,0.5,0.5,1.0,0.671875,0.671875,0.671875,0.0,0.171875,0.015625,264.2424544543028,8559299584,False,,
long_rvos/68170c3f7a/2/6,long_rvos,68170c3f7a,2,6,static,oracle_identity,point,True,0.8440495513702446,0.8658391918238064,0.8549443715970255,0.7255578283319285,0.7011789454120857,0.7133683868720071,0.5,0.5,0.5,0.5,0.7895320651030617,0.8120240014205464,0.8007780332618041,-0.2133683868720071,0.3007780332618041,-0.05416633833522144,263.2511891424656,10103686656,True,0.8007780332618041,0.0
long_rvos/68170c3f7a/2/6,long_rvos,68170c3f7a,2,6,static,oracle_identity,box,True,0.8440495513702446,0.8658391918238064,0.8549443715970255,0.7255578283319285,0.7011789454120857,0.7133683868720071,0.5,0.5,0.5,0.5,0.671875,0.671875,0.671875,-0.2133683868720071,0.171875,-0.18306937159702552,252.75541810691357,9529273856,True,,
long_rvos/bda2f20019/3/11,long_rvos,bda2f20019,3,11,dynamic,oracle_identity,point,True,0.949367765760932,0.964148274925156,0.9567580203430439,0.9829534090974552,0.9983062330623307,0.9906298210798931,0.25,0.25,0.25,0.25,0.6777491664325488,0.6848086884300653,0.681278927431307,-0.7406298210798931,0.431278927431307,-0.2754790929117369,116.38051422685385,8530759168,False,0.681278927431307,0.0
long_rvos/bda2f20019/3/11,long_rvos,bda2f20019,3,11,dynamic,oracle_identity,box,True,0.949367765760932,0.964148274925156,0.9567580203430439,0.9829534090974552,0.9983062330623307,0.9906298210798931,0.7381819569652546,0.75,0.7440909784826273,0.7366744178049476,0.40453558534988804,0.4055495196706313,0.40504255251025967,-0.24653884259726577,-0.3390484259723676,-0.5517154678327842,131.1566521897912,30087004672,False,,
long_rvos/bda2f20019/3/9,long_rvos,bda2f20019,3,9,dynamic,oracle_identity,point,True,0.949367765760932,0.964148274925156,0.9567580203430439,0.9829534090974552,0.9983062330623307,0.9906298210798931,0.25,0.25,0.25,0.25,0.6777491664325488,0.6848086884300653,0.681278927431307,-0.7406298210798931,0.431278927431307,-0.2754790929117369,116.38051422685385,8530759168,True,0.681278927431307,0.0
long_rvos/bda2f20019/3/9,long_rvos,bda2f20019,3,9,dynamic,oracle_identity,box,True,0.949367765760932,0.964148274925156,0.9567580203430439,0.9829534090974552,0.9983062330623307,0.9906298210798931,0.7381819569652546,0.75,0.7440909784826273,0.7366744178049476,0.40453558534988804,0.4055495196706313,0.40504255251025967,-0.24653884259726577,-0.3390484259723676,-0.5517154678327842,131.1566521897912,30087004672,True,,
long_rvos/bda2f20019/3/20,long_rvos,bda2f20019,3,20,hybrid,oracle_identity,point,True,0.9487627592557,0.9640914281896698,0.9564270937226849,0.9826768547577289,0.9983062330623307,0.9904915439100297,0.25,0.25,0.25,0.25,0.6777424197448085,0.6848117741389923,0.6812770969419004,-0.7404915439100297,0.4312770969419004,-0.27514999678078444,126.36684149503708,8530173952,False,0.6812770969419004,0.0
long_rvos/bda2f20019/3/20,long_rvos,bda2f20019,3,20,hybrid,oracle_identity,box,True,0.9487627592557,0.9640914281896698,0.9564270937226849,0.9829534090974552,0.9983062330623307,0.9906298210798931,0.7381819569652546,0.75,0.7440909784826273,0.7366744178049476,0.40453558534988804,0.4055495196706313,0.40504255251025967,-0.24653884259726577,-0.3390484259723676,-0.5513845412124252,131.1566521897912,30087004672,True,,
long_rvos/bda2f20019/3/21,long_rvos,bda2f20019,3,21,hybrid,oracle_identity,point,True,0.0,0.0,0.0,0.25,0.25,0.25,0.25,0.25,0.25,1.0,0.34375,0.34375,0.34375,0.0,0.09375,0.34375,116.85511691868305,6698640384,False,0.34375,0.0
long_rvos/bda2f20019/3/21,long_rvos,bda2f20019,3,21,hybrid,oracle_identity,box,True,0.0,0.0,0.0,0.25,0.25,0.25,0.25,0.25,0.25,1.0,0.34375,0.34375,0.34375,0.0,0.09375,0.34375,113.62307929992676,6698640384,False,,
long_rvos/bda2f20019/3/10,long_rvos,bda2f20019,3,10,static,oracle_identity,point,True,0.0,0.0,0.0,0.25,0.25,0.25,0.25,0.25,0.25,1.0,0.34375,0.34375,0.34375,0.0,0.09375,0.34375,116.85511691868305,6698640384,True,0.34375,0.0
long_rvos/bda2f20019/3/10,long_rvos,bda2f20019,3,10,static,oracle_identity,box,True,0.0,0.0,0.0,0.25,0.25,0.25,0.25,0.25,0.25,1.0,0.34375,0.34375,0.34375,0.0,0.09375,0.34375,113.62307929992676,6698640384,True,,
long_rvos/bda2f20019/3/8,long_rvos,bda2f20019,3,8,static,oracle_identity,point,True,0.9488975284553429,0.9641096634234299,0.9565035959393864,0.9826768547577289,0.9983062330623307,0.9904915439100297,0.25,0.25,0.25,0.25,0.6777424197448085,0.6848117741389923,0.6812770969419004,-0.7404915439100297,0.4312770969419004,-0.27522649899748597,126.36684149503708,8530173952,True,0.6812770969419004,0.0
long_rvos/bda2f20019/3/8,long_rvos,bda2f20019,3,8,static,oracle_identity,box,True,0.9488975284553429,0.9641096634234299,0.9565035959393864,0.9829534090974552,0.9983062330623307,0.9906298210798931,0.7381819569652546,0.75,0.7440909784826273,0.7366744178049476,0.40453558534988804,0.4055495196706313,0.40504255251025967,-0.24653884259726577,-0.3390484259723676,-0.5514610434291267,131.1566521897912,30087004672,True,,
long_rvos/c733601fcd/1/1,long_rvos,c733601fcd,1,1,dynamic,oracle_identity,point,True,0.0,0.0,0.0,0.75,0.75,0.75,0.75,0.75,0.75,1.0,0.546875,0.546875,0.546875,0.0,-0.203125,0.546875,115.47633305191994,6698640384,False,0.546875,0.0
long_rvos/c733601fcd/1/1,long_rvos,c733601fcd,1,1,dynamic,oracle_identity,box,True,0.0,0.0,0.0,0.75,0.75,0.75,0.75,0.75,0.75,1.0,0.546875,0.546875,0.546875,0.0,-0.203125,0.546875,111.75492805242538,6698640384,False,,
long_rvos/c733601fcd/1/4,long_rvos,c733601fcd,1,4,hybrid,oracle_identity,point,True,0.8476883921332302,0.9005195043575246,0.8741039482453774,0.9940864152325155,1.0,0.9970432076162578,0.75,0.75,0.75,0.75,0.546875,0.546875,0.546875,-0.24704320761625775,-0.203125,-0.3272289482453774,85.86811240762472,7706563584,False,0.546875,0.0
long_rvos/c733601fcd/1/4,long_rvos,c733601fcd,1,4,hybrid,oracle_identity,box,True,0.8476883921332302,0.9005195043575246,0.8741039482453774,0.9940864152325155,1.0,0.9970432076162578,0.8805607954098876,0.9296169346060251,0.9050888650079564,0.8827934586052363,0.5652588151452168,0.5692515411544787,0.5672551781498478,-0.09195434260830138,-0.33783368685810855,-0.3068487700955296,111.26635547727346,28214430720,False,,
long_rvos/c733601fcd/1/0,long_rvos,c733601fcd,1,0,static,oracle_identity,point,True,0.0,0.0,0.0,0.75,0.75,0.75,0.75,0.75,0.75,1.0,0.546875,0.546875,0.546875,0.0,-0.203125,0.546875,115.47633305191994,6698640384,True,0.546875,0.0
long_rvos/c733601fcd/1/0,long_rvos,c733601fcd,1,0,static,oracle_identity,box,True,0.0,0.0,0.0,0.75,0.75,0.75,0.75,0.75,0.75,1.0,0.546875,0.546875,0.546875,0.0,-0.203125,0.546875,111.75492805242538,6698640384,True,,
long_rvos/8b0e20e373/1/1,long_rvos,8b0e20e373,1,1,dynamic,oracle_identity,point,True,0.9467060049115721,0.9285312583230304,0.9376186316173012,0.992884847550795,0.9770747950819673,0.9849798213163812,0.75,0.75,0.75,0.75,0.546875,0.546875,0.546875,-0.23497982131638118,-0.203125,-0.3907436316173012,212.22845608741045,9344697856,False,0.546875,0.0
long_rvos/8b0e20e373/1/1,long_rvos,8b0e20e373,1,1,dynamic,oracle_identity,box,True,0.9467060049115721,0.9285312583230304,0.9376186316173012,0.992884847550795,0.9770747950819673,0.9849798213163812,0.9912230631092869,0.9673965351299326,0.9793097991196098,0.9965683335071436,0.5769040078220309,0.5741599554472779,0.5755319816346545,-0.005670022196771374,-0.40377781748495534,-0.3620866499826467,229.35367460548878,30972916224,False,,
long_rvos/8b0e20e373/1/5,long_rvos,8b0e20e373,1,5,hybrid,oracle_identity,point,True,0.9467060049115721,0.9285312583230304,0.9376186316173012,0.992884847550795,0.9770747950819673,0.9849798213163812,0.75,0.75,0.75,0.75,0.546875,0.546875,0.546875,-0.23497982131638118,-0.203125,-0.3907436316173012,212.22845608741045,9344697856,True,0.546875,0.0
long_rvos/8b0e20e373/1/5,long_rvos,8b0e20e373,1,5,hybrid,oracle_identity,box,True,0.9467060049115721,0.9285312583230304,0.9376186316173012,0.992884847550795,0.9770747950819673,0.9849798213163812,0.9912230631092869,0.9673965351299326,0.9793097991196098,0.9965683335071436,0.5769040078220309,0.5741599554472779,0.5755319816346545,-0.005670022196771374,-0.40377781748495534,-0.3620866499826467,229.35367460548878,30972916224,True,,
long_rvos/8b0e20e373/1/6,long_rvos,8b0e20e373,1,6,hybrid,oracle_identity,point,True,0.9467060049115721,0.9285312583230304,0.9376186316173012,0.992884847550795,0.9770747950819673,0.9849798213163812,0.75,0.75,0.75,0.75,0.546875,0.546875,0.546875,-0.23497982131638118,-0.203125,-0.3907436316173012,212.22845608741045,9344697856,True,0.546875,0.0
long_rvos/8b0e20e373/1/6,long_rvos,8b0e20e373,1,6,hybrid,oracle_identity,box,True,0.9467060049115721,0.9285312583230304,0.9376186316173012,0.992884847550795,0.9770747950819673,0.9849798213163812,0.9912230631092869,0.9673965351299326,0.9793097991196098,0.9965683335071436,0.5769040078220309,0.5741599554472779,0.5755319816346545,-0.005670022196771374,-0.40377781748495534,-0.3620866499826467,229.35367460548878,30972916224,True,,
long_rvos/8b0e20e373/1/0,long_rvos,8b0e20e373,1,0,static,oracle_identity,point,True,0.9467060049115721,0.9285312583230304,0.9376186316173012,0.992884847550795,0.9770747950819673,0.9849798213163812,0.75,0.75,0.75,0.75,0.546875,0.546875,0.546875,-0.23497982131638118,-0.203125,-0.3907436316173012,212.22845608741045,9344697856,True,0.546875,0.0
long_rvos/8b0e20e373/1/0,long_rvos,8b0e20e373,1,0,static,oracle_identity,box,True,0.9467060049115721,0.9285312583230304,0.9376186316173012,0.992884847550795,0.9770747950819673,0.9849798213163812,0.9912230631092869,0.9673965351299326,0.9793097991196098,0.9965683335071436,0.5769040078220309,0.5741599554472779,0.5755319816346545,-0.005670022196771374,-0.40377781748495534,-0.3620866499826467,229.35367460548878,30972916224,True,,
long_rvos/0d0ebe00cc/2/5,long_rvos,0d0ebe00cc,2,5,dynamic,oracle_identity,point,True,0.7818941015168313,0.6858275658028323,0.7338608336598318,0.8930169240780992,0.8806676026592878,0.8868422633686934,0.25,0.25,0.25,0.25,0.5941122573052613,0.5355744979313112,0.5648433776182862,-0.6368422633686934,0.3148433776182862,-0.1690174560415456,80.07031375914812,8671333888,False,0.5648433776182862,0.0
long_rvos/0d0ebe00cc/2/5,long_rvos,0d0ebe00cc,2,5,dynamic,oracle_identity,box,True,0.7818941015168313,0.6858275658028323,0.7338608336598318,0.8930169240780992,0.8806676026592878,0.8868422633686934,0.8993757880948953,0.8602012834280724,0.8797885357614839,0.9753121886035021,0.4260314820416711,0.42112098577203005,0.42357623390685056,-0.00705372760720957,-0.4562123018546333,-0.3102845997529812,140.2509132027626,25102461440,False,,
long_rvos/0d0ebe00cc/2/7,long_rvos,0d0ebe00cc,2,7,dynamic,oracle_identity,point,True,0.7818941015168313,0.6858275658028323,0.7338608336598318,0.8930169240780992,0.8806676026592878,0.8868422633686934,0.25,0.25,0.25,0.25,0.5941122573052613,0.5355744979313112,0.5648433776182862,-0.6368422633686934,0.3148433776182862,-0.1690174560415456,80.07031375914812,8671333888,True,0.5648433776182862,0.0
long_rvos/0d0ebe00cc/2/7,long_rvos,0d0ebe00cc,2,7,dynamic,oracle_identity,box,True,0.7818941015168313,0.6858275658028323,0.7338608336598318,0.8930169240780992,0.8806676026592878,0.8868422633686934,0.8993757880948953,0.8602012834280724,0.8797885357614839,0.9753121886035021,0.4260314820416711,0.42112098577203005,0.42357623390685056,-0.00705372760720957,-0.4562123018546333,-0.3102845997529812,140.2509132027626,25102461440,True,,
long_rvos/0d0ebe00cc/2/14,long_rvos,0d0ebe00cc,2,14,hybrid,oracle_identity,point,True,0.7005145367346486,0.6080571585778121,0.6542858476562303,0.6453958222335932,0.63573649036392,0.6405661562987566,0.25,0.25,0.25,0.0,0.48080732229425915,0.42645152654619134,0.45362942442022525,-0.3905661562987566,0.20362942442022525,-0.20065642323600508,123.71634545177221,9207786496,False,0.45362942442022525,0.0
long_rvos/0d0ebe00cc/2/14,long_rvos,0d0ebe00cc,2,14,hybrid,oracle_identity,box,True,0.7005145367346486,0.6080571585778121,0.6542858476562303,0.6453958222335932,0.63573649036392,0.6405661562987566,0.8897597214690748,0.8579119945788931,0.873835858023984,0.723401136525538,0.4253438891355217,0.4209227531470864,0.42313332114130403,0.23326970172522743,-0.45070253688267997,-0.2311525265149263,151.23525603860617,25102461440,False,,
long_rvos/0d0ebe00cc/2/15,long_rvos,0d0ebe00cc,2,15,hybrid,oracle_identity,point,True,0.7787358299465585,0.6854502784984804,0.7320930542225195,0.8958201014576319,0.8854387112233513,0.8906294063404916,0.25,0.25,0.25,0.25,0.5941084226279161,0.5355540153436823,0.5648312189857991,-0.6406294063404916,0.31483121898579913,-0.16726183523672034,102.13450372219086,8672118784,False,0.5648312189857991,0.0
long_rvos/0d0ebe00cc/2/15,long_rvos,0d0ebe00cc,2,15,hybrid,oracle_identity,box,True,0.7787358299465585,0.6854502784984804,0.7320930542225195,0.8958201014576319,0.8854387112233513,0.8906294063404916,0.8897597214690748,0.8579119945788931,0.873835858023984,0.9737238506757453,0.4253438891355217,0.4209227531470864,0.42313332114130403,-0.01679354831650759,-0.45070253688267997,-0.30895973308121544,132.79831451177597,25102461440,False,,
long_rvos/0d0ebe00cc/2/4,long_rvos,0d0ebe00cc,2,4,static,oracle_identity,point,True,0.7005145367346486,0.6080571585778121,0.6542858476562303,0.6453958222335932,0.63573649036392,0.6405661562987566,0.25,0.25,0.25,0.0,0.48080732229425915,0.42645152654619134,0.45362942442022525,-0.3905661562987566,0.20362942442022525,-0.20065642323600508,123.71634545177221,9207786496,True,0.45362942442022525,0.0
long_rvos/0d0ebe00cc/2/4,long_rvos,0d0ebe00cc,2,4,static,oracle_identity,box,True,0.7005145367346486,0.6080571585778121,0.6542858476562303,0.6453958222335932,0.63573649036392,0.6405661562987566,0.8897597214690748,0.8579119945788931,0.873835858023984,0.723401136525538,0.4253438891355217,0.4209227531470864,0.42313332114130403,0.23326970172522743,-0.45070253688267997,-0.2311525265149263,151.23525603860617,25102461440,True,,
long_rvos/0d0ebe00cc/2/6,long_rvos,0d0ebe00cc,2,6,static,oracle_identity,point,True,0.7787358299465585,0.6854502784984804,0.7320930542225195,0.8958201014576319,0.8854387112233513,0.8906294063404916,0.25,0.25,0.25,0.25,0.5941084226279161,0.5355540153436823,0.5648312189857991,-0.6406294063404916,0.31483121898579913,-0.16726183523672034,102.13450372219086,8672118784,True,0.5648312189857991,0.0
long_rvos/0d0ebe00cc/2/6,long_rvos,0d0ebe00cc,2,6,static,oracle_identity,box,True,0.7787358299465585,0.6854502784984804,0.7320930542225195,0.8958201014576319,0.8854387112233513,0.8906294063404916,0.8897597214690748,0.8579119945788931,0.873835858023984,0.9737238506757453,0.4253438891355217,0.4209227531470864,0.42313332114130403,-0.01679354831650759,-0.45070253688267997,-0.30895973308121544,132.79831451177597,25102461440,True,,
long_rvos/e6f1a061ea/1/1,long_rvos,e6f1a061ea,1,1,dynamic,oracle_identity,point,True,0.7869578416258574,0.7681750943924797,0.7775664680091685,0.7168280148201267,0.7487853083283581,0.7328066615742423,0.5,0.5,0.5,0.5,0.3877078307283952,0.4093744796846684,0.39854115520653177,-0.23280666157424235,-0.10145884479346823,-0.37902531280263674,248.31730446964502,10067610112,False,0.39854115520653177,0.0
long_rvos/e6f1a061ea/1/1,long_rvos,e6f1a061ea,1,1,dynamic,oracle_identity,box,True,0.7869578416258574,0.7681750943924797,0.7775664680091685,0.7168280148201267,0.7487853083283581,0.7328066615742423,0.5,0.5636520651558917,0.5318260325779458,0.7464111058526581,0.265625,0.2696032540722432,0.26761412703612164,-0.20098062899629654,-0.26421190554182417,-0.5099523409730469,270.1479514911771,28161175552,False,,
long_rvos/e6f1a061ea/1/3,long_rvos,e6f1a061ea,1,3,dynamic,oracle_identity,point,True,0.8014911321608256,0.7838123809587666,0.7926517565597961,0.7273874895547332,0.7770005059855821,0.7521939977701577,0.5,0.5,0.5,0.5,0.38782074262908345,0.40954832044209205,0.39868453153558775,-0.2521939977701577,-0.10131546846441225,-0.3939672250242084,236.20905405282974,10066609664,False,0.39868453153558775,0.0
long_rvos/e6f1a061ea/1/3,long_rvos,e6f1a061ea,1,3,dynamic,oracle_identity,box,True,0.8014911321608256,0.7838123809587666,0.7926517565597961,0.7168280148201267,0.7487853083283581,0.7328066615742423,0.5,0.5636520651558917,0.5318260325779458,0.7464111058526581,0.265625,0.2696032540722432,0.26761412703612164,-0.20098062899629654,-0.26421190554182417,-0.5250376295236745,270.1479514911771,28161175552,True,,
long_rvos/e6f1a061ea/1/20,long_rvos,e6f1a061ea,1,20,hybrid,oracle_identity,point,True,0.7869578416258574,0.7681750943924797,0.7775664680091685,0.7168280148201267,0.7487853083283581,0.7328066615742423,0.5,0.5,0.5,0.5,0.3877078307283952,0.4093744796846684,0.39854115520653177,-0.23280666157424235,-0.10145884479346823,-0.37902531280263674,248.31730446964502,10067610112,True,0.39854115520653177,0.0
long_rvos/e6f1a061ea/1/20,long_rvos,e6f1a061ea,1,20,hybrid,oracle_identity,box,True,0.7869578416258574,0.7681750943924797,0.7775664680091685,0.7168280148201267,0.7487853083283581,0.7328066615742423,0.5,0.5636520651558917,0.5318260325779458,0.7464111058526581,0.265625,0.2696032540722432,0.26761412703612164,-0.20098062899629654,-0.26421190554182417,-0.5099523409730469,270.1479514911771,28161175552,True,,
long_rvos/e6f1a061ea/1/21,long_rvos,e6f1a061ea,1,21,hybrid,oracle_identity,point,True,0.0,0.0,0.0,0.5,0.5,0.5,0.5,0.5,0.5,1.0,0.265625,0.265625,0.265625,0.0,-0.234375,0.265625,241.028049826622,8522224640,False,0.265625,0.0
long_rvos/e6f1a061ea/1/21,long_rvos,e6f1a061ea,1,21,hybrid,oracle_identity,box,True,0.0,0.0,0.0,0.5,0.5,0.5,0.5,0.5,0.5,1.0,0.265625,0.265625,0.265625,0.0,-0.234375,0.265625,238.63168358802795,8522224640,False,,
long_rvos/e6f1a061ea/1/0,long_rvos,e6f1a061ea,1,0,static,oracle_identity,point,True,0.8014911321608256,0.7838123809587666,0.7926517565597961,0.7273874895547332,0.7770005059855821,0.7521939977701577,0.5,0.5,0.5,0.5,0.38782074262908345,0.40954832044209205,0.39868453153558775,-0.2521939977701577,-0.10131546846441225,-0.3939672250242084,236.20905405282974,10066609664,True,0.39868453153558775,0.0
long_rvos/e6f1a061ea/1/0,long_rvos,e6f1a061ea,1,0,static,oracle_identity,box,True,0.8014911321608256,0.7838123809587666,0.7926517565597961,0.7168280148201267,0.7487853083283581,0.7328066615742423,0.5,0.5636520651558917,0.5318260325779458,0.7464111058526581,0.265625,0.2696032540722432,0.26761412703612164,-0.20098062899629654,-0.26421190554182417,-0.5250376295236745,270.1479514911771,28161175552,True,,
long_rvos/e6f1a061ea/1/2,long_rvos,e6f1a061ea,1,2,static,oracle_identity,point,True,0.8014911321608256,0.7838123809587666,0.7926517565597961,0.7273874895547332,0.7770005059855821,0.7521939977701577,0.5,0.5,0.5,0.5,0.38782074262908345,0.40954832044209205,0.39868453153558775,-0.2521939977701577,-0.10131546846441225,-0.3939672250242084,236.20905405282974,10066609664,True,0.39868453153558775,0.0
long_rvos/e6f1a061ea/1/2,long_rvos,e6f1a061ea,1,2,static,oracle_identity,box,True,0.8014911321608256,0.7838123809587666,0.7926517565597961,0.7168280148201267,0.7487853083283581,0.7328066615742423,0.5,0.5636520651558917,0.5318260325779458,0.7464111058526581,0.265625,0.2696032540722432,0.26761412703612164,-0.20098062899629654,-0.26421190554182417,-0.5250376295236745,270.1479514911771,28161175552,True,,
long_rvos/c73c2a03a0/1/1,long_rvos,c73c2a03a0,1,1,dynamic,oracle_identity,point,True,0.8805514206089908,0.8531852863992637,0.8668683535041273,0.9111688845623016,0.9452650535160595,0.9282169690391806,0.0,0.0,0.0,0.0,0.2511274592683222,0.29400623848141816,0.27256684887487015,-0.9282169690391806,0.27256684887487015,-0.5943015046292571,93.49250096827745,8780399104,False,0.27256684887487015,0.0
long_rvos/c73c2a03a0/1/1,long_rvos,c73c2a03a0,1,1,dynamic,oracle_identity,box,True,0.8805514206089908,0.8531852863992637,0.8668683535041273,0.9111688845623016,0.9452650535160595,0.9282169690391806,0.6312169532779833,0.62166428413739,0.6264406187076867,0.6890616678829733,0.09044270835255971,0.0918924878307049,0.0911675980916323,-0.30177635033149386,-0.5352730206160544,-0.775700755412495,111.22376372665167,29427171840,False,,
long_rvos/c73c2a03a0/1/4,long_rvos,c73c2a03a0,1,4,hybrid,oracle_identity,point,True,0.8672922442883977,0.8344389911564676,0.8508656177224326,0.8976643455320951,0.9258078497073006,0.9117360976196978,0.0,0.0,0.0,0.0,0.2915290254115884,0.27930958425148816,0.2854193048315383,-0.9117360976196978,0.2854193048315383,-0.5654463128908943,85.6845206990838,8782154240,False,0.2854193048315383,0.0
long_rvos/c73c2a03a0/1/4,long_rvos,c73c2a03a0,1,4,hybrid,oracle_identity,box,True,0.8672922442883977,0.8344389911564676,0.8508656177224326,0.8976643455320951,0.9258078497073006,0.9117360976196978,0.6332156896395522,0.6366284342801719,0.634922061959862,0.7010407646065429,0.09153684457597532,0.09427861417144101,0.09290772937370817,-0.27681403565983576,-0.5420143325861538,-0.7579578883487245,105.61187805980444,29428412928,False,,
long_rvos/c73c2a03a0/1/0,long_rvos,c73c2a03a0,1,0,static,oracle_identity,point,True,0.8672922442883977,0.8344389911564676,0.8508656177224326,0.8976643455320951,0.9258078497073006,0.9117360976196978,0.0,0.0,0.0,0.0,0.2915290254115884,0.27930958425148816,0.2854193048315383,-0.9117360976196978,0.2854193048315383,-0.5654463128908943,85.6845206990838,8782154240,True,0.2854193048315383,0.0
long_rvos/c73c2a03a0/1/0,long_rvos,c73c2a03a0,1,0,static,oracle_identity,box,True,0.8672922442883977,0.8344389911564676,0.8508656177224326,0.8976643455320951,0.9258078497073006,0.9117360976196978,0.6332156896395522,0.6366284342801719,0.634922061959862,0.7010407646065429,0.09153684457597532,0.09427861417144101,0.09290772937370817,-0.27681403565983576,-0.5420143325861538,-0.7579578883487245,105.61187805980444,29428412928,True,,
long_rvos/a3f2b5d434/2/11,long_rvos,a3f2b5d434,2,11,dynamic,predicted_static,point,False,0.9259132238833354,0.9436234878578702,0.9347683558706028,0.9701069735062714,1.0,0.9850534867531358,0.0,0.0,0.0,0.0,0.6716389899519463,0.678542834770242,0.6750909123610942,-0.9850534867531358,0.6750909123610942,-0.2596774435095086,30.779715925455093,9045475840,False,0.6750909123610942,0.0
long_rvos/22680d3b50/4/9,long_rvos,22680d3b50,4,9,hybrid,predicted_static,point,False,0.6842904848234381,0.7254711836566441,0.7048808342400411,0.9038475713872384,0.9830256592737683,0.9434366153305034,0.0,0.0,0.0,0.0,0.6026299520228093,0.6300511729832492,0.6163405625030293,-0.9434366153305034,0.6163405625030293,-0.08854027173701184,263.6534195840359,10899830272,False,0.6163405625030293,0.0
long_rvos/22680d3b50/4/9,long_rvos,22680d3b50,4,9,hybrid,predicted_static,box,False,0.6842904848234381,0.7254711836566441,0.7048808342400411,0.9038475713872384,0.9830256592737683,0.9434366153305034,0.47129260369473525,0.4988275143303804,0.4850600590125578,0.486300261018396,0.029455787730920953,0.031176719645648776,0.030316253688284864,-0.4583765563179456,-0.4547438053242729,-0.6745645805517563,282.30843737721443,30187992576,False,,
long_rvos/22680d3b50/4/5,long_rvos,22680d3b50,4,5,static,predicted_static,point,False,0.6842904848234381,0.7254711836566441,0.7048808342400411,0.9038475713872384,0.9830256592737683,0.9434366153305034,0.0,0.0,0.0,0.0,0.6026299520228093,0.6300511729832492,0.6163405625030293,-0.9434366153305034,0.6163405625030293,-0.08854027173701184,263.6534195840359,10899830272,True,0.6163405625030293,0.0
long_rvos/22680d3b50/4/5,long_rvos,22680d3b50,4,5,static,predicted_static,box,False,0.6842904848234381,0.7254711836566441,0.7048808342400411,0.9038475713872384,0.9830256592737683,0.9434366153305034,0.47129260369473525,0.4988275143303804,0.4850600590125578,0.486300261018396,0.029455787730920953,0.031176719645648776,0.030316253688284864,-0.4583765563179456,-0.4547438053242729,-0.6745645805517563,282.30843737721443,30187992576,True,,
long_rvos/b4a5ada352/1/3,long_rvos,b4a5ada352,1,3,dynamic,predicted_static,point,False,0.2636465849163028,0.3077290897780225,0.28568783734716263,0.48293361023648423,0.5343950914481383,0.5086643508423113,0.25,0.25,0.25,0.25,0.5689765657952391,0.5296370272993216,0.5493067965472804,-0.2586643508423113,0.29930679654728043,0.2636189592001178,149.73961900919676,9065574912,False,0.5493067965472804,0.0
long_rvos/b4a5ada352/1/3,long_rvos,b4a5ada352,1,3,dynamic,predicted_static,box,False,0.2636465849163028,0.3077290897780225,0.28568783734716263,0.48293361023648423,0.5343950914481383,0.5086643508423113,0.4626671507230592,0.4469496822311126,0.4548084164770859,0.9302012639865354,0.15084146708722473,0.15055100747003525,0.15069623727863,-0.0538559343652254,-0.3041121791984559,-0.13499160006853264,176.61081720888615,25872972288,False,,
long_rvos/b4a5ada352/1/0,long_rvos,b4a5ada352,1,0,static,predicted_static,point,False,0.4510541065693702,0.4516992163929568,0.4513766614811635,0.7291256539791613,0.7715215008020726,0.750323577390617,0.25,0.25,0.25,0.25,0.7698183916716639,0.6777918167556153,0.7238051042136395,-0.500323577390617,0.4738051042136395,0.272428442732476,150.0171348825097,9066706432,False,0.7238051042136395,0.0
long_rvos/b4a5ada352/1/0,long_rvos,b4a5ada352,1,0,static,predicted_static,box,False,0.4510541065693702,0.4516992163929568,0.4513766614811635,0.7291256539791613,0.7715215008020726,0.750323577390617,0.4626671507230592,0.4469496822311126,0.4548084164770859,0.7092745414750268,0.15084146708722473,0.15055100747003525,0.15069623727863,-0.295515160913531,-0.3041121791984559,-0.3006804242025335,163.51313656568527,25380094976,False,,
long_rvos/5d2c735adb/1/1,long_rvos,5d2c735adb,1,1,dynamic,predicted_static,point,False,0.43198285482677995,0.45558931498031197,0.443786084903546,0.49734334637813427,0.5,0.49867167318906713,0.5,0.5,0.5,0.5,0.5158338302761387,0.5275880831421615,0.5217109567091501,0.0013283268109328672,0.02171095670915013,0.07792487180560415,114.9805773794651,8244879872,False,0.5217109567091501,0.0
long_rvos/5d2c735adb/1/1,long_rvos,5d2c735adb,1,1,dynamic,predicted_static,box,False,0.43198285482677995,0.45558931498031197,0.443786084903546,0.49734334637813427,0.5,0.49867167318906713,0.4922023420224859,0.4882055602358888,0.49020395112918735,0.9093524016405597,0.2801790371048822,0.2800423641549966,0.28011070062993937,-0.008467722059879779,-0.21009325049924799,-0.16367538427360662,127.3671512901783,28212973568,False,,
long_rvos/5d2c735adb/1/0,long_rvos,5d2c735adb,1,0,static,predicted_static,point,False,0.43198285482677995,0.45558931498031197,0.443786084903546,0.49734334637813427,0.5,0.49867167318906713,0.5,0.5,0.5,0.5,0.5158338302761387,0.5275880831421615,0.5217109567091501,0.0013283268109328672,0.02171095670915013,0.07792487180560415,114.9805773794651,8244879872,True,0.5217109567091501,0.0
long_rvos/5d2c735adb/1/0,long_rvos,5d2c735adb,1,0,static,predicted_static,box,False,0.43198285482677995,0.45558931498031197,0.443786084903546,0.49734334637813427,0.5,0.49867167318906713,0.4922023420224859,0.4882055602358888,0.49020395112918735,0.9093524016405597,0.2801790371048822,0.2800423641549966,0.28011070062993937,-0.008467722059879779,-0.21009325049924799,-0.16367538427360662,127.3671512901783,28212973568,True,,
long_rvos/6bf32cc0d5/2/12,long_rvos,6bf32cc0d5,2,12,hybrid,predicted_static,point,False,0.45618903161535307,0.45755816503790103,0.45687359832662705,0.5578650976451778,0.3998270986188911,0.4788460981320345,0.25,0.25,0.25,0.0,0.6782821161635018,0.6272234350574655,0.6527527756104836,-0.2288460981320345,0.4027527756104836,0.19587917728385656,206.14201912283897,10372391424,False,0.6527527756104836,0.0
long_rvos/6bf32cc0d5/2/12,long_rvos,6bf32cc0d5,2,12,hybrid,predicted_static,box,False,0.45618903161535307,0.45755816503790103,0.45687359832662705,0.5578650976451778,0.3998270986188911,0.4788460981320345,0.4581529286822972,0.34738427653494003,0.4027686026086186,0.24690265486725663,0.46292926699895076,0.4550012408981145,0.4589652539485326,-0.07607749552341592,0.05619665133991403,0.0020916556219055527,209.4024759158492,25772586496,False,,
long_rvos/6bf32cc0d5/2/5,long_rvos,6bf32cc0d5,2,5,static,predicted_static,point,False,0.45618903161535307,0.45755816503790103,0.45687359832662705,0.5578650976451778,0.3998270986188911,0.4788460981320345,0.25,0.25,0.25,0.0,0.6782821161635018,0.6272234350574655,0.6527527756104836,-0.2288460981320345,0.4027527756104836,0.19587917728385656,206.14201912283897,10372391424,True,0.6527527756104836,0.0
long_rvos/6bf32cc0d5/2/5,long_rvos,6bf32cc0d5,2,5,static,predicted_static,box,False,0.45618903161535307,0.45755816503790103,0.45687359832662705,0.5578650976451778,0.3998270986188911,0.4788460981320345,0.4581529286822972,0.34738427653494003,0.4027686026086186,0.24690265486725663,0.46292926699895076,0.4550012408981145,0.4589652539485326,-0.07607749552341592,0.05619665133991403,0.0020916556219055527,209.4024759158492,25772586496,True,,
long_rvos/31a352c169/1/3,long_rvos,31a352c169,1,3,dynamic,predicted_static,point,False,0.8904833886192118,0.8320374886413346,0.8612604386302732,0.9031792415929352,0.7454643922595756,0.8243218169262554,0.0,0.0,0.0,0.0,0.6543015104326608,0.6108403426780264,0.6325709265553436,-0.8243218169262554,0.6325709265553436,-0.2286895120749296,132.70270244032145,9664677376,False,0.6325709265553436,0.0
long_rvos/31a352c169/1/3,long_rvos,31a352c169,1,3,dynamic,predicted_static,box,False,0.8904833886192118,0.8320374886413346,0.8612604386302732,0.9031792415929352,0.7454643922595756,0.8243218169262554,0.7732098333744288,0.41859425777327947,0.5959020455738542,0.8070119419741362,0.0926513357302532,0.06738240989350096,0.08001687281187708,-0.2284197713524012,-0.5158851727619771,-0.7812435658183962,156.18016859143972,29680085504,False,,
long_rvos/31a352c169/1/0,long_rvos,31a352c169,1,0,static,predicted_static,point,False,0.0,0.0,0.0,0.0,0.0,0.0,0.0,0.0,0.0,1.0,0.0,0.0,0.0,0.0,0.0,0.0,112.11920190602541,7301928960,False,0.0,0.0
long_rvos/31a352c169/1/0,long_rvos,31a352c169,1,0,static,predicted_static,box,False,0.0,0.0,0.0,0.0,0.0,0.0,0.0,0.0,0.0,1.0,0.0,0.0,0.0,0.0,0.0,0.0,126.60851610451937,7301928960,False,,
long_rvos/882e8c62d3/2/3,long_rvos,882e8c62d3,2,3,dynamic,predicted_static,point,False,0.26046015399462,0.27885413969739303,0.2696571468460065,0.4124023796445273,0.4206741076502515,0.4165382436473894,0.25,0.25,0.25,0.5,0.4290624656590539,0.4100280292022008,0.4195452474306274,-0.1665382436473894,0.16954524743062738,0.14988810058462088,124.61650256067514,9440993792,False,0.4195452474306274,0.0
long_rvos/882e8c62d3/2/3,long_rvos,882e8c62d3,2,3,dynamic,predicted_static,box,False,0.26046015399462,0.27885413969739303,0.2696571468460065,0.4124023796445273,0.4206741076502515,0.4165382436473894,0.33180250468660033,0.36936474397617847,0.3505836243313894,0.570399216490999,0.1145096647773781,0.1209997039346072,0.11775468435599265,-0.065954619316,-0.23282893997539675,-0.15190246249001385,130.62311485409737,28278005248,False,,
long_rvos/882e8c62d3/2/2,long_rvos,882e8c62d3,2,2,static,predicted_static,point,False,0.27693209464890606,0.2529626951126349,0.26494739488077046,0.42874534517330276,0.42572567186850085,0.4272355085209018,0.25,0.25,0.25,0.75,0.109375,0.109375,0.109375,-0.1772355085209018,-0.140625,-0.15557239488077046,101.84837132692337,8902311424,False,0.109375,0.0
long_rvos/882e8c62d3/2/2,long_rvos,882e8c62d3,2,2,static,predicted_static,box,False,0.27693209464890606,0.2529626951126349,0.26494739488077046,0.42874534517330276,0.42572567186850085,0.4272355085209018,0.25,0.25,0.25,0.75,0.109375,0.109375,0.109375,-0.1772355085209018,-0.140625,-0.15557239488077046,99.81600647419691,8866452992,False,,
long_rvos/2cfdc294c5/1/3,long_rvos,2cfdc294c5,1,3,dynamic,predicted_static,point,False,0.8761707279882102,0.8650007234570147,0.8705857257226124,0.955837468953843,0.9439211201657175,0.9498792945597803,0.25,0.25,0.25,0.25,0.7582150557818961,0.7521563628542366,0.7551857093180663,-0.6998792945597803,0.5051857093180663,-0.11540001640454611,102.67907886207104,9846186496,False,0.7551857093180663,0.0
long_rvos/2cfdc294c5/1/3,long_rvos,2cfdc294c5,1,3,dynamic,predicted_static,box,False,0.8761707279882102,0.8650007234570147,0.8705857257226124,0.955837468953843,0.9439211201657175,0.9498792945597803,0.7098204628985699,0.6855417889239944,0.6976811259112822,0.7082770151633209,0.13711793314476575,0.13557229487748804,0.1363451140111269,-0.2521981686484981,-0.5613360119001553,-0.7342406117114855,122.16305872797966,30655195136,False,,
long_rvos/2cfdc294c5/1/0,long_rvos,2cfdc294c5,1,0,static,predicted_static,point,False,0.8761707279882102,0.8650007234570147,0.8705857257226124,0.955837468953843,0.9439211201657175,0.9498792945597803,0.25,0.25,0.25,0.25,0.7582150557818961,0.7521563628542366,0.7551857093180663,-0.6998792945597803,0.5051857093180663,-0.11540001640454611,102.67907886207104,9846186496,True,0.7551857093180663,0.0
long_rvos/2cfdc294c5/1/0,long_rvos,2cfdc294c5,1,0,static,predicted_static,box,False,0.8761707279882102,0.8650007234570147,0.8705857257226124,0.955837468953843,0.9439211201657175,0.9498792945597803,0.7098204628985699,0.6855417889239944,0.6976811259112822,0.7082770151633209,0.13711793314476575,0.13557229487748804,0.1363451140111269,-0.2521981686484981,-0.5613360119001553,-0.7342406117114855,122.16305872797966,30655195136,True,,
long_rvos/a3f2b5d434/2/7,long_rvos,a3f2b5d434,2,7,dynamic,predicted_static,point,False,0.9259132238833354,0.9436234878578702,0.9347683558706028,0.9701069735062714,1.0,0.9850534867531358,0.0,0.0,0.0,0.0,0.6716389899519463,0.678542834770242,0.6750909123610942,-0.9850534867531358,0.6750909123610942,-0.2596774435095086,59.40359853953123,9045475840,True,0.6750909123610942,0.0
long_rvos/22680d3b50/4/8,long_rvos,22680d3b50,4,8,hybrid,predicted_static,point,False,0.6834723338916759,0.7257375074215209,0.7046049206565984,0.9040086414594384,0.9861229257844812,0.9450657836219598,0.0,0.0,0.0,0.0,0.6026299520228093,0.6300511729832492,0.6163405625030293,-0.9450657836219598,0.6163405625030293,-0.08826435815356914,262.63413425534964,10899830272,False,0.6163405625030293,0.0
long_rvos/22680d3b50/4/8,long_rvos,22680d3b50,4,8,hybrid,predicted_static,box,False,0.6834723338916759,0.7257375074215209,0.7046049206565984,0.9040086414594384,0.9861229257844812,0.9450657836219598,0.47129260369473525,0.4988275143303804,0.4850600590125578,0.4870681190217898,0.029455787730920953,0.031176719645648776,0.030316253688284864,-0.46000572460940203,-0.4547438053242729,-0.6742886669683136,283.70216216146946,30187992576,False,,
long_rvos/22680d3b50/4/3,long_rvos,22680d3b50,4,3,static,predicted_static,point,False,0.6834723338916759,0.7257375074215209,0.7046049206565984,0.9040086414594384,0.9861229257844812,0.9450657836219598,0.0,0.0,0.0,0.0,0.6026299520228093,0.6300511729832492,0.6163405625030293,-0.9450657836219598,0.6163405625030293,-0.08826435815356914,262.63413425534964,10899830272,True,0.6163405625030293,0.0
long_rvos/22680d3b50/4/3,long_rvos,22680d3b50,4,3,static,predicted_static,box,False,0.6834723338916759,0.7257375074215209,0.7046049206565984,0.9040086414594384,0.9861229257844812,0.9450657836219598,0.47129260369473525,0.4988275143303804,0.4850600590125578,0.4870681190217898,0.029455787730920953,0.031176719645648776,0.030316253688284864,-0.46000572460940203,-0.4547438053242729,-0.6742886669683136,283.70216216146946,30187992576,True,,
long_rvos/b4a5ada352/1/1,long_rvos,b4a5ada352,1,1,dynamic,predicted_static,point,False,0.2636465849163028,0.3077290897780225,0.28568783734716263,0.48293361023648423,0.5343950914481383,0.5086643508423113,0.25,0.25,0.25,0.25,0.5689765657952391,0.5296370272993216,0.5493067965472804,-0.2586643508423113,0.29930679654728043,0.2636189592001178,147.51197884976864,9071912448,False,0.5493067965472804,0.0
long_rvos/b4a5ada352/1/1,long_rvos,b4a5ada352,1,1,dynamic,predicted_static,box,False,0.2636465849163028,0.3077290897780225,0.28568783734716263,0.48293361023648423,0.5343950914481383,0.5086643508423113,0.4626671507230592,0.4469496822311126,0.4548084164770859,0.9302012639865354,0.15084146708722473,0.15055100747003525,0.15069623727863,-0.0538559343652254,-0.3041121791984559,-0.13499160006853264,177.25260373950005,25872685568,False,,
long_rvos/b4a5ada352/1/9,long_rvos,b4a5ada352,1,9,hybrid,predicted_static,point,False,0.4510541065693702,0.4516992163929568,0.4513766614811635,0.7291256539791613,0.7715215008020726,0.750323577390617,0.25,0.25,0.25,0.25,0.7698183916716639,0.6777918167556153,0.7238051042136395,-0.500323577390617,0.4738051042136395,0.272428442732476,153.95848678797483,9071912448,False,0.7238051042136395,0.0
long_rvos/b4a5ada352/1/9,long_rvos,b4a5ada352,1,9,hybrid,predicted_static,box,False,0.4510541065693702,0.4516992163929568,0.4513766614811635,0.7291256539791613,0.7715215008020726,0.750323577390617,0.4626671507230592,0.4469496822311126,0.4548084164770859,0.7092745414750268,0.15084146708722473,0.15055100747003525,0.15069623727863,-0.295515160913531,-0.3041121791984559,-0.3006804242025335,164.36501518636942,25384884224,False,,
long_rvos/b4a5ada352/1/2,long_rvos,b4a5ada352,1,2,static,predicted_static,point,False,0.4510541065693702,0.4516992163929568,0.4513766614811635,0.7291256539791613,0.7715215008020726,0.750323577390617,0.25,0.25,0.25,0.25,0.7698183916716639,0.6777918167556153,0.7238051042136395,-0.500323577390617,0.4738051042136395,0.272428442732476,153.95848678797483,9071912448,True,0.7238051042136395,0.0
long_rvos/b4a5ada352/1/2,long_rvos,b4a5ada352,1,2,static,predicted_static,box,False,0.4510541065693702,0.4516992163929568,0.4513766614811635,0.7291256539791613,0.7715215008020726,0.750323577390617,0.4626671507230592,0.4469496822311126,0.4548084164770859,0.7092745414750268,0.15084146708722473,0.15055100747003525,0.15069623727863,-0.295515160913531,-0.3041121791984559,-0.3006804242025335,164.36501518636942,25384884224,True,,
long_rvos/5d2c735adb/1/8,long_rvos,5d2c735adb,1,8,hybrid,predicted_static,point,False,0.43198285482677995,0.45558931498031197,0.443786084903546,0.49734334637813427,0.5,0.49867167318906713,0.5,0.5,0.5,0.5,0.5158338302761387,0.5275880831421615,0.5217109567091501,0.0013283268109328672,0.02171095670915013,0.07792487180560415,118.30313228070736,8244879872,False,0.5217109567091501,0.0
long_rvos/5d2c735adb/1/8,long_rvos,5d2c735adb,1,8,hybrid,predicted_static,box,False,0.43198285482677995,0.45558931498031197,0.443786084903546,0.49734334637813427,0.5,0.49867167318906713,0.4922023420224859,0.4882055602358888,0.49020395112918735,0.9093524016405597,0.2801790371048822,0.2800423641549966,0.28011070062993937,-0.008467722059879779,-0.21009325049924799,-0.16367538427360662,121.85909066349268,28215070720,False,,
long_rvos/6bf32cc0d5/2/6,long_rvos,6bf32cc0d5,2,6,dynamic,predicted_static,point,False,0.6799709579811191,0.6518486761131487,0.6659098170471338,0.6778194401475981,0.5707127127381931,0.6242660764428956,0.25,0.25,0.25,0.0,0.6780807916680512,0.6282570060194796,0.6531688988437654,-0.37426607644289556,0.4031688988437654,-0.012740918203368423,199.62274987995625,10377969152,False,0.6531688988437654,0.0
long_rvos/6bf32cc0d5/2/6,long_rvos,6bf32cc0d5,2,6,dynamic,predicted_static,box,False,0.6799709579811191,0.6518486761131487,0.6659098170471338,0.6778194401475981,0.5707127127381931,0.6242660764428956,0.697723379926772,0.5869488163803407,0.6423360981535564,0.49037033042725237,0.47780392441102726,0.4699353532152807,0.47386963881315397,0.018070021710660855,-0.16846645934040244,-0.19204017823397984,216.4071248471737,25897472000,False,,
long_rvos/6bf32cc0d5/2/4,long_rvos,6bf32cc0d5,2,4,static,predicted_static,point,False,0.45618903161535307,0.45755816503790103,0.45687359832662705,0.5578650976451778,0.3998270986188911,0.4788460981320345,0.25,0.25,0.25,0.0,0.6782821161635018,0.6272234350574655,0.6527527756104836,-0.2288460981320345,0.4027527756104836,0.19587917728385656,170.02603792399168,10377969152,False,0.6527527756104836,0.0
long_rvos/6bf32cc0d5/2/4,long_rvos,6bf32cc0d5,2,4,static,predicted_static,box,False,0.45618903161535307,0.45755816503790103,0.45687359832662705,0.5578650976451778,0.3998270986188911,0.4788460981320345,0.4581529286822972,0.34738427653494003,0.4027686026086186,0.24690265486725663,0.46292926699895076,0.4550012408981145,0.4589652539485326,-0.07607749552341592,0.05619665133991403,0.0020916556219055527,171.4827840104699,25777763840,False,,
long_rvos/31a352c169/1/1,long_rvos,31a352c169,1,1,dynamic,predicted_static,point,False,0.8904833886192118,0.8320374886413346,0.8612604386302732,0.9031792415929352,0.7454643922595756,0.8243218169262554,0.0,0.0,0.0,0.0,0.6543015104326608,0.6108403426780264,0.6325709265553436,-0.8243218169262554,0.6325709265553436,-0.2286895120749296,112.29674227535725,9668497920,False,0.6325709265553436,0.0
long_rvos/31a352c169/1/1,long_rvos,31a352c169,1,1,dynamic,predicted_static,box,False,0.8904833886192118,0.8320374886413346,0.8612604386302732,0.9031792415929352,0.7454643922595756,0.8243218169262554,0.7732098333744288,0.41859425777327947,0.5959020455738542,0.8070119419741362,0.0926513357302532,0.06738240989350096,0.08001687281187708,-0.2284197713524012,-0.5158851727619771,-0.7812435658183962,140.58343925327063,29684509184,False,,
long_rvos/31a352c169/1/10,long_rvos,31a352c169,1,10,hybrid,predicted_static,point,False,0.0,0.0,0.0,0.0,0.0,0.0,0.0,0.0,0.0,1.0,0.0,0.0,0.0,0.0,0.0,0.0,101.78684217482805,7301928960,False,0.0,0.0
long_rvos/31a352c169/1/10,long_rvos,31a352c169,1,10,hybrid,predicted_static,box,False,0.0,0.0,0.0,0.0,0.0,0.0,0.0,0.0,0.0,1.0,0.0,0.0,0.0,0.0,0.0,0.0,88.27234730869532,7301928960,False,,
long_rvos/31a352c169/1/2,long_rvos,31a352c169,1,2,static,predicted_static,point,False,0.5179688597845644,0.48031544541234217,0.4991421525984533,0.6886324620977298,0.6031817819625745,0.6459071220301522,0.0,0.0,0.0,0.25,0.4500814013906935,0.4059119694938263,0.4279966854422599,-0.6459071220301522,0.4279966854422599,-0.07114546715619341,88.91616889834404,9130209792,False,0.4279966854422599,0.0
long_rvos/31a352c169/1/2,long_rvos,31a352c169,1,2,static,predicted_static,box,False,0.5179688597845644,0.48031544541234217,0.4991421525984533,0.6886324620977298,0.6031817819625745,0.6459071220301522,0.5528078329866096,0.26805659824098527,0.4104322156137975,0.8190101202985276,0.06452071449487812,0.04501996150409102,0.05477033799948457,-0.2354749064163547,-0.35566187761431295,-0.44437181459896874,113.58023002743721,29684509184,False,,
long_rvos/882e8c62d3/2/7,long_rvos,882e8c62d3,2,7,hybrid,predicted_static,point,False,0.27693209464890606,0.2529626951126349,0.26494739488077046,0.42874534517330276,0.42572567186850085,0.4272355085209018,0.25,0.25,0.25,0.75,0.109375,0.109375,0.109375,-0.1772355085209018,-0.140625,-0.15557239488077046,111.58970636129379,8903360000,False,0.109375,0.0
long_rvos/882e8c62d3/2/7,long_rvos,882e8c62d3,2,7,hybrid,predicted_static,box,False,0.27693209464890606,0.2529626951126349,0.26494739488077046,0.42874534517330276,0.42572567186850085,0.4272355085209018,0.25,0.25,0.25,0.75,0.109375,0.109375,0.109375,-0.1772355085209018,-0.140625,-0.15557239488077046,109.22602195292711,8867501568,False,,
long_rvos/2cfdc294c5/1/1,long_rvos,2cfdc294c5,1,1,dynamic,predicted_static,point,False,0.8761707279882102,0.8650007234570147,0.8705857257226124,0.955837468953843,0.9439211201657175,0.9498792945597803,0.25,0.25,0.25,0.25,0.7582150557818961,0.7521563628542366,0.7551857093180663,-0.6998792945597803,0.5051857093180663,-0.11540001640454611,77.59786588698626,9853197824,False,0.7551857093180663,0.0
long_rvos/2cfdc294c5/1/1,long_rvos,2cfdc294c5,1,1,dynamic,predicted_static,box,False,0.8761707279882102,0.8650007234570147,0.8705857257226124,0.955837468953843,0.9439211201657175,0.9498792945597803,0.7098204628985699,0.6855417889239944,0.6976811259112822,0.7082770151633209,0.13711793314476575,0.13557229487748804,0.1363451140111269,-0.2521981686484981,-0.5613360119001553,-0.7342406117114855,66.98128355294466,30660020224,False,,
long_rvos/2cfdc294c5/1/8,long_rvos,2cfdc294c5,1,8,dynamic,predicted_static,point,False,0.8761707279882102,0.8650007234570147,0.8705857257226124,0.955837468953843,0.9439211201657175,0.9498792945597803,0.25,0.25,0.25,0.25,0.7582150557818961,0.7521563628542366,0.7551857093180663,-0.6998792945597803,0.5051857093180663,-0.11540001640454611,77.59786588698626,9853197824,True,0.7551857093180663,0.0
long_rvos/2cfdc294c5/1/8,long_rvos,2cfdc294c5,1,8,dynamic,predicted_static,box,False,0.8761707279882102,0.8650007234570147,0.8705857257226124,0.955837468953843,0.9439211201657175,0.9498792945597803,0.7098204628985699,0.6855417889239944,0.6976811259112822,0.7082770151633209,0.13711793314476575,0.13557229487748804,0.1363451140111269,-0.2521981686484981,-0.5613360119001553,-0.7342406117114855,66.98128355294466,30660020224,True,,
long_rvos/2cfdc294c5/1/2,long_rvos,2cfdc294c5,1,2,static,predicted_static,point,False,0.8761707279882102,0.8650007234570147,0.8705857257226124,0.955837468953843,0.9439211201657175,0.9498792945597803,0.25,0.25,0.25,0.25,0.7582150557818961,0.7521563628542366,0.7551857093180663,-0.6998792945597803,0.5051857093180663,-0.11540001640454611,77.59786588698626,9853197824,True,0.7551857093180663,0.0
long_rvos/2cfdc294c5/1/2,long_rvos,2cfdc294c5,1,2,static,predicted_static,box,False,0.8761707279882102,0.8650007234570147,0.8705857257226124,0.955837468953843,0.9439211201657175,0.9498792945597803,0.7098204628985699,0.6855417889239944,0.6976811259112822,0.7082770151633209,0.13711793314476575,0.13557229487748804,0.1363451140111269,-0.2521981686484981,-0.5613360119001553,-0.7342406117114855,66.98128355294466,30660020224,True,,
long_rvos/a8b6fd5e4d/2/10,long_rvos,a8b6fd5e4d,2,10,hybrid,predicted_static,point,False,0.7752003915415069,0.5068717166686911,0.641036054105099,0.8890732715888203,0.6178420640680422,0.7534576678284313,0.25,0.25,0.25,0.25,0.519710450221075,0.2897425292996289,0.40472648976035197,-0.5034576678284313,0.15472648976035197,-0.23630956434474704,180.25304102897644,9686254080,True,0.40472648976035197,0.0
long_rvos/a8b6fd5e4d/2/10,long_rvos,a8b6fd5e4d,2,10,hybrid,predicted_static,box,False,0.7752003915415069,0.5068717166686911,0.641036054105099,0.8890732715888203,0.6178420640680422,0.7534576678284313,0.7044243485290691,0.616203645642398,0.6603139970857336,0.7225844895568941,0.14594503699287828,0.12718484111696754,0.1365649390549229,-0.09314367074269769,-0.5237490580308106,-0.5044711150501762,194.43093506991863,30984468480,True,,
long_rvos/a8b6fd5e4d/2/4,long_rvos,a8b6fd5e4d,2,4,static,predicted_static,point,False,0.09452619250328234,0.1850520594488816,0.13978912597608195,0.25015231439774627,0.3309928802002122,0.2905725972989792,0.25,0.25,0.25,0.75,0.09375,0.09375,0.09375,-0.04057259729897922,-0.15625,-0.04603912597608195,193.20923598110676,8576235520,False,0.09375,0.0
long_rvos/a8b6fd5e4d/2/4,long_rvos,a8b6fd5e4d,2,4,static,predicted_static,box,False,0.09452619250328234,0.1850520594488816,0.13978912597608195,0.25015231439774627,0.3309928802002122,0.2905725972989792,0.25,0.25,0.25,0.75,0.09375,0.09375,0.09375,-0.04057259729897922,-0.15625,-0.04603912597608195,183.7682352438569,8545039872,False,,
long_rvos/8290c48fcb/9/17,long_rvos,8290c48fcb,9,17,dynamic,predicted_static,point,False,0.8901884656752936,0.7920706114496436,0.8411295385624686,0.9433586844607815,0.9087224969412132,0.9260405907009973,0.25,0.25,0.25,0.25,0.8373124236165865,0.7388726129826595,0.788092518299623,-0.6760405907009973,0.538092518299623,-0.053037020262845624,233.39326190948486,10545709056,False,0.788092518299623,0.0
long_rvos/8290c48fcb/9/17,long_rvos,8290c48fcb,9,17,dynamic,predicted_static,box,False,0.8901884656752936,0.7920706114496436,0.8411295385624686,0.9433586844607815,0.9087224969412132,0.9260405907009973,0.7664225302489898,0.686586706426129,0.7265046183375594,0.7998611658690523,0.2979014081405619,0.292911669151633,0.29540653864609745,-0.1995359723634379,-0.43109807969146197,-0.5457229999163712,297.04861460626125,30365464576,False,,
long_rvos/8290c48fcb/9/16,long_rvos,8290c48fcb,9,16,static,predicted_static,point,False,0.8901884656752936,0.7920706114496436,0.8411295385624686,0.9433586844607815,0.9087224969412132,0.9260405907009973,0.25,0.25,0.25,0.25,0.8373124236165865,0.7388726129826595,0.788092518299623,-0.6760405907009973,0.538092518299623,-0.053037020262845624,233.39326190948486,10545709056,True,0.788092518299623,0.0
long_rvos/8290c48fcb/9/16,long_rvos,8290c48fcb,9,16,static,predicted_static,box,False,0.8901884656752936,0.7920706114496436,0.8411295385624686,0.9433586844607815,0.9087224969412132,0.9260405907009973,0.7664225302489898,0.686586706426129,0.7265046183375594,0.7998611658690523,0.2979014081405619,0.292911669151633,0.29540653864609745,-0.1995359723634379,-0.43109807969146197,-0.5457229999163712,297.04861460626125,30365464576,True,,
long_rvos/30f4d962f9/1/4,long_rvos,30f4d962f9,1,4,hybrid,predicted_static,point,False,0.39764386182131967,0.42670222223620236,0.41217304202876104,0.4063060596848137,0.43994860912228695,0.4231273344035503,0.0,0.0,0.0,0.0,0.24670801431167202,0.2722220468551827,0.25946503058342735,-0.4231273344035503,0.25946503058342735,-0.1527080114453337,214.15461865067482,10402215424,False,0.25946503058342735,0.0
long_rvos/30f4d962f9/1/4,long_rvos,30f4d962f9,1,4,hybrid,predicted_static,box,False,0.39764386182131967,0.42670222223620236,0.41217304202876104,0.4063060596848137,0.43994860912228695,0.4231273344035503,0.4048101998717431,0.43886571396771307,0.4218379569197281,0.8868194378594996,0.053000544630839586,0.05469752541353595,0.05384903502218777,-0.0012893774838222405,-0.3679889218975403,-0.3583240070065733,257.7543037459254,27793544192,False,,
long_rvos/976257d833/1/1,long_rvos,976257d833,1,1,dynamic,predicted_static,point,False,0.8184102915014104,0.7278942963569925,0.7731522939292015,0.9798718020369754,0.9746215152996449,0.9772466586683104,0.0,0.0,0.0,0.0,0.667082171928265,0.5293510913710977,0.5982166316496813,-0.9772466586683104,0.5982166316496813,-0.17493566227952018,170.58346559107304,9937593344,False,0.5982166316496813,0.0
long_rvos/976257d833/1/1,long_rvos,976257d833,1,1,dynamic,predicted_static,box,False,0.8184102915014104,0.7278942963569925,0.7731522939292015,0.9798718020369754,0.9746215152996449,0.9772466586683104,0.2330974047859791,0.20310135235448837,0.21809937857023373,0.2435056967572305,0.138436650462606,0.13158477633896842,0.1350107134007872,-0.7591472800980766,-0.08308866516944652,-0.6381415805284143,178.95449339598417,30204611072,False,,
long_rvos/976257d833/1/8,long_rvos,976257d833,1,8,hybrid,predicted_static,point,False,0.8184102915014104,0.7278942963569925,0.7731522939292015,0.9798718020369754,0.9746215152996449,0.9772466586683104,0.0,0.0,0.0,0.0,0.667082171928265,0.5293510913710977,0.5982166316496813,-0.9772466586683104,0.5982166316496813,-0.17493566227952018,170.58346559107304,9937593344,True,0.5982166316496813,0.0
long_rvos/976257d833/1/8,long_rvos,976257d833,1,8,hybrid,predicted_static,box,False,0.8184102915014104,0.7278942963569925,0.7731522939292015,0.9798718020369754,0.9746215152996449,0.9772466586683104,0.2330974047859791,0.20310135235448837,0.21809937857023373,0.2435056967572305,0.138436650462606,0.13158477633896842,0.1350107134007872,-0.7591472800980766,-0.08308866516944652,-0.6381415805284143,178.95449339598417,30204611072,True,,
long_rvos/976257d833/1/0,long_rvos,976257d833,1,0,static,predicted_static,point,False,0.8184102915014104,0.7278942963569925,0.7731522939292015,0.9798718020369754,0.9746215152996449,0.9772466586683104,0.0,0.0,0.0,0.0,0.667082171928265,0.5293510913710977,0.5982166316496813,-0.9772466586683104,0.5982166316496813,-0.17493566227952018,170.58346559107304,9937593344,True,0.5982166316496813,0.0
long_rvos/976257d833/1/0,long_rvos,976257d833,1,0,static,predicted_static,box,False,0.8184102915014104,0.7278942963569925,0.7731522939292015,0.9798718020369754,0.9746215152996449,0.9772466586683104,0.2330974047859791,0.20310135235448837,0.21809937857023373,0.2435056967572305,0.138436650462606,0.13158477633896842,0.1350107134007872,-0.7591472800980766,-0.08308866516944652,-0.6381415805284143,178.95449339598417,30204611072,True,,
long_rvos/046ee6aa1a/2/3,long_rvos,046ee6aa1a,2,3,dynamic,predicted_static,point,False,0.9021231512435883,0.7988169663949699,0.8504700588192791,0.8771884310209752,0.7030568943447915,0.7901226626828833,0.5,0.5,0.5,0.5,0.7155513591742206,0.6866096250992928,0.7010804921367567,-0.29012266268288334,0.20108049213675672,-0.14938956668252235,198.09417574107647,9363715072,False,0.7010804921367567,0.0
long_rvos/046ee6aa1a/2/3,long_rvos,046ee6aa1a,2,3,dynamic,predicted_static,box,False,0.9021231512435883,0.7988169663949699,0.8504700588192791,0.8771884310209752,0.7030568943447915,0.7901226626828833,0.5,0.5,0.5,0.5,0.625,0.625,0.625,-0.29012266268288334,0.125,-0.22547005881927906,164.1691620349884,9043062272,False,,
long_rvos/046ee6aa1a/2/2,long_rvos,046ee6aa1a,2,2,static,predicted_static,point,False,0.9021231512435883,0.7988169663949699,0.8504700588192791,0.8771884310209752,0.7030568943447915,0.7901226626828833,0.5,0.5,0.5,0.5,0.7155513591742206,0.6866096250992928,0.7010804921367567,-0.29012266268288334,0.20108049213675672,-0.14938956668252235,198.09417574107647,9363715072,True,0.7010804921367567,0.0
long_rvos/046ee6aa1a/2/2,long_rvos,046ee6aa1a,2,2,static,predicted_static,box,False,0.9021231512435883,0.7988169663949699,0.8504700588192791,0.8771884310209752,0.7030568943447915,0.7901226626828833,0.5,0.5,0.5,0.5,0.625,0.625,0.625,-0.29012266268288334,0.125,-0.22547005881927906,164.1691620349884,9043062272,True,,
long_rvos/30c20fb4c1/3/9,long_rvos,30c20fb4c1,3,9,dynamic,predicted_static,point,False,0.11452053322619518,0.1845058555422472,0.14951319438422117,0.32677738726257843,0.3068574366128353,0.31681741193770685,0.0,0.0,0.0,0.0,0.1820399239182409,0.23947139466724685,0.21075565929274387,-0.31681741193770685,0.21075565929274387,0.0612424649085227,151.45556903630495,10371720704,False,0.21075565929274387,0.0
long_rvos/30c20fb4c1/3/9,long_rvos,30c20fb4c1,3,9,dynamic,predicted_static,box,False,0.11452053322619518,0.1845058555422472,0.14951319438422117,0.32677738726257843,0.3068574366128353,0.31681741193770685,0.0,0.0,0.0,0.0,0.078125,0.078125,0.078125,-0.31681741193770685,0.078125,-0.07138819438422117,153.73218722641468,8975973888,False,,
long_rvos/30c20fb4c1/3/10,long_rvos,30c20fb4c1,3,10,static,predicted_static,point,False,0.078125,0.078125,0.078125,0.0,0.0,0.0,0.0,0.0,0.0,1.0,0.078125,0.078125,0.078125,0.0,0.078125,0.0,120.33453600853682,8009145856,False,0.078125,0.0
long_rvos/30c20fb4c1/3/10,long_rvos,30c20fb4c1,3,10,static,predicted_static,box,False,0.078125,0.078125,0.078125,0.0,0.0,0.0,0.0,0.0,0.0,1.0,0.078125,0.078125,0.078125,0.0,0.078125,0.0,110.91151931881905,8009145856,False,,
long_rvos/1088228079/1/1,long_rvos,1088228079,1,1,dynamic,predicted_static,point,False,0.75517971380919,0.7837461158142641,0.7694629148117271,0.9777722146849086,0.9975237091675448,0.9876479619262266,0.0,0.0,0.0,0.0,0.2966087002856838,0.3715643911428318,0.3340865457142578,-0.9876479619262266,0.3340865457142578,-0.43537636909746935,60.23050121963024,9060059136,False,0.3340865457142578,0.0
long_rvos/1088228079/1/1,long_rvos,1088228079,1,1,dynamic,predicted_static,box,False,0.75517971380919,0.7837461158142641,0.7694629148117271,0.9777722146849086,0.9975237091675448,0.9876479619262266,0.42205905243731134,0.4192650940436328,0.4206620732404721,0.42388618099451747,0.05382750694921883,0.05464682455223722,0.054237165750728025,-0.5669858886857545,-0.3664249074897441,-0.7152257490609991,65.22965962439775,30081829888,False,,
long_rvos/1088228079/1/0,long_rvos,1088228079,1,0,static,predicted_static,point,False,0.75517971380919,0.7837461158142641,0.7694629148117271,0.9777722146849086,0.9975237091675448,0.9876479619262266,0.0,0.0,0.0,0.0,0.2966087002856838,0.3715643911428318,0.3340865457142578,-0.9876479619262266,0.3340865457142578,-0.43537636909746935,60.23050121963024,9060059136,True,0.3340865457142578,0.0
long_rvos/1088228079/1/0,long_rvos,1088228079,1,0,static,predicted_static,box,False,0.75517971380919,0.7837461158142641,0.7694629148117271,0.9777722146849086,0.9975237091675448,0.9876479619262266,0.42205905243731134,0.4192650940436328,0.4206620732404721,0.42388618099451747,0.05382750694921883,0.05464682455223722,0.054237165750728025,-0.5669858886857545,-0.3664249074897441,-0.7152257490609991,65.22965962439775,30081829888,True,,
long_rvos/1a5dead3e3/1/4,long_rvos,1a5dead3e3,1,4,hybrid,predicted_static,point,False,0.8713188656589098,0.8456780752189471,0.8584984704389285,0.8476395398476905,0.8147538591224017,0.831196699485046,0.0,0.0,0.0,0.0,0.36577980095447105,0.3551845813904292,0.3604821911724501,-0.831196699485046,0.3604821911724501,-0.49801627926647835,111.07775934785604,10242788352,False,0.3604821911724501,0.0
long_rvos/1a5dead3e3/1/4,long_rvos,1a5dead3e3,1,4,hybrid,predicted_static,box,False,0.8713188656589098,0.8456780752189471,0.8584984704389285,0.8476395398476905,0.8147538591224017,0.831196699485046,0.45583328613088336,0.3943608710633786,0.425097078597131,0.4662021340651992,0.05754190611688323,0.053116749058408574,0.0553293275876459,-0.40609962088791507,-0.36976775100948506,-0.8031691428512826,134.7597645074129,27893576704,False,,
long_rvos/8086f00d3d/2/5,long_rvos,8086f00d3d,2,5,dynamic,predicted_static,point,False,0.9568246891751004,0.9418032702341284,0.9493139797046144,0.98976167717624,0.9667839182650612,0.9782727977206506,0.0,0.0,0.0,0.0,0.040943707984244335,0.034558045251850744,0.03775087661804754,-0.9782727977206506,0.03775087661804754,-0.9115631030865669,119.4974552616477,10921280512,False,0.03775087661804754,0.0
long_rvos/8086f00d3d/2/5,long_rvos,8086f00d3d,2,5,dynamic,predicted_static,box,False,0.9568246891751004,0.9418032702341284,0.9493139797046144,0.98976167717624,0.9667839182650612,0.9782727977206506,0.0,0.0,0.0,0.0,0.0,0.0,0.0,-0.9782727977206506,0.0,-0.9493139797046144,70.49422727525234,9525360640,False,,
long_rvos/8086f00d3d/2/10,long_rvos,8086f00d3d,2,10,hybrid,predicted_static,point,False,0.9844634566734007,0.9643431458411595,0.9744033012572801,0.9888947739638081,0.9429513006936124,0.9659230373287102,0.0,0.0,0.0,0.0,0.14091502567454683,0.15371731097860586,0.14731616832657635,-0.9659230373287102,0.14731616832657635,-0.8270871329307038,45.59962936490774,10921280512,False,0.14731616832657635,0.0
long_rvos/8086f00d3d/2/10,long_rvos,8086f00d3d,2,10,hybrid,predicted_static,box,False,0.9844634566734007,0.9643431458411595,0.9744033012572801,0.9888947739638081,0.9429513006936124,0.9659230373287102,0.0,0.0,0.0,0.0,0.0,0.0,0.0,-0.9659230373287102,0.0,-0.9744033012572801,42.096899800002575,9525360640,False,,
long_rvos/8086f00d3d/2/4,long_rvos,8086f00d3d,2,4,static,predicted_static,point,False,0.9844634566734007,0.9643431458411595,0.9744033012572801,0.9888947739638081,0.9429513006936124,0.9659230373287102,0.0,0.0,0.0,0.0,0.14091502567454683,0.15371731097860586,0.14731616832657635,-0.9659230373287102,0.14731616832657635,-0.8270871329307038,45.59962936490774,10921280512,True,0.14731616832657635,0.0
long_rvos/8086f00d3d/2/4,long_rvos,8086f00d3d,2,4,static,predicted_static,box,False,0.9844634566734007,0.9643431458411595,0.9744033012572801,0.9888947739638081,0.9429513006936124,0.9659230373287102,0.0,0.0,0.0,0.0,0.0,0.0,0.0,-0.9659230373287102,0.0,-0.9744033012572801,42.096899800002575,9525360640,True,,
long_rvos/a8b6fd5e4d/2/7,long_rvos,a8b6fd5e4d,2,7,dynamic,predicted_static,box,False,0.5214006192870116,0.4181260001283289,0.4697633097076703,0.88841420821014,0.6201025952180815,0.7542584017141107,0.612743626717835,0.4985986989363551,0.555671162827095,0.6199767584240339,0.1273672723746635,0.11101683254868717,0.11919205246167533,-0.19858723888701568,-0.43647911036541975,-0.3505712572459949,214.9512808546424,31628422144,False,,
long_rvos/a8b6fd5e4d/2/11,long_rvos,a8b6fd5e4d,2,11,hybrid,predicted_static,point,False,0.5214006192870116,0.4181260001283289,0.4697633097076703,0.88841420821014,0.6201025952180815,0.7542584017141107,0.25,0.25,0.25,0.25,0.519714669847833,0.28955998792966475,0.40463732888874887,-0.5042584017141107,0.15463732888874887,-0.0651259808189214,171.06738308817148,9686254080,True,0.40463732888874887,0.0
long_rvos/a8b6fd5e4d/2/11,long_rvos,a8b6fd5e4d,2,11,hybrid,predicted_static,box,False,0.5214006192870116,0.4181260001283289,0.4697633097076703,0.88841420821014,0.6201025952180815,0.7542584017141107,0.612743626717835,0.4985986989363551,0.555671162827095,0.6199767584240339,0.1273672723746635,0.11101683254868717,0.11919205246167533,-0.19858723888701568,-0.43647911036541975,-0.3505712572459949,214.9512808546424,31628422144,True,,
long_rvos/a8b6fd5e4d/2/6,long_rvos,a8b6fd5e4d,2,6,static,predicted_static,point,False,0.7736639512394358,0.4953723296358868,0.6345181404376613,0.6391290701296708,0.3664753170197796,0.5028021935747252,0.25,0.25,0.25,0.0,0.5464657410573481,0.29754821061920506,0.4220069758382766,-0.2528021935747252,0.17200697583827662,-0.21251116459938468,186.37449327111244,9965984768,False,0.4220069758382766,0.0
long_rvos/a8b6fd5e4d/2/6,long_rvos,a8b6fd5e4d,2,6,static,predicted_static,box,False,0.7736639512394358,0.4953723296358868,0.6345181404376613,0.6391290701296708,0.3664753170197796,0.5028021935747252,0.453766956432898,0.3667180333406872,0.4102424948867926,0.7163019361128676,0.1302780671991902,0.11164682723707696,0.12096244721813357,-0.09255969868793262,-0.289280047668659,-0.5135556932195278,191.82982055097818,31001235968,False,,
long_rvos/8290c48fcb/9/25,long_rvos,8290c48fcb,9,25,hybrid,predicted_static,point,False,0.8901884656752936,0.7920706114496436,0.8411295385624686,0.9433586844607815,0.9087224969412132,0.9260405907009973,0.25,0.25,0.25,0.25,0.8373124236165865,0.7388726129826595,0.788092518299623,-0.6760405907009973,0.538092518299623,-0.053037020262845624,245.75921589136124,10571506688,False,0.788092518299623,0.0
long_rvos/8290c48fcb/9/25,long_rvos,8290c48fcb,9,25,hybrid,predicted_static,box,False,0.8901884656752936,0.7920706114496436,0.8411295385624686,0.9433586844607815,0.9087224969412132,0.9260405907009973,0.7664225302489898,0.686586706426129,0.7265046183375594,0.7998611658690523,0.2979014081405619,0.292911669151633,0.29540653864609745,-0.1995359723634379,-0.43109807969146197,-0.5457229999163712,272.63566176593304,30373458944,False,,
long_rvos/30f4d962f9/1/1,long_rvos,30f4d962f9,1,1,dynamic,predicted_static,point,False,0.18251140036205915,0.23900347052989246,0.2107574354459758,0.1995923395980634,0.2774854936189237,0.23853891660849358,0.0,0.0,0.0,0.0,0.034499322696809484,0.09091370097808951,0.06270651183744949,-0.23853891660849358,0.06270651183744949,-0.1480509236085263,218.39360269904137,10405958144,False,0.06270651183744949,0.0
long_rvos/30f4d962f9/1/1,long_rvos,30f4d962f9,1,1,dynamic,predicted_static,box,False,0.18251140036205915,0.23900347052989246,0.2107574354459758,0.1995923395980634,0.2774854936189237,0.23853891660849358,0.19776211046371245,0.27048820114429034,0.2341251558040014,0.8859378211707317,0.025817356384386966,0.031954387622518066,0.028885872003452516,-0.004413760804492184,-0.20523928380054887,-0.18187156344252328,235.4317221790552,27796049920,False,,
long_rvos/30f4d962f9/1/0,long_rvos,30f4d962f9,1,0,static,predicted_static,point,False,0.3152938097165416,0.38380666424535903,0.34955023698095034,0.2582149417967631,0.35295565504538307,0.30558529842107307,0.0,0.0,0.0,0.0,0.24654781851392316,0.2705286857907844,0.25853825215235376,-0.30558529842107307,0.25853825215235376,-0.09101198482859657,194.662846326828,10405958144,False,0.25853825215235376,0.0
long_rvos/30f4d962f9/1/0,long_rvos,30f4d962f9,1,0,static,predicted_static,box,False,0.3152938097165416,0.38380666424535903,0.34955023698095034,0.2582149417967631,0.35295565504538307,0.30558529842107307,0.24390271883667902,0.2514800038944738,0.2476913613655764,0.5158641016384319,0.03269732080840293,0.037815304266966124,0.03525631253768453,-0.05789393705549667,-0.21243504882789188,-0.3142939244432658,215.21040896326303,27307561472,False,,
long_rvos/976257d833/1/3,long_rvos,976257d833,1,3,dynamic,predicted_static,point,False,0.8184102915014104,0.7278942963569925,0.7731522939292015,0.9798718020369754,0.9746215152996449,0.9772466586683104,0.0,0.0,0.0,0.0,0.667082171928265,0.5293510913710977,0.5982166316496813,-0.9772466586683104,0.5982166316496813,-0.17493566227952018,137.96002290397882,9942705152,False,0.5982166316496813,0.0
long_rvos/976257d833/1/3,long_rvos,976257d833,1,3,dynamic,predicted_static,box,False,0.8184102915014104,0.7278942963569925,0.7731522939292015,0.9798718020369754,0.9746215152996449,0.9772466586683104,0.2330974047859791,0.20310135235448837,0.21809937857023373,0.2435056967572305,0.138436650462606,0.13158477633896842,0.1350107134007872,-0.7591472800980766,-0.08308866516944652,-0.6381415805284143,142.05493038147688,30211677696,False,,
long_rvos/976257d833/1/9,long_rvos,976257d833,1,9,hybrid,predicted_static,point,False,0.5911719004642071,0.5316276467678727,0.5613997736160399,0.7319300846794992,0.7293886993351217,0.7306593920073106,0.0,0.0,0.0,0.0,0.6505794355046848,0.514071678285248,0.5823255568949663,-0.7306593920073106,0.5823255568949663,0.02092578327892647,132.5282197073102,9942705152,False,0.5823255568949663,0.0
long_rvos/976257d833/1/9,long_rvos,976257d833,1,9,hybrid,predicted_static,box,False,0.5911719004642071,0.5316276467678727,0.5613997736160399,0.7319300846794992,0.7293886993351217,0.7306593920073106,0.2330974047859791,0.20310135235448837,0.21809937857023373,0.2435056967572305,0.138436650462606,0.13158477633896842,0.1350107134007872,-0.5125600134370768,-0.08308866516944652,-0.4263890602152527,118.80251924693584,30211677696,False,,
long_rvos/976257d833/1/2,long_rvos,976257d833,1,2,static,predicted_static,point,False,0.8184102915014104,0.7278942963569925,0.7731522939292015,0.9798718020369754,0.9746215152996449,0.9772466586683104,0.0,0.0,0.0,0.0,0.667082171928265,0.5293510913710977,0.5982166316496813,-0.9772466586683104,0.5982166316496813,-0.17493566227952018,137.96002290397882,9942705152,True,0.5982166316496813,0.0
long_rvos/976257d833/1/2,long_rvos,976257d833,1,2,static,predicted_static,box,False,0.8184102915014104,0.7278942963569925,0.7731522939292015,0.9798718020369754,0.9746215152996449,0.9772466586683104,0.2330974047859791,0.20310135235448837,0.21809937857023373,0.2435056967572305,0.138436650462606,0.13158477633896842,0.1350107134007872,-0.7591472800980766,-0.08308866516944652,-0.6381415805284143,142.05493038147688,30211677696,True,,
long_rvos/046ee6aa1a/2/5,long_rvos,046ee6aa1a,2,5,dynamic,predicted_static,point,False,0.9021231512435883,0.7988169663949699,0.8504700588192791,0.8771884310209752,0.7030568943447915,0.7901226626828833,0.5,0.5,0.5,0.5,0.7155513591742206,0.6866096250992928,0.7010804921367567,-0.29012266268288334,0.20108049213675672,-0.14938956668252235,120.5202819108963,9363496960,False,0.7010804921367567,0.0
long_rvos/046ee6aa1a/2/5,long_rvos,046ee6aa1a,2,5,dynamic,predicted_static,box,False,0.9021231512435883,0.7988169663949699,0.8504700588192791,0.8771884310209752,0.7030568943447915,0.7901226626828833,0.5,0.5,0.5,0.5,0.625,0.625,0.625,-0.29012266268288334,0.125,-0.22547005881927906,116.86995942890644,9046714880,False,,
long_rvos/30c20fb4c1/3/11,long_rvos,30c20fb4c1,3,11,dynamic,predicted_static,point,False,0.078125,0.078125,0.078125,0.0,0.0,0.0,0.0,0.0,0.0,1.0,0.078125,0.078125,0.078125,0.0,0.078125,0.0,111.31177937984467,8009652736,False,0.078125,0.0
long_rvos/30c20fb4c1/3/11,long_rvos,30c20fb4c1,3,11,dynamic,predicted_static,box,False,0.078125,0.078125,0.078125,0.0,0.0,0.0,0.0,0.0,0.0,1.0,0.078125,0.078125,0.078125,0.0,0.078125,0.0,114.77992714941502,8009652736,False,,
long_rvos/30c20fb4c1/3/14,long_rvos,30c20fb4c1,3,14,hybrid,predicted_static,point,False,0.09809018389745192,0.17067648893932597,0.13438333641838895,2.1715998175856154e-05,0.08712334553646861,0.04357253076732223,0.0,0.0,0.0,0.75,0.078125,0.078125,0.078125,-0.04357253076732223,0.078125,-0.056258336418388954,109.17573153227568,9014695424,False,0.078125,0.0
long_rvos/30c20fb4c1/3/14,long_rvos,30c20fb4c1,3,14,hybrid,predicted_static,box,False,0.09809018389745192,0.17067648893932597,0.13438333641838895,2.1715998175856154e-05,0.08712334553646861,0.04357253076732223,0.0,0.0,0.0,0.75,0.078125,0.078125,0.078125,-0.04357253076732223,0.078125,-0.056258336418388954,72.15789981931448,8979626496,False,,
long_rvos/30c20fb4c1/3/8,long_rvos,30c20fb4c1,3,8,static,predicted_static,point,False,0.0813529617668183,0.09313589305049678,0.08724442740865754,0.013815277184697697,0.09106891701828411,0.052442097101490906,0.0,0.0,0.0,0.75,0.078125,0.078125,0.078125,-0.052442097101490906,0.078125,-0.009119427408657538,46.524471029639244,9014695424,False,0.078125,0.0
long_rvos/30c20fb4c1/3/8,long_rvos,30c20fb4c1,3,8,static,predicted_static,box,False,0.0813529617668183,0.09313589305049678,0.08724442740865754,0.013815277184697697,0.09106891701828411,0.052442097101490906,0.0,0.0,0.0,0.75,0.078125,0.078125,0.078125,-0.052442097101490906,0.078125,-0.009119427408657538,37.4557219222188,8979626496,False,,
long_rvos/1088228079/1/8,long_rvos,1088228079,1,8,hybrid,predicted_static,point,False,0.75517971380919,0.7837461158142641,0.7694629148117271,0.9777722146849086,0.9975237091675448,0.9876479619262266,0.0,0.0,0.0,0.0,0.2966087002856838,0.3715643911428318,0.3340865457142578,-0.9876479619262266,0.3340865457142578,-0.43537636909746935,22.046127669513226,9069918208,False,0.3340865457142578,0.0
long_rvos/1088228079/1/8,long_rvos,1088228079,1,8,hybrid,predicted_static,box,False,0.75517971380919,0.7837461158142641,0.7694629148117271,0.9777722146849086,0.9975237091675448,0.9876479619262266,0.42205905243731134,0.4192650940436328,0.4206620732404721,0.42388618099451747,0.05382750694921883,0.05464682455223722,0.054237165750728025,-0.5669858886857545,-0.3664249074897441,-0.7152257490609991,31.59028795361519,30088448000,False,,
long_rvos/1a5dead3e3/1/1,long_rvos,1a5dead3e3,1,1,dynamic,predicted_static,point,False,0.8713188656589098,0.8456780752189471,0.8584984704389285,0.8476395398476905,0.8147538591224017,0.831196699485046,0.0,0.0,0.0,0.0,0.36577980095447105,0.3551845813904292,0.3604821911724501,-0.831196699485046,0.3604821911724501,-0.49801627926647835,25.767654344439507,10249224192,False,0.3604821911724501,0.0
long_rvos/1a5dead3e3/1/1,long_rvos,1a5dead3e3,1,1,dynamic,predicted_static,box,False,0.8713188656589098,0.8456780752189471,0.8584984704389285,0.8476395398476905,0.8147538591224017,0.831196699485046,0.45583328613088336,0.3943608710633786,0.425097078597131,0.4662021340651992,0.05754190611688323,0.053116749058408574,0.0553293275876459,-0.40609962088791507,-0.36976775100948506,-0.8031691428512826,41.54940892010927,27901571072,False,,
long_rvos/1a5dead3e3/1/0,long_rvos,1a5dead3e3,1,0,static,predicted_static,point,False,0.8713188656589098,0.8456780752189471,0.8584984704389285,0.8476395398476905,0.8147538591224017,0.831196699485046,0.0,0.0,0.0,0.0,0.36577980095447105,0.3551845813904292,0.3604821911724501,-0.831196699485046,0.3604821911724501,-0.49801627926647835,25.767654344439507,10249224192,True,0.3604821911724501,0.0
long_rvos/1a5dead3e3/1/0,long_rvos,1a5dead3e3,1,0,static,predicted_static,box,False,0.8713188656589098,0.8456780752189471,0.8584984704389285,0.8476395398476905,0.8147538591224017,0.831196699485046,0.45583328613088336,0.3943608710633786,0.425097078597131,0.4662021340651992,0.05754190611688323,0.053116749058408574,0.0553293275876459,-0.40609962088791507,-0.36976775100948506,-0.8031691428512826,41.54940892010927,27901571072,True,,
long_rvos/8086f00d3d/2/7,long_rvos,8086f00d3d,2,7,dynamic,predicted_static,point,False,0.9824829648651052,0.9663154530034499,0.9743992089342776,0.9893377722692689,0.9523344791033932,0.970836125686331,0.0,0.0,0.0,0.0,0.3809257501180121,0.38885438479053813,0.3848900674542751,-0.970836125686331,0.3848900674542751,-0.5895091414800024,27.8519032523036,10925023232,False,0.3848900674542751,0.0
long_rvos/8086f00d3d/2/7,long_rvos,8086f00d3d,2,7,dynamic,predicted_static,box,False,0.9824829648651052,0.9663154530034499,0.9743992089342776,0.9893377722692689,0.9523344791033932,0.970836125686331,0.0,0.0,0.0,0.0,0.0,0.0,0.0,-0.970836125686331,0.0,-0.9743992089342776,28.244695857167244,9529013248,False,,
long_rvos/8086f00d3d/2/11,long_rvos,8086f00d3d,2,11,hybrid,predicted_static,point,False,0.9824829648651052,0.9663154530034499,0.9743992089342776,0.9893377722692689,0.9523344791033932,0.970836125686331,0.0,0.0,0.0,0.0,0.3809257501180121,0.38885438479053813,0.3848900674542751,-0.970836125686331,0.3848900674542751,-0.5895091414800024,27.8519032523036,10925023232,True,0.3848900674542751,0.0
long_rvos/8086f00d3d/2/11,long_rvos,8086f00d3d,2,11,hybrid,predicted_static,box,False,0.9824829648651052,0.9663154530034499,0.9743992089342776,0.9893377722692689,0.9523344791033932,0.970836125686331,0.0,0.0,0.0,0.0,0.0,0.0,0.0,-0.970836125686331,0.0,-0.9743992089342776,28.244695857167244,9529013248,True,,
long_rvos/8086f00d3d/2/6,long_rvos,8086f00d3d,2,6,static,predicted_static,point,False,0.9824829648651052,0.9663154530034499,0.9743992089342776,0.9893377722692689,0.9523344791033932,0.970836125686331,0.0,0.0,0.0,0.0,0.3809257501180121,0.38885438479053813,0.3848900674542751,-0.970836125686331,0.3848900674542751,-0.5895091414800024,27.8519032523036,10925023232,True,0.3848900674542751,0.0
long_rvos/8086f00d3d/2/6,long_rvos,8086f00d3d,2,6,static,predicted_static,box,False,0.9824829648651052,0.9663154530034499,0.9743992089342776,0.9893377722692689,0.9523344791033932,0.970836125686331,0.0,0.0,0.0,0.0,0.0,0.0,0.0,-0.970836125686331,0.0,-0.9743992089342776,28.244695857167244,9529013248,True,,
long_rvos/976257d833/1/1,long_rvos,976257d833,1,1,dynamic,oracle_identity,box,True,0.8184102915014104,0.7278942963569925,0.7731522939292015,0.9798718020369754,0.9746215152996449,0.9772466586683104,0.2330974047859791,0.20310135235448837,0.21809937857023373,0.2435056967572305,0.138436650462606,0.13158477633896842,0.1350107134007872,-0.7591472800980766,-0.08308866516944652,-0.6381415805284143,178.61431217938662,30211505664,False,,
long_rvos/976257d833/1/8,long_rvos,976257d833,1,8,hybrid,oracle_identity,point,True,0.8184102915014104,0.7278942963569925,0.7731522939292015,0.9798718020369754,0.9746215152996449,0.9772466586683104,0.0,0.0,0.0,0.0,0.667082171928265,0.5293510913710977,0.5982166316496813,-0.9772466586683104,0.5982166316496813,-0.17493566227952018,182.92313899099827,9939522560,True,0.5982166316496813,0.0
long_rvos/976257d833/1/8,long_rvos,976257d833,1,8,hybrid,oracle_identity,box,True,0.8184102915014104,0.7278942963569925,0.7731522939292015,0.9798718020369754,0.9746215152996449,0.9772466586683104,0.2330974047859791,0.20310135235448837,0.21809937857023373,0.2435056967572305,0.138436650462606,0.13158477633896842,0.1350107134007872,-0.7591472800980766,-0.08308866516944652,-0.6381415805284143,178.61431217938662,30211505664,True,,
long_rvos/976257d833/1/0,long_rvos,976257d833,1,0,static,oracle_identity,point,True,0.8184102915014104,0.7278942963569925,0.7731522939292015,0.9798718020369754,0.9746215152996449,0.9772466586683104,0.0,0.0,0.0,0.0,0.667082171928265,0.5293510913710977,0.5982166316496813,-0.9772466586683104,0.5982166316496813,-0.17493566227952018,182.92313899099827,9939522560,True,0.5982166316496813,0.0
long_rvos/976257d833/1/0,long_rvos,976257d833,1,0,static,oracle_identity,box,True,0.8184102915014104,0.7278942963569925,0.7731522939292015,0.9798718020369754,0.9746215152996449,0.9772466586683104,0.2330974047859791,0.20310135235448837,0.21809937857023373,0.2435056967572305,0.138436650462606,0.13158477633896842,0.1350107134007872,-0.7591472800980766,-0.08308866516944652,-0.6381415805284143,178.61431217938662,30211505664,True,,
long_rvos/046ee6aa1a/2/3,long_rvos,046ee6aa1a,2,3,dynamic,oracle_identity,point,True,0.9021231512435883,0.7988169663949699,0.8504700588192791,0.8771884310209752,0.7030568943447915,0.7901226626828833,0.5,0.5,0.5,0.5,0.7155513591742206,0.6866096250992928,0.7010804921367567,-0.29012266268288334,0.20108049213675672,-0.14938956668252235,216.44444493949413,9363455488,False,0.7010804921367567,0.0
long_rvos/046ee6aa1a/2/3,long_rvos,046ee6aa1a,2,3,dynamic,oracle_identity,box,True,0.9021231512435883,0.7988169663949699,0.8504700588192791,0.8771884310209752,0.7030568943447915,0.7901226626828833,0.5,0.5,0.5,0.5,0.625,0.625,0.625,-0.29012266268288334,0.125,-0.22547005881927906,224.12526371330023,9044075520,False,,
long_rvos/046ee6aa1a/2/2,long_rvos,046ee6aa1a,2,2,static,oracle_identity,point,True,0.9021231512435883,0.7988169663949699,0.8504700588192791,0.8771884310209752,0.7030568943447915,0.7901226626828833,0.5,0.5,0.5,0.5,0.7155513591742206,0.6866096250992928,0.7010804921367567,-0.29012266268288334,0.20108049213675672,-0.14938956668252235,216.44444493949413,9363455488,True,0.7010804921367567,0.0
long_rvos/046ee6aa1a/2/2,long_rvos,046ee6aa1a,2,2,static,oracle_identity,box,True,0.9021231512435883,0.7988169663949699,0.8504700588192791,0.8771884310209752,0.7030568943447915,0.7901226626828833,0.5,0.5,0.5,0.5,0.625,0.625,0.625,-0.29012266268288334,0.125,-0.22547005881927906,224.12526371330023,9044075520,True,,
long_rvos/30c20fb4c1/3/9,long_rvos,30c20fb4c1,3,9,dynamic,oracle_identity,point,True,0.12263078684786556,0.21607897339437154,0.16935488012111855,0.013853281006796376,0.17727886072178348,0.09556607086428992,0.0,0.0,0.0,0.5,0.0977283257293894,0.16462312351064295,0.13117572462001617,-0.09556607086428992,0.13117572462001617,-0.038179155501102374,200.6128250658512,9553170944,False,0.13117572462001617,0.0
long_rvos/30c20fb4c1/3/9,long_rvos,30c20fb4c1,3,9,dynamic,oracle_identity,box,True,0.12263078684786556,0.21607897339437154,0.16935488012111855,0.013853281006796376,0.17727886072178348,0.09556607086428992,0.0,0.0,0.0,0.5,0.078125,0.078125,0.078125,-0.09556607086428992,0.078125,-0.09122988012111855,196.98021605610847,8978035712,False,,
long_rvos/30c20fb4c1/3/10,long_rvos,30c20fb4c1,3,10,static,oracle_identity,point,True,0.07552816394238963,0.08642606552429886,0.08097711473334425,0.0,0.0,0.0,0.0,0.0,0.0,1.0,0.078125,0.078125,0.078125,0.0,0.078125,-0.0028521147333442493,189.5521780475974,8009996288,False,0.078125,0.0
long_rvos/30c20fb4c1/3/10,long_rvos,30c20fb4c1,3,10,static,oracle_identity,box,True,0.07552816394238963,0.08642606552429886,0.08097711473334425,0.0,0.0,0.0,0.0,0.0,0.0,1.0,0.078125,0.078125,0.078125,0.0,0.078125,-0.0028521147333442493,154.52429202198982,8009996288,False,,
long_rvos/1088228079/1/1,long_rvos,1088228079,1,1,dynamic,oracle_identity,point,True,0.8919775277664084,0.9229884622908787,0.9074829950286436,0.7338979249121813,0.75,0.7419489624560907,0.0,0.0,0.0,0.25,0.26275142488796704,0.3044301442365853,0.28359078456227615,-0.7419489624560907,0.28359078456227615,-0.6238922104663674,77.31578002870083,8781595136,False,0.28359078456227615,0.0
long_rvos/1088228079/1/1,long_rvos,1088228079,1,1,dynamic,oracle_identity,box,True,0.8919775277664084,0.9229884622908787,0.9074829950286436,0.7338979249121813,0.75,0.7419489624560907,0.2165672293364377,0.22542079163598197,0.22099401048620984,0.4680340015307203,0.027498474506656413,0.028803263837398934,0.028150869172027672,-0.5209549519698808,-0.19284314131418218,-0.8793321258566159,86.36936739832163,30085481984,False,,
long_rvos/1088228079/1/0,long_rvos,1088228079,1,0,static,oracle_identity,point,True,0.8919775277664084,0.9229884622908787,0.9074829950286436,0.7338979249121813,0.75,0.7419489624560907,0.0,0.0,0.0,0.25,0.26275142488796704,0.3044301442365853,0.28359078456227615,-0.7419489624560907,0.28359078456227615,-0.6238922104663674,77.31578002870083,8781595136,True,0.28359078456227615,0.0
long_rvos/1088228079/1/0,long_rvos,1088228079,1,0,static,oracle_identity,box,True,0.8919775277664084,0.9229884622908787,0.9074829950286436,0.7338979249121813,0.75,0.7419489624560907,0.2165672293364377,0.22542079163598197,0.22099401048620984,0.4680340015307203,0.027498474506656413,0.028803263837398934,0.028150869172027672,-0.5209549519698808,-0.19284314131418218,-0.8793321258566159,86.36936739832163,30085481984,True,,
long_rvos/1a5dead3e3/1/4,long_rvos,1a5dead3e3,1,4,hybrid,oracle_identity,point,True,0.8713188656589098,0.8456780752189471,0.8584984704389285,0.8476395398476905,0.8147538591224017,0.831196699485046,0.0,0.0,0.0,0.0,0.36577980095447105,0.3551845813904292,0.3604821911724501,-0.831196699485046,0.3604821911724501,-0.49801627926647835,146.698542393744,10248870912,False,0.3604821911724501,0.0
long_rvos/1a5dead3e3/1/4,long_rvos,1a5dead3e3,1,4,hybrid,oracle_identity,box,True,0.8713188656589098,0.8456780752189471,0.8584984704389285,0.8476395398476905,0.8147538591224017,0.831196699485046,0.45583328613088336,0.3943608710633786,0.425097078597131,0.4662021340651992,0.05754190611688323,0.053116749058408574,0.0553293275876459,-0.40609962088791507,-0.36976775100948506,-0.8031691428512826,152.02346191555262,27897654784,False,,
long_rvos/8086f00d3d/2/5,long_rvos,8086f00d3d,2,5,dynamic,oracle_identity,point,True,0.9568246891751004,0.9418032702341284,0.9493139797046144,0.98976167717624,0.9667839182650612,0.9782727977206506,0.0,0.0,0.0,0.0,0.040943707984244335,0.034558045251850744,0.03775087661804754,-0.9782727977206506,0.03775087661804754,-0.9115631030865669,136.60897955298424,10924722688,False,0.03775087661804754,0.0
long_rvos/8086f00d3d/2/5,long_rvos,8086f00d3d,2,5,dynamic,oracle_identity,box,True,0.9568246891751004,0.9418032702341284,0.9493139797046144,0.98976167717624,0.9667839182650612,0.9782727977206506,0.0,0.0,0.0,0.0,0.0,0.0,0.0,-0.9782727977206506,0.0,-0.9493139797046144,138.6465500369668,9526373888,False,,
long_rvos/8086f00d3d/2/10,long_rvos,8086f00d3d,2,10,hybrid,oracle_identity,point,True,0.9844634566734007,0.9643431458411595,0.9744033012572801,0.9888947739638081,0.9429513006936124,0.9659230373287102,0.0,0.0,0.0,0.0,0.14091502567454683,0.15371731097860586,0.14731616832657635,-0.9659230373287102,0.14731616832657635,-0.8270871329307038,138.8024721518159,10924722688,False,0.14731616832657635,0.0
long_rvos/8086f00d3d/2/10,long_rvos,8086f00d3d,2,10,hybrid,oracle_identity,box,True,0.9844634566734007,0.9643431458411595,0.9744033012572801,0.9888947739638081,0.9429513006936124,0.9659230373287102,0.0,0.0,0.0,0.0,0.0,0.0,0.0,-0.9659230373287102,0.0,-0.9744033012572801,127.98880831897259,9526373888,False,,
long_rvos/8086f00d3d/2/4,long_rvos,8086f00d3d,2,4,static,oracle_identity,point,True,0.9844634566734007,0.9643431458411595,0.9744033012572801,0.9888947739638081,0.9429513006936124,0.9659230373287102,0.0,0.0,0.0,0.0,0.14091502567454683,0.15371731097860586,0.14731616832657635,-0.9659230373287102,0.14731616832657635,-0.8270871329307038,138.8024721518159,10924722688,True,0.14731616832657635,0.0
long_rvos/8086f00d3d/2/4,long_rvos,8086f00d3d,2,4,static,oracle_identity,box,True,0.9844634566734007,0.9643431458411595,0.9744033012572801,0.9888947739638081,0.9429513006936124,0.9659230373287102,0.0,0.0,0.0,0.0,0.0,0.0,0.0,-0.9659230373287102,0.0,-0.9744033012572801,127.98880831897259,9526373888,True,,
long_rvos/976257d833/1/3,long_rvos,976257d833,1,3,dynamic,oracle_identity,point,True,0.8184102915014104,0.7278942963569925,0.7731522939292015,0.9798718020369754,0.9746215152996449,0.9772466586683104,0.0,0.0,0.0,0.0,0.667082171928265,0.5293510913710977,0.5982166316496813,-0.9772466586683104,0.5982166316496813,-0.17493566227952018,174.44515999406576,9917628416,False,0.5982166316496813,0.0
long_rvos/976257d833/1/3,long_rvos,976257d833,1,3,dynamic,oracle_identity,box,True,0.8184102915014104,0.7278942963569925,0.7731522939292015,0.9798718020369754,0.9746215152996449,0.9772466586683104,0.2330974047859791,0.20310135235448837,0.21809937857023373,0.2435056967572305,0.138436650462606,0.13158477633896842,0.1350107134007872,-0.7591472800980766,-0.08308866516944652,-0.6381415805284143,191.56980423629284,30216135168,False,,
long_rvos/976257d833/1/9,long_rvos,976257d833,1,9,hybrid,oracle_identity,point,True,0.8184102915014104,0.7278942963569925,0.7731522939292015,0.9798718020369754,0.9746215152996449,0.9772466586683104,0.0,0.0,0.0,0.0,0.667082171928265,0.5293510913710977,0.5982166316496813,-0.9772466586683104,0.5982166316496813,-0.17493566227952018,174.44515999406576,9917628416,True,0.5982166316496813,0.0
long_rvos/976257d833/1/9,long_rvos,976257d833,1,9,hybrid,oracle_identity,box,True,0.8184102915014104,0.7278942963569925,0.7731522939292015,0.9798718020369754,0.9746215152996449,0.9772466586683104,0.2330974047859791,0.20310135235448837,0.21809937857023373,0.2435056967572305,0.138436650462606,0.13158477633896842,0.1350107134007872,-0.7591472800980766,-0.08308866516944652,-0.6381415805284143,191.56980423629284,30216135168,True,,
long_rvos/976257d833/1/2,long_rvos,976257d833,1,2,static,oracle_identity,point,True,0.8184102915014104,0.7278942963569925,0.7731522939292015,0.9798718020369754,0.9746215152996449,0.9772466586683104,0.0,0.0,0.0,0.0,0.667082171928265,0.5293510913710977,0.5982166316496813,-0.9772466586683104,0.5982166316496813,-0.17493566227952018,174.44515999406576,9917628416,True,0.5982166316496813,0.0
long_rvos/976257d833/1/2,long_rvos,976257d833,1,2,static,oracle_identity,box,True,0.8184102915014104,0.7278942963569925,0.7731522939292015,0.9798718020369754,0.9746215152996449,0.9772466586683104,0.2330974047859791,0.20310135235448837,0.21809937857023373,0.2435056967572305,0.138436650462606,0.13158477633896842,0.1350107134007872,-0.7591472800980766,-0.08308866516944652,-0.6381415805284143,191.56980423629284,30216135168,True,,
long_rvos/046ee6aa1a/2/5,long_rvos,046ee6aa1a,2,5,dynamic,oracle_identity,point,True,0.9021231512435883,0.7988169663949699,0.8504700588192791,0.8771884310209752,0.7030568943447915,0.7901226626828833,0.5,0.5,0.5,0.5,0.7155513591742206,0.6866096250992928,0.7010804921367567,-0.29012266268288334,0.20108049213675672,-0.14938956668252235,219.58219281584024,9362202112,False,0.7010804921367567,0.0
long_rvos/046ee6aa1a/2/5,long_rvos,046ee6aa1a,2,5,dynamic,oracle_identity,box,True,0.9021231512435883,0.7988169663949699,0.8504700588192791,0.8771884310209752,0.7030568943447915,0.7901226626828833,0.5,0.5,0.5,0.5,0.625,0.625,0.625,-0.29012266268288334,0.125,-0.22547005881927906,204.63485161960125,9043322880,False,,
long_rvos/30c20fb4c1/3/11,long_rvos,30c20fb4c1,3,11,dynamic,oracle_identity,point,True,0.07552816394238963,0.08642606552429886,0.08097711473334425,0.0,0.0,0.0,0.0,0.0,0.0,1.0,0.078125,0.078125,0.078125,0.0,0.078125,-0.0028521147333442493,199.95510099828243,8009406464,False,0.078125,0.0
long_rvos/30c20fb4c1/3/11,long_rvos,30c20fb4c1,3,11,dynamic,oracle_identity,box,True,0.07552816394238963,0.08642606552429886,0.08097711473334425,0.0,0.0,0.0,0.0,0.0,0.0,1.0,0.078125,0.078125,0.078125,0.0,0.078125,-0.0028521147333442493,182.02592872828245,8009406464,False,,
long_rvos/30c20fb4c1/3/14,long_rvos,30c20fb4c1,3,14,hybrid,oracle_identity,point,True,0.09809018389745192,0.17067648893932597,0.13438333641838895,2.1715998175856154e-05,0.08712334553646861,0.04357253076732223,0.0,0.0,0.0,0.75,0.078125,0.078125,0.078125,-0.04357253076732223,0.078125,-0.056258336418388954,159.19304374605417,9013400576,False,0.078125,0.0
long_rvos/30c20fb4c1/3/14,long_rvos,30c20fb4c1,3,14,hybrid,oracle_identity,box,True,0.09809018389745192,0.17067648893932597,0.13438333641838895,2.1715998175856154e-05,0.08712334553646861,0.04357253076732223,0.0,0.0,0.0,0.75,0.078125,0.078125,0.078125,-0.04357253076732223,0.078125,-0.056258336418388954,146.8143945261836,8977283072,False,,
long_rvos/30c20fb4c1/3/8,long_rvos,30c20fb4c1,3,8,static,oracle_identity,point,True,0.12263078684786556,0.21607897339437154,0.16935488012111855,0.013853281006796376,0.17727886072178348,0.09556607086428992,0.0,0.0,0.0,0.5,0.0977283257293894,0.16462312351064295,0.13117572462001617,-0.09556607086428992,0.13117572462001617,-0.038179155501102374,146.5687762349844,9552025088,False,0.13117572462001617,0.0
long_rvos/30c20fb4c1/3/8,long_rvos,30c20fb4c1,3,8,static,oracle_identity,box,True,0.12263078684786556,0.21607897339437154,0.16935488012111855,0.013853281006796376,0.17727886072178348,0.09556607086428992,0.0,0.0,0.0,0.5,0.078125,0.078125,0.078125,-0.09556607086428992,0.078125,-0.09122988012111855,132.61798947304487,8977283072,False,,
long_rvos/1088228079/1/8,long_rvos,1088228079,1,8,hybrid,oracle_identity,point,True,0.8919775277664084,0.9229884622908787,0.9074829950286436,0.7338979249121813,0.75,0.7419489624560907,0.0,0.0,0.0,0.25,0.26275142488796704,0.3044301442365853,0.28359078456227615,-0.7419489624560907,0.28359078456227615,-0.6238922104663674,67.0138527750969,8781373952,False,0.28359078456227615,0.0
long_rvos/1088228079/1/8,long_rvos,1088228079,1,8,hybrid,oracle_identity,box,True,0.8919775277664084,0.9229884622908787,0.9074829950286436,0.7338979249121813,0.75,0.7419489624560907,0.2165672293364377,0.22542079163598197,0.22099401048620984,0.4680340015307203,0.027498474506656413,0.028803263837398934,0.028150869172027672,-0.5209549519698808,-0.19284314131418218,-0.8793321258566159,60.28277654200792,30084892160,False,,
long_rvos/1a5dead3e3/1/1,long_rvos,1a5dead3e3,1,1,dynamic,oracle_identity,point,True,0.8713188656589098,0.8456780752189471,0.8584984704389285,0.8476395398476905,0.8147538591224017,0.831196699485046,0.0,0.0,0.0,0.0,0.36577980095447105,0.3551845813904292,0.3604821911724501,-0.831196699485046,0.3604821911724501,-0.49801627926647835,106.58018527925014,10247973888,False,0.3604821911724501,0.0
long_rvos/1a5dead3e3/1/1,long_rvos,1a5dead3e3,1,1,dynamic,oracle_identity,box,True,0.8713188656589098,0.8456780752189471,0.8584984704389285,0.8476395398476905,0.8147538591224017,0.831196699485046,0.45583328613088336,0.3943608710633786,0.425097078597131,0.4662021340651992,0.05754190611688323,0.053116749058408574,0.0553293275876459,-0.40609962088791507,-0.36976775100948506,-0.8031691428512826,124.0311680585146,27897032192,False,,
long_rvos/1a5dead3e3/1/0,long_rvos,1a5dead3e3,1,0,static,oracle_identity,point,True,0.8713188656589098,0.8456780752189471,0.8584984704389285,0.8476395398476905,0.8147538591224017,0.831196699485046,0.0,0.0,0.0,0.0,0.36577980095447105,0.3551845813904292,0.3604821911724501,-0.831196699485046,0.3604821911724501,-0.49801627926647835,106.58018527925014,10247973888,True,0.3604821911724501,0.0
long_rvos/1a5dead3e3/1/0,long_rvos,1a5dead3e3,1,0,static,oracle_identity,box,True,0.8713188656589098,0.8456780752189471,0.8584984704389285,0.8476395398476905,0.8147538591224017,0.831196699485046,0.45583328613088336,0.3943608710633786,0.425097078597131,0.4662021340651992,0.05754190611688323,0.053116749058408574,0.0553293275876459,-0.40609962088791507,-0.36976775100948506,-0.8031691428512826,124.0311680585146,27897032192,True,,
long_rvos/8086f00d3d/2/7,long_rvos,8086f00d3d,2,7,dynamic,oracle_identity,point,True,0.9824829648651052,0.9663154530034499,0.9743992089342776,0.9893377722692689,0.9523344791033932,0.970836125686331,0.0,0.0,0.0,0.0,0.3809257501180121,0.38885438479053813,0.3848900674542751,-0.970836125686331,0.3848900674542751,-0.5895091414800024,130.00094936043024,10923245568,False,0.3848900674542751,0.0
long_rvos/8086f00d3d/2/7,long_rvos,8086f00d3d,2,7,dynamic,oracle_identity,box,True,0.9824829648651052,0.9663154530034499,0.9743992089342776,0.9893377722692689,0.9523344791033932,0.970836125686331,0.0,0.0,0.0,0.0,0.0,0.0,0.0,-0.970836125686331,0.0,-0.9743992089342776,99.98094901442528,9525621248,False,,
long_rvos/8086f00d3d/2/11,long_rvos,8086f00d3d,2,11,hybrid,oracle_identity,point,True,0.9824829648651052,0.9663154530034499,0.9743992089342776,0.9893377722692689,0.9523344791033932,0.970836125686331,0.0,0.0,0.0,0.0,0.3809257501180121,0.38885438479053813,0.3848900674542751,-0.970836125686331,0.3848900674542751,-0.5895091414800024,130.00094936043024,10923245568,True,0.3848900674542751,0.0
long_rvos/8086f00d3d/2/11,long_rvos,8086f00d3d,2,11,hybrid,oracle_identity,box,True,0.9824829648651052,0.9663154530034499,0.9743992089342776,0.9893377722692689,0.9523344791033932,0.970836125686331,0.0,0.0,0.0,0.0,0.0,0.0,0.0,-0.970836125686331,0.0,-0.9743992089342776,99.98094901442528,9525621248,True,,
long_rvos/8086f00d3d/2/6,long_rvos,8086f00d3d,2,6,static,oracle_identity,point,True,0.9824829648651052,0.9663154530034499,0.9743992089342776,0.9893377722692689,0.9523344791033932,0.970836125686331,0.0,0.0,0.0,0.0,0.3809257501180121,0.38885438479053813,0.3848900674542751,-0.970836125686331,0.3848900674542751,-0.5895091414800024,130.00094936043024,10923245568,True,0.3848900674542751,0.0
long_rvos/8086f00d3d/2/6,long_rvos,8086f00d3d,2,6,static,oracle_identity,box,True,0.9824829648651052,0.9663154530034499,0.9743992089342776,0.9893377722692689,0.9523344791033932,0.970836125686331,0.0,0.0,0.0,0.0,0.0,0.0,0.0,-0.970836125686331,0.0,-0.9743992089342776,99.98094901442528,9525621248,True,,
long_rvos/a3f2b5d434/2/11,long_rvos,a3f2b5d434,2,11,dynamic,predicted_static,box,False,0.9259132238833354,0.9436234878578702,0.9347683558706028,0.9701069735062714,1.0,0.9850534867531358,0.9596223594237475,0.9893709959231217,0.9744966776734346,0.9749485888914811,0.11730517625086914,0.11868802023039485,0.117996598240632,-0.010556809079701135,-0.8565000794328026,-0.8167717576299708,82.36082464456558,30084113920,False,,
long_rvos/a3f2b5d434/2/11,long_rvos,a3f2b5d434,2,11,dynamic,oracle_identity,point,True,0.9259132238833354,0.9436234878578702,0.9347683558706028,0.9701069735062714,1.0,0.9850534867531358,0.0,0.0,0.0,0.0,0.6716389899519463,0.678542834770242,0.6750909123610942,-0.9850534867531358,0.6750909123610942,-0.2596774435095086,59.40359853953123,9045475840,True,0.6750909123610942,0.0
long_rvos/a3f2b5d434/2/11,long_rvos,a3f2b5d434,2,11,dynamic,oracle_identity,box,True,0.9259132238833354,0.9436234878578702,0.9347683558706028,0.9701069735062714,1.0,0.9850534867531358,0.9596223594237475,0.9893709959231217,0.9744966776734346,0.9749485888914811,0.11730517625086914,0.11868802023039485,0.117996598240632,-0.010556809079701135,-0.8565000794328026,-0.8167717576299708,82.36082464456558,30084113920,True,,
long_rvos/a3f2b5d434/2/7,long_rvos,a3f2b5d434,2,7,dynamic,predicted_static,box,False,0.9259132238833354,0.9436234878578702,0.9347683558706028,0.9701069735062714,1.0,0.9850534867531358,0.9596223594237475,0.9893709959231217,0.9744966776734346,0.9749485888914811,0.11730517625086914,0.11868802023039485,0.117996598240632,-0.010556809079701135,-0.8565000794328026,-0.8167717576299708,82.36082464456558,30084113920,True,,
long_rvos/a3f2b5d434/2/7,long_rvos,a3f2b5d434,2,7,dynamic,oracle_identity,point,True,0.9259132238833354,0.9436234878578702,0.9347683558706028,0.9701069735062714,1.0,0.9850534867531358,0.0,0.0,0.0,0.0,0.6716389899519463,0.678542834770242,0.6750909123610942,-0.9850534867531358,0.6750909123610942,-0.2596774435095086,59.40359853953123,9045475840,True,0.6750909123610942,0.0
long_rvos/a3f2b5d434/2/7,long_rvos,a3f2b5d434,2,7,dynamic,oracle_identity,box,True,0.9259132238833354,0.9436234878578702,0.9347683558706028,0.9701069735062714,1.0,0.9850534867531358,0.9596223594237475,0.9893709959231217,0.9744966776734346,0.9749485888914811,0.11730517625086914,0.11868802023039485,0.117996598240632,-0.010556809079701135,-0.8565000794328026,-0.8167717576299708,82.36082464456558,30084113920,True,,
long_rvos/a3f2b5d434/2/9,long_rvos,a3f2b5d434,2,9,dynamic,predicted_static,point,False,0.9259132238833354,0.9436234878578702,0.9347683558706028,0.9701069735062714,1.0,0.9850534867531358,0.0,0.0,0.0,0.0,0.6716389899519463,0.678542834770242,0.6750909123610942,-0.9850534867531358,0.6750909123610942,-0.2596774435095086,59.40359853953123,9045475840,True,0.6750909123610942,0.0
long_rvos/a3f2b5d434/2/9,long_rvos,a3f2b5d434,2,9,dynamic,predicted_static,box,False,0.9259132238833354,0.9436234878578702,0.9347683558706028,0.9701069735062714,1.0,0.9850534867531358,0.9596223594237475,0.9893709959231217,0.9744966776734346,0.9749485888914811,0.11730517625086914,0.11868802023039485,0.117996598240632,-0.010556809079701135,-0.8565000794328026,-0.8167717576299708,82.36082464456558,30084113920,True,,
long_rvos/a3f2b5d434/2/9,long_rvos,a3f2b5d434,2,9,dynamic,oracle_identity,point,True,0.9259132238833354,0.9436234878578702,0.9347683558706028,0.9701069735062714,1.0,0.9850534867531358,0.0,0.0,0.0,0.0,0.6716389899519463,0.678542834770242,0.6750909123610942,-0.9850534867531358,0.6750909123610942,-0.2596774435095086,59.40359853953123,9045475840,True,0.6750909123610942,0.0
long_rvos/a3f2b5d434/2/9,long_rvos,a3f2b5d434,2,9,dynamic,oracle_identity,box,True,0.9259132238833354,0.9436234878578702,0.9347683558706028,0.9701069735062714,1.0,0.9850534867531358,0.9596223594237475,0.9893709959231217,0.9744966776734346,0.9749485888914811,0.11730517625086914,0.11868802023039485,0.117996598240632,-0.010556809079701135,-0.8565000794328026,-0.8167717576299708,82.36082464456558,30084113920,True,,
long_rvos/a3f2b5d434/2/15,long_rvos,a3f2b5d434,2,15,hybrid,predicted_static,point,False,0.9180478064913578,0.9400342405364883,0.929041023513923,0.9283165717688263,0.9496947332358764,0.9390056525023512,0.0,0.0,0.0,0.0,0.6692556457560868,0.6757024197728894,0.6724790327644881,-0.9390056525023512,0.6724790327644881,-0.256561990749435,45.86402966827154,9069549056,False,0.6724790327644881,0.0
long_rvos/a3f2b5d434/2/15,long_rvos,a3f2b5d434,2,15,hybrid,predicted_static,box,False,0.9180478064913578,0.9400342405364883,0.929041023513923,0.9283165717688263,0.9496947332358764,0.9390056525023512,0.9180979454442157,0.9409152192776173,0.9295065823609164,0.9699879603443348,0.11420464139938157,0.1158657453832656,0.11503519339132359,-0.009499070141434807,-0.8144713889695928,-0.8140058301225994,86.31149983406067,30084113920,False,,
long_rvos/a3f2b5d434/2/15,long_rvos,a3f2b5d434,2,15,hybrid,oracle_identity,point,True,0.9180478064913578,0.9400342405364883,0.929041023513923,0.9283165717688263,0.9496947332358764,0.9390056525023512,0.0,0.0,0.0,0.0,0.6692556457560868,0.6757024197728894,0.6724790327644881,-0.9390056525023512,0.6724790327644881,-0.256561990749435,45.86402966827154,9069549056,True,0.6724790327644881,0.0
long_rvos/a3f2b5d434/2/15,long_rvos,a3f2b5d434,2,15,hybrid,oracle_identity,box,True,0.9180478064913578,0.9400342405364883,0.929041023513923,0.9283165717688263,0.9496947332358764,0.9390056525023512,0.9180979454442157,0.9409152192776173,0.9295065823609164,0.9699879603443348,0.11420464139938157,0.1158657453832656,0.11503519339132359,-0.009499070141434807,-0.8144713889695928,-0.8140058301225994,86.31149983406067,30084113920,True,,
long_rvos/a3f2b5d434/2/16,long_rvos,a3f2b5d434,2,16,hybrid,predicted_static,point,False,0.6122729966261489,0.6234503846908801,0.6178616906585145,0.6866263399333244,0.6996861786952642,0.6931562593142943,0.0,0.0,0.0,0.25,0.4422080695822665,0.4521965767127769,0.44720232314752173,-0.6931562593142943,0.44720232314752173,-0.17065936751099275,56.36713709682226,8529482240,False,0.44720232314752173,0.0
long_rvos/a3f2b5d434/2/16,long_rvos,a3f2b5d434,2,16,hybrid,predicted_static,box,False,0.6122729966261489,0.6234503846908801,0.6178616906585145,0.6866263399333244,0.6996861786952642,0.6931562593142943,0.6819524761076616,0.6997077163467849,0.6908300962272232,0.9854591714990037,0.08501031570718888,0.08655570310324007,0.08578300940521447,-0.0023261630870710093,-0.6050470868220088,-0.5320786812533,52.461360424757004,30084113920,False,,
long_rvos/a3f2b5d434/2/16,long_rvos,a3f2b5d434,2,16,hybrid,oracle_identity,point,True,0.5671340758740835,0.5767954551134153,0.5719647654937494,0.6866263399333244,0.6996861786952642,0.6931562593142943,0.0,0.0,0.0,0.25,0.4422080695822665,0.4521965767127769,0.44720232314752173,-0.6931562593142943,0.44720232314752173,-0.12476244234622769,31.017912432551384,8529482240,False,0.44720232314752173,0.0
long_rvos/a3f2b5d434/2/16,long_rvos,a3f2b5d434,2,16,hybrid,oracle_identity,box,True,0.5671340758740835,0.5767954551134153,0.5719647654937494,0.6866263399333244,0.6996861786952642,0.6931562593142943,0.6819524761076616,0.6997077163467849,0.6908300962272232,0.9854591714990037,0.08501031570718888,0.08655570310324007,0.08578300940521447,-0.0023261630870710093,-0.6050470868220088,-0.486181756088535,45.67544964700937,30083958272,False,,
long_rvos/a3f2b5d434/2/17,long_rvos,a3f2b5d434,2,17,hybrid,predicted_static,point,False,0.9180478064913578,0.9400342405364883,0.929041023513923,0.9283165717688263,0.9496947332358764,0.9390056525023512,0.0,0.0,0.0,0.0,0.6692556457560868,0.6757024197728894,0.6724790327644881,-0.9390056525023512,0.6724790327644881,-0.256561990749435,45.86402966827154,9069549056,True,0.6724790327644881,0.0
long_rvos/a3f2b5d434/2/17,long_rvos,a3f2b5d434,2,17,hybrid,predicted_static,box,False,0.9180478064913578,0.9400342405364883,0.929041023513923,0.9283165717688263,0.9496947332358764,0.9390056525023512,0.9180979454442157,0.9409152192776173,0.9295065823609164,0.9699879603443348,0.11420464139938157,0.1158657453832656,0.11503519339132359,-0.009499070141434807,-0.8144713889695928,-0.8140058301225994,86.31149983406067,30084113920,True,,
long_rvos/a3f2b5d434/2/17,long_rvos,a3f2b5d434,2,17,hybrid,oracle_identity,point,True,0.9180478064913578,0.9400342405364883,0.929041023513923,0.9283165717688263,0.9496947332358764,0.9390056525023512,0.0,0.0,0.0,0.0,0.6692556457560868,0.6757024197728894,0.6724790327644881,-0.9390056525023512,0.6724790327644881,-0.256561990749435,45.86402966827154,9069549056,True,0.6724790327644881,0.0
long_rvos/a3f2b5d434/2/17,long_rvos,a3f2b5d434,2,17,hybrid,oracle_identity,box,True,0.9180478064913578,0.9400342405364883,0.929041023513923,0.9283165717688263,0.9496947332358764,0.9390056525023512,0.9180979454442157,0.9409152192776173,0.9295065823609164,0.9699879603443348,0.11420464139938157,0.1158657453832656,0.11503519339132359,-0.009499070141434807,-0.8144713889695928,-0.8140058301225994,86.31149983406067,30084113920,True,,
long_rvos/a3f2b5d434/2/10,long_rvos,a3f2b5d434,2,10,static,predicted_static,point,False,0.9180478064913578,0.9400342405364883,0.929041023513923,0.9283165717688263,0.9496947332358764,0.9390056525023512,0.0,0.0,0.0,0.0,0.6692556457560868,0.6757024197728894,0.6724790327644881,-0.9390056525023512,0.6724790327644881,-0.256561990749435,45.86402966827154,9069549056,True,0.6724790327644881,0.0
long_rvos/a3f2b5d434/2/10,long_rvos,a3f2b5d434,2,10,static,predicted_static,box,False,0.9180478064913578,0.9400342405364883,0.929041023513923,0.9283165717688263,0.9496947332358764,0.9390056525023512,0.9180979454442157,0.9409152192776173,0.9295065823609164,0.9699879603443348,0.11420464139938157,0.1158657453832656,0.11503519339132359,-0.009499070141434807,-0.8144713889695928,-0.8140058301225994,86.31149983406067,30084113920,True,,
long_rvos/a3f2b5d434/2/10,long_rvos,a3f2b5d434,2,10,static,oracle_identity,point,True,0.9180478064913578,0.9400342405364883,0.929041023513923,0.9283165717688263,0.9496947332358764,0.9390056525023512,0.0,0.0,0.0,0.0,0.6692556457560868,0.6757024197728894,0.6724790327644881,-0.9390056525023512,0.6724790327644881,-0.256561990749435,45.86402966827154,9069549056,True,0.6724790327644881,0.0
long_rvos/a3f2b5d434/2/10,long_rvos,a3f2b5d434,2,10,static,oracle_identity,box,True,0.9180478064913578,0.9400342405364883,0.929041023513923,0.9283165717688263,0.9496947332358764,0.9390056525023512,0.9180979454442157,0.9409152192776173,0.9295065823609164,0.9699879603443348,0.11420464139938157,0.1158657453832656,0.11503519339132359,-0.009499070141434807,-0.8144713889695928,-0.8140058301225994,86.31149983406067,30084113920,True,,
long_rvos/a3f2b5d434/2/6,long_rvos,a3f2b5d434,2,6,static,predicted_static,point,False,0.9180478064913578,0.9400342405364883,0.929041023513923,0.9283165717688263,0.9496947332358764,0.9390056525023512,0.0,0.0,0.0,0.0,0.6692556457560868,0.6757024197728894,0.6724790327644881,-0.9390056525023512,0.6724790327644881,-0.256561990749435,45.86402966827154,9069549056,True,0.6724790327644881,0.0
long_rvos/a3f2b5d434/2/6,long_rvos,a3f2b5d434,2,6,static,predicted_static,box,False,0.9180478064913578,0.9400342405364883,0.929041023513923,0.9283165717688263,0.9496947332358764,0.9390056525023512,0.9180979454442157,0.9409152192776173,0.9295065823609164,0.9699879603443348,0.11420464139938157,0.1158657453832656,0.11503519339132359,-0.009499070141434807,-0.8144713889695928,-0.8140058301225994,86.31149983406067,30084113920,True,,
long_rvos/a3f2b5d434/2/6,long_rvos,a3f2b5d434,2,6,static,oracle_identity,point,True,0.9180478064913578,0.9400342405364883,0.929041023513923,0.9283165717688263,0.9496947332358764,0.9390056525023512,0.0,0.0,0.0,0.0,0.6692556457560868,0.6757024197728894,0.6724790327644881,-0.9390056525023512,0.6724790327644881,-0.256561990749435,45.86402966827154,9069549056,True,0.6724790327644881,0.0
long_rvos/a3f2b5d434/2/6,long_rvos,a3f2b5d434,2,6,static,oracle_identity,box,True,0.9180478064913578,0.9400342405364883,0.929041023513923,0.9283165717688263,0.9496947332358764,0.9390056525023512,0.9180979454442157,0.9409152192776173,0.9295065823609164,0.9699879603443348,0.11420464139938157,0.1158657453832656,0.11503519339132359,-0.009499070141434807,-0.8144713889695928,-0.8140058301225994,86.31149983406067,30084113920,True,,
long_rvos/a3f2b5d434/2/8,long_rvos,a3f2b5d434,2,8,static,predicted_static,point,False,0.9239058276706165,0.9408479624445698,0.9323768950575931,0.929506136048708,0.9497859184739421,0.9396460272613251,0.0,0.0,0.0,0.0,0.6715876096779592,0.6781834997528815,0.6748855547154203,-0.9396460272613251,0.6748855547154203,-0.2574913403421728,21.723493114113808,9065705984,False,0.6748855547154203,0.0
long_rvos/a3f2b5d434/2/8,long_rvos,a3f2b5d434,2,8,static,predicted_static,box,False,0.9239058276706165,0.9408479624445698,0.9323768950575931,0.929506136048708,0.9497859184739421,0.9396460272613251,0.9184073892654202,0.9390787122699067,0.9287430507676635,0.9787946794766846,0.11419988835695213,0.11574039543907766,0.1149701418980149,-0.010902976493661565,-0.8137729088696486,-0.8174067531595782,45.69837077707052,30083958272,False,,
long_rvos/a3f2b5d434/2/8,long_rvos,a3f2b5d434,2,8,static,oracle_identity,point,True,0.9239058276706165,0.9408479624445698,0.9323768950575931,0.929506136048708,0.9497859184739421,0.9396460272613251,0.0,0.0,0.0,0.0,0.6715876096779592,0.6781834997528815,0.6748855547154203,-0.9396460272613251,0.6748855547154203,-0.2574913403421728,21.723493114113808,9065705984,True,0.6748855547154203,0.0
long_rvos/a3f2b5d434/2/8,long_rvos,a3f2b5d434,2,8,static,oracle_identity,box,True,0.9239058276706165,0.9408479624445698,0.9323768950575931,0.929506136048708,0.9497859184739421,0.9396460272613251,0.9184073892654202,0.9390787122699067,0.9287430507676635,0.9787946794766846,0.11419988835695213,0.11574039543907766,0.1149701418980149,-0.010902976493661565,-0.8137729088696486,-0.8174067531595782,45.69837077707052,30083958272,True,,
long_rvos/c6bb21356b/1/1,long_rvos,c6bb21356b,1,1,dynamic,predicted_static,point,False,0.5945319779444971,0.7130307867840737,0.6537813823642854,0.6805981911605182,0.75,0.7152990955802592,0.0,0.0,0.0,0.0,0.42457503255633816,0.4937840304346809,0.4591795314955095,-0.7152990955802592,0.4591795314955095,-0.1946018508687759,21.18464047461748,9065705984,False,0.4591795314955095,0.0
long_rvos/c6bb21356b/1/1,long_rvos,c6bb21356b,1,1,dynamic,predicted_static,box,False,0.5945319779444971,0.7130307867840737,0.6537813823642854,0.6805981911605182,0.75,0.7152990955802592,0.2231993299832496,0.25,0.2365996649916248,0.42946763602251403,0.07496512625260807,0.078125,0.07654506312630403,-0.4786994305886344,-0.16005460186532078,-0.5772363192379814,37.8979667276144,30083958272,False,,
long_rvos/c6bb21356b/1/1,long_rvos,c6bb21356b,1,1,dynamic,oracle_identity,point,True,0.8048804711730423,0.9626084894867764,0.8837444803299093,0.8995796726419997,1.0,0.9497898363209999,0.0,0.0,0.0,0.0,0.6615966761967012,0.78125,0.7214233380983506,-0.9497898363209999,0.7214233380983506,-0.1623211422315587,28.23371084034443,9065705984,False,0.7214233380983506,0.0
long_rvos/c6bb21356b/1/1,long_rvos,c6bb21356b,1,1,dynamic,oracle_identity,box,True,0.8048804711730423,0.9626084894867764,0.8837444803299093,0.8995796726419997,1.0,0.9497898363209999,0.2231993299832496,0.25,0.2365996649916248,0.2347560975609756,0.07496512625260807,0.078125,0.07654506312630403,-0.7131901713293751,-0.16005460186532078,-0.8071994172036052,39.70103581994772,27968306176,False,,
long_rvos/c6bb21356b/1/6,long_rvos,c6bb21356b,1,6,hybrid,predicted_static,point,False,0.6678338744441545,0.7800775613275613,0.723955717885858,0.6790751091623184,0.75,0.7145375545811593,0.0,0.0,0.0,0.0,0.2863861626489229,0.34283496673345126,0.3146105646911871,-0.7145375545811593,0.3146105646911871,-0.4093451531946709,36.07886316627264,9065705984,False,0.3146105646911871,0.0
long_rvos/c6bb21356b/1/6,long_rvos,c6bb21356b,1,6,hybrid,predicted_static,box,False,0.6678338744441545,0.7800775613275613,0.723955717885858,0.6790751091623184,0.75,0.7145375545811593,0.2228813559322034,0.25,0.2364406779661017,0.4429612649957449,0.07489056268693918,0.078125,0.07650778134346958,-0.4780968766150576,-0.1599328966226321,-0.6474479365423884,49.473956756293774,28223598592,False,,
long_rvos/c6bb21356b/1/6,long_rvos,c6bb21356b,1,6,hybrid,oracle_identity,point,True,0.8247529222008813,0.9827967171717171,0.9037748196862991,0.9142236240138035,1.0,0.9571118120069019,0.0,0.0,0.0,0.0,0.6621865393392281,0.78125,0.721718269669614,-0.9571118120069019,0.721718269669614,-0.18205655001668508,36.77401488274336,9065705984,False,0.721718269669614,0.0
long_rvos/c6bb21356b/1/6,long_rvos,c6bb21356b,1,6,hybrid,oracle_identity,box,True,0.8247529222008813,0.9827967171717171,0.9037748196862991,0.9142236240138035,1.0,0.9571118120069019,0.2228813559322034,0.25,0.2364406779661017,0.22602739726027396,0.07489056268693918,0.078125,0.07650778134346958,-0.7206711340408002,-0.1599328966226321,-0.8272670383428296,45.280195124447346,27968306176,False,,
long_rvos/c6bb21356b/1/0,long_rvos,c6bb21356b,1,0,static,predicted_static,point,False,0.046875,0.046875,0.046875,0.0,0.0,0.0,0.0,0.0,0.0,1.0,0.046875,0.046875,0.046875,0.0,0.046875,0.0,34.94391879439354,6698133504,False,0.046875,0.0
long_rvos/c6bb21356b/1/0,long_rvos,c6bb21356b,1,0,static,predicted_static,box,False,0.046875,0.046875,0.046875,0.0,0.0,0.0,0.0,0.0,0.0,1.0,0.046875,0.046875,0.046875,0.0,0.046875,0.0,41.99086444079876,6698133504,False,,
long_rvos/c6bb21356b/1/0,long_rvos,c6bb21356b,1,0,static,oracle_identity,point,True,0.0,0.0,0.0,0.0,0.0,0.0,0.0,0.0,0.0,1.0,0.046875,0.046875,0.046875,0.0,0.046875,0.046875,34.94391879439354,6698133504,True,0.046875,0.0
long_rvos/c6bb21356b/1/0,long_rvos,c6bb21356b,1,0,static,oracle_identity,box,True,0.0,0.0,0.0,0.0,0.0,0.0,0.0,0.0,0.0,1.0,0.046875,0.046875,0.046875,0.0,0.046875,0.046875,41.99086444079876,6698133504,True,,
long_rvos/6db18ab93a/1/1,long_rvos,6db18ab93a,1,1,dynamic,predicted_static,point,False,0.8161361125745993,0.7813232760909318,0.7987296943327655,0.8958975809156082,0.7820961949456893,0.8389968879306487,0.25,0.25,0.25,0.25,0.7673928428966399,0.7245547197731996,0.7459737813349198,-0.5889968879306487,0.49597378133491976,-0.052755912997845766,40.75377910584211,8870343168,False,0.7459737813349198,0.0
long_rvos/6db18ab93a/1/1,long_rvos,6db18ab93a,1,1,dynamic,predicted_static,box,False,0.8161361125745993,0.7813232760909318,0.7987296943327655,0.8958975809156082,0.7820961949456893,0.8389968879306487,0.670745402365935,0.634374718645899,0.652560060505917,0.7381945739681336,0.3544215876478709,0.3521484199153687,0.3532850037816198,-0.18643682742473178,-0.29927505672429716,-0.4454446905511457,58.916184686124325,28156298240,False,,
long_rvos/6db18ab93a/1/1,long_rvos,6db18ab93a,1,1,dynamic,oracle_identity,point,True,0.8161361125745993,0.7813232760909318,0.7987296943327655,0.8958975809156082,0.7820961949456893,0.8389968879306487,0.25,0.25,0.25,0.25,0.7673928428966399,0.7245547197731996,0.7459737813349198,-0.5889968879306487,0.49597378133491976,-0.052755912997845766,40.75377910584211,8870343168,True,0.7459737813349198,0.0
long_rvos/6db18ab93a/1/1,long_rvos,6db18ab93a,1,1,dynamic,oracle_identity,box,True,0.8161361125745993,0.7813232760909318,0.7987296943327655,0.8958975809156082,0.7820961949456893,0.8389968879306487,0.670745402365935,0.634374718645899,0.652560060505917,0.7381945739681336,0.3544215876478709,0.3521484199153687,0.3532850037816198,-0.18643682742473178,-0.29927505672429716,-0.4454446905511457,58.916184686124325,28156298240,True,,
long_rvos/6db18ab93a/1/3,long_rvos,6db18ab93a,1,3,dynamic,predicted_static,point,False,0.8263044559925994,0.7895216177917544,0.807913036892177,0.8958975809156082,0.7820961949456893,0.8389968879306487,0.25,0.25,0.25,0.25,0.7673928428966399,0.7245547197731996,0.7459737813349198,-0.5889968879306487,0.49597378133491976,-0.06193925555725721,40.75377910584211,8870343168,True,0.7459737813349198,0.0
long_rvos/6db18ab93a/1/3,long_rvos,6db18ab93a,1,3,dynamic,predicted_static,box,False,0.8263044559925994,0.7895216177917544,0.807913036892177,0.8983953141568599,0.798356858123388,0.8483760861401239,0.67159185795377,0.6372644092171492,0.6544281335854596,0.7380375278197028,0.3544744911221106,0.3523290255760718,0.3534017583490912,-0.19394795255466435,-0.3010263752363684,-0.45451127854308576,62.100682720541954,28156298240,False,,
long_rvos/6db18ab93a/1/3,long_rvos,6db18ab93a,1,3,dynamic,oracle_identity,point,True,0.8263044559925994,0.7895216177917544,0.807913036892177,0.8958975809156082,0.7820961949456893,0.8389968879306487,0.25,0.25,0.25,0.25,0.7673928428966399,0.7245547197731996,0.7459737813349198,-0.5889968879306487,0.49597378133491976,-0.06193925555725721,40.75377910584211,8870343168,True,0.7459737813349198,0.0
long_rvos/6db18ab93a/1/3,long_rvos,6db18ab93a,1,3,dynamic,oracle_identity,box,True,0.8263044559925994,0.7895216177917544,0.807913036892177,0.8983953141568599,0.798356858123388,0.8483760861401239,0.67159185795377,0.6372644092171492,0.6544281335854596,0.7380375278197028,0.3544744911221106,0.3523290255760718,0.3534017583490912,-0.19394795255466435,-0.3010263752363684,-0.45451127854308576,62.100682720541954,28156298240,True,,
long_rvos/6db18ab93a/1/8,long_rvos,6db18ab93a,1,8,hybrid,predicted_static,point,False,0.8161361125745993,0.7813232760909318,0.7987296943327655,0.8958975809156082,0.7820961949456893,0.8389968879306487,0.25,0.25,0.25,0.25,0.7673928428966399,0.7245547197731996,0.7459737813349198,-0.5889968879306487,0.49597378133491976,-0.052755912997845766,40.75377910584211,8870343168,True,0.7459737813349198,0.0
long_rvos/6db18ab93a/1/8,long_rvos,6db18ab93a,1,8,hybrid,predicted_static,box,False,0.8161361125745993,0.7813232760909318,0.7987296943327655,0.8958975809156082,0.7820961949456893,0.8389968879306487,0.670745402365935,0.634374718645899,0.652560060505917,0.7381945739681336,0.3544215876478709,0.3521484199153687,0.3532850037816198,-0.18643682742473178,-0.29927505672429716,-0.4454446905511457,58.916184686124325,28156298240,True,,
long_rvos/6db18ab93a/1/8,long_rvos,6db18ab93a,1,8,hybrid,oracle_identity,point,True,0.8161361125745993,0.7813232760909318,0.7987296943327655,0.8958975809156082,0.7820961949456893,0.8389968879306487,0.25,0.25,0.25,0.25,0.7673928428966399,0.7245547197731996,0.7459737813349198,-0.5889968879306487,0.49597378133491976,-0.052755912997845766,40.75377910584211,8870343168,True,0.7459737813349198,0.0
long_rvos/6db18ab93a/1/8,long_rvos,6db18ab93a,1,8,hybrid,oracle_identity,box,True,0.8161361125745993,0.7813232760909318,0.7987296943327655,0.8958975809156082,0.7820961949456893,0.8389968879306487,0.670745402365935,0.634374718645899,0.652560060505917,0.7381945739681336,0.3544215876478709,0.3521484199153687,0.3532850037816198,-0.18643682742473178,-0.29927505672429716,-0.4454446905511457,58.916184686124325,28156298240,True,,
long_rvos/6db18ab93a/1/9,long_rvos,6db18ab93a,1,9,hybrid,predicted_static,point,False,0.8146439424961562,0.7790196534298489,0.7968317979630026,0.8936172727574714,0.7827644769949205,0.8381908748761959,0.25,0.25,0.25,0.25,0.7674002318808044,0.724334979068641,0.7458676054747226,-0.5881908748761959,0.49586760547472264,-0.05096419248827999,47.7085203230381,8870343168,False,0.7458676054747226,0.0
long_rvos/6db18ab93a/1/9,long_rvos,6db18ab93a,1,9,hybrid,predicted_static,box,False,0.8146439424961562,0.7790196534298489,0.7968317979630026,0.8936172727574714,0.7827644769949205,0.8381908748761959,0.670745402365935,0.634374718645899,0.652560060505917,0.7380232527963044,0.3544215876478709,0.3521484199153687,0.3532850037816198,-0.18563081437027895,-0.29927505672429716,-0.4435467941813828,52.488692335784435,28156298240,False,,
long_rvos/6db18ab93a/1/9,long_rvos,6db18ab93a,1,9,hybrid,oracle_identity,point,True,0.8146439424961562,0.7790196534298489,0.7968317979630026,0.8936172727574714,0.7827644769949205,0.8381908748761959,0.25,0.25,0.25,0.25,0.7674002318808044,0.724334979068641,0.7458676054747226,-0.5881908748761959,0.49586760547472264,-0.05096419248827999,47.7085203230381,8870343168,True,0.7458676054747226,0.0
long_rvos/6db18ab93a/1/9,long_rvos,6db18ab93a,1,9,hybrid,oracle_identity,box,True,0.8146439424961562,0.7790196534298489,0.7968317979630026,0.8936172727574714,0.7827644769949205,0.8381908748761959,0.670745402365935,0.634374718645899,0.652560060505917,0.7380232527963044,0.3544215876478709,0.3521484199153687,0.3532850037816198,-0.18563081437027895,-0.29927505672429716,-0.4435467941813828,52.488692335784435,28156298240,True,,
long_rvos/6db18ab93a/1/0,long_rvos,6db18ab93a,1,0,static,predicted_static,point,False,0.8161361125745993,0.7813232760909318,0.7987296943327655,0.8958975809156082,0.7820961949456893,0.8389968879306487,0.25,0.25,0.25,0.25,0.7673928428966399,0.7245547197731996,0.7459737813349198,-0.5889968879306487,0.49597378133491976,-0.052755912997845766,40.75377910584211,8870343168,True,0.7459737813349198,0.0
long_rvos/6db18ab93a/1/0,long_rvos,6db18ab93a,1,0,static,predicted_static,box,False,0.8161361125745993,0.7813232760909318,0.7987296943327655,0.8958975809156082,0.7820961949456893,0.8389968879306487,0.670745402365935,0.634374718645899,0.652560060505917,0.7381945739681336,0.3544215876478709,0.3521484199153687,0.3532850037816198,-0.18643682742473178,-0.29927505672429716,-0.4454446905511457,58.916184686124325,28156298240,True,,
long_rvos/6db18ab93a/1/0,long_rvos,6db18ab93a,1,0,static,oracle_identity,point,True,0.8161361125745993,0.7813232760909318,0.7987296943327655,0.8958975809156082,0.7820961949456893,0.8389968879306487,0.25,0.25,0.25,0.25,0.7673928428966399,0.7245547197731996,0.7459737813349198,-0.5889968879306487,0.49597378133491976,-0.052755912997845766,40.75377910584211,8870343168,True,0.7459737813349198,0.0
long_rvos/6db18ab93a/1/0,long_rvos,6db18ab93a,1,0,static,oracle_identity,box,True,0.8161361125745993,0.7813232760909318,0.7987296943327655,0.8958975809156082,0.7820961949456893,0.8389968879306487,0.670745402365935,0.634374718645899,0.652560060505917,0.7381945739681336,0.3544215876478709,0.3521484199153687,0.3532850037816198,-0.18643682742473178,-0.29927505672429716,-0.4454446905511457,58.916184686124325,28156298240,True,,
long_rvos/6db18ab93a/1/2,long_rvos,6db18ab93a,1,2,static,predicted_static,point,False,0.6537131253421616,0.6325025467695802,0.6431078360558709,0.4308212401055409,0.3832382179675994,0.40702972903657014,0.25,0.25,0.25,0.75,0.328125,0.328125,0.328125,-0.15702972903657014,0.078125,-0.31498283605587085,61.864542327821255,8049517056,False,0.328125,0.0
long_rvos/6db18ab93a/1/2,long_rvos,6db18ab93a,1,2,static,predicted_static,box,False,0.6537131253421616,0.6325025467695802,0.6431078360558709,0.4308212401055409,0.3832382179675994,0.40702972903657014,0.43408492429229756,0.39188075740451944,0.4129828408484085,0.9876208897485493,0.3396303077682686,0.3369925473377825,0.33831142755302557,0.00595311181183833,-0.0746714132953829,-0.3047964085028453,54.43149000406265,25184935424,False,,
long_rvos/6db18ab93a/1/2,long_rvos,6db18ab93a,1,2,static,oracle_identity,point,True,0.9084338860092693,0.8689728138368724,0.8887033499230709,0.8958975809156082,0.7820961949456893,0.8389968879306487,0.25,0.25,0.25,0.25,0.7673928428966399,0.7245547197731996,0.7459737813349198,-0.5889968879306487,0.49597378133491976,-0.1427295685881511,40.75377910584211,8870343168,True,0.7459737813349198,0.0
long_rvos/6db18ab93a/1/2,long_rvos,6db18ab93a,1,2,static,oracle_identity,box,True,0.9084338860092693,0.8689728138368724,0.8887033499230709,0.895579821866142,0.7795128746769231,0.8375463482715326,0.6747905388598241,0.6418807574045194,0.6583356481321718,0.7333998613525401,0.354674408678739,0.3526175473377825,0.35364597800826075,-0.1792107001393608,-0.30468967012391107,-0.5350573719148102,64.0812498703599,28156298240,False,,
long_rvos/bd4aefda10/2/5,long_rvos,bd4aefda10,2,5,dynamic,predicted_static,point,False,0.3359485888858264,0.3836586029829018,0.35980359593436406,0.5553859694490348,0.7272306621241631,0.641308315786599,0.0,0.0,0.0,0.0,0.6090406622660096,0.6633388548621693,0.6361897585640894,-0.641308315786599,0.6361897585640894,0.2763861626297254,90.8614572584629,10261189120,False,0.6361897585640894,0.0
long_rvos/bd4aefda10/2/5,long_rvos,bd4aefda10,2,5,dynamic,predicted_static,box,False,0.3359485888858264,0.3836586029829018,0.35980359593436406,0.5553859694490348,0.7272306621241631,0.641308315786599,0.5507607857996046,0.7209351287259447,0.6358479572627747,0.9481267555017352,0.06822509064148019,0.08948312978940975,0.07885411021544497,-0.005460358523824316,-0.5569938470473297,-0.2809494857189191,106.42627079039812,31024073728,False,,
long_rvos/bd4aefda10/2/5,long_rvos,bd4aefda10,2,5,dynamic,oracle_identity,point,True,0.23898978042199717,0.2698645048154673,0.2544271426187322,0.31422781226584623,0.414387167282886,0.3643074897743661,0.0,0.0,0.0,0.5,0.1770747954808487,0.2040897058041905,0.1905822506425196,-0.3643074897743661,0.1905822506425196,-0.06384489197621263,92.42513701319695,9186068992,False,0.1905822506425196,0.0
long_rvos/bd4aefda10/2/5,long_rvos,bd4aefda10,2,5,dynamic,oracle_identity,box,True,0.23898978042199717,0.2698645048154673,0.2544271426187322,0.31422781226584623,0.414387167282886,0.3643074897743661,0.30768278918996295,0.40635503346639545,0.3570189113281792,0.9753160895964657,0.037700549258462446,0.049687533802574096,0.04369404153051827,-0.007288578446186911,-0.31332486979766094,-0.21073310108821397,133.18320587277412,31024073728,False,,
long_rvos/bd4aefda10/2/7,long_rvos,bd4aefda10,2,7,dynamic,predicted_static,point,False,0.3359485888858264,0.3836586029829018,0.35980359593436406,0.5553859694490348,0.7272306621241631,0.641308315786599,0.0,0.0,0.0,0.0,0.6090406622660096,0.6633388548621693,0.6361897585640894,-0.641308315786599,0.6361897585640894,0.2763861626297254,90.8614572584629,10261189120,True,0.6361897585640894,0.0
long_rvos/bd4aefda10/2/7,long_rvos,bd4aefda10,2,7,dynamic,predicted_static,box,False,0.3359485888858264,0.3836586029829018,0.35980359593436406,0.5553859694490348,0.7272306621241631,0.641308315786599,0.5507607857996046,0.7209351287259447,0.6358479572627747,0.9481267555017352,0.06822509064148019,0.08948312978940975,0.07885411021544497,-0.005460358523824316,-0.5569938470473297,-0.2809494857189191,106.42627079039812,31024073728,True,,
long_rvos/bd4aefda10/2/7,long_rvos,bd4aefda10,2,7,dynamic,oracle_identity,point,True,0.23898978042199717,0.2698645048154673,0.2544271426187322,0.31422781226584623,0.414387167282886,0.3643074897743661,0.0,0.0,0.0,0.5,0.1770747954808487,0.2040897058041905,0.1905822506425196,-0.3643074897743661,0.1905822506425196,-0.06384489197621263,92.42513701319695,9186068992,True,0.1905822506425196,0.0
long_rvos/bd4aefda10/2/7,long_rvos,bd4aefda10,2,7,dynamic,oracle_identity,box,True,0.23898978042199717,0.2698645048154673,0.2544271426187322,0.31422781226584623,0.414387167282886,0.3643074897743661,0.30768278918996295,0.40635503346639545,0.3570189113281792,0.9753160895964657,0.037700549258462446,0.049687533802574096,0.04369404153051827,-0.007288578446186911,-0.31332486979766094,-0.21073310108821397,133.18320587277412,31024073728,True,,
long_rvos/bd4aefda10/2/9,long_rvos,bd4aefda10,2,9,hybrid,predicted_static,point,False,0.0,0.0,0.0,0.0,0.0,0.0,0.0,0.0,0.0,1.0,0.0,0.0,0.0,0.0,0.0,0.0,120.44864690303802,7900010496,False,0.0,0.0
long_rvos/bd4aefda10/2/9,long_rvos,bd4aefda10,2,9,hybrid,predicted_static,box,False,0.0,0.0,0.0,0.0,0.0,0.0,0.0,0.0,0.0,1.0,0.0,0.0,0.0,0.0,0.0,0.0,119.44326236099005,7900010496,False,,
long_rvos/bd4aefda10/2/9,long_rvos,bd4aefda10,2,9,hybrid,oracle_identity,point,True,0.0,0.0,0.0,0.0,0.0,0.0,0.0,0.0,0.0,1.0,0.0,0.0,0.0,0.0,0.0,0.0,120.44864690303802,7900010496,True,0.0,0.0
long_rvos/bd4aefda10/2/9,long_rvos,bd4aefda10,2,9,hybrid,oracle_identity,box,True,0.0,0.0,0.0,0.0,0.0,0.0,0.0,0.0,0.0,1.0,0.0,0.0,0.0,0.0,0.0,0.0,119.44326236099005,7900010496,True,,
long_rvos/bd4aefda10/2/4,long_rvos,bd4aefda10,2,4,static,predicted_static,point,False,0.0,0.0,0.0,0.0,0.0,0.0,0.0,0.0,0.0,1.0,0.0,0.0,0.0,0.0,0.0,0.0,120.44864690303802,7900010496,True,0.0,0.0
long_rvos/bd4aefda10/2/4,long_rvos,bd4aefda10,2,4,static,predicted_static,box,False,0.0,0.0,0.0,0.0,0.0,0.0,0.0,0.0,0.0,1.0,0.0,0.0,0.0,0.0,0.0,0.0,119.44326236099005,7900010496,True,,
long_rvos/bd4aefda10/2/4,long_rvos,bd4aefda10,2,4,static,oracle_identity,point,True,0.0,0.0,0.0,0.0,0.0,0.0,0.0,0.0,0.0,1.0,0.0,0.0,0.0,0.0,0.0,0.0,120.44864690303802,7900010496,True,0.0,0.0
long_rvos/bd4aefda10/2/4,long_rvos,bd4aefda10,2,4,static,oracle_identity,box,True,0.0,0.0,0.0,0.0,0.0,0.0,0.0,0.0,0.0,1.0,0.0,0.0,0.0,0.0,0.0,0.0,119.44326236099005,7900010496,True,,
long_rvos/bd4aefda10/2/6,long_rvos,bd4aefda10,2,6,static,predicted_static,point,False,4.111323896363619e-06,0.0023588037030528733,0.0011814575134746184,0.0,0.0,0.0,0.0,0.0,0.0,0.0,0.0,0.0009645917226942934,0.0004822958613471467,0.0,0.0004822958613471467,-0.0006991616521274717,131.24948389828205,10261189120,False,0.0004822958613471467,0.0
long_rvos/bd4aefda10/2/6,long_rvos,bd4aefda10,2,6,static,predicted_static,box,False,4.111323896363619e-06,0.0023588037030528733,0.0011814575134746184,0.0,0.0,0.0,0.0,0.0,0.0,0.866870909500062,0.0,0.001128748296228987,0.0005643741481144935,0.0,0.0005643741481144935,-0.0006170833653601249,141.9078998938203,31024073728,False,,
long_rvos/bd4aefda10/2/6,long_rvos,bd4aefda10,2,6,static,oracle_identity,point,True,0.23898978042199717,0.2698645048154673,0.2544271426187322,0.31422781226584623,0.414387167282886,0.3643074897743661,0.0,0.0,0.0,0.5,0.1770747954808487,0.2040897058041905,0.1905822506425196,-0.3643074897743661,0.1905822506425196,-0.06384489197621263,92.42513701319695,9186068992,True,0.1905822506425196,0.0
long_rvos/bd4aefda10/2/6,long_rvos,bd4aefda10,2,6,static,oracle_identity,box,True,0.23898978042199717,0.2698645048154673,0.2544271426187322,0.31422781226584623,0.414387167282886,0.3643074897743661,0.30768278918996295,0.40635503346639545,0.3570189113281792,0.9753160895964657,0.037700549258462446,0.049687533802574096,0.04369404153051827,-0.007288578446186911,-0.31332486979766094,-0.21073310108821397,133.18320587277412,31024073728,True,,
long_rvos/af3ad95fe0/5/9,long_rvos,af3ad95fe0,5,9,dynamic,predicted_static,point,False,0.7089029063039938,0.8339576578118442,0.771430282057919,0.8631163751319885,1.0,0.9315581875659942,0.25,0.25,0.25,0.25,0.5682503694746387,0.6507272851819663,0.6094888273283026,-0.6815581875659942,0.35948882732830256,-0.1619414547296164,207.66252675652504,10384357888,False,0.6094888273283026,0.0
long_rvos/af3ad95fe0/5/9,long_rvos,af3ad95fe0,5,9,dynamic,predicted_static,box,False,0.7089029063039938,0.8339576578118442,0.771430282057919,0.8631163751319885,1.0,0.9315581875659942,0.655916119407771,0.75,0.7029580597038855,0.7359607389738521,0.2909947574629857,0.296875,0.2939348787314928,-0.2286001278621087,-0.40902318097239265,-0.47749540332642615,230.73498932272196,31191484928,False,,
long_rvos/af3ad95fe0/5/9,long_rvos,af3ad95fe0,5,9,dynamic,oracle_identity,point,True,0.4936894237800323,0.5687873745131408,0.5312383991465865,0.6566059584653218,0.75,0.7033029792326608,0.25,0.25,0.25,0.5,0.5720260638093745,0.6543930448475627,0.6132095543284686,-0.45330297923266083,0.3632095543284686,0.08197115518188203,221.4647034034133,10101197312,False,0.6132095543284686,0.0
long_rvos/af3ad95fe0/5/9,long_rvos,af3ad95fe0,5,9,dynamic,oracle_identity,box,True,0.4936894237800323,0.5687873745131408,0.5312383991465865,0.6566059584653218,0.75,0.7033029792326608,0.655916119407771,0.75,0.7029580597038855,0.9859607389738521,0.2909947574629857,0.296875,0.2939348787314928,-0.0003449195287753559,-0.40902318097239265,-0.23730352041509373,225.66874163597822,31193598464,False,,
long_rvos/af3ad95fe0/5/16,long_rvos,af3ad95fe0,5,16,hybrid,predicted_static,point,False,0.047345554915130775,0.07763713133921654,0.06249134312717366,5.550107363422725e-05,0.060527485521796175,0.030291493297715202,0.25,0.25,0.25,0.25,0.140809705609789,0.15622383801224704,0.14851677181101802,0.2197085067022848,-0.10148322818898198,0.08602542868384436,211.88763133436441,10384579072,False,0.14851677181101802,0.0
long_rvos/af3ad95fe0/5/16,long_rvos,af3ad95fe0,5,16,hybrid,predicted_static,box,False,0.047345554915130775,0.07763713133921654,0.06249134312717366,5.550107363422725e-05,0.060527485521796175,0.030291493297715202,0.0,0.01042462992563764,0.00521231496281882,0.7388195866624471,0.25,0.25065153937035234,0.25032576968517617,-0.025079178334896382,0.24511345472235735,0.1878344265580025,227.8400276824832,31197411840,False,,
long_rvos/af3ad95fe0/5/16,long_rvos,af3ad95fe0,5,16,hybrid,oracle_identity,point,True,0.265625,0.265625,0.265625,0.25,0.25,0.25,0.25,0.25,0.25,1.0,0.265625,0.265625,0.265625,0.0,0.015625,0.0,214.17170304059982,8558792704,False,0.265625,0.0
long_rvos/af3ad95fe0/5/16,long_rvos,af3ad95fe0,5,16,hybrid,oracle_identity,box,True,0.265625,0.265625,0.265625,0.25,0.25,0.25,0.25,0.25,0.25,1.0,0.265625,0.265625,0.265625,0.0,0.015625,0.0,213.0608041062951,8558792704,False,,
long_rvos/20eaede0fb/2/5,long_rvos,20eaede0fb,2,5,dynamic,predicted_static,point,False,0.28125,0.28125,0.28125,0.0,0.0,0.0,0.5,0.5,0.5,0.25,0.28125,0.28125,0.28125,0.5,-0.21875,0.0,28.543124735355377,8500401152,False,0.28125,0.0
long_rvos/20eaede0fb/2/5,long_rvos,20eaede0fb,2,5,dynamic,predicted_static,box,False,0.28125,0.28125,0.28125,0.0,0.0,0.0,0.0,0.0,0.0,0.770992995898082,0.578125,0.578125,0.578125,0.0,0.578125,0.296875,72.45158368349075,30079623680,False,,
long_rvos/20eaede0fb/2/5,long_rvos,20eaede0fb,2,5,dynamic,oracle_identity,point,True,0.609375,0.609375,0.609375,0.5,0.5,0.5,0.5,0.5,0.5,1.0,0.625,0.625,0.625,0.0,0.125,0.015625,43.184904746711254,6698133504,False,0.625,0.0
long_rvos/20eaede0fb/2/5,long_rvos,20eaede0fb,2,5,dynamic,oracle_identity,box,True,0.609375,0.609375,0.609375,0.5,0.5,0.5,0.5,0.5,0.5,1.0,0.625,0.625,0.625,0.0,0.125,0.015625,44.861918926239014,6698133504,False,,
long_rvos/20eaede0fb/2/8,long_rvos,20eaede0fb,2,8,hybrid,predicted_static,point,False,0.625,0.625,0.625,0.5,0.5,0.5,0.5,0.5,0.5,1.0,0.625,0.625,0.625,0.0,0.125,0.0,51.57564436644316,6698133504,False,0.625,0.0
long_rvos/20eaede0fb/2/8,long_rvos,20eaede0fb,2,8,hybrid,predicted_static,box,False,0.625,0.625,0.625,0.5,0.5,0.5,0.5,0.5,0.5,1.0,0.625,0.625,0.625,0.0,0.125,0.0,42.831994235515594,6698133504,False,,
long_rvos/20eaede0fb/2/8,long_rvos,20eaede0fb,2,8,hybrid,oracle_identity,point,True,0.0,0.0,0.0,0.5,0.5,0.5,0.5,0.5,0.5,1.0,0.625,0.625,0.625,0.0,0.125,0.625,51.57564436644316,6698133504,True,0.625,0.0
long_rvos/20eaede0fb/2/8,long_rvos,20eaede0fb,2,8,hybrid,oracle_identity,box,True,0.0,0.0,0.0,0.5,0.5,0.5,0.5,0.5,0.5,1.0,0.625,0.625,0.625,0.0,0.125,0.625,42.831994235515594,6698133504,True,,
long_rvos/20eaede0fb/2/4,long_rvos,20eaede0fb,2,4,static,predicted_static,point,False,0.625,0.625,0.625,0.5,0.5,0.5,0.5,0.5,0.5,1.0,0.625,0.625,0.625,0.0,0.125,0.0,51.57564436644316,6698133504,True,0.625,0.0
long_rvos/20eaede0fb/2/4,long_rvos,20eaede0fb,2,4,static,predicted_static,box,False,0.625,0.625,0.625,0.5,0.5,0.5,0.5,0.5,0.5,1.0,0.625,0.625,0.625,0.0,0.125,0.0,42.831994235515594,6698133504,True,,
long_rvos/20eaede0fb/2/4,long_rvos,20eaede0fb,2,4,static,oracle_identity,point,True,0.0,0.0,0.0,0.5,0.5,0.5,0.5,0.5,0.5,1.0,0.625,0.625,0.625,0.0,0.125,0.625,51.57564436644316,6698133504,True,0.625,0.0
long_rvos/20eaede0fb/2/4,long_rvos,20eaede0fb,2,4,static,oracle_identity,box,True,0.0,0.0,0.0,0.5,0.5,0.5,0.5,0.5,0.5,1.0,0.625,0.625,0.625,0.0,0.125,0.625,42.831994235515594,6698133504,True,,
long_rvos/b5c9c04bf9/5/3,long_rvos,b5c9c04bf9,5,3,dynamic,predicted_static,point,False,0.2780889210863246,0.292166913845607,0.2851279174659658,0.24429117586278157,0.24895833333333334,0.24662475459805744,0.0,0.0,0.0,0.75,0.0,0.0,0.0,-0.24662475459805744,0.0,-0.2851279174659658,44.77869525551796,7704100352,False,0.0,0.0
long_rvos/b5c9c04bf9/5/3,long_rvos,b5c9c04bf9,5,3,dynamic,predicted_static,box,False,0.2780889210863246,0.292166913845607,0.2851279174659658,0.24429117586278157,0.24895833333333334,0.24662475459805744,0.0,0.0,0.0,0.75,0.0,0.0,0.0,-0.24662475459805744,0.0,-0.2851279174659658,26.109161481261253,7664959488,False,,
long_rvos/b5c9c04bf9/5/3,long_rvos,b5c9c04bf9,5,3,dynamic,oracle_identity,point,True,0.8295524053167432,0.8642882218559989,0.846920313586371,0.9485945382694384,0.985195035460993,0.9668947868652156,0.0,0.0,0.0,0.0,0.5671921127881396,0.5878427814965405,0.5775174471423401,-0.9668947868652156,0.5775174471423401,-0.2694028664440309,25.739517502486706,9066853888,False,0.5775174471423401,0.0
long_rvos/b5c9c04bf9/5/3,long_rvos,b5c9c04bf9,5,3,dynamic,oracle_identity,box,True,0.8295524053167432,0.8642882218559989,0.846920313586371,0.9485945382694384,0.985195035460993,0.9668947868652156,0.0,0.0,0.0,0.0,0.0,0.0,0.0,-0.9668947868652156,0.0,-0.846920313586371,32.94384378939867,7664959488,False,,
long_rvos/b5c9c04bf9/5/7,long_rvos,b5c9c04bf9,5,7,hybrid,predicted_static,point,False,0.0,0.0,0.0,0.0,0.0,0.0,0.0,0.0,0.0,1.0,0.0,0.0,0.0,0.0,0.0,0.0,24.091649271547794,6698133504,False,0.0,0.0
long_rvos/b5c9c04bf9/5/7,long_rvos,b5c9c04bf9,5,7,hybrid,predicted_static,box,False,0.0,0.0,0.0,0.0,0.0,0.0,0.0,0.0,0.0,1.0,0.0,0.0,0.0,0.0,0.0,0.0,29.282220542430878,5359292416,False,,
long_rvos/b5c9c04bf9/5/7,long_rvos,b5c9c04bf9,5,7,hybrid,oracle_identity,point,True,0.2641998001191444,0.2771439199012979,0.27067186001022114,0.21443089430894308,0.24696969696969698,0.23070029563932004,0.0,0.0,0.0,0.75,0.0,0.0,0.0,-0.23070029563932004,0.0,-0.27067186001022114,20.956586949527264,7675000320,False,0.0,0.0
long_rvos/b5c9c04bf9/5/7,long_rvos,b5c9c04bf9,5,7,hybrid,oracle_identity,box,True,0.2641998001191444,0.2771439199012979,0.27067186001022114,0.21443089430894308,0.24696969696969698,0.23070029563932004,0.2100791092880164,0.24064386317907444,0.2253614862335454,0.9383450911228689,0.027652896728923477,0.03052329525721766,0.029088095993070568,-0.005338809405774636,-0.19627339024047483,-0.24158376401715057,24.64962213486433,28211335168,False,,
long_rvos/b5c9c04bf9/5/2,long_rvos,b5c9c04bf9,5,2,static,predicted_static,point,False,0.0,0.0,0.0,0.0,0.0,0.0,0.0,0.0,0.0,1.0,0.0,0.0,0.0,0.0,0.0,0.0,24.091649271547794,6698133504,True,0.0,0.0
long_rvos/b5c9c04bf9/5/2,long_rvos,b5c9c04bf9,5,2,static,predicted_static,box,False,0.0,0.0,0.0,0.0,0.0,0.0,0.0,0.0,0.0,1.0,0.0,0.0,0.0,0.0,0.0,0.0,29.282220542430878,5359292416,True,,
long_rvos/b5c9c04bf9/5/2,long_rvos,b5c9c04bf9,5,2,static,oracle_identity,point,True,0.2641998001191444,0.2771439199012979,0.27067186001022114,0.21443089430894308,0.24696969696969698,0.23070029563932004,0.0,0.0,0.0,0.75,0.0,0.0,0.0,-0.23070029563932004,0.0,-0.27067186001022114,20.956586949527264,7675000320,True,0.0,0.0
long_rvos/b5c9c04bf9/5/2,long_rvos,b5c9c04bf9,5,2,static,oracle_identity,box,True,0.2641998001191444,0.2771439199012979,0.27067186001022114,0.21443089430894308,0.24696969696969698,0.23070029563932004,0.2100791092880164,0.24064386317907444,0.2253614862335454,0.9383450911228689,0.027652896728923477,0.03052329525721766,0.029088095993070568,-0.005338809405774636,-0.19627339024047483,-0.24158376401715057,24.64962213486433,28211335168,True,,
long_rvos/5c0c9c0098/3/9,long_rvos,5c0c9c0098,3,9,dynamic,predicted_static,point,False,0.12501359122838218,0.13562160924501587,0.13031760023669903,0.0,0.0,0.0,0.25,0.25,0.25,0.25,0.1562745364373812,0.16694849052740715,0.16161151348239416,0.25,-0.08838848651760584,0.03129391324569514,25.829465508461,8527647232,False,0.16161151348239416,0.0
long_rvos/5c0c9c0098/3/9,long_rvos,5c0c9c0098,3,9,dynamic,predicted_static,box,False,0.12501359122838218,0.13562160924501587,0.13031760023669903,0.0,0.0,0.0,0.0,0.0,0.0,0.7238469643089788,0.515625,0.515625,0.515625,0.0,0.515625,0.385307399763301,30.39798515290022,28211335168,False,,
long_rvos/5c0c9c0098/3/9,long_rvos,5c0c9c0098,3,9,dynamic,oracle_identity,point,True,0.6033106279443627,0.6016140643600353,0.602462346152199,0.25,0.25,0.25,0.25,0.25,0.25,1.0,0.5625,0.5625,0.5625,0.0,0.3125,-0.03996234615219896,20.97835486382246,6698133504,False,0.5625,0.0
long_rvos/5c0c9c0098/3/9,long_rvos,5c0c9c0098,3,9,dynamic,oracle_identity,box,True,0.6033106279443627,0.6016140643600353,0.602462346152199,0.25,0.25,0.25,0.25,0.25,0.25,1.0,0.5625,0.5625,0.5625,0.0,0.3125,-0.03996234615219896,26.47067991644144,6698133504,False,,
long_rvos/5c0c9c0098/3/12,long_rvos,5c0c9c0098,3,12,hybrid,predicted_static,point,False,0.5625,0.5625,0.5625,0.25,0.25,0.25,0.25,0.25,0.25,1.0,0.5625,0.5625,0.5625,0.0,0.3125,0.0,23.469516783952713,6698133504,False,0.5625,0.0
long_rvos/5c0c9c0098/3/12,long_rvos,5c0c9c0098,3,12,hybrid,predicted_static,box,False,0.5625,0.5625,0.5625,0.25,0.25,0.25,0.25,0.25,0.25,1.0,0.5625,0.5625,0.5625,0.0,0.3125,0.0,29.751555062830448,6698133504,False,,
long_rvos/5c0c9c0098/3/12,long_rvos,5c0c9c0098,3,12,hybrid,oracle_identity,point,True,0.0,0.0,0.0,0.25,0.25,0.25,0.25,0.25,0.25,1.0,0.5625,0.5625,0.5625,0.0,0.3125,0.5625,23.469516783952713,6698133504,True,0.5625,0.0
long_rvos/5c0c9c0098/3/12,long_rvos,5c0c9c0098,3,12,hybrid,oracle_identity,box,True,0.0,0.0,0.0,0.25,0.25,0.25,0.25,0.25,0.25,1.0,0.5625,0.5625,0.5625,0.0,0.3125,0.5625,29.751555062830448,6698133504,True,,
long_rvos/5c0c9c0098/3/8,long_rvos,5c0c9c0098,3,8,static,predicted_static,point,False,0.4375,0.446025028665951,0.44176251433297553,0.25,0.25,0.25,0.25,0.25,0.25,0.75,0.5625,0.5625,0.5625,0.0,0.3125,0.12073748566702447,30.084885768592358,7705785856,False,0.5625,0.0
long_rvos/5c0c9c0098/3/8,long_rvos,5c0c9c0098,3,8,static,predicted_static,box,False,0.4375,0.446025028665951,0.44176251433297553,0.25,0.25,0.25,0.25,0.25,0.25,0.75,0.5625,0.5625,0.5625,0.0,0.3125,0.12073748566702447,37.069727048277855,7665122304,False,,
long_rvos/5c0c9c0098/3/8,long_rvos,5c0c9c0098,3,8,static,oracle_identity,point,True,0.6190632506200338,0.6165052638480759,0.6177842572340548,0.25,0.25,0.25,0.25,0.25,0.25,1.0,0.5625,0.5625,0.5625,0.0,0.3125,-0.055284257234054834,35.42110849171877,6698133504,False,0.5625,0.0
long_rvos/5c0c9c0098/3/8,long_rvos,5c0c9c0098,3,8,static,oracle_identity,box,True,0.6190632506200338,0.6165052638480759,0.6177842572340548,0.25,0.25,0.25,0.25,0.25,0.25,1.0,0.5625,0.5625,0.5625,0.0,0.3125,-0.055284257234054834,38.17614816874266,6698133504,False,,
long_rvos/2abb12f2f7/1/1,long_rvos,2abb12f2f7,1,1,dynamic,predicted_static,point,False,0.22670199101724312,0.5139836563874278,0.37034282370233546,0.243836511352766,0.4792502405337199,0.36154337594324293,0.0,0.0,0.0,0.0,0.18383689568123307,0.32188879027472017,0.2528628429779766,-0.36154337594324293,0.2528628429779766,-0.11747998072435883,80.22002295404673,10922957312,False,0.2528628429779766,0.0
long_rvos/2abb12f2f7/1/1,long_rvos,2abb12f2f7,1,1,dynamic,predicted_static,box,False,0.22670199101724312,0.5139836563874278,0.37034282370233546,0.243836511352766,0.4792502405337199,0.36154337594324293,0.0016316984245463887,0.17404037267303707,0.08783603554879173,0.5904688460284335,0.0001019811515341493,0.010877523292064817,0.005489752221799483,-0.2737073403944512,-0.08234628332699225,-0.364853071480536,99.15270484983921,31189076480,False,,
long_rvos/2abb12f2f7/1/1,long_rvos,2abb12f2f7,1,1,dynamic,oracle_identity,point,True,0.9676237660413882,0.9060226535543665,0.9368232097978774,0.960380467983504,0.8922307024923755,0.9263055852379397,0.0,0.0,0.0,0.0,0.7037697186634281,0.6311535747688712,0.6674616467161496,-0.9263055852379397,0.6674616467161496,-0.26936156308172776,88.91096016019583,10922957312,False,0.6674616467161496,0.0
long_rvos/2abb12f2f7/1/1,long_rvos,2abb12f2f7,1,1,dynamic,oracle_identity,box,True,0.9676237660413882,0.9060226535543665,0.9368232097978774,0.960380467983504,0.8922307024923755,0.9263055852379397,0.47719718831128,0.4339281232561069,0.4555626557836935,0.469562557605414,0.029824824269455,0.027120507703506682,0.028472665986480843,-0.47074292945424623,-0.42708998979721263,-0.9083505438113966,82.49462279677391,28569297920,False,,
long_rvos/2abb12f2f7/1/4,long_rvos,2abb12f2f7,1,4,hybrid,predicted_static,point,False,0.0,0.0,0.0,0.0,0.0,0.0,0.0,0.0,0.0,1.0,0.0,0.0,0.0,0.0,0.0,0.0,76.54110784083605,8558792704,False,0.0,0.0
long_rvos/2abb12f2f7/1/4,long_rvos,2abb12f2f7,1,4,hybrid,predicted_static,box,False,0.0,0.0,0.0,0.0,0.0,0.0,0.0,0.0,0.0,1.0,0.0,0.0,0.0,0.0,0.0,0.0,106.30328798294067,8558792704,False,,
long_rvos/2abb12f2f7/1/4,long_rvos,2abb12f2f7,1,4,hybrid,oracle_identity,point,True,0.0,0.0,0.0,0.0,0.0,0.0,0.0,0.0,0.0,1.0,0.0,0.0,0.0,0.0,0.0,0.0,76.54110784083605,8558792704,True,0.0,0.0
long_rvos/2abb12f2f7/1/4,long_rvos,2abb12f2f7,1,4,hybrid,oracle_identity,box,True,0.0,0.0,0.0,0.0,0.0,0.0,0.0,0.0,0.0,1.0,0.0,0.0,0.0,0.0,0.0,0.0,106.30328798294067,8558792704,True,,
long_rvos/2abb12f2f7/1/0,long_rvos,2abb12f2f7,1,0,static,predicted_static,point,False,0.9656392872458243,0.9061891978543863,0.9359142425501052,0.9487393089941746,0.880854356016581,0.9147968325053778,0.0,0.0,0.0,0.0,0.7039697089188419,0.6344750783541923,0.6692223936365171,-0.9147968325053778,0.6692223936365171,-0.2666918489135881,103.15045721828938,10922957312,False,0.6692223936365171,0.0
long_rvos/2abb12f2f7/1/0,long_rvos,2abb12f2f7,1,0,static,predicted_static,box,False,0.9656392872458243,0.9061891978543863,0.9359142425501052,0.9487393089941746,0.880854356016581,0.9147968325053778,0.7130516982560562,0.6560262591380539,0.684538978697055,0.6921604564143375,0.04456573114100351,0.04100164119612837,0.04278368616856594,-0.23025785380832275,-0.6417552925284891,-0.8931305563815393,130.0728206783533,31189076480,False,,
long_rvos/2abb12f2f7/1/0,long_rvos,2abb12f2f7,1,0,static,oracle_identity,point,True,0.9656392872458243,0.9061891978543863,0.9359142425501052,0.9487393089941746,0.880854356016581,0.9147968325053778,0.0,0.0,0.0,0.0,0.7039697089188419,0.6344750783541923,0.6692223936365171,-0.9147968325053778,0.6692223936365171,-0.2666918489135881,103.15045721828938,10922957312,True,0.6692223936365171,0.0
long_rvos/2abb12f2f7/1/0,long_rvos,2abb12f2f7,1,0,static,oracle_identity,box,True,0.9656392872458243,0.9061891978543863,0.9359142425501052,0.9487393089941746,0.880854356016581,0.9147968325053778,0.7130516982560562,0.6560262591380539,0.684538978697055,0.6921604564143375,0.04456573114100351,0.04100164119612837,0.04278368616856594,-0.23025785380832275,-0.6417552925284891,-0.8931305563815393,130.0728206783533,31189076480,True,,
long_rvos/c4638cc87e/1/1,long_rvos,c4638cc87e,1,1,dynamic,predicted_static,point,False,0.4013002099310619,0.522856376522737,0.4620782932268994,0.4080885045899876,0.5531605558804954,0.4806245302352415,0.0,0.0,0.0,0.0,0.13696590536576236,0.16432498695847064,0.1506454461621165,-0.4806245302352415,0.1506454461621165,-0.3114328470647829,37.32939598709345,8779111936,False,0.1506454461621165,0.0
long_rvos/c4638cc87e/1/1,long_rvos,c4638cc87e,1,1,dynamic,predicted_static,box,False,0.4013002099310619,0.522856376522737,0.4620782932268994,0.4080885045899876,0.5531605558804954,0.4806245302352415,0.36861813392720144,0.419978854791597,0.39429849435939923,0.4832933950334146,0.04548486626746453,0.05025438556166928,0.04786962591456691,-0.08632603587584226,-0.34642886844483234,-0.4142086673123325,60.63564792275429,29048833536,False,,
long_rvos/c4638cc87e/1/1,long_rvos,c4638cc87e,1,1,dynamic,oracle_identity,point,True,0.7825327243503188,0.833670865007482,0.8081017946789004,0.8268210624741048,0.9113954823287981,0.8691082724014515,0.0,0.0,0.0,0.0,0.2418209667613047,0.25209750002083253,0.24695923339106862,-0.8691082724014515,0.24695923339106862,-0.5611425612878318,55.91988016664982,8779111936,False,0.24695923339106862,0.0
long_rvos/c4638cc87e/1/1,long_rvos,c4638cc87e,1,1,dynamic,oracle_identity,box,True,0.7825327243503188,0.833670865007482,0.8081017946789004,0.8268210624741048,0.9113954823287981,0.8691082724014515,0.36861813392720144,0.4002812435569899,0.3844496887420957,0.4196357699864045,0.04548486626746453,0.049023284859506334,0.04725407556348543,-0.4846585836593558,-0.33719561317861024,-0.760847719115415,70.44743032753468,29048833536,False,,
long_rvos/c4638cc87e/1/3,long_rvos,c4638cc87e,1,3,dynamic,predicted_static,point,False,0.3331365383567543,0.4388332710359854,0.3859849046963698,0.4006316082265362,0.5588785289591266,0.4797550685928314,0.0,0.0,0.0,0.0,0.15514306855359028,0.180096590546193,0.16761982954989163,-0.4797550685928314,0.16761982954989163,-0.21836507514647818,53.47072233259678,8779111936,False,0.16761982954989163,0.0
long_rvos/c4638cc87e/1/3,long_rvos,c4638cc87e,1,3,dynamic,predicted_static,box,False,0.3331365383567543,0.4388332710359854,0.3859849046963698,0.4006316082265362,0.5588785289591266,0.4797550685928314,0.17101003282823846,0.23098460854063235,0.20099732068443538,0.36347999694148647,0.017932429594977498,0.022831334440596252,0.020381882017786873,-0.278757747908396,-0.1806154386666485,-0.3656030226785829,58.873135671019554,29048833536,False,,
long_rvos/c4638cc87e/1/3,long_rvos,c4638cc87e,1,3,dynamic,oracle_identity,point,True,0.7825327243503188,0.833670865007482,0.8081017946789004,0.8268210624741048,0.9113954823287981,0.8691082724014515,0.0,0.0,0.0,0.0,0.2418209667613047,0.25209750002083253,0.24695923339106862,-0.8691082724014515,0.24695923339106862,-0.5611425612878318,55.91988016664982,8779111936,True,0.24695923339106862,0.0
long_rvos/c4638cc87e/1/3,long_rvos,c4638cc87e,1,3,dynamic,oracle_identity,box,True,0.7825327243503188,0.833670865007482,0.8081017946789004,0.8268210624741048,0.9113954823287981,0.8691082724014515,0.36861813392720144,0.4002812435569899,0.3844496887420957,0.4196357699864045,0.04548486626746453,0.049023284859506334,0.04725407556348543,-0.4846585836593558,-0.33719561317861024,-0.760847719115415,70.44743032753468,29048833536,True,,
long_rvos/c4638cc87e/1/12,long_rvos,c4638cc87e,1,12,hybrid,predicted_static,point,False,0.5584235479373935,0.6530394128086114,0.6057314803730025,0.6412237695443437,0.7652009042996017,0.7032123369219727,0.0,0.0,0.0,0.0,0.22948545334450213,0.24168795464683226,0.2355867039956672,-0.7032123369219727,0.2355867039956672,-0.37014477637733534,57.530569456517696,8779111936,False,0.2355867039956672,0.0
long_rvos/c4638cc87e/1/12,long_rvos,c4638cc87e,1,12,hybrid,predicted_static,box,False,0.5584235479373935,0.6530394128086114,0.6057314803730025,0.6412237695443437,0.7652009042996017,0.7032123369219727,0.36861813392720144,0.4002812435569899,0.3844496887420957,0.4196357699864045,0.04548486626746453,0.049023284859506334,0.04725407556348543,-0.31876264817987704,-0.33719561317861024,-0.5584774048095171,52.449322782456875,29048833536,False,,
long_rvos/c4638cc87e/1/12,long_rvos,c4638cc87e,1,12,hybrid,oracle_identity,point,True,0.7825327243503188,0.833670865007482,0.8081017946789004,0.8268210624741048,0.9113954823287981,0.8691082724014515,0.0,0.0,0.0,0.0,0.2418209667613047,0.25209750002083253,0.24695923339106862,-0.8691082724014515,0.24695923339106862,-0.5611425612878318,55.91988016664982,8779111936,True,0.24695923339106862,0.0
long_rvos/c4638cc87e/1/12,long_rvos,c4638cc87e,1,12,hybrid,oracle_identity,box,True,0.7825327243503188,0.833670865007482,0.8081017946789004,0.8268210624741048,0.9113954823287981,0.8691082724014515,0.36861813392720144,0.4002812435569899,0.3844496887420957,0.4196357699864045,0.04548486626746453,0.049023284859506334,0.04725407556348543,-0.4846585836593558,-0.33719561317861024,-0.760847719115415,70.44743032753468,29048833536,True,,
long_rvos/c4638cc87e/1/13,long_rvos,c4638cc87e,1,13,hybrid,predicted_static,point,False,0.4013002099310619,0.522856376522737,0.4620782932268994,0.4080885045899876,0.5531605558804954,0.4806245302352415,0.0,0.0,0.0,0.0,0.13696590536576236,0.16432498695847064,0.1506454461621165,-0.4806245302352415,0.1506454461621165,-0.3114328470647829,37.32939598709345,8779111936,True,0.1506454461621165,0.0
long_rvos/c4638cc87e/1/13,long_rvos,c4638cc87e,1,13,hybrid,predicted_static,box,False,0.4013002099310619,0.522856376522737,0.4620782932268994,0.4080885045899876,0.5531605558804954,0.4806245302352415,0.36861813392720144,0.419978854791597,0.39429849435939923,0.4832933950334146,0.04548486626746453,0.05025438556166928,0.04786962591456691,-0.08632603587584226,-0.34642886844483234,-0.4142086673123325,60.63564792275429,29048833536,True,,
long_rvos/c4638cc87e/1/13,long_rvos,c4638cc87e,1,13,hybrid,oracle_identity,point,True,0.7825327243503188,0.833670865007482,0.8081017946789004,0.8268210624741048,0.9113954823287981,0.8691082724014515,0.0,0.0,0.0,0.0,0.2418209667613047,0.25209750002083253,0.24695923339106862,-0.8691082724014515,0.24695923339106862,-0.5611425612878318,55.91988016664982,8779111936,True,0.24695923339106862,0.0
long_rvos/c4638cc87e/1/13,long_rvos,c4638cc87e,1,13,hybrid,oracle_identity,box,True,0.7825327243503188,0.833670865007482,0.8081017946789004,0.8268210624741048,0.9113954823287981,0.8691082724014515,0.36861813392720144,0.4002812435569899,0.3844496887420957,0.4196357699864045,0.04548486626746453,0.049023284859506334,0.04725407556348543,-0.4846585836593558,-0.33719561317861024,-0.760847719115415,70.44743032753468,29048833536,True,,
long_rvos/c4638cc87e/1/0,long_rvos,c4638cc87e,1,0,static,predicted_static,point,False,0.3331365383567543,0.4388332710359854,0.3859849046963698,0.4006316082265362,0.5588785289591266,0.4797550685928314,0.0,0.0,0.0,0.0,0.15514306855359028,0.180096590546193,0.16761982954989163,-0.4797550685928314,0.16761982954989163,-0.21836507514647818,53.47072233259678,8779111936,True,0.16761982954989163,0.0
long_rvos/c4638cc87e/1/0,long_rvos,c4638cc87e,1,0,static,predicted_static,box,False,0.3331365383567543,0.4388332710359854,0.3859849046963698,0.4006316082265362,0.5588785289591266,0.4797550685928314,0.17101003282823846,0.23098460854063235,0.20099732068443538,0.36347999694148647,0.017932429594977498,0.022831334440596252,0.020381882017786873,-0.278757747908396,-0.1806154386666485,-0.3656030226785829,58.873135671019554,29048833536,True,,
long_rvos/c4638cc87e/1/0,long_rvos,c4638cc87e,1,0,static,oracle_identity,point,True,0.7825327243503188,0.833670865007482,0.8081017946789004,0.8268210624741048,0.9113954823287981,0.8691082724014515,0.0,0.0,0.0,0.0,0.2418209667613047,0.25209750002083253,0.24695923339106862,-0.8691082724014515,0.24695923339106862,-0.5611425612878318,55.91988016664982,8779111936,True,0.24695923339106862,0.0
long_rvos/c4638cc87e/1/0,long_rvos,c4638cc87e,1,0,static,oracle_identity,box,True,0.7825327243503188,0.833670865007482,0.8081017946789004,0.8268210624741048,0.9113954823287981,0.8691082724014515,0.36861813392720144,0.4002812435569899,0.3844496887420957,0.4196357699864045,0.04548486626746453,0.049023284859506334,0.04725407556348543,-0.4846585836593558,-0.33719561317861024,-0.760847719115415,70.44743032753468,29048833536,True,,
long_rvos/c4638cc87e/1/2,long_rvos,c4638cc87e,1,2,static,predicted_static,point,False,0.4013002099310619,0.522856376522737,0.4620782932268994,0.4080885045899876,0.5531605558804954,0.4806245302352415,0.0,0.0,0.0,0.0,0.13696590536576236,0.16432498695847064,0.1506454461621165,-0.4806245302352415,0.1506454461621165,-0.3114328470647829,37.32939598709345,8779111936,True,0.1506454461621165,0.0
long_rvos/c4638cc87e/1/2,long_rvos,c4638cc87e,1,2,static,predicted_static,box,False,0.4013002099310619,0.522856376522737,0.4620782932268994,0.4080885045899876,0.5531605558804954,0.4806245302352415,0.36861813392720144,0.419978854791597,0.39429849435939923,0.4832933950334146,0.04548486626746453,0.05025438556166928,0.04786962591456691,-0.08632603587584226,-0.34642886844483234,-0.4142086673123325,60.63564792275429,29048833536,True,,
long_rvos/c4638cc87e/1/2,long_rvos,c4638cc87e,1,2,static,oracle_identity,point,True,0.7825327243503188,0.833670865007482,0.8081017946789004,0.8268210624741048,0.9113954823287981,0.8691082724014515,0.0,0.0,0.0,0.0,0.2418209667613047,0.25209750002083253,0.24695923339106862,-0.8691082724014515,0.24695923339106862,-0.5611425612878318,55.91988016664982,8779111936,True,0.24695923339106862,0.0
long_rvos/c4638cc87e/1/2,long_rvos,c4638cc87e,1,2,static,oracle_identity,box,True,0.7825327243503188,0.833670865007482,0.8081017946789004,0.8268210624741048,0.9113954823287981,0.8691082724014515,0.36861813392720144,0.4002812435569899,0.3844496887420957,0.4196357699864045,0.04548486626746453,0.049023284859506334,0.04725407556348543,-0.4846585836593558,-0.33719561317861024,-0.760847719115415,70.44743032753468,29048833536,True,,
long_rvos/f3864705c4/3/8,long_rvos,f3864705c4,3,8,dynamic,predicted_static,point,False,0.06183403293509848,0.0625,0.06216701646754924,0.25,0.25,0.25,0.25,0.25,0.25,1.0,0.046875,0.046875,0.046875,0.0,-0.203125,-0.015292016467549241,84.26639151573181,9070712832,False,0.046875,0.0
long_rvos/f3864705c4/3/8,long_rvos,f3864705c4,3,8,dynamic,predicted_static,box,False,0.06183403293509848,0.0625,0.06216701646754924,0.25,0.25,0.25,0.25,0.25,0.25,1.0,0.046875,0.046875,0.046875,0.0,-0.203125,-0.015292016467549241,103.76041060686111,9070712832,False,,
long_rvos/f3864705c4/3/8,long_rvos,f3864705c4,3,8,dynamic,oracle_identity,point,True,0.06183403293509848,0.0625,0.06216701646754924,0.25,0.25,0.25,0.25,0.25,0.25,1.0,0.046875,0.046875,0.046875,0.0,-0.203125,-0.015292016467549241,84.26639151573181,9070712832,True,0.046875,0.0
long_rvos/f3864705c4/3/8,long_rvos,f3864705c4,3,8,dynamic,oracle_identity,box,True,0.06183403293509848,0.0625,0.06216701646754924,0.25,0.25,0.25,0.25,0.25,0.25,1.0,0.046875,0.046875,0.046875,0.0,-0.203125,-0.015292016467549241,103.76041060686111,9070712832,True,,
long_rvos/f3864705c4/3/13,long_rvos,f3864705c4,3,13,hybrid,predicted_static,point,False,0.8914998480120598,0.9511743216707875,0.9213370848414237,0.6451874765666369,0.7243561333530311,0.6847718049598339,0.25,0.25,0.25,0.0,0.5072431273705924,0.543024915221701,0.5251340212961467,-0.4347718049598339,0.2751340212961467,-0.396203063545277,221.67167062312365,11434877440,False,0.5251340212961467,0.0
long_rvos/f3864705c4/3/13,long_rvos,f3864705c4,3,13,hybrid,predicted_static,box,False,0.8914998480120598,0.9511743216707875,0.9213370848414237,0.6451874765666369,0.7243561333530311,0.6847718049598339,0.7201691929569766,0.75,0.7350845964784882,0.4866023183298113,0.07626057455981103,0.078125,0.07719278727990551,0.05031279151865431,-0.6578918091985827,-0.8441442975615182,260.79558090120554,30952642560,False,,
long_rvos/f3864705c4/3/13,long_rvos,f3864705c4,3,13,hybrid,oracle_identity,point,True,0.8914998480120598,0.9511743216707875,0.9213370848414237,0.6451874765666369,0.7243561333530311,0.6847718049598339,0.25,0.25,0.25,0.0,0.5072431273705924,0.543024915221701,0.5251340212961467,-0.4347718049598339,0.2751340212961467,-0.396203063545277,221.67167062312365,11434877440,True,0.5251340212961467,0.0
long_rvos/f3864705c4/3/13,long_rvos,f3864705c4,3,13,hybrid,oracle_identity,box,True,0.8914998480120598,0.9511743216707875,0.9213370848414237,0.6451874765666369,0.7243561333530311,0.6847718049598339,0.7201691929569766,0.75,0.7350845964784882,0.4866023183298113,0.07626057455981103,0.078125,0.07719278727990551,0.05031279151865431,-0.6578918091985827,-0.8441442975615182,260.79558090120554,30952642560,True,,
long_rvos/f3864705c4/3/7,long_rvos,f3864705c4,3,7,static,predicted_static,point,False,0.8914998480120598,0.9511743216707875,0.9213370848414237,0.6451874765666369,0.7243561333530311,0.6847718049598339,0.25,0.25,0.25,0.0,0.5072431273705924,0.543024915221701,0.5251340212961467,-0.4347718049598339,0.2751340212961467,-0.396203063545277,221.67167062312365,11434877440,True,0.5251340212961467,0.0
long_rvos/f3864705c4/3/7,long_rvos,f3864705c4,3,7,static,predicted_static,box,False,0.8914998480120598,0.9511743216707875,0.9213370848414237,0.6451874765666369,0.7243561333530311,0.6847718049598339,0.7201691929569766,0.75,0.7350845964784882,0.4866023183298113,0.07626057455981103,0.078125,0.07719278727990551,0.05031279151865431,-0.6578918091985827,-0.8441442975615182,260.79558090120554,30952642560,True,,
long_rvos/f3864705c4/3/7,long_rvos,f3864705c4,3,7,static,oracle_identity,point,True,0.8914998480120598,0.9511743216707875,0.9213370848414237,0.6451874765666369,0.7243561333530311,0.6847718049598339,0.25,0.25,0.25,0.0,0.5072431273705924,0.543024915221701,0.5251340212961467,-0.4347718049598339,0.2751340212961467,-0.396203063545277,221.67167062312365,11434877440,True,0.5251340212961467,0.0
long_rvos/f3864705c4/3/7,long_rvos,f3864705c4,3,7,static,oracle_identity,box,True,0.8914998480120598,0.9511743216707875,0.9213370848414237,0.6451874765666369,0.7243561333530311,0.6847718049598339,0.7201691929569766,0.75,0.7350845964784882,0.4866023183298113,0.07626057455981103,0.078125,0.07719278727990551,0.05031279151865431,-0.6578918091985827,-0.8441442975615182,260.79558090120554,30952642560,True,,
long_rvos/f3864705c4/3/9,long_rvos,f3864705c4,3,9,static,predicted_static,point,False,0.046875,0.046875,0.046875,0.25,0.25,0.25,0.25,0.25,0.25,1.0,0.046875,0.046875,0.046875,0.0,-0.203125,0.0,180.25096508860588,9070712832,False,0.046875,0.0
long_rvos/f3864705c4/3/9,long_rvos,f3864705c4,3,9,static,predicted_static,box,False,0.046875,0.046875,0.046875,0.25,0.25,0.25,0.25,0.25,0.25,1.0,0.046875,0.046875,0.046875,0.0,-0.203125,0.0,246.7519484758377,9070712832,False,,
long_rvos/f3864705c4/3/9,long_rvos,f3864705c4,3,9,static,oracle_identity,point,True,0.0,0.0,0.0,0.25,0.25,0.25,0.25,0.25,0.25,1.0,0.046875,0.046875,0.046875,0.0,-0.203125,0.046875,180.25096508860588,9070712832,True,0.046875,0.0
long_rvos/f3864705c4/3/9,long_rvos,f3864705c4,3,9,static,oracle_identity,box,True,0.0,0.0,0.0,0.25,0.25,0.25,0.25,0.25,0.25,1.0,0.046875,0.046875,0.046875,0.0,-0.203125,0.046875,246.7519484758377,9070712832,True,,
long_rvos/18b160d3a7/2/5,long_rvos,18b160d3a7,2,5,dynamic,predicted_static,point,False,0.015497705231864197,0.08410441583338055,0.04980106053262237,0.0,0.039406722797999484,0.019703361398999742,0.0,0.0,0.0,0.0,0.0021017683224638724,0.0013326684104330378,0.001717218366448455,-0.019703361398999742,0.001717218366448455,-0.04808384216617392,61.10283509641886,9062298112,False,0.001717218366448455,0.0
long_rvos/18b160d3a7/2/5,long_rvos,18b160d3a7,2,5,dynamic,predicted_static,box,False,0.015497705231864197,0.08410441583338055,0.04980106053262237,0.0,0.039406722797999484,0.019703361398999742,0.0,0.0,0.0,0.0,0.0,0.0,0.0,-0.019703361398999742,0.0,-0.04980106053262237,40.742533296346664,7665122304,False,,
long_rvos/18b160d3a7/2/5,long_rvos,18b160d3a7,2,5,dynamic,oracle_identity,point,True,0.9735726610602082,0.9519632698858307,0.9627679654730195,0.9931560478396465,0.9673823049012329,0.9802691763704398,0.0,0.0,0.0,0.0,0.08903584497465183,0.07348374470711455,0.08125979484088319,-0.9802691763704398,0.08125979484088319,-0.8815081706321363,53.497324109077454,9062298112,False,0.08125979484088319,0.0
long_rvos/18b160d3a7/2/5,long_rvos,18b160d3a7,2,5,dynamic,oracle_identity,box,True,0.9735726610602082,0.9519632698858307,0.9627679654730195,0.9931560478396465,0.9673823049012329,0.9802691763704398,0.0,0.0,0.0,0.0,0.0,0.0,0.0,-0.9802691763704398,0.0,-0.9627679654730195,38.840384766459465,7665122304,False,,
long_rvos/18b160d3a7/2/13,long_rvos,18b160d3a7,2,13,hybrid,predicted_static,point,False,0.9735726610602082,0.9519632698858307,0.9627679654730195,0.9931560478396465,0.9673823049012329,0.9802691763704398,0.0,0.0,0.0,0.0,0.08903584497465183,0.07348374470711455,0.08125979484088319,-0.9802691763704398,0.08125979484088319,-0.8815081706321363,53.497324109077454,9062298112,True,0.08125979484088319,0.0
long_rvos/18b160d3a7/2/13,long_rvos,18b160d3a7,2,13,hybrid,predicted_static,box,False,0.9735726610602082,0.9519632698858307,0.9627679654730195,0.9931560478396465,0.9673823049012329,0.9802691763704398,0.0,0.0,0.0,0.0,0.0,0.0,0.0,-0.9802691763704398,0.0,-0.9627679654730195,38.840384766459465,7665122304,True,,
long_rvos/18b160d3a7/2/13,long_rvos,18b160d3a7,2,13,hybrid,oracle_identity,point,True,0.9735726610602082,0.9519632698858307,0.9627679654730195,0.9931560478396465,0.9673823049012329,0.9802691763704398,0.0,0.0,0.0,0.0,0.08903584497465183,0.07348374470711455,0.08125979484088319,-0.9802691763704398,0.08125979484088319,-0.8815081706321363,53.497324109077454,9062298112,True,0.08125979484088319,0.0
long_rvos/18b160d3a7/2/13,long_rvos,18b160d3a7,2,13,hybrid,oracle_identity,box,True,0.9735726610602082,0.9519632698858307,0.9627679654730195,0.9931560478396465,0.9673823049012329,0.9802691763704398,0.0,0.0,0.0,0.0,0.0,0.0,0.0,-0.9802691763704398,0.0,-0.9627679654730195,38.840384766459465,7665122304,True,,
long_rvos/18b160d3a7/2/4,long_rvos,18b160d3a7,2,4,static,predicted_static,point,False,0.9735726610602082,0.9519632698858307,0.9627679654730195,0.9931560478396465,0.9673823049012329,0.9802691763704398,0.0,0.0,0.0,0.0,0.08903584497465183,0.07348374470711455,0.08125979484088319,-0.9802691763704398,0.08125979484088319,-0.8815081706321363,53.497324109077454,9062298112,True,0.08125979484088319,0.0
long_rvos/18b160d3a7/2/4,long_rvos,18b160d3a7,2,4,static,predicted_static,box,False,0.9735726610602082,0.9519632698858307,0.9627679654730195,0.9931560478396465,0.9673823049012329,0.9802691763704398,0.0,0.0,0.0,0.0,0.0,0.0,0.0,-0.9802691763704398,0.0,-0.9627679654730195,38.840384766459465,7665122304,True,,
long_rvos/18b160d3a7/2/4,long_rvos,18b160d3a7,2,4,static,oracle_identity,point,True,0.9735726610602082,0.9519632698858307,0.9627679654730195,0.9931560478396465,0.9673823049012329,0.9802691763704398,0.0,0.0,0.0,0.0,0.08903584497465183,0.07348374470711455,0.08125979484088319,-0.9802691763704398,0.08125979484088319,-0.8815081706321363,53.497324109077454,9062298112,True,0.08125979484088319,0.0
long_rvos/18b160d3a7/2/4,long_rvos,18b160d3a7,2,4,static,oracle_identity,box,True,0.9735726610602082,0.9519632698858307,0.9627679654730195,0.9931560478396465,0.9673823049012329,0.9802691763704398,0.0,0.0,0.0,0.0,0.0,0.0,0.0,-0.9802691763704398,0.0,-0.9627679654730195,38.840384766459465,7665122304,True,,
long_rvos/7caa203c75/2/3,long_rvos,7caa203c75,2,3,dynamic,predicted_static,point,False,0.6482960553067962,0.6313934834537991,0.6398447693802977,0.9780289240806211,0.9933322651072939,0.9856805945939575,0.25,0.25,0.25,0.25,0.21982336454277762,0.1725017093545759,0.19616253694867675,-0.7356805945939575,-0.05383746305132325,-0.4436822324316209,58.250709138810635,9110806016,False,0.19616253694867675,0.0
long_rvos/7caa203c75/2/3,long_rvos,7caa203c75,2,3,dynamic,predicted_static,box,False,0.6482960553067962,0.6313934834537991,0.6398447693802977,0.9780289240806211,0.9933322651072939,0.9856805945939575,0.7063911659374995,0.5947189145793165,0.6505550402584079,0.7125744254029521,0.07484426720372483,0.06833694657698876,0.07159060689035679,-0.3351255543355496,-0.5789644333680511,-0.5682541624899409,140.35292579233646,28537199616,False,,
long_rvos/7caa203c75/2/3,long_rvos,7caa203c75,2,3,dynamic,oracle_identity,point,True,0.35300679472441,0.34606778892992474,0.34953729182716736,0.4960813258054207,0.49966755319148937,0.497874439498455,0.25,0.25,0.25,0.75,0.03125,0.03125,0.03125,-0.247874439498455,-0.21875,-0.31828729182716736,115.61099994182587,8287882752,False,0.03125,0.0
long_rvos/7caa203c75/2/3,long_rvos,7caa203c75,2,3,dynamic,oracle_identity,box,True,0.35300679472441,0.34606778892992474,0.34953729182716736,0.4960813258054207,0.49966755319148937,0.497874439498455,0.46396427266081874,0.36008776703833284,0.41202601984957576,0.9667255776621853,0.05969258637393227,0.05367249985567729,0.05668254311480478,-0.08584841964887924,-0.35534347673477096,-0.2928547487123626,127.51862245798111,27665423872,False,,
long_rvos/7caa203c75/2/5,long_rvos,7caa203c75,2,5,hybrid,predicted_static,point,False,0.6482960553067962,0.6313934834537991,0.6398447693802977,0.9780289240806211,0.9933322651072939,0.9856805945939575,0.25,0.25,0.25,0.25,0.21982336454277762,0.1725017093545759,0.19616253694867675,-0.7356805945939575,-0.05383746305132325,-0.4436822324316209,58.250709138810635,9110806016,True,0.19616253694867675,0.0
long_rvos/7caa203c75/2/5,long_rvos,7caa203c75,2,5,hybrid,predicted_static,box,False,0.6482960553067962,0.6313934834537991,0.6398447693802977,0.9780289240806211,0.9933322651072939,0.9856805945939575,0.7063911659374995,0.5947189145793165,0.6505550402584079,0.7125744254029521,0.07484426720372483,0.06833694657698876,0.07159060689035679,-0.3351255543355496,-0.5789644333680511,-0.5682541624899409,140.35292579233646,28537199616,True,,
long_rvos/7caa203c75/2/5,long_rvos,7caa203c75,2,5,hybrid,oracle_identity,point,True,0.35300679472441,0.34606778892992474,0.34953729182716736,0.4960813258054207,0.49966755319148937,0.497874439498455,0.25,0.25,0.25,0.75,0.03125,0.03125,0.03125,-0.247874439498455,-0.21875,-0.31828729182716736,115.61099994182587,8287882752,True,0.03125,0.0
long_rvos/7caa203c75/2/5,long_rvos,7caa203c75,2,5,hybrid,oracle_identity,box,True,0.35300679472441,0.34606778892992474,0.34953729182716736,0.4960813258054207,0.49966755319148937,0.497874439498455,0.46396427266081874,0.36008776703833284,0.41202601984957576,0.9667255776621853,0.05969258637393227,0.05367249985567729,0.05668254311480478,-0.08584841964887924,-0.35534347673477096,-0.2928547487123626,127.51862245798111,27665423872,True,,
long_rvos/7caa203c75/2/2,long_rvos,7caa203c75,2,2,static,predicted_static,point,False,0.6345114066468374,0.6222556275212907,0.628383517084064,0.977695761211364,0.9888971686854603,0.9832964649484122,0.25,0.25,0.25,0.25,0.2197972805616495,0.17242444966292259,0.19611086511228604,-0.7332964649484122,-0.05388913488771396,-0.432272651971778,134.73662098497152,9110806016,False,0.19611086511228604,0.0
long_rvos/7caa203c75/2/2,long_rvos,7caa203c75,2,2,static,predicted_static,box,False,0.6345114066468374,0.6222556275212907,0.628383517084064,0.977695761211364,0.9888971686854603,0.9832964649484122,0.6920523840798861,0.5697470374120573,0.6308997107459717,0.697449403129057,0.07392291349870192,0.06678165428819471,0.07035228389344832,-0.35239675420244043,-0.5605474268525235,-0.5580312331906158,137.5195434987545,28540804096,False,,
long_rvos/7caa203c75/2/2,long_rvos,7caa203c75,2,2,static,oracle_identity,point,True,0.3530300465421214,0.3461908110040257,0.3496104287730736,0.4960813258054207,0.49966755319148937,0.497874439498455,0.25,0.25,0.25,0.75,0.03125,0.03125,0.03125,-0.247874439498455,-0.21875,-0.3183604287730736,115.61099994182587,8287882752,True,0.03125,0.0
long_rvos/7bdbd4f32f/1/1,long_rvos,7bdbd4f32f,1,1,dynamic,predicted_static,point,False,0.7859257853128573,0.7738759840139979,0.7799008846634277,0.9587173070200646,0.9657452676305174,0.962231287325291,0.0,0.0,0.0,0.0,0.6950619114520853,0.6793282072236059,0.6871950593378455,-0.962231287325291,0.6871950593378455,-0.09270582532558214,112.35376098006964,9991382016,False,0.6871950593378455,0.0
long_rvos/7bdbd4f32f/1/1,long_rvos,7bdbd4f32f,1,1,dynamic,predicted_static,box,False,0.7859257853128573,0.7738759840139979,0.7799008846634277,0.9587173070200646,0.9657452676305174,0.962231287325291,0.6929699213787123,0.6657384476166784,0.6793541844976954,0.7157994167485793,0.08832021747233856,0.08544090006469991,0.08688055876851924,-0.2828771028275956,-0.5924736257291761,-0.6930203258949084,139.00492291152477,26918836224,False,,
long_rvos/7bdbd4f32f/1/1,long_rvos,7bdbd4f32f,1,1,dynamic,oracle_identity,point,True,0.7859257853128573,0.7738759840139979,0.7799008846634277,0.9587173070200646,0.9657452676305174,0.962231287325291,0.0,0.0,0.0,0.0,0.6950619114520853,0.6793282072236059,0.6871950593378455,-0.962231287325291,0.6871950593378455,-0.09270582532558214,117.5554403141141,9991382016,False,0.6871950593378455,0.0
long_rvos/7bdbd4f32f/1/1,long_rvos,7bdbd4f32f,1,1,dynamic,oracle_identity,box,True,0.7859257853128573,0.7738759840139979,0.7799008846634277,0.9587173070200646,0.9657452676305174,0.962231287325291,0.6929699213787123,0.6657384476166784,0.6793541844976954,0.7157994167485793,0.08832021747233856,0.08544090006469991,0.08688055876851924,-0.2828771028275956,-0.5924736257291761,-0.6930203258949084,140.08687358349562,26918836224,False,,
long_rvos/7bdbd4f32f/1/3,long_rvos,7bdbd4f32f,1,3,dynamic,predicted_static,point,False,0.7859257853128573,0.7738759840139979,0.7799008846634277,0.9587173070200646,0.9657452676305174,0.962231287325291,0.0,0.0,0.0,0.0,0.6950619114520853,0.6793282072236059,0.6871950593378455,-0.962231287325291,0.6871950593378455,-0.09270582532558214,112.35376098006964,9991382016,True,0.6871950593378455,0.0
long_rvos/7bdbd4f32f/1/3,long_rvos,7bdbd4f32f,1,3,dynamic,predicted_static,box,False,0.7859257853128573,0.7738759840139979,0.7799008846634277,0.9587173070200646,0.9657452676305174,0.962231287325291,0.6929699213787123,0.6657384476166784,0.6793541844976954,0.7157994167485793,0.08832021747233856,0.08544090006469991,0.08688055876851924,-0.2828771028275956,-0.5924736257291761,-0.6930203258949084,139.00492291152477,26918836224,True,,
long_rvos/7bdbd4f32f/1/3,long_rvos,7bdbd4f32f,1,3,dynamic,oracle_identity,point,True,0.7859257853128573,0.7738759840139979,0.7799008846634277,0.9587173070200646,0.9657452676305174,0.962231287325291,0.0,0.0,0.0,0.0,0.6950619114520853,0.6793282072236059,0.6871950593378455,-0.962231287325291,0.6871950593378455,-0.09270582532558214,117.5554403141141,9991382016,True,0.6871950593378455,0.0
long_rvos/7bdbd4f32f/1/3,long_rvos,7bdbd4f32f,1,3,dynamic,oracle_identity,box,True,0.7859257853128573,0.7738759840139979,0.7799008846634277,0.9587173070200646,0.9657452676305174,0.962231287325291,0.6929699213787123,0.6657384476166784,0.6793541844976954,0.7157994167485793,0.08832021747233856,0.08544090006469991,0.08688055876851924,-0.2828771028275956,-0.5924736257291761,-0.6930203258949084,140.08687358349562,26918836224,True,,
long_rvos/7bdbd4f32f/1/12,long_rvos,7bdbd4f32f,1,12,hybrid,predicted_static,point,False,0.7859257853128573,0.7738759840139979,0.7799008846634277,0.9587173070200646,0.9657452676305174,0.962231287325291,0.0,0.0,0.0,0.0,0.6950619114520853,0.6793282072236059,0.6871950593378455,-0.962231287325291,0.6871950593378455,-0.09270582532558214,112.35376098006964,9991382016,True,0.6871950593378455,0.0
long_rvos/7bdbd4f32f/1/12,long_rvos,7bdbd4f32f,1,12,hybrid,predicted_static,box,False,0.7859257853128573,0.7738759840139979,0.7799008846634277,0.9587173070200646,0.9657452676305174,0.962231287325291,0.6929699213787123,0.6657384476166784,0.6793541844976954,0.7157994167485793,0.08832021747233856,0.08544090006469991,0.08688055876851924,-0.2828771028275956,-0.5924736257291761,-0.6930203258949084,139.00492291152477,26918836224,True,,
long_rvos/7bdbd4f32f/1/12,long_rvos,7bdbd4f32f,1,12,hybrid,oracle_identity,point,True,0.7859257853128573,0.7738759840139979,0.7799008846634277,0.9587173070200646,0.9657452676305174,0.962231287325291,0.0,0.0,0.0,0.0,0.6950619114520853,0.6793282072236059,0.6871950593378455,-0.962231287325291,0.6871950593378455,-0.09270582532558214,117.5554403141141,9991382016,True,0.6871950593378455,0.0
long_rvos/7bdbd4f32f/1/12,long_rvos,7bdbd4f32f,1,12,hybrid,oracle_identity,box,True,0.7859257853128573,0.7738759840139979,0.7799008846634277,0.9587173070200646,0.9657452676305174,0.962231287325291,0.6929699213787123,0.6657384476166784,0.6793541844976954,0.7157994167485793,0.08832021747233856,0.08544090006469991,0.08688055876851924,-0.2828771028275956,-0.5924736257291761,-0.6930203258949084,140.08687358349562,26918836224,True,,
long_rvos/7bdbd4f32f/1/13,long_rvos,7bdbd4f32f,1,13,hybrid,predicted_static,point,False,0.7859257853128573,0.7738759840139979,0.7799008846634277,0.9587173070200646,0.9657452676305174,0.962231287325291,0.0,0.0,0.0,0.0,0.6950619114520853,0.6793282072236059,0.6871950593378455,-0.962231287325291,0.6871950593378455,-0.09270582532558214,112.35376098006964,9991382016,True,0.6871950593378455,0.0
long_rvos/7bdbd4f32f/1/13,long_rvos,7bdbd4f32f,1,13,hybrid,predicted_static,box,False,0.7859257853128573,0.7738759840139979,0.7799008846634277,0.9587173070200646,0.9657452676305174,0.962231287325291,0.6929699213787123,0.6657384476166784,0.6793541844976954,0.7157994167485793,0.08832021747233856,0.08544090006469991,0.08688055876851924,-0.2828771028275956,-0.5924736257291761,-0.6930203258949084,139.00492291152477,26918836224,True,,
long_rvos/7bdbd4f32f/1/13,long_rvos,7bdbd4f32f,1,13,hybrid,oracle_identity,point,True,0.7859257853128573,0.7738759840139979,0.7799008846634277,0.9587173070200646,0.9657452676305174,0.962231287325291,0.0,0.0,0.0,0.0,0.6950619114520853,0.6793282072236059,0.6871950593378455,-0.962231287325291,0.6871950593378455,-0.09270582532558214,117.5554403141141,9991382016,True,0.6871950593378455,0.0
long_rvos/7bdbd4f32f/1/13,long_rvos,7bdbd4f32f,1,13,hybrid,oracle_identity,box,True,0.7859257853128573,0.7738759840139979,0.7799008846634277,0.9587173070200646,0.9657452676305174,0.962231287325291,0.6929699213787123,0.6657384476166784,0.6793541844976954,0.7157994167485793,0.08832021747233856,0.08544090006469991,0.08688055876851924,-0.2828771028275956,-0.5924736257291761,-0.6930203258949084,140.08687358349562,26918836224,True,,
long_rvos/7bdbd4f32f/1/0,long_rvos,7bdbd4f32f,1,0,static,predicted_static,point,False,0.9491984411415914,0.9373951159882158,0.9432967785649036,0.9620534374992943,0.9686004452362943,0.9653269413677943,0.0,0.0,0.0,0.0,0.6803231883087766,0.665755840711179,0.6730395145099778,-0.9653269413677943,0.6730395145099778,-0.2702572640549258,125.12834698706865,10018907136,False,0.6730395145099778,0.0
long_rvos/7bdbd4f32f/1/0,long_rvos,7bdbd4f32f,1,0,static,predicted_static,box,False,0.9491984411415914,0.9373951159882158,0.9432967785649036,0.9620534374992943,0.9686004452362943,0.9653269413677943,0.47082820020946353,0.4783401436774871,0.47458417194347535,0.4888601107204923,0.059735142109878264,0.05896605240203793,0.05935059725595809,-0.49074276942431894,-0.41523357468751726,-0.8839461813089455,115.43718587607145,26918836224,False,,
long_rvos/7bdbd4f32f/1/0,long_rvos,7bdbd4f32f,1,0,static,oracle_identity,point,True,0.9491984411415914,0.9373951159882158,0.9432967785649036,0.9620534374992943,0.9686004452362943,0.9653269413677943,0.0,0.0,0.0,0.0,0.6803231883087766,0.665755840711179,0.6730395145099778,-0.9653269413677943,0.6730395145099778,-0.2702572640549258,129.06046492606401,10018907136,False,0.6730395145099778,0.0
long_rvos/7bdbd4f32f/1/0,long_rvos,7bdbd4f32f,1,0,static,oracle_identity,box,True,0.9491984411415914,0.9373951159882158,0.9432967785649036,0.9620534374992943,0.9686004452362943,0.9653269413677943,0.47082820020946353,0.4783401436774871,0.47458417194347535,0.4888601107204923,0.059735142109878264,0.05896605240203793,0.05935059725595809,-0.49074276942431894,-0.41523357468751726,-0.8839461813089455,108.94356251507998,26918836224,False,,
long_rvos/7bdbd4f32f/1/2,long_rvos,7bdbd4f32f,1,2,static,predicted_static,point,False,0.9491984411415914,0.9373951159882158,0.9432967785649036,0.9620534374992943,0.9686004452362943,0.9653269413677943,0.0,0.0,0.0,0.0,0.6803231883087766,0.665755840711179,0.6730395145099778,-0.9653269413677943,0.6730395145099778,-0.2702572640549258,125.12834698706865,10018907136,True,0.6730395145099778,0.0
long_rvos/7bdbd4f32f/1/2,long_rvos,7bdbd4f32f,1,2,static,predicted_static,box,False,0.9491984411415914,0.9373951159882158,0.9432967785649036,0.9620534374992943,0.9686004452362943,0.9653269413677943,0.47082820020946353,0.4783401436774871,0.47458417194347535,0.4888601107204923,0.059735142109878264,0.05896605240203793,0.05935059725595809,-0.49074276942431894,-0.41523357468751726,-0.8839461813089455,115.43718587607145,26918836224,True,,
long_rvos/7bdbd4f32f/1/2,long_rvos,7bdbd4f32f,1,2,static,oracle_identity,point,True,0.9491984411415914,0.9373951159882158,0.9432967785649036,0.9620534374992943,0.9686004452362943,0.9653269413677943,0.0,0.0,0.0,0.0,0.6803231883087766,0.665755840711179,0.6730395145099778,-0.9653269413677943,0.6730395145099778,-0.2702572640549258,129.06046492606401,10018907136,True,0.6730395145099778,0.0
long_rvos/7bdbd4f32f/1/2,long_rvos,7bdbd4f32f,1,2,static,oracle_identity,box,True,0.9491984411415914,0.9373951159882158,0.9432967785649036,0.9620534374992943,0.9686004452362943,0.9653269413677943,0.47082820020946353,0.4783401436774871,0.47458417194347535,0.4888601107204923,0.059735142109878264,0.05896605240203793,0.05935059725595809,-0.49074276942431894,-0.41523357468751726,-0.8839461813089455,108.94356251507998,26918836224,True,,
long_rvos/2683deffcb/1/1,long_rvos,2683deffcb,1,1,dynamic,predicted_static,point,False,0.8392407698907711,0.8654270923928672,0.8523339311418192,0.877430943592606,0.9033635953535581,0.8903972694730821,0.0,0.0,0.0,0.0,0.6139267671713435,0.6196510481235786,0.6167889076474611,-0.8903972694730821,0.6167889076474611,-0.23554502349435813,253.25677686184645,11749826048,False,0.6167889076474611,0.0
long_rvos/2683deffcb/1/1,long_rvos,2683deffcb,1,1,dynamic,predicted_static,box,False,0.8392407698907711,0.8654270923928672,0.8523339311418192,0.877430943592606,0.9033635953535581,0.8903972694730821,0.0,0.0,0.0,0.0,0.0,0.0,0.0,-0.8903972694730821,0.0,-0.8523339311418192,264.9845956861973,10349547008,False,,
long_rvos/2683deffcb/1/1,long_rvos,2683deffcb,1,1,dynamic,oracle_identity,point,True,0.8392407698907711,0.8654270923928672,0.8523339311418192,0.877430943592606,0.9033635953535581,0.8903972694730821,0.0,0.0,0.0,0.0,0.6139267671713435,0.6196510481235786,0.6167889076474611,-0.8903972694730821,0.6167889076474611,-0.23554502349435813,253.6350307688117,11749826048,False,0.6167889076474611,0.0
long_rvos/2683deffcb/1/1,long_rvos,2683deffcb,1,1,dynamic,oracle_identity,box,True,0.8392407698907711,0.8654270923928672,0.8523339311418192,0.877430943592606,0.9033635953535581,0.8903972694730821,0.0,0.0,0.0,0.0,0.0,0.0,0.0,-0.8903972694730821,0.0,-0.8523339311418192,267.18652952462435,10349547008,False,,
long_rvos/2683deffcb/1/5,long_rvos,2683deffcb,1,5,hybrid,predicted_static,point,False,0.5527302060247486,0.553430516767121,0.5530803613959347,0.644547870680902,0.6559753522324285,0.6502616114566653,0.0,0.0,0.0,0.25,0.40272087321221206,0.4293267511536988,0.4160238121829554,-0.6502616114566653,0.4160238121829554,-0.13705654921297933,269.80613584816456,11213157888,False,0.4160238121829554,0.0
long_rvos/2683deffcb/1/5,long_rvos,2683deffcb,1,5,hybrid,predicted_static,box,False,0.5527302060247486,0.553430516767121,0.5530803613959347,0.644547870680902,0.6559753522324285,0.6502616114566653,0.0,0.0,0.0,0.25,0.0,0.0,0.0,-0.6502616114566653,0.0,-0.5530803613959347,273.62640679627657,10349547008,False,,
long_rvos/2683deffcb/1/5,long_rvos,2683deffcb,1,5,hybrid,oracle_identity,point,True,0.5405876492543533,0.5439207538213048,0.5422542015378291,0.644547870680902,0.6559753522324285,0.6502616114566653,0.0,0.0,0.0,0.25,0.40272087321221206,0.4293267511536988,0.4160238121829554,-0.6502616114566653,0.4160238121829554,-0.12623038935487368,267.98051155358553,11213157888,False,0.4160238121829554,0.0
long_rvos/0310d3743b/3/12,long_rvos,0310d3743b,3,12,dynamic,predicted_static,point,False,0.675054260412117,0.7266540359921525,0.7008541482021348,0.5,0.5,0.5,0.5,0.5,0.5,1.0,0.671875,0.671875,0.671875,0.0,0.171875,-0.028979148202134764,132.43624287098646,5956988928,False,0.671875,0.0
long_rvos/0310d3743b/3/12,long_rvos,0310d3743b,3,12,dynamic,predicted_static,box,False,0.675054260412117,0.7266540359921525,0.7008541482021348,0.5,0.5,0.5,0.5,0.5,0.5,1.0,0.671875,0.671875,0.671875,0.0,0.171875,-0.028979148202134764,131.14567472040653,5956988928,False,,
long_rvos/0310d3743b/3/12,long_rvos,0310d3743b,3,12,dynamic,oracle_identity,point,True,0.73128476108886,0.822018472448904,0.776651616768882,0.6857954545454545,0.75,0.7178977272727273,0.5,0.5,0.5,0.75,0.671875,0.671875,0.671875,-0.21789772727272727,0.171875,-0.10477661676888195,135.1757924631238,8271548928,False,0.671875,0.0
long_rvos/0310d3743b/3/12,long_rvos,0310d3743b,3,12,dynamic,oracle_identity,box,True,0.73128476108886,0.822018472448904,0.776651616768882,0.6857954545454545,0.75,0.7178977272727273,0.6832627118644068,0.7487046632124352,0.715983687538421,0.9559496567505721,0.6921023152134506,0.7030440414507773,0.697573178332114,-0.001914039734306261,-0.018410509206307046,-0.07907843843676798,145.2408428043127,28436229632,False,,
long_rvos/0310d3743b/3/9,long_rvos,0310d3743b,3,9,dynamic,predicted_static,point,False,0.6603932584269663,0.6662738616804882,0.6633335600537272,0.5662921348314607,0.660381786887811,0.6133369608596358,0.5,0.5,0.5,0.75,0.671875,0.671875,0.671875,-0.11333696085963585,0.171875,0.008541439946272766,121.40709910541773,8271548928,False,0.671875,0.0
long_rvos/0310d3743b/3/9,long_rvos,0310d3743b,3,9,dynamic,predicted_static,box,False,0.6603932584269663,0.6662738616804882,0.6633335600537272,0.5662921348314607,0.660381786887811,0.6133369608596358,0.5,0.5,0.5,0.75,0.671875,0.671875,0.671875,-0.11333696085963585,0.171875,0.008541439946272766,125.38046172261238,8240353280,False,,
long_rvos/0310d3743b/3/9,long_rvos,0310d3743b,3,9,dynamic,oracle_identity,point,True,0.6830786265675526,0.6930263994910941,0.6880525130293234,0.636919315403423,0.6717557251908397,0.6543375202971313,0.5,0.5,0.5,0.75,0.671875,0.671875,0.671875,-0.15433752029713133,0.171875,-0.016177513029323354,132.7340470328927,8271548928,False,0.671875,0.0
long_rvos/0310d3743b/3/9,long_rvos,0310d3743b,3,9,dynamic,oracle_identity,box,True,0.6830786265675526,0.6930263994910941,0.6880525130293234,0.636919315403423,0.6717557251908397,0.6543375202971313,0.5,0.5,0.5,0.75,0.671875,0.671875,0.671875,-0.15433752029713133,0.171875,-0.016177513029323354,134.2096869572997,8240353280,False,,
long_rvos/0310d3743b/3/8,long_rvos,0310d3743b,3,8,static,predicted_static,point,False,0.6953623155986923,0.762616677233928,0.7289894964163102,0.5671981776765376,0.660381786887811,0.6137899822821743,0.5,0.5,0.5,0.75,0.671875,0.671875,0.671875,-0.1137899822821743,0.171875,-0.05711449641631017,131.54964266717434,8271548928,False,0.671875,0.0
long_rvos/0310d3743b/3/8,long_rvos,0310d3743b,3,8,static,predicted_static,box,False,0.6953623155986923,0.762616677233928,0.7289894964163102,0.5671981776765376,0.660381786887811,0.6137899822821743,0.5,0.5,0.5,0.75,0.671875,0.671875,0.671875,-0.1137899822821743,0.171875,-0.05711449641631017,135.98788033425808,8240353280,False,,
long_rvos/0310d3743b/3/8,long_rvos,0310d3743b,3,8,static,oracle_identity,point,True,0.7053946928382113,0.7931567304029288,0.74927571162057,0.6271186440677966,0.6717557251908397,0.6494371846293181,0.5,0.5,0.5,0.75,0.671875,0.671875,0.671875,-0.1494371846293181,0.171875,-0.07740071162057005,131.40023747086525,8301476864,False,0.671875,0.0
long_rvos/0310d3743b/3/8,long_rvos,0310d3743b,3,8,static,oracle_identity,box,True,0.7053946928382113,0.7931567304029288,0.74927571162057,0.6271186440677966,0.6717557251908397,0.6494371846293181,0.5,0.5,0.5,0.75,0.671875,0.671875,0.671875,-0.1494371846293181,0.171875,-0.07740071162057005,137.63637701421976,8262657024,False,,
long_rvos/39db436191/3/5,long_rvos,39db436191,3,5,dynamic,predicted_static,point,False,0.8800919341360418,0.8883310516867442,0.884211492911393,0.940618151258418,0.9336834698712104,0.9371508105648142,0.25,0.25,0.25,0.25,0.603954168223805,0.6092777447969246,0.6066159565103648,-0.6871508105648142,0.3566159565103648,-0.2775955364010282,160.57407051324844,9630438912,False,0.6066159565103648,0.0
long_rvos/39db436191/3/5,long_rvos,39db436191,3,5,dynamic,predicted_static,box,False,0.8800919341360418,0.8883310516867442,0.884211492911393,0.940618151258418,0.9336834698712104,0.9371508105648142,0.9356844550792389,0.8986507791256734,0.9171676171024562,0.9708257968440395,0.24410274773108484,0.2429924096443286,0.2435475786877067,-0.019983193462357995,-0.6736200384147495,-0.6406639142236863,195.56359437853098,29333237248,False,,
long_rvos/39db436191/3/5,long_rvos,39db436191,3,5,dynamic,oracle_identity,point,True,0.8800919341360418,0.8883310516867442,0.884211492911393,0.940618151258418,0.9336834698712104,0.9371508105648142,0.25,0.25,0.25,0.25,0.603954168223805,0.6092777447969246,0.6066159565103648,-0.6871508105648142,0.3566159565103648,-0.2775955364010282,169.19534336030483,9630438912,False,0.6066159565103648,0.0
long_rvos/39db436191/3/5,long_rvos,39db436191,3,5,dynamic,oracle_identity,box,True,0.8800919341360418,0.8883310516867442,0.884211492911393,0.940618151258418,0.9336834698712104,0.9371508105648142,0.9356844550792389,0.8986507791256734,0.9171676171024562,0.9708257968440395,0.24410274773108484,0.2429924096443286,0.2435475786877067,-0.019983193462357995,-0.6736200384147495,-0.6406639142236863,196.04148809611797,29333237248,False,,
long_rvos/39db436191/3/10,long_rvos,39db436191,3,10,hybrid,predicted_static,point,False,0.6597058637748381,0.6751824075537012,0.6674441356642696,0.7112055648227121,0.7309881188831971,0.7210968418529546,0.25,0.25,0.25,0.5,0.6042461221361797,0.6104633178169614,0.6073547199765705,-0.47109684185295464,0.35735471997657053,-0.0600894156876991,164.92231978476048,9350030848,False,0.6073547199765705,0.0
long_rvos/39db436191/3/10,long_rvos,39db436191,3,10,hybrid,predicted_static,box,False,0.6597058637748381,0.6751824075537012,0.6674441356642696,0.7112055648227121,0.7309881188831971,0.7210968418529546,0.7057989912783339,0.7201532986795518,0.7129761449789429,0.9761520052821506,0.2142706304581516,0.21621131711644603,0.2152409737872988,-0.008120696874011735,-0.4977351711916441,-0.45220316187697085,188.22745129466057,29333237248,False,,
long_rvos/39db436191/3/10,long_rvos,39db436191,3,10,hybrid,oracle_identity,point,True,0.8800919341360418,0.8883310516867442,0.884211492911393,0.940618151258418,0.9336834698712104,0.9371508105648142,0.25,0.25,0.25,0.25,0.603954168223805,0.6092777447969246,0.6066159565103648,-0.6871508105648142,0.3566159565103648,-0.2775955364010282,167.44611256569624,9655158272,False,0.6066159565103648,0.0
long_rvos/39db436191/3/10,long_rvos,39db436191,3,10,hybrid,oracle_identity,box,True,0.8800919341360418,0.8883310516867442,0.884211492911393,0.940618151258418,0.9336834698712104,0.9371508105648142,0.9356844550792389,0.8986507791256734,0.9171676171024562,0.9708257968440395,0.24410274773108484,0.2429924096443286,0.2435475786877067,-0.019983193462357995,-0.6736200384147495,-0.6406639142236863,196.5705235376954,29337071104,False,,
long_rvos/39db436191/3/4,long_rvos,39db436191,3,4,static,predicted_static,point,False,0.8802246798703067,0.8893711408840118,0.8847979103771593,0.9415431138121402,0.9363762603398236,0.938959687075982,0.25,0.25,0.25,0.25,0.6039797751236264,0.6092985260206294,0.6066391505721279,-0.688959687075982,0.3566391505721279,-0.27815875980503135,90.2895025908947,9652742656,False,0.6066391505721279,0.0
long_rvos/39db436191/3/4,long_rvos,39db436191,3,4,static,predicted_static,box,False,0.8802246798703067,0.8893711408840118,0.8847979103771593,0.940618151258418,0.9336834698712104,0.9371508105648142,0.9356844550792389,0.8986507791256734,0.9171676171024562,0.9708257968440395,0.24410274773108484,0.2429924096443286,0.2435475786877067,-0.019983193462357995,-0.6736200384147495,-0.6412503316894526,195.56359437853098,29333237248,True,,
long_rvos/39db436191/3/4,long_rvos,39db436191,3,4,static,oracle_identity,point,True,0.8802246798703067,0.8893711408840118,0.8847979103771593,0.9415431138121402,0.9363762603398236,0.938959687075982,0.25,0.25,0.25,0.25,0.6039797751236264,0.6092985260206294,0.6066391505721279,-0.688959687075982,0.3566391505721279,-0.27815875980503135,178.74975679069757,9651442176,False,0.6066391505721279,0.0
long_rvos/39db436191/3/4,long_rvos,39db436191,3,4,static,oracle_identity,box,True,0.8802246798703067,0.8893711408840118,0.8847979103771593,0.940618151258418,0.9336834698712104,0.9371508105648142,0.9356844550792389,0.8986507791256734,0.9171676171024562,0.9708257968440395,0.24410274773108484,0.2429924096443286,0.2435475786877067,-0.019983193462357995,-0.6736200384147495,-0.6412503316894526,196.04148809611797,29333237248,True,,
long_rvos/2683deffcb/1/0,long_rvos,2683deffcb,1,0,static,predicted_static,point,False,0.5527302060247486,0.553430516767121,0.5530803613959347,0.644547870680902,0.6559753522324285,0.6502616114566653,0.0,0.0,0.0,0.25,0.40272087321221206,0.4293267511536988,0.4160238121829554,-0.6502616114566653,0.4160238121829554,-0.13705654921297933,269.80613584816456,11213157888,True,0.4160238121829554,0.0
long_rvos/2683deffcb/1/0,long_rvos,2683deffcb,1,0,static,predicted_static,box,False,0.5527302060247486,0.553430516767121,0.5530803613959347,0.644547870680902,0.6559753522324285,0.6502616114566653,0.0,0.0,0.0,0.25,0.0,0.0,0.0,-0.6502616114566653,0.0,-0.5530803613959347,273.62640679627657,10349547008,True,,
long_rvos/8093ebd9a3/3/9,long_rvos,8093ebd9a3,3,9,dynamic,predicted_static,point,False,0.1646104238727865,0.49061508436139767,0.32761275411709206,0.0008764764773160199,0.4131663724350273,0.20702142445617167,0.0,0.0,0.0,0.0,0.10021737370026518,0.3007653609616656,0.2004913673309654,-0.20702142445617167,0.2004913673309654,-0.12712138678612667,105.0309999063611,9065853440,False,0.2004913673309654,0.0
long_rvos/8093ebd9a3/3/9,long_rvos,8093ebd9a3,3,9,dynamic,predicted_static,box,False,0.1646104238727865,0.49061508436139767,0.32761275411709206,0.0008764764773160199,0.4131663724350273,0.20702142445617167,0.0004355973733039075,0.3533208064589939,0.17687820191614886,0.6806043600561086,0.09386000107195662,0.12431590403184896,0.10908795255190279,-0.0301432225400228,-0.06779024936424607,-0.21852480156518928,120.6022862046957,30087333376,False,,
long_rvos/8093ebd9a3/3/14,long_rvos,8093ebd9a3,3,14,hybrid,predicted_static,point,False,0.15276147760075284,0.34685176260757744,0.24980662010416516,0.0007586638774261419,0.2421094144212591,0.12143403914934264,0.0,0.0,0.0,0.25,0.09546454528949352,0.24234789804869097,0.16890622166909225,-0.12143403914934264,0.16890622166909225,-0.0809003984350729,93.52309039980173,8526336512,False,0.16890622166909225,0.0
long_rvos/8093ebd9a3/3/14,long_rvos,8093ebd9a3,3,14,hybrid,predicted_static,box,False,0.15276147760075284,0.34685176260757744,0.24980662010416516,0.0007586638774261419,0.2421094144212591,0.12143403914934264,0.00022872827081427266,0.16676239028139622,0.08349555927610525,0.6989870405667759,0.09384403524644873,0.11267611659428023,0.10326007592036449,-0.037938479873237396,0.01976451664425924,-0.14654654418380067,108.4368634223938,30087333376,False,,
long_rvos/8093ebd9a3/3/8,long_rvos,8093ebd9a3,3,8,static,predicted_static,point,False,0.1646104238727865,0.49061508436139767,0.32761275411709206,0.0008764764773160199,0.4131663724350273,0.20702142445617167,0.0,0.0,0.0,0.0,0.10021737370026518,0.3007653609616656,0.2004913673309654,-0.20702142445617167,0.2004913673309654,-0.12712138678612667,105.0309999063611,9065853440,True,0.2004913673309654,0.0
long_rvos/8093ebd9a3/3/8,long_rvos,8093ebd9a3,3,8,static,predicted_static,box,False,0.1646104238727865,0.49061508436139767,0.32761275411709206,0.0008764764773160199,0.4131663724350273,0.20702142445617167,0.0004355973733039075,0.3533208064589939,0.17687820191614886,0.6806043600561086,0.09386000107195662,0.12431590403184896,0.10908795255190279,-0.0301432225400228,-0.06779024936424607,-0.21852480156518928,120.6022862046957,30087333376,True,,
long_rvos/a500f0e77c/1/1,long_rvos,a500f0e77c,1,1,dynamic,predicted_static,point,False,0.8474950233478946,0.8627815042143929,0.8551382637811438,0.911056546018667,0.9679240585527233,0.9394903022856952,0.0,0.0,0.0,0.0,0.6363165924874629,0.6600713135413967,0.6481939530144298,-0.9394903022856952,0.6481939530144298,-0.20694431076671393,209.89567330479622,10926874112,False,0.6481939530144298,0.0
long_rvos/a500f0e77c/1/1,long_rvos,a500f0e77c,1,1,dynamic,predicted_static,box,False,0.8474950233478946,0.8627815042143929,0.8551382637811438,0.911056546018667,0.9679240585527233,0.9394903022856952,1.6056175204983835e-05,0.025143545573707148,0.012579800874456065,0.0,0.04687600351095031,0.048446471598356695,0.0476612375546535,-0.9269105014112391,0.035081436680197434,-0.8074770262264903,236.40358542650938,31194411520,False,,
long_rvos/a500f0e77c/1/4,long_rvos,a500f0e77c,1,4,hybrid,predicted_static,point,False,0.838084990770637,0.8524063457079699,0.8452456682393035,0.9091407171155581,0.973909148462472,0.941524932789015,0.0,0.0,0.0,0.0,0.63635107918905,0.6600677503894175,0.6482094147892337,-0.941524932789015,0.6482094147892337,-0.1970362534500698,207.43728078901768,10926874112,False,0.6482094147892337,0.0
long_rvos/a500f0e77c/1/4,long_rvos,a500f0e77c,1,4,hybrid,predicted_static,box,False,0.838084990770637,0.8524063457079699,0.8452456682393035,0.9091407171155581,0.973909148462472,0.941524932789015,0.22066534400906965,0.24094544007483668,0.23080539204195316,0.24404739828654082,0.060666584000566855,0.06193409000467729,0.06130033700262207,-0.7107195407470618,-0.16950505503933108,-0.7839453312366814,283.45337422937155,31194411520,False,,
long_rvos/a500f0e77c/1/0,long_rvos,a500f0e77c,1,0,static,predicted_static,point,False,0.838084990770637,0.8524063457079699,0.8452456682393035,0.9091407171155581,0.973909148462472,0.941524932789015,0.0,0.0,0.0,0.0,0.63635107918905,0.6600677503894175,0.6482094147892337,-0.941524932789015,0.6482094147892337,-0.1970362534500698,207.43728078901768,10926874112,True,0.6482094147892337,0.0
long_rvos/a500f0e77c/1/0,long_rvos,a500f0e77c,1,0,static,predicted_static,box,False,0.838084990770637,0.8524063457079699,0.8452456682393035,0.9091407171155581,0.973909148462472,0.941524932789015,0.22066534400906965,0.24094544007483668,0.23080539204195316,0.24404739828654082,0.060666584000566855,0.06193409000467729,0.06130033700262207,-0.7107195407470618,-0.16950505503933108,-0.7839453312366814,283.45337422937155,31194411520,True,,
long_rvos/939b6aed6d/7/26,long_rvos,939b6aed6d,7,26,dynamic,predicted_static,point,False,0.6096295115301087,0.592989200304246,0.6013093559171774,0.718763362629184,0.7145098625224149,0.7166366125757995,0.25,0.25,0.25,0.0,0.40414318073427685,0.394612147581916,0.3993776641580964,-0.46663661257579947,0.1493776641580964,-0.201931691759081,175.08487571775913,9847361024,False,0.3993776641580964,0.0
long_rvos/939b6aed6d/7/26,long_rvos,939b6aed6d,7,26,dynamic,predicted_static,box,False,0.6096295115301087,0.592989200304246,0.6013093559171774,0.718763362629184,0.7145098625224149,0.7166366125757995,0.7001480593825852,0.5913948868995603,0.6457714731410727,0.8961678194213453,0.21325830089090358,0.2078100237634526,0.2105341623271781,-0.07086513943472672,-0.43523731081389466,-0.3907751935899993,195.00061684846878,30862388736,False,,
long_rvos/939b6aed6d/7/33,long_rvos,939b6aed6d,7,33,hybrid,predicted_static,point,False,0.633926015521999,0.6141870814217025,0.6240565484718508,0.7262510240449098,0.7145098625224149,0.7203804432836622,0.25,0.25,0.25,0.5,0.3685631208854003,0.3603635196571549,0.3644633202712776,-0.47038044328366224,0.11446332027127759,-0.2595932282005732,176.88791923224926,8767816192,False,0.3644633202712776,0.0
long_rvos/939b6aed6d/7/33,long_rvos,939b6aed6d,7,33,hybrid,predicted_static,box,False,0.633926015521999,0.6141870814217025,0.6240565484718508,0.7262510240449098,0.7145098625224149,0.7203804432836622,0.7200388550144105,0.6517983871426328,0.6859186210785216,0.9867253633795201,0.21503361168632287,0.21179481778944936,0.21341421473788613,-0.0344618222051406,-0.4725044063406355,-0.41064233373396464,184.20230227708817,30862388736,False,,
long_rvos/939b6aed6d/7/24,long_rvos,939b6aed6d,7,24,static,predicted_static,point,False,0.821840357469651,0.7978386520828435,0.8098395047762472,0.968763362629184,0.9645098625224149,0.9666366125757995,0.25,0.25,0.25,0.25,0.4354835473731353,0.42452245003683753,0.4300029987049864,-0.7166366125757995,0.18000299870498643,-0.3798365060712608,178.17799712717533,9310775808,False,0.4300029987049864,0.0
long_rvos/939b6aed6d/7/24,long_rvos,939b6aed6d,7,24,static,predicted_static,box,False,0.821840357469651,0.7978386520828435,0.8098395047762472,0.968763362629184,0.9645098625224149,0.9666366125757995,0.9501480593825852,0.8413948868995603,0.8957714731410727,0.9724505120038807,0.24450830089090358,0.2390600237634526,0.2417841623271781,-0.07086513943472672,-0.6539873108138947,-0.5680553424490691,191.33146046847105,30862388736,False,,
long_rvos/939b6aed6d/7/25,long_rvos,939b6aed6d,7,25,static,predicted_static,point,False,0.18651605154286477,0.18724167835264593,0.18687886494775535,0.4948549875494361,0.5,0.49742749377471807,0.25,0.25,0.25,0.75,0.15625,0.15625,0.15625,-0.24742749377471807,-0.09375,-0.030628864947755352,169.42933130264282,8226228736,False,0.15625,0.0
long_rvos/939b6aed6d/7/25,long_rvos,939b6aed6d,7,25,static,predicted_static,box,False,0.18651605154286477,0.18724167835264593,0.18687886494775535,0.4948549875494361,0.5,0.49742749377471807,0.49166320318803025,0.45735294117647063,0.47450807218225044,0.9960291814769705,0.18635733976757102,0.18430942487631968,0.18533338232194535,-0.022919421592467626,-0.2891746898603051,-0.0015454826258100018,187.09978807717562,28731705344,False,,
long_rvos/ddc213ba3f/2/3,long_rvos,ddc213ba3f,2,3,dynamic,predicted_static,point,False,0.9343576819562658,0.8858119992450076,0.9100848406006368,0.9273376951526285,0.8666253887679235,0.896981541960276,0.0,0.0,0.0,0.0,0.6865733334135639,0.6352579827549696,0.6609156580842668,-0.896981541960276,0.6609156580842668,-0.24916918251637,250.59089743345976,10927119872,False,0.6609156580842668,0.0
long_rvos/ddc213ba3f/2/3,long_rvos,ddc213ba3f,2,3,dynamic,predicted_static,box,False,0.9343576819562658,0.8858119992450076,0.9100848406006368,0.9273376951526285,0.8666253887679235,0.896981541960276,0.20150713299585826,0.12420780945749828,0.16285747122667826,0.24352314184361393,0.012594195812241141,0.007762988091093642,0.010178591951667391,-0.7341240707335978,-0.15267887927501086,-0.8999062486489694,280.5578252226114,27827497472,False,,
long_rvos/ddc213ba3f/2/19,long_rvos,ddc213ba3f,2,19,hybrid,predicted_static,point,False,0.9343576819562658,0.8858119992450076,0.9100848406006368,0.9273376951526285,0.8666253887679235,0.896981541960276,0.0,0.0,0.0,0.0,0.6865733334135639,0.6352579827549696,0.6609156580842668,-0.896981541960276,0.6609156580842668,-0.24916918251637,250.59089743345976,10927119872,True,0.6609156580842668,0.0
long_rvos/ddc213ba3f/2/19,long_rvos,ddc213ba3f,2,19,hybrid,predicted_static,box,False,0.9343576819562658,0.8858119992450076,0.9100848406006368,0.9273376951526285,0.8666253887679235,0.896981541960276,0.20150713299585826,0.12420780945749828,0.16285747122667826,0.24352314184361393,0.012594195812241141,0.007762988091093642,0.010178591951667391,-0.7341240707335978,-0.15267887927501086,-0.8999062486489694,280.5578252226114,27827497472,True,,
long_rvos/ddc213ba3f/2/2,long_rvos,ddc213ba3f,2,2,static,predicted_static,point,False,0.9343576819562658,0.8858119992450076,0.9100848406006368,0.9273376951526285,0.8666253887679235,0.896981541960276,0.0,0.0,0.0,0.0,0.6865733334135639,0.6352579827549696,0.6609156580842668,-0.896981541960276,0.6609156580842668,-0.24916918251637,250.59089743345976,10927119872,True,0.6609156580842668,0.0
long_rvos/ddc213ba3f/2/2,long_rvos,ddc213ba3f,2,2,static,predicted_static,box,False,0.9343576819562658,0.8858119992450076,0.9100848406006368,0.9273376951526285,0.8666253887679235,0.896981541960276,0.20150713299585826,0.12420780945749828,0.16285747122667826,0.24352314184361393,0.012594195812241141,0.007762988091093642,0.010178591951667391,-0.7341240707335978,-0.15267887927501086,-0.8999062486489694,280.5578252226114,27827497472,True,,
long_rvos/6a1db02e31/2/5,long_rvos,6a1db02e31,2,5,dynamic,predicted_static,point,False,0.6411891701516366,0.6380692308325026,0.6396292004920696,0.6369865808148318,0.5452217935650958,0.5911041871899638,0.5,0.5,0.5,0.25,0.869181394165705,0.8576017155242047,0.8633915548449549,-0.09110418718996383,0.3633915548449549,0.22376235435288527,180.87306847423315,9470180864,False,0.8633915548449549,0.0
long_rvos/6a1db02e31/2/5,long_rvos,6a1db02e31,2,5,dynamic,predicted_static,box,False,0.6411891701516366,0.6380692308325026,0.6396292004920696,0.6369865808148318,0.5452217935650958,0.5911041871899638,0.6462977803681578,0.546731123388582,0.5965144518783698,0.4982654949121184,0.6653936112730099,0.6591706952117864,0.6622821532423981,0.005410264688405997,0.06576770136402832,0.022652952750328526,199.41096737980843,27142061568,False,,
long_rvos/6a1db02e31/2/7,long_rvos,6a1db02e31,2,7,dynamic,predicted_static,point,False,0.6411891701516366,0.6380692308325026,0.6396292004920696,0.6369865808148318,0.5452217935650958,0.5911041871899638,0.5,0.5,0.5,0.25,0.869181394165705,0.8576017155242047,0.8633915548449549,-0.09110418718996383,0.3633915548449549,0.22376235435288527,180.87306847423315,9470180864,True,0.8633915548449549,0.0
long_rvos/6a1db02e31/2/7,long_rvos,6a1db02e31,2,7,dynamic,predicted_static,box,False,0.6411891701516366,0.6380692308325026,0.6396292004920696,0.6369865808148318,0.5452217935650958,0.5911041871899638,0.6462977803681578,0.546731123388582,0.5965144518783698,0.4982654949121184,0.6653936112730099,0.6591706952117864,0.6622821532423981,0.005410264688405997,0.06576770136402832,0.022652952750328526,199.41096737980843,27142061568,True,,
long_rvos/6a1db02e31/2/10,long_rvos,6a1db02e31,2,10,hybrid,predicted_static,point,False,0.65625,0.65625,0.65625,0.5,0.5,0.5,0.5,0.5,0.5,1.0,0.65625,0.65625,0.65625,0.0,0.15625,0.0,190.8444850668311,7643469824,False,0.65625,0.0
long_rvos/6a1db02e31/2/10,long_rvos,6a1db02e31,2,10,hybrid,predicted_static,box,False,0.65625,0.65625,0.65625,0.5,0.5,0.5,0.5,0.5,0.5,1.0,0.65625,0.65625,0.65625,0.0,0.15625,0.0,188.428034350276,7643469824,False,,
long_rvos/6a1db02e31/2/11,long_rvos,6a1db02e31,2,11,hybrid,predicted_static,point,False,0.5786891701516366,0.5755692308325026,0.5771292004920696,0.38698658081483184,0.2952217935650958,0.3411041871899638,0.5,0.5,0.5,0.0,0.6232569763194373,0.6116334525865822,0.6174452144530098,0.15889581281003617,0.11744521445300982,0.0403160139609402,185.82394210994244,10007980544,False,0.6174452144530098,0.0
long_rvos/6a1db02e31/2/11,long_rvos,6a1db02e31,2,11,hybrid,predicted_static,box,False,0.5786891701516366,0.5755692308325026,0.5771292004920696,0.38698658081483184,0.2952217935650958,0.3411041871899638,0.6462977803681578,0.546731123388582,0.5965144518783698,0.2482654949121184,0.6653936112730099,0.6591706952117864,0.6622821532423981,0.255410264688406,0.06576770136402832,0.08515295275032853,212.41307363659143,27142061568,False,,
long_rvos/6a1db02e31/2/4,long_rvos,6a1db02e31,2,4,static,predicted_static,point,False,0.65625,0.65625,0.65625,0.5,0.5,0.5,0.5,0.5,0.5,1.0,0.65625,0.65625,0.65625,0.0,0.15625,0.0,190.8444850668311,7643469824,True,0.65625,0.0
long_rvos/6a1db02e31/2/4,long_rvos,6a1db02e31,2,4,static,predicted_static,box,False,0.65625,0.65625,0.65625,0.5,0.5,0.5,0.5,0.5,0.5,1.0,0.65625,0.65625,0.65625,0.0,0.15625,0.0,188.428034350276,7643469824,True,,
long_rvos/6a1db02e31/2/6,long_rvos,6a1db02e31,2,6,static,predicted_static,point,False,0.4578483978234583,0.45625662268708606,0.45705251025527216,0.25,0.25,0.25,0.5,0.5,0.5,0.75,0.65625,0.65625,0.65625,0.25,0.15625,0.19919748974472784,188.0416036695242,8647944704,False,0.65625,0.0
long_rvos/6a1db02e31/2/6,long_rvos,6a1db02e31,2,6,static,predicted_static,box,False,0.4578483978234583,0.45625662268708606,0.45705251025527216,0.25,0.25,0.25,0.25,0.25,0.25,0.9910331384015595,0.625,0.625,0.625,0.0,0.375,0.16794748974472784,197.74727817624807,26161434624,False,,
long_rvos/a8b6fd5e4d/2/5,long_rvos,a8b6fd5e4d,2,5,dynamic,predicted_static,point,False,0.7752003915415069,0.5068717166686911,0.641036054105099,0.8890732715888203,0.6178420640680422,0.7534576678284313,0.25,0.25,0.25,0.25,0.519710450221075,0.2897425292996289,0.40472648976035197,-0.5034576678284313,0.15472648976035197,-0.23630956434474704,180.25304102897644,9686254080,False,0.40472648976035197,0.0
long_rvos/a8b6fd5e4d/2/5,long_rvos,a8b6fd5e4d,2,5,dynamic,predicted_static,box,False,0.7752003915415069,0.5068717166686911,0.641036054105099,0.8890732715888203,0.6178420640680422,0.7534576678284313,0.7044243485290691,0.616203645642398,0.6603139970857336,0.7225844895568941,0.14594503699287828,0.12718484111696754,0.1365649390549229,-0.09314367074269769,-0.5237490580308106,-0.5044711150501762,194.43093506991863,30984468480,False,,
long_rvos/a8b6fd5e4d/2/7,long_rvos,a8b6fd5e4d,2,7,dynamic,predicted_static,point,False,0.5214006192870116,0.4181260001283289,0.4697633097076703,0.88841420821014,0.6201025952180815,0.7542584017141107,0.25,0.25,0.25,0.25,0.519714669847833,0.28955998792966475,0.40463732888874887,-0.5042584017141107,0.15463732888874887,-0.0651259808189214,171.06738308817148,9686254080,False,0.40463732888874887,0.0
long_rvos/2683deffcb/1/5,long_rvos,2683deffcb,1,5,hybrid,oracle_identity,box,True,0.5405876492543533,0.5439207538213048,0.5422542015378291,0.644547870680902,0.6559753522324285,0.6502616114566653,0.0,0.0,0.0,0.25,0.0,0.0,0.0,-0.6502616114566653,0.0,-0.5422542015378291,272.4810765609145,10349547008,False,,
long_rvos/2683deffcb/1/0,long_rvos,2683deffcb,1,0,static,oracle_identity,point,True,0.5405876492543533,0.5439207538213048,0.5422542015378291,0.644547870680902,0.6559753522324285,0.6502616114566653,0.0,0.0,0.0,0.25,0.40272087321221206,0.4293267511536988,0.4160238121829554,-0.6502616114566653,0.4160238121829554,-0.12623038935487368,267.98051155358553,11213157888,True,0.4160238121829554,0.0
long_rvos/2683deffcb/1/0,long_rvos,2683deffcb,1,0,static,oracle_identity,box,True,0.5405876492543533,0.5439207538213048,0.5422542015378291,0.644547870680902,0.6559753522324285,0.6502616114566653,0.0,0.0,0.0,0.25,0.0,0.0,0.0,-0.6502616114566653,0.0,-0.5422542015378291,272.4810765609145,10349547008,True,,
long_rvos/8093ebd9a3/3/9,long_rvos,8093ebd9a3,3,9,dynamic,oracle_identity,point,True,0.537562627596758,0.6699645528328755,0.6037635902148167,0.6065160209693853,0.75,0.6782580104846927,0.0,0.0,0.0,0.25,0.5147795154158176,0.577088672875036,0.5459340941454267,-0.6782580104846927,0.5459340941454267,-0.05782949606939003,105.7970834672451,8526336512,False,0.5459340941454267,0.0
long_rvos/8093ebd9a3/3/9,long_rvos,8093ebd9a3,3,9,dynamic,oracle_identity,box,True,0.537562627596758,0.6699645528328755,0.6037635902148167,0.6065160209693853,0.75,0.6782580104846927,0.0,0.0,0.0,0.25,0.09375,0.09375,0.09375,-0.6782580104846927,0.09375,-0.5100135902148167,96.43527225404978,7666008064,False,,
long_rvos/8093ebd9a3/3/14,long_rvos,8093ebd9a3,3,14,hybrid,oracle_identity,point,True,0.5693639012736758,0.6522231909328684,0.6107935461032721,0.6520257059176313,0.75,0.7010128529588157,0.0,0.0,0.0,0.25,0.5147541144458936,0.5769292049701019,0.5458416597079978,-0.7010128529588157,0.5458416597079978,-0.06495188639527427,86.7068727761507,8526336512,False,0.5458416597079978,0.0
long_rvos/8093ebd9a3/3/14,long_rvos,8093ebd9a3,3,14,hybrid,oracle_identity,box,True,0.5693639012736758,0.6522231909328684,0.6107935461032721,0.6520257059176313,0.75,0.7010128529588157,0.0,0.0,0.0,0.25,0.09375,0.09375,0.09375,-0.7010128529588157,0.09375,-0.5170435461032721,98.66572265326977,7666008064,False,,
long_rvos/8093ebd9a3/3/8,long_rvos,8093ebd9a3,3,8,static,oracle_identity,point,True,0.537562627596758,0.6699645528328755,0.6037635902148167,0.6065160209693853,0.75,0.6782580104846927,0.0,0.0,0.0,0.25,0.5147795154158176,0.577088672875036,0.5459340941454267,-0.6782580104846927,0.5459340941454267,-0.05782949606939003,105.7970834672451,8526336512,True,0.5459340941454267,0.0
long_rvos/8093ebd9a3/3/8,long_rvos,8093ebd9a3,3,8,static,oracle_identity,box,True,0.537562627596758,0.6699645528328755,0.6037635902148167,0.6065160209693853,0.75,0.6782580104846927,0.0,0.0,0.0,0.25,0.09375,0.09375,0.09375,-0.6782580104846927,0.09375,-0.5100135902148167,96.43527225404978,7666008064,True,,
long_rvos/a500f0e77c/1/1,long_rvos,a500f0e77c,1,1,dynamic,oracle_identity,point,True,0.8474950233478946,0.8627815042143929,0.8551382637811438,0.911056546018667,0.9679240585527233,0.9394903022856952,0.0,0.0,0.0,0.0,0.6363165924874629,0.6600713135413967,0.6481939530144298,-0.9394903022856952,0.6481939530144298,-0.20694431076671393,209.7728509157896,10926874112,False,0.6481939530144298,0.0
long_rvos/a500f0e77c/1/1,long_rvos,a500f0e77c,1,1,dynamic,oracle_identity,box,True,0.8474950233478946,0.8627815042143929,0.8551382637811438,0.911056546018667,0.9679240585527233,0.9394903022856952,1.6056175204983835e-05,0.025143545573707148,0.012579800874456065,0.0,0.04687600351095031,0.048446471598356695,0.0476612375546535,-0.9269105014112391,0.035081436680197434,-0.8074770262264903,234.3288721293211,31194411520,False,,
long_rvos/a500f0e77c/1/4,long_rvos,a500f0e77c,1,4,hybrid,oracle_identity,point,True,0.838084990770637,0.8524063457079699,0.8452456682393035,0.9091407171155581,0.973909148462472,0.941524932789015,0.0,0.0,0.0,0.0,0.63635107918905,0.6600677503894175,0.6482094147892337,-0.941524932789015,0.6482094147892337,-0.1970362534500698,185.63416170328856,10926874112,False,0.6482094147892337,0.0
long_rvos/a500f0e77c/1/4,long_rvos,a500f0e77c,1,4,hybrid,oracle_identity,box,True,0.838084990770637,0.8524063457079699,0.8452456682393035,0.9091407171155581,0.973909148462472,0.941524932789015,0.22066534400906965,0.24094544007483668,0.23080539204195316,0.24404739828654082,0.060666584000566855,0.06193409000467729,0.06130033700262207,-0.7107195407470618,-0.16950505503933108,-0.7839453312366814,271.58171786367893,31194411520,False,,
long_rvos/a500f0e77c/1/0,long_rvos,a500f0e77c,1,0,static,oracle_identity,point,True,0.838084990770637,0.8524063457079699,0.8452456682393035,0.9091407171155581,0.973909148462472,0.941524932789015,0.0,0.0,0.0,0.0,0.63635107918905,0.6600677503894175,0.6482094147892337,-0.941524932789015,0.6482094147892337,-0.1970362534500698,185.63416170328856,10926874112,True,0.6482094147892337,0.0
long_rvos/a500f0e77c/1/0,long_rvos,a500f0e77c,1,0,static,oracle_identity,box,True,0.838084990770637,0.8524063457079699,0.8452456682393035,0.9091407171155581,0.973909148462472,0.941524932789015,0.22066534400906965,0.24094544007483668,0.23080539204195316,0.24404739828654082,0.060666584000566855,0.06193409000467729,0.06130033700262207,-0.7107195407470618,-0.16950505503933108,-0.7839453312366814,271.58171786367893,31194411520,True,,
long_rvos/939b6aed6d/7/26,long_rvos,939b6aed6d,7,26,dynamic,oracle_identity,point,True,0.821840357469651,0.7978386520828435,0.8098395047762472,0.968763362629184,0.9645098625224149,0.9666366125757995,0.25,0.25,0.25,0.25,0.4354835473731353,0.42452245003683753,0.4300029987049864,-0.7166366125757995,0.18000299870498643,-0.3798365060712608,176.22076788544655,9310775808,False,0.4300029987049864,0.0
long_rvos/939b6aed6d/7/26,long_rvos,939b6aed6d,7,26,dynamic,oracle_identity,box,True,0.821840357469651,0.7978386520828435,0.8098395047762472,0.968763362629184,0.9645098625224149,0.9666366125757995,0.9501480593825852,0.8413948868995603,0.8957714731410727,0.9724505120038807,0.24450830089090358,0.2390600237634526,0.2417841623271781,-0.07086513943472672,-0.6539873108138947,-0.5680553424490691,205.01277000457048,30862388736,False,,
long_rvos/939b6aed6d/7/33,long_rvos,939b6aed6d,7,33,hybrid,oracle_identity,point,True,0.821840357469651,0.7978386520828435,0.8098395047762472,0.968763362629184,0.9645098625224149,0.9666366125757995,0.25,0.25,0.25,0.25,0.4354835473731353,0.42452245003683753,0.4300029987049864,-0.7166366125757995,0.18000299870498643,-0.3798365060712608,176.22076788544655,9310775808,True,0.4300029987049864,0.0
long_rvos/939b6aed6d/7/33,long_rvos,939b6aed6d,7,33,hybrid,oracle_identity,box,True,0.821840357469651,0.7978386520828435,0.8098395047762472,0.968763362629184,0.9645098625224149,0.9666366125757995,0.9501480593825852,0.8413948868995603,0.8957714731410727,0.9724505120038807,0.24450830089090358,0.2390600237634526,0.2417841623271781,-0.07086513943472672,-0.6539873108138947,-0.5680553424490691,205.01277000457048,30862388736,True,,
long_rvos/939b6aed6d/7/24,long_rvos,939b6aed6d,7,24,static,oracle_identity,point,True,0.821840357469651,0.7978386520828435,0.8098395047762472,0.968763362629184,0.9645098625224149,0.9666366125757995,0.25,0.25,0.25,0.25,0.4354835473731353,0.42452245003683753,0.4300029987049864,-0.7166366125757995,0.18000299870498643,-0.3798365060712608,176.22076788544655,9310775808,True,0.4300029987049864,0.0
long_rvos/939b6aed6d/7/24,long_rvos,939b6aed6d,7,24,static,oracle_identity,box,True,0.821840357469651,0.7978386520828435,0.8098395047762472,0.968763362629184,0.9645098625224149,0.9666366125757995,0.9501480593825852,0.8413948868995603,0.8957714731410727,0.9724505120038807,0.24450830089090358,0.2390600237634526,0.2417841623271781,-0.07086513943472672,-0.6539873108138947,-0.5680553424490691,205.01277000457048,30862388736,True,,
long_rvos/939b6aed6d/7/25,long_rvos,939b6aed6d,7,25,static,oracle_identity,point,True,0.18651605154286477,0.18724167835264593,0.18687886494775535,0.4948549875494361,0.5,0.49742749377471807,0.25,0.25,0.25,0.75,0.15625,0.15625,0.15625,-0.24742749377471807,-0.09375,-0.030628864947755352,163.84966891258955,8226228736,False,0.15625,0.0
long_rvos/939b6aed6d/7/25,long_rvos,939b6aed6d,7,25,static,oracle_identity,box,True,0.18651605154286477,0.18724167835264593,0.18687886494775535,0.4948549875494361,0.5,0.49742749377471807,0.49166320318803025,0.45735294117647063,0.47450807218225044,0.9960291814769705,0.18635733976757102,0.18430942487631968,0.18533338232194535,-0.022919421592467626,-0.2891746898603051,-0.0015454826258100018,180.09759255498648,28731705344,False,,
long_rvos/ddc213ba3f/2/3,long_rvos,ddc213ba3f,2,3,dynamic,oracle_identity,point,True,0.9343576819562658,0.8858119992450076,0.9100848406006368,0.9273376951526285,0.8666253887679235,0.896981541960276,0.0,0.0,0.0,0.0,0.6865733334135639,0.6352579827549696,0.6609156580842668,-0.896981541960276,0.6609156580842668,-0.24916918251637,258.2994123548269,10927119872,False,0.6609156580842668,0.0
long_rvos/ddc213ba3f/2/3,long_rvos,ddc213ba3f,2,3,dynamic,oracle_identity,box,True,0.9343576819562658,0.8858119992450076,0.9100848406006368,0.9273376951526285,0.8666253887679235,0.896981541960276,0.20150713299585826,0.12420780945749828,0.16285747122667826,0.24352314184361393,0.012594195812241141,0.007762988091093642,0.010178591951667391,-0.7341240707335978,-0.15267887927501086,-0.8999062486489694,267.3336801305413,27827497472,False,,
long_rvos/ddc213ba3f/2/19,long_rvos,ddc213ba3f,2,19,hybrid,oracle_identity,point,True,0.9343576819562658,0.8858119992450076,0.9100848406006368,0.9273376951526285,0.8666253887679235,0.896981541960276,0.0,0.0,0.0,0.0,0.6865733334135639,0.6352579827549696,0.6609156580842668,-0.896981541960276,0.6609156580842668,-0.24916918251637,258.2994123548269,10927119872,True,0.6609156580842668,0.0
long_rvos/ddc213ba3f/2/19,long_rvos,ddc213ba3f,2,19,hybrid,oracle_identity,box,True,0.9343576819562658,0.8858119992450076,0.9100848406006368,0.9273376951526285,0.8666253887679235,0.896981541960276,0.20150713299585826,0.12420780945749828,0.16285747122667826,0.24352314184361393,0.012594195812241141,0.007762988091093642,0.010178591951667391,-0.7341240707335978,-0.15267887927501086,-0.8999062486489694,267.3336801305413,27827497472,True,,
long_rvos/ddc213ba3f/2/2,long_rvos,ddc213ba3f,2,2,static,oracle_identity,point,True,0.9343576819562658,0.8858119992450076,0.9100848406006368,0.9273376951526285,0.8666253887679235,0.896981541960276,0.0,0.0,0.0,0.0,0.6865733334135639,0.6352579827549696,0.6609156580842668,-0.896981541960276,0.6609156580842668,-0.24916918251637,258.2994123548269,10927119872,True,0.6609156580842668,0.0
long_rvos/ddc213ba3f/2/2,long_rvos,ddc213ba3f,2,2,static,oracle_identity,box,True,0.9343576819562658,0.8858119992450076,0.9100848406006368,0.9273376951526285,0.8666253887679235,0.896981541960276,0.20150713299585826,0.12420780945749828,0.16285747122667826,0.24352314184361393,0.012594195812241141,0.007762988091093642,0.010178591951667391,-0.7341240707335978,-0.15267887927501086,-0.8999062486489694,267.3336801305413,27827497472,True,,
long_rvos/6a1db02e31/2/5,long_rvos,6a1db02e31,2,5,dynamic,oracle_identity,point,True,0.8599391701516366,0.8568192308325026,0.8583792004920696,0.8869865808148318,0.7952217935650958,0.8411041871899638,0.5,0.5,0.5,0.5,0.8497730696121615,0.8508179582903965,0.850295513951279,-0.3411041871899638,0.350295513951279,-0.008083686540790613,185.11024025082588,8929401344,False,0.850295513951279,0.0
long_rvos/6a1db02e31/2/5,long_rvos,6a1db02e31,2,5,dynamic,oracle_identity,box,True,0.8599391701516366,0.8568192308325026,0.8583792004920696,0.8869865808148318,0.7952217935650958,0.8411041871899638,0.6462977803681578,0.546731123388582,0.5965144518783698,0.7482654949121184,0.6653936112730099,0.6591706952117864,0.6622821532423981,-0.244589735311594,0.06576770136402832,-0.19609704724967147,197.88398600369692,27142061568,False,,
long_rvos/6a1db02e31/2/7,long_rvos,6a1db02e31,2,7,dynamic,oracle_identity,point,True,0.8599391701516366,0.8568192308325026,0.8583792004920696,0.8869865808148318,0.7952217935650958,0.8411041871899638,0.5,0.5,0.5,0.5,0.8497730696121615,0.8508179582903965,0.850295513951279,-0.3411041871899638,0.350295513951279,-0.008083686540790613,185.11024025082588,8929401344,True,0.850295513951279,0.0
long_rvos/6a1db02e31/2/7,long_rvos,6a1db02e31,2,7,dynamic,oracle_identity,box,True,0.8599391701516366,0.8568192308325026,0.8583792004920696,0.8869865808148318,0.7952217935650958,0.8411041871899638,0.6462977803681578,0.546731123388582,0.5965144518783698,0.7482654949121184,0.6653936112730099,0.6591706952117864,0.6622821532423981,-0.244589735311594,0.06576770136402832,-0.19609704724967147,197.88398600369692,27142061568,True,,
long_rvos/6a1db02e31/2/10,long_rvos,6a1db02e31,2,10,hybrid,oracle_identity,point,True,0.0,0.0,0.0,0.5,0.5,0.5,0.5,0.5,0.5,1.0,0.65625,0.65625,0.65625,0.0,0.15625,0.65625,183.8467627093196,7643469824,False,0.65625,0.0
long_rvos/6a1db02e31/2/10,long_rvos,6a1db02e31,2,10,hybrid,oracle_identity,box,True,0.0,0.0,0.0,0.5,0.5,0.5,0.5,0.5,0.5,1.0,0.65625,0.65625,0.65625,0.0,0.15625,0.65625,194.3981644436717,7643469824,False,,
long_rvos/6a1db02e31/2/11,long_rvos,6a1db02e31,2,11,hybrid,oracle_identity,point,True,0.8599391701516366,0.8568192308325026,0.8583792004920696,0.8869865808148318,0.7952217935650958,0.8411041871899638,0.5,0.5,0.5,0.5,0.8497730696121615,0.8508179582903965,0.850295513951279,-0.3411041871899638,0.350295513951279,-0.008083686540790613,185.11024025082588,8929401344,True,0.850295513951279,0.0
long_rvos/6a1db02e31/2/11,long_rvos,6a1db02e31,2,11,hybrid,oracle_identity,box,True,0.8599391701516366,0.8568192308325026,0.8583792004920696,0.8869865808148318,0.7952217935650958,0.8411041871899638,0.6462977803681578,0.546731123388582,0.5965144518783698,0.7482654949121184,0.6653936112730099,0.6591706952117864,0.6622821532423981,-0.244589735311594,0.06576770136402832,-0.19609704724967147,197.88398600369692,27142061568,True,,
long_rvos/6a1db02e31/2/4,long_rvos,6a1db02e31,2,4,static,oracle_identity,point,True,0.0,0.0,0.0,0.5,0.5,0.5,0.5,0.5,0.5,1.0,0.65625,0.65625,0.65625,0.0,0.15625,0.65625,183.8467627093196,7643469824,True,0.65625,0.0
long_rvos/6a1db02e31/2/4,long_rvos,6a1db02e31,2,4,static,oracle_identity,box,True,0.0,0.0,0.0,0.5,0.5,0.5,0.5,0.5,0.5,1.0,0.65625,0.65625,0.65625,0.0,0.15625,0.65625,194.3981644436717,7643469824,True,,
long_rvos/6a1db02e31/2/6,long_rvos,6a1db02e31,2,6,static,oracle_identity,point,True,0.681971260611749,0.6742007424809999,0.6780860015463744,0.5,0.5,0.5,0.5,0.5,0.5,1.0,0.65625,0.65625,0.65625,0.0,0.15625,-0.02183600154637444,178.7591826468706,7643469824,False,0.65625,0.0
long_rvos/6a1db02e31/2/6,long_rvos,6a1db02e31,2,6,static,oracle_identity,box,True,0.681971260611749,0.6742007424809999,0.6780860015463744,0.5,0.5,0.5,0.5,0.5,0.5,1.0,0.65625,0.65625,0.65625,0.0,0.15625,-0.02183600154637444,190.91503339260817,7643469824,False,,
long_rvos/a8b6fd5e4d/2/5,long_rvos,a8b6fd5e4d,2,5,dynamic,oracle_identity,point,True,0.7752003915415069,0.5068717166686911,0.641036054105099,0.8890732715888203,0.6178420640680422,0.7534576678284313,0.25,0.25,0.25,0.25,0.519710450221075,0.2897425292996289,0.40472648976035197,-0.5034576678284313,0.15472648976035197,-0.23630956434474704,187.85883425176144,9686254080,False,0.40472648976035197,0.0
long_rvos/a8b6fd5e4d/2/5,long_rvos,a8b6fd5e4d,2,5,dynamic,oracle_identity,box,True,0.7752003915415069,0.5068717166686911,0.641036054105099,0.8890732715888203,0.6178420640680422,0.7534576678284313,0.7044243485290691,0.616203645642398,0.6603139970857336,0.7225844895568941,0.14594503699287828,0.12718484111696754,0.1365649390549229,-0.09314367074269769,-0.5237490580308106,-0.5044711150501762,207.87906695902348,30984468480,False,,
long_rvos/a8b6fd5e4d/2/7,long_rvos,a8b6fd5e4d,2,7,dynamic,oracle_identity,point,True,0.5784207180619961,0.4491492031892161,0.5137849606256061,0.707970636218476,0.6119198443576103,0.6599452402880431,0.25,0.25,0.25,0.5,0.5652731339873833,0.3145771549455996,0.43992514446649145,-0.40994524028804313,0.18992514446649145,-0.07385981615911463,184.4199616163969,9146357248,False,0.43992514446649145,0.0
long_rvos/a8b6fd5e4d/2/7,long_rvos,a8b6fd5e4d,2,7,dynamic,oracle_identity,box,True,0.5784207180619961,0.4491492031892161,0.5137849606256061,0.707970636218476,0.6119198443576103,0.6599452402880431,0.612743626717835,0.4985986989363551,0.555671162827095,0.8699767584240339,0.1273672723746635,0.11101683254868717,0.11919205246167533,-0.10427407746094808,-0.43647911036541975,-0.3945929081639308,216.27338305860758,31628734976,False,,
long_rvos/a8b6fd5e4d/2/10,long_rvos,a8b6fd5e4d,2,10,hybrid,oracle_identity,point,True,0.7752003915415069,0.5068717166686911,0.641036054105099,0.8890732715888203,0.6178420640680422,0.7534576678284313,0.25,0.25,0.25,0.25,0.519710450221075,0.2897425292996289,0.40472648976035197,-0.5034576678284313,0.15472648976035197,-0.23630956434474704,187.85883425176144,9686254080,True,0.40472648976035197,0.0
long_rvos/a8b6fd5e4d/2/10,long_rvos,a8b6fd5e4d,2,10,hybrid,oracle_identity,box,True,0.7752003915415069,0.5068717166686911,0.641036054105099,0.8890732715888203,0.6178420640680422,0.7534576678284313,0.7044243485290691,0.616203645642398,0.6603139970857336,0.7225844895568941,0.14594503699287828,0.12718484111696754,0.1365649390549229,-0.09314367074269769,-0.5237490580308106,-0.5044711150501762,207.87906695902348,30984468480,True,,
long_rvos/a8b6fd5e4d/2/11,long_rvos,a8b6fd5e4d,2,11,hybrid,oracle_identity,point,True,0.5784207180619961,0.4491492031892161,0.5137849606256061,0.707970636218476,0.6119198443576103,0.6599452402880431,0.25,0.25,0.25,0.5,0.5652731339873833,0.3145771549455996,0.43992514446649145,-0.40994524028804313,0.18992514446649145,-0.07385981615911463,184.4199616163969,9146357248,True,0.43992514446649145,0.0
long_rvos/a8b6fd5e4d/2/11,long_rvos,a8b6fd5e4d,2,11,hybrid,oracle_identity,box,True,0.5784207180619961,0.4491492031892161,0.5137849606256061,0.707970636218476,0.6119198443576103,0.6599452402880431,0.612743626717835,0.4985986989363551,0.555671162827095,0.8699767584240339,0.1273672723746635,0.11101683254868717,0.11919205246167533,-0.10427407746094808,-0.43647911036541975,-0.3945929081639308,216.27338305860758,31628734976,True,,
long_rvos/a8b6fd5e4d/2/4,long_rvos,a8b6fd5e4d,2,4,static,oracle_identity,point,True,0.09452619250328234,0.1850520594488816,0.13978912597608195,0.25015231439774627,0.3309928802002122,0.2905725972989792,0.25,0.25,0.25,0.75,0.09375,0.09375,0.09375,-0.04057259729897922,-0.15625,-0.04603912597608195,188.24046867340803,8606481920,False,0.09375,0.0
long_rvos/a8b6fd5e4d/2/4,long_rvos,a8b6fd5e4d,2,4,static,oracle_identity,box,True,0.09452619250328234,0.1850520594488816,0.13978912597608195,0.25015231439774627,0.3309928802002122,0.2905725972989792,0.25,0.25,0.25,0.75,0.09375,0.09375,0.09375,-0.04057259729897922,-0.15625,-0.04603912597608195,183.6696463674307,8569701376,False,,
long_rvos/a8b6fd5e4d/2/6,long_rvos,a8b6fd5e4d,2,6,static,oracle_identity,point,True,0.7736639512394358,0.4953723296358868,0.6345181404376613,0.6391290701296708,0.3664753170197796,0.5028021935747252,0.25,0.25,0.25,0.0,0.5464657410573481,0.29754821061920506,0.4220069758382766,-0.2528021935747252,0.17200697583827662,-0.21251116459938468,183.67330245673656,9966662144,False,0.4220069758382766,0.0
long_rvos/a8b6fd5e4d/2/6,long_rvos,a8b6fd5e4d,2,6,static,oracle_identity,box,True,0.7736639512394358,0.4953723296358868,0.6345181404376613,0.6391290701296708,0.3664753170197796,0.5028021935747252,0.453766956432898,0.3667180333406872,0.4102424948867926,0.7163019361128676,0.1302780671991902,0.11164682723707696,0.12096244721813357,-0.09255969868793262,-0.289280047668659,-0.5135556932195278,212.29716067016125,30994562048,False,,
long_rvos/8290c48fcb/9/17,long_rvos,8290c48fcb,9,17,dynamic,oracle_identity,point,True,0.8901884656752936,0.7920706114496436,0.8411295385624686,0.9433586844607815,0.9087224969412132,0.9260405907009973,0.25,0.25,0.25,0.25,0.8373124236165865,0.7388726129826595,0.788092518299623,-0.6760405907009973,0.538092518299623,-0.053037020262845624,232.20791426301003,10573361664,False,0.788092518299623,0.0
long_rvos/8290c48fcb/9/17,long_rvos,8290c48fcb,9,17,dynamic,oracle_identity,box,True,0.8901884656752936,0.7920706114496436,0.8411295385624686,0.9433586844607815,0.9087224969412132,0.9260405907009973,0.7664225302489898,0.686586706426129,0.7265046183375594,0.7998611658690523,0.2979014081405619,0.292911669151633,0.29540653864609745,-0.1995359723634379,-0.43109807969146197,-0.5457229999163712,253.3341715708375,30370730496,False,,
long_rvos/8290c48fcb/9/25,long_rvos,8290c48fcb,9,25,hybrid,oracle_identity,point,True,0.8901884656752936,0.7920706114496436,0.8411295385624686,0.9433586844607815,0.9087224969412132,0.9260405907009973,0.25,0.25,0.25,0.25,0.8373124236165865,0.7388726129826595,0.788092518299623,-0.6760405907009973,0.538092518299623,-0.053037020262845624,232.20791426301003,10573361664,True,0.788092518299623,0.0
long_rvos/8290c48fcb/9/25,long_rvos,8290c48fcb,9,25,hybrid,oracle_identity,box,True,0.8901884656752936,0.7920706114496436,0.8411295385624686,0.9433586844607815,0.9087224969412132,0.9260405907009973,0.7664225302489898,0.686586706426129,0.7265046183375594,0.7998611658690523,0.2979014081405619,0.292911669151633,0.29540653864609745,-0.1995359723634379,-0.43109807969146197,-0.5457229999163712,253.3341715708375,30370730496,True,,
long_rvos/8290c48fcb/9/16,long_rvos,8290c48fcb,9,16,static,oracle_identity,point,True,0.8901884656752936,0.7920706114496436,0.8411295385624686,0.9433586844607815,0.9087224969412132,0.9260405907009973,0.25,0.25,0.25,0.25,0.8373124236165865,0.7388726129826595,0.788092518299623,-0.6760405907009973,0.538092518299623,-0.053037020262845624,232.20791426301003,10573361664,True,0.788092518299623,0.0
long_rvos/8290c48fcb/9/16,long_rvos,8290c48fcb,9,16,static,oracle_identity,box,True,0.8901884656752936,0.7920706114496436,0.8411295385624686,0.9433586844607815,0.9087224969412132,0.9260405907009973,0.7664225302489898,0.686586706426129,0.7265046183375594,0.7998611658690523,0.2979014081405619,0.292911669151633,0.29540653864609745,-0.1995359723634379,-0.43109807969146197,-0.5457229999163712,253.3341715708375,30370730496,True,,
long_rvos/30f4d962f9/1/1,long_rvos,30f4d962f9,1,1,dynamic,oracle_identity,point,True,0.7983130546237696,0.7763836310325121,0.7873483428281408,0.8735111831645348,0.8123944998458286,0.8429528415051817,0.0,0.0,0.0,0.0,0.5345110802971244,0.5130471757985685,0.5237791280478464,-0.8429528415051817,0.5237791280478464,-0.2635692147802944,224.05741427838802,10407884800,False,0.5237791280478464,0.0
long_rvos/30f4d962f9/1/1,long_rvos,30f4d962f9,1,1,dynamic,oracle_identity,box,True,0.7983130546237696,0.7763836310325121,0.7873483428281408,0.8735111831645348,0.8123944998458286,0.8429528415051817,0.8776445788079655,0.8195092340216531,0.8485769064148092,0.9485600914839745,0.09657108743599477,0.09161410729887406,0.09409259736743442,0.005624064909627524,-0.7544843090473747,-0.6932557454607065,227.6074618920684,27796950528,False,,
long_rvos/30f4d962f9/1/4,long_rvos,30f4d962f9,1,4,hybrid,oracle_identity,point,True,0.7983130546237696,0.7763836310325121,0.7873483428281408,0.8735111831645348,0.8123944998458286,0.8429528415051817,0.0,0.0,0.0,0.0,0.5345110802971244,0.5130471757985685,0.5237791280478464,-0.8429528415051817,0.5237791280478464,-0.2635692147802944,224.05741427838802,10407884800,True,0.5237791280478464,0.0
long_rvos/30f4d962f9/1/4,long_rvos,30f4d962f9,1,4,hybrid,oracle_identity,box,True,0.7983130546237696,0.7763836310325121,0.7873483428281408,0.8735111831645348,0.8123944998458286,0.8429528415051817,0.8776445788079655,0.8195092340216531,0.8485769064148092,0.9485600914839745,0.09657108743599477,0.09161410729887406,0.09409259736743442,0.005624064909627524,-0.7544843090473747,-0.6932557454607065,227.6074618920684,27796950528,True,,
long_rvos/30f4d962f9/1/0,long_rvos,30f4d962f9,1,0,static,oracle_identity,point,True,0.6349791713235635,0.6317213837734597,0.6333502775485116,0.6340933138137783,0.6365121229926733,0.6353027184032258,0.0,0.0,0.0,0.0,0.5351223101577972,0.5152555316084276,0.5251889208831124,-0.6353027184032258,0.5251889208831124,-0.10816135666539917,205.80909886956215,10407884800,False,0.5251889208831124,0.0
long_rvos/30f4d962f9/1/0,long_rvos,30f4d962f9,1,0,static,oracle_identity,box,True,0.6349791713235635,0.6317213837734597,0.6333502775485116,0.6340933138137783,0.6365121229926733,0.6353027184032258,0.20429739529376942,0.13228438930657352,0.16829089230017147,0.1991498021911138,0.026445745681965185,0.02209942120239691,0.02427258344218105,-0.46701182610305436,-0.1440183088579904,-0.6090776941063305,230.2925455197692,26184623104,False,,
long_rvos/976257d833/1/1,long_rvos,976257d833,1,1,dynamic,oracle_identity,point,True,0.8184102915014104,0.7278942963569925,0.7731522939292015,0.9798718020369754,0.9746215152996449,0.9772466586683104,0.0,0.0,0.0,0.0,0.667082171928265,0.5293510913710977,0.5982166316496813,-0.9772466586683104,0.5982166316496813,-0.17493566227952018,182.92313899099827,9939522560,False,0.5982166316496813,0.0
long_rvos/84dc481247/3/9,long_rvos,84dc481247,3,9,dynamic,predicted_static,point,False,0.4533249410922456,0.45740244863413493,0.4553636948631903,0.0031990574759295587,0.06843917814615923,0.035819117811044396,0.5,0.5,0.5,0.0,0.125,0.12506446621970088,0.12503223310985045,0.4641808821889556,-0.37496776689014955,-0.33033146175333983,136.9699014648795,9618077184,False,0.12503223310985045,0.0
long_rvos/84dc481247/3/9,long_rvos,84dc481247,3,9,dynamic,predicted_static,box,False,0.4533249410922456,0.45740244863413493,0.4553636948631903,0.0031990574759295587,0.06843917814615923,0.035819117811044396,0.0,0.0,0.0,0.7393525283048841,0.5,0.5,0.5,-0.035819117811044396,0.5,0.04463630513680972,146.55559876561165,27014873600,False,,
long_rvos/84dc481247/3/10,long_rvos,84dc481247,3,10,static,predicted_static,point,False,0.3910790614886471,0.39668379068310544,0.3938814260858763,0.2531990574759296,0.31843917814615924,0.2858191178110444,0.5,0.5,0.5,0.5,0.3125,0.3125,0.3125,0.2141808821889556,-0.1875,-0.08138142608587629,128.059434838593,8545872384,False,0.3125,0.0
long_rvos/84dc481247/3/10,long_rvos,84dc481247,3,10,static,predicted_static,box,False,0.3910790614886471,0.39668379068310544,0.3938814260858763,0.2531990574759296,0.31843917814615924,0.2858191178110444,0.25,0.25,0.25,0.7459252588923908,0.53125,0.53125,0.53125,-0.03581911781104441,0.28125,0.13736857391412371,134.09083279967308,27014873600,False,,
long_rvos/9bc92f09e0/1/1,long_rvos,9bc92f09e0,1,1,dynamic,predicted_static,point,False,0.47575559910937426,0.5087794280111716,0.49226751356027293,0.8300720976760277,0.8322399397325633,0.8311560187042955,0.5,0.5,0.5,0.5,0.4481531674187058,0.46701630783464837,0.45758473762667706,-0.33115601870429545,-0.04241526237332294,-0.034682775933595866,212.8598829433322,10104547840,False,0.45758473762667706,0.0
long_rvos/9bc92f09e0/1/1,long_rvos,9bc92f09e0,1,1,dynamic,predicted_static,box,False,0.47575559910937426,0.5087794280111716,0.49226751356027293,0.8300720976760277,0.8322399397325633,0.8311560187042955,0.7335896880415944,0.75,0.7417948440207972,0.7372152986678127,0.28022435550259966,0.28125,0.2807371777512998,-0.08936117468349825,-0.4610576662694974,-0.21153033580897312,197.76245802640915,27819256320,False,,
long_rvos/9bc92f09e0/1/8,long_rvos,9bc92f09e0,1,8,hybrid,predicted_static,point,False,0.3050836916770712,0.3563367530809656,0.33071022237901837,0.3297555647431273,0.33570492911622407,0.3327302469296757,0.5,0.5,0.5,0.0,0.39174598693118423,0.4344260218095863,0.41308600437038523,0.16726975307032432,-0.08691399562961477,0.08237578199136686,250.49665193259716,10921541120,False,0.41308600437038523,0.0
long_rvos/9bc92f09e0/1/8,long_rvos,9bc92f09e0,1,8,hybrid,predicted_static,box,False,0.3050836916770712,0.3563367530809656,0.33071022237901837,0.3297555647431273,0.33570492911622407,0.3327302469296757,0.7335896880415944,0.75,0.7417948440207972,0.23739767341663076,0.28022435550259966,0.28125,0.2807371777512998,0.40906459709112153,-0.4610576662694974,-0.049973044627718566,265.9200887903571,27819256320,False,,
long_rvos/9bc92f09e0/1/2,long_rvos,9bc92f09e0,1,2,static,predicted_static,point,False,0.5584651293637902,0.6335136383459407,0.5959893838548654,0.5849240190993729,0.583011583011583,0.583967801055478,0.5,0.5,0.5,0.25,0.2352243961739779,0.24890864150587538,0.24206651883992664,-0.08396780105547796,-0.25793348116007336,-0.3539228650149388,248.83029355108738,10384955904,False,0.24206651883992664,0.0
long_rvos/9bc92f09e0/1/2,long_rvos,9bc92f09e0,1,2,static,predicted_static,box,False,0.5584651293637902,0.6335136383459407,0.5959893838548654,0.5849240190993729,0.583011583011583,0.583967801055478,0.7326856274424663,0.7487001733102253,0.7406929003763458,0.49240239574090505,0.2801678517151541,0.2811687608318891,0.2806683062735216,0.15672509932086787,-0.46002459410282426,-0.31532107758134387,265.9339599609375,27819256320,False,,
long_rvos/9c1297ecd3/2/7,long_rvos,9c1297ecd3,2,7,dynamic,predicted_static,point,False,0.432138127150629,0.4353540819270458,0.4337461045388374,7.382471060713442e-05,0.011295180722891566,0.00568450271674935,0.25,0.25,0.25,0.0,0.1801276269932638,0.2240734961435767,0.20210056156842024,0.24431549728325064,-0.04789943843157976,-0.23164554297041715,193.84312515705824,10293274112,False,0.20210056156842024,0.0
long_rvos/9c1297ecd3/2/7,long_rvos,9c1297ecd3,2,7,dynamic,predicted_static,box,False,0.432138127150629,0.4353540819270458,0.4337461045388374,7.382471060713442e-05,0.011295180722891566,0.00568450271674935,7.861588574886823e-05,0.011173116139352568,0.0056258660125507185,0.4963284862043582,0.29654914411100114,0.29751127254532894,0.29703020832816507,-5.863670419863163e-05,0.29140434231561435,-0.13671589621067232,231.72233007848263,30559467008,False,,
long_rvos/9c1297ecd3/2/11,long_rvos,9c1297ecd3,2,11,hybrid,predicted_static,point,False,0.9178774008349467,0.8529318656697621,0.8854046332523544,0.6983382508649959,0.5907509965311001,0.644544623698048,0.25,0.25,0.25,0.0,0.776521992900276,0.7360676547265591,0.7562948238134175,-0.394544623698048,0.5062948238134175,-0.1291098094389369,202.34300199896097,10293274112,False,0.7562948238134175,0.0
long_rvos/9c1297ecd3/2/11,long_rvos,9c1297ecd3,2,11,hybrid,predicted_static,box,False,0.9178774008349467,0.8529318656697621,0.8854046332523544,0.6983382508649959,0.5907509965311001,0.644544623698048,0.47936557631813015,0.5184317152577023,0.4988986457879162,0.7398883211806722,0.3419514279898709,0.3525144449183637,0.3472329364541173,-0.14564597791013179,-0.15166570933379891,-0.5381716967982371,247.17896237969398,30559467008,False,,
long_rvos/9c1297ecd3/2/6,long_rvos,9c1297ecd3,2,6,static,predicted_static,point,False,0.9178774008349467,0.8529318656697621,0.8854046332523544,0.6983382508649959,0.5907509965311001,0.644544623698048,0.25,0.25,0.25,0.0,0.776521992900276,0.7360676547265591,0.7562948238134175,-0.394544623698048,0.5062948238134175,-0.1291098094389369,202.34300199896097,10293274112,True,0.7562948238134175,0.0
long_rvos/9c1297ecd3/2/6,long_rvos,9c1297ecd3,2,6,static,predicted_static,box,False,0.9178774008349467,0.8529318656697621,0.8854046332523544,0.6983382508649959,0.5907509965311001,0.644544623698048,0.47936557631813015,0.5184317152577023,0.4988986457879162,0.7398883211806722,0.3419514279898709,0.3525144449183637,0.3472329364541173,-0.14564597791013179,-0.15166570933379891,-0.5381716967982371,247.17896237969398,30559467008,True,,
long_rvos/af7297f0db/1/6,long_rvos,af7297f0db,1,6,hybrid,predicted_static,point,False,0.12177290594318947,0.13059863631646978,0.12618577112982962,0.5080221430286505,0.570908872558563,0.5394655077936068,0.0,0.0,0.0,0.25,0.4354024925995743,0.46027467831332075,0.4478385854564475,-0.5394655077936068,0.4478385854564475,0.32165281432661785,211.23035220056772,9883746816,False,0.4478385854564475,0.0
long_rvos/af7297f0db/1/6,long_rvos,af7297f0db,1,6,hybrid,predicted_static,box,False,0.12177290594318947,0.13059863631646978,0.12618577112982962,0.5080221430286505,0.570908872558563,0.5394655077936068,0.5718881589073098,0.5722192802957959,0.5720537196015528,0.8749352840721683,0.10579202060237397,0.10973443547945949,0.10776322804091673,0.03258821180794602,-0.46429049156063606,-0.01842254308891289,255.83418522030115,28932620800,False,,
long_rvos/c5c9b749d4/2/5,long_rvos,c5c9b749d4,2,5,dynamic,predicted_static,point,False,0.8031234057111807,0.7256122719885714,0.764367838849876,0.9862431247306922,0.9624716553287982,0.9743573900297452,0.75,0.75,0.75,0.75,0.5,0.5,0.5,-0.2243573900297452,-0.25,-0.264367838849876,218.45624992251396,9165900288,False,0.5,0.0
long_rvos/c5c9b749d4/2/5,long_rvos,c5c9b749d4,2,5,dynamic,predicted_static,box,False,0.8031234057111807,0.7256122719885714,0.764367838849876,0.9862431247306922,0.9624716553287982,0.9743573900297452,0.9887882708063821,0.9674515235457064,0.9781198971760443,0.9950303014471553,0.5298752772275261,0.527296773117649,0.5285860251725876,0.00376250714629911,-0.44953387200345674,-0.23578181367728845,237.06671196222305,27046257152,False,,
long_rvos/c5c9b749d4/2/10,long_rvos,c5c9b749d4,2,10,hybrid,predicted_static,point,False,0.8031234057111807,0.7256122719885714,0.764367838849876,0.9862431247306922,0.9624716553287982,0.9743573900297452,0.75,0.75,0.75,0.75,0.5,0.5,0.5,-0.2243573900297452,-0.25,-0.264367838849876,218.45624992251396,9165900288,True,0.5,0.0
long_rvos/c5c9b749d4/2/10,long_rvos,c5c9b749d4,2,10,hybrid,predicted_static,box,False,0.8031234057111807,0.7256122719885714,0.764367838849876,0.9862431247306922,0.9624716553287982,0.9743573900297452,0.9887882708063821,0.9674515235457064,0.9781198971760443,0.9950303014471553,0.5298752772275261,0.527296773117649,0.5285860251725876,0.00376250714629911,-0.44953387200345674,-0.23578181367728845,237.06671196222305,27046257152,True,,
long_rvos/c5c9b749d4/2/4,long_rvos,c5c9b749d4,2,4,static,predicted_static,point,False,0.8031234057111807,0.7256122719885714,0.764367838849876,0.9862431247306922,0.9624716553287982,0.9743573900297452,0.75,0.75,0.75,0.75,0.5,0.5,0.5,-0.2243573900297452,-0.25,-0.264367838849876,218.45624992251396,9165900288,True,0.5,0.0
long_rvos/c5c9b749d4/2/4,long_rvos,c5c9b749d4,2,4,static,predicted_static,box,False,0.8031234057111807,0.7256122719885714,0.764367838849876,0.9862431247306922,0.9624716553287982,0.9743573900297452,0.9887882708063821,0.9674515235457064,0.9781198971760443,0.9950303014471553,0.5298752772275261,0.527296773117649,0.5285860251725876,0.00376250714629911,-0.44953387200345674,-0.23578181367728845,237.06671196222305,27046257152,True,,
long_rvos/6fb7a04167/12/5,long_rvos,6fb7a04167,12,5,dynamic,predicted_static,point,False,0.3907259393620539,0.4131288399798206,0.4019273896709372,0.25,0.25,0.25,0.75,0.75,0.75,0.5,0.43750500447867563,0.4566191891141791,0.4470620967964274,0.5,-0.3029379032035726,0.04513470712549017,144.48838524520397,8628122112,False,0.4470620967964274,0.0
long_rvos/6fb7a04167/12/5,long_rvos,6fb7a04167,12,5,dynamic,predicted_static,box,False,0.3907259393620539,0.4131288399798206,0.4019273896709372,0.25,0.25,0.25,0.75,0.75,0.75,0.5,0.5625,0.5625,0.5625,0.5,-0.1875,0.16057261032906278,145.02282821387053,8049193472,False,,
long_rvos/6fb7a04167/12/25,long_rvos,6fb7a04167,12,25,hybrid,predicted_static,point,False,0.3438509393620539,0.3662538399798206,0.3550523896709372,0.5,0.5,0.5,0.75,0.75,0.75,0.5,0.34375,0.34375,0.34375,0.25,-0.40625,-0.011302389670937218,144.83655896782875,8628122112,False,0.34375,0.0
long_rvos/6fb7a04167/12/25,long_rvos,6fb7a04167,12,25,hybrid,predicted_static,box,False,0.3438509393620539,0.3662538399798206,0.3550523896709372,0.5,0.5,0.5,0.75,0.75,0.75,0.5,0.5625,0.5625,0.5625,0.25,-0.1875,0.20744761032906278,148.246288433671,8049193472,False,,
long_rvos/6fb7a04167/12/6,long_rvos,6fb7a04167,12,6,static,predicted_static,point,False,0.5534252687659538,0.5631174731869896,0.5582713709764717,0.75,0.75,0.75,0.75,0.75,0.75,0.75,0.5625,0.5625,0.5625,0.0,-0.1875,0.004228629023528274,145.11120181530714,8086617600,False,0.5625,0.0
long_rvos/6fb7a04167/12/6,long_rvos,6fb7a04167,12,6,static,predicted_static,box,False,0.5534252687659538,0.5631174731869896,0.5582713709764717,0.75,0.75,0.75,0.75,0.75,0.75,0.75,0.5625,0.5625,0.5625,0.0,-0.1875,0.004228629023528274,142.380593419075,8049193472,False,,
long_rvos/d33c8343bc/3/10,long_rvos,d33c8343bc,3,10,hybrid,predicted_static,point,False,0.561812480422857,0.5868123062885751,0.574312393355716,0.43875476421251597,0.5299836314422814,0.48436919782739873,0.5,0.5,0.5,0.25,0.3701542538217989,0.37228642983719656,0.3712203418294977,0.015630802172601266,-0.1287796581705023,-0.20309205152621834,121.09522213041782,8933518848,False,0.3712203418294977,0.0
long_rvos/d33c8343bc/3/10,long_rvos,d33c8343bc,3,10,hybrid,predicted_static,box,False,0.561812480422857,0.5868123062885751,0.574312393355716,0.43875476421251597,0.5299836314422814,0.48436919782739873,0.43698712727021716,0.5215668847375328,0.47927700600387496,0.9885326542367195,0.4330045389737517,0.43875464671400627,0.435879592843879,-0.005092191823523773,-0.04339741315999596,-0.13843280051183704,138.9318331182003,25362698240,False,,
long_rvos/2a87bea97e/1/1,long_rvos,2a87bea97e,1,1,dynamic,predicted_static,point,False,0.5713190005169619,0.48351624108265845,0.5274176207998102,0.6875526254946862,0.5129369046720292,0.6002447650833578,0.25,0.25,0.25,0.0,0.4763331214977166,0.41267351142201775,0.4445033164598672,-0.3502447650833578,0.19450331645986718,-0.08291430433994307,165.98088448494673,9695577600,False,0.4445033164598672,0.0
long_rvos/2a87bea97e/1/1,long_rvos,2a87bea97e,1,1,dynamic,predicted_static,box,False,0.5713190005169619,0.48351624108265845,0.5274176207998102,0.6875526254946862,0.5129369046720292,0.6002447650833578,0.23423001471309465,0.1858477041186391,0.21003885941586686,0.3989795486501987,0.21776437591956843,0.21474048150741493,0.21625242871349168,-0.3902059056674909,0.006213569297624816,-0.31116519208631854,175.02505860477686,28957606400,False,,
long_rvos/2a87bea97e/1/12,long_rvos,2a87bea97e,1,12,hybrid,predicted_static,point,False,0.5713190005169619,0.48351624108265845,0.5274176207998102,0.6875526254946862,0.5129369046720292,0.6002447650833578,0.25,0.25,0.25,0.0,0.4763331214977166,0.41267351142201775,0.4445033164598672,-0.3502447650833578,0.19450331645986718,-0.08291430433994307,165.98088448494673,9695577600,True,0.4445033164598672,0.0
long_rvos/2a87bea97e/1/12,long_rvos,2a87bea97e,1,12,hybrid,predicted_static,box,False,0.5713190005169619,0.48351624108265845,0.5274176207998102,0.6875526254946862,0.5129369046720292,0.6002447650833578,0.23423001471309465,0.1858477041186391,0.21003885941586686,0.3989795486501987,0.21776437591956843,0.21474048150741493,0.21625242871349168,-0.3902059056674909,0.006213569297624816,-0.31116519208631854,175.02505860477686,28957606400,True,,
long_rvos/2a87bea97e/1/0,long_rvos,2a87bea97e,1,0,static,predicted_static,point,False,0.5869440005169619,0.49914124108265845,0.5430426207998102,0.9375526254946862,0.7629369046720292,0.8502447650833578,0.25,0.25,0.25,0.25,0.6047872825796464,0.5057704129222153,0.5552788477509308,-0.6002447650833578,0.30527884775093084,0.012236226951120588,152.52217059582472,9415335424,False,0.5552788477509308,0.0
long_rvos/2a87bea97e/1/0,long_rvos,2a87bea97e,1,0,static,predicted_static,box,False,0.5869440005169619,0.49914124108265845,0.5430426207998102,0.9375526254946862,0.7629369046720292,0.8502447650833578,0.4842300147130947,0.4358477041186391,0.46003885941586686,0.49272884486892266,0.23338937591956843,0.23036548150741493,0.23187742871349168,-0.3902059056674909,-0.22816143070237518,-0.31116519208631854,136.44274490326643,28957606400,False,,
long_rvos/119777f4c0/1/1,long_rvos,119777f4c0,1,1,dynamic,predicted_static,point,False,0.48686391520033545,0.4855144654876643,0.4861891903439999,0.7239173592443711,0.5780618896416032,0.6509896244429871,0.75,0.75,0.75,0.5,0.6850306772981898,0.6889201942899407,0.6869754357940652,0.09901037555701286,-0.06302456420593483,0.2007862454500653,200.9396165907383,9138314752,False,0.6869754357940652,0.0
long_rvos/119777f4c0/1/1,long_rvos,119777f4c0,1,1,dynamic,predicted_static,box,False,0.48686391520033545,0.4855144654876643,0.4861891903439999,0.7239173592443711,0.5780618896416032,0.6509896244429871,0.9242350986809481,0.7848498106871624,0.8545424546840553,0.6938235255284596,0.5837234415945908,0.5693313862193995,0.5765274139069951,0.20355283024106818,-0.2780150407770602,0.09033822356299526,212.16004288196564,26735725568,False,,
long_rvos/119777f4c0/1/12,long_rvos,119777f4c0,1,12,hybrid,predicted_static,point,False,0.5625,0.5625,0.5625,0.75,0.75,0.75,0.75,0.75,0.75,1.0,0.5625,0.5625,0.5625,0.0,-0.1875,0.0,159.77434607595205,7850833920,False,0.5625,0.0
long_rvos/119777f4c0/1/12,long_rvos,119777f4c0,1,12,hybrid,predicted_static,box,False,0.5625,0.5625,0.5625,0.75,0.75,0.75,0.75,0.75,0.75,1.0,0.5625,0.5625,0.5625,0.0,-0.1875,0.0,191.5591617077589,7850833920,False,,
long_rvos/119777f4c0/1/2,long_rvos,119777f4c0,1,2,static,predicted_static,point,False,0.48686391520033545,0.4855144654876643,0.4861891903439999,0.7239173592443711,0.5780618896416032,0.6509896244429871,0.75,0.75,0.75,0.5,0.6850306772981898,0.6889201942899407,0.6869754357940652,0.09901037555701286,-0.06302456420593483,0.2007862454500653,200.9396165907383,9138314752,True,0.6869754357940652,0.0
long_rvos/119777f4c0/1/2,long_rvos,119777f4c0,1,2,static,predicted_static,box,False,0.48686391520033545,0.4855144654876643,0.4861891903439999,0.7239173592443711,0.5780618896416032,0.6509896244429871,0.9242350986809481,0.7848498106871624,0.8545424546840553,0.6938235255284596,0.5837234415945908,0.5693313862193995,0.5765274139069951,0.20355283024106818,-0.2780150407770602,0.09033822356299526,212.16004288196564,26735725568,True,,
long_rvos/28ff632792/1/6,long_rvos,28ff632792,1,6,dynamic,predicted_static,point,False,0.9434236068470406,0.9502396892178128,0.9468316480324267,0.7363283401255645,0.7445725632155451,0.7404504516705548,0.75,0.75,0.75,0.5,0.6549069497704894,0.6564952984135914,0.6557011240920404,0.009549548329445212,-0.0942988759079596,-0.2911305239403863,218.2495761141181,9837218816,False,0.6557011240920404,0.0
long_rvos/28ff632792/1/6,long_rvos,28ff632792,1,6,dynamic,predicted_static,box,False,0.9434236068470406,0.9502396892178128,0.9468316480324267,0.7363283401255645,0.7445725632155451,0.7404504516705548,0.5,0.5,0.5,0.7227328431372549,0.625,0.625,0.625,-0.2404504516705548,0.125,-0.3218316480324267,244.1422980055213,28443858432,False,,
long_rvos/dca31590b8/2/5,long_rvos,dca31590b8,2,5,dynamic,predicted_static,point,False,0.8897568944459748,0.8791694278069468,0.8844631611264608,0.7285936887067951,0.6995064948478158,0.7140500917773055,0.75,0.75,0.75,0.5,0.375,0.375,0.375,0.035949908222694504,-0.375,-0.5094631611264608,107.69603626430035,8767610880,False,0.375,0.0
long_rvos/dca31590b8/2/5,long_rvos,dca31590b8,2,5,dynamic,predicted_static,box,False,0.8897568944459748,0.8791694278069468,0.8844631611264608,0.7285936887067951,0.6995064948478158,0.7140500917773055,0.5002009487043053,0.5408100188277707,0.5205054837660381,0.6952778443831675,0.6718875592940191,0.6744256261767356,0.6731565927353773,-0.19354460801126738,0.1526511089693392,-0.21130656839108353,109.93173514306545,24985820672,False,,
long_rvos/dca31590b8/2/11,long_rvos,dca31590b8,2,11,hybrid,predicted_static,point,False,0.6751682715871257,0.6902856076970718,0.6827269396420987,0.5016476885945913,0.5147107067009686,0.50817919764778,0.75,0.75,0.75,0.5,0.34375,0.34375,0.34375,0.24182080235222003,-0.40625,-0.33897693964209874,136.72055500745773,8767610880,False,0.34375,0.0
long_rvos/dca31590b8/2/11,long_rvos,dca31590b8,2,11,hybrid,predicted_static,box,False,0.6751682715871257,0.6902856076970718,0.6827269396420987,0.5016476885945913,0.5147107067009686,0.50817919764778,0.509606880356217,0.5039276034728284,0.5067672419145226,0.9112389427813368,0.6724754300222635,0.6721204752170518,0.6722979526196576,-0.001411955733257364,0.16553071070513503,-0.010428987022441105,112.56813345849514,24985820672,False,,
long_rvos/dca31590b8/2/6,long_rvos,dca31590b8,2,6,static,predicted_static,point,False,0.6751682715871257,0.6902856076970718,0.6827269396420987,0.5016476885945913,0.5147107067009686,0.50817919764778,0.75,0.75,0.75,0.5,0.34375,0.34375,0.34375,0.24182080235222003,-0.40625,-0.33897693964209874,136.72055500745773,8767610880,True,0.34375,0.0
long_rvos/dca31590b8/2/6,long_rvos,dca31590b8,2,6,static,predicted_static,box,False,0.6751682715871257,0.6902856076970718,0.6827269396420987,0.5016476885945913,0.5147107067009686,0.50817919764778,0.509606880356217,0.5039276034728284,0.5067672419145226,0.9112389427813368,0.6724754300222635,0.6721204752170518,0.6722979526196576,-0.001411955733257364,0.16553071070513503,-0.010428987022441105,112.56813345849514,24985820672,True,,
long_rvos/a595411232/3/9,long_rvos,a595411232,3,9,dynamic,predicted_static,point,False,0.4525692815978783,0.4899639547072779,0.4712666181525781,0.06863704819277108,0.08907397161954034,0.07885550990615571,0.0,0.0,0.0,0.25,0.43669714826260886,0.47419615015125494,0.4554466492069319,-0.07885550990615571,0.4554466492069319,-0.01581996894564619,234.98496555536985,10641704448,False,0.4554466492069319,0.0
long_rvos/a595411232/3/9,long_rvos,a595411232,3,9,dynamic,predicted_static,box,False,0.4525692815978783,0.4899639547072779,0.4712666181525781,0.06863704819277108,0.08907397161954034,0.07885550990615571,0.0,0.0,0.0,0.7034972101324041,0.359375,0.359375,0.359375,-0.07885550990615571,0.359375,-0.11189161815257809,267.38936557620764,28568249344,False,,
long_rvos/a595411232/3/21,long_rvos,a595411232,3,21,hybrid,predicted_static,point,False,0.27936632749068324,0.3193783914667339,0.29937235947870855,0.0,0.0,0.0,0.0,0.0,0.0,0.25,0.20375597773918597,0.22292574662947606,0.21334086218433101,0.0,0.21334086218433101,-0.08603149729437753,242.9808005988598,10641704448,False,0.21334086218433101,0.0
long_rvos/a595411232/3/21,long_rvos,a595411232,3,21,hybrid,predicted_static,box,False,0.27936632749068324,0.3193783914667339,0.29937235947870855,0.0,0.0,0.0,0.0,0.0,0.0,0.7034972101324041,0.359375,0.359375,0.359375,0.0,0.359375,0.06000264052129145,254.64839861541986,28568249344,False,,
long_rvos/a595411232/3/8,long_rvos,a595411232,3,8,static,predicted_static,point,False,0.27936632749068324,0.3193783914667339,0.29937235947870855,0.0,0.0,0.0,0.0,0.0,0.0,0.25,0.20375597773918597,0.22292574662947606,0.21334086218433101,0.0,0.21334086218433101,-0.08603149729437753,242.9808005988598,10641704448,True,0.21334086218433101,0.0
long_rvos/a595411232/3/8,long_rvos,a595411232,3,8,static,predicted_static,box,False,0.27936632749068324,0.3193783914667339,0.29937235947870855,0.0,0.0,0.0,0.0,0.0,0.0,0.7034972101324041,0.359375,0.359375,0.359375,0.0,0.359375,0.06000264052129145,254.64839861541986,28568249344,True,,
long_rvos/e9b78ad8e7/1/6,long_rvos,e9b78ad8e7,1,6,hybrid,predicted_static,point,False,0.7653948444301626,0.8080051395245613,0.786699991977362,0.7144160733667941,0.75,0.7322080366833971,0.5,0.5,0.5,0.25,0.19580109925394218,0.21826892737741985,0.20703501331568103,-0.23220803668339707,-0.292964986684319,-0.579664978661681,164.30505786836147,10037022208,False,0.20703501331568103,0.0
long_rvos/e9b78ad8e7/1/6,long_rvos,e9b78ad8e7,1,6,hybrid,predicted_static,box,False,0.7653948444301626,0.8080051395245613,0.786699991977362,0.7144160733667941,0.75,0.7322080366833971,0.709020448751138,0.7485207100591715,0.7287705794051548,0.9591476177188305,0.4489010754394761,0.4530325443786982,0.45096680990908716,-0.003437457278242295,-0.2778037694960676,-0.3357331820682748,183.77607492357492,30957618688,False,,
long_rvos/2c4cbde1aa/1/1,long_rvos,2c4cbde1aa,1,1,dynamic,predicted_static,point,False,0.25505677676097077,0.2750732561401501,0.26506501645056046,0.23433048433048434,0.25,0.24216524216524216,0.0,0.0,0.0,0.0,0.000162134430128413,0.009934049638579754,0.0050480920343540835,-0.24216524216524216,0.0050480920343540835,-0.2600169244162064,77.73031800240278,9060319744,False,0.0050480920343540835,0.0
long_rvos/2c4cbde1aa/1/1,long_rvos,2c4cbde1aa,1,1,dynamic,predicted_static,box,False,0.25505677676097077,0.2750732561401501,0.26506501645056046,0.23433048433048434,0.25,0.24216524216524216,0.22764860977948226,0.2565789473684211,0.24211377857395167,0.7148406078585883,0.06037637252609975,0.06417818146601534,0.06227727699605755,-5.1463591290490385e-05,-0.1798365015778941,-0.2027877394545029,97.580550737679,30091457024,False,,
long_rvos/2c4cbde1aa/1/7,long_rvos,2c4cbde1aa,1,7,hybrid,predicted_static,point,False,0.25459755057324684,0.27155858137002176,0.2630780659716343,0.2331433998100665,0.25110619469026546,0.24212479725016597,0.0,0.0,0.0,0.0,0.00014896946240662885,0.009560546362102441,0.004854757912254535,-0.24212479725016597,0.004854757912254535,-0.25822330805937976,71.61611713469028,9060319744,False,0.004854757912254535,0.0
long_rvos/2c4cbde1aa/1/7,long_rvos,2c4cbde1aa,1,7,hybrid,predicted_static,box,False,0.25459755057324684,0.27155858137002176,0.2630780659716343,0.2331433998100665,0.25110619469026546,0.24212479725016597,0.24512427819254176,0.34718011274811694,0.29615219547032934,0.9050565101995205,0.06147473805167989,0.06984075430224633,0.06565774617696311,0.054027398220163364,-0.2304944492933662,-0.19742031979467117,95.94323727488518,30091457024,False,,
long_rvos/2c4cbde1aa/1/2,long_rvos,2c4cbde1aa,1,2,static,predicted_static,point,False,0.25459755057324684,0.27155858137002176,0.2630780659716343,0.2331433998100665,0.25110619469026546,0.24212479725016597,0.0,0.0,0.0,0.0,0.00014896946240662885,0.009560546362102441,0.004854757912254535,-0.24212479725016597,0.004854757912254535,-0.25822330805937976,71.61611713469028,9060319744,True,0.004854757912254535,0.0
long_rvos/2c4cbde1aa/1/2,long_rvos,2c4cbde1aa,1,2,static,predicted_static,box,False,0.25459755057324684,0.27155858137002176,0.2630780659716343,0.2331433998100665,0.25110619469026546,0.24212479725016597,0.24512427819254176,0.34718011274811694,0.29615219547032934,0.9050565101995205,0.06147473805167989,0.06984075430224633,0.06565774617696311,0.054027398220163364,-0.2304944492933662,-0.19742031979467117,95.94323727488518,30091457024,True,,
long_rvos/84dc481247/3/9,long_rvos,84dc481247,3,9,dynamic,oracle_identity,point,True,0.7466028486454709,0.730546067615718,0.7385744581305944,0.7387185569123547,0.7334160358568835,0.7360672963846191,0.5,0.5,0.5,0.75,0.546875,0.546875,0.546875,-0.2360672963846191,0.046875,-0.1916994581305944,136.90155214071274,8264357888,False,0.546875,0.0
long_rvos/84dc481247/3/9,long_rvos,84dc481247,3,9,dynamic,oracle_identity,box,True,0.7466028486454709,0.730546067615718,0.7385744581305944,0.7387185569123547,0.7334160358568835,0.7360672963846191,0.7370107022430729,0.7220783043862231,0.7295445033146479,0.9961672422005239,0.5765142709180389,0.5756674449250634,0.5760908579215511,-0.006522793069971167,-0.1534536453930968,-0.1624836002090433,131.03249053657055,26149577728,False,,
long_rvos/84dc481247/3/10,long_rvos,84dc481247,3,10,static,oracle_identity,point,True,0.7466028486454709,0.730546067615718,0.7385744581305944,0.7387185569123547,0.7334160358568835,0.7360672963846191,0.5,0.5,0.5,0.75,0.546875,0.546875,0.546875,-0.2360672963846191,0.046875,-0.1916994581305944,136.90155214071274,8264357888,True,0.546875,0.0
long_rvos/84dc481247/3/10,long_rvos,84dc481247,3,10,static,oracle_identity,box,True,0.7466028486454709,0.730546067615718,0.7385744581305944,0.7387185569123547,0.7334160358568835,0.7360672963846191,0.7370107022430729,0.7220783043862231,0.7295445033146479,0.9961672422005239,0.5765142709180389,0.5756674449250634,0.5760908579215511,-0.006522793069971167,-0.1534536453930968,-0.1624836002090433,131.03249053657055,26149577728,True,,
long_rvos/9bc92f09e0/1/1,long_rvos,9bc92f09e0,1,1,dynamic,oracle_identity,point,True,0.3760569852036157,0.41440424102217266,0.3952306131128942,0.5800720976760277,0.5822399397325633,0.5811560187042955,0.5,0.5,0.5,0.25,0.23523659939237737,0.24890092644434242,0.24206876291835988,-0.08115601870429545,-0.2579312370816401,-0.15316185019453432,207.4384941458702,10387371520,False,0.24206876291835988,0.0
long_rvos/9bc92f09e0/1/1,long_rvos,9bc92f09e0,1,1,dynamic,oracle_identity,box,True,0.3760569852036157,0.41440424102217266,0.3952306131128942,0.5800720976760277,0.5822399397325633,0.5811560187042955,0.7335896880415944,0.75,0.7417948440207972,0.48721529866781266,0.28022435550259966,0.28125,0.2807371777512998,0.16063882531650175,-0.4610576662694974,-0.1144934353615944,223.17593225836754,27824088576,False,,
long_rvos/9bc92f09e0/1/8,long_rvos,9bc92f09e0,1,8,hybrid,oracle_identity,point,True,0.7613524104011855,0.8477778635480004,0.804565136974593,0.8297555647431273,0.8357049291162241,0.8327302469296757,0.5,0.5,0.5,0.5,0.4480930219734692,0.46692293690068637,0.45750797943707777,-0.3327302469296757,-0.04249202056292223,-0.3470571575375152,194.14631228893995,10105465344,False,0.45750797943707777,0.0
long_rvos/9bc92f09e0/1/8,long_rvos,9bc92f09e0,1,8,hybrid,oracle_identity,box,True,0.7613524104011855,0.8477778635480004,0.804565136974593,0.8297555647431273,0.8357049291162241,0.8327302469296757,0.7335896880415944,0.75,0.7417948440207972,0.7373976734166308,0.28022435550259966,0.28125,0.2807371777512998,-0.09093540290887847,-0.4610576662694974,-0.5238279592232932,237.5069206878543,27824088576,False,,
long_rvos/9bc92f09e0/1/2,long_rvos,9bc92f09e0,1,2,static,oracle_identity,point,True,0.7853540397058792,0.8671623736368692,0.8262582066713742,0.8349240190993729,0.833011583011583,0.833967801055478,0.5,0.5,0.5,0.5,0.4480753647451702,0.4669790522626506,0.4575272085039104,-0.33396780105547796,-0.042472791496089624,-0.3687309981674638,259.86607403308153,10105465344,False,0.4575272085039104,0.0
long_rvos/9bc92f09e0/1/2,long_rvos,9bc92f09e0,1,2,static,oracle_identity,box,True,0.7853540397058792,0.8671623736368692,0.8262582066713742,0.8349240190993729,0.833011583011583,0.833967801055478,0.7326856274424663,0.7487001733102253,0.7406929003763458,0.742402395740905,0.2801678517151541,0.2811687608318891,0.2806683062735216,-0.09327490067913213,-0.46002459410282426,-0.5455899003978526,275.3044162169099,27824088576,False,,
long_rvos/9c1297ecd3/2/7,long_rvos,9c1297ecd3,2,7,dynamic,oracle_identity,point,True,0.9178774008349467,0.8529318656697621,0.8854046332523544,0.6983382508649959,0.5907509965311001,0.644544623698048,0.25,0.25,0.25,0.0,0.776521992900276,0.7360676547265591,0.7562948238134175,-0.394544623698048,0.5062948238134175,-0.1291098094389369,200.50835512578487,10297032192,False,0.7562948238134175,0.0
long_rvos/9c1297ecd3/2/7,long_rvos,9c1297ecd3,2,7,dynamic,oracle_identity,box,True,0.9178774008349467,0.8529318656697621,0.8854046332523544,0.6983382508649959,0.5907509965311001,0.644544623698048,0.47936557631813015,0.5184317152577023,0.4988986457879162,0.7398883211806722,0.3419514279898709,0.3525144449183637,0.3472329364541173,-0.14564597791013179,-0.15166570933379891,-0.5381716967982371,233.7987337037921,30567839232,False,,
long_rvos/9c1297ecd3/2/11,long_rvos,9c1297ecd3,2,11,hybrid,oracle_identity,point,True,0.9178774008349467,0.8529318656697621,0.8854046332523544,0.6983382508649959,0.5907509965311001,0.644544623698048,0.25,0.25,0.25,0.0,0.776521992900276,0.7360676547265591,0.7562948238134175,-0.394544623698048,0.5062948238134175,-0.1291098094389369,200.50835512578487,10297032192,True,0.7562948238134175,0.0
long_rvos/9c1297ecd3/2/11,long_rvos,9c1297ecd3,2,11,hybrid,oracle_identity,box,True,0.9178774008349467,0.8529318656697621,0.8854046332523544,0.6983382508649959,0.5907509965311001,0.644544623698048,0.47936557631813015,0.5184317152577023,0.4988986457879162,0.7398883211806722,0.3419514279898709,0.3525144449183637,0.3472329364541173,-0.14564597791013179,-0.15166570933379891,-0.5381716967982371,233.7987337037921,30567839232,True,,
long_rvos/9c1297ecd3/2/6,long_rvos,9c1297ecd3,2,6,static,oracle_identity,point,True,0.9178774008349467,0.8529318656697621,0.8854046332523544,0.6983382508649959,0.5907509965311001,0.644544623698048,0.25,0.25,0.25,0.0,0.776521992900276,0.7360676547265591,0.7562948238134175,-0.394544623698048,0.5062948238134175,-0.1291098094389369,200.50835512578487,10297032192,True,0.7562948238134175,0.0
long_rvos/9c1297ecd3/2/6,long_rvos,9c1297ecd3,2,6,static,oracle_identity,box,True,0.9178774008349467,0.8529318656697621,0.8854046332523544,0.6983382508649959,0.5907509965311001,0.644544623698048,0.47936557631813015,0.5184317152577023,0.4988986457879162,0.7398883211806722,0.3419514279898709,0.3525144449183637,0.3472329364541173,-0.14564597791013179,-0.15166570933379891,-0.5381716967982371,233.7987337037921,30567839232,True,,
long_rvos/af7297f0db/1/6,long_rvos,af7297f0db,1,6,hybrid,oracle_identity,point,True,0.13834660685998762,0.15039964822152133,0.1443731275407545,0.11416772939819032,0.12085380072967992,0.11751076506393512,0.0,0.0,0.0,0.75,0.046875,0.046875,0.046875,-0.11751076506393512,0.046875,-0.09749812754075449,221.17423253506422,9062742016,False,0.046875,0.0
long_rvos/af7297f0db/1/6,long_rvos,af7297f0db,1,6,hybrid,oracle_identity,box,True,0.13834660685998762,0.15039964822152133,0.1443731275407545,0.11416772939819032,0.12085380072967992,0.11751076506393512,0.18668466719252472,0.1334386330645419,0.1600616501285333,0.9010795454545455,0.07014982156538954,0.06874465651582648,0.06944723904060801,0.04255088506459817,-0.09061441108792528,-0.07492588850014648,220.17159884423018,27322109952,False,,
long_rvos/c5c9b749d4/2/5,long_rvos,c5c9b749d4,2,5,dynamic,oracle_identity,point,True,0.8031234057111807,0.7256122719885714,0.764367838849876,0.9862431247306922,0.9624716553287982,0.9743573900297452,0.75,0.75,0.75,0.75,0.5,0.5,0.5,-0.2243573900297452,-0.25,-0.264367838849876,227.48047782480717,9166808064,False,0.5,0.0
long_rvos/c5c9b749d4/2/5,long_rvos,c5c9b749d4,2,5,dynamic,oracle_identity,box,True,0.8031234057111807,0.7256122719885714,0.764367838849876,0.9862431247306922,0.9624716553287982,0.9743573900297452,0.9887882708063821,0.9674515235457064,0.9781198971760443,0.9950303014471553,0.5298752772275261,0.527296773117649,0.5285860251725876,0.00376250714629911,-0.44953387200345674,-0.23578181367728845,234.19030641764402,27052188160,False,,
long_rvos/c5c9b749d4/2/10,long_rvos,c5c9b749d4,2,10,hybrid,oracle_identity,point,True,0.8031234057111807,0.7256122719885714,0.764367838849876,0.9862431247306922,0.9624716553287982,0.9743573900297452,0.75,0.75,0.75,0.75,0.5,0.5,0.5,-0.2243573900297452,-0.25,-0.264367838849876,227.48047782480717,9166808064,True,0.5,0.0
long_rvos/c5c9b749d4/2/10,long_rvos,c5c9b749d4,2,10,hybrid,oracle_identity,box,True,0.8031234057111807,0.7256122719885714,0.764367838849876,0.9862431247306922,0.9624716553287982,0.9743573900297452,0.9887882708063821,0.9674515235457064,0.9781198971760443,0.9950303014471553,0.5298752772275261,0.527296773117649,0.5285860251725876,0.00376250714629911,-0.44953387200345674,-0.23578181367728845,234.19030641764402,27052188160,True,,
long_rvos/c5c9b749d4/2/4,long_rvos,c5c9b749d4,2,4,static,oracle_identity,point,True,0.8031234057111807,0.7256122719885714,0.764367838849876,0.9862431247306922,0.9624716553287982,0.9743573900297452,0.75,0.75,0.75,0.75,0.5,0.5,0.5,-0.2243573900297452,-0.25,-0.264367838849876,227.48047782480717,9166808064,True,0.5,0.0
long_rvos/c5c9b749d4/2/4,long_rvos,c5c9b749d4,2,4,static,oracle_identity,box,True,0.8031234057111807,0.7256122719885714,0.764367838849876,0.9862431247306922,0.9624716553287982,0.9743573900297452,0.9887882708063821,0.9674515235457064,0.9781198971760443,0.9950303014471553,0.5298752772275261,0.527296773117649,0.5285860251725876,0.00376250714629911,-0.44953387200345674,-0.23578181367728845,234.19030641764402,27052188160,True,,
long_rvos/6fb7a04167/12/5,long_rvos,6fb7a04167,12,5,dynamic,oracle_identity,point,True,0.8903318102227258,0.9028987976512053,0.8966153039369655,0.9657444005270093,0.9787103228551816,0.9722273616910954,0.75,0.75,0.75,0.75,0.5625,0.5625,0.5625,-0.22222736169109536,-0.1875,-0.33411530393696554,138.99641085416079,8087525376,False,0.5625,0.0
long_rvos/6fb7a04167/12/5,long_rvos,6fb7a04167,12,5,dynamic,oracle_identity,box,True,0.8903318102227258,0.9028987976512053,0.8966153039369655,0.9657444005270093,0.9787103228551816,0.9722273616910954,0.8000769230769231,0.906207077979619,0.853142000528271,0.806474129657098,0.5656298076923076,0.5722629423737262,0.5689463750330169,-0.11908536116282431,-0.2841956254952541,-0.3276689289039486,117.06946474313736,30086373888,False,,
long_rvos/6fb7a04167/12/25,long_rvos,6fb7a04167,12,25,hybrid,oracle_identity,point,True,0.8903318102227258,0.9028987976512053,0.8966153039369655,0.9657444005270093,0.9787103228551816,0.9722273616910954,0.75,0.75,0.75,0.75,0.5625,0.5625,0.5625,-0.22222736169109536,-0.1875,-0.33411530393696554,138.99641085416079,8087525376,True,0.5625,0.0
long_rvos/6fb7a04167/12/25,long_rvos,6fb7a04167,12,25,hybrid,oracle_identity,box,True,0.8903318102227258,0.9028987976512053,0.8966153039369655,0.9657444005270093,0.9787103228551816,0.9722273616910954,0.8000769230769231,0.906207077979619,0.853142000528271,0.806474129657098,0.5656298076923076,0.5722629423737262,0.5689463750330169,-0.11908536116282431,-0.2841956254952541,-0.3276689289039486,117.06946474313736,30086373888,True,,
long_rvos/6fb7a04167/12/6,long_rvos,6fb7a04167,12,6,static,oracle_identity,point,True,0.8903318102227258,0.9028987976512053,0.8966153039369655,0.9657444005270093,0.9787103228551816,0.9722273616910954,0.75,0.75,0.75,0.75,0.5625,0.5625,0.5625,-0.22222736169109536,-0.1875,-0.33411530393696554,138.99641085416079,8087525376,True,0.5625,0.0
long_rvos/6fb7a04167/12/6,long_rvos,6fb7a04167,12,6,static,oracle_identity,box,True,0.8903318102227258,0.9028987976512053,0.8966153039369655,0.9657444005270093,0.9787103228551816,0.9722273616910954,0.8000769230769231,0.906207077979619,0.853142000528271,0.806474129657098,0.5656298076923076,0.5722629423737262,0.5689463750330169,-0.11908536116282431,-0.2841956254952541,-0.3276689289039486,117.06946474313736,30086373888,True,,
long_rvos/d33c8343bc/3/10,long_rvos,d33c8343bc,3,10,hybrid,oracle_identity,point,True,0.6425789219706327,0.652896412059575,0.6477376670151038,0.62825472333884,0.6170646590865743,0.6226596912127071,0.5,0.5,0.5,0.25,0.4347198268622696,0.42056157078179335,0.4276406988220315,-0.12265969121270714,-0.07235930117796852,-0.22009696819307234,103.79043600708246,8937276928,False,0.4276406988220315,0.0
long_rvos/d33c8343bc/3/10,long_rvos,d33c8343bc,3,10,hybrid,oracle_identity,box,True,0.6425789219706327,0.652896412059575,0.6477376670151038,0.62825472333884,0.6170646590865743,0.6226596912127071,0.6264751042817616,0.6184419229284506,0.6224585136051061,0.9909467137230286,0.44484753753697326,0.44480933660093863,0.4448284370689559,-0.0002011776076010774,-0.17763007653615015,-0.2029092299461479,116.74237935990095,25370529792,False,,
long_rvos/2a87bea97e/1/1,long_rvos,2a87bea97e,1,1,dynamic,oracle_identity,point,True,0.6990159676923166,0.5852001655585981,0.6421080666254573,0.7091035026249873,0.6162701614991342,0.6626868320620608,0.25,0.25,0.25,0.5,0.623002583931462,0.5052549695286594,0.5641287767300607,-0.4126868320620608,0.3141287767300607,-0.0779792898953966,147.5288015678525,8879584768,False,0.5641287767300607,0.0
long_rvos/2a87bea97e/1/1,long_rvos,2a87bea97e,1,1,dynamic,oracle_identity,box,True,0.6990159676923166,0.5852001655585981,0.6421080666254573,0.7091035026249873,0.6162701614991342,0.6626868320620608,0.4842300147130947,0.4358477041186391,0.46003885941586686,0.7427288448689227,0.23338937591956843,0.23036548150741493,0.23187742871349168,-0.20264797264619394,-0.22816143070237518,-0.41023063791196557,145.19023710489273,28967252992,False,,
long_rvos/2a87bea97e/1/12,long_rvos,2a87bea97e,1,12,hybrid,oracle_identity,point,True,0.6990159676923166,0.5852001655585981,0.6421080666254573,0.7091035026249873,0.6162701614991342,0.6626868320620608,0.25,0.25,0.25,0.5,0.623002583931462,0.5052549695286594,0.5641287767300607,-0.4126868320620608,0.3141287767300607,-0.0779792898953966,147.5288015678525,8879584768,True,0.5641287767300607,0.0
long_rvos/2a87bea97e/1/12,long_rvos,2a87bea97e,1,12,hybrid,oracle_identity,box,True,0.6990159676923166,0.5852001655585981,0.6421080666254573,0.7091035026249873,0.6162701614991342,0.6626868320620608,0.4842300147130947,0.4358477041186391,0.46003885941586686,0.7427288448689227,0.23338937591956843,0.23036548150741493,0.23187742871349168,-0.20264797264619394,-0.22816143070237518,-0.41023063791196557,145.19023710489273,28967252992,True,,
long_rvos/2a87bea97e/1/0,long_rvos,2a87bea97e,1,0,static,oracle_identity,point,True,0.6990159676923166,0.5852001655585981,0.6421080666254573,0.7091035026249873,0.6162701614991342,0.6626868320620608,0.25,0.25,0.25,0.5,0.623002583931462,0.5052549695286594,0.5641287767300607,-0.4126868320620608,0.3141287767300607,-0.0779792898953966,147.5288015678525,8879584768,True,0.5641287767300607,0.0
long_rvos/2a87bea97e/1/0,long_rvos,2a87bea97e,1,0,static,oracle_identity,box,True,0.6990159676923166,0.5852001655585981,0.6421080666254573,0.7091035026249873,0.6162701614991342,0.6626868320620608,0.4842300147130947,0.4358477041186391,0.46003885941586686,0.7427288448689227,0.23338937591956843,0.23036548150741493,0.23187742871349168,-0.20264797264619394,-0.22816143070237518,-0.41023063791196557,145.19023710489273,28967252992,True,,
long_rvos/119777f4c0/1/1,long_rvos,119777f4c0,1,1,dynamic,oracle_identity,point,True,0.7167106460627306,0.6877754935232692,0.7022430697929999,0.9739173592443711,0.8280618896416032,0.9009896244429871,0.75,0.75,0.75,0.75,0.5625,0.5625,0.5625,-0.15098962444298714,-0.1875,-0.13974306979299989,185.85481241345406,8855992320,False,0.5625,0.0
long_rvos/119777f4c0/1/1,long_rvos,119777f4c0,1,1,dynamic,oracle_identity,box,True,0.7167106460627306,0.6877754935232692,0.7022430697929999,0.9739173592443711,0.8280618896416032,0.9009896244429871,0.9242350986809481,0.7848498106871624,0.8545424546840553,0.9438235255284596,0.5837234415945908,0.5693313862193995,0.5765274139069951,-0.04644716975893182,-0.2780150407770602,-0.12571565588600475,135.6714355200529,26741656576,False,,
long_rvos/119777f4c0/1/12,long_rvos,119777f4c0,1,12,hybrid,oracle_identity,point,True,0.5625,0.5625,0.5625,0.75,0.75,0.75,0.75,0.75,0.75,1.0,0.5625,0.5625,0.5625,0.0,-0.1875,0.0,170.88561057299376,7850833920,False,0.5625,0.0
long_rvos/119777f4c0/1/12,long_rvos,119777f4c0,1,12,hybrid,oracle_identity,box,True,0.5625,0.5625,0.5625,0.75,0.75,0.75,0.75,0.75,0.75,1.0,0.5625,0.5625,0.5625,0.0,-0.1875,0.0,72.09213064610958,7850833920,False,,
long_rvos/119777f4c0/1/2,long_rvos,119777f4c0,1,2,static,oracle_identity,point,True,0.7167106460627306,0.6877754935232692,0.7022430697929999,0.9739173592443711,0.8280618896416032,0.9009896244429871,0.75,0.75,0.75,0.75,0.5625,0.5625,0.5625,-0.15098962444298714,-0.1875,-0.13974306979299989,185.85481241345406,8855992320,True,0.5625,0.0
long_rvos/119777f4c0/1/2,long_rvos,119777f4c0,1,2,static,oracle_identity,box,True,0.7167106460627306,0.6877754935232692,0.7022430697929999,0.9739173592443711,0.8280618896416032,0.9009896244429871,0.9242350986809481,0.7848498106871624,0.8545424546840553,0.9438235255284596,0.5837234415945908,0.5693313862193995,0.5765274139069951,-0.04644716975893182,-0.2780150407770602,-0.12571565588600475,135.6714355200529,26741656576,True,,
long_rvos/28ff632792/1/6,long_rvos,28ff632792,1,6,dynamic,oracle_identity,point,True,0.9434236068470406,0.9502396892178128,0.9468316480324267,0.7363283401255645,0.7445725632155451,0.7404504516705548,0.75,0.75,0.75,0.5,0.6549069497704894,0.6564952984135914,0.6557011240920404,0.009549548329445212,-0.0942988759079596,-0.2911305239403863,145.55181957036257,9839044096,False,0.6557011240920404,0.0
long_rvos/28ff632792/1/6,long_rvos,28ff632792,1,6,dynamic,oracle_identity,box,True,0.9434236068470406,0.9502396892178128,0.9468316480324267,0.7363283401255645,0.7445725632155451,0.7404504516705548,0.5,0.5,0.5,0.7227328431372549,0.625,0.625,0.625,-0.2404504516705548,0.125,-0.3218316480324267,254.84068227559328,28452656640,False,,
long_rvos/dca31590b8/2/5,long_rvos,dca31590b8,2,5,dynamic,oracle_identity,point,True,0.9210068944459748,0.9104194278069468,0.9157131611264608,0.9785936887067951,0.9495064948478158,0.9640500917773055,0.75,0.75,0.75,0.75,0.6875,0.6875,0.6875,-0.2140500917773055,-0.0625,-0.22821316112646084,143.32284155488014,8228206592,False,0.6875,0.0
long_rvos/dca31590b8/2/5,long_rvos,dca31590b8,2,5,dynamic,oracle_identity,box,True,0.9210068944459748,0.9104194278069468,0.9157131611264608,0.9785936887067951,0.9495064948478158,0.9640500917773055,0.7502009487043053,0.7908100188277707,0.7705054837660381,0.75,0.6875125592940191,0.6900506261767356,0.6887815927353773,-0.19354460801126738,-0.0817238910306608,-0.22693156839108353,151.26893901079893,24989949440,False,,
long_rvos/dca31590b8/2/11,long_rvos,dca31590b8,2,11,hybrid,oracle_identity,point,True,0.9210068944459748,0.9104194278069468,0.9157131611264608,0.9785936887067951,0.9495064948478158,0.9640500917773055,0.75,0.75,0.75,0.75,0.6875,0.6875,0.6875,-0.2140500917773055,-0.0625,-0.22821316112646084,143.32284155488014,8228206592,True,0.6875,0.0
long_rvos/dca31590b8/2/11,long_rvos,dca31590b8,2,11,hybrid,oracle_identity,box,True,0.9210068944459748,0.9104194278069468,0.9157131611264608,0.9785936887067951,0.9495064948478158,0.9640500917773055,0.7502009487043053,0.7908100188277707,0.7705054837660381,0.75,0.6875125592940191,0.6900506261767356,0.6887815927353773,-0.19354460801126738,-0.0817238910306608,-0.22693156839108353,151.26893901079893,24989949440,True,,
long_rvos/dca31590b8/2/6,long_rvos,dca31590b8,2,6,static,oracle_identity,point,True,0.9210068944459748,0.9104194278069468,0.9157131611264608,0.9785936887067951,0.9495064948478158,0.9640500917773055,0.75,0.75,0.75,0.75,0.6875,0.6875,0.6875,-0.2140500917773055,-0.0625,-0.22821316112646084,143.32284155488014,8228206592,True,0.6875,0.0
long_rvos/dca31590b8/2/6,long_rvos,dca31590b8,2,6,static,oracle_identity,box,True,0.9210068944459748,0.9104194278069468,0.9157131611264608,0.9785936887067951,0.9495064948478158,0.9640500917773055,0.7502009487043053,0.7908100188277707,0.7705054837660381,0.75,0.6875125592940191,0.6900506261767356,0.6887815927353773,-0.19354460801126738,-0.0817238910306608,-0.22693156839108353,151.26893901079893,24989949440,True,,
long_rvos/a595411232/3/9,long_rvos,a595411232,3,9,dynamic,oracle_identity,point,True,0.5968134384113811,0.6385623387137611,0.6176878885625712,0.2698519305010475,0.31300008241819055,0.29142600645961897,0.0,0.0,0.0,0.5,0.5014450983309571,0.53046846864318,0.5159567834870685,-0.29142600645961897,0.5159567834870685,-0.10173110507550265,230.10507287830114,10105953792,False,0.5159567834870685,0.0
long_rvos/a595411232/3/9,long_rvos,a595411232,3,9,dynamic,oracle_identity,box,True,0.5968134384113811,0.6385623387137611,0.6176878885625712,0.2698519305010475,0.31300008241819055,0.29142600645961897,0.18818119891008175,0.23114355231143552,0.20966237561075862,0.7007745266781411,0.3711363249318801,0.3738214720194647,0.3724788984756724,-0.08176363084886035,0.16281652286491377,-0.24520899008689878,228.6725796163082,27824779776,False,,
long_rvos/a595411232/3/21,long_rvos,a595411232,3,21,hybrid,oracle_identity,point,True,0.5968134384113811,0.6385623387137611,0.6176878885625712,0.2698519305010475,0.31300008241819055,0.29142600645961897,0.0,0.0,0.0,0.5,0.5014450983309571,0.53046846864318,0.5159567834870685,-0.29142600645961897,0.5159567834870685,-0.10173110507550265,230.10507287830114,10105953792,True,0.5159567834870685,0.0
long_rvos/a595411232/3/21,long_rvos,a595411232,3,21,hybrid,oracle_identity,box,True,0.5968134384113811,0.6385623387137611,0.6176878885625712,0.2698519305010475,0.31300008241819055,0.29142600645961897,0.18818119891008175,0.23114355231143552,0.20966237561075862,0.7007745266781411,0.3711363249318801,0.3738214720194647,0.3724788984756724,-0.08176363084886035,0.16281652286491377,-0.24520899008689878,228.6725796163082,27824779776,True,,
long_rvos/a595411232/3/8,long_rvos,a595411232,3,8,static,oracle_identity,point,True,0.5968134384113811,0.6385623387137611,0.6176878885625712,0.2698519305010475,0.31300008241819055,0.29142600645961897,0.0,0.0,0.0,0.5,0.5014450983309571,0.53046846864318,0.5159567834870685,-0.29142600645961897,0.5159567834870685,-0.10173110507550265,230.10507287830114,10105953792,True,0.5159567834870685,0.0
long_rvos/a595411232/3/8,long_rvos,a595411232,3,8,static,oracle_identity,box,True,0.5968134384113811,0.6385623387137611,0.6176878885625712,0.2698519305010475,0.31300008241819055,0.29142600645961897,0.18818119891008175,0.23114355231143552,0.20966237561075862,0.7007745266781411,0.3711363249318801,0.3738214720194647,0.3724788984756724,-0.08176363084886035,0.16281652286491377,-0.24520899008689878,228.6725796163082,27824779776,True,,
long_rvos/e9b78ad8e7/1/6,long_rvos,e9b78ad8e7,1,6,hybrid,oracle_identity,point,True,0.5235571687528093,0.5684126775806013,0.5459849231667053,0.4767206477732794,0.5,0.4883603238866397,0.5,0.5,0.5,0.5,0.1816223000077794,0.20286976119504774,0.19224603060141357,0.011639676113360309,-0.30775396939858646,-0.3537388925652918,168.8365340232849,9501188608,False,0.19224603060141357,0.0
long_rvos/e9b78ad8e7/1/6,long_rvos,e9b78ad8e7,1,6,hybrid,oracle_identity,box,True,0.5235571687528093,0.5684126775806013,0.5459849231667053,0.4767206477732794,0.5,0.4883603238866397,0.47276970954356845,0.4985207100591716,0.48564520980137005,0.9718770434145085,0.434135404239003,0.4374075443786982,0.4357714743088506,-0.002715114085269643,-0.049873735492519444,-0.11021344885785472,197.813182041049,30958525952,False,,
long_rvos/2c4cbde1aa/1/1,long_rvos,2c4cbde1aa,1,1,dynamic,oracle_identity,point,True,0.49963646256278804,0.5520269654830259,0.525831714022907,0.2524786324786325,0.3732454638822321,0.3128620481804323,0.0,0.0,0.0,0.5,0.0059925309341919844,0.021421385870826263,0.013706958402509123,-0.3128620481804323,0.013706958402509123,-0.5121247556203978,109.07297204434872,8244763136,False,0.013706958402509123,0.0
long_rvos/2c4cbde1aa/1/1,long_rvos,2c4cbde1aa,1,1,dynamic,oracle_identity,box,True,0.49963646256278804,0.5520269654830259,0.525831714022907,0.2524786324786325,0.3732454638822321,0.3128620481804323,0.22764860977948226,0.25,0.23882430488974113,0.7360709117221418,0.06037637252609975,0.0625,0.06143818626304988,-0.07403774329069115,-0.17738611862669124,-0.4643935277598571,77.63945245742798,28214906880,False,,
long_rvos/2c4cbde1aa/1/7,long_rvos,2c4cbde1aa,1,7,hybrid,oracle_identity,point,True,0.45635175139213546,0.49809915493375667,0.47722545316294607,0.23342461465821046,0.2653846153846154,0.24940461502141292,0.0,0.0,0.0,0.5,0.011281376516288641,0.02955263268594617,0.020417004601117405,-0.24940461502141292,0.020417004601117405,-0.4568084485618287,71.31800666451454,8244763136,False,0.020417004601117405,0.0
long_rvos/2c4cbde1aa/1/7,long_rvos,2c4cbde1aa,1,7,hybrid,oracle_identity,box,True,0.45635175139213546,0.49809915493375667,0.47722545316294607,0.23342461465821046,0.2653846153846154,0.24940461502141292,0.22751734034919877,0.25,0.2387586701745994,0.7380058153622486,0.06037430443647095,0.0625,0.06143715221823548,-0.010645944846813526,-0.17732151795636392,-0.4157883009447106,107.84566248208284,28214906880,False,,
long_rvos/2c4cbde1aa/1/2,long_rvos,2c4cbde1aa,1,2,static,oracle_identity,point,True,0.45635175139213546,0.49809915493375667,0.47722545316294607,0.23342461465821046,0.2653846153846154,0.24940461502141292,0.0,0.0,0.0,0.5,0.011281376516288641,0.02955263268594617,0.020417004601117405,-0.24940461502141292,0.020417004601117405,-0.4568084485618287,71.31800666451454,8244763136,True,0.020417004601117405,0.0
long_rvos/2c4cbde1aa/1/2,long_rvos,2c4cbde1aa,1,2,static,oracle_identity,box,True,0.45635175139213546,0.49809915493375667,0.47722545316294607,0.23342461465821046,0.2653846153846154,0.24940461502141292,0.22751734034919877,0.25,0.2387586701745994,0.7380058153622486,0.06037430443647095,0.0625,0.06143715221823548,-0.010645944846813526,-0.17732151795636392,-0.4157883009447106,107.84566248208284,28214906880,True,,
long_rvos/84dc481247/3/15,long_rvos,84dc481247,3,15,hybrid,predicted_static,point,False,0.546875,0.546875,0.546875,0.5,0.5,0.5,0.5,0.5,0.5,1.0,0.546875,0.546875,0.546875,0.0,0.046875,0.0,105.57218953967094,7259236352,False,0.546875,0.0
long_rvos/84dc481247/3/15,long_rvos,84dc481247,3,15,hybrid,predicted_static,box,False,0.546875,0.546875,0.546875,0.5,0.5,0.5,0.5,0.5,0.5,1.0,0.546875,0.546875,0.546875,0.0,0.046875,0.0,121.05448939651251,7260110336,False,,
long_rvos/84dc481247/3/8,long_rvos,84dc481247,3,8,static,predicted_static,point,False,0.546875,0.546875,0.546875,0.5,0.5,0.5,0.5,0.5,0.5,1.0,0.546875,0.546875,0.546875,0.0,0.046875,0.0,105.57218953967094,7259236352,True,0.546875,0.0
long_rvos/84dc481247/3/8,long_rvos,84dc481247,3,8,static,predicted_static,box,False,0.546875,0.546875,0.546875,0.5,0.5,0.5,0.5,0.5,0.5,1.0,0.546875,0.546875,0.546875,0.0,0.046875,0.0,121.05448939651251,7260110336,True,,
long_rvos/9bc92f09e0/1/3,long_rvos,9bc92f09e0,1,3,dynamic,predicted_static,point,False,0.3103971780051299,0.3597695285496021,0.335083353277366,0.3338414665498197,0.3349471256364507,0.3343942960931352,0.5,0.5,0.5,0.0,0.43400915140461976,0.4806581286683245,0.45733364003647214,0.1656057039068648,-0.042666359963527856,0.12225028675910615,217.32575591653585,10912130560,False,0.45733364003647214,0.0
long_rvos/9bc92f09e0/1/3,long_rvos,9bc92f09e0,1,3,dynamic,predicted_static,box,False,0.3103971780051299,0.3597695285496021,0.335083353277366,0.3338414665498197,0.3349471256364507,0.3343942960931352,0.7326313504125055,0.7487001733102253,0.7406657618613653,0.2421562082777036,0.2801644594007816,0.2811687608318891,0.2806666101163353,0.40627146576823014,-0.45999915174503003,-0.05441674316103068,215.02011874318123,27815926272,False,,
long_rvos/9bc92f09e0/1/0,long_rvos,9bc92f09e0,1,0,static,predicted_static,point,False,0.47575559910937426,0.5087794280111716,0.49226751356027293,0.8300720976760277,0.8322399397325633,0.8311560187042955,0.5,0.5,0.5,0.5,0.4481531674187058,0.46701630783464837,0.45758473762667706,-0.33115601870429545,-0.04241526237332294,-0.034682775933595866,208.58857046812773,10097400320,False,0.45758473762667706,0.0
long_rvos/9bc92f09e0/1/0,long_rvos,9bc92f09e0,1,0,static,predicted_static,box,False,0.47575559910937426,0.5087794280111716,0.49226751356027293,0.8300720976760277,0.8322399397325633,0.8311560187042955,0.7335896880415944,0.75,0.7417948440207972,0.7372152986678127,0.28022435550259966,0.28125,0.2807371777512998,-0.08936117468349825,-0.4610576662694974,-0.21153033580897312,220.7815439477563,27814930944,False,,
long_rvos/9c1297ecd3/2/5,long_rvos,9c1297ecd3,2,5,dynamic,predicted_static,point,False,0.432138127150629,0.4353540819270458,0.4337461045388374,7.382471060713442e-05,0.011295180722891566,0.00568450271674935,0.25,0.25,0.25,0.0,0.1801276269932638,0.2240734961435767,0.20210056156842024,0.24431549728325064,-0.04789943843157976,-0.23164554297041715,160.09064634144306,10286126592,False,0.20210056156842024,0.0
long_rvos/9c1297ecd3/2/5,long_rvos,9c1297ecd3,2,5,dynamic,predicted_static,box,False,0.432138127150629,0.4353540819270458,0.4337461045388374,7.382471060713442e-05,0.011295180722891566,0.00568450271674935,7.861588574886823e-05,0.011173116139352568,0.0056258660125507185,0.4963284862043582,0.29654914411100114,0.29751127254532894,0.29703020832816507,-5.863670419863163e-05,0.29140434231561435,-0.13671589621067232,232.53301779925823,30556468736,False,,
long_rvos/9c1297ecd3/2/10,long_rvos,9c1297ecd3,2,10,hybrid,predicted_static,point,False,0.9178774008349467,0.8529318656697621,0.8854046332523544,0.6983382508649959,0.5907509965311001,0.644544623698048,0.25,0.25,0.25,0.0,0.776521992900276,0.7360676547265591,0.7562948238134175,-0.394544623698048,0.5062948238134175,-0.1291098094389369,203.37591075897217,10286126592,False,0.7562948238134175,0.0
long_rvos/9c1297ecd3/2/10,long_rvos,9c1297ecd3,2,10,hybrid,predicted_static,box,False,0.9178774008349467,0.8529318656697621,0.8854046332523544,0.6983382508649959,0.5907509965311001,0.644544623698048,0.47936557631813015,0.5184317152577023,0.4988986457879162,0.7398883211806722,0.3419514279898709,0.3525144449183637,0.3472329364541173,-0.14564597791013179,-0.15166570933379891,-0.5381716967982371,243.3984585776925,30556468736,False,,
long_rvos/9c1297ecd3/2/4,long_rvos,9c1297ecd3,2,4,static,predicted_static,point,False,0.9178774008349467,0.8529318656697621,0.8854046332523544,0.6983382508649959,0.5907509965311001,0.644544623698048,0.25,0.25,0.25,0.0,0.776521992900276,0.7360676547265591,0.7562948238134175,-0.394544623698048,0.5062948238134175,-0.1291098094389369,203.37591075897217,10286126592,True,0.7562948238134175,0.0
long_rvos/9c1297ecd3/2/4,long_rvos,9c1297ecd3,2,4,static,predicted_static,box,False,0.9178774008349467,0.8529318656697621,0.8854046332523544,0.6983382508649959,0.5907509965311001,0.644544623698048,0.47936557631813015,0.5184317152577023,0.4988986457879162,0.7398883211806722,0.3419514279898709,0.3525144449183637,0.3472329364541173,-0.14564597791013179,-0.15166570933379891,-0.5381716967982371,243.3984585776925,30556468736,True,,
long_rvos/af7297f0db/1/1,long_rvos,af7297f0db,1,1,dynamic,predicted_static,point,False,0.12177290594318947,0.13059863631646978,0.12618577112982962,0.5080221430286505,0.570908872558563,0.5394655077936068,0.0,0.0,0.0,0.25,0.4354024925995743,0.46027467831332075,0.4478385854564475,-0.5394655077936068,0.4478385854564475,0.32165281432661785,214.0138928964734,9876599296,False,0.4478385854564475,0.0
long_rvos/af7297f0db/1/1,long_rvos,af7297f0db,1,1,dynamic,predicted_static,box,False,0.12177290594318947,0.13059863631646978,0.12618577112982962,0.5080221430286505,0.570908872558563,0.5394655077936068,0.5718881589073098,0.5722192802957959,0.5720537196015528,0.8749352840721683,0.10579202060237397,0.10973443547945949,0.10776322804091673,0.03258821180794602,-0.46429049156063606,-0.01842254308891289,230.09826361387968,28927406592,False,,
long_rvos/af7297f0db/1/0,long_rvos,af7297f0db,1,0,static,predicted_static,point,False,0.12177290594318947,0.13059863631646978,0.12618577112982962,0.5080221430286505,0.570908872558563,0.5394655077936068,0.0,0.0,0.0,0.25,0.4354024925995743,0.46027467831332075,0.4478385854564475,-0.5394655077936068,0.4478385854564475,0.32165281432661785,214.0138928964734,9876599296,True,0.4478385854564475,0.0
long_rvos/af7297f0db/1/0,long_rvos,af7297f0db,1,0,static,predicted_static,box,False,0.12177290594318947,0.13059863631646978,0.12618577112982962,0.5080221430286505,0.570908872558563,0.5394655077936068,0.5718881589073098,0.5722192802957959,0.5720537196015528,0.8749352840721683,0.10579202060237397,0.10973443547945949,0.10776322804091673,0.03258821180794602,-0.46429049156063606,-0.01842254308891289,230.09826361387968,28927406592,True,,
long_rvos/c5c9b749d4/2/7,long_rvos,c5c9b749d4,2,7,dynamic,predicted_static,point,False,0.8031234057111807,0.7256122719885714,0.764367838849876,0.9862431247306922,0.9624716553287982,0.9743573900297452,0.75,0.75,0.75,0.75,0.5,0.5,0.5,-0.2243573900297452,-0.25,-0.264367838849876,229.1440596356988,9163672064,False,0.5,0.0
long_rvos/c5c9b749d4/2/7,long_rvos,c5c9b749d4,2,7,dynamic,predicted_static,box,False,0.8031234057111807,0.7256122719885714,0.764367838849876,0.9862431247306922,0.9624716553287982,0.9743573900297452,0.9887882708063821,0.9674515235457064,0.9781198971760443,0.9950303014471553,0.5298752772275261,0.527296773117649,0.5285860251725876,0.00376250714629911,-0.44953387200345674,-0.23578181367728845,229.14093228429556,27042700800,False,,
long_rvos/c5c9b749d4/2/11,long_rvos,c5c9b749d4,2,11,hybrid,predicted_static,point,False,0.8031234057111807,0.7256122719885714,0.764367838849876,0.9862431247306922,0.9624716553287982,0.9743573900297452,0.75,0.75,0.75,0.75,0.5,0.5,0.5,-0.2243573900297452,-0.25,-0.264367838849876,229.1440596356988,9163672064,True,0.5,0.0
long_rvos/c5c9b749d4/2/11,long_rvos,c5c9b749d4,2,11,hybrid,predicted_static,box,False,0.8031234057111807,0.7256122719885714,0.764367838849876,0.9862431247306922,0.9624716553287982,0.9743573900297452,0.9887882708063821,0.9674515235457064,0.9781198971760443,0.9950303014471553,0.5298752772275261,0.527296773117649,0.5285860251725876,0.00376250714629911,-0.44953387200345674,-0.23578181367728845,229.14093228429556,27042700800,True,,
long_rvos/c5c9b749d4/2/6,long_rvos,c5c9b749d4,2,6,static,predicted_static,point,False,0.8031234057111807,0.7256122719885714,0.764367838849876,0.9862431247306922,0.9624716553287982,0.9743573900297452,0.75,0.75,0.75,0.75,0.5,0.5,0.5,-0.2243573900297452,-0.25,-0.264367838849876,229.1440596356988,9163672064,True,0.5,0.0
long_rvos/c5c9b749d4/2/6,long_rvos,c5c9b749d4,2,6,static,predicted_static,box,False,0.8031234057111807,0.7256122719885714,0.764367838849876,0.9862431247306922,0.9624716553287982,0.9743573900297452,0.9887882708063821,0.9674515235457064,0.9781198971760443,0.9950303014471553,0.5298752772275261,0.527296773117649,0.5285860251725876,0.00376250714629911,-0.44953387200345674,-0.23578181367728845,229.14093228429556,27042700800,True,,
long_rvos/6fb7a04167/12/7,long_rvos,6fb7a04167,12,7,dynamic,predicted_static,point,False,0.6003002687659538,0.6099924731869896,0.6051463709764717,0.5,0.5,0.5,0.75,0.75,0.75,0.75,0.5625,0.5625,0.5625,0.25,-0.1875,-0.042646370976471726,140.03578085452318,8084389376,False,0.5625,0.0
long_rvos/6fb7a04167/12/7,long_rvos,6fb7a04167,12,7,dynamic,predicted_static,box,False,0.6003002687659538,0.6099924731869896,0.6051463709764717,0.5,0.5,0.5,0.75,0.75,0.75,0.75,0.5625,0.5625,0.5625,0.25,-0.1875,-0.042646370976471726,144.72896173596382,8045833728,False,,
long_rvos/6fb7a04167/12/4,long_rvos,6fb7a04167,12,4,static,predicted_static,point,False,0.09375,0.09375,0.09375,0.25,0.25,0.25,0.75,0.75,0.75,0.25,0.09375,0.09375,0.09375,0.5,-0.65625,0.0,133.45951454341412,9157559808,False,0.09375,0.0
long_rvos/6fb7a04167/12/4,long_rvos,6fb7a04167,12,4,static,predicted_static,box,False,0.09375,0.09375,0.09375,0.25,0.25,0.25,0.5,0.5,0.5,0.49696651886466825,0.546875,0.546875,0.546875,0.25,0.046875,0.453125,152.0394458770752,26338723328,False,,
long_rvos/d33c8343bc/3/5,long_rvos,d33c8343bc,3,5,dynamic,predicted_static,point,False,0.4614579212251565,0.4503013331906406,0.45587962720789854,0.6289034952246183,0.6188708511009152,0.6238871731627668,0.5,0.5,0.5,0.25,0.43484429352080833,0.42057964576506524,0.4277119696429368,-0.12388717316276676,-0.07228803035706322,-0.028167657564961757,117.53709381073713,8926205440,False,0.4277119696429368,0.0
long_rvos/d33c8343bc/3/5,long_rvos,d33c8343bc,3,5,dynamic,predicted_static,box,False,0.4614579212251565,0.4503013331906406,0.45587962720789854,0.6289034952246183,0.6188708511009152,0.6238871731627668,0.6268773774702086,0.6184419229284506,0.6226596501993296,0.9852246916280356,0.44487267961125115,0.44480933660093863,0.4448410081060949,-0.0012275229634371998,-0.17781864209323467,-0.011038619101803648,130.63112867623568,25358787584,False,,
long_rvos/d33c8343bc/3/4,long_rvos,d33c8343bc,3,4,static,predicted_static,point,False,0.4614579212251565,0.4503013331906406,0.45587962720789854,0.6289034952246183,0.6188708511009152,0.6238871731627668,0.5,0.5,0.5,0.25,0.43484429352080833,0.42057964576506524,0.4277119696429368,-0.12388717316276676,-0.07228803035706322,-0.028167657564961757,117.53709381073713,8926205440,True,0.4277119696429368,0.0
long_rvos/d33c8343bc/3/4,long_rvos,d33c8343bc,3,4,static,predicted_static,box,False,0.4614579212251565,0.4503013331906406,0.45587962720789854,0.6289034952246183,0.6188708511009152,0.6238871731627668,0.6268773774702086,0.6184419229284506,0.6226596501993296,0.9852246916280356,0.44487267961125115,0.44480933660093863,0.4448410081060949,-0.0012275229634371998,-0.17781864209323467,-0.011038619101803648,130.63112867623568,25358787584,True,,
long_rvos/2a87bea97e/1/3,long_rvos,2a87bea97e,1,3,dynamic,predicted_static,point,False,0.5713190005169619,0.48351624108265845,0.5274176207998102,0.6875526254946862,0.5129369046720292,0.6002447650833578,0.25,0.25,0.25,0.0,0.4763331214977166,0.41267351142201775,0.4445033164598672,-0.3502447650833578,0.19450331645986718,-0.08291430433994307,142.99832314252853,9688430080,False,0.4445033164598672,0.0
long_rvos/2a87bea97e/1/3,long_rvos,2a87bea97e,1,3,dynamic,predicted_static,box,False,0.5713190005169619,0.48351624108265845,0.5274176207998102,0.6875526254946862,0.5129369046720292,0.6002447650833578,0.23423001471309465,0.1858477041186391,0.21003885941586686,0.3989795486501987,0.21776437591956843,0.21474048150741493,0.21625242871349168,-0.3902059056674909,0.006213569297624816,-0.31116519208631854,171.17828189581633,28956312064,False,,
long_rvos/2a87bea97e/1/13,long_rvos,2a87bea97e,1,13,hybrid,predicted_static,point,False,0.21875,0.21875,0.21875,0.25,0.25,0.25,0.25,0.25,0.25,1.0,0.21875,0.21875,0.21875,0.0,-0.03125,0.0,156.6746078580618,7332423680,False,0.21875,0.0
long_rvos/2a87bea97e/1/13,long_rvos,2a87bea97e,1,13,hybrid,predicted_static,box,False,0.21875,0.21875,0.21875,0.25,0.25,0.25,0.25,0.25,0.25,1.0,0.21875,0.21875,0.21875,0.0,-0.03125,0.0,155.36854171007872,7332423680,False,,
long_rvos/2a87bea97e/1/2,long_rvos,2a87bea97e,1,2,static,predicted_static,point,False,0.5713190005169619,0.48351624108265845,0.5274176207998102,0.6875526254946862,0.5129369046720292,0.6002447650833578,0.25,0.25,0.25,0.0,0.4763331214977166,0.41267351142201775,0.4445033164598672,-0.3502447650833578,0.19450331645986718,-0.08291430433994307,142.99832314252853,9688430080,True,0.4445033164598672,0.0
long_rvos/2a87bea97e/1/2,long_rvos,2a87bea97e,1,2,static,predicted_static,box,False,0.5713190005169619,0.48351624108265845,0.5274176207998102,0.6875526254946862,0.5129369046720292,0.6002447650833578,0.23423001471309465,0.1858477041186391,0.21003885941586686,0.3989795486501987,0.21776437591956843,0.21474048150741493,0.21625242871349168,-0.3902059056674909,0.006213569297624816,-0.31116519208631854,171.17828189581633,28956312064,True,,
long_rvos/119777f4c0/1/3,long_rvos,119777f4c0,1,3,dynamic,predicted_static,point,False,0.48686391520033545,0.4855144654876643,0.4861891903439999,0.7239173592443711,0.5780618896416032,0.6509896244429871,0.75,0.75,0.75,0.5,0.6850306772981898,0.6889201942899407,0.6869754357940652,0.09901037555701286,-0.06302456420593483,0.2007862454500653,184.4542367234826,9133264384,False,0.6869754357940652,0.0
long_rvos/119777f4c0/1/3,long_rvos,119777f4c0,1,3,dynamic,predicted_static,box,False,0.48686391520033545,0.4855144654876643,0.4861891903439999,0.7239173592443711,0.5780618896416032,0.6509896244429871,0.9242350986809481,0.7848498106871624,0.8545424546840553,0.6938235255284596,0.5837234415945908,0.5693313862193995,0.5765274139069951,0.20355283024106818,-0.2780150407770602,0.09033822356299526,203.63962361961603,26732187648,False,,
long_rvos/119777f4c0/1/0,long_rvos,119777f4c0,1,0,static,predicted_static,point,False,0.48686391520033545,0.4855144654876643,0.4861891903439999,0.7239173592443711,0.5780618896416032,0.6509896244429871,0.75,0.75,0.75,0.5,0.6850306772981898,0.6889201942899407,0.6869754357940652,0.09901037555701286,-0.06302456420593483,0.2007862454500653,184.4542367234826,9133264384,True,0.6869754357940652,0.0
long_rvos/119777f4c0/1/0,long_rvos,119777f4c0,1,0,static,predicted_static,box,False,0.48686391520033545,0.4855144654876643,0.4861891903439999,0.7239173592443711,0.5780618896416032,0.6509896244429871,0.9242350986809481,0.7848498106871624,0.8545424546840553,0.6938235255284596,0.5837234415945908,0.5693313862193995,0.5765274139069951,0.20355283024106818,-0.2780150407770602,0.09033822356299526,203.63962361961603,26732187648,True,,
long_rvos/28ff632792/1/1,long_rvos,28ff632792,1,1,dynamic,predicted_static,point,False,0.9434236068470406,0.9502396892178128,0.9468316480324267,0.7363283401255645,0.7445725632155451,0.7404504516705548,0.75,0.75,0.75,0.5,0.6549069497704894,0.6564952984135914,0.6557011240920404,0.009549548329445212,-0.0942988759079596,-0.2911305239403863,254.00626099854708,9834990592,False,0.6557011240920404,0.0
long_rvos/28ff632792/1/1,long_rvos,28ff632792,1,1,dynamic,predicted_static,box,False,0.9434236068470406,0.9502396892178128,0.9468316480324267,0.7363283401255645,0.7445725632155451,0.7404504516705548,0.5,0.5,0.5,0.7227328431372549,0.625,0.625,0.625,-0.2404504516705548,0.125,-0.3218316480324267,268.10972411185503,28438894080,False,,
long_rvos/28ff632792/1/0,long_rvos,28ff632792,1,0,static,predicted_static,point,False,0.9135766248224221,0.9197624766169122,0.9166695507196672,0.7361084327391939,0.7455714019017013,0.7408399173204476,0.75,0.75,0.75,0.5,0.6549217897543971,0.6564706861767169,0.655696237965557,0.009160082679552373,-0.09430376203444302,-0.2609733127541102,250.41345958411694,9834990592,False,0.655696237965557,0.0
long_rvos/28ff632792/1/0,long_rvos,28ff632792,1,0,static,predicted_static,box,False,0.9135766248224221,0.9197624766169122,0.9166695507196672,0.7361084327391939,0.7455714019017013,0.7408399173204476,0.5,0.5,0.5,0.7240049751243781,0.625,0.625,0.625,-0.24083991732044763,0.125,-0.29166955071966716,253.97326899319887,28438894080,False,,
long_rvos/dca31590b8/2/10,long_rvos,dca31590b8,2,10,hybrid,predicted_static,point,False,0.6702285765871023,0.6704966029723587,0.6703625897797305,0.4785936887067951,0.44950649484781585,0.4640500917773055,0.75,0.75,0.75,0.25,0.35060969447238743,0.3515849469156135,0.35109732069400046,0.2859499082226945,-0.39890267930599954,-0.31926526908573005,107.07798009365797,9298534400,False,0.35109732069400046,0.0
long_rvos/dca31590b8/2/10,long_rvos,dca31590b8,2,10,hybrid,predicted_static,box,False,0.6702285765871023,0.6704966029723587,0.6703625897797305,0.4785936887067951,0.44950649484781585,0.4640500917773055,0.5002009487043053,0.5408100188277707,0.5205054837660381,0.4452778443831675,0.6718875592940191,0.6744256261767356,0.6731565927353773,0.05645539198873262,0.1526511089693392,0.0027940029556468016,165.1995418816805,24983296000,False,,
long_rvos/dca31590b8/2/4,long_rvos,dca31590b8,2,4,static,predicted_static,point,False,0.719597948130207,0.7176018460427188,0.7185998970864629,0.75,0.75,0.75,0.75,0.75,0.75,1.0,0.6875,0.6875,0.6875,0.0,-0.0625,-0.03109989708646288,157.56946766376495,7222642688,False,0.6875,0.0
long_rvos/dca31590b8/2/4,long_rvos,dca31590b8,2,4,static,predicted_static,box,False,0.719597948130207,0.7176018460427188,0.7185998970864629,0.75,0.75,0.75,0.75,0.75,0.75,1.0,0.6875,0.6875,0.6875,0.0,-0.0625,-0.03109989708646288,144.9894178211689,7222642688,False,,
long_rvos/a595411232/3/11,long_rvos,a595411232,3,11,dynamic,predicted_static,point,False,0.4525692815978783,0.4899639547072779,0.4712666181525781,0.06863704819277108,0.08907397161954034,0.07885550990615571,0.0,0.0,0.0,0.25,0.43669714826260886,0.47419615015125494,0.4554466492069319,-0.07885550990615571,0.4554466492069319,-0.01581996894564619,205.22319731116295,10634391040,False,0.4554466492069319,0.0
long_rvos/a595411232/3/11,long_rvos,a595411232,3,11,dynamic,predicted_static,box,False,0.4525692815978783,0.4899639547072779,0.4712666181525781,0.06863704819277108,0.08907397161954034,0.07885550990615571,0.0,0.0,0.0,0.7034972101324041,0.359375,0.359375,0.359375,-0.07885550990615571,0.359375,-0.11189161815257809,233.41506437957287,28563923968,False,,
long_rvos/a595411232/3/20,long_rvos,a595411232,3,20,hybrid,predicted_static,point,False,0.27936632749068324,0.3193783914667339,0.29937235947870855,0.0,0.0,0.0,0.0,0.0,0.0,0.25,0.20375597773918597,0.22292574662947606,0.21334086218433101,0.0,0.21334086218433101,-0.08603149729437753,247.9775866791606,10634391040,False,0.21334086218433101,0.0
long_rvos/a595411232/3/20,long_rvos,a595411232,3,20,hybrid,predicted_static,box,False,0.27936632749068324,0.3193783914667339,0.29937235947870855,0.0,0.0,0.0,0.0,0.0,0.0,0.7034972101324041,0.359375,0.359375,0.359375,0.0,0.359375,0.06000264052129145,262.147185690701,28563923968,False,,
long_rvos/a595411232/3/10,long_rvos,a595411232,3,10,static,predicted_static,point,False,0.27936632749068324,0.3193783914667339,0.29937235947870855,0.0,0.0,0.0,0.0,0.0,0.0,0.25,0.20375597773918597,0.22292574662947606,0.21334086218433101,0.0,0.21334086218433101,-0.08603149729437753,247.9775866791606,10634391040,True,0.21334086218433101,0.0
long_rvos/a595411232/3/10,long_rvos,a595411232,3,10,static,predicted_static,box,False,0.27936632749068324,0.3193783914667339,0.29937235947870855,0.0,0.0,0.0,0.0,0.0,0.0,0.7034972101324041,0.359375,0.359375,0.359375,0.0,0.359375,0.06000264052129145,262.147185690701,28563923968,True,,
long_rvos/e9b78ad8e7/1/1,long_rvos,e9b78ad8e7,1,1,dynamic,predicted_static,point,False,0.7653948444301626,0.8080051395245613,0.786699991977362,0.7144160733667941,0.75,0.7322080366833971,0.5,0.5,0.5,0.25,0.19580109925394218,0.21826892737741985,0.20703501331568103,-0.23220803668339707,-0.292964986684319,-0.579664978661681,200.7320573106408,10029708800,False,0.20703501331568103,0.0
long_rvos/e9b78ad8e7/1/1,long_rvos,e9b78ad8e7,1,1,dynamic,predicted_static,box,False,0.7653948444301626,0.8080051395245613,0.786699991977362,0.7144160733667941,0.75,0.7322080366833971,0.709020448751138,0.7485207100591715,0.7287705794051548,0.9591476177188305,0.4489010754394761,0.4530325443786982,0.45096680990908716,-0.003437457278242295,-0.2778037694960676,-0.3357331820682748,224.43443997204304,30955526656,False,,
long_rvos/e9b78ad8e7/1/0,long_rvos,e9b78ad8e7,1,0,static,predicted_static,point,False,0.8610437159579404,0.9017551395245613,0.8813994277412509,0.9644160733667941,1.0,0.9822080366833971,0.5,0.5,0.5,0.5,0.3830218303208216,0.40411627976163644,0.393569055041229,-0.48220803668339707,-0.10643094495877098,-0.4878303727000219,204.6371659785509,9493123584,False,0.393569055041229,0.0
long_rvos/e9b78ad8e7/1/0,long_rvos,e9b78ad8e7,1,0,static,predicted_static,box,False,0.8610437159579404,0.9017551395245613,0.8813994277412509,0.9644160733667941,1.0,0.9822080366833971,0.9590204487511379,0.9985207100591715,0.9787705794051548,0.9691820213885554,0.4801510754394761,0.4842825443786982,0.48221680990908716,-0.003437457278242295,-0.4965537694960676,-0.39918261783216374,230.81537952274084,30955526656,False,,
long_rvos/2c4cbde1aa/1/3,long_rvos,2c4cbde1aa,1,3,dynamic,predicted_static,point,False,0.25505677676097077,0.2750732561401501,0.26506501645056046,0.23433048433048434,0.25,0.24216524216524216,0.0,0.0,0.0,0.0,0.000162134430128413,0.009934049638579754,0.0050480920343540835,-0.24216524216524216,0.0050480920343540835,-0.2600169244162064,102.67563215643167,9056923136,False,0.0050480920343540835,0.0
long_rvos/2c4cbde1aa/1/3,long_rvos,2c4cbde1aa,1,3,dynamic,predicted_static,box,False,0.25505677676097077,0.2750732561401501,0.26506501645056046,0.23433048433048434,0.25,0.24216524216524216,0.22764860977948226,0.2565789473684211,0.24211377857395167,0.7148406078585883,0.06037637252609975,0.06417818146601534,0.06227727699605755,-5.1463591290490385e-05,-0.1798365015778941,-0.2027877394545029,123.79208493232727,30089278976,False,,
long_rvos/2c4cbde1aa/1/0,long_rvos,2c4cbde1aa,1,0,static,predicted_static,point,False,0.25459755057324684,0.27155858137002176,0.2630780659716343,0.2331433998100665,0.25110619469026546,0.24212479725016597,0.0,0.0,0.0,0.0,0.00014896946240662885,0.009560546362102441,0.004854757912254535,-0.24212479725016597,0.004854757912254535,-0.25822330805937976,103.65412501245737,9056923136,False,0.004854757912254535,0.0
long_rvos/2c4cbde1aa/1/0,long_rvos,2c4cbde1aa,1,0,static,predicted_static,box,False,0.25459755057324684,0.27155858137002176,0.2630780659716343,0.2331433998100665,0.25110619469026546,0.24212479725016597,0.24512427819254176,0.34718011274811694,0.29615219547032934,0.9050565101995205,0.06147473805167989,0.06984075430224633,0.06565774617696311,0.054027398220163364,-0.2304944492933662,-0.19742031979467117,116.78755347430706,30089278976,False,,
long_rvos/84dc481247/3/15,long_rvos,84dc481247,3,15,hybrid,oracle_identity,point,True,0.0,0.0,0.0,0.5,0.5,0.5,0.5,0.5,0.5,1.0,0.546875,0.546875,0.546875,0.0,0.046875,0.546875,126.71054382622242,7259236352,False,0.546875,0.0
long_rvos/84dc481247/3/15,long_rvos,84dc481247,3,15,hybrid,oracle_identity,box,True,0.0,0.0,0.0,0.5,0.5,0.5,0.5,0.5,0.5,1.0,0.546875,0.546875,0.546875,0.0,0.046875,0.546875,130.26145127415657,7259236352,False,,
long_rvos/84dc481247/3/8,long_rvos,84dc481247,3,8,static,oracle_identity,point,True,0.0,0.0,0.0,0.5,0.5,0.5,0.5,0.5,0.5,1.0,0.546875,0.546875,0.546875,0.0,0.046875,0.546875,126.71054382622242,7259236352,True,0.546875,0.0
long_rvos/84dc481247/3/8,long_rvos,84dc481247,3,8,static,oracle_identity,box,True,0.0,0.0,0.0,0.5,0.5,0.5,0.5,0.5,0.5,1.0,0.546875,0.546875,0.546875,0.0,0.046875,0.546875,130.26145127415657,7259236352,True,,
long_rvos/9bc92f09e0/1/3,long_rvos,9bc92f09e0,1,3,dynamic,oracle_identity,point,True,0.7674107795153084,0.8518514963291957,0.809631137922252,0.8338414665498197,0.8349471256364507,0.8343942960931352,0.5,0.5,0.5,0.5,0.4480753647451702,0.4669790522626506,0.4575272085039104,-0.3343942960931352,-0.042472791496089624,-0.3521039294183417,202.3668818473816,10102774272,False,0.4575272085039104,0.0
long_rvos/9bc92f09e0/1/3,long_rvos,9bc92f09e0,1,3,dynamic,oracle_identity,box,True,0.7674107795153084,0.8518514963291957,0.809631137922252,0.8338414665498197,0.8349471256364507,0.8343942960931352,0.7326313504125055,0.7487001733102253,0.7406657618613653,0.7421562082777036,0.2801644594007816,0.2811687608318891,0.2806666101163353,-0.09372853423176986,-0.45999915174503003,-0.5289645278059167,224.623865544796,27821630976,False,,
long_rvos/9bc92f09e0/1/0,long_rvos,9bc92f09e0,1,0,static,oracle_identity,point,True,0.3760569852036157,0.41440424102217266,0.3952306131128942,0.5800720976760277,0.5822399397325633,0.5811560187042955,0.5,0.5,0.5,0.25,0.23523659939237737,0.24890092644434242,0.24206876291835988,-0.08115601870429545,-0.2579312370816401,-0.15316185019453432,214.30040599405766,10384786944,False,0.24206876291835988,0.0
long_rvos/9bc92f09e0/1/0,long_rvos,9bc92f09e0,1,0,static,oracle_identity,box,True,0.3760569852036157,0.41440424102217266,0.3952306131128942,0.5800720976760277,0.5822399397325633,0.5811560187042955,0.7335896880415944,0.75,0.7417948440207972,0.48721529866781266,0.28022435550259966,0.28125,0.2807371777512998,0.16063882531650175,-0.4610576662694974,-0.1144934353615944,202.6554707363248,27822319104,False,,
long_rvos/9c1297ecd3/2/5,long_rvos,9c1297ecd3,2,5,dynamic,oracle_identity,point,True,0.9178774008349467,0.8529318656697621,0.8854046332523544,0.6983382508649959,0.5907509965311001,0.644544623698048,0.25,0.25,0.25,0.0,0.776521992900276,0.7360676547265591,0.7562948238134175,-0.394544623698048,0.5062948238134175,-0.1291098094389369,211.16065868735313,10293105152,False,0.7562948238134175,0.0
long_rvos/9c1297ecd3/2/5,long_rvos,9c1297ecd3,2,5,dynamic,oracle_identity,box,True,0.9178774008349467,0.8529318656697621,0.8854046332523544,0.6983382508649959,0.5907509965311001,0.644544623698048,0.47936557631813015,0.5184317152577023,0.4988986457879162,0.7398883211806722,0.3419514279898709,0.3525144449183637,0.3472329364541173,-0.14564597791013179,-0.15166570933379891,-0.5381716967982371,255.28231551498175,30561515008,False,,
long_rvos/9c1297ecd3/2/10,long_rvos,9c1297ecd3,2,10,hybrid,oracle_identity,point,True,0.9178774008349467,0.8529318656697621,0.8854046332523544,0.6983382508649959,0.5907509965311001,0.644544623698048,0.25,0.25,0.25,0.0,0.776521992900276,0.7360676547265591,0.7562948238134175,-0.394544623698048,0.5062948238134175,-0.1291098094389369,211.16065868735313,10293105152,True,0.7562948238134175,0.0
long_rvos/9c1297ecd3/2/10,long_rvos,9c1297ecd3,2,10,hybrid,oracle_identity,box,True,0.9178774008349467,0.8529318656697621,0.8854046332523544,0.6983382508649959,0.5907509965311001,0.644544623698048,0.47936557631813015,0.5184317152577023,0.4988986457879162,0.7398883211806722,0.3419514279898709,0.3525144449183637,0.3472329364541173,-0.14564597791013179,-0.15166570933379891,-0.5381716967982371,255.28231551498175,30561515008,True,,
long_rvos/9c1297ecd3/2/4,long_rvos,9c1297ecd3,2,4,static,oracle_identity,point,True,0.9178774008349467,0.8529318656697621,0.8854046332523544,0.6983382508649959,0.5907509965311001,0.644544623698048,0.25,0.25,0.25,0.0,0.776521992900276,0.7360676547265591,0.7562948238134175,-0.394544623698048,0.5062948238134175,-0.1291098094389369,211.16065868735313,10293105152,True,0.7562948238134175,0.0
long_rvos/9c1297ecd3/2/4,long_rvos,9c1297ecd3,2,4,static,oracle_identity,box,True,0.9178774008349467,0.8529318656697621,0.8854046332523544,0.6983382508649959,0.5907509965311001,0.644544623698048,0.47936557631813015,0.5184317152577023,0.4988986457879162,0.7398883211806722,0.3419514279898709,0.3525144449183637,0.3472329364541173,-0.14564597791013179,-0.15166570933379891,-0.5381716967982371,255.28231551498175,30561515008,True,,
long_rvos/af7297f0db/1/1,long_rvos,af7297f0db,1,1,dynamic,oracle_identity,point,True,0.13834660685998762,0.15039964822152133,0.1443731275407545,0.11416772939819032,0.12085380072967992,0.11751076506393512,0.0,0.0,0.0,0.75,0.046875,0.046875,0.046875,-0.11751076506393512,0.046875,-0.09749812754075449,213.98772401362658,9060785664,False,0.046875,0.0
long_rvos/af7297f0db/1/1,long_rvos,af7297f0db,1,1,dynamic,oracle_identity,box,True,0.13834660685998762,0.15039964822152133,0.1443731275407545,0.11416772939819032,0.12085380072967992,0.11751076506393512,0.18668466719252472,0.1334386330645419,0.1600616501285333,0.9010795454545455,0.07014982156538954,0.06874465651582648,0.06944723904060801,0.04255088506459817,-0.09061441108792528,-0.07492588850014648,234.67929200828075,27320340480,False,,
long_rvos/af7297f0db/1/0,long_rvos,af7297f0db,1,0,static,oracle_identity,point,True,0.13834660685998762,0.15039964822152133,0.1443731275407545,0.11416772939819032,0.12085380072967992,0.11751076506393512,0.0,0.0,0.0,0.75,0.046875,0.046875,0.046875,-0.11751076506393512,0.046875,-0.09749812754075449,213.98772401362658,9060785664,True,0.046875,0.0
long_rvos/af7297f0db/1/0,long_rvos,af7297f0db,1,0,static,oracle_identity,box,True,0.13834660685998762,0.15039964822152133,0.1443731275407545,0.11416772939819032,0.12085380072967992,0.11751076506393512,0.18668466719252472,0.1334386330645419,0.1600616501285333,0.9010795454545455,0.07014982156538954,0.06874465651582648,0.06944723904060801,0.04255088506459817,-0.09061441108792528,-0.07492588850014648,234.67929200828075,27320340480,True,,
long_rvos/c5c9b749d4/2/7,long_rvos,c5c9b749d4,2,7,dynamic,oracle_identity,point,True,0.8031234057111807,0.7256122719885714,0.764367838849876,0.9862431247306922,0.9624716553287982,0.9743573900297452,0.75,0.75,0.75,0.75,0.5,0.5,0.5,-0.2243573900297452,-0.25,-0.264367838849876,219.73090379685163,9164851712,False,0.5,0.0
long_rvos/c5c9b749d4/2/7,long_rvos,c5c9b749d4,2,7,dynamic,oracle_identity,box,True,0.8031234057111807,0.7256122719885714,0.764367838849876,0.9862431247306922,0.9624716553287982,0.9743573900297452,0.9887882708063821,0.9674515235457064,0.9781198971760443,0.9950303014471553,0.5298752772275261,0.527296773117649,0.5285860251725876,0.00376250714629911,-0.44953387200345674,-0.23578181367728845,242.99281676113605,27050401280,False,,
long_rvos/c5c9b749d4/2/11,long_rvos,c5c9b749d4,2,11,hybrid,oracle_identity,point,True,0.8031234057111807,0.7256122719885714,0.764367838849876,0.9862431247306922,0.9624716553287982,0.9743573900297452,0.75,0.75,0.75,0.75,0.5,0.5,0.5,-0.2243573900297452,-0.25,-0.264367838849876,219.73090379685163,9164851712,True,0.5,0.0
long_rvos/c5c9b749d4/2/11,long_rvos,c5c9b749d4,2,11,hybrid,oracle_identity,box,True,0.8031234057111807,0.7256122719885714,0.764367838849876,0.9862431247306922,0.9624716553287982,0.9743573900297452,0.9887882708063821,0.9674515235457064,0.9781198971760443,0.9950303014471553,0.5298752772275261,0.527296773117649,0.5285860251725876,0.00376250714629911,-0.44953387200345674,-0.23578181367728845,242.99281676113605,27050401280,True,,
long_rvos/c5c9b749d4/2/6,long_rvos,c5c9b749d4,2,6,static,oracle_identity,point,True,0.8031234057111807,0.7256122719885714,0.764367838849876,0.9862431247306922,0.9624716553287982,0.9743573900297452,0.75,0.75,0.75,0.75,0.5,0.5,0.5,-0.2243573900297452,-0.25,-0.264367838849876,219.73090379685163,9164851712,True,0.5,0.0
long_rvos/c5c9b749d4/2/6,long_rvos,c5c9b749d4,2,6,static,oracle_identity,box,True,0.8031234057111807,0.7256122719885714,0.764367838849876,0.9862431247306922,0.9624716553287982,0.9743573900297452,0.9887882708063821,0.9674515235457064,0.9781198971760443,0.9950303014471553,0.5298752772275261,0.527296773117649,0.5285860251725876,0.00376250714629911,-0.44953387200345674,-0.23578181367728845,242.99281676113605,27050401280,True,,
long_rvos/6fb7a04167/12/7,long_rvos,6fb7a04167,12,7,dynamic,oracle_identity,point,True,0.8903318102227258,0.9028987976512053,0.8966153039369655,0.9657444005270093,0.9787103228551816,0.9722273616910954,0.75,0.75,0.75,0.75,0.5625,0.5625,0.5625,-0.22222736169109536,-0.1875,-0.33411530393696554,132.73042360693216,8085569024,False,0.5625,0.0
long_rvos/6fb7a04167/12/7,long_rvos,6fb7a04167,12,7,dynamic,oracle_identity,box,True,0.8903318102227258,0.9028987976512053,0.8966153039369655,0.9657444005270093,0.9787103228551816,0.9722273616910954,0.8000769230769231,0.906207077979619,0.853142000528271,0.806474129657098,0.5656298076923076,0.5722629423737262,0.5689463750330169,-0.11908536116282431,-0.2841956254952541,-0.3276689289039486,151.93829763680696,30088890880,False,,
long_rvos/6fb7a04167/12/4,long_rvos,6fb7a04167,12,4,static,oracle_identity,point,True,0.8903318102227258,0.9028987976512053,0.8966153039369655,0.9657444005270093,0.9787103228551816,0.9722273616910954,0.75,0.75,0.75,0.75,0.5625,0.5625,0.5625,-0.22222736169109536,-0.1875,-0.33411530393696554,132.73042360693216,8085569024,True,0.5625,0.0
long_rvos/6fb7a04167/12/4,long_rvos,6fb7a04167,12,4,static,oracle_identity,box,True,0.8903318102227258,0.9028987976512053,0.8966153039369655,0.9657444005270093,0.9787103228551816,0.9722273616910954,0.8000769230769231,0.906207077979619,0.853142000528271,0.806474129657098,0.5656298076923076,0.5722629423737262,0.5689463750330169,-0.11908536116282431,-0.2841956254952541,-0.3276689289039486,151.93829763680696,30088890880,True,,
long_rvos/d33c8343bc/3/5,long_rvos,d33c8343bc,3,5,dynamic,oracle_identity,point,True,0.4725087004571179,0.4597082726033236,0.46610848653022074,0.6289034952246183,0.6188708511009152,0.6238871731627668,0.5,0.5,0.5,0.25,0.43484429352080833,0.42057964576506524,0.4277119696429368,-0.12388717316276676,-0.07228803035706322,-0.03839651688728396,129.67542032152414,8933921280,False,0.4277119696429368,0.0
long_rvos/d33c8343bc/3/5,long_rvos,d33c8343bc,3,5,dynamic,oracle_identity,box,True,0.4725087004571179,0.4597082726033236,0.46610848653022074,0.6289034952246183,0.6188708511009152,0.6238871731627668,0.6268773774702086,0.6184419229284506,0.6226596501993296,0.9852246916280356,0.44487267961125115,0.44480933660093863,0.4448410081060949,-0.0012275229634371998,-0.17781864209323467,-0.021267478424125852,154.98140966147184,25365886976,False,,
long_rvos/d33c8343bc/3/4,long_rvos,d33c8343bc,3,4,static,oracle_identity,point,True,0.4725087004571179,0.4597082726033236,0.46610848653022074,0.6289034952246183,0.6188708511009152,0.6238871731627668,0.5,0.5,0.5,0.25,0.43484429352080833,0.42057964576506524,0.4277119696429368,-0.12388717316276676,-0.07228803035706322,-0.03839651688728396,129.67542032152414,8933921280,True,0.4277119696429368,0.0
long_rvos/d33c8343bc/3/4,long_rvos,d33c8343bc,3,4,static,oracle_identity,box,True,0.4725087004571179,0.4597082726033236,0.46610848653022074,0.6289034952246183,0.6188708511009152,0.6238871731627668,0.6268773774702086,0.6184419229284506,0.6226596501993296,0.9852246916280356,0.44487267961125115,0.44480933660093863,0.4448410081060949,-0.0012275229634371998,-0.17781864209323467,-0.021267478424125852,154.98140966147184,25365886976,True,,
long_rvos/2a87bea97e/1/3,long_rvos,2a87bea97e,1,3,dynamic,oracle_identity,point,True,0.6990159676923166,0.5852001655585981,0.6421080666254573,0.7091035026249873,0.6162701614991342,0.6626868320620608,0.25,0.25,0.25,0.5,0.623002583931462,0.5052549695286594,0.5641287767300607,-0.4126868320620608,0.3141287767300607,-0.0779792898953966,166.84784199297428,8875762176,False,0.5641287767300607,0.0
long_rvos/2a87bea97e/1/3,long_rvos,2a87bea97e,1,3,dynamic,oracle_identity,box,True,0.6990159676923166,0.5852001655585981,0.6421080666254573,0.7091035026249873,0.6162701614991342,0.6626868320620608,0.4842300147130947,0.4358477041186391,0.46003885941586686,0.7427288448689227,0.23338937591956843,0.23036548150741493,0.23187742871349168,-0.20264797264619394,-0.22816143070237518,-0.41023063791196557,182.7217841371894,28966515712,False,,
long_rvos/2a87bea97e/1/13,long_rvos,2a87bea97e,1,13,hybrid,oracle_identity,point,True,0.0,0.0,0.0,0.25,0.25,0.25,0.25,0.25,0.25,1.0,0.21875,0.21875,0.21875,0.0,-0.03125,0.21875,159.5753722116351,7332423680,False,0.21875,0.0
long_rvos/2a87bea97e/1/13,long_rvos,2a87bea97e,1,13,hybrid,oracle_identity,box,True,0.0,0.0,0.0,0.25,0.25,0.25,0.25,0.25,0.25,1.0,0.21875,0.21875,0.21875,0.0,-0.03125,0.21875,163.49839434027672,7332423680,False,,
long_rvos/2a87bea97e/1/2,long_rvos,2a87bea97e,1,2,static,oracle_identity,point,True,0.6990159676923166,0.5852001655585981,0.6421080666254573,0.7091035026249873,0.6162701614991342,0.6626868320620608,0.25,0.25,0.25,0.5,0.623002583931462,0.5052549695286594,0.5641287767300607,-0.4126868320620608,0.3141287767300607,-0.0779792898953966,166.84784199297428,8875762176,True,0.5641287767300607,0.0
long_rvos/2a87bea97e/1/2,long_rvos,2a87bea97e,1,2,static,oracle_identity,box,True,0.6990159676923166,0.5852001655585981,0.6421080666254573,0.7091035026249873,0.6162701614991342,0.6626868320620608,0.4842300147130947,0.4358477041186391,0.46003885941586686,0.7427288448689227,0.23338937591956843,0.23036548150741493,0.23187742871349168,-0.20264797264619394,-0.22816143070237518,-0.41023063791196557,182.7217841371894,28966515712,True,,
long_rvos/119777f4c0/1/3,long_rvos,119777f4c0,1,3,dynamic,oracle_identity,point,True,0.7167106460627306,0.6877754935232692,0.7022430697929999,0.9739173592443711,0.8280618896416032,0.9009896244429871,0.75,0.75,0.75,0.75,0.5625,0.5625,0.5625,-0.15098962444298714,-0.1875,-0.13974306979299989,206.87449823319912,8850763264,False,0.5625,0.0
long_rvos/119777f4c0/1/3,long_rvos,119777f4c0,1,3,dynamic,oracle_identity,box,True,0.7167106460627306,0.6877754935232692,0.7022430697929999,0.9739173592443711,0.8280618896416032,0.9009896244429871,0.9242350986809481,0.7848498106871624,0.8545424546840553,0.9438235255284596,0.5837234415945908,0.5693313862193995,0.5765274139069951,-0.04644716975893182,-0.2780150407770602,-0.12571565588600475,218.94404532015324,26731886592,False,,
long_rvos/119777f4c0/1/0,long_rvos,119777f4c0,1,0,static,oracle_identity,point,True,0.7167106460627306,0.6877754935232692,0.7022430697929999,0.9739173592443711,0.8280618896416032,0.9009896244429871,0.75,0.75,0.75,0.75,0.5625,0.5625,0.5625,-0.15098962444298714,-0.1875,-0.13974306979299989,206.87449823319912,8850763264,True,0.5625,0.0
long_rvos/119777f4c0/1/0,long_rvos,119777f4c0,1,0,static,oracle_identity,box,True,0.7167106460627306,0.6877754935232692,0.7022430697929999,0.9739173592443711,0.8280618896416032,0.9009896244429871,0.9242350986809481,0.7848498106871624,0.8545424546840553,0.9438235255284596,0.5837234415945908,0.5693313862193995,0.5765274139069951,-0.04644716975893182,-0.2780150407770602,-0.12571565588600475,218.94404532015324,26731886592,True,,
long_rvos/28ff632792/1/1,long_rvos,28ff632792,1,1,dynamic,oracle_identity,point,True,0.9434236068470406,0.9502396892178128,0.9468316480324267,0.7363283401255645,0.7445725632155451,0.7404504516705548,0.75,0.75,0.75,0.5,0.6549069497704894,0.6564952984135914,0.6557011240920404,0.009549548329445212,-0.0942988759079596,-0.2911305239403863,260.16592030227184,9833368576,False,0.6557011240920404,0.0
long_rvos/28ff632792/1/1,long_rvos,28ff632792,1,1,dynamic,oracle_identity,box,True,0.9434236068470406,0.9502396892178128,0.9468316480324267,0.7363283401255645,0.7445725632155451,0.7404504516705548,0.5,0.5,0.5,0.7227328431372549,0.625,0.625,0.625,-0.2404504516705548,0.125,-0.3218316480324267,288.65928740799427,28449338368,False,,
long_rvos/28ff632792/1/0,long_rvos,28ff632792,1,0,static,oracle_identity,point,True,0.9135766248224221,0.9197624766169122,0.9166695507196672,0.7361084327391939,0.7455714019017013,0.7408399173204476,0.75,0.75,0.75,0.5,0.6549217897543971,0.6564706861767169,0.655696237965557,0.009160082679552373,-0.09430376203444302,-0.2609733127541102,257.53300600498915,9838694400,False,0.655696237965557,0.0
long_rvos/28ff632792/1/0,long_rvos,28ff632792,1,0,static,oracle_identity,box,True,0.9135766248224221,0.9197624766169122,0.9166695507196672,0.7361084327391939,0.7455714019017013,0.7408399173204476,0.5,0.5,0.5,0.7240049751243781,0.625,0.625,0.625,-0.24083991732044763,0.125,-0.29166955071966716,277.79769068211317,28448781312,False,,
long_rvos/dca31590b8/2/10,long_rvos,dca31590b8,2,10,hybrid,oracle_identity,point,True,0.9210068944459748,0.9104194278069468,0.9157131611264608,0.9785936887067951,0.9495064948478158,0.9640500917773055,0.75,0.75,0.75,0.75,0.6875,0.6875,0.6875,-0.2140500917773055,-0.0625,-0.22821316112646084,145.66331446915865,8226333184,False,0.6875,0.0
long_rvos/dca31590b8/2/10,long_rvos,dca31590b8,2,10,hybrid,oracle_identity,box,True,0.9210068944459748,0.9104194278069468,0.9157131611264608,0.9785936887067951,0.9495064948478158,0.9640500917773055,0.7502009487043053,0.7908100188277707,0.7705054837660381,0.75,0.6875125592940191,0.6900506261767356,0.6887815927353773,-0.19354460801126738,-0.0817238910306608,-0.22693156839108353,151.77350429445505,24989261312,False,,
long_rvos/dca31590b8/2/4,long_rvos,dca31590b8,2,4,static,oracle_identity,point,True,0.9210068944459748,0.9104194278069468,0.9157131611264608,0.9785936887067951,0.9495064948478158,0.9640500917773055,0.75,0.75,0.75,0.75,0.6875,0.6875,0.6875,-0.2140500917773055,-0.0625,-0.22821316112646084,145.66331446915865,8226333184,True,0.6875,0.0
long_rvos/dca31590b8/2/4,long_rvos,dca31590b8,2,4,static,oracle_identity,box,True,0.9210068944459748,0.9104194278069468,0.9157131611264608,0.9785936887067951,0.9495064948478158,0.9640500917773055,0.7502009487043053,0.7908100188277707,0.7705054837660381,0.75,0.6875125592940191,0.6900506261767356,0.6887815927353773,-0.19354460801126738,-0.0817238910306608,-0.22693156839108353,151.77350429445505,24989261312,True,,
long_rvos/a595411232/3/11,long_rvos,a595411232,3,11,dynamic,oracle_identity,point,True,0.5968134384113811,0.6385623387137611,0.6176878885625712,0.2698519305010475,0.31300008241819055,0.29142600645961897,0.0,0.0,0.0,0.5,0.5014450983309571,0.53046846864318,0.5159567834870685,-0.29142600645961897,0.5159567834870685,-0.10173110507550265,212.56684137880802,10102131200,False,0.5159567834870685,0.0
long_rvos/a595411232/3/11,long_rvos,a595411232,3,11,dynamic,oracle_identity,box,True,0.5968134384113811,0.6385623387137611,0.6176878885625712,0.2698519305010475,0.31300008241819055,0.29142600645961897,0.18818119891008175,0.23114355231143552,0.20966237561075862,0.7007745266781411,0.3711363249318801,0.3738214720194647,0.3724788984756724,-0.08176363084886035,0.16281652286491377,-0.24520899008689878,272.36724611371756,27823010304,False,,
long_rvos/a595411232/3/20,long_rvos,a595411232,3,20,hybrid,oracle_identity,point,True,0.5968134384113811,0.6385623387137611,0.6176878885625712,0.2698519305010475,0.31300008241819055,0.29142600645961897,0.0,0.0,0.0,0.5,0.5014450983309571,0.53046846864318,0.5159567834870685,-0.29142600645961897,0.5159567834870685,-0.10173110507550265,212.56684137880802,10102131200,True,0.5159567834870685,0.0
long_rvos/a595411232/3/20,long_rvos,a595411232,3,20,hybrid,oracle_identity,box,True,0.5968134384113811,0.6385623387137611,0.6176878885625712,0.2698519305010475,0.31300008241819055,0.29142600645961897,0.18818119891008175,0.23114355231143552,0.20966237561075862,0.7007745266781411,0.3711363249318801,0.3738214720194647,0.3724788984756724,-0.08176363084886035,0.16281652286491377,-0.24520899008689878,272.36724611371756,27823010304,True,,
long_rvos/a595411232/3/10,long_rvos,a595411232,3,10,static,oracle_identity,point,True,0.5968134384113811,0.6385623387137611,0.6176878885625712,0.2698519305010475,0.31300008241819055,0.29142600645961897,0.0,0.0,0.0,0.5,0.5014450983309571,0.53046846864318,0.5159567834870685,-0.29142600645961897,0.5159567834870685,-0.10173110507550265,212.56684137880802,10102131200,True,0.5159567834870685,0.0
long_rvos/a595411232/3/10,long_rvos,a595411232,3,10,static,oracle_identity,box,True,0.5968134384113811,0.6385623387137611,0.6176878885625712,0.2698519305010475,0.31300008241819055,0.29142600645961897,0.18818119891008175,0.23114355231143552,0.20966237561075862,0.7007745266781411,0.3711363249318801,0.3738214720194647,0.3724788984756724,-0.08176363084886035,0.16281652286491377,-0.24520899008689878,272.36724611371756,27823010304,True,,
long_rvos/e9b78ad8e7/1/1,long_rvos,e9b78ad8e7,1,1,dynamic,oracle_identity,point,True,0.5235571687528093,0.5684126775806013,0.5459849231667053,0.4767206477732794,0.5,0.4883603238866397,0.5,0.5,0.5,0.5,0.1816223000077794,0.20286976119504774,0.19224603060141357,0.011639676113360309,-0.30775396939858646,-0.3537388925652918,181.8628989085555,9497448960,False,0.19224603060141357,0.0
long_rvos/e9b78ad8e7/1/1,long_rvos,e9b78ad8e7,1,1,dynamic,oracle_identity,box,True,0.5235571687528093,0.5684126775806013,0.5459849231667053,0.4767206477732794,0.5,0.4883603238866397,0.47276970954356845,0.4985207100591716,0.48564520980137005,0.9718770434145085,0.434135404239003,0.4374075443786982,0.4357714743088506,-0.002715114085269643,-0.049873735492519444,-0.11021344885785472,221.53813238441944,30960681472,False,,
long_rvos/e9b78ad8e7/1/0,long_rvos,e9b78ad8e7,1,0,static,oracle_identity,point,True,0.5235571687528093,0.5684126775806013,0.5459849231667053,0.4767206477732794,0.5,0.4883603238866397,0.5,0.5,0.5,0.5,0.1816223000077794,0.20286976119504774,0.19224603060141357,0.011639676113360309,-0.30775396939858646,-0.3537388925652918,181.8628989085555,9497448960,True,0.19224603060141357,0.0
long_rvos/e9b78ad8e7/1/0,long_rvos,e9b78ad8e7,1,0,static,oracle_identity,box,True,0.5235571687528093,0.5684126775806013,0.5459849231667053,0.4767206477732794,0.5,0.4883603238866397,0.47276970954356845,0.4985207100591716,0.48564520980137005,0.9718770434145085,0.434135404239003,0.4374075443786982,0.4357714743088506,-0.002715114085269643,-0.049873735492519444,-0.11021344885785472,221.53813238441944,30960681472,True,,
long_rvos/2c4cbde1aa/1/3,long_rvos,2c4cbde1aa,1,3,dynamic,oracle_identity,point,True,0.49963646256278804,0.5520269654830259,0.525831714022907,0.2524786324786325,0.3732454638822321,0.3128620481804323,0.0,0.0,0.0,0.5,0.0059925309341919844,0.021421385870826263,0.013706958402509123,-0.3128620481804323,0.013706958402509123,-0.5121247556203978,112.80113833397627,8243831296,False,0.013706958402509123,0.0
long_rvos/2c4cbde1aa/1/3,long_rvos,2c4cbde1aa,1,3,dynamic,oracle_identity,box,True,0.49963646256278804,0.5520269654830259,0.525831714022907,0.2524786324786325,0.3732454638822321,0.3128620481804323,0.22764860977948226,0.25,0.23882430488974113,0.7360709117221418,0.06037637252609975,0.0625,0.06143818626304988,-0.07403774329069115,-0.17738611862669124,-0.4643935277598571,128.87311812490225,28212973568,False,,
long_rvos/2c4cbde1aa/1/0,long_rvos,2c4cbde1aa,1,0,static,oracle_identity,point,True,0.45635175139213546,0.49809915493375667,0.47722545316294607,0.23342461465821046,0.2653846153846154,0.24940461502141292,0.0,0.0,0.0,0.5,0.011281376516288641,0.02955263268594617,0.020417004601117405,-0.24940461502141292,0.020417004601117405,-0.4568084485618287,112.55754103511572,8243831296,False,0.020417004601117405,0.0
long_rvos/2c4cbde1aa/1/0,long_rvos,2c4cbde1aa,1,0,static,oracle_identity,box,True,0.45635175139213546,0.49809915493375667,0.47722545316294607,0.23342461465821046,0.2653846153846154,0.24940461502141292,0.22751734034919877,0.25,0.2387586701745994,0.7380058153622486,0.06037430443647095,0.0625,0.06143715221823548,-0.010645944846813526,-0.17732151795636392,-0.4157883009447106,116.21478424221277,28212973568,False,,
