condition,description_type,final_correct,identity,initial_correct,initial_correct_later_damaged,initial_wrong_later_corrected,video_id
single_global,dynamic,True,long_rvos/a3f2b5d434/2/11,True,False,False,a3f2b5d434
static_update_k2,dynamic,True,long_rvos/a3f2b5d434/2/11,True,False,False,a3f2b5d434
static_update_k4,dynamic,True,long_rvos/a3f2b5d434/2/11,True,False,False,a3f2b5d434
static_update_k8,dynamic,True,long_rvos/a3f2b5d434/2/11,True,False,False,a3f2b5d434
temporal_update_k2,dynamic,True,long_rvos/a3f2b5d434/2/11,True,False,False,a3f2b5d434
temporal_update_k4,dynamic,True,long_rvos/a3f2b5d434/2/11,True,False,False,a3f2b5d434
temporal_update_k8,dynamic,True,long_rvos/a3f2b5d434/2/11,True,False,False,a3f2b5d434
single_global,dynamic,True,long_rvos/a3f2b5d434/2/7,True,False,False,a3f2b5d434
static_update_k2,dynamic,True,long_rvos/a3f2b5d434/2/7,True,False,False,a3f2b5d434
static_update_k4,dynamic,True,long_rvos/a3f2b5d434/2/7,True,False,False,a3f2b5d434
static_update_k8,dynamic,True,long_rvos/a3f2b5d434/2/7,True,False,False,a3f2b5d434
temporal_update_k2,dynamic,True,long_rvos/a3f2b5d434/2/7,True,False,False,a3f2b5d434
temporal_update_k4,dynamic,True,long_rvos/a3f2b5d434/2/7,True,False,False,a3f2b5d434
temporal_update_k8,dynamic,True,long_rvos/a3f2b5d434/2/7,True,False,False,a3f2b5d434
single_global,dynamic,True,long_rvos/a3f2b5d434/2/9,True,False,False,a3f2b5d434
static_update_k2,dynamic,True,long_rvos/a3f2b5d434/2/9,True,False,False,a3f2b5d434
static_update_k4,dynamic,True,long_rvos/a3f2b5d434/2/9,True,False,False,a3f2b5d434
static_update_k8,dynamic,True,long_rvos/a3f2b5d434/2/9,True,False,False,a3f2b5d434
temporal_update_k2,dynamic,True,long_rvos/a3f2b5d434/2/9,True,False,False,a3f2b5d434
temporal_update_k4,dynamic,True,long_rvos/a3f2b5d434/2/9,True,False,False,a3f2b5d434
temporal_update_k8,dynamic,True,long_rvos/a3f2b5d434/2/9,True,False,False,a3f2b5d434
single_global,hybrid,True,long_rvos/a3f2b5d434/2/15,True,False,False,a3f2b5d434
static_update_k2,hybrid,True,long_rvos/a3f2b5d434/2/15,True,False,False,a3f2b5d434
static_update_k4,hybrid,True,long_rvos/a3f2b5d434/2/15,True,False,False,a3f2b5d434
static_update_k8,hybrid,True,long_rvos/a3f2b5d434/2/15,False,False,True,a3f2b5d434
temporal_update_k2,hybrid,True,long_rvos/a3f2b5d434/2/15,True,False,False,a3f2b5d434
temporal_update_k4,hybrid,True,long_rvos/a3f2b5d434/2/15,True,False,False,a3f2b5d434
temporal_update_k8,hybrid,True,long_rvos/a3f2b5d434/2/15,False,False,True,a3f2b5d434
static_update_k2,hybrid,False,long_rvos/a3f2b5d434/2/16,False,False,False,a3f2b5d434
static_update_k4,hybrid,False,long_rvos/a3f2b5d434/2/16,False,False,False,a3f2b5d434
static_update_k8,hybrid,False,long_rvos/a3f2b5d434/2/16,False,False,False,a3f2b5d434
temporal_update_k2,hybrid,False,long_rvos/a3f2b5d434/2/16,False,False,False,a3f2b5d434
temporal_update_k4,hybrid,False,long_rvos/a3f2b5d434/2/16,False,False,False,a3f2b5d434
temporal_update_k8,hybrid,False,long_rvos/a3f2b5d434/2/16,False,False,False,a3f2b5d434
static_update_k2,hybrid,True,long_rvos/a3f2b5d434/2/17,True,False,False,a3f2b5d434
static_update_k4,hybrid,True,long_rvos/a3f2b5d434/2/17,True,False,False,a3f2b5d434
static_update_k8,hybrid,True,long_rvos/a3f2b5d434/2/17,False,False,True,a3f2b5d434
temporal_update_k2,hybrid,True,long_rvos/a3f2b5d434/2/17,True,False,False,a3f2b5d434
temporal_update_k4,hybrid,True,long_rvos/a3f2b5d434/2/17,True,False,False,a3f2b5d434
temporal_update_k8,hybrid,True,long_rvos/a3f2b5d434/2/17,False,False,True,a3f2b5d434
static_update_k2,static,True,long_rvos/a3f2b5d434/2/10,True,False,False,a3f2b5d434
static_update_k4,static,True,long_rvos/a3f2b5d434/2/10,True,False,False,a3f2b5d434
static_update_k8,static,True,long_rvos/a3f2b5d434/2/10,False,False,True,a3f2b5d434
temporal_update_k2,static,True,long_rvos/a3f2b5d434/2/10,True,False,False,a3f2b5d434
temporal_update_k4,static,True,long_rvos/a3f2b5d434/2/10,True,False,False,a3f2b5d434
temporal_update_k8,static,True,long_rvos/a3f2b5d434/2/10,False,False,True,a3f2b5d434
static_update_k2,static,True,long_rvos/a3f2b5d434/2/6,True,False,False,a3f2b5d434
static_update_k4,static,True,long_rvos/a3f2b5d434/2/6,True,False,False,a3f2b5d434
static_update_k8,static,True,long_rvos/a3f2b5d434/2/6,False,False,True,a3f2b5d434
temporal_update_k2,static,True,long_rvos/a3f2b5d434/2/6,True,False,False,a3f2b5d434
temporal_update_k4,static,True,long_rvos/a3f2b5d434/2/6,True,False,False,a3f2b5d434
temporal_update_k8,static,True,long_rvos/a3f2b5d434/2/6,False,False,True,a3f2b5d434
static_update_k2,static,True,long_rvos/a3f2b5d434/2/8,True,False,False,a3f2b5d434
static_update_k4,static,True,long_rvos/a3f2b5d434/2/8,True,False,False,a3f2b5d434
static_update_k8,static,True,long_rvos/a3f2b5d434/2/8,True,False,False,a3f2b5d434
temporal_update_k2,static,True,long_rvos/a3f2b5d434/2/8,True,False,False,a3f2b5d434
temporal_update_k4,static,True,long_rvos/a3f2b5d434/2/8,True,False,False,a3f2b5d434
temporal_update_k8,static,True,long_rvos/a3f2b5d434/2/8,True,False,False,a3f2b5d434
static_update_k2,dynamic,False,long_rvos/c6bb21356b/1/1,True,True,False,c6bb21356b
static_update_k4,dynamic,False,long_rvos/c6bb21356b/1/1,True,True,False,c6bb21356b
static_update_k8,dynamic,False,long_rvos/c6bb21356b/1/1,False,False,True,c6bb21356b
temporal_update_k2,dynamic,False,long_rvos/c6bb21356b/1/1,True,True,False,c6bb21356b
temporal_update_k4,dynamic,False,long_rvos/c6bb21356b/1/1,True,True,False,c6bb21356b
temporal_update_k8,dynamic,False,long_rvos/c6bb21356b/1/1,False,False,True,c6bb21356b
static_update_k2,hybrid,False,long_rvos/c6bb21356b/1/6,True,True,False,c6bb21356b
static_update_k4,hybrid,False,long_rvos/c6bb21356b/1/6,True,True,False,c6bb21356b
static_update_k8,hybrid,False,long_rvos/c6bb21356b/1/6,False,False,True,c6bb21356b
temporal_update_k2,hybrid,False,long_rvos/c6bb21356b/1/6,True,True,False,c6bb21356b
temporal_update_k4,hybrid,False,long_rvos/c6bb21356b/1/6,True,True,False,c6bb21356b
temporal_update_k8,hybrid,False,long_rvos/c6bb21356b/1/6,False,False,True,c6bb21356b
static_update_k2,static,False,long_rvos/c6bb21356b/1/0,False,False,False,c6bb21356b
static_update_k4,static,False,long_rvos/c6bb21356b/1/0,False,False,False,c6bb21356b
static_update_k8,static,False,long_rvos/c6bb21356b/1/0,False,False,False,c6bb21356b
temporal_update_k2,static,False,long_rvos/c6bb21356b/1/0,False,False,False,c6bb21356b
temporal_update_k4,static,False,long_rvos/c6bb21356b/1/0,False,False,False,c6bb21356b
temporal_update_k8,static,False,long_rvos/c6bb21356b/1/0,False,False,False,c6bb21356b
static_update_k2,dynamic,True,long_rvos/6db18ab93a/1/1,True,False,False,6db18ab93a
static_update_k4,dynamic,True,long_rvos/6db18ab93a/1/1,True,True,False,6db18ab93a
static_update_k8,dynamic,True,long_rvos/6db18ab93a/1/1,False,False,True,6db18ab93a
temporal_update_k2,dynamic,True,long_rvos/6db18ab93a/1/1,True,False,False,6db18ab93a
temporal_update_k4,dynamic,True,long_rvos/6db18ab93a/1/1,True,True,False,6db18ab93a
temporal_update_k8,dynamic,True,long_rvos/6db18ab93a/1/1,False,False,True,6db18ab93a
static_update_k2,dynamic,True,long_rvos/6db18ab93a/1/3,False,False,True,6db18ab93a
static_update_k4,dynamic,True,long_rvos/6db18ab93a/1/3,True,True,False,6db18ab93a
static_update_k8,dynamic,True,long_rvos/6db18ab93a/1/3,False,False,True,6db18ab93a
temporal_update_k2,dynamic,True,long_rvos/6db18ab93a/1/3,False,False,True,6db18ab93a
temporal_update_k4,dynamic,True,long_rvos/6db18ab93a/1/3,True,True,False,6db18ab93a
temporal_update_k8,dynamic,True,long_rvos/6db18ab93a/1/3,False,False,True,6db18ab93a
static_update_k2,hybrid,True,long_rvos/6db18ab93a/1/8,True,False,False,6db18ab93a
static_update_k4,hybrid,True,long_rvos/6db18ab93a/1/8,True,True,False,6db18ab93a
static_update_k8,hybrid,True,long_rvos/6db18ab93a/1/8,False,False,True,6db18ab93a
temporal_update_k2,hybrid,True,long_rvos/6db18ab93a/1/8,True,False,False,6db18ab93a
temporal_update_k4,hybrid,True,long_rvos/6db18ab93a/1/8,True,True,False,6db18ab93a
temporal_update_k8,hybrid,True,long_rvos/6db18ab93a/1/8,False,False,True,6db18ab93a
static_update_k2,hybrid,True,long_rvos/6db18ab93a/1/9,False,False,True,6db18ab93a
static_update_k4,hybrid,True,long_rvos/6db18ab93a/1/9,True,True,False,6db18ab93a
static_update_k8,hybrid,True,long_rvos/6db18ab93a/1/9,False,False,True,6db18ab93a
temporal_update_k2,hybrid,True,long_rvos/6db18ab93a/1/9,False,False,True,6db18ab93a
temporal_update_k4,hybrid,True,long_rvos/6db18ab93a/1/9,True,True,False,6db18ab93a
temporal_update_k8,hybrid,True,long_rvos/6db18ab93a/1/9,False,False,True,6db18ab93a
static_update_k2,static,True,long_rvos/6db18ab93a/1/0,True,False,False,6db18ab93a
static_update_k4,static,True,long_rvos/6db18ab93a/1/0,True,True,False,6db18ab93a
static_update_k8,static,True,long_rvos/6db18ab93a/1/0,False,False,True,6db18ab93a
temporal_update_k2,static,True,long_rvos/6db18ab93a/1/0,True,False,False,6db18ab93a
temporal_update_k4,static,True,long_rvos/6db18ab93a/1/0,True,True,False,6db18ab93a
temporal_update_k8,static,True,long_rvos/6db18ab93a/1/0,False,False,True,6db18ab93a
static_update_k2,static,True,long_rvos/6db18ab93a/1/2,True,False,False,6db18ab93a
static_update_k4,static,True,long_rvos/6db18ab93a/1/2,True,True,False,6db18ab93a
static_update_k8,static,True,long_rvos/6db18ab93a/1/2,False,False,True,6db18ab93a
temporal_update_k2,static,True,long_rvos/6db18ab93a/1/2,True,False,False,6db18ab93a
temporal_update_k4,static,True,long_rvos/6db18ab93a/1/2,True,True,False,6db18ab93a
temporal_update_k8,static,True,long_rvos/6db18ab93a/1/2,False,False,True,6db18ab93a
static_update_k2,dynamic,True,long_rvos/bd4aefda10/2/5,True,False,False,bd4aefda10
static_update_k4,dynamic,True,long_rvos/bd4aefda10/2/5,True,False,False,bd4aefda10
static_update_k8,dynamic,True,long_rvos/bd4aefda10/2/5,True,False,False,bd4aefda10
temporal_update_k2,dynamic,True,long_rvos/bd4aefda10/2/5,True,False,False,bd4aefda10
temporal_update_k4,dynamic,True,long_rvos/bd4aefda10/2/5,True,False,False,bd4aefda10
temporal_update_k8,dynamic,True,long_rvos/bd4aefda10/2/5,True,False,False,bd4aefda10
static_update_k2,dynamic,True,long_rvos/bd4aefda10/2/7,True,False,False,bd4aefda10
static_update_k4,dynamic,True,long_rvos/bd4aefda10/2/7,True,False,False,bd4aefda10
static_update_k8,dynamic,True,long_rvos/bd4aefda10/2/7,True,False,False,bd4aefda10
temporal_update_k2,dynamic,True,long_rvos/bd4aefda10/2/7,True,False,False,bd4aefda10
temporal_update_k4,dynamic,True,long_rvos/bd4aefda10/2/7,True,False,False,bd4aefda10
temporal_update_k8,dynamic,True,long_rvos/bd4aefda10/2/7,True,False,False,bd4aefda10
static_update_k2,hybrid,False,long_rvos/bd4aefda10/2/9,False,False,False,bd4aefda10
static_update_k4,hybrid,False,long_rvos/bd4aefda10/2/9,False,False,False,bd4aefda10
static_update_k8,hybrid,False,long_rvos/bd4aefda10/2/9,False,False,False,bd4aefda10
temporal_update_k2,hybrid,False,long_rvos/bd4aefda10/2/9,False,False,False,bd4aefda10
temporal_update_k4,hybrid,False,long_rvos/bd4aefda10/2/9,False,False,False,bd4aefda10
temporal_update_k8,hybrid,False,long_rvos/bd4aefda10/2/9,False,False,False,bd4aefda10
static_update_k2,static,False,long_rvos/bd4aefda10/2/4,False,False,False,bd4aefda10
static_update_k4,static,False,long_rvos/bd4aefda10/2/4,False,False,False,bd4aefda10
static_update_k8,static,False,long_rvos/bd4aefda10/2/4,False,False,False,bd4aefda10
temporal_update_k2,static,False,long_rvos/bd4aefda10/2/4,False,False,False,bd4aefda10
temporal_update_k4,static,False,long_rvos/bd4aefda10/2/4,False,False,False,bd4aefda10
temporal_update_k8,static,False,long_rvos/bd4aefda10/2/4,False,False,False,bd4aefda10
static_update_k2,static,False,long_rvos/bd4aefda10/2/6,False,False,False,bd4aefda10
static_update_k4,static,False,long_rvos/bd4aefda10/2/6,False,False,False,bd4aefda10
static_update_k8,static,False,long_rvos/bd4aefda10/2/6,False,False,False,bd4aefda10
temporal_update_k2,static,False,long_rvos/bd4aefda10/2/6,False,False,False,bd4aefda10
temporal_update_k4,static,False,long_rvos/bd4aefda10/2/6,False,False,False,bd4aefda10
temporal_update_k8,static,False,long_rvos/bd4aefda10/2/6,False,False,False,bd4aefda10
static_update_k2,dynamic,False,long_rvos/af3ad95fe0/5/9,False,False,False,af3ad95fe0
static_update_k4,dynamic,False,long_rvos/af3ad95fe0/5/9,False,False,True,af3ad95fe0
static_update_k8,dynamic,False,long_rvos/af3ad95fe0/5/9,False,False,True,af3ad95fe0
temporal_update_k2,dynamic,False,long_rvos/af3ad95fe0/5/9,False,False,False,af3ad95fe0
temporal_update_k4,dynamic,False,long_rvos/af3ad95fe0/5/9,False,False,True,af3ad95fe0
temporal_update_k8,dynamic,False,long_rvos/af3ad95fe0/5/9,False,False,True,af3ad95fe0
static_update_k2,hybrid,False,long_rvos/af3ad95fe0/5/16,False,False,False,af3ad95fe0
static_update_k4,hybrid,False,long_rvos/af3ad95fe0/5/16,False,False,False,af3ad95fe0
static_update_k8,hybrid,False,long_rvos/af3ad95fe0/5/16,False,False,False,af3ad95fe0
temporal_update_k2,hybrid,False,long_rvos/af3ad95fe0/5/16,False,False,False,af3ad95fe0
temporal_update_k4,hybrid,False,long_rvos/af3ad95fe0/5/16,False,False,False,af3ad95fe0
temporal_update_k8,hybrid,False,long_rvos/af3ad95fe0/5/16,False,False,False,af3ad95fe0
static_update_k2,static,False,long_rvos/af3ad95fe0/5/8,False,False,False,af3ad95fe0
static_update_k4,static,False,long_rvos/af3ad95fe0/5/8,False,False,True,af3ad95fe0
static_update_k8,static,False,long_rvos/af3ad95fe0/5/8,False,False,True,af3ad95fe0
temporal_update_k2,static,False,long_rvos/af3ad95fe0/5/8,False,False,False,af3ad95fe0
temporal_update_k4,static,False,long_rvos/af3ad95fe0/5/8,False,False,True,af3ad95fe0
temporal_update_k8,static,False,long_rvos/af3ad95fe0/5/8,False,False,True,af3ad95fe0
static_update_k2,dynamic,False,long_rvos/8847e5550e/2/3,False,False,False,8847e5550e
static_update_k4,dynamic,False,long_rvos/8847e5550e/2/3,True,True,False,8847e5550e
static_update_k8,dynamic,False,long_rvos/8847e5550e/2/3,True,True,False,8847e5550e
temporal_update_k2,dynamic,False,long_rvos/8847e5550e/2/3,True,True,False,8847e5550e
temporal_update_k4,dynamic,False,long_rvos/8847e5550e/2/3,True,True,False,8847e5550e
temporal_update_k8,dynamic,False,long_rvos/8847e5550e/2/3,True,True,False,8847e5550e
static_update_k2,hybrid,False,long_rvos/8847e5550e/2/5,False,False,False,8847e5550e
static_update_k4,hybrid,False,long_rvos/8847e5550e/2/5,False,False,False,8847e5550e
static_update_k8,hybrid,False,long_rvos/8847e5550e/2/5,True,True,False,8847e5550e
temporal_update_k2,hybrid,False,long_rvos/8847e5550e/2/5,False,False,False,8847e5550e
temporal_update_k4,hybrid,False,long_rvos/8847e5550e/2/5,False,False,False,8847e5550e
temporal_update_k8,hybrid,False,long_rvos/8847e5550e/2/5,True,True,False,8847e5550e
static_update_k2,static,False,long_rvos/8847e5550e/2/2,True,True,False,8847e5550e
static_update_k4,static,False,long_rvos/8847e5550e/2/2,True,True,False,8847e5550e
static_update_k8,static,False,long_rvos/8847e5550e/2/2,True,True,False,8847e5550e
temporal_update_k2,static,False,long_rvos/8847e5550e/2/2,True,True,False,8847e5550e
temporal_update_k4,static,False,long_rvos/8847e5550e/2/2,True,True,False,8847e5550e
temporal_update_k8,static,False,long_rvos/8847e5550e/2/2,True,True,False,8847e5550e
static_update_k2,dynamic,True,long_rvos/5d262b025c/1/1,True,False,False,5d262b025c
static_update_k4,dynamic,True,long_rvos/5d262b025c/1/1,True,False,False,5d262b025c
static_update_k8,dynamic,True,long_rvos/5d262b025c/1/1,True,True,False,5d262b025c
temporal_update_k2,dynamic,True,long_rvos/5d262b025c/1/1,True,False,False,5d262b025c
temporal_update_k4,dynamic,True,long_rvos/5d262b025c/1/1,True,False,False,5d262b025c
temporal_update_k8,dynamic,True,long_rvos/5d262b025c/1/1,True,True,False,5d262b025c
static_update_k2,hybrid,False,long_rvos/5d262b025c/1/20,False,False,False,5d262b025c
static_update_k4,hybrid,False,long_rvos/5d262b025c/1/20,False,False,False,5d262b025c
static_update_k8,hybrid,False,long_rvos/5d262b025c/1/20,False,False,False,5d262b025c
temporal_update_k2,hybrid,False,long_rvos/5d262b025c/1/20,False,False,False,5d262b025c
temporal_update_k4,hybrid,False,long_rvos/5d262b025c/1/20,False,False,False,5d262b025c
temporal_update_k8,hybrid,False,long_rvos/5d262b025c/1/20,False,False,False,5d262b025c
static_update_k2,static,True,long_rvos/5d262b025c/1/0,True,False,False,5d262b025c
static_update_k4,static,True,long_rvos/5d262b025c/1/0,True,False,False,5d262b025c
static_update_k8,static,True,long_rvos/5d262b025c/1/0,True,True,False,5d262b025c
temporal_update_k2,static,True,long_rvos/5d262b025c/1/0,True,False,False,5d262b025c
temporal_update_k4,static,True,long_rvos/5d262b025c/1/0,True,False,False,5d262b025c
temporal_update_k8,static,True,long_rvos/5d262b025c/1/0,True,True,False,5d262b025c
static_update_k2,dynamic,False,long_rvos/41c5109249/1/1,True,True,False,41c5109249
static_update_k4,dynamic,False,long_rvos/41c5109249/1/1,True,True,False,41c5109249
static_update_k8,dynamic,False,long_rvos/41c5109249/1/1,True,True,False,41c5109249
temporal_update_k2,dynamic,False,long_rvos/41c5109249/1/1,True,True,False,41c5109249
temporal_update_k4,dynamic,False,long_rvos/41c5109249/1/1,True,True,False,41c5109249
temporal_update_k8,dynamic,False,long_rvos/41c5109249/1/1,True,True,False,41c5109249
static_update_k2,hybrid,False,long_rvos/41c5109249/1/7,True,True,False,41c5109249
static_update_k4,hybrid,False,long_rvos/41c5109249/1/7,True,True,False,41c5109249
static_update_k8,hybrid,False,long_rvos/41c5109249/1/7,True,True,False,41c5109249
temporal_update_k2,hybrid,False,long_rvos/41c5109249/1/7,True,True,False,41c5109249
temporal_update_k4,hybrid,False,long_rvos/41c5109249/1/7,True,True,False,41c5109249
temporal_update_k8,hybrid,False,long_rvos/41c5109249/1/7,True,True,False,41c5109249
static_update_k2,static,False,long_rvos/41c5109249/1/0,True,True,False,41c5109249
static_update_k4,static,False,long_rvos/41c5109249/1/0,True,True,False,41c5109249
static_update_k8,static,False,long_rvos/41c5109249/1/0,True,True,False,41c5109249
temporal_update_k2,static,False,long_rvos/41c5109249/1/0,True,True,False,41c5109249
temporal_update_k4,static,False,long_rvos/41c5109249/1/0,True,True,False,41c5109249
temporal_update_k8,static,False,long_rvos/41c5109249/1/0,True,True,False,41c5109249
static_update_k2,dynamic,True,long_rvos/6d76f5cbc2/1/1,True,False,False,6d76f5cbc2
static_update_k4,dynamic,True,long_rvos/6d76f5cbc2/1/1,True,True,False,6d76f5cbc2
static_update_k8,dynamic,True,long_rvos/6d76f5cbc2/1/1,True,True,False,6d76f5cbc2
temporal_update_k2,dynamic,True,long_rvos/6d76f5cbc2/1/1,True,False,False,6d76f5cbc2
temporal_update_k4,dynamic,True,long_rvos/6d76f5cbc2/1/1,True,True,False,6d76f5cbc2
temporal_update_k8,dynamic,True,long_rvos/6d76f5cbc2/1/1,True,True,False,6d76f5cbc2
static_update_k2,dynamic,True,long_rvos/6d76f5cbc2/1/3,True,False,False,6d76f5cbc2
static_update_k4,dynamic,True,long_rvos/6d76f5cbc2/1/3,True,True,False,6d76f5cbc2
static_update_k8,dynamic,True,long_rvos/6d76f5cbc2/1/3,True,True,False,6d76f5cbc2
temporal_update_k2,dynamic,True,long_rvos/6d76f5cbc2/1/3,True,False,False,6d76f5cbc2
temporal_update_k4,dynamic,True,long_rvos/6d76f5cbc2/1/3,True,True,False,6d76f5cbc2
temporal_update_k8,dynamic,True,long_rvos/6d76f5cbc2/1/3,True,True,False,6d76f5cbc2
static_update_k2,hybrid,True,long_rvos/6d76f5cbc2/1/8,True,False,False,6d76f5cbc2
static_update_k4,hybrid,True,long_rvos/6d76f5cbc2/1/8,True,True,False,6d76f5cbc2
static_update_k8,hybrid,True,long_rvos/6d76f5cbc2/1/8,True,True,False,6d76f5cbc2
temporal_update_k2,hybrid,True,long_rvos/6d76f5cbc2/1/8,True,False,False,6d76f5cbc2
temporal_update_k4,hybrid,True,long_rvos/6d76f5cbc2/1/8,True,True,False,6d76f5cbc2
temporal_update_k8,hybrid,True,long_rvos/6d76f5cbc2/1/8,True,True,False,6d76f5cbc2
static_update_k2,hybrid,True,long_rvos/6d76f5cbc2/1/9,True,False,False,6d76f5cbc2
static_update_k4,hybrid,True,long_rvos/6d76f5cbc2/1/9,True,True,False,6d76f5cbc2
static_update_k8,hybrid,True,long_rvos/6d76f5cbc2/1/9,True,True,False,6d76f5cbc2
temporal_update_k2,hybrid,True,long_rvos/6d76f5cbc2/1/9,True,False,False,6d76f5cbc2
temporal_update_k4,hybrid,True,long_rvos/6d76f5cbc2/1/9,True,True,False,6d76f5cbc2
temporal_update_k8,hybrid,True,long_rvos/6d76f5cbc2/1/9,True,True,False,6d76f5cbc2
static_update_k2,static,True,long_rvos/6d76f5cbc2/1/0,True,False,False,6d76f5cbc2
static_update_k4,static,True,long_rvos/6d76f5cbc2/1/0,True,True,False,6d76f5cbc2
static_update_k8,static,True,long_rvos/6d76f5cbc2/1/0,True,True,False,6d76f5cbc2
temporal_update_k2,static,True,long_rvos/6d76f5cbc2/1/0,True,False,False,6d76f5cbc2
temporal_update_k4,static,True,long_rvos/6d76f5cbc2/1/0,True,True,False,6d76f5cbc2
temporal_update_k8,static,True,long_rvos/6d76f5cbc2/1/0,True,True,False,6d76f5cbc2
static_update_k2,static,True,long_rvos/6d76f5cbc2/1/2,True,False,False,6d76f5cbc2
static_update_k4,static,True,long_rvos/6d76f5cbc2/1/2,True,True,False,6d76f5cbc2
static_update_k8,static,True,long_rvos/6d76f5cbc2/1/2,True,True,False,6d76f5cbc2
temporal_update_k2,static,True,long_rvos/6d76f5cbc2/1/2,True,False,False,6d76f5cbc2
temporal_update_k4,static,True,long_rvos/6d76f5cbc2/1/2,True,True,False,6d76f5cbc2
temporal_update_k8,static,True,long_rvos/6d76f5cbc2/1/2,True,True,False,6d76f5cbc2
static_update_k2,dynamic,True,long_rvos/22680d3b50/4/4,True,False,False,22680d3b50
static_update_k4,dynamic,True,long_rvos/22680d3b50/4/4,True,False,False,22680d3b50
static_update_k8,dynamic,True,long_rvos/22680d3b50/4/4,False,False,True,22680d3b50
temporal_update_k2,dynamic,True,long_rvos/22680d3b50/4/4,True,False,False,22680d3b50
temporal_update_k4,dynamic,True,long_rvos/22680d3b50/4/4,True,False,False,22680d3b50
temporal_update_k8,dynamic,True,long_rvos/22680d3b50/4/4,False,False,True,22680d3b50
static_update_k2,dynamic,True,long_rvos/22680d3b50/4/6,True,False,False,22680d3b50
static_update_k4,dynamic,True,long_rvos/22680d3b50/4/6,True,False,False,22680d3b50
static_update_k8,dynamic,True,long_rvos/22680d3b50/4/6,False,False,True,22680d3b50
temporal_update_k2,dynamic,True,long_rvos/22680d3b50/4/6,True,False,False,22680d3b50
temporal_update_k4,dynamic,True,long_rvos/22680d3b50/4/6,True,False,False,22680d3b50
temporal_update_k8,dynamic,True,long_rvos/22680d3b50/4/6,False,False,True,22680d3b50
static_update_k2,hybrid,True,long_rvos/22680d3b50/4/8,False,False,True,22680d3b50
static_update_k4,hybrid,True,long_rvos/22680d3b50/4/8,True,True,False,22680d3b50
static_update_k8,hybrid,True,long_rvos/22680d3b50/4/8,False,False,True,22680d3b50
temporal_update_k2,hybrid,True,long_rvos/22680d3b50/4/8,False,False,True,22680d3b50
temporal_update_k4,hybrid,True,long_rvos/22680d3b50/4/8,True,True,False,22680d3b50
temporal_update_k8,hybrid,True,long_rvos/22680d3b50/4/8,False,False,True,22680d3b50
static_update_k2,hybrid,True,long_rvos/22680d3b50/4/9,False,False,True,22680d3b50
static_update_k4,hybrid,True,long_rvos/22680d3b50/4/9,True,True,False,22680d3b50
static_update_k8,hybrid,True,long_rvos/22680d3b50/4/9,False,False,True,22680d3b50
temporal_update_k2,hybrid,True,long_rvos/22680d3b50/4/9,False,False,True,22680d3b50
temporal_update_k4,hybrid,True,long_rvos/22680d3b50/4/9,True,True,False,22680d3b50
temporal_update_k8,hybrid,True,long_rvos/22680d3b50/4/9,False,False,True,22680d3b50
static_update_k2,static,True,long_rvos/22680d3b50/4/3,False,False,True,22680d3b50
static_update_k4,static,True,long_rvos/22680d3b50/4/3,True,True,False,22680d3b50
static_update_k8,static,True,long_rvos/22680d3b50/4/3,False,False,True,22680d3b50
temporal_update_k2,static,True,long_rvos/22680d3b50/4/3,False,False,True,22680d3b50
temporal_update_k4,static,True,long_rvos/22680d3b50/4/3,True,True,False,22680d3b50
temporal_update_k8,static,True,long_rvos/22680d3b50/4/3,False,False,True,22680d3b50
static_update_k2,static,True,long_rvos/22680d3b50/4/5,False,False,True,22680d3b50
static_update_k4,static,True,long_rvos/22680d3b50/4/5,True,True,False,22680d3b50
static_update_k8,static,True,long_rvos/22680d3b50/4/5,False,False,True,22680d3b50
temporal_update_k2,static,True,long_rvos/22680d3b50/4/5,False,False,True,22680d3b50
temporal_update_k4,static,True,long_rvos/22680d3b50/4/5,True,True,False,22680d3b50
temporal_update_k8,static,True,long_rvos/22680d3b50/4/5,False,False,True,22680d3b50
static_update_k2,dynamic,False,long_rvos/b4a5ada352/1/1,True,True,False,b4a5ada352
static_update_k4,dynamic,False,long_rvos/b4a5ada352/1/1,False,False,True,b4a5ada352
static_update_k8,dynamic,False,long_rvos/b4a5ada352/1/1,False,False,True,b4a5ada352
temporal_update_k2,dynamic,False,long_rvos/b4a5ada352/1/1,True,True,False,b4a5ada352
temporal_update_k4,dynamic,False,long_rvos/b4a5ada352/1/1,False,False,True,b4a5ada352
temporal_update_k8,dynamic,False,long_rvos/b4a5ada352/1/1,False,False,True,b4a5ada352
static_update_k2,dynamic,False,long_rvos/b4a5ada352/1/3,True,True,False,b4a5ada352
static_update_k4,dynamic,False,long_rvos/b4a5ada352/1/3,False,False,True,b4a5ada352
static_update_k8,dynamic,False,long_rvos/b4a5ada352/1/3,False,False,True,b4a5ada352
temporal_update_k2,dynamic,False,long_rvos/b4a5ada352/1/3,False,False,False,b4a5ada352
temporal_update_k4,dynamic,False,long_rvos/b4a5ada352/1/3,False,False,False,b4a5ada352
temporal_update_k8,dynamic,False,long_rvos/b4a5ada352/1/3,False,False,True,b4a5ada352
static_update_k2,hybrid,False,long_rvos/b4a5ada352/1/9,True,True,False,b4a5ada352
static_update_k4,hybrid,False,long_rvos/b4a5ada352/1/9,False,False,True,b4a5ada352
static_update_k8,hybrid,False,long_rvos/b4a5ada352/1/9,False,False,True,b4a5ada352
temporal_update_k2,hybrid,False,long_rvos/b4a5ada352/1/9,True,True,False,b4a5ada352
temporal_update_k4,hybrid,False,long_rvos/b4a5ada352/1/9,False,False,True,b4a5ada352
temporal_update_k8,hybrid,False,long_rvos/b4a5ada352/1/9,False,False,True,b4a5ada352
static_update_k2,static,False,long_rvos/b4a5ada352/1/0,True,True,False,b4a5ada352
static_update_k4,static,False,long_rvos/b4a5ada352/1/0,False,False,True,b4a5ada352
static_update_k8,static,False,long_rvos/b4a5ada352/1/0,False,False,True,b4a5ada352
temporal_update_k2,static,False,long_rvos/b4a5ada352/1/0,True,True,False,b4a5ada352
temporal_update_k4,static,False,long_rvos/b4a5ada352/1/0,False,False,True,b4a5ada352
temporal_update_k8,static,False,long_rvos/b4a5ada352/1/0,False,False,True,b4a5ada352
static_update_k2,static,False,long_rvos/b4a5ada352/1/2,True,True,False,b4a5ada352
static_update_k4,static,False,long_rvos/b4a5ada352/1/2,False,False,True,b4a5ada352
static_update_k8,static,False,long_rvos/b4a5ada352/1/2,False,False,True,b4a5ada352
temporal_update_k2,static,False,long_rvos/b4a5ada352/1/2,True,True,False,b4a5ada352
temporal_update_k4,static,False,long_rvos/b4a5ada352/1/2,False,False,True,b4a5ada352
temporal_update_k8,static,False,long_rvos/b4a5ada352/1/2,False,False,True,b4a5ada352
static_update_k2,dynamic,True,long_rvos/5d2c735adb/1/1,True,False,False,5d2c735adb
static_update_k4,dynamic,True,long_rvos/5d2c735adb/1/1,False,False,True,5d2c735adb
static_update_k8,dynamic,True,long_rvos/5d2c735adb/1/1,False,False,True,5d2c735adb
temporal_update_k2,dynamic,True,long_rvos/5d2c735adb/1/1,True,False,False,5d2c735adb
temporal_update_k4,dynamic,True,long_rvos/5d2c735adb/1/1,False,False,True,5d2c735adb
temporal_update_k8,dynamic,True,long_rvos/5d2c735adb/1/1,False,False,True,5d2c735adb
static_update_k2,hybrid,True,long_rvos/5d2c735adb/1/8,True,False,False,5d2c735adb
static_update_k4,hybrid,True,long_rvos/5d2c735adb/1/8,False,False,True,5d2c735adb
static_update_k8,hybrid,True,long_rvos/5d2c735adb/1/8,False,False,True,5d2c735adb
temporal_update_k2,hybrid,True,long_rvos/5d2c735adb/1/8,True,False,False,5d2c735adb
temporal_update_k4,hybrid,True,long_rvos/5d2c735adb/1/8,False,False,True,5d2c735adb
temporal_update_k8,hybrid,True,long_rvos/5d2c735adb/1/8,False,False,True,5d2c735adb
static_update_k2,static,True,long_rvos/5d2c735adb/1/0,True,False,False,5d2c735adb
static_update_k4,static,True,long_rvos/5d2c735adb/1/0,False,False,True,5d2c735adb
static_update_k8,static,True,long_rvos/5d2c735adb/1/0,False,False,True,5d2c735adb
temporal_update_k2,static,True,long_rvos/5d2c735adb/1/0,True,False,False,5d2c735adb
temporal_update_k4,static,True,long_rvos/5d2c735adb/1/0,False,False,True,5d2c735adb
temporal_update_k8,static,True,long_rvos/5d2c735adb/1/0,False,False,True,5d2c735adb
static_update_k2,dynamic,True,long_rvos/6bf32cc0d5/2/6,False,False,True,6bf32cc0d5
static_update_k4,dynamic,True,long_rvos/6bf32cc0d5/2/6,True,True,False,6bf32cc0d5
static_update_k8,dynamic,True,long_rvos/6bf32cc0d5/2/6,False,False,True,6bf32cc0d5
temporal_update_k2,dynamic,True,long_rvos/6bf32cc0d5/2/6,False,False,True,6bf32cc0d5
temporal_update_k4,dynamic,True,long_rvos/6bf32cc0d5/2/6,True,True,False,6bf32cc0d5
temporal_update_k8,dynamic,True,long_rvos/6bf32cc0d5/2/6,False,False,True,6bf32cc0d5
static_update_k2,hybrid,True,long_rvos/6bf32cc0d5/2/12,False,False,True,6bf32cc0d5
static_update_k4,hybrid,True,long_rvos/6bf32cc0d5/2/12,True,True,False,6bf32cc0d5
static_update_k8,hybrid,True,long_rvos/6bf32cc0d5/2/12,False,False,True,6bf32cc0d5
temporal_update_k2,hybrid,True,long_rvos/6bf32cc0d5/2/12,False,False,True,6bf32cc0d5
temporal_update_k4,hybrid,True,long_rvos/6bf32cc0d5/2/12,True,True,False,6bf32cc0d5
temporal_update_k8,hybrid,True,long_rvos/6bf32cc0d5/2/12,False,False,True,6bf32cc0d5
static_update_k2,static,True,long_rvos/6bf32cc0d5/2/4,False,False,True,6bf32cc0d5
static_update_k4,static,True,long_rvos/6bf32cc0d5/2/4,True,True,False,6bf32cc0d5
static_update_k8,static,True,long_rvos/6bf32cc0d5/2/4,False,False,True,6bf32cc0d5
temporal_update_k2,static,True,long_rvos/6bf32cc0d5/2/4,False,False,True,6bf32cc0d5
temporal_update_k4,static,True,long_rvos/6bf32cc0d5/2/4,True,True,False,6bf32cc0d5
temporal_update_k8,static,True,long_rvos/6bf32cc0d5/2/4,False,False,True,6bf32cc0d5
static_update_k2,static,True,long_rvos/6bf32cc0d5/2/5,False,False,True,6bf32cc0d5
static_update_k4,static,True,long_rvos/6bf32cc0d5/2/5,True,True,False,6bf32cc0d5
static_update_k8,static,True,long_rvos/6bf32cc0d5/2/5,False,False,True,6bf32cc0d5
temporal_update_k2,static,True,long_rvos/6bf32cc0d5/2/5,False,False,True,6bf32cc0d5
temporal_update_k4,static,True,long_rvos/6bf32cc0d5/2/5,True,True,False,6bf32cc0d5
temporal_update_k8,static,True,long_rvos/6bf32cc0d5/2/5,False,False,True,6bf32cc0d5
static_update_k2,dynamic,True,long_rvos/31a352c169/1/1,True,False,False,31a352c169
static_update_k4,dynamic,True,long_rvos/31a352c169/1/1,True,False,False,31a352c169
static_update_k8,dynamic,True,long_rvos/31a352c169/1/1,False,False,True,31a352c169
temporal_update_k2,dynamic,True,long_rvos/31a352c169/1/1,True,False,False,31a352c169
temporal_update_k4,dynamic,True,long_rvos/31a352c169/1/1,True,False,False,31a352c169
temporal_update_k8,dynamic,True,long_rvos/31a352c169/1/1,False,False,True,31a352c169
static_update_k2,dynamic,True,long_rvos/31a352c169/1/3,True,False,False,31a352c169
static_update_k4,dynamic,True,long_rvos/31a352c169/1/3,True,False,False,31a352c169
static_update_k8,dynamic,True,long_rvos/31a352c169/1/3,False,False,True,31a352c169
temporal_update_k2,dynamic,True,long_rvos/31a352c169/1/3,True,False,False,31a352c169
temporal_update_k4,dynamic,True,long_rvos/31a352c169/1/3,True,False,False,31a352c169
temporal_update_k8,dynamic,True,long_rvos/31a352c169/1/3,False,False,True,31a352c169
static_update_k2,hybrid,False,long_rvos/31a352c169/1/10,False,False,False,31a352c169
static_update_k4,hybrid,False,long_rvos/31a352c169/1/10,False,False,False,31a352c169
static_update_k8,hybrid,False,long_rvos/31a352c169/1/10,False,False,False,31a352c169
temporal_update_k2,hybrid,False,long_rvos/31a352c169/1/10,False,False,False,31a352c169
temporal_update_k4,hybrid,False,long_rvos/31a352c169/1/10,False,False,False,31a352c169
temporal_update_k8,hybrid,False,long_rvos/31a352c169/1/10,False,False,False,31a352c169
static_update_k2,static,False,long_rvos/31a352c169/1/0,False,False,False,31a352c169
static_update_k4,static,False,long_rvos/31a352c169/1/0,False,False,False,31a352c169
static_update_k8,static,False,long_rvos/31a352c169/1/0,False,False,False,31a352c169
temporal_update_k2,static,False,long_rvos/31a352c169/1/0,False,False,False,31a352c169
temporal_update_k4,static,False,long_rvos/31a352c169/1/0,False,False,False,31a352c169
temporal_update_k8,static,False,long_rvos/31a352c169/1/0,False,False,False,31a352c169
static_update_k2,static,False,long_rvos/31a352c169/1/2,False,False,False,31a352c169
static_update_k4,static,False,long_rvos/31a352c169/1/2,False,False,False,31a352c169
static_update_k8,static,False,long_rvos/31a352c169/1/2,False,False,False,31a352c169
temporal_update_k2,static,False,long_rvos/31a352c169/1/2,False,False,False,31a352c169
temporal_update_k4,static,False,long_rvos/31a352c169/1/2,False,False,False,31a352c169
temporal_update_k8,static,False,long_rvos/31a352c169/1/2,False,False,False,31a352c169
static_update_k2,dynamic,True,long_rvos/882e8c62d3/2/3,True,False,False,882e8c62d3
static_update_k4,dynamic,True,long_rvos/882e8c62d3/2/3,False,False,True,882e8c62d3
static_update_k8,dynamic,True,long_rvos/882e8c62d3/2/3,True,True,False,882e8c62d3
temporal_update_k2,dynamic,True,long_rvos/882e8c62d3/2/3,False,False,True,882e8c62d3
temporal_update_k4,dynamic,True,long_rvos/882e8c62d3/2/3,False,False,True,882e8c62d3
temporal_update_k8,dynamic,True,long_rvos/882e8c62d3/2/3,True,True,False,882e8c62d3
static_update_k2,hybrid,True,long_rvos/882e8c62d3/2/7,True,False,False,882e8c62d3
static_update_k4,hybrid,True,long_rvos/882e8c62d3/2/7,False,False,True,882e8c62d3
static_update_k8,hybrid,True,long_rvos/882e8c62d3/2/7,True,True,False,882e8c62d3
temporal_update_k2,hybrid,True,long_rvos/882e8c62d3/2/7,True,False,False,882e8c62d3
temporal_update_k4,hybrid,True,long_rvos/882e8c62d3/2/7,False,False,True,882e8c62d3
temporal_update_k8,hybrid,True,long_rvos/882e8c62d3/2/7,True,True,False,882e8c62d3
static_update_k2,static,True,long_rvos/882e8c62d3/2/2,True,False,False,882e8c62d3
static_update_k4,static,True,long_rvos/882e8c62d3/2/2,False,False,True,882e8c62d3
static_update_k8,static,True,long_rvos/882e8c62d3/2/2,True,True,False,882e8c62d3
temporal_update_k2,static,True,long_rvos/882e8c62d3/2/2,True,False,False,882e8c62d3
temporal_update_k4,static,True,long_rvos/882e8c62d3/2/2,False,False,True,882e8c62d3
temporal_update_k8,static,True,long_rvos/882e8c62d3/2/2,True,True,False,882e8c62d3
static_update_k2,dynamic,False,long_rvos/2cfdc294c5/1/1,True,True,False,2cfdc294c5
static_update_k4,dynamic,False,long_rvos/2cfdc294c5/1/1,True,True,False,2cfdc294c5
static_update_k8,dynamic,False,long_rvos/2cfdc294c5/1/1,False,False,True,2cfdc294c5
temporal_update_k2,dynamic,False,long_rvos/2cfdc294c5/1/1,True,True,False,2cfdc294c5
temporal_update_k4,dynamic,False,long_rvos/2cfdc294c5/1/1,True,True,False,2cfdc294c5
temporal_update_k8,dynamic,False,long_rvos/2cfdc294c5/1/1,False,False,True,2cfdc294c5
static_update_k2,dynamic,False,long_rvos/2cfdc294c5/1/3,True,True,False,2cfdc294c5
static_update_k4,dynamic,False,long_rvos/2cfdc294c5/1/3,True,True,False,2cfdc294c5
static_update_k8,dynamic,False,long_rvos/2cfdc294c5/1/3,False,False,True,2cfdc294c5
temporal_update_k2,dynamic,False,long_rvos/2cfdc294c5/1/3,True,True,False,2cfdc294c5
temporal_update_k4,dynamic,False,long_rvos/2cfdc294c5/1/3,True,True,False,2cfdc294c5
temporal_update_k8,dynamic,False,long_rvos/2cfdc294c5/1/3,False,False,True,2cfdc294c5
static_update_k2,dynamic,False,long_rvos/2cfdc294c5/1/8,True,True,False,2cfdc294c5
static_update_k4,dynamic,False,long_rvos/2cfdc294c5/1/8,True,True,False,2cfdc294c5
static_update_k8,dynamic,False,long_rvos/2cfdc294c5/1/8,False,False,True,2cfdc294c5
temporal_update_k2,dynamic,False,long_rvos/2cfdc294c5/1/8,True,True,False,2cfdc294c5
temporal_update_k4,dynamic,False,long_rvos/2cfdc294c5/1/8,True,True,False,2cfdc294c5
temporal_update_k8,dynamic,False,long_rvos/2cfdc294c5/1/8,False,False,True,2cfdc294c5
static_update_k2,static,False,long_rvos/2cfdc294c5/1/0,True,True,False,2cfdc294c5
static_update_k4,static,False,long_rvos/2cfdc294c5/1/0,True,True,False,2cfdc294c5
static_update_k8,static,False,long_rvos/2cfdc294c5/1/0,False,False,True,2cfdc294c5
temporal_update_k2,static,False,long_rvos/2cfdc294c5/1/0,True,True,False,2cfdc294c5
temporal_update_k4,static,False,long_rvos/2cfdc294c5/1/0,True,True,False,2cfdc294c5
temporal_update_k8,static,False,long_rvos/2cfdc294c5/1/0,False,False,True,2cfdc294c5
static_update_k2,static,False,long_rvos/2cfdc294c5/1/2,True,True,False,2cfdc294c5
static_update_k4,static,False,long_rvos/2cfdc294c5/1/2,True,True,False,2cfdc294c5
static_update_k8,static,False,long_rvos/2cfdc294c5/1/2,False,False,True,2cfdc294c5
temporal_update_k2,static,False,long_rvos/2cfdc294c5/1/2,True,True,False,2cfdc294c5
temporal_update_k4,static,False,long_rvos/2cfdc294c5/1/2,True,True,False,2cfdc294c5
temporal_update_k8,static,False,long_rvos/2cfdc294c5/1/2,False,False,True,2cfdc294c5
single_global,hybrid,False,long_rvos/a3f2b5d434/2/16,False,False,False,a3f2b5d434
single_global,hybrid,True,long_rvos/a3f2b5d434/2/17,True,False,False,a3f2b5d434
single_global,static,True,long_rvos/a3f2b5d434/2/10,True,False,False,a3f2b5d434
single_global,static,True,long_rvos/a3f2b5d434/2/6,True,False,False,a3f2b5d434
single_global,static,True,long_rvos/a3f2b5d434/2/8,True,False,False,a3f2b5d434
single_global,dynamic,False,long_rvos/c6bb21356b/1/1,False,False,False,c6bb21356b
single_global,hybrid,False,long_rvos/c6bb21356b/1/6,False,False,False,c6bb21356b
single_global,static,False,long_rvos/c6bb21356b/1/0,False,False,False,c6bb21356b
single_global,dynamic,True,long_rvos/6db18ab93a/1/1,True,False,False,6db18ab93a
single_global,dynamic,True,long_rvos/6db18ab93a/1/3,True,False,False,6db18ab93a
single_global,hybrid,True,long_rvos/6db18ab93a/1/8,True,False,False,6db18ab93a
single_global,hybrid,True,long_rvos/6db18ab93a/1/9,True,False,False,6db18ab93a
single_global,static,True,long_rvos/6db18ab93a/1/0,True,False,False,6db18ab93a
single_global,static,True,long_rvos/6db18ab93a/1/2,True,False,False,6db18ab93a
single_global,dynamic,True,long_rvos/bd4aefda10/2/5,True,False,False,bd4aefda10
single_global,dynamic,True,long_rvos/bd4aefda10/2/7,True,False,False,bd4aefda10
single_global,hybrid,False,long_rvos/bd4aefda10/2/9,False,False,False,bd4aefda10
single_global,static,False,long_rvos/bd4aefda10/2/4,False,False,False,bd4aefda10
single_global,static,False,long_rvos/bd4aefda10/2/6,False,False,False,bd4aefda10
single_global,dynamic,False,long_rvos/af3ad95fe0/5/9,False,False,False,af3ad95fe0
single_global,hybrid,False,long_rvos/af3ad95fe0/5/16,False,False,False,af3ad95fe0
single_global,static,False,long_rvos/af3ad95fe0/5/8,False,False,False,af3ad95fe0
single_global,dynamic,False,long_rvos/8847e5550e/2/3,False,False,False,8847e5550e
single_global,hybrid,False,long_rvos/8847e5550e/2/5,False,False,False,8847e5550e
single_global,static,False,long_rvos/8847e5550e/2/2,False,False,False,8847e5550e
single_global,dynamic,True,long_rvos/5d262b025c/1/1,True,False,False,5d262b025c
single_global,hybrid,False,long_rvos/5d262b025c/1/20,False,False,False,5d262b025c
single_global,static,True,long_rvos/5d262b025c/1/0,True,False,False,5d262b025c
single_global,dynamic,False,long_rvos/41c5109249/1/1,False,False,False,41c5109249
single_global,hybrid,False,long_rvos/41c5109249/1/7,False,False,False,41c5109249
single_global,static,False,long_rvos/41c5109249/1/0,False,False,False,41c5109249
single_global,dynamic,True,long_rvos/6d76f5cbc2/1/1,True,False,False,6d76f5cbc2
single_global,dynamic,True,long_rvos/6d76f5cbc2/1/3,True,False,False,6d76f5cbc2
single_global,hybrid,True,long_rvos/6d76f5cbc2/1/8,True,False,False,6d76f5cbc2
single_global,hybrid,True,long_rvos/6d76f5cbc2/1/9,True,False,False,6d76f5cbc2
single_global,static,True,long_rvos/6d76f5cbc2/1/0,True,False,False,6d76f5cbc2
single_global,static,True,long_rvos/6d76f5cbc2/1/2,True,False,False,6d76f5cbc2
single_global,dynamic,True,long_rvos/22680d3b50/4/4,True,False,False,22680d3b50
single_global,dynamic,True,long_rvos/22680d3b50/4/6,True,False,False,22680d3b50
single_global,hybrid,True,long_rvos/22680d3b50/4/8,True,False,False,22680d3b50
single_global,hybrid,True,long_rvos/22680d3b50/4/9,True,False,False,22680d3b50
single_global,static,True,long_rvos/22680d3b50/4/3,True,False,False,22680d3b50
single_global,static,True,long_rvos/22680d3b50/4/5,True,False,False,22680d3b50
single_global,dynamic,False,long_rvos/b4a5ada352/1/1,False,False,False,b4a5ada352
single_global,dynamic,False,long_rvos/b4a5ada352/1/3,False,False,False,b4a5ada352
single_global,hybrid,False,long_rvos/b4a5ada352/1/9,False,False,False,b4a5ada352
single_global,static,False,long_rvos/b4a5ada352/1/0,False,False,False,b4a5ada352
single_global,static,False,long_rvos/b4a5ada352/1/2,False,False,False,b4a5ada352
single_global,dynamic,True,long_rvos/5d2c735adb/1/1,True,False,False,5d2c735adb
single_global,hybrid,True,long_rvos/5d2c735adb/1/8,True,False,False,5d2c735adb
single_global,static,True,long_rvos/5d2c735adb/1/0,True,False,False,5d2c735adb
single_global,dynamic,True,long_rvos/6bf32cc0d5/2/6,True,False,False,6bf32cc0d5
single_global,hybrid,True,long_rvos/6bf32cc0d5/2/12,True,False,False,6bf32cc0d5
single_global,static,True,long_rvos/6bf32cc0d5/2/4,True,False,False,6bf32cc0d5
single_global,static,True,long_rvos/6bf32cc0d5/2/5,True,False,False,6bf32cc0d5
single_global,dynamic,True,long_rvos/31a352c169/1/1,True,False,False,31a352c169
single_global,dynamic,True,long_rvos/31a352c169/1/3,True,False,False,31a352c169
single_global,hybrid,False,long_rvos/31a352c169/1/10,False,False,False,31a352c169
single_global,static,False,long_rvos/31a352c169/1/0,False,False,False,31a352c169
single_global,static,False,long_rvos/31a352c169/1/2,False,False,False,31a352c169
single_global,dynamic,True,long_rvos/882e8c62d3/2/3,True,False,False,882e8c62d3
single_global,hybrid,True,long_rvos/882e8c62d3/2/7,True,False,False,882e8c62d3
single_global,static,True,long_rvos/882e8c62d3/2/2,True,False,False,882e8c62d3
single_global,dynamic,False,long_rvos/2cfdc294c5/1/1,False,False,False,2cfdc294c5
single_global,dynamic,False,long_rvos/2cfdc294c5/1/3,False,False,False,2cfdc294c5
single_global,dynamic,False,long_rvos/2cfdc294c5/1/8,False,False,False,2cfdc294c5
single_global,static,False,long_rvos/2cfdc294c5/1/0,False,False,False,2cfdc294c5
single_global,static,False,long_rvos/2cfdc294c5/1/2,False,False,False,2cfdc294c5
single_global,dynamic,False,long_rvos/20eaede0fb/2/5,False,False,False,20eaede0fb
static_update_k2,dynamic,False,long_rvos/20eaede0fb/2/5,False,False,False,20eaede0fb
static_update_k4,dynamic,False,long_rvos/20eaede0fb/2/5,False,False,False,20eaede0fb
static_update_k8,dynamic,False,long_rvos/20eaede0fb/2/5,False,False,False,20eaede0fb
temporal_update_k2,dynamic,False,long_rvos/20eaede0fb/2/5,False,False,False,20eaede0fb
temporal_update_k4,dynamic,False,long_rvos/20eaede0fb/2/5,False,False,False,20eaede0fb
temporal_update_k8,dynamic,False,long_rvos/20eaede0fb/2/5,False,False,False,20eaede0fb
single_global,hybrid,False,long_rvos/20eaede0fb/2/8,False,False,False,20eaede0fb
static_update_k2,hybrid,False,long_rvos/20eaede0fb/2/8,False,False,False,20eaede0fb
static_update_k4,hybrid,False,long_rvos/20eaede0fb/2/8,False,False,False,20eaede0fb
static_update_k8,hybrid,False,long_rvos/20eaede0fb/2/8,False,False,False,20eaede0fb
temporal_update_k2,hybrid,False,long_rvos/20eaede0fb/2/8,False,False,False,20eaede0fb
temporal_update_k4,hybrid,False,long_rvos/20eaede0fb/2/8,False,False,False,20eaede0fb
temporal_update_k8,hybrid,False,long_rvos/20eaede0fb/2/8,False,False,False,20eaede0fb
single_global,static,False,long_rvos/20eaede0fb/2/4,False,False,False,20eaede0fb
static_update_k2,static,False,long_rvos/20eaede0fb/2/4,False,False,False,20eaede0fb
static_update_k4,static,False,long_rvos/20eaede0fb/2/4,False,False,False,20eaede0fb
static_update_k8,static,False,long_rvos/20eaede0fb/2/4,False,False,False,20eaede0fb
temporal_update_k2,static,False,long_rvos/20eaede0fb/2/4,False,False,False,20eaede0fb
temporal_update_k4,static,False,long_rvos/20eaede0fb/2/4,False,False,False,20eaede0fb
temporal_update_k8,static,False,long_rvos/20eaede0fb/2/4,False,False,False,20eaede0fb
single_global,dynamic,False,long_rvos/b5c9c04bf9/5/3,False,False,False,b5c9c04bf9
static_update_k2,dynamic,False,long_rvos/b5c9c04bf9/5/3,False,False,False,b5c9c04bf9
static_update_k4,dynamic,False,long_rvos/b5c9c04bf9/5/3,False,False,False,b5c9c04bf9
static_update_k8,dynamic,False,long_rvos/b5c9c04bf9/5/3,False,False,True,b5c9c04bf9
temporal_update_k2,dynamic,False,long_rvos/b5c9c04bf9/5/3,False,False,False,b5c9c04bf9
temporal_update_k4,dynamic,False,long_rvos/b5c9c04bf9/5/3,False,False,False,b5c9c04bf9
temporal_update_k8,dynamic,False,long_rvos/b5c9c04bf9/5/3,False,False,True,b5c9c04bf9
single_global,hybrid,True,long_rvos/b5c9c04bf9/5/7,True,False,False,b5c9c04bf9
static_update_k2,hybrid,True,long_rvos/b5c9c04bf9/5/7,False,False,True,b5c9c04bf9
static_update_k4,hybrid,True,long_rvos/b5c9c04bf9/5/7,False,False,True,b5c9c04bf9
static_update_k8,hybrid,True,long_rvos/b5c9c04bf9/5/7,True,True,False,b5c9c04bf9
temporal_update_k2,hybrid,True,long_rvos/b5c9c04bf9/5/7,False,False,True,b5c9c04bf9
temporal_update_k4,hybrid,True,long_rvos/b5c9c04bf9/5/7,False,False,True,b5c9c04bf9
temporal_update_k8,hybrid,True,long_rvos/b5c9c04bf9/5/7,True,True,False,b5c9c04bf9
single_global,static,True,long_rvos/b5c9c04bf9/5/2,True,False,False,b5c9c04bf9
static_update_k2,static,True,long_rvos/b5c9c04bf9/5/2,False,False,True,b5c9c04bf9
static_update_k4,static,True,long_rvos/b5c9c04bf9/5/2,False,False,True,b5c9c04bf9
static_update_k8,static,True,long_rvos/b5c9c04bf9/5/2,True,True,False,b5c9c04bf9
temporal_update_k2,static,True,long_rvos/b5c9c04bf9/5/2,False,False,True,b5c9c04bf9
temporal_update_k4,static,True,long_rvos/b5c9c04bf9/5/2,False,False,True,b5c9c04bf9
temporal_update_k8,static,True,long_rvos/b5c9c04bf9/5/2,False,False,True,b5c9c04bf9
single_global,dynamic,False,long_rvos/5c0c9c0098/3/9,False,False,False,5c0c9c0098
static_update_k2,dynamic,True,long_rvos/5c0c9c0098/3/9,False,False,True,5c0c9c0098
static_update_k4,dynamic,True,long_rvos/5c0c9c0098/3/9,False,False,True,5c0c9c0098
static_update_k8,dynamic,True,long_rvos/5c0c9c0098/3/9,False,False,True,5c0c9c0098
temporal_update_k2,dynamic,False,long_rvos/5c0c9c0098/3/9,False,False,False,5c0c9c0098
temporal_update_k4,dynamic,False,long_rvos/5c0c9c0098/3/9,False,False,False,5c0c9c0098
temporal_update_k8,dynamic,False,long_rvos/5c0c9c0098/3/9,False,False,False,5c0c9c0098
single_global,hybrid,False,long_rvos/5c0c9c0098/3/12,False,False,False,5c0c9c0098
static_update_k2,hybrid,False,long_rvos/5c0c9c0098/3/12,False,False,False,5c0c9c0098
static_update_k4,hybrid,False,long_rvos/5c0c9c0098/3/12,False,False,False,5c0c9c0098
static_update_k8,hybrid,False,long_rvos/5c0c9c0098/3/12,False,False,False,5c0c9c0098
temporal_update_k2,hybrid,False,long_rvos/5c0c9c0098/3/12,False,False,False,5c0c9c0098
temporal_update_k4,hybrid,False,long_rvos/5c0c9c0098/3/12,False,False,False,5c0c9c0098
temporal_update_k8,hybrid,False,long_rvos/5c0c9c0098/3/12,False,False,False,5c0c9c0098
single_global,static,False,long_rvos/5c0c9c0098/3/8,False,False,False,5c0c9c0098
static_update_k2,static,False,long_rvos/5c0c9c0098/3/8,False,False,False,5c0c9c0098
static_update_k4,static,False,long_rvos/5c0c9c0098/3/8,False,False,False,5c0c9c0098
static_update_k8,static,False,long_rvos/5c0c9c0098/3/8,False,False,False,5c0c9c0098
temporal_update_k2,static,False,long_rvos/5c0c9c0098/3/8,False,False,False,5c0c9c0098
temporal_update_k4,static,False,long_rvos/5c0c9c0098/3/8,False,False,False,5c0c9c0098
temporal_update_k8,static,False,long_rvos/5c0c9c0098/3/8,False,False,False,5c0c9c0098
single_global,dynamic,False,long_rvos/2abb12f2f7/1/1,False,False,False,2abb12f2f7
static_update_k2,dynamic,True,long_rvos/2abb12f2f7/1/1,False,False,True,2abb12f2f7
static_update_k4,dynamic,True,long_rvos/2abb12f2f7/1/1,False,False,True,2abb12f2f7
static_update_k8,dynamic,True,long_rvos/2abb12f2f7/1/1,False,False,True,2abb12f2f7
temporal_update_k2,dynamic,False,long_rvos/2abb12f2f7/1/1,False,False,False,2abb12f2f7
temporal_update_k4,dynamic,False,long_rvos/2abb12f2f7/1/1,False,False,False,2abb12f2f7
temporal_update_k8,dynamic,False,long_rvos/2abb12f2f7/1/1,False,False,False,2abb12f2f7
single_global,hybrid,False,long_rvos/2abb12f2f7/1/4,False,False,False,2abb12f2f7
static_update_k2,hybrid,False,long_rvos/2abb12f2f7/1/4,False,False,False,2abb12f2f7
static_update_k4,hybrid,False,long_rvos/2abb12f2f7/1/4,False,False,False,2abb12f2f7
static_update_k8,hybrid,False,long_rvos/2abb12f2f7/1/4,False,False,False,2abb12f2f7
temporal_update_k2,hybrid,False,long_rvos/2abb12f2f7/1/4,False,False,False,2abb12f2f7
temporal_update_k4,hybrid,False,long_rvos/2abb12f2f7/1/4,False,False,False,2abb12f2f7
temporal_update_k8,hybrid,False,long_rvos/2abb12f2f7/1/4,False,False,False,2abb12f2f7
single_global,static,True,long_rvos/2abb12f2f7/1/0,True,False,False,2abb12f2f7
static_update_k2,static,True,long_rvos/2abb12f2f7/1/0,True,False,False,2abb12f2f7
static_update_k4,static,True,long_rvos/2abb12f2f7/1/0,True,False,False,2abb12f2f7
static_update_k8,static,True,long_rvos/2abb12f2f7/1/0,True,False,False,2abb12f2f7
temporal_update_k2,static,True,long_rvos/2abb12f2f7/1/0,True,False,False,2abb12f2f7
temporal_update_k4,static,True,long_rvos/2abb12f2f7/1/0,True,False,False,2abb12f2f7
temporal_update_k8,static,True,long_rvos/2abb12f2f7/1/0,True,False,False,2abb12f2f7
single_global,dynamic,True,long_rvos/c4638cc87e/1/1,True,False,False,c4638cc87e
static_update_k2,dynamic,True,long_rvos/c4638cc87e/1/1,True,False,False,c4638cc87e
static_update_k4,dynamic,True,long_rvos/c4638cc87e/1/1,False,False,True,c4638cc87e
static_update_k8,dynamic,True,long_rvos/c4638cc87e/1/1,False,False,True,c4638cc87e
temporal_update_k2,dynamic,True,long_rvos/c4638cc87e/1/1,True,False,False,c4638cc87e
temporal_update_k4,dynamic,True,long_rvos/c4638cc87e/1/1,False,False,True,c4638cc87e
temporal_update_k8,dynamic,True,long_rvos/c4638cc87e/1/1,False,False,True,c4638cc87e
single_global,dynamic,False,long_rvos/c4638cc87e/1/3,False,False,False,c4638cc87e
static_update_k2,dynamic,False,long_rvos/c4638cc87e/1/3,True,True,False,c4638cc87e
static_update_k4,dynamic,False,long_rvos/c4638cc87e/1/3,False,False,True,c4638cc87e
static_update_k8,dynamic,False,long_rvos/c4638cc87e/1/3,False,False,True,c4638cc87e
temporal_update_k2,dynamic,False,long_rvos/c4638cc87e/1/3,True,True,False,c4638cc87e
temporal_update_k4,dynamic,False,long_rvos/c4638cc87e/1/3,False,False,True,c4638cc87e
temporal_update_k8,dynamic,False,long_rvos/c4638cc87e/1/3,False,False,True,c4638cc87e
single_global,hybrid,False,long_rvos/c4638cc87e/1/12,False,False,False,c4638cc87e
static_update_k2,hybrid,True,long_rvos/c4638cc87e/1/12,True,False,False,c4638cc87e
static_update_k4,hybrid,True,long_rvos/c4638cc87e/1/12,False,False,True,c4638cc87e
static_update_k8,hybrid,True,long_rvos/c4638cc87e/1/12,False,False,True,c4638cc87e
temporal_update_k2,hybrid,False,long_rvos/c4638cc87e/1/12,True,True,False,c4638cc87e
temporal_update_k4,hybrid,False,long_rvos/c4638cc87e/1/12,False,False,True,c4638cc87e
temporal_update_k8,hybrid,False,long_rvos/c4638cc87e/1/12,False,False,True,c4638cc87e
single_global,hybrid,False,long_rvos/c4638cc87e/1/13,False,False,False,c4638cc87e
static_update_k2,hybrid,True,long_rvos/c4638cc87e/1/13,True,False,False,c4638cc87e
static_update_k4,hybrid,True,long_rvos/c4638cc87e/1/13,False,False,True,c4638cc87e
static_update_k8,hybrid,True,long_rvos/c4638cc87e/1/13,False,False,True,c4638cc87e
temporal_update_k2,hybrid,False,long_rvos/c4638cc87e/1/13,True,True,False,c4638cc87e
temporal_update_k4,hybrid,False,long_rvos/c4638cc87e/1/13,False,False,True,c4638cc87e
temporal_update_k8,hybrid,False,long_rvos/c4638cc87e/1/13,False,False,True,c4638cc87e
single_global,static,False,long_rvos/c4638cc87e/1/0,False,False,False,c4638cc87e
static_update_k2,static,False,long_rvos/c4638cc87e/1/0,True,True,False,c4638cc87e
static_update_k4,static,False,long_rvos/c4638cc87e/1/0,False,False,True,c4638cc87e
static_update_k8,static,False,long_rvos/c4638cc87e/1/0,False,False,True,c4638cc87e
temporal_update_k2,static,False,long_rvos/c4638cc87e/1/0,True,True,False,c4638cc87e
temporal_update_k4,static,False,long_rvos/c4638cc87e/1/0,False,False,True,c4638cc87e
temporal_update_k8,static,False,long_rvos/c4638cc87e/1/0,False,False,True,c4638cc87e
single_global,static,False,long_rvos/c4638cc87e/1/2,False,False,False,c4638cc87e
static_update_k2,static,True,long_rvos/c4638cc87e/1/2,True,False,False,c4638cc87e
static_update_k4,static,True,long_rvos/c4638cc87e/1/2,False,False,True,c4638cc87e
static_update_k8,static,True,long_rvos/c4638cc87e/1/2,False,False,True,c4638cc87e
temporal_update_k2,static,False,long_rvos/c4638cc87e/1/2,True,True,False,c4638cc87e
temporal_update_k4,static,False,long_rvos/c4638cc87e/1/2,False,False,True,c4638cc87e
temporal_update_k8,static,False,long_rvos/c4638cc87e/1/2,False,False,True,c4638cc87e
single_global,dynamic,False,long_rvos/f3864705c4/3/8,False,False,False,f3864705c4
static_update_k2,dynamic,False,long_rvos/f3864705c4/3/8,False,False,False,f3864705c4
static_update_k4,dynamic,False,long_rvos/f3864705c4/3/8,False,False,False,f3864705c4
static_update_k8,dynamic,False,long_rvos/f3864705c4/3/8,False,False,False,f3864705c4
temporal_update_k2,dynamic,False,long_rvos/f3864705c4/3/8,False,False,False,f3864705c4
temporal_update_k4,dynamic,False,long_rvos/f3864705c4/3/8,False,False,False,f3864705c4
temporal_update_k8,dynamic,False,long_rvos/f3864705c4/3/8,False,False,False,f3864705c4
single_global,hybrid,False,long_rvos/f3864705c4/3/13,False,False,False,f3864705c4
static_update_k2,hybrid,False,long_rvos/f3864705c4/3/13,False,False,False,f3864705c4
static_update_k4,hybrid,False,long_rvos/f3864705c4/3/13,True,True,False,f3864705c4
static_update_k8,hybrid,False,long_rvos/f3864705c4/3/13,False,False,True,f3864705c4
temporal_update_k2,hybrid,False,long_rvos/f3864705c4/3/13,False,False,False,f3864705c4
temporal_update_k4,hybrid,False,long_rvos/f3864705c4/3/13,True,True,False,f3864705c4
temporal_update_k8,hybrid,False,long_rvos/f3864705c4/3/13,False,False,True,f3864705c4
single_global,static,False,long_rvos/f3864705c4/3/7,False,False,False,f3864705c4
static_update_k2,static,False,long_rvos/f3864705c4/3/7,False,False,False,f3864705c4
static_update_k4,static,False,long_rvos/f3864705c4/3/7,True,True,False,f3864705c4
static_update_k8,static,False,long_rvos/f3864705c4/3/7,False,False,True,f3864705c4
temporal_update_k2,static,False,long_rvos/f3864705c4/3/7,False,False,False,f3864705c4
temporal_update_k4,static,False,long_rvos/f3864705c4/3/7,True,True,False,f3864705c4
temporal_update_k8,static,False,long_rvos/f3864705c4/3/7,False,False,True,f3864705c4
single_global,static,False,long_rvos/f3864705c4/3/9,False,False,False,f3864705c4
static_update_k2,static,False,long_rvos/f3864705c4/3/9,False,False,False,f3864705c4
static_update_k4,static,False,long_rvos/f3864705c4/3/9,False,False,False,f3864705c4
static_update_k8,static,False,long_rvos/f3864705c4/3/9,False,False,False,f3864705c4
temporal_update_k2,static,False,long_rvos/f3864705c4/3/9,False,False,False,f3864705c4
temporal_update_k4,static,False,long_rvos/f3864705c4/3/9,False,False,False,f3864705c4
temporal_update_k8,static,False,long_rvos/f3864705c4/3/9,False,False,False,f3864705c4
single_global,dynamic,True,long_rvos/18b160d3a7/2/5,True,False,False,18b160d3a7
static_update_k2,dynamic,False,long_rvos/18b160d3a7/2/5,False,False,False,18b160d3a7
static_update_k4,dynamic,False,long_rvos/18b160d3a7/2/5,False,False,False,18b160d3a7
static_update_k8,dynamic,False,long_rvos/18b160d3a7/2/5,False,False,True,18b160d3a7
temporal_update_k2,dynamic,True,long_rvos/18b160d3a7/2/5,True,False,False,18b160d3a7
temporal_update_k4,dynamic,True,long_rvos/18b160d3a7/2/5,False,False,True,18b160d3a7
temporal_update_k8,dynamic,True,long_rvos/18b160d3a7/2/5,False,False,True,18b160d3a7
single_global,hybrid,True,long_rvos/18b160d3a7/2/13,True,False,False,18b160d3a7
static_update_k2,hybrid,True,long_rvos/18b160d3a7/2/13,True,False,False,18b160d3a7
static_update_k4,hybrid,True,long_rvos/18b160d3a7/2/13,True,False,False,18b160d3a7
static_update_k8,hybrid,True,long_rvos/18b160d3a7/2/13,True,True,False,18b160d3a7
temporal_update_k2,hybrid,True,long_rvos/18b160d3a7/2/13,True,False,False,18b160d3a7
temporal_update_k4,hybrid,True,long_rvos/18b160d3a7/2/13,True,False,False,18b160d3a7
temporal_update_k8,hybrid,True,long_rvos/18b160d3a7/2/13,False,False,True,18b160d3a7
single_global,static,True,long_rvos/18b160d3a7/2/4,True,False,False,18b160d3a7
static_update_k2,static,True,long_rvos/18b160d3a7/2/4,True,False,False,18b160d3a7
static_update_k4,static,True,long_rvos/18b160d3a7/2/4,True,False,False,18b160d3a7
static_update_k8,static,True,long_rvos/18b160d3a7/2/4,True,True,False,18b160d3a7
temporal_update_k2,static,True,long_rvos/18b160d3a7/2/4,True,False,False,18b160d3a7
temporal_update_k4,static,True,long_rvos/18b160d3a7/2/4,True,False,False,18b160d3a7
temporal_update_k8,static,True,long_rvos/18b160d3a7/2/4,True,False,False,18b160d3a7
single_global,dynamic,True,long_rvos/7caa203c75/2/3,True,False,False,7caa203c75
static_update_k2,dynamic,True,long_rvos/7caa203c75/2/3,True,False,False,7caa203c75
static_update_k4,dynamic,True,long_rvos/7caa203c75/2/3,False,False,True,7caa203c75
static_update_k8,dynamic,True,long_rvos/7caa203c75/2/3,False,False,True,7caa203c75
temporal_update_k2,dynamic,True,long_rvos/7caa203c75/2/3,True,False,False,7caa203c75
temporal_update_k4,dynamic,True,long_rvos/7caa203c75/2/3,False,False,True,7caa203c75
temporal_update_k8,dynamic,True,long_rvos/7caa203c75/2/3,False,False,True,7caa203c75
single_global,hybrid,True,long_rvos/7caa203c75/2/5,True,False,False,7caa203c75
static_update_k2,hybrid,True,long_rvos/7caa203c75/2/5,True,False,False,7caa203c75
static_update_k4,hybrid,True,long_rvos/7caa203c75/2/5,False,False,True,7caa203c75
static_update_k8,hybrid,True,long_rvos/7caa203c75/2/5,False,False,True,7caa203c75
temporal_update_k2,hybrid,True,long_rvos/7caa203c75/2/5,True,False,False,7caa203c75
temporal_update_k4,hybrid,True,long_rvos/7caa203c75/2/5,False,False,True,7caa203c75
temporal_update_k8,hybrid,True,long_rvos/7caa203c75/2/5,False,False,True,7caa203c75
single_global,static,True,long_rvos/7caa203c75/2/2,True,False,False,7caa203c75
static_update_k2,static,True,long_rvos/7caa203c75/2/2,True,False,False,7caa203c75
static_update_k4,static,True,long_rvos/7caa203c75/2/2,False,False,True,7caa203c75
static_update_k8,static,True,long_rvos/7caa203c75/2/2,False,False,True,7caa203c75
temporal_update_k2,static,True,long_rvos/7caa203c75/2/2,True,False,False,7caa203c75
temporal_update_k4,static,True,long_rvos/7caa203c75/2/2,False,False,True,7caa203c75
temporal_update_k8,static,True,long_rvos/7caa203c75/2/2,False,False,True,7caa203c75
single_global,dynamic,False,long_rvos/f771c97b16/6/21,False,False,False,f771c97b16
static_update_k2,dynamic,False,long_rvos/f771c97b16/6/21,False,False,False,f771c97b16
static_update_k4,dynamic,False,long_rvos/f771c97b16/6/21,False,False,True,f771c97b16
static_update_k8,dynamic,False,long_rvos/f771c97b16/6/21,False,False,True,f771c97b16
temporal_update_k2,dynamic,False,long_rvos/f771c97b16/6/21,False,False,False,f771c97b16
temporal_update_k4,dynamic,False,long_rvos/f771c97b16/6/21,False,False,True,f771c97b16
temporal_update_k8,dynamic,False,long_rvos/f771c97b16/6/21,False,False,True,f771c97b16
single_global,dynamic,False,long_rvos/f771c97b16/6/23,False,False,False,f771c97b16
static_update_k2,dynamic,False,long_rvos/f771c97b16/6/23,False,False,False,f771c97b16
static_update_k4,dynamic,False,long_rvos/f771c97b16/6/23,False,False,True,f771c97b16
static_update_k8,dynamic,False,long_rvos/f771c97b16/6/23,False,False,True,f771c97b16
temporal_update_k2,dynamic,False,long_rvos/f771c97b16/6/23,False,False,False,f771c97b16
temporal_update_k4,dynamic,False,long_rvos/f771c97b16/6/23,False,False,True,f771c97b16
temporal_update_k8,dynamic,False,long_rvos/f771c97b16/6/23,False,False,True,f771c97b16
single_global,hybrid,False,long_rvos/f771c97b16/6/33,False,False,False,f771c97b16
static_update_k2,hybrid,False,long_rvos/f771c97b16/6/33,False,False,False,f771c97b16
static_update_k4,hybrid,False,long_rvos/f771c97b16/6/33,False,False,True,f771c97b16
static_update_k8,hybrid,False,long_rvos/f771c97b16/6/33,False,False,True,f771c97b16
temporal_update_k2,hybrid,False,long_rvos/f771c97b16/6/33,False,False,False,f771c97b16
temporal_update_k4,hybrid,False,long_rvos/f771c97b16/6/33,False,False,True,f771c97b16
temporal_update_k8,hybrid,False,long_rvos/f771c97b16/6/33,False,False,True,f771c97b16
single_global,static,False,long_rvos/f771c97b16/6/20,False,False,False,f771c97b16
static_update_k2,static,False,long_rvos/f771c97b16/6/20,False,False,False,f771c97b16
static_update_k4,static,False,long_rvos/f771c97b16/6/20,False,False,True,f771c97b16
static_update_k8,static,False,long_rvos/f771c97b16/6/20,False,False,True,f771c97b16
temporal_update_k2,static,False,long_rvos/f771c97b16/6/20,False,False,False,f771c97b16
temporal_update_k4,static,False,long_rvos/f771c97b16/6/20,False,False,True,f771c97b16
temporal_update_k8,static,False,long_rvos/f771c97b16/6/20,False,False,True,f771c97b16
single_global,static,False,long_rvos/f771c97b16/6/22,False,False,False,f771c97b16
static_update_k2,static,False,long_rvos/f771c97b16/6/22,False,False,False,f771c97b16
static_update_k4,static,False,long_rvos/f771c97b16/6/22,False,False,False,f771c97b16
static_update_k8,static,False,long_rvos/f771c97b16/6/22,False,False,False,f771c97b16
temporal_update_k2,static,False,long_rvos/f771c97b16/6/22,False,False,False,f771c97b16
temporal_update_k4,static,False,long_rvos/f771c97b16/6/22,False,False,False,f771c97b16
temporal_update_k8,static,False,long_rvos/f771c97b16/6/22,False,False,False,f771c97b16
single_global,dynamic,False,long_rvos/68170c3f7a/2/5,False,False,False,68170c3f7a
static_update_k2,dynamic,False,long_rvos/68170c3f7a/2/5,True,True,False,68170c3f7a
static_update_k4,dynamic,False,long_rvos/68170c3f7a/2/5,False,False,True,68170c3f7a
static_update_k8,dynamic,False,long_rvos/68170c3f7a/2/5,False,False,True,68170c3f7a
temporal_update_k2,dynamic,False,long_rvos/68170c3f7a/2/5,True,True,False,68170c3f7a
temporal_update_k4,dynamic,False,long_rvos/68170c3f7a/2/5,False,False,True,68170c3f7a
temporal_update_k8,dynamic,False,long_rvos/68170c3f7a/2/5,False,False,True,68170c3f7a
single_global,dynamic,False,long_rvos/68170c3f7a/2/7,False,False,False,68170c3f7a
static_update_k2,dynamic,False,long_rvos/68170c3f7a/2/7,False,False,False,68170c3f7a
static_update_k4,dynamic,False,long_rvos/68170c3f7a/2/7,False,False,False,68170c3f7a
static_update_k8,dynamic,False,long_rvos/68170c3f7a/2/7,False,False,False,68170c3f7a
temporal_update_k2,dynamic,False,long_rvos/68170c3f7a/2/7,False,False,False,68170c3f7a
temporal_update_k4,dynamic,False,long_rvos/68170c3f7a/2/7,False,False,False,68170c3f7a
temporal_update_k8,dynamic,False,long_rvos/68170c3f7a/2/7,False,False,False,68170c3f7a
single_global,hybrid,False,long_rvos/68170c3f7a/2/9,False,False,False,68170c3f7a
static_update_k2,hybrid,False,long_rvos/68170c3f7a/2/9,False,False,False,68170c3f7a
static_update_k4,hybrid,False,long_rvos/68170c3f7a/2/9,False,False,False,68170c3f7a
static_update_k8,hybrid,False,long_rvos/68170c3f7a/2/9,False,False,False,68170c3f7a
temporal_update_k2,hybrid,False,long_rvos/68170c3f7a/2/9,False,False,False,68170c3f7a
temporal_update_k4,hybrid,False,long_rvos/68170c3f7a/2/9,False,False,False,68170c3f7a
temporal_update_k8,hybrid,False,long_rvos/68170c3f7a/2/9,False,False,False,68170c3f7a
single_global,static,False,long_rvos/68170c3f7a/2/4,False,False,False,68170c3f7a
static_update_k2,static,False,long_rvos/68170c3f7a/2/4,False,False,False,68170c3f7a
static_update_k4,static,False,long_rvos/68170c3f7a/2/4,False,False,False,68170c3f7a
static_update_k8,static,False,long_rvos/68170c3f7a/2/4,False,False,False,68170c3f7a
temporal_update_k2,static,False,long_rvos/68170c3f7a/2/4,False,False,False,68170c3f7a
temporal_update_k4,static,False,long_rvos/68170c3f7a/2/4,False,False,False,68170c3f7a
temporal_update_k8,static,False,long_rvos/68170c3f7a/2/4,False,False,False,68170c3f7a
single_global,static,False,long_rvos/68170c3f7a/2/6,False,False,False,68170c3f7a
static_update_k2,static,False,long_rvos/68170c3f7a/2/6,False,False,False,68170c3f7a
static_update_k4,static,False,long_rvos/68170c3f7a/2/6,False,False,False,68170c3f7a
static_update_k8,static,False,long_rvos/68170c3f7a/2/6,False,False,False,68170c3f7a
temporal_update_k2,static,False,long_rvos/68170c3f7a/2/6,False,False,False,68170c3f7a
temporal_update_k4,static,False,long_rvos/68170c3f7a/2/6,False,False,False,68170c3f7a
temporal_update_k8,static,False,long_rvos/68170c3f7a/2/6,False,False,False,68170c3f7a
single_global,dynamic,True,long_rvos/bda2f20019/3/11,True,False,False,bda2f20019
static_update_k2,dynamic,True,long_rvos/bda2f20019/3/11,False,False,True,bda2f20019
static_update_k4,dynamic,True,long_rvos/bda2f20019/3/11,True,True,False,bda2f20019
static_update_k8,dynamic,True,long_rvos/bda2f20019/3/11,True,True,False,bda2f20019
temporal_update_k2,dynamic,True,long_rvos/bda2f20019/3/11,False,False,True,bda2f20019
temporal_update_k4,dynamic,True,long_rvos/bda2f20019/3/11,True,True,False,bda2f20019
temporal_update_k8,dynamic,True,long_rvos/bda2f20019/3/11,True,True,False,bda2f20019
single_global,dynamic,True,long_rvos/bda2f20019/3/9,True,False,False,bda2f20019
static_update_k2,dynamic,True,long_rvos/bda2f20019/3/9,False,False,True,bda2f20019
static_update_k4,dynamic,True,long_rvos/bda2f20019/3/9,True,True,False,bda2f20019
static_update_k8,dynamic,True,long_rvos/bda2f20019/3/9,True,True,False,bda2f20019
temporal_update_k2,dynamic,True,long_rvos/bda2f20019/3/9,False,False,True,bda2f20019
temporal_update_k4,dynamic,True,long_rvos/bda2f20019/3/9,True,True,False,bda2f20019
temporal_update_k8,dynamic,True,long_rvos/bda2f20019/3/9,True,True,False,bda2f20019
single_global,hybrid,True,long_rvos/bda2f20019/3/20,True,False,False,bda2f20019
static_update_k2,hybrid,True,long_rvos/bda2f20019/3/20,False,False,True,bda2f20019
static_update_k4,hybrid,True,long_rvos/bda2f20019/3/20,True,True,False,bda2f20019
static_update_k8,hybrid,True,long_rvos/bda2f20019/3/20,True,True,False,bda2f20019
temporal_update_k2,hybrid,True,long_rvos/bda2f20019/3/20,False,False,True,bda2f20019
temporal_update_k4,hybrid,True,long_rvos/bda2f20019/3/20,True,True,False,bda2f20019
temporal_update_k8,hybrid,True,long_rvos/bda2f20019/3/20,True,True,False,bda2f20019
single_global,hybrid,False,long_rvos/bda2f20019/3/21,False,False,False,bda2f20019
static_update_k2,hybrid,False,long_rvos/bda2f20019/3/21,False,False,False,bda2f20019
static_update_k4,hybrid,False,long_rvos/bda2f20019/3/21,False,False,False,bda2f20019
static_update_k8,hybrid,False,long_rvos/bda2f20019/3/21,False,False,False,bda2f20019
temporal_update_k2,hybrid,False,long_rvos/bda2f20019/3/21,False,False,False,bda2f20019
temporal_update_k4,hybrid,False,long_rvos/bda2f20019/3/21,False,False,False,bda2f20019
temporal_update_k8,hybrid,False,long_rvos/bda2f20019/3/21,False,False,False,bda2f20019
single_global,static,False,long_rvos/bda2f20019/3/10,False,False,False,bda2f20019
static_update_k2,static,False,long_rvos/bda2f20019/3/10,False,False,False,bda2f20019
static_update_k4,static,False,long_rvos/bda2f20019/3/10,False,False,False,bda2f20019
static_update_k8,static,False,long_rvos/bda2f20019/3/10,False,False,False,bda2f20019
temporal_update_k2,static,False,long_rvos/bda2f20019/3/10,False,False,False,bda2f20019
temporal_update_k4,static,False,long_rvos/bda2f20019/3/10,False,False,False,bda2f20019
temporal_update_k8,static,False,long_rvos/bda2f20019/3/10,False,False,False,bda2f20019
single_global,static,True,long_rvos/bda2f20019/3/8,True,False,False,bda2f20019
static_update_k2,static,True,long_rvos/bda2f20019/3/8,False,False,True,bda2f20019
static_update_k4,static,True,long_rvos/bda2f20019/3/8,True,True,False,bda2f20019
static_update_k8,static,True,long_rvos/bda2f20019/3/8,True,True,False,bda2f20019
temporal_update_k2,static,True,long_rvos/bda2f20019/3/8,False,False,True,bda2f20019
temporal_update_k4,static,True,long_rvos/bda2f20019/3/8,True,True,False,bda2f20019
temporal_update_k8,static,True,long_rvos/bda2f20019/3/8,True,True,False,bda2f20019
single_global,dynamic,False,long_rvos/c733601fcd/1/1,False,False,False,c733601fcd
static_update_k2,dynamic,False,long_rvos/c733601fcd/1/1,False,False,False,c733601fcd
static_update_k4,dynamic,False,long_rvos/c733601fcd/1/1,False,False,False,c733601fcd
static_update_k8,dynamic,False,long_rvos/c733601fcd/1/1,False,False,False,c733601fcd
temporal_update_k2,dynamic,False,long_rvos/c733601fcd/1/1,False,False,False,c733601fcd
temporal_update_k4,dynamic,False,long_rvos/c733601fcd/1/1,False,False,False,c733601fcd
temporal_update_k8,dynamic,False,long_rvos/c733601fcd/1/1,False,False,False,c733601fcd
single_global,hybrid,False,long_rvos/c733601fcd/1/4,False,False,False,c733601fcd
static_update_k2,hybrid,False,long_rvos/c733601fcd/1/4,False,False,False,c733601fcd
static_update_k4,hybrid,False,long_rvos/c733601fcd/1/4,True,True,False,c733601fcd
static_update_k8,hybrid,False,long_rvos/c733601fcd/1/4,True,True,False,c733601fcd
temporal_update_k2,hybrid,False,long_rvos/c733601fcd/1/4,False,False,False,c733601fcd
temporal_update_k4,hybrid,False,long_rvos/c733601fcd/1/4,True,True,False,c733601fcd
temporal_update_k8,hybrid,False,long_rvos/c733601fcd/1/4,True,True,False,c733601fcd
single_global,static,False,long_rvos/c733601fcd/1/0,False,False,False,c733601fcd
static_update_k2,static,False,long_rvos/c733601fcd/1/0,False,False,False,c733601fcd
static_update_k4,static,False,long_rvos/c733601fcd/1/0,False,False,False,c733601fcd
static_update_k8,static,False,long_rvos/c733601fcd/1/0,False,False,False,c733601fcd
temporal_update_k2,static,False,long_rvos/c733601fcd/1/0,False,False,False,c733601fcd
temporal_update_k4,static,False,long_rvos/c733601fcd/1/0,False,False,False,c733601fcd
temporal_update_k8,static,False,long_rvos/c733601fcd/1/0,False,False,False,c733601fcd
single_global,dynamic,False,long_rvos/8b0e20e373/1/1,False,False,False,8b0e20e373
static_update_k2,dynamic,False,long_rvos/8b0e20e373/1/1,False,False,False,8b0e20e373
static_update_k4,dynamic,False,long_rvos/8b0e20e373/1/1,True,True,False,8b0e20e373
static_update_k8,dynamic,False,long_rvos/8b0e20e373/1/1,True,True,False,8b0e20e373
temporal_update_k2,dynamic,False,long_rvos/8b0e20e373/1/1,False,False,False,8b0e20e373
temporal_update_k4,dynamic,False,long_rvos/8b0e20e373/1/1,True,True,False,8b0e20e373
temporal_update_k8,dynamic,False,long_rvos/8b0e20e373/1/1,True,True,False,8b0e20e373
single_global,hybrid,False,long_rvos/8b0e20e373/1/5,False,False,False,8b0e20e373
static_update_k2,hybrid,False,long_rvos/8b0e20e373/1/5,False,False,False,8b0e20e373
static_update_k4,hybrid,False,long_rvos/8b0e20e373/1/5,True,True,False,8b0e20e373
static_update_k8,hybrid,False,long_rvos/8b0e20e373/1/5,True,True,False,8b0e20e373
temporal_update_k2,hybrid,False,long_rvos/8b0e20e373/1/5,False,False,False,8b0e20e373
temporal_update_k4,hybrid,False,long_rvos/8b0e20e373/1/5,True,True,False,8b0e20e373
temporal_update_k8,hybrid,False,long_rvos/8b0e20e373/1/5,True,True,False,8b0e20e373
single_global,hybrid,False,long_rvos/8b0e20e373/1/6,False,False,False,8b0e20e373
static_update_k2,hybrid,False,long_rvos/8b0e20e373/1/6,False,False,False,8b0e20e373
static_update_k4,hybrid,False,long_rvos/8b0e20e373/1/6,True,True,False,8b0e20e373
static_update_k8,hybrid,False,long_rvos/8b0e20e373/1/6,True,True,False,8b0e20e373
temporal_update_k2,hybrid,False,long_rvos/8b0e20e373/1/6,False,False,False,8b0e20e373
temporal_update_k4,hybrid,False,long_rvos/8b0e20e373/1/6,True,True,False,8b0e20e373
temporal_update_k8,hybrid,False,long_rvos/8b0e20e373/1/6,True,True,False,8b0e20e373
single_global,static,False,long_rvos/8b0e20e373/1/0,False,False,False,8b0e20e373
static_update_k2,static,False,long_rvos/8b0e20e373/1/0,False,False,False,8b0e20e373
static_update_k4,static,False,long_rvos/8b0e20e373/1/0,True,True,False,8b0e20e373
static_update_k8,static,False,long_rvos/8b0e20e373/1/0,True,True,False,8b0e20e373
temporal_update_k2,static,False,long_rvos/8b0e20e373/1/0,False,False,False,8b0e20e373
temporal_update_k4,static,False,long_rvos/8b0e20e373/1/0,True,True,False,8b0e20e373
temporal_update_k8,static,False,long_rvos/8b0e20e373/1/0,True,True,False,8b0e20e373
single_global,dynamic,True,long_rvos/0d0ebe00cc/2/5,True,False,False,0d0ebe00cc
static_update_k2,dynamic,True,long_rvos/0d0ebe00cc/2/5,False,False,True,0d0ebe00cc
static_update_k4,dynamic,True,long_rvos/0d0ebe00cc/2/5,True,True,False,0d0ebe00cc
static_update_k8,dynamic,True,long_rvos/0d0ebe00cc/2/5,True,True,False,0d0ebe00cc
temporal_update_k2,dynamic,True,long_rvos/0d0ebe00cc/2/5,False,False,True,0d0ebe00cc
temporal_update_k4,dynamic,True,long_rvos/0d0ebe00cc/2/5,True,True,False,0d0ebe00cc
temporal_update_k8,dynamic,True,long_rvos/0d0ebe00cc/2/5,True,True,False,0d0ebe00cc
single_global,dynamic,True,long_rvos/0d0ebe00cc/2/7,True,False,False,0d0ebe00cc
static_update_k2,dynamic,True,long_rvos/0d0ebe00cc/2/7,False,False,True,0d0ebe00cc
static_update_k4,dynamic,True,long_rvos/0d0ebe00cc/2/7,False,False,True,0d0ebe00cc
static_update_k8,dynamic,True,long_rvos/0d0ebe00cc/2/7,True,True,False,0d0ebe00cc
temporal_update_k2,dynamic,True,long_rvos/0d0ebe00cc/2/7,False,False,True,0d0ebe00cc
temporal_update_k4,dynamic,True,long_rvos/0d0ebe00cc/2/7,False,False,True,0d0ebe00cc
temporal_update_k8,dynamic,True,long_rvos/0d0ebe00cc/2/7,True,True,False,0d0ebe00cc
single_global,hybrid,True,long_rvos/0d0ebe00cc/2/14,True,False,False,0d0ebe00cc
static_update_k2,hybrid,True,long_rvos/0d0ebe00cc/2/14,False,False,True,0d0ebe00cc
static_update_k4,hybrid,True,long_rvos/0d0ebe00cc/2/14,False,False,True,0d0ebe00cc
static_update_k8,hybrid,True,long_rvos/0d0ebe00cc/2/14,False,False,True,0d0ebe00cc
temporal_update_k2,hybrid,True,long_rvos/0d0ebe00cc/2/14,False,False,True,0d0ebe00cc
temporal_update_k4,hybrid,True,long_rvos/0d0ebe00cc/2/14,False,False,True,0d0ebe00cc
temporal_update_k8,hybrid,True,long_rvos/0d0ebe00cc/2/14,False,False,True,0d0ebe00cc
single_global,hybrid,True,long_rvos/0d0ebe00cc/2/15,True,False,False,0d0ebe00cc
static_update_k2,hybrid,True,long_rvos/0d0ebe00cc/2/15,False,False,True,0d0ebe00cc
static_update_k4,hybrid,True,long_rvos/0d0ebe00cc/2/15,False,False,True,0d0ebe00cc
static_update_k8,hybrid,True,long_rvos/0d0ebe00cc/2/15,False,False,True,0d0ebe00cc
temporal_update_k2,hybrid,True,long_rvos/0d0ebe00cc/2/15,False,False,True,0d0ebe00cc
temporal_update_k4,hybrid,True,long_rvos/0d0ebe00cc/2/15,False,False,True,0d0ebe00cc
temporal_update_k8,hybrid,True,long_rvos/0d0ebe00cc/2/15,False,False,True,0d0ebe00cc
single_global,static,True,long_rvos/0d0ebe00cc/2/4,True,False,False,0d0ebe00cc
static_update_k2,static,True,long_rvos/0d0ebe00cc/2/4,False,False,True,0d0ebe00cc
static_update_k4,static,True,long_rvos/0d0ebe00cc/2/4,False,False,True,0d0ebe00cc
static_update_k8,static,True,long_rvos/0d0ebe00cc/2/4,False,False,True,0d0ebe00cc
temporal_update_k2,static,True,long_rvos/0d0ebe00cc/2/4,False,False,True,0d0ebe00cc
temporal_update_k4,static,True,long_rvos/0d0ebe00cc/2/4,False,False,True,0d0ebe00cc
temporal_update_k8,static,True,long_rvos/0d0ebe00cc/2/4,False,False,True,0d0ebe00cc
single_global,static,True,long_rvos/0d0ebe00cc/2/6,True,False,False,0d0ebe00cc
static_update_k2,static,True,long_rvos/0d0ebe00cc/2/6,False,False,True,0d0ebe00cc
static_update_k4,static,True,long_rvos/0d0ebe00cc/2/6,False,False,True,0d0ebe00cc
static_update_k8,static,True,long_rvos/0d0ebe00cc/2/6,False,False,True,0d0ebe00cc
temporal_update_k2,static,True,long_rvos/0d0ebe00cc/2/6,False,False,True,0d0ebe00cc
temporal_update_k4,static,True,long_rvos/0d0ebe00cc/2/6,False,False,True,0d0ebe00cc
temporal_update_k8,static,True,long_rvos/0d0ebe00cc/2/6,False,False,True,0d0ebe00cc
single_global,dynamic,False,long_rvos/e6f1a061ea/1/1,False,False,False,e6f1a061ea
static_update_k2,dynamic,False,long_rvos/e6f1a061ea/1/1,True,True,False,e6f1a061ea
static_update_k4,dynamic,False,long_rvos/e6f1a061ea/1/1,False,False,True,e6f1a061ea
static_update_k8,dynamic,False,long_rvos/e6f1a061ea/1/1,True,True,False,e6f1a061ea
temporal_update_k2,dynamic,False,long_rvos/e6f1a061ea/1/1,True,True,False,e6f1a061ea
temporal_update_k4,dynamic,False,long_rvos/e6f1a061ea/1/1,False,False,True,e6f1a061ea
temporal_update_k8,dynamic,False,long_rvos/e6f1a061ea/1/1,True,True,False,e6f1a061ea
single_global,dynamic,False,long_rvos/e6f1a061ea/1/3,False,False,False,e6f1a061ea
static_update_k2,dynamic,False,long_rvos/e6f1a061ea/1/3,False,False,False,e6f1a061ea
static_update_k4,dynamic,False,long_rvos/e6f1a061ea/1/3,False,False,False,e6f1a061ea
static_update_k8,dynamic,False,long_rvos/e6f1a061ea/1/3,True,True,False,e6f1a061ea
temporal_update_k2,dynamic,False,long_rvos/e6f1a061ea/1/3,True,True,False,e6f1a061ea
temporal_update_k4,dynamic,False,long_rvos/e6f1a061ea/1/3,False,False,True,e6f1a061ea
temporal_update_k8,dynamic,False,long_rvos/e6f1a061ea/1/3,True,True,False,e6f1a061ea
single_global,hybrid,False,long_rvos/e6f1a061ea/1/20,False,False,False,e6f1a061ea
static_update_k2,hybrid,False,long_rvos/e6f1a061ea/1/20,True,True,False,e6f1a061ea
static_update_k4,hybrid,False,long_rvos/e6f1a061ea/1/20,False,False,True,e6f1a061ea
static_update_k8,hybrid,False,long_rvos/e6f1a061ea/1/20,True,True,False,e6f1a061ea
temporal_update_k2,hybrid,False,long_rvos/e6f1a061ea/1/20,True,True,False,e6f1a061ea
temporal_update_k4,hybrid,False,long_rvos/e6f1a061ea/1/20,False,False,True,e6f1a061ea
temporal_update_k8,hybrid,False,long_rvos/e6f1a061ea/1/20,True,True,False,e6f1a061ea
single_global,hybrid,False,long_rvos/e6f1a061ea/1/21,False,False,False,e6f1a061ea
static_update_k2,hybrid,False,long_rvos/e6f1a061ea/1/21,False,False,False,e6f1a061ea
static_update_k4,hybrid,False,long_rvos/e6f1a061ea/1/21,False,False,False,e6f1a061ea
static_update_k8,hybrid,False,long_rvos/e6f1a061ea/1/21,False,False,False,e6f1a061ea
temporal_update_k2,hybrid,False,long_rvos/e6f1a061ea/1/21,False,False,False,e6f1a061ea
temporal_update_k4,hybrid,False,long_rvos/e6f1a061ea/1/21,False,False,False,e6f1a061ea
temporal_update_k8,hybrid,False,long_rvos/e6f1a061ea/1/21,False,False,False,e6f1a061ea
single_global,static,False,long_rvos/e6f1a061ea/1/0,False,False,False,e6f1a061ea
static_update_k2,static,False,long_rvos/e6f1a061ea/1/0,True,True,False,e6f1a061ea
static_update_k4,static,False,long_rvos/e6f1a061ea/1/0,False,False,True,e6f1a061ea
static_update_k8,static,False,long_rvos/e6f1a061ea/1/0,True,True,False,e6f1a061ea
temporal_update_k2,static,False,long_rvos/e6f1a061ea/1/0,True,True,False,e6f1a061ea
temporal_update_k4,static,False,long_rvos/e6f1a061ea/1/0,False,False,True,e6f1a061ea
temporal_update_k8,static,False,long_rvos/e6f1a061ea/1/0,True,True,False,e6f1a061ea
single_global,static,False,long_rvos/e6f1a061ea/1/2,False,False,False,e6f1a061ea
static_update_k2,static,False,long_rvos/e6f1a061ea/1/2,True,True,False,e6f1a061ea
static_update_k4,static,False,long_rvos/e6f1a061ea/1/2,False,False,True,e6f1a061ea
static_update_k8,static,False,long_rvos/e6f1a061ea/1/2,True,True,False,e6f1a061ea
temporal_update_k2,static,False,long_rvos/e6f1a061ea/1/2,True,True,False,e6f1a061ea
temporal_update_k4,static,False,long_rvos/e6f1a061ea/1/2,False,False,True,e6f1a061ea
temporal_update_k8,static,False,long_rvos/e6f1a061ea/1/2,True,True,False,e6f1a061ea
single_global,dynamic,False,long_rvos/c73c2a03a0/1/1,False,False,False,c73c2a03a0
static_update_k2,dynamic,False,long_rvos/c73c2a03a0/1/1,True,True,False,c73c2a03a0
static_update_k4,dynamic,False,long_rvos/c73c2a03a0/1/1,True,True,False,c73c2a03a0
static_update_k8,dynamic,False,long_rvos/c73c2a03a0/1/1,True,True,False,c73c2a03a0
temporal_update_k2,dynamic,False,long_rvos/c73c2a03a0/1/1,True,True,False,c73c2a03a0
temporal_update_k4,dynamic,False,long_rvos/c73c2a03a0/1/1,True,True,False,c73c2a03a0
temporal_update_k8,dynamic,False,long_rvos/c73c2a03a0/1/1,True,True,False,c73c2a03a0
single_global,hybrid,False,long_rvos/c73c2a03a0/1/4,False,False,False,c73c2a03a0
static_update_k2,hybrid,True,long_rvos/c73c2a03a0/1/4,True,False,False,c73c2a03a0
static_update_k4,hybrid,True,long_rvos/c73c2a03a0/1/4,True,False,False,c73c2a03a0
static_update_k8,hybrid,True,long_rvos/c73c2a03a0/1/4,True,True,False,c73c2a03a0
temporal_update_k2,hybrid,False,long_rvos/c73c2a03a0/1/4,True,True,False,c73c2a03a0
temporal_update_k4,hybrid,False,long_rvos/c73c2a03a0/1/4,True,True,False,c73c2a03a0
temporal_update_k8,hybrid,False,long_rvos/c73c2a03a0/1/4,True,True,False,c73c2a03a0
single_global,static,True,long_rvos/c73c2a03a0/1/0,True,False,False,c73c2a03a0
static_update_k2,static,True,long_rvos/c73c2a03a0/1/0,True,False,False,c73c2a03a0
static_update_k4,static,True,long_rvos/c73c2a03a0/1/0,True,False,False,c73c2a03a0
static_update_k8,static,True,long_rvos/c73c2a03a0/1/0,True,True,False,c73c2a03a0
temporal_update_k2,static,True,long_rvos/c73c2a03a0/1/0,True,False,False,c73c2a03a0
temporal_update_k4,static,True,long_rvos/c73c2a03a0/1/0,True,False,False,c73c2a03a0
temporal_update_k8,static,True,long_rvos/c73c2a03a0/1/0,True,True,False,c73c2a03a0
single_global,dynamic,True,long_rvos/7bdbd4f32f/1/1,True,False,False,7bdbd4f32f
static_update_k2,dynamic,True,long_rvos/7bdbd4f32f/1/1,False,False,True,7bdbd4f32f
static_update_k4,dynamic,True,long_rvos/7bdbd4f32f/1/1,False,False,True,7bdbd4f32f
static_update_k8,dynamic,True,long_rvos/7bdbd4f32f/1/1,False,False,True,7bdbd4f32f
temporal_update_k2,dynamic,True,long_rvos/7bdbd4f32f/1/1,False,False,True,7bdbd4f32f
temporal_update_k4,dynamic,True,long_rvos/7bdbd4f32f/1/1,False,False,True,7bdbd4f32f
temporal_update_k8,dynamic,True,long_rvos/7bdbd4f32f/1/1,False,False,True,7bdbd4f32f
single_global,dynamic,True,long_rvos/7bdbd4f32f/1/3,True,False,False,7bdbd4f32f
static_update_k2,dynamic,True,long_rvos/7bdbd4f32f/1/3,False,False,True,7bdbd4f32f
static_update_k4,dynamic,True,long_rvos/7bdbd4f32f/1/3,False,False,True,7bdbd4f32f
static_update_k8,dynamic,True,long_rvos/7bdbd4f32f/1/3,False,False,True,7bdbd4f32f
temporal_update_k2,dynamic,True,long_rvos/7bdbd4f32f/1/3,False,False,True,7bdbd4f32f
temporal_update_k4,dynamic,True,long_rvos/7bdbd4f32f/1/3,False,False,True,7bdbd4f32f
temporal_update_k8,dynamic,True,long_rvos/7bdbd4f32f/1/3,False,False,True,7bdbd4f32f
single_global,hybrid,True,long_rvos/7bdbd4f32f/1/12,True,False,False,7bdbd4f32f
static_update_k2,hybrid,True,long_rvos/7bdbd4f32f/1/12,False,False,True,7bdbd4f32f
static_update_k4,hybrid,True,long_rvos/7bdbd4f32f/1/12,False,False,True,7bdbd4f32f
static_update_k8,hybrid,True,long_rvos/7bdbd4f32f/1/12,False,False,True,7bdbd4f32f
temporal_update_k2,hybrid,True,long_rvos/7bdbd4f32f/1/12,False,False,True,7bdbd4f32f
temporal_update_k4,hybrid,True,long_rvos/7bdbd4f32f/1/12,False,False,True,7bdbd4f32f
temporal_update_k8,hybrid,True,long_rvos/7bdbd4f32f/1/12,False,False,True,7bdbd4f32f
single_global,hybrid,True,long_rvos/7bdbd4f32f/1/13,True,False,False,7bdbd4f32f
static_update_k2,hybrid,True,long_rvos/7bdbd4f32f/1/13,False,False,True,7bdbd4f32f
static_update_k4,hybrid,True,long_rvos/7bdbd4f32f/1/13,False,False,True,7bdbd4f32f
static_update_k8,hybrid,True,long_rvos/7bdbd4f32f/1/13,False,False,True,7bdbd4f32f
temporal_update_k2,hybrid,True,long_rvos/7bdbd4f32f/1/13,False,False,True,7bdbd4f32f
temporal_update_k4,hybrid,True,long_rvos/7bdbd4f32f/1/13,False,False,True,7bdbd4f32f
temporal_update_k8,hybrid,True,long_rvos/7bdbd4f32f/1/13,False,False,True,7bdbd4f32f
single_global,static,False,long_rvos/7bdbd4f32f/1/0,False,False,False,7bdbd4f32f
static_update_k2,static,False,long_rvos/7bdbd4f32f/1/0,False,False,False,7bdbd4f32f
static_update_k4,static,False,long_rvos/7bdbd4f32f/1/0,True,True,False,7bdbd4f32f
static_update_k8,static,False,long_rvos/7bdbd4f32f/1/0,True,True,False,7bdbd4f32f
temporal_update_k2,static,False,long_rvos/7bdbd4f32f/1/0,False,False,False,7bdbd4f32f
temporal_update_k4,static,False,long_rvos/7bdbd4f32f/1/0,True,True,False,7bdbd4f32f
temporal_update_k8,static,False,long_rvos/7bdbd4f32f/1/0,True,True,False,7bdbd4f32f
single_global,static,False,long_rvos/7bdbd4f32f/1/2,False,False,False,7bdbd4f32f
static_update_k2,static,False,long_rvos/7bdbd4f32f/1/2,False,False,False,7bdbd4f32f
static_update_k4,static,False,long_rvos/7bdbd4f32f/1/2,True,True,False,7bdbd4f32f
static_update_k8,static,False,long_rvos/7bdbd4f32f/1/2,True,True,False,7bdbd4f32f
temporal_update_k2,static,False,long_rvos/7bdbd4f32f/1/2,False,False,False,7bdbd4f32f
temporal_update_k4,static,False,long_rvos/7bdbd4f32f/1/2,True,True,False,7bdbd4f32f
temporal_update_k8,static,False,long_rvos/7bdbd4f32f/1/2,True,True,False,7bdbd4f32f
single_global,dynamic,True,long_rvos/2683deffcb/1/1,True,False,False,2683deffcb
static_update_k2,dynamic,True,long_rvos/2683deffcb/1/1,True,False,False,2683deffcb
static_update_k4,dynamic,True,long_rvos/2683deffcb/1/1,True,False,False,2683deffcb
static_update_k8,dynamic,True,long_rvos/2683deffcb/1/1,True,False,False,2683deffcb
temporal_update_k2,dynamic,True,long_rvos/2683deffcb/1/1,True,False,False,2683deffcb
temporal_update_k4,dynamic,True,long_rvos/2683deffcb/1/1,True,False,False,2683deffcb
temporal_update_k8,dynamic,True,long_rvos/2683deffcb/1/1,True,False,False,2683deffcb
single_global,hybrid,False,long_rvos/2683deffcb/1/5,False,False,False,2683deffcb
static_update_k2,hybrid,False,long_rvos/2683deffcb/1/5,False,False,False,2683deffcb
static_update_k4,hybrid,False,long_rvos/2683deffcb/1/5,False,False,False,2683deffcb
static_update_k8,hybrid,False,long_rvos/2683deffcb/1/5,False,False,False,2683deffcb
temporal_update_k2,hybrid,False,long_rvos/2683deffcb/1/5,False,False,False,2683deffcb
temporal_update_k4,hybrid,False,long_rvos/2683deffcb/1/5,False,False,False,2683deffcb
temporal_update_k8,hybrid,False,long_rvos/2683deffcb/1/5,False,False,False,2683deffcb
single_global,static,False,long_rvos/2683deffcb/1/0,False,False,False,2683deffcb
static_update_k2,static,False,long_rvos/2683deffcb/1/0,False,False,False,2683deffcb
static_update_k4,static,False,long_rvos/2683deffcb/1/0,False,False,False,2683deffcb
static_update_k8,static,False,long_rvos/2683deffcb/1/0,False,False,False,2683deffcb
temporal_update_k2,static,False,long_rvos/2683deffcb/1/0,False,False,False,2683deffcb
temporal_update_k4,static,False,long_rvos/2683deffcb/1/0,False,False,False,2683deffcb
temporal_update_k8,static,False,long_rvos/2683deffcb/1/0,False,False,False,2683deffcb
single_global,dynamic,True,long_rvos/8093ebd9a3/3/9,True,False,False,8093ebd9a3
static_update_k2,dynamic,False,long_rvos/8093ebd9a3/3/9,False,False,False,8093ebd9a3
static_update_k4,dynamic,False,long_rvos/8093ebd9a3/3/9,False,False,False,8093ebd9a3
static_update_k8,dynamic,False,long_rvos/8093ebd9a3/3/9,False,False,True,8093ebd9a3
temporal_update_k2,dynamic,True,long_rvos/8093ebd9a3/3/9,False,False,True,8093ebd9a3
temporal_update_k4,dynamic,True,long_rvos/8093ebd9a3/3/9,False,False,True,8093ebd9a3
temporal_update_k8,dynamic,True,long_rvos/8093ebd9a3/3/9,False,False,True,8093ebd9a3
single_global,hybrid,True,long_rvos/8093ebd9a3/3/14,True,False,False,8093ebd9a3
static_update_k2,hybrid,False,long_rvos/8093ebd9a3/3/14,False,False,False,8093ebd9a3
static_update_k4,hybrid,False,long_rvos/8093ebd9a3/3/14,False,False,False,8093ebd9a3
static_update_k8,hybrid,False,long_rvos/8093ebd9a3/3/14,False,False,True,8093ebd9a3
temporal_update_k2,hybrid,True,long_rvos/8093ebd9a3/3/14,False,False,True,8093ebd9a3
temporal_update_k4,hybrid,True,long_rvos/8093ebd9a3/3/14,False,False,True,8093ebd9a3
temporal_update_k8,hybrid,True,long_rvos/8093ebd9a3/3/14,False,False,True,8093ebd9a3
single_global,static,False,long_rvos/8093ebd9a3/3/8,False,False,False,8093ebd9a3
static_update_k2,static,False,long_rvos/8093ebd9a3/3/8,False,False,False,8093ebd9a3
static_update_k4,static,False,long_rvos/8093ebd9a3/3/8,False,False,False,8093ebd9a3
static_update_k8,static,False,long_rvos/8093ebd9a3/3/8,False,False,True,8093ebd9a3
temporal_update_k2,static,False,long_rvos/8093ebd9a3/3/8,False,False,False,8093ebd9a3
temporal_update_k4,static,False,long_rvos/8093ebd9a3/3/8,False,False,False,8093ebd9a3
temporal_update_k8,static,False,long_rvos/8093ebd9a3/3/8,False,False,True,8093ebd9a3
single_global,dynamic,True,long_rvos/a500f0e77c/1/1,True,False,False,a500f0e77c
static_update_k2,dynamic,True,long_rvos/a500f0e77c/1/1,True,False,False,a500f0e77c
static_update_k4,dynamic,True,long_rvos/a500f0e77c/1/1,True,False,False,a500f0e77c
static_update_k8,dynamic,True,long_rvos/a500f0e77c/1/1,True,False,False,a500f0e77c
temporal_update_k2,dynamic,True,long_rvos/a500f0e77c/1/1,True,False,False,a500f0e77c
temporal_update_k4,dynamic,True,long_rvos/a500f0e77c/1/1,True,False,False,a500f0e77c
temporal_update_k8,dynamic,True,long_rvos/a500f0e77c/1/1,True,False,False,a500f0e77c
single_global,hybrid,True,long_rvos/a500f0e77c/1/4,True,False,False,a500f0e77c
static_update_k2,hybrid,True,long_rvos/a500f0e77c/1/4,True,False,False,a500f0e77c
static_update_k4,hybrid,True,long_rvos/a500f0e77c/1/4,True,False,False,a500f0e77c
static_update_k8,hybrid,True,long_rvos/a500f0e77c/1/4,True,False,False,a500f0e77c
temporal_update_k2,hybrid,True,long_rvos/a500f0e77c/1/4,True,False,False,a500f0e77c
temporal_update_k4,hybrid,True,long_rvos/a500f0e77c/1/4,True,False,False,a500f0e77c
temporal_update_k8,hybrid,True,long_rvos/a500f0e77c/1/4,True,False,False,a500f0e77c
single_global,static,True,long_rvos/a500f0e77c/1/0,True,False,False,a500f0e77c
static_update_k2,static,True,long_rvos/a500f0e77c/1/0,True,False,False,a500f0e77c
static_update_k4,static,True,long_rvos/a500f0e77c/1/0,True,False,False,a500f0e77c
static_update_k8,static,True,long_rvos/a500f0e77c/1/0,True,False,False,a500f0e77c
temporal_update_k2,static,True,long_rvos/a500f0e77c/1/0,True,False,False,a500f0e77c
temporal_update_k4,static,True,long_rvos/a500f0e77c/1/0,True,False,False,a500f0e77c
temporal_update_k8,static,True,long_rvos/a500f0e77c/1/0,True,False,False,a500f0e77c
single_global,dynamic,True,long_rvos/939b6aed6d/7/26,True,False,False,939b6aed6d
static_update_k2,dynamic,False,long_rvos/939b6aed6d/7/26,False,False,False,939b6aed6d
static_update_k4,dynamic,False,long_rvos/939b6aed6d/7/26,True,True,False,939b6aed6d
static_update_k8,dynamic,False,long_rvos/939b6aed6d/7/26,False,False,True,939b6aed6d
temporal_update_k2,dynamic,True,long_rvos/939b6aed6d/7/26,False,False,True,939b6aed6d
temporal_update_k4,dynamic,True,long_rvos/939b6aed6d/7/26,True,True,False,939b6aed6d
temporal_update_k8,dynamic,True,long_rvos/939b6aed6d/7/26,False,False,True,939b6aed6d
single_global,hybrid,False,long_rvos/939b6aed6d/7/33,False,False,False,939b6aed6d
static_update_k2,hybrid,True,long_rvos/939b6aed6d/7/33,False,False,True,939b6aed6d
static_update_k4,hybrid,True,long_rvos/939b6aed6d/7/33,False,False,True,939b6aed6d
static_update_k8,hybrid,True,long_rvos/939b6aed6d/7/33,False,False,True,939b6aed6d
temporal_update_k2,hybrid,False,long_rvos/939b6aed6d/7/33,False,False,False,939b6aed6d
temporal_update_k4,hybrid,False,long_rvos/939b6aed6d/7/33,True,True,False,939b6aed6d
temporal_update_k8,hybrid,False,long_rvos/939b6aed6d/7/33,False,False,True,939b6aed6d
single_global,static,True,long_rvos/939b6aed6d/7/24,True,False,False,939b6aed6d
static_update_k2,static,True,long_rvos/939b6aed6d/7/24,False,False,True,939b6aed6d
static_update_k4,static,True,long_rvos/939b6aed6d/7/24,True,True,False,939b6aed6d
static_update_k8,static,True,long_rvos/939b6aed6d/7/24,False,False,True,939b6aed6d
temporal_update_k2,static,True,long_rvos/939b6aed6d/7/24,False,False,True,939b6aed6d
temporal_update_k4,static,True,long_rvos/939b6aed6d/7/24,True,True,False,939b6aed6d
temporal_update_k8,static,True,long_rvos/939b6aed6d/7/24,False,False,True,939b6aed6d
single_global,static,False,long_rvos/939b6aed6d/7/25,False,False,False,939b6aed6d
static_update_k2,static,False,long_rvos/939b6aed6d/7/25,False,False,False,939b6aed6d
static_update_k4,static,False,long_rvos/939b6aed6d/7/25,False,False,False,939b6aed6d
static_update_k8,static,False,long_rvos/939b6aed6d/7/25,False,False,False,939b6aed6d
temporal_update_k2,static,False,long_rvos/939b6aed6d/7/25,False,False,False,939b6aed6d
temporal_update_k4,static,False,long_rvos/939b6aed6d/7/25,False,False,False,939b6aed6d
temporal_update_k8,static,False,long_rvos/939b6aed6d/7/25,False,False,False,939b6aed6d
single_global,dynamic,True,long_rvos/ddc213ba3f/2/3,True,False,False,ddc213ba3f
static_update_k2,dynamic,True,long_rvos/ddc213ba3f/2/3,True,False,False,ddc213ba3f
static_update_k4,dynamic,True,long_rvos/ddc213ba3f/2/3,True,False,False,ddc213ba3f
static_update_k8,dynamic,True,long_rvos/ddc213ba3f/2/3,True,False,False,ddc213ba3f
temporal_update_k2,dynamic,True,long_rvos/ddc213ba3f/2/3,True,False,False,ddc213ba3f
temporal_update_k4,dynamic,True,long_rvos/ddc213ba3f/2/3,True,False,False,ddc213ba3f
temporal_update_k8,dynamic,True,long_rvos/ddc213ba3f/2/3,True,False,False,ddc213ba3f
single_global,hybrid,True,long_rvos/ddc213ba3f/2/19,True,False,False,ddc213ba3f
static_update_k2,hybrid,True,long_rvos/ddc213ba3f/2/19,True,False,False,ddc213ba3f
static_update_k4,hybrid,True,long_rvos/ddc213ba3f/2/19,True,False,False,ddc213ba3f
static_update_k8,hybrid,True,long_rvos/ddc213ba3f/2/19,True,False,False,ddc213ba3f
temporal_update_k2,hybrid,True,long_rvos/ddc213ba3f/2/19,True,False,False,ddc213ba3f
temporal_update_k4,hybrid,True,long_rvos/ddc213ba3f/2/19,True,False,False,ddc213ba3f
temporal_update_k8,hybrid,True,long_rvos/ddc213ba3f/2/19,True,False,False,ddc213ba3f
single_global,static,True,long_rvos/ddc213ba3f/2/2,True,False,False,ddc213ba3f
static_update_k2,static,True,long_rvos/ddc213ba3f/2/2,True,False,False,ddc213ba3f
static_update_k4,static,True,long_rvos/ddc213ba3f/2/2,True,False,False,ddc213ba3f
static_update_k8,static,True,long_rvos/ddc213ba3f/2/2,True,False,False,ddc213ba3f
temporal_update_k2,static,True,long_rvos/ddc213ba3f/2/2,True,False,False,ddc213ba3f
temporal_update_k4,static,True,long_rvos/ddc213ba3f/2/2,True,False,False,ddc213ba3f
temporal_update_k8,static,True,long_rvos/ddc213ba3f/2/2,True,False,False,ddc213ba3f
single_global,dynamic,False,long_rvos/6a1db02e31/2/5,False,False,False,6a1db02e31
static_update_k2,dynamic,False,long_rvos/6a1db02e31/2/5,False,False,False,6a1db02e31
static_update_k4,dynamic,False,long_rvos/6a1db02e31/2/5,False,False,True,6a1db02e31
static_update_k8,dynamic,False,long_rvos/6a1db02e31/2/5,False,False,True,6a1db02e31
temporal_update_k2,dynamic,False,long_rvos/6a1db02e31/2/5,False,False,False,6a1db02e31
temporal_update_k4,dynamic,False,long_rvos/6a1db02e31/2/5,False,False,True,6a1db02e31
temporal_update_k8,dynamic,False,long_rvos/6a1db02e31/2/5,False,False,True,6a1db02e31
single_global,dynamic,False,long_rvos/6a1db02e31/2/7,False,False,False,6a1db02e31
static_update_k2,dynamic,False,long_rvos/6a1db02e31/2/7,False,False,False,6a1db02e31
static_update_k4,dynamic,False,long_rvos/6a1db02e31/2/7,False,False,True,6a1db02e31
static_update_k8,dynamic,False,long_rvos/6a1db02e31/2/7,False,False,True,6a1db02e31
temporal_update_k2,dynamic,False,long_rvos/6a1db02e31/2/7,False,False,False,6a1db02e31
temporal_update_k4,dynamic,False,long_rvos/6a1db02e31/2/7,False,False,True,6a1db02e31
temporal_update_k8,dynamic,False,long_rvos/6a1db02e31/2/7,False,False,True,6a1db02e31
single_global,hybrid,False,long_rvos/6a1db02e31/2/10,False,False,False,6a1db02e31
static_update_k2,hybrid,False,long_rvos/6a1db02e31/2/10,False,False,False,6a1db02e31
static_update_k4,hybrid,False,long_rvos/6a1db02e31/2/10,False,False,False,6a1db02e31
static_update_k8,hybrid,False,long_rvos/6a1db02e31/2/10,False,False,False,6a1db02e31
temporal_update_k2,hybrid,False,long_rvos/6a1db02e31/2/10,False,False,False,6a1db02e31
temporal_update_k4,hybrid,False,long_rvos/6a1db02e31/2/10,False,False,False,6a1db02e31
temporal_update_k8,hybrid,False,long_rvos/6a1db02e31/2/10,False,False,False,6a1db02e31
single_global,hybrid,False,long_rvos/6a1db02e31/2/11,False,False,False,6a1db02e31
static_update_k2,hybrid,False,long_rvos/6a1db02e31/2/11,False,False,False,6a1db02e31
static_update_k4,hybrid,False,long_rvos/6a1db02e31/2/11,False,False,True,6a1db02e31
static_update_k8,hybrid,False,long_rvos/6a1db02e31/2/11,False,False,True,6a1db02e31
temporal_update_k2,hybrid,False,long_rvos/6a1db02e31/2/11,False,False,False,6a1db02e31
temporal_update_k4,hybrid,False,long_rvos/6a1db02e31/2/11,False,False,True,6a1db02e31
temporal_update_k8,hybrid,False,long_rvos/6a1db02e31/2/11,False,False,True,6a1db02e31
single_global,static,False,long_rvos/6a1db02e31/2/4,False,False,False,6a1db02e31
static_update_k2,static,False,long_rvos/6a1db02e31/2/4,False,False,False,6a1db02e31
static_update_k4,static,False,long_rvos/6a1db02e31/2/4,False,False,False,6a1db02e31
static_update_k8,static,False,long_rvos/6a1db02e31/2/4,False,False,False,6a1db02e31
temporal_update_k2,static,False,long_rvos/6a1db02e31/2/4,False,False,False,6a1db02e31
temporal_update_k4,static,False,long_rvos/6a1db02e31/2/4,False,False,False,6a1db02e31
temporal_update_k8,static,False,long_rvos/6a1db02e31/2/4,False,False,False,6a1db02e31
single_global,static,False,long_rvos/6a1db02e31/2/6,False,False,False,6a1db02e31
static_update_k2,static,False,long_rvos/6a1db02e31/2/6,False,False,False,6a1db02e31
static_update_k4,static,False,long_rvos/6a1db02e31/2/6,False,False,False,6a1db02e31
static_update_k8,static,False,long_rvos/6a1db02e31/2/6,False,False,False,6a1db02e31
temporal_update_k2,static,False,long_rvos/6a1db02e31/2/6,False,False,False,6a1db02e31
temporal_update_k4,static,False,long_rvos/6a1db02e31/2/6,False,False,False,6a1db02e31
temporal_update_k8,static,False,long_rvos/6a1db02e31/2/6,False,False,False,6a1db02e31
single_global,dynamic,False,long_rvos/a8b6fd5e4d/2/5,False,False,False,a8b6fd5e4d
static_update_k2,dynamic,False,long_rvos/a8b6fd5e4d/2/5,True,True,False,a8b6fd5e4d
static_update_k4,dynamic,False,long_rvos/a8b6fd5e4d/2/5,False,False,True,a8b6fd5e4d
static_update_k8,dynamic,False,long_rvos/a8b6fd5e4d/2/5,True,True,False,a8b6fd5e4d
temporal_update_k2,dynamic,False,long_rvos/a8b6fd5e4d/2/5,True,True,False,a8b6fd5e4d
temporal_update_k4,dynamic,False,long_rvos/a8b6fd5e4d/2/5,False,False,True,a8b6fd5e4d
temporal_update_k8,dynamic,False,long_rvos/a8b6fd5e4d/2/5,True,True,False,a8b6fd5e4d
single_global,dynamic,False,long_rvos/a8b6fd5e4d/2/7,False,False,False,a8b6fd5e4d
static_update_k2,dynamic,False,long_rvos/a8b6fd5e4d/2/7,True,True,False,a8b6fd5e4d
static_update_k4,dynamic,False,long_rvos/a8b6fd5e4d/2/7,True,True,False,a8b6fd5e4d
static_update_k8,dynamic,False,long_rvos/a8b6fd5e4d/2/7,True,True,False,a8b6fd5e4d
temporal_update_k2,dynamic,False,long_rvos/a8b6fd5e4d/2/7,True,True,False,a8b6fd5e4d
temporal_update_k4,dynamic,False,long_rvos/a8b6fd5e4d/2/7,True,True,False,a8b6fd5e4d
temporal_update_k8,dynamic,False,long_rvos/a8b6fd5e4d/2/7,True,True,False,a8b6fd5e4d
single_global,hybrid,False,long_rvos/a8b6fd5e4d/2/10,False,False,False,a8b6fd5e4d
static_update_k2,hybrid,False,long_rvos/a8b6fd5e4d/2/10,True,True,False,a8b6fd5e4d
static_update_k4,hybrid,False,long_rvos/a8b6fd5e4d/2/10,False,False,True,a8b6fd5e4d
static_update_k8,hybrid,False,long_rvos/a8b6fd5e4d/2/10,True,True,False,a8b6fd5e4d
temporal_update_k2,hybrid,False,long_rvos/a8b6fd5e4d/2/10,True,True,False,a8b6fd5e4d
temporal_update_k4,hybrid,False,long_rvos/a8b6fd5e4d/2/10,False,False,True,a8b6fd5e4d
temporal_update_k8,hybrid,False,long_rvos/a8b6fd5e4d/2/10,True,True,False,a8b6fd5e4d
single_global,hybrid,False,long_rvos/a8b6fd5e4d/2/11,False,False,False,a8b6fd5e4d
static_update_k2,hybrid,False,long_rvos/a8b6fd5e4d/2/11,True,True,False,a8b6fd5e4d
static_update_k4,hybrid,False,long_rvos/a8b6fd5e4d/2/11,True,True,False,a8b6fd5e4d
static_update_k8,hybrid,False,long_rvos/a8b6fd5e4d/2/11,True,True,False,a8b6fd5e4d
temporal_update_k2,hybrid,False,long_rvos/a8b6fd5e4d/2/11,True,True,False,a8b6fd5e4d
temporal_update_k4,hybrid,False,long_rvos/a8b6fd5e4d/2/11,True,True,False,a8b6fd5e4d
temporal_update_k8,hybrid,False,long_rvos/a8b6fd5e4d/2/11,True,True,False,a8b6fd5e4d
single_global,static,False,long_rvos/a8b6fd5e4d/2/4,False,False,False,a8b6fd5e4d
static_update_k2,static,False,long_rvos/a8b6fd5e4d/2/4,False,False,False,a8b6fd5e4d
static_update_k4,static,False,long_rvos/a8b6fd5e4d/2/4,False,False,False,a8b6fd5e4d
static_update_k8,static,False,long_rvos/a8b6fd5e4d/2/4,False,False,False,a8b6fd5e4d
temporal_update_k2,static,False,long_rvos/a8b6fd5e4d/2/4,False,False,False,a8b6fd5e4d
temporal_update_k4,static,False,long_rvos/a8b6fd5e4d/2/4,False,False,False,a8b6fd5e4d
temporal_update_k8,static,False,long_rvos/a8b6fd5e4d/2/4,False,False,False,a8b6fd5e4d
single_global,static,False,long_rvos/a8b6fd5e4d/2/6,False,False,False,a8b6fd5e4d
static_update_k2,static,False,long_rvos/a8b6fd5e4d/2/6,False,False,False,a8b6fd5e4d
static_update_k4,static,False,long_rvos/a8b6fd5e4d/2/6,False,False,False,a8b6fd5e4d
static_update_k8,static,False,long_rvos/a8b6fd5e4d/2/6,False,False,False,a8b6fd5e4d
temporal_update_k2,static,False,long_rvos/a8b6fd5e4d/2/6,False,False,False,a8b6fd5e4d
temporal_update_k4,static,False,long_rvos/a8b6fd5e4d/2/6,False,False,False,a8b6fd5e4d
temporal_update_k8,static,False,long_rvos/a8b6fd5e4d/2/6,False,False,False,a8b6fd5e4d
single_global,dynamic,False,long_rvos/8290c48fcb/9/17,False,False,False,8290c48fcb
static_update_k2,dynamic,False,long_rvos/8290c48fcb/9/17,True,True,False,8290c48fcb
static_update_k4,dynamic,False,long_rvos/8290c48fcb/9/17,True,True,False,8290c48fcb
static_update_k8,dynamic,False,long_rvos/8290c48fcb/9/17,False,False,True,8290c48fcb
temporal_update_k2,dynamic,False,long_rvos/8290c48fcb/9/17,True,True,False,8290c48fcb
temporal_update_k4,dynamic,False,long_rvos/8290c48fcb/9/17,True,True,False,8290c48fcb
temporal_update_k8,dynamic,False,long_rvos/8290c48fcb/9/17,False,False,True,8290c48fcb
single_global,hybrid,False,long_rvos/8290c48fcb/9/25,False,False,False,8290c48fcb
static_update_k2,hybrid,False,long_rvos/8290c48fcb/9/25,True,True,False,8290c48fcb
static_update_k4,hybrid,False,long_rvos/8290c48fcb/9/25,True,True,False,8290c48fcb
static_update_k8,hybrid,False,long_rvos/8290c48fcb/9/25,False,False,True,8290c48fcb
temporal_update_k2,hybrid,False,long_rvos/8290c48fcb/9/25,True,True,False,8290c48fcb
temporal_update_k4,hybrid,False,long_rvos/8290c48fcb/9/25,True,True,False,8290c48fcb
temporal_update_k8,hybrid,False,long_rvos/8290c48fcb/9/25,False,False,True,8290c48fcb
single_global,static,False,long_rvos/8290c48fcb/9/16,False,False,False,8290c48fcb
static_update_k2,static,False,long_rvos/8290c48fcb/9/16,True,True,False,8290c48fcb
static_update_k4,static,False,long_rvos/8290c48fcb/9/16,True,True,False,8290c48fcb
static_update_k8,static,False,long_rvos/8290c48fcb/9/16,False,False,True,8290c48fcb
temporal_update_k2,static,False,long_rvos/8290c48fcb/9/16,True,True,False,8290c48fcb
temporal_update_k4,static,False,long_rvos/8290c48fcb/9/16,True,True,False,8290c48fcb
temporal_update_k8,static,False,long_rvos/8290c48fcb/9/16,False,False,True,8290c48fcb
single_global,dynamic,True,long_rvos/30f4d962f9/1/1,True,False,False,30f4d962f9
static_update_k2,dynamic,True,long_rvos/30f4d962f9/1/1,False,False,True,30f4d962f9
static_update_k4,dynamic,True,long_rvos/30f4d962f9/1/1,False,False,True,30f4d962f9
static_update_k8,dynamic,True,long_rvos/30f4d962f9/1/1,True,True,False,30f4d962f9
temporal_update_k2,dynamic,True,long_rvos/30f4d962f9/1/1,False,False,True,30f4d962f9
temporal_update_k4,dynamic,True,long_rvos/30f4d962f9/1/1,False,False,True,30f4d962f9
temporal_update_k8,dynamic,True,long_rvos/30f4d962f9/1/1,True,True,False,30f4d962f9
single_global,hybrid,True,long_rvos/30f4d962f9/1/4,True,False,False,30f4d962f9
static_update_k2,hybrid,True,long_rvos/30f4d962f9/1/4,False,False,True,30f4d962f9
static_update_k4,hybrid,True,long_rvos/30f4d962f9/1/4,False,False,True,30f4d962f9
static_update_k8,hybrid,True,long_rvos/30f4d962f9/1/4,True,True,False,30f4d962f9
temporal_update_k2,hybrid,True,long_rvos/30f4d962f9/1/4,False,False,True,30f4d962f9
temporal_update_k4,hybrid,True,long_rvos/30f4d962f9/1/4,False,False,True,30f4d962f9
temporal_update_k8,hybrid,True,long_rvos/30f4d962f9/1/4,True,True,False,30f4d962f9
single_global,static,True,long_rvos/30f4d962f9/1/0,True,False,False,30f4d962f9
static_update_k2,static,True,long_rvos/30f4d962f9/1/0,False,False,True,30f4d962f9
static_update_k4,static,True,long_rvos/30f4d962f9/1/0,True,True,False,30f4d962f9
static_update_k8,static,True,long_rvos/30f4d962f9/1/0,True,True,False,30f4d962f9
temporal_update_k2,static,True,long_rvos/30f4d962f9/1/0,True,False,False,30f4d962f9
temporal_update_k4,static,True,long_rvos/30f4d962f9/1/0,True,False,False,30f4d962f9
temporal_update_k8,static,True,long_rvos/30f4d962f9/1/0,True,False,False,30f4d962f9
single_global,dynamic,True,long_rvos/976257d833/1/1,True,False,False,976257d833
static_update_k2,dynamic,True,long_rvos/976257d833/1/1,True,False,False,976257d833
static_update_k4,dynamic,True,long_rvos/976257d833/1/1,True,False,False,976257d833
static_update_k8,dynamic,True,long_rvos/976257d833/1/1,True,False,False,976257d833
temporal_update_k2,dynamic,True,long_rvos/976257d833/1/1,True,False,False,976257d833
temporal_update_k4,dynamic,True,long_rvos/976257d833/1/1,True,False,False,976257d833
temporal_update_k8,dynamic,True,long_rvos/976257d833/1/1,True,False,False,976257d833
single_global,dynamic,True,long_rvos/976257d833/1/3,True,False,False,976257d833
static_update_k2,dynamic,True,long_rvos/976257d833/1/3,True,False,False,976257d833
static_update_k4,dynamic,True,long_rvos/976257d833/1/3,True,False,False,976257d833
static_update_k8,dynamic,True,long_rvos/976257d833/1/3,True,False,False,976257d833
temporal_update_k2,dynamic,True,long_rvos/976257d833/1/3,True,False,False,976257d833
temporal_update_k4,dynamic,True,long_rvos/976257d833/1/3,True,False,False,976257d833
temporal_update_k8,dynamic,True,long_rvos/976257d833/1/3,True,False,False,976257d833
single_global,hybrid,True,long_rvos/976257d833/1/8,True,False,False,976257d833
static_update_k2,hybrid,True,long_rvos/976257d833/1/8,True,False,False,976257d833
static_update_k4,hybrid,True,long_rvos/976257d833/1/8,True,False,False,976257d833
static_update_k8,hybrid,True,long_rvos/976257d833/1/8,True,False,False,976257d833
temporal_update_k2,hybrid,True,long_rvos/976257d833/1/8,True,False,False,976257d833
temporal_update_k4,hybrid,True,long_rvos/976257d833/1/8,True,False,False,976257d833
temporal_update_k8,hybrid,True,long_rvos/976257d833/1/8,True,False,False,976257d833
single_global,hybrid,True,long_rvos/976257d833/1/9,True,False,False,976257d833
static_update_k2,hybrid,True,long_rvos/976257d833/1/9,True,False,False,976257d833
static_update_k4,hybrid,True,long_rvos/976257d833/1/9,True,True,False,976257d833
static_update_k8,hybrid,True,long_rvos/976257d833/1/9,True,True,False,976257d833
temporal_update_k2,hybrid,True,long_rvos/976257d833/1/9,True,False,False,976257d833
temporal_update_k4,hybrid,True,long_rvos/976257d833/1/9,True,False,False,976257d833
temporal_update_k8,hybrid,True,long_rvos/976257d833/1/9,True,False,False,976257d833
single_global,static,True,long_rvos/976257d833/1/0,True,False,False,976257d833
static_update_k2,static,True,long_rvos/976257d833/1/0,True,False,False,976257d833
static_update_k4,static,True,long_rvos/976257d833/1/0,True,False,False,976257d833
static_update_k8,static,True,long_rvos/976257d833/1/0,True,False,False,976257d833
temporal_update_k2,static,True,long_rvos/976257d833/1/0,True,False,False,976257d833
temporal_update_k4,static,True,long_rvos/976257d833/1/0,True,False,False,976257d833
temporal_update_k8,static,True,long_rvos/976257d833/1/0,True,False,False,976257d833
single_global,static,True,long_rvos/976257d833/1/2,True,False,False,976257d833
static_update_k2,static,True,long_rvos/976257d833/1/2,True,False,False,976257d833
static_update_k4,static,True,long_rvos/976257d833/1/2,True,False,False,976257d833
static_update_k8,static,True,long_rvos/976257d833/1/2,True,False,False,976257d833
temporal_update_k2,static,True,long_rvos/976257d833/1/2,True,False,False,976257d833
temporal_update_k4,static,True,long_rvos/976257d833/1/2,True,False,False,976257d833
temporal_update_k8,static,True,long_rvos/976257d833/1/2,True,False,False,976257d833
single_global,dynamic,True,long_rvos/046ee6aa1a/2/3,True,False,False,046ee6aa1a
static_update_k2,dynamic,True,long_rvos/046ee6aa1a/2/3,False,False,True,046ee6aa1a
static_update_k4,dynamic,True,long_rvos/046ee6aa1a/2/3,False,False,True,046ee6aa1a
static_update_k8,dynamic,True,long_rvos/046ee6aa1a/2/3,True,True,False,046ee6aa1a
temporal_update_k2,dynamic,True,long_rvos/046ee6aa1a/2/3,False,False,True,046ee6aa1a
temporal_update_k4,dynamic,True,long_rvos/046ee6aa1a/2/3,False,False,True,046ee6aa1a
temporal_update_k8,dynamic,True,long_rvos/046ee6aa1a/2/3,True,True,False,046ee6aa1a
single_global,dynamic,True,long_rvos/046ee6aa1a/2/5,True,False,False,046ee6aa1a
static_update_k2,dynamic,True,long_rvos/046ee6aa1a/2/5,False,False,True,046ee6aa1a
static_update_k4,dynamic,True,long_rvos/046ee6aa1a/2/5,False,False,True,046ee6aa1a
static_update_k8,dynamic,True,long_rvos/046ee6aa1a/2/5,True,True,False,046ee6aa1a
temporal_update_k2,dynamic,True,long_rvos/046ee6aa1a/2/5,False,False,True,046ee6aa1a
temporal_update_k4,dynamic,True,long_rvos/046ee6aa1a/2/5,False,False,True,046ee6aa1a
temporal_update_k8,dynamic,True,long_rvos/046ee6aa1a/2/5,True,True,False,046ee6aa1a
single_global,static,True,long_rvos/046ee6aa1a/2/2,True,False,False,046ee6aa1a
static_update_k2,static,True,long_rvos/046ee6aa1a/2/2,False,False,True,046ee6aa1a
static_update_k4,static,True,long_rvos/046ee6aa1a/2/2,False,False,True,046ee6aa1a
static_update_k8,static,True,long_rvos/046ee6aa1a/2/2,True,True,False,046ee6aa1a
temporal_update_k2,static,True,long_rvos/046ee6aa1a/2/2,False,False,True,046ee6aa1a
temporal_update_k4,static,True,long_rvos/046ee6aa1a/2/2,False,False,True,046ee6aa1a
temporal_update_k8,static,True,long_rvos/046ee6aa1a/2/2,True,True,False,046ee6aa1a
single_global,dynamic,False,long_rvos/30c20fb4c1/3/11,False,False,False,30c20fb4c1
static_update_k2,dynamic,False,long_rvos/30c20fb4c1/3/11,False,False,False,30c20fb4c1
static_update_k4,dynamic,False,long_rvos/30c20fb4c1/3/11,False,False,False,30c20fb4c1
static_update_k8,dynamic,False,long_rvos/30c20fb4c1/3/11,False,False,False,30c20fb4c1
temporal_update_k2,dynamic,False,long_rvos/30c20fb4c1/3/11,False,False,False,30c20fb4c1
temporal_update_k4,dynamic,False,long_rvos/30c20fb4c1/3/11,False,False,False,30c20fb4c1
temporal_update_k8,dynamic,False,long_rvos/30c20fb4c1/3/11,False,False,False,30c20fb4c1
single_global,dynamic,False,long_rvos/30c20fb4c1/3/9,False,False,False,30c20fb4c1
static_update_k2,dynamic,False,long_rvos/30c20fb4c1/3/9,False,False,False,30c20fb4c1
static_update_k4,dynamic,False,long_rvos/30c20fb4c1/3/9,False,False,False,30c20fb4c1
static_update_k8,dynamic,False,long_rvos/30c20fb4c1/3/9,False,False,False,30c20fb4c1
temporal_update_k2,dynamic,False,long_rvos/30c20fb4c1/3/9,False,False,False,30c20fb4c1
temporal_update_k4,dynamic,False,long_rvos/30c20fb4c1/3/9,False,False,False,30c20fb4c1
temporal_update_k8,dynamic,False,long_rvos/30c20fb4c1/3/9,False,False,False,30c20fb4c1
single_global,hybrid,False,long_rvos/30c20fb4c1/3/14,False,False,False,30c20fb4c1
static_update_k2,hybrid,False,long_rvos/30c20fb4c1/3/14,False,False,False,30c20fb4c1
static_update_k4,hybrid,False,long_rvos/30c20fb4c1/3/14,False,False,False,30c20fb4c1
static_update_k8,hybrid,False,long_rvos/30c20fb4c1/3/14,False,False,False,30c20fb4c1
temporal_update_k2,hybrid,False,long_rvos/30c20fb4c1/3/14,False,False,False,30c20fb4c1
temporal_update_k4,hybrid,False,long_rvos/30c20fb4c1/3/14,False,False,False,30c20fb4c1
temporal_update_k8,hybrid,False,long_rvos/30c20fb4c1/3/14,False,False,False,30c20fb4c1
single_global,static,False,long_rvos/30c20fb4c1/3/10,False,False,False,30c20fb4c1
static_update_k2,static,False,long_rvos/30c20fb4c1/3/10,False,False,False,30c20fb4c1
static_update_k4,static,False,long_rvos/30c20fb4c1/3/10,False,False,False,30c20fb4c1
static_update_k8,static,False,long_rvos/30c20fb4c1/3/10,False,False,False,30c20fb4c1
temporal_update_k2,static,False,long_rvos/30c20fb4c1/3/10,False,False,False,30c20fb4c1
temporal_update_k4,static,False,long_rvos/30c20fb4c1/3/10,False,False,False,30c20fb4c1
temporal_update_k8,static,False,long_rvos/30c20fb4c1/3/10,False,False,False,30c20fb4c1
single_global,static,False,long_rvos/30c20fb4c1/3/8,False,False,False,30c20fb4c1
static_update_k2,static,False,long_rvos/30c20fb4c1/3/8,False,False,False,30c20fb4c1
static_update_k4,static,False,long_rvos/30c20fb4c1/3/8,False,False,False,30c20fb4c1
static_update_k8,static,False,long_rvos/30c20fb4c1/3/8,False,False,False,30c20fb4c1
temporal_update_k2,static,False,long_rvos/30c20fb4c1/3/8,False,False,False,30c20fb4c1
temporal_update_k4,static,False,long_rvos/30c20fb4c1/3/8,False,False,False,30c20fb4c1
temporal_update_k8,static,False,long_rvos/30c20fb4c1/3/8,False,False,False,30c20fb4c1
single_global,dynamic,True,long_rvos/1088228079/1/1,True,False,False,1088228079
static_update_k2,dynamic,True,long_rvos/1088228079/1/1,True,False,False,1088228079
static_update_k4,dynamic,True,long_rvos/1088228079/1/1,True,False,False,1088228079
static_update_k8,dynamic,True,long_rvos/1088228079/1/1,True,False,False,1088228079
temporal_update_k2,dynamic,True,long_rvos/1088228079/1/1,True,False,False,1088228079
temporal_update_k4,dynamic,True,long_rvos/1088228079/1/1,True,False,False,1088228079
temporal_update_k8,dynamic,True,long_rvos/1088228079/1/1,True,False,False,1088228079
single_global,hybrid,True,long_rvos/1088228079/1/8,True,False,False,1088228079
static_update_k2,hybrid,True,long_rvos/1088228079/1/8,True,False,False,1088228079
static_update_k4,hybrid,True,long_rvos/1088228079/1/8,True,False,False,1088228079
static_update_k8,hybrid,True,long_rvos/1088228079/1/8,True,False,False,1088228079
temporal_update_k2,hybrid,True,long_rvos/1088228079/1/8,True,False,False,1088228079
temporal_update_k4,hybrid,True,long_rvos/1088228079/1/8,True,False,False,1088228079
temporal_update_k8,hybrid,True,long_rvos/1088228079/1/8,True,False,False,1088228079
single_global,static,True,long_rvos/1088228079/1/0,True,False,False,1088228079
static_update_k2,static,True,long_rvos/1088228079/1/0,True,False,False,1088228079
static_update_k4,static,True,long_rvos/1088228079/1/0,True,False,False,1088228079
static_update_k8,static,True,long_rvos/1088228079/1/0,True,False,False,1088228079
temporal_update_k2,static,True,long_rvos/1088228079/1/0,True,False,False,1088228079
temporal_update_k4,static,True,long_rvos/1088228079/1/0,True,False,False,1088228079
temporal_update_k8,static,True,long_rvos/1088228079/1/0,True,False,False,1088228079
single_global,dynamic,True,long_rvos/1a5dead3e3/1/1,True,False,False,1a5dead3e3
static_update_k2,dynamic,True,long_rvos/1a5dead3e3/1/1,True,False,False,1a5dead3e3
static_update_k4,dynamic,True,long_rvos/1a5dead3e3/1/1,True,False,False,1a5dead3e3
static_update_k8,dynamic,True,long_rvos/1a5dead3e3/1/1,True,False,False,1a5dead3e3
temporal_update_k2,dynamic,True,long_rvos/1a5dead3e3/1/1,True,False,False,1a5dead3e3
temporal_update_k4,dynamic,True,long_rvos/1a5dead3e3/1/1,True,False,False,1a5dead3e3
temporal_update_k8,dynamic,True,long_rvos/1a5dead3e3/1/1,True,False,False,1a5dead3e3
single_global,hybrid,True,long_rvos/1a5dead3e3/1/4,True,False,False,1a5dead3e3
static_update_k2,hybrid,True,long_rvos/1a5dead3e3/1/4,True,False,False,1a5dead3e3
static_update_k4,hybrid,True,long_rvos/1a5dead3e3/1/4,True,False,False,1a5dead3e3
static_update_k8,hybrid,True,long_rvos/1a5dead3e3/1/4,True,False,False,1a5dead3e3
temporal_update_k2,hybrid,True,long_rvos/1a5dead3e3/1/4,True,False,False,1a5dead3e3
temporal_update_k4,hybrid,True,long_rvos/1a5dead3e3/1/4,True,False,False,1a5dead3e3
temporal_update_k8,hybrid,True,long_rvos/1a5dead3e3/1/4,True,False,False,1a5dead3e3
single_global,static,True,long_rvos/1a5dead3e3/1/0,True,False,False,1a5dead3e3
static_update_k2,static,True,long_rvos/1a5dead3e3/1/0,True,False,False,1a5dead3e3
static_update_k4,static,True,long_rvos/1a5dead3e3/1/0,True,False,False,1a5dead3e3
static_update_k8,static,True,long_rvos/1a5dead3e3/1/0,True,False,False,1a5dead3e3
temporal_update_k2,static,True,long_rvos/1a5dead3e3/1/0,True,False,False,1a5dead3e3
temporal_update_k4,static,True,long_rvos/1a5dead3e3/1/0,True,False,False,1a5dead3e3
temporal_update_k8,static,True,long_rvos/1a5dead3e3/1/0,True,False,False,1a5dead3e3
single_global,dynamic,True,long_rvos/8086f00d3d/2/5,True,False,False,8086f00d3d
static_update_k2,dynamic,True,long_rvos/8086f00d3d/2/5,False,False,True,8086f00d3d
static_update_k4,dynamic,True,long_rvos/8086f00d3d/2/5,True,True,False,8086f00d3d
static_update_k8,dynamic,True,long_rvos/8086f00d3d/2/5,False,False,True,8086f00d3d
temporal_update_k2,dynamic,True,long_rvos/8086f00d3d/2/5,False,False,True,8086f00d3d
temporal_update_k4,dynamic,True,long_rvos/8086f00d3d/2/5,True,True,False,8086f00d3d
temporal_update_k8,dynamic,True,long_rvos/8086f00d3d/2/5,False,False,True,8086f00d3d
single_global,dynamic,True,long_rvos/8086f00d3d/2/7,True,False,False,8086f00d3d
static_update_k2,dynamic,True,long_rvos/8086f00d3d/2/7,True,False,False,8086f00d3d
static_update_k4,dynamic,True,long_rvos/8086f00d3d/2/7,True,False,False,8086f00d3d
static_update_k8,dynamic,True,long_rvos/8086f00d3d/2/7,True,False,False,8086f00d3d
temporal_update_k2,dynamic,True,long_rvos/8086f00d3d/2/7,True,False,False,8086f00d3d
temporal_update_k4,dynamic,True,long_rvos/8086f00d3d/2/7,True,False,False,8086f00d3d
temporal_update_k8,dynamic,True,long_rvos/8086f00d3d/2/7,True,False,False,8086f00d3d
single_global,hybrid,True,long_rvos/8086f00d3d/2/10,True,False,False,8086f00d3d
static_update_k2,hybrid,True,long_rvos/8086f00d3d/2/10,True,False,False,8086f00d3d
static_update_k4,hybrid,True,long_rvos/8086f00d3d/2/10,True,False,False,8086f00d3d
static_update_k8,hybrid,True,long_rvos/8086f00d3d/2/10,True,False,False,8086f00d3d
temporal_update_k2,hybrid,True,long_rvos/8086f00d3d/2/10,True,False,False,8086f00d3d
temporal_update_k4,hybrid,True,long_rvos/8086f00d3d/2/10,True,False,False,8086f00d3d
temporal_update_k8,hybrid,True,long_rvos/8086f00d3d/2/10,True,False,False,8086f00d3d
single_global,hybrid,True,long_rvos/8086f00d3d/2/11,True,False,False,8086f00d3d
static_update_k2,hybrid,True,long_rvos/8086f00d3d/2/11,True,False,False,8086f00d3d
static_update_k4,hybrid,True,long_rvos/8086f00d3d/2/11,True,False,False,8086f00d3d
static_update_k8,hybrid,True,long_rvos/8086f00d3d/2/11,True,False,False,8086f00d3d
temporal_update_k2,hybrid,True,long_rvos/8086f00d3d/2/11,True,False,False,8086f00d3d
temporal_update_k4,hybrid,True,long_rvos/8086f00d3d/2/11,True,False,False,8086f00d3d
temporal_update_k8,hybrid,True,long_rvos/8086f00d3d/2/11,True,False,False,8086f00d3d
single_global,static,True,long_rvos/8086f00d3d/2/4,True,False,False,8086f00d3d
static_update_k2,static,True,long_rvos/8086f00d3d/2/4,True,False,False,8086f00d3d
static_update_k4,static,True,long_rvos/8086f00d3d/2/4,True,False,False,8086f00d3d
static_update_k8,static,True,long_rvos/8086f00d3d/2/4,True,False,False,8086f00d3d
temporal_update_k2,static,True,long_rvos/8086f00d3d/2/4,True,False,False,8086f00d3d
temporal_update_k4,static,True,long_rvos/8086f00d3d/2/4,True,False,False,8086f00d3d
temporal_update_k8,static,True,long_rvos/8086f00d3d/2/4,True,False,False,8086f00d3d
single_global,static,True,long_rvos/8086f00d3d/2/6,True,False,False,8086f00d3d
static_update_k2,static,True,long_rvos/8086f00d3d/2/6,True,False,False,8086f00d3d
static_update_k4,static,True,long_rvos/8086f00d3d/2/6,True,False,False,8086f00d3d
static_update_k8,static,True,long_rvos/8086f00d3d/2/6,True,False,False,8086f00d3d
temporal_update_k2,static,True,long_rvos/8086f00d3d/2/6,True,False,False,8086f00d3d
temporal_update_k4,static,True,long_rvos/8086f00d3d/2/6,True,False,False,8086f00d3d
temporal_update_k8,static,True,long_rvos/8086f00d3d/2/6,True,False,False,8086f00d3d
single_global,dynamic,False,long_rvos/0310d3743b/3/12,False,False,False,0310d3743b
single_global,dynamic,False,long_rvos/0310d3743b/3/9,False,False,False,0310d3743b
single_global,static,False,long_rvos/0310d3743b/3/8,False,False,False,0310d3743b
single_global,dynamic,False,long_rvos/39db436191/3/5,False,False,False,39db436191
single_global,hybrid,False,long_rvos/39db436191/3/10,False,False,False,39db436191
single_global,static,False,long_rvos/39db436191/3/4,False,False,False,39db436191
single_global,dynamic,False,long_rvos/84dc481247/3/9,False,False,False,84dc481247
single_global,hybrid,False,long_rvos/84dc481247/3/15,False,False,False,84dc481247
single_global,static,False,long_rvos/84dc481247/3/10,False,False,False,84dc481247
single_global,static,False,long_rvos/84dc481247/3/8,False,False,False,84dc481247
single_global,dynamic,False,long_rvos/9bc92f09e0/1/1,False,False,False,9bc92f09e0
single_global,dynamic,False,long_rvos/9bc92f09e0/1/3,False,False,False,9bc92f09e0
single_global,hybrid,False,long_rvos/9bc92f09e0/1/8,False,False,False,9bc92f09e0
single_global,static,False,long_rvos/9bc92f09e0/1/0,False,False,False,9bc92f09e0
single_global,static,False,long_rvos/9bc92f09e0/1/2,False,False,False,9bc92f09e0
single_global,dynamic,False,long_rvos/9c1297ecd3/2/5,False,False,False,9c1297ecd3
single_global,dynamic,False,long_rvos/9c1297ecd3/2/7,False,False,False,9c1297ecd3
single_global,hybrid,False,long_rvos/9c1297ecd3/2/10,False,False,False,9c1297ecd3
single_global,hybrid,False,long_rvos/9c1297ecd3/2/11,False,False,False,9c1297ecd3
single_global,static,False,long_rvos/9c1297ecd3/2/4,False,False,False,9c1297ecd3
single_global,static,False,long_rvos/9c1297ecd3/2/6,False,False,False,9c1297ecd3
single_global,dynamic,False,long_rvos/af7297f0db/1/1,False,False,False,af7297f0db
single_global,hybrid,False,long_rvos/af7297f0db/1/6,False,False,False,af7297f0db
single_global,static,False,long_rvos/af7297f0db/1/0,False,False,False,af7297f0db
single_global,dynamic,False,long_rvos/c5c9b749d4/2/5,False,False,False,c5c9b749d4
single_global,dynamic,False,long_rvos/c5c9b749d4/2/7,False,False,False,c5c9b749d4
single_global,hybrid,False,long_rvos/c5c9b749d4/2/10,False,False,False,c5c9b749d4
single_global,hybrid,False,long_rvos/c5c9b749d4/2/11,False,False,False,c5c9b749d4
single_global,static,False,long_rvos/c5c9b749d4/2/4,False,False,False,c5c9b749d4
single_global,static,False,long_rvos/c5c9b749d4/2/6,False,False,False,c5c9b749d4
single_global,dynamic,False,long_rvos/6fb7a04167/12/5,False,False,False,6fb7a04167
single_global,dynamic,False,long_rvos/6fb7a04167/12/7,False,False,False,6fb7a04167
single_global,hybrid,False,long_rvos/6fb7a04167/12/25,False,False,False,6fb7a04167
single_global,static,False,long_rvos/6fb7a04167/12/4,False,False,False,6fb7a04167
single_global,static,False,long_rvos/6fb7a04167/12/6,False,False,False,6fb7a04167
single_global,dynamic,False,long_rvos/d33c8343bc/3/5,False,False,False,d33c8343bc
single_global,hybrid,False,long_rvos/d33c8343bc/3/10,False,False,False,d33c8343bc
single_global,static,False,long_rvos/d33c8343bc/3/4,False,False,False,d33c8343bc
single_global,dynamic,False,long_rvos/2a87bea97e/1/1,False,False,False,2a87bea97e
single_global,dynamic,False,long_rvos/2a87bea97e/1/3,False,False,False,2a87bea97e
single_global,hybrid,False,long_rvos/2a87bea97e/1/12,False,False,False,2a87bea97e
single_global,hybrid,False,long_rvos/2a87bea97e/1/13,False,False,False,2a87bea97e
single_global,static,False,long_rvos/2a87bea97e/1/0,False,False,False,2a87bea97e
single_global,static,False,long_rvos/2a87bea97e/1/2,False,False,False,2a87bea97e
single_global,dynamic,False,long_rvos/119777f4c0/1/1,False,False,False,119777f4c0
single_global,dynamic,False,long_rvos/119777f4c0/1/3,False,False,False,119777f4c0
single_global,hybrid,False,long_rvos/119777f4c0/1/12,False,False,False,119777f4c0
single_global,static,False,long_rvos/119777f4c0/1/0,False,False,False,119777f4c0
single_global,static,False,long_rvos/119777f4c0/1/2,False,False,False,119777f4c0
single_global,dynamic,True,long_rvos/28ff632792/1/1,True,False,False,28ff632792
single_global,dynamic,True,long_rvos/28ff632792/1/6,True,False,False,28ff632792
single_global,static,False,long_rvos/28ff632792/1/0,False,False,False,28ff632792
single_global,dynamic,False,long_rvos/dca31590b8/2/5,False,False,False,dca31590b8
single_global,hybrid,False,long_rvos/dca31590b8/2/10,False,False,False,dca31590b8
single_global,hybrid,False,long_rvos/dca31590b8/2/11,False,False,False,dca31590b8
single_global,static,False,long_rvos/dca31590b8/2/4,False,False,False,dca31590b8
single_global,static,False,long_rvos/dca31590b8/2/6,False,False,False,dca31590b8
single_global,dynamic,False,long_rvos/a595411232/3/11,False,False,False,a595411232
single_global,dynamic,False,long_rvos/a595411232/3/9,False,False,False,a595411232
single_global,hybrid,False,long_rvos/a595411232/3/20,False,False,False,a595411232
single_global,hybrid,False,long_rvos/a595411232/3/21,False,False,False,a595411232
single_global,static,False,long_rvos/a595411232/3/10,False,False,False,a595411232
single_global,static,False,long_rvos/a595411232/3/8,False,False,False,a595411232
single_global,dynamic,False,long_rvos/e9b78ad8e7/1/1,False,False,False,e9b78ad8e7
single_global,hybrid,False,long_rvos/e9b78ad8e7/1/6,False,False,False,e9b78ad8e7
single_global,static,False,long_rvos/e9b78ad8e7/1/0,False,False,False,e9b78ad8e7
single_global,dynamic,True,long_rvos/2c4cbde1aa/1/1,True,False,False,2c4cbde1aa
single_global,dynamic,True,long_rvos/2c4cbde1aa/1/3,True,False,False,2c4cbde1aa
single_global,hybrid,False,long_rvos/2c4cbde1aa/1/7,False,False,False,2c4cbde1aa
single_global,static,False,long_rvos/2c4cbde1aa/1/0,False,False,False,2c4cbde1aa
single_global,static,False,long_rvos/2c4cbde1aa/1/2,False,False,False,2c4cbde1aa
static_update_k2,dynamic,False,long_rvos/0310d3743b/3/12,False,False,False,0310d3743b
static_update_k4,dynamic,False,long_rvos/0310d3743b/3/12,False,False,True,0310d3743b
static_update_k8,dynamic,False,long_rvos/0310d3743b/3/12,False,False,True,0310d3743b
temporal_update_k2,dynamic,False,long_rvos/0310d3743b/3/12,False,False,False,0310d3743b
temporal_update_k4,dynamic,False,long_rvos/0310d3743b/3/12,False,False,True,0310d3743b
temporal_update_k8,dynamic,False,long_rvos/0310d3743b/3/12,False,False,True,0310d3743b
static_update_k2,dynamic,False,long_rvos/0310d3743b/3/9,False,False,False,0310d3743b
static_update_k4,dynamic,False,long_rvos/0310d3743b/3/9,False,False,False,0310d3743b
static_update_k8,dynamic,False,long_rvos/0310d3743b/3/9,False,False,False,0310d3743b
temporal_update_k2,dynamic,False,long_rvos/0310d3743b/3/9,False,False,False,0310d3743b
temporal_update_k4,dynamic,False,long_rvos/0310d3743b/3/9,False,False,False,0310d3743b
temporal_update_k8,dynamic,False,long_rvos/0310d3743b/3/9,False,False,False,0310d3743b
static_update_k2,static,False,long_rvos/0310d3743b/3/8,False,False,False,0310d3743b
static_update_k4,static,False,long_rvos/0310d3743b/3/8,False,False,True,0310d3743b
static_update_k8,static,False,long_rvos/0310d3743b/3/8,False,False,True,0310d3743b
temporal_update_k2,static,False,long_rvos/0310d3743b/3/8,False,False,False,0310d3743b
temporal_update_k4,static,False,long_rvos/0310d3743b/3/8,False,False,True,0310d3743b
temporal_update_k8,static,False,long_rvos/0310d3743b/3/8,False,False,True,0310d3743b
static_update_k2,dynamic,False,long_rvos/39db436191/3/5,True,True,False,39db436191
static_update_k4,dynamic,False,long_rvos/39db436191/3/5,False,False,True,39db436191
temporal_update_k2,dynamic,False,long_rvos/39db436191/3/5,True,True,False,39db436191
temporal_update_k4,dynamic,False,long_rvos/39db436191/3/5,False,False,True,39db436191
static_update_k2,hybrid,False,long_rvos/39db436191/3/10,True,True,False,39db436191
static_update_k4,hybrid,False,long_rvos/39db436191/3/10,False,False,True,39db436191
temporal_update_k2,hybrid,False,long_rvos/39db436191/3/10,True,True,False,39db436191
temporal_update_k4,hybrid,False,long_rvos/39db436191/3/10,False,False,True,39db436191
static_update_k2,static,False,long_rvos/39db436191/3/4,True,True,False,39db436191
temporal_update_k2,static,False,long_rvos/39db436191/3/4,True,True,False,39db436191
static_update_k8,dynamic,False,long_rvos/39db436191/3/5,False,False,True,39db436191
temporal_update_k8,dynamic,False,long_rvos/39db436191/3/5,False,False,True,39db436191
static_update_k8,hybrid,False,long_rvos/39db436191/3/10,False,False,True,39db436191
temporal_update_k8,hybrid,False,long_rvos/39db436191/3/10,False,False,True,39db436191
static_update_k4,static,False,long_rvos/39db436191/3/4,False,False,True,39db436191
static_update_k8,static,False,long_rvos/39db436191/3/4,False,False,True,39db436191
temporal_update_k4,static,False,long_rvos/39db436191/3/4,False,False,True,39db436191
temporal_update_k8,static,False,long_rvos/39db436191/3/4,False,False,True,39db436191
static_update_k2,dynamic,False,long_rvos/84dc481247/3/9,False,False,False,84dc481247
static_update_k4,dynamic,False,long_rvos/84dc481247/3/9,False,False,False,84dc481247
static_update_k8,dynamic,False,long_rvos/84dc481247/3/9,True,True,False,84dc481247
temporal_update_k2,dynamic,False,long_rvos/84dc481247/3/9,False,False,False,84dc481247
temporal_update_k4,dynamic,False,long_rvos/84dc481247/3/9,False,False,False,84dc481247
temporal_update_k8,dynamic,False,long_rvos/84dc481247/3/9,True,True,False,84dc481247
static_update_k2,hybrid,False,long_rvos/84dc481247/3/15,False,False,False,84dc481247
static_update_k4,hybrid,False,long_rvos/84dc481247/3/15,False,False,False,84dc481247
static_update_k8,hybrid,False,long_rvos/84dc481247/3/15,False,False,False,84dc481247
temporal_update_k2,hybrid,False,long_rvos/84dc481247/3/15,False,False,False,84dc481247
temporal_update_k4,hybrid,False,long_rvos/84dc481247/3/15,False,False,False,84dc481247
temporal_update_k8,hybrid,False,long_rvos/84dc481247/3/15,False,False,False,84dc481247
static_update_k2,static,False,long_rvos/84dc481247/3/10,True,True,False,84dc481247
static_update_k4,static,False,long_rvos/84dc481247/3/10,False,False,True,84dc481247
static_update_k8,static,False,long_rvos/84dc481247/3/10,True,True,False,84dc481247
temporal_update_k2,static,False,long_rvos/84dc481247/3/10,True,True,False,84dc481247
temporal_update_k4,static,False,long_rvos/84dc481247/3/10,True,True,False,84dc481247
temporal_update_k8,static,False,long_rvos/84dc481247/3/10,True,True,False,84dc481247
static_update_k2,static,False,long_rvos/84dc481247/3/8,False,False,False,84dc481247
static_update_k4,static,False,long_rvos/84dc481247/3/8,False,False,False,84dc481247
static_update_k8,static,False,long_rvos/84dc481247/3/8,False,False,False,84dc481247
temporal_update_k2,static,False,long_rvos/84dc481247/3/8,False,False,False,84dc481247
temporal_update_k4,static,False,long_rvos/84dc481247/3/8,False,False,False,84dc481247
temporal_update_k8,static,False,long_rvos/84dc481247/3/8,False,False,False,84dc481247
static_update_k2,dynamic,False,long_rvos/9bc92f09e0/1/1,False,False,False,9bc92f09e0
static_update_k4,dynamic,False,long_rvos/9bc92f09e0/1/1,False,False,True,9bc92f09e0
static_update_k8,dynamic,False,long_rvos/9bc92f09e0/1/1,False,False,True,9bc92f09e0
temporal_update_k2,dynamic,False,long_rvos/9bc92f09e0/1/1,False,False,False,9bc92f09e0
temporal_update_k4,dynamic,False,long_rvos/9bc92f09e0/1/1,False,False,True,9bc92f09e0
temporal_update_k8,dynamic,False,long_rvos/9bc92f09e0/1/1,False,False,True,9bc92f09e0
static_update_k2,dynamic,False,long_rvos/9bc92f09e0/1/3,True,True,False,9bc92f09e0
static_update_k4,dynamic,False,long_rvos/9bc92f09e0/1/3,False,False,True,9bc92f09e0
static_update_k8,dynamic,False,long_rvos/9bc92f09e0/1/3,True,True,False,9bc92f09e0
temporal_update_k2,dynamic,False,long_rvos/9bc92f09e0/1/3,True,True,False,9bc92f09e0
temporal_update_k4,dynamic,False,long_rvos/9bc92f09e0/1/3,False,False,True,9bc92f09e0
temporal_update_k8,dynamic,False,long_rvos/9bc92f09e0/1/3,True,True,False,9bc92f09e0
static_update_k2,hybrid,False,long_rvos/9bc92f09e0/1/8,False,False,False,9bc92f09e0
static_update_k4,hybrid,False,long_rvos/9bc92f09e0/1/8,False,False,True,9bc92f09e0
static_update_k8,hybrid,False,long_rvos/9bc92f09e0/1/8,False,False,True,9bc92f09e0
temporal_update_k2,hybrid,False,long_rvos/9bc92f09e0/1/8,False,False,False,9bc92f09e0
temporal_update_k4,hybrid,False,long_rvos/9bc92f09e0/1/8,False,False,True,9bc92f09e0
temporal_update_k8,hybrid,False,long_rvos/9bc92f09e0/1/8,False,False,True,9bc92f09e0
static_update_k2,static,False,long_rvos/9bc92f09e0/1/0,False,False,False,9bc92f09e0
static_update_k4,static,False,long_rvos/9bc92f09e0/1/0,False,False,True,9bc92f09e0
static_update_k8,static,False,long_rvos/9bc92f09e0/1/0,False,False,True,9bc92f09e0
temporal_update_k2,static,False,long_rvos/9bc92f09e0/1/0,False,False,False,9bc92f09e0
temporal_update_k4,static,False,long_rvos/9bc92f09e0/1/0,False,False,True,9bc92f09e0
temporal_update_k8,static,False,long_rvos/9bc92f09e0/1/0,False,False,True,9bc92f09e0
static_update_k2,static,False,long_rvos/9bc92f09e0/1/2,True,True,False,9bc92f09e0
static_update_k4,static,False,long_rvos/9bc92f09e0/1/2,False,False,True,9bc92f09e0
static_update_k8,static,False,long_rvos/9bc92f09e0/1/2,True,True,False,9bc92f09e0
temporal_update_k2,static,False,long_rvos/9bc92f09e0/1/2,True,True,False,9bc92f09e0
temporal_update_k4,static,False,long_rvos/9bc92f09e0/1/2,False,False,True,9bc92f09e0
temporal_update_k8,static,False,long_rvos/9bc92f09e0/1/2,True,True,False,9bc92f09e0
static_update_k2,dynamic,False,long_rvos/9c1297ecd3/2/5,False,False,False,9c1297ecd3
static_update_k4,dynamic,False,long_rvos/9c1297ecd3/2/5,False,False,False,9c1297ecd3
static_update_k8,dynamic,False,long_rvos/9c1297ecd3/2/5,True,True,False,9c1297ecd3
temporal_update_k2,dynamic,False,long_rvos/9c1297ecd3/2/5,False,False,False,9c1297ecd3
temporal_update_k4,dynamic,False,long_rvos/9c1297ecd3/2/5,True,True,False,9c1297ecd3
temporal_update_k8,dynamic,False,long_rvos/9c1297ecd3/2/5,True,True,False,9c1297ecd3
static_update_k2,dynamic,False,long_rvos/9c1297ecd3/2/7,False,False,False,9c1297ecd3
static_update_k4,dynamic,False,long_rvos/9c1297ecd3/2/7,False,False,False,9c1297ecd3
static_update_k8,dynamic,False,long_rvos/9c1297ecd3/2/7,True,True,False,9c1297ecd3
temporal_update_k2,dynamic,False,long_rvos/9c1297ecd3/2/7,False,False,False,9c1297ecd3
temporal_update_k4,dynamic,False,long_rvos/9c1297ecd3/2/7,True,True,False,9c1297ecd3
temporal_update_k8,dynamic,False,long_rvos/9c1297ecd3/2/7,True,True,False,9c1297ecd3
static_update_k2,hybrid,False,long_rvos/9c1297ecd3/2/10,True,True,False,9c1297ecd3
static_update_k4,hybrid,False,long_rvos/9c1297ecd3/2/10,True,True,False,9c1297ecd3
static_update_k8,hybrid,False,long_rvos/9c1297ecd3/2/10,True,True,False,9c1297ecd3
temporal_update_k2,hybrid,False,long_rvos/9c1297ecd3/2/10,True,True,False,9c1297ecd3
temporal_update_k4,hybrid,False,long_rvos/9c1297ecd3/2/10,True,True,False,9c1297ecd3
temporal_update_k8,hybrid,False,long_rvos/9c1297ecd3/2/10,True,True,False,9c1297ecd3
static_update_k2,hybrid,False,long_rvos/9c1297ecd3/2/11,True,True,False,9c1297ecd3
static_update_k4,hybrid,False,long_rvos/9c1297ecd3/2/11,True,True,False,9c1297ecd3
static_update_k8,hybrid,False,long_rvos/9c1297ecd3/2/11,True,True,False,9c1297ecd3
temporal_update_k2,hybrid,False,long_rvos/9c1297ecd3/2/11,True,True,False,9c1297ecd3
temporal_update_k4,hybrid,False,long_rvos/9c1297ecd3/2/11,True,True,False,9c1297ecd3
temporal_update_k8,hybrid,False,long_rvos/9c1297ecd3/2/11,True,True,False,9c1297ecd3
static_update_k2,static,False,long_rvos/9c1297ecd3/2/4,True,True,False,9c1297ecd3
static_update_k4,static,False,long_rvos/9c1297ecd3/2/4,True,True,False,9c1297ecd3
static_update_k8,static,False,long_rvos/9c1297ecd3/2/4,True,True,False,9c1297ecd3
temporal_update_k2,static,False,long_rvos/9c1297ecd3/2/4,True,True,False,9c1297ecd3
temporal_update_k4,static,False,long_rvos/9c1297ecd3/2/4,True,True,False,9c1297ecd3
temporal_update_k8,static,False,long_rvos/9c1297ecd3/2/4,True,True,False,9c1297ecd3
static_update_k2,static,False,long_rvos/9c1297ecd3/2/6,True,True,False,9c1297ecd3
static_update_k4,static,False,long_rvos/9c1297ecd3/2/6,True,True,False,9c1297ecd3
static_update_k8,static,False,long_rvos/9c1297ecd3/2/6,True,True,False,9c1297ecd3
temporal_update_k2,static,False,long_rvos/9c1297ecd3/2/6,True,True,False,9c1297ecd3
temporal_update_k4,static,False,long_rvos/9c1297ecd3/2/6,True,True,False,9c1297ecd3
temporal_update_k8,static,False,long_rvos/9c1297ecd3/2/6,True,True,False,9c1297ecd3
static_update_k2,dynamic,False,long_rvos/af7297f0db/1/1,True,True,False,af7297f0db
static_update_k4,dynamic,False,long_rvos/af7297f0db/1/1,False,False,True,af7297f0db
static_update_k8,dynamic,False,long_rvos/af7297f0db/1/1,False,False,True,af7297f0db
temporal_update_k2,dynamic,False,long_rvos/af7297f0db/1/1,True,True,False,af7297f0db
temporal_update_k4,dynamic,False,long_rvos/af7297f0db/1/1,False,False,True,af7297f0db
temporal_update_k8,dynamic,False,long_rvos/af7297f0db/1/1,False,False,True,af7297f0db
static_update_k2,hybrid,False,long_rvos/af7297f0db/1/6,True,True,False,af7297f0db
static_update_k4,hybrid,False,long_rvos/af7297f0db/1/6,False,False,True,af7297f0db
static_update_k8,hybrid,False,long_rvos/af7297f0db/1/6,False,False,True,af7297f0db
temporal_update_k2,hybrid,False,long_rvos/af7297f0db/1/6,True,True,False,af7297f0db
temporal_update_k4,hybrid,False,long_rvos/af7297f0db/1/6,False,False,True,af7297f0db
temporal_update_k8,hybrid,False,long_rvos/af7297f0db/1/6,False,False,True,af7297f0db
static_update_k2,static,False,long_rvos/af7297f0db/1/0,True,True,False,af7297f0db
static_update_k4,static,False,long_rvos/af7297f0db/1/0,False,False,True,af7297f0db
static_update_k8,static,False,long_rvos/af7297f0db/1/0,False,False,True,af7297f0db
temporal_update_k2,static,False,long_rvos/af7297f0db/1/0,True,True,False,af7297f0db
temporal_update_k4,static,False,long_rvos/af7297f0db/1/0,False,False,True,af7297f0db
temporal_update_k8,static,False,long_rvos/af7297f0db/1/0,False,False,True,af7297f0db
static_update_k2,dynamic,False,long_rvos/c5c9b749d4/2/5,False,False,False,c5c9b749d4
static_update_k4,dynamic,False,long_rvos/c5c9b749d4/2/5,False,False,True,c5c9b749d4
static_update_k8,dynamic,False,long_rvos/c5c9b749d4/2/5,True,True,False,c5c9b749d4
temporal_update_k2,dynamic,False,long_rvos/c5c9b749d4/2/5,False,False,False,c5c9b749d4
temporal_update_k4,dynamic,False,long_rvos/c5c9b749d4/2/5,False,False,True,c5c9b749d4
temporal_update_k8,dynamic,False,long_rvos/c5c9b749d4/2/5,True,True,False,c5c9b749d4
static_update_k2,dynamic,False,long_rvos/c5c9b749d4/2/7,False,False,False,c5c9b749d4
static_update_k4,dynamic,False,long_rvos/c5c9b749d4/2/7,False,False,True,c5c9b749d4
static_update_k8,dynamic,False,long_rvos/c5c9b749d4/2/7,True,True,False,c5c9b749d4
temporal_update_k2,dynamic,False,long_rvos/c5c9b749d4/2/7,False,False,False,c5c9b749d4
temporal_update_k4,dynamic,False,long_rvos/c5c9b749d4/2/7,False,False,True,c5c9b749d4
temporal_update_k8,dynamic,False,long_rvos/c5c9b749d4/2/7,True,True,False,c5c9b749d4
static_update_k2,hybrid,False,long_rvos/c5c9b749d4/2/10,False,False,False,c5c9b749d4
static_update_k4,hybrid,False,long_rvos/c5c9b749d4/2/10,False,False,True,c5c9b749d4
static_update_k8,hybrid,False,long_rvos/c5c9b749d4/2/10,True,True,False,c5c9b749d4
temporal_update_k2,hybrid,False,long_rvos/c5c9b749d4/2/10,False,False,False,c5c9b749d4
temporal_update_k4,hybrid,False,long_rvos/c5c9b749d4/2/10,False,False,True,c5c9b749d4
temporal_update_k8,hybrid,False,long_rvos/c5c9b749d4/2/10,True,True,False,c5c9b749d4
static_update_k2,hybrid,False,long_rvos/c5c9b749d4/2/11,False,False,False,c5c9b749d4
static_update_k4,hybrid,False,long_rvos/c5c9b749d4/2/11,False,False,True,c5c9b749d4
static_update_k8,hybrid,False,long_rvos/c5c9b749d4/2/11,True,True,False,c5c9b749d4
temporal_update_k2,hybrid,False,long_rvos/c5c9b749d4/2/11,False,False,False,c5c9b749d4
temporal_update_k4,hybrid,False,long_rvos/c5c9b749d4/2/11,False,False,True,c5c9b749d4
temporal_update_k8,hybrid,False,long_rvos/c5c9b749d4/2/11,True,True,False,c5c9b749d4
static_update_k2,static,False,long_rvos/c5c9b749d4/2/4,False,False,False,c5c9b749d4
static_update_k4,static,False,long_rvos/c5c9b749d4/2/4,False,False,True,c5c9b749d4
static_update_k8,static,False,long_rvos/c5c9b749d4/2/4,True,True,False,c5c9b749d4
temporal_update_k2,static,False,long_rvos/c5c9b749d4/2/4,False,False,False,c5c9b749d4
temporal_update_k4,static,False,long_rvos/c5c9b749d4/2/4,False,False,True,c5c9b749d4
temporal_update_k8,static,False,long_rvos/c5c9b749d4/2/4,True,True,False,c5c9b749d4
static_update_k2,static,False,long_rvos/c5c9b749d4/2/6,False,False,False,c5c9b749d4
static_update_k4,static,False,long_rvos/c5c9b749d4/2/6,False,False,True,c5c9b749d4
static_update_k8,static,False,long_rvos/c5c9b749d4/2/6,True,True,False,c5c9b749d4
temporal_update_k2,static,False,long_rvos/c5c9b749d4/2/6,False,False,False,c5c9b749d4
temporal_update_k4,static,False,long_rvos/c5c9b749d4/2/6,False,False,True,c5c9b749d4
temporal_update_k8,static,False,long_rvos/c5c9b749d4/2/6,True,True,False,c5c9b749d4
static_update_k2,dynamic,False,long_rvos/6fb7a04167/12/5,False,False,False,6fb7a04167
static_update_k4,dynamic,False,long_rvos/6fb7a04167/12/5,False,False,True,6fb7a04167
static_update_k8,dynamic,False,long_rvos/6fb7a04167/12/5,True,True,False,6fb7a04167
temporal_update_k2,dynamic,False,long_rvos/6fb7a04167/12/5,False,False,False,6fb7a04167
temporal_update_k4,dynamic,False,long_rvos/6fb7a04167/12/5,False,False,True,6fb7a04167
temporal_update_k8,dynamic,False,long_rvos/6fb7a04167/12/5,True,True,False,6fb7a04167
static_update_k2,dynamic,False,long_rvos/6fb7a04167/12/7,False,False,False,6fb7a04167
static_update_k4,dynamic,False,long_rvos/6fb7a04167/12/7,False,False,True,6fb7a04167
static_update_k8,dynamic,False,long_rvos/6fb7a04167/12/7,True,True,False,6fb7a04167
temporal_update_k2,dynamic,False,long_rvos/6fb7a04167/12/7,False,False,False,6fb7a04167
temporal_update_k4,dynamic,False,long_rvos/6fb7a04167/12/7,False,False,False,6fb7a04167
temporal_update_k8,dynamic,False,long_rvos/6fb7a04167/12/7,True,True,False,6fb7a04167
static_update_k2,hybrid,False,long_rvos/6fb7a04167/12/25,False,False,False,6fb7a04167
static_update_k4,hybrid,False,long_rvos/6fb7a04167/12/25,False,False,False,6fb7a04167
static_update_k8,hybrid,False,long_rvos/6fb7a04167/12/25,False,False,True,6fb7a04167
temporal_update_k2,hybrid,False,long_rvos/6fb7a04167/12/25,False,False,False,6fb7a04167
temporal_update_k4,hybrid,False,long_rvos/6fb7a04167/12/25,False,False,True,6fb7a04167
temporal_update_k8,hybrid,False,long_rvos/6fb7a04167/12/25,False,False,True,6fb7a04167
static_update_k2,static,False,long_rvos/6fb7a04167/12/4,False,False,False,6fb7a04167
static_update_k4,static,False,long_rvos/6fb7a04167/12/4,False,False,False,6fb7a04167
static_update_k8,static,False,long_rvos/6fb7a04167/12/4,False,False,False,6fb7a04167
temporal_update_k2,static,False,long_rvos/6fb7a04167/12/4,False,False,False,6fb7a04167
temporal_update_k4,static,False,long_rvos/6fb7a04167/12/4,False,False,True,6fb7a04167
temporal_update_k8,static,False,long_rvos/6fb7a04167/12/4,True,True,False,6fb7a04167
static_update_k2,static,False,long_rvos/6fb7a04167/12/6,False,False,False,6fb7a04167
static_update_k4,static,False,long_rvos/6fb7a04167/12/6,False,False,False,6fb7a04167
static_update_k8,static,False,long_rvos/6fb7a04167/12/6,False,False,False,6fb7a04167
temporal_update_k2,static,False,long_rvos/6fb7a04167/12/6,False,False,False,6fb7a04167
temporal_update_k4,static,False,long_rvos/6fb7a04167/12/6,False,False,True,6fb7a04167
temporal_update_k8,static,False,long_rvos/6fb7a04167/12/6,False,False,True,6fb7a04167
static_update_k2,dynamic,False,long_rvos/d33c8343bc/3/5,False,False,False,d33c8343bc
static_update_k4,dynamic,False,long_rvos/d33c8343bc/3/5,False,False,False,d33c8343bc
static_update_k8,dynamic,False,long_rvos/d33c8343bc/3/5,False,False,False,d33c8343bc
temporal_update_k2,dynamic,False,long_rvos/d33c8343bc/3/5,False,False,False,d33c8343bc
temporal_update_k4,dynamic,False,long_rvos/d33c8343bc/3/5,False,False,False,d33c8343bc
temporal_update_k8,dynamic,False,long_rvos/d33c8343bc/3/5,False,False,False,d33c8343bc
static_update_k2,hybrid,False,long_rvos/d33c8343bc/3/10,False,False,False,d33c8343bc
static_update_k4,hybrid,False,long_rvos/d33c8343bc/3/10,True,True,False,d33c8343bc
static_update_k8,hybrid,False,long_rvos/d33c8343bc/3/10,False,False,True,d33c8343bc
temporal_update_k2,hybrid,False,long_rvos/d33c8343bc/3/10,False,False,False,d33c8343bc
temporal_update_k4,hybrid,False,long_rvos/d33c8343bc/3/10,True,True,False,d33c8343bc
temporal_update_k8,hybrid,False,long_rvos/d33c8343bc/3/10,False,False,True,d33c8343bc
static_update_k2,static,False,long_rvos/d33c8343bc/3/4,False,False,False,d33c8343bc
static_update_k4,static,False,long_rvos/d33c8343bc/3/4,False,False,False,d33c8343bc
static_update_k8,static,False,long_rvos/d33c8343bc/3/4,False,False,False,d33c8343bc
temporal_update_k2,static,False,long_rvos/d33c8343bc/3/4,False,False,False,d33c8343bc
temporal_update_k4,static,False,long_rvos/d33c8343bc/3/4,False,False,False,d33c8343bc
temporal_update_k8,static,False,long_rvos/d33c8343bc/3/4,False,False,False,d33c8343bc
static_update_k2,dynamic,False,long_rvos/2a87bea97e/1/1,True,True,False,2a87bea97e
static_update_k4,dynamic,False,long_rvos/2a87bea97e/1/1,True,True,False,2a87bea97e
static_update_k8,dynamic,False,long_rvos/2a87bea97e/1/1,True,True,False,2a87bea97e
temporal_update_k2,dynamic,False,long_rvos/2a87bea97e/1/1,True,True,False,2a87bea97e
temporal_update_k4,dynamic,False,long_rvos/2a87bea97e/1/1,True,True,False,2a87bea97e
temporal_update_k8,dynamic,False,long_rvos/2a87bea97e/1/1,True,True,False,2a87bea97e
static_update_k2,dynamic,False,long_rvos/2a87bea97e/1/3,True,True,False,2a87bea97e
static_update_k4,dynamic,False,long_rvos/2a87bea97e/1/3,True,True,False,2a87bea97e
static_update_k8,dynamic,False,long_rvos/2a87bea97e/1/3,True,True,False,2a87bea97e
temporal_update_k2,dynamic,False,long_rvos/2a87bea97e/1/3,True,True,False,2a87bea97e
temporal_update_k4,dynamic,False,long_rvos/2a87bea97e/1/3,True,True,False,2a87bea97e
temporal_update_k8,dynamic,False,long_rvos/2a87bea97e/1/3,True,True,False,2a87bea97e
static_update_k2,hybrid,False,long_rvos/2a87bea97e/1/12,True,True,False,2a87bea97e
static_update_k4,hybrid,False,long_rvos/2a87bea97e/1/12,True,True,False,2a87bea97e
static_update_k8,hybrid,False,long_rvos/2a87bea97e/1/12,True,True,False,2a87bea97e
temporal_update_k2,hybrid,False,long_rvos/2a87bea97e/1/12,True,True,False,2a87bea97e
temporal_update_k4,hybrid,False,long_rvos/2a87bea97e/1/12,True,True,False,2a87bea97e
temporal_update_k8,hybrid,False,long_rvos/2a87bea97e/1/12,True,True,False,2a87bea97e
static_update_k2,hybrid,False,long_rvos/2a87bea97e/1/13,False,False,False,2a87bea97e
static_update_k4,hybrid,False,long_rvos/2a87bea97e/1/13,False,False,False,2a87bea97e
static_update_k8,hybrid,False,long_rvos/2a87bea97e/1/13,False,False,False,2a87bea97e
temporal_update_k2,hybrid,False,long_rvos/2a87bea97e/1/13,False,False,False,2a87bea97e
temporal_update_k4,hybrid,False,long_rvos/2a87bea97e/1/13,False,False,False,2a87bea97e
temporal_update_k8,hybrid,False,long_rvos/2a87bea97e/1/13,False,False,False,2a87bea97e
static_update_k2,static,False,long_rvos/2a87bea97e/1/0,True,True,False,2a87bea97e
static_update_k4,static,False,long_rvos/2a87bea97e/1/0,True,True,False,2a87bea97e
static_update_k8,static,False,long_rvos/2a87bea97e/1/0,True,True,False,2a87bea97e
temporal_update_k2,static,False,long_rvos/2a87bea97e/1/0,True,True,False,2a87bea97e
temporal_update_k4,static,False,long_rvos/2a87bea97e/1/0,True,True,False,2a87bea97e
temporal_update_k8,static,False,long_rvos/2a87bea97e/1/0,True,True,False,2a87bea97e
static_update_k2,static,False,long_rvos/2a87bea97e/1/2,True,True,False,2a87bea97e
static_update_k4,static,False,long_rvos/2a87bea97e/1/2,True,True,False,2a87bea97e
static_update_k8,static,False,long_rvos/2a87bea97e/1/2,True,True,False,2a87bea97e
temporal_update_k2,static,False,long_rvos/2a87bea97e/1/2,True,True,False,2a87bea97e
temporal_update_k4,static,False,long_rvos/2a87bea97e/1/2,True,True,False,2a87bea97e
temporal_update_k8,static,False,long_rvos/2a87bea97e/1/2,True,True,False,2a87bea97e
static_update_k2,dynamic,False,long_rvos/119777f4c0/1/1,True,True,False,119777f4c0
static_update_k4,dynamic,False,long_rvos/119777f4c0/1/1,False,False,True,119777f4c0
static_update_k8,dynamic,False,long_rvos/119777f4c0/1/1,False,False,True,119777f4c0
temporal_update_k2,dynamic,False,long_rvos/119777f4c0/1/1,True,True,False,119777f4c0
temporal_update_k4,dynamic,False,long_rvos/119777f4c0/1/1,False,False,True,119777f4c0
temporal_update_k8,dynamic,False,long_rvos/119777f4c0/1/1,False,False,True,119777f4c0
static_update_k2,dynamic,False,long_rvos/119777f4c0/1/3,True,True,False,119777f4c0
static_update_k4,dynamic,False,long_rvos/119777f4c0/1/3,False,False,True,119777f4c0
static_update_k8,dynamic,False,long_rvos/119777f4c0/1/3,False,False,True,119777f4c0
temporal_update_k2,dynamic,False,long_rvos/119777f4c0/1/3,True,True,False,119777f4c0
temporal_update_k4,dynamic,False,long_rvos/119777f4c0/1/3,False,False,True,119777f4c0
temporal_update_k8,dynamic,False,long_rvos/119777f4c0/1/3,False,False,True,119777f4c0
static_update_k2,hybrid,False,long_rvos/119777f4c0/1/12,False,False,False,119777f4c0
static_update_k4,hybrid,False,long_rvos/119777f4c0/1/12,False,False,False,119777f4c0
static_update_k8,hybrid,False,long_rvos/119777f4c0/1/12,False,False,False,119777f4c0
temporal_update_k2,hybrid,False,long_rvos/119777f4c0/1/12,False,False,False,119777f4c0
temporal_update_k4,hybrid,False,long_rvos/119777f4c0/1/12,False,False,False,119777f4c0
temporal_update_k8,hybrid,False,long_rvos/119777f4c0/1/12,False,False,False,119777f4c0
static_update_k2,static,False,long_rvos/119777f4c0/1/0,True,True,False,119777f4c0
static_update_k4,static,False,long_rvos/119777f4c0/1/0,False,False,True,119777f4c0
static_update_k8,static,False,long_rvos/119777f4c0/1/0,False,False,True,119777f4c0
temporal_update_k2,static,False,long_rvos/119777f4c0/1/0,True,True,False,119777f4c0
temporal_update_k4,static,False,long_rvos/119777f4c0/1/0,False,False,True,119777f4c0
temporal_update_k8,static,False,long_rvos/119777f4c0/1/0,False,False,True,119777f4c0
static_update_k2,static,False,long_rvos/119777f4c0/1/2,True,True,False,119777f4c0
static_update_k4,static,False,long_rvos/119777f4c0/1/2,False,False,True,119777f4c0
static_update_k8,static,False,long_rvos/119777f4c0/1/2,False,False,True,119777f4c0
temporal_update_k2,static,False,long_rvos/119777f4c0/1/2,True,True,False,119777f4c0
temporal_update_k4,static,False,long_rvos/119777f4c0/1/2,False,False,True,119777f4c0
temporal_update_k8,static,False,long_rvos/119777f4c0/1/2,False,False,True,119777f4c0
static_update_k2,dynamic,True,long_rvos/28ff632792/1/1,False,False,True,28ff632792
static_update_k4,dynamic,True,long_rvos/28ff632792/1/1,False,False,True,28ff632792
static_update_k8,dynamic,True,long_rvos/28ff632792/1/1,True,True,False,28ff632792
temporal_update_k2,dynamic,True,long_rvos/28ff632792/1/1,False,False,True,28ff632792
temporal_update_k4,dynamic,True,long_rvos/28ff632792/1/1,False,False,True,28ff632792
temporal_update_k8,dynamic,True,long_rvos/28ff632792/1/1,True,True,False,28ff632792
static_update_k2,dynamic,True,long_rvos/28ff632792/1/6,False,False,True,28ff632792
static_update_k4,dynamic,True,long_rvos/28ff632792/1/6,False,False,True,28ff632792
static_update_k8,dynamic,True,long_rvos/28ff632792/1/6,True,True,False,28ff632792
temporal_update_k2,dynamic,True,long_rvos/28ff632792/1/6,False,False,True,28ff632792
temporal_update_k4,dynamic,True,long_rvos/28ff632792/1/6,False,False,True,28ff632792
temporal_update_k8,dynamic,True,long_rvos/28ff632792/1/6,True,True,False,28ff632792
static_update_k2,static,False,long_rvos/28ff632792/1/0,False,False,False,28ff632792
static_update_k4,static,False,long_rvos/28ff632792/1/0,False,False,False,28ff632792
static_update_k8,static,False,long_rvos/28ff632792/1/0,False,False,False,28ff632792
temporal_update_k2,static,False,long_rvos/28ff632792/1/0,False,False,False,28ff632792
temporal_update_k4,static,False,long_rvos/28ff632792/1/0,False,False,False,28ff632792
temporal_update_k8,static,False,long_rvos/28ff632792/1/0,False,False,False,28ff632792
static_update_k2,dynamic,False,long_rvos/dca31590b8/2/5,False,False,False,dca31590b8
static_update_k4,dynamic,False,long_rvos/dca31590b8/2/5,False,False,False,dca31590b8
static_update_k8,dynamic,False,long_rvos/dca31590b8/2/5,False,False,False,dca31590b8
temporal_update_k2,dynamic,False,long_rvos/dca31590b8/2/5,False,False,False,dca31590b8
temporal_update_k4,dynamic,False,long_rvos/dca31590b8/2/5,False,False,False,dca31590b8
temporal_update_k8,dynamic,False,long_rvos/dca31590b8/2/5,False,False,False,dca31590b8
static_update_k2,hybrid,False,long_rvos/dca31590b8/2/10,False,False,False,dca31590b8
static_update_k4,hybrid,False,long_rvos/dca31590b8/2/10,False,False,False,dca31590b8
static_update_k8,hybrid,False,long_rvos/dca31590b8/2/10,True,True,False,dca31590b8
temporal_update_k2,hybrid,False,long_rvos/dca31590b8/2/10,False,False,False,dca31590b8
temporal_update_k4,hybrid,False,long_rvos/dca31590b8/2/10,False,False,False,dca31590b8
temporal_update_k8,hybrid,False,long_rvos/dca31590b8/2/10,True,True,False,dca31590b8
static_update_k2,hybrid,False,long_rvos/dca31590b8/2/11,False,False,False,dca31590b8
static_update_k4,hybrid,False,long_rvos/dca31590b8/2/11,False,False,False,dca31590b8
static_update_k8,hybrid,False,long_rvos/dca31590b8/2/11,True,True,False,dca31590b8
temporal_update_k2,hybrid,False,long_rvos/dca31590b8/2/11,False,False,False,dca31590b8
temporal_update_k4,hybrid,False,long_rvos/dca31590b8/2/11,False,False,False,dca31590b8
temporal_update_k8,hybrid,False,long_rvos/dca31590b8/2/11,True,True,False,dca31590b8
static_update_k2,static,False,long_rvos/dca31590b8/2/4,False,False,False,dca31590b8
static_update_k4,static,False,long_rvos/dca31590b8/2/4,False,False,False,dca31590b8
static_update_k8,static,False,long_rvos/dca31590b8/2/4,True,True,False,dca31590b8
temporal_update_k2,static,False,long_rvos/dca31590b8/2/4,False,False,False,dca31590b8
temporal_update_k4,static,False,long_rvos/dca31590b8/2/4,False,False,False,dca31590b8
temporal_update_k8,static,False,long_rvos/dca31590b8/2/4,True,True,False,dca31590b8
static_update_k2,static,False,long_rvos/dca31590b8/2/6,False,False,False,dca31590b8
static_update_k4,static,False,long_rvos/dca31590b8/2/6,False,False,False,dca31590b8
static_update_k8,static,False,long_rvos/dca31590b8/2/6,True,True,False,dca31590b8
temporal_update_k2,static,False,long_rvos/dca31590b8/2/6,False,False,False,dca31590b8
temporal_update_k4,static,False,long_rvos/dca31590b8/2/6,False,False,False,dca31590b8
temporal_update_k8,static,False,long_rvos/dca31590b8/2/6,True,True,False,dca31590b8
static_update_k2,dynamic,False,long_rvos/a595411232/3/11,False,False,False,a595411232
static_update_k4,dynamic,False,long_rvos/a595411232/3/11,False,False,False,a595411232
static_update_k8,dynamic,False,long_rvos/a595411232/3/11,True,True,False,a595411232
temporal_update_k2,dynamic,False,long_rvos/a595411232/3/11,False,False,False,a595411232
temporal_update_k4,dynamic,False,long_rvos/a595411232/3/11,False,False,False,a595411232
temporal_update_k8,dynamic,False,long_rvos/a595411232/3/11,True,True,False,a595411232
static_update_k2,dynamic,False,long_rvos/a595411232/3/9,False,False,False,a595411232
static_update_k4,dynamic,False,long_rvos/a595411232/3/9,False,False,False,a595411232
static_update_k8,dynamic,False,long_rvos/a595411232/3/9,True,True,False,a595411232
temporal_update_k2,dynamic,False,long_rvos/a595411232/3/9,False,False,False,a595411232
temporal_update_k4,dynamic,False,long_rvos/a595411232/3/9,False,False,False,a595411232
temporal_update_k8,dynamic,False,long_rvos/a595411232/3/9,True,True,False,a595411232
static_update_k2,hybrid,False,long_rvos/a595411232/3/20,False,False,False,a595411232
static_update_k4,hybrid,False,long_rvos/a595411232/3/20,False,False,False,a595411232
static_update_k8,hybrid,False,long_rvos/a595411232/3/20,True,True,False,a595411232
temporal_update_k2,hybrid,False,long_rvos/a595411232/3/20,False,False,False,a595411232
temporal_update_k4,hybrid,False,long_rvos/a595411232/3/20,False,False,False,a595411232
temporal_update_k8,hybrid,False,long_rvos/a595411232/3/20,True,True,False,a595411232
static_update_k2,hybrid,False,long_rvos/a595411232/3/21,False,False,False,a595411232
static_update_k4,hybrid,False,long_rvos/a595411232/3/21,False,False,False,a595411232
static_update_k8,hybrid,False,long_rvos/a595411232/3/21,True,True,False,a595411232
temporal_update_k2,hybrid,False,long_rvos/a595411232/3/21,False,False,False,a595411232
temporal_update_k4,hybrid,False,long_rvos/a595411232/3/21,False,False,False,a595411232
temporal_update_k8,hybrid,False,long_rvos/a595411232/3/21,True,True,False,a595411232
static_update_k2,static,False,long_rvos/a595411232/3/10,False,False,False,a595411232
static_update_k4,static,False,long_rvos/a595411232/3/10,False,False,False,a595411232
static_update_k8,static,False,long_rvos/a595411232/3/10,True,True,False,a595411232
temporal_update_k2,static,False,long_rvos/a595411232/3/10,False,False,False,a595411232
temporal_update_k4,static,False,long_rvos/a595411232/3/10,False,False,False,a595411232
temporal_update_k8,static,False,long_rvos/a595411232/3/10,True,True,False,a595411232
static_update_k2,static,False,long_rvos/a595411232/3/8,False,False,False,a595411232
static_update_k4,static,False,long_rvos/a595411232/3/8,False,False,False,a595411232
static_update_k8,static,False,long_rvos/a595411232/3/8,True,True,False,a595411232
temporal_update_k2,static,False,long_rvos/a595411232/3/8,False,False,False,a595411232
temporal_update_k4,static,False,long_rvos/a595411232/3/8,False,False,False,a595411232
temporal_update_k8,static,False,long_rvos/a595411232/3/8,True,True,False,a595411232
static_update_k2,dynamic,False,long_rvos/e9b78ad8e7/1/1,False,False,False,e9b78ad8e7
static_update_k4,dynamic,False,long_rvos/e9b78ad8e7/1/1,True,True,False,e9b78ad8e7
static_update_k8,dynamic,False,long_rvos/e9b78ad8e7/1/1,False,False,True,e9b78ad8e7
temporal_update_k2,dynamic,False,long_rvos/e9b78ad8e7/1/1,False,False,False,e9b78ad8e7
temporal_update_k4,dynamic,False,long_rvos/e9b78ad8e7/1/1,True,True,False,e9b78ad8e7
temporal_update_k8,dynamic,False,long_rvos/e9b78ad8e7/1/1,True,True,False,e9b78ad8e7
static_update_k2,hybrid,False,long_rvos/e9b78ad8e7/1/6,False,False,False,e9b78ad8e7
static_update_k4,hybrid,False,long_rvos/e9b78ad8e7/1/6,True,True,False,e9b78ad8e7
static_update_k8,hybrid,False,long_rvos/e9b78ad8e7/1/6,True,True,False,e9b78ad8e7
temporal_update_k2,hybrid,False,long_rvos/e9b78ad8e7/1/6,False,False,False,e9b78ad8e7
temporal_update_k4,hybrid,False,long_rvos/e9b78ad8e7/1/6,True,True,False,e9b78ad8e7
temporal_update_k8,hybrid,False,long_rvos/e9b78ad8e7/1/6,True,True,False,e9b78ad8e7
static_update_k2,static,False,long_rvos/e9b78ad8e7/1/0,False,False,False,e9b78ad8e7
static_update_k4,static,False,long_rvos/e9b78ad8e7/1/0,True,True,False,e9b78ad8e7
static_update_k8,static,False,long_rvos/e9b78ad8e7/1/0,True,True,False,e9b78ad8e7
temporal_update_k2,static,False,long_rvos/e9b78ad8e7/1/0,False,False,False,e9b78ad8e7
temporal_update_k4,static,False,long_rvos/e9b78ad8e7/1/0,True,True,False,e9b78ad8e7
temporal_update_k8,static,False,long_rvos/e9b78ad8e7/1/0,True,True,False,e9b78ad8e7
static_update_k2,dynamic,False,long_rvos/2c4cbde1aa/1/1,False,False,False,2c4cbde1aa
static_update_k4,dynamic,False,long_rvos/2c4cbde1aa/1/1,True,True,False,2c4cbde1aa
static_update_k8,dynamic,False,long_rvos/2c4cbde1aa/1/1,True,True,False,2c4cbde1aa
temporal_update_k2,dynamic,True,long_rvos/2c4cbde1aa/1/1,False,False,True,2c4cbde1aa
temporal_update_k4,dynamic,True,long_rvos/2c4cbde1aa/1/1,True,True,False,2c4cbde1aa
temporal_update_k8,dynamic,True,long_rvos/2c4cbde1aa/1/1,False,False,True,2c4cbde1aa
static_update_k2,dynamic,False,long_rvos/2c4cbde1aa/1/3,False,False,False,2c4cbde1aa
static_update_k4,dynamic,False,long_rvos/2c4cbde1aa/1/3,True,True,False,2c4cbde1aa
static_update_k8,dynamic,False,long_rvos/2c4cbde1aa/1/3,True,True,False,2c4cbde1aa
temporal_update_k2,dynamic,True,long_rvos/2c4cbde1aa/1/3,False,False,True,2c4cbde1aa
temporal_update_k4,dynamic,True,long_rvos/2c4cbde1aa/1/3,True,True,False,2c4cbde1aa
temporal_update_k8,dynamic,True,long_rvos/2c4cbde1aa/1/3,True,True,False,2c4cbde1aa
static_update_k2,hybrid,False,long_rvos/2c4cbde1aa/1/7,False,False,False,2c4cbde1aa
static_update_k4,hybrid,False,long_rvos/2c4cbde1aa/1/7,True,True,False,2c4cbde1aa
static_update_k8,hybrid,False,long_rvos/2c4cbde1aa/1/7,True,True,False,2c4cbde1aa
temporal_update_k2,hybrid,False,long_rvos/2c4cbde1aa/1/7,False,False,False,2c4cbde1aa
temporal_update_k4,hybrid,False,long_rvos/2c4cbde1aa/1/7,False,False,False,2c4cbde1aa
temporal_update_k8,hybrid,False,long_rvos/2c4cbde1aa/1/7,True,True,False,2c4cbde1aa
static_update_k2,static,False,long_rvos/2c4cbde1aa/1/0,False,False,False,2c4cbde1aa
static_update_k4,static,False,long_rvos/2c4cbde1aa/1/0,True,True,False,2c4cbde1aa
static_update_k8,static,False,long_rvos/2c4cbde1aa/1/0,True,True,False,2c4cbde1aa
temporal_update_k2,static,False,long_rvos/2c4cbde1aa/1/0,False,False,False,2c4cbde1aa
temporal_update_k4,static,False,long_rvos/2c4cbde1aa/1/0,False,False,False,2c4cbde1aa
temporal_update_k8,static,False,long_rvos/2c4cbde1aa/1/0,True,True,False,2c4cbde1aa
static_update_k2,static,False,long_rvos/2c4cbde1aa/1/2,False,False,False,2c4cbde1aa
static_update_k4,static,False,long_rvos/2c4cbde1aa/1/2,True,True,False,2c4cbde1aa
static_update_k8,static,False,long_rvos/2c4cbde1aa/1/2,True,True,False,2c4cbde1aa
temporal_update_k2,static,False,long_rvos/2c4cbde1aa/1/2,False,False,False,2c4cbde1aa
temporal_update_k4,static,False,long_rvos/2c4cbde1aa/1/2,False,False,False,2c4cbde1aa
temporal_update_k8,static,False,long_rvos/2c4cbde1aa/1/2,True,True,False,2c4cbde1aa
