model,dataset,video_id,object_id,static_expression_count,dynamic_expression_count,static_expression_ids,dynamic_expression_ids,static_J,static_F,static_J_and_F,dynamic_J,dynamic_F,dynamic_J_and_F,dynamic_minus_static_J_and_F,dynamic_worse
Sa2VA-Qwen3-VL-4B,long_rvos,0102096b4c,1,2,1,0;1,2,0.5535112873454604,0.4522321424247023,0.5028717148850814,0.5792483633151821,0.44967384687485656,0.5144611050950194,0.011589390209937989,0
Sa2VA-Qwen3-VL-4B,long_rvos,0102096b4c,2,2,2,3;5,4;6,0.29988774311543154,0.23171218067992833,0.26579996189767996,0.32393229475104796,0.2589058801715007,0.2914190874612743,0.025619125563594358,0
Sa2VA-Qwen3-VL-4B,long_rvos,0310d3743b,1,2,2,0;2,1;3,0.3756684657173805,0.3988383558791131,0.3872534107982468,0.2538792607335473,0.2995555189661741,0.27671738984986066,-0.11053602094838616,1
Sa2VA-Qwen3-VL-4B,long_rvos,0310d3743b,2,2,2,4;6,5;7,0.3839788408666611,0.6023936864779332,0.49318626367229723,0.41614875388416084,0.6309450354578529,0.5235468946710069,0.03036063099870967,0
Sa2VA-Qwen3-VL-4B,long_rvos,0310d3743b,3,1,2,8,12;9,0.1683547511402559,0.21754366475592973,0.1929492079480928,0.08123815314449236,0.15175269349147097,0.11649542331798166,-0.07645378463011115,1
Sa2VA-Qwen3-VL-4B,long_rvos,046ee6aa1a,1,1,2,0,1;4,0.29962774707552137,0.22633990990894798,0.2629838284922347,0.31970590535545884,0.2602089258563426,0.2899574156059007,0.026973587113666042,0
Sa2VA-Qwen3-VL-4B,long_rvos,046ee6aa1a,2,1,2,2,3;5,0.3488245622573849,0.18058993595591416,0.26470724910664956,0.3494863212635293,0.17925267168339307,0.2643694964734612,-0.0003377526331883596,1
Sa2VA-Qwen3-VL-4B,long_rvos,0560401ea3,1,2,2,0;2,1;3,0.7270821629854357,0.5990482798356982,0.6630652214105669,0.7288541499672784,0.602157580512774,0.6655058652400262,0.002440643829459299,0
Sa2VA-Qwen3-VL-4B,long_rvos,0560401ea3,2,2,2,4;6,5;7,0.11836412967319188,0.12364012170853564,0.12100212569086377,0.14301648713427212,0.12470958240426008,0.13386303476926611,0.012860909078402344,0
Sa2VA-Qwen3-VL-4B,long_rvos,092ba1d6df,1,2,2,0;2,1;3,0.16459852881654527,0.23432848576099702,0.19946350728877113,0.3488931905153493,0.4690634975277391,0.4089783440215442,0.20951483673277307,0
Sa2VA-Qwen3-VL-4B,long_rvos,092ba1d6df,2,2,1,4;5,6,0.8089190803153338,0.845211051611117,0.8270650659632254,0.8089045606253575,0.8460781902138462,0.8274913754196018,0.00042630945637645024,0
Sa2VA-Qwen3-VL-4B,long_rvos,0d0ebe00cc,1,2,2,0;2,1;3,0.6060022531611248,0.38536416088978587,0.4956832070254553,0.5179312668164475,0.3020143727896296,0.40997281980303857,-0.08571038722241675,1
Sa2VA-Qwen3-VL-4B,long_rvos,0d0ebe00cc,2,2,2,4;6,5;7,0.47385051574108084,0.3748347313212833,0.4243426235311821,0.42317381847221547,0.34193026548800964,0.3825520419801126,-0.04179058155106946,1
Sa2VA-Qwen3-VL-4B,long_rvos,0d0ebe00cc,3,2,2,10;8,11;9,0.48608606452248376,0.41032171124036376,0.4482038878814238,0.46925836995459946,0.38294566652695633,0.42610201824077787,-0.02210186964064592,1
Sa2VA-Qwen3-VL-4B,long_rvos,1088228079,1,1,1,0,1,0.917772228776994,0.96815720245054,0.942964715613767,0.914320676596289,0.965492485323038,0.9399065809596635,-0.0030581346541035392,1
Sa2VA-Qwen3-VL-4B,long_rvos,1088228079,2,1,1,2,3,0.12427428897545333,0.13777543960067576,0.13102486428806454,0.12978126289166267,0.14636828570328347,0.13807477429747306,0.007049910009408522,0
Sa2VA-Qwen3-VL-4B,long_rvos,1088228079,3,1,1,4,5,0.27624451247311843,0.3344367812210777,0.30534064684709805,0.04882728045270963,0.04620432470285079,0.04751580257778021,-0.25782484426931784,1
Sa2VA-Qwen3-VL-4B,long_rvos,1088228079,4,1,1,6,7,0.17936781366645144,0.23031499899735225,0.20484140633190184,0.00041823011057311524,0.02071689322151093,0.010567561666042023,-0.1942738446658598,1
Sa2VA-Qwen3-VL-4B,long_rvos,119777f4c0,1,2,2,0;2,1;3,0.20173894900082945,0.20358375678980206,0.20266135289531576,0.17702355068080206,0.1652670512978061,0.17114530098930408,-0.03151605190601167,1
Sa2VA-Qwen3-VL-4B,long_rvos,119777f4c0,2,2,2,4;6,5;7,0.8851330949630842,0.7926344670026979,0.8388837809828911,0.8846590839737996,0.7910279057411047,0.8378434948574521,-0.0010402861254389384,1
Sa2VA-Qwen3-VL-4B,long_rvos,119777f4c0,3,2,2,10;8,11;9,0.4160229554219234,0.32360039503842847,0.36981167523017594,0.39938382975904607,0.2405501196936416,0.31996697472634383,-0.04984470050383211,1
Sa2VA-Qwen3-VL-4B,long_rvos,18b160d3a7,1,2,2,0;2,1;3,0.664346656190343,0.6339480292582971,0.64914734272432,0.6001305179997494,0.42495034596570147,0.5125404319827254,-0.1366069107415946,1
Sa2VA-Qwen3-VL-4B,long_rvos,18b160d3a7,2,1,1,4,5,0.7716770227118814,0.34028389847435636,0.5559804605931189,0.27835188267569544,0.2118730489491959,0.24511246581244567,-0.31086799478067323,1
Sa2VA-Qwen3-VL-4B,long_rvos,18b160d3a7,3,2,2,6;8,7;9,0.3177899862322806,0.27303033537196886,0.2954101608021248,0.3280088121183319,0.2576652817544456,0.2928370469363888,-0.0025731138657359987,1
Sa2VA-Qwen3-VL-4B,long_rvos,18b160d3a7,4,1,1,10,11,0.0625,0.06262749126471334,0.06256374563235667,0.016108450810128218,0.041515483397196476,0.028811967103662347,-0.03375177852869432,1
Sa2VA-Qwen3-VL-4B,long_rvos,1a5dead3e3,1,1,1,0,1,0.7534996082365297,0.73756624201419,0.7455329251253598,0.6997291577459577,0.6800678943145329,0.6898985260302453,-0.055634399095114584,1
Sa2VA-Qwen3-VL-4B,long_rvos,1a5dead3e3,2,1,1,2,3,0.3797654517295802,0.36145615199187475,0.3706108018607275,0.357641801987467,0.3308774008630038,0.3442596014252354,-0.026351200435492106,1
Sa2VA-Qwen3-VL-4B,long_rvos,20eaede0fb,1,2,2,0;2,1;3,0.7292662876441743,0.7387874083747539,0.734026848009464,0.8007793251544087,0.8072987985110927,0.8040390618327506,0.0700122138232866,0
Sa2VA-Qwen3-VL-4B,long_rvos,20eaede0fb,2,1,1,4,5,0.0625,0.0625,0.0625,0.015625,0.015625,0.015625,-0.046875,1
Sa2VA-Qwen3-VL-4B,long_rvos,2179ba2ef3,1,1,1,0,1,0.3465132127208552,0.38018960738916896,0.3633514100550121,0.33214155928391875,0.3607506535030539,0.34644610639348633,-0.01690530366152576,1
Sa2VA-Qwen3-VL-4B,long_rvos,22680d3b50,1,2,1,0;2,1,0.9838444601092436,0.8996506269490054,0.9417475435291246,0.9856994192049328,0.9079988781953462,0.9468491487001395,0.005101605171014878,0
Sa2VA-Qwen3-VL-4B,long_rvos,22680d3b50,4,2,2,3;5,4;6,0.6720229150389669,0.7301968208605174,0.7011098679497421,0.4797658174144672,0.525478933793643,0.5026223756040551,-0.19848749234568697,1
Sa2VA-Qwen3-VL-4B,long_rvos,235ff86d37,1,1,1,0,1,0.22562128269312837,0.2248179560134328,0.22521961935328058,0.04396054464315485,0.0718799660433724,0.05792025534326363,-0.16729936401001694,1
Sa2VA-Qwen3-VL-4B,long_rvos,235ff86d37,2,1,1,2,3,0.3485749201900546,0.36611223339322685,0.35734357679164075,0.3209474917857401,0.30146735756603926,0.3112074246758897,-0.04613615211575106,1
Sa2VA-Qwen3-VL-4B,long_rvos,235ff86d37,3,1,1,4,5,0.48806444816993655,0.5083241797339113,0.49819431395192393,0.38520070283266994,0.3821795491471073,0.3836901259898886,-0.11450418796203532,1
Sa2VA-Qwen3-VL-4B,long_rvos,235ff86d37,4,1,1,6,7,0.057090615679728944,0.05596447900151224,0.05652754734062059,0.08943334711894546,0.08912209908559143,0.08927772310226845,0.032750175761647855,0
Sa2VA-Qwen3-VL-4B,long_rvos,24b7b95ca4,1,2,2,0;2,1;3,0.6445251752922829,0.6374596520426784,0.6409924136674807,0.6411877577658964,0.6186647145683355,0.6299262361671161,-0.011066177500364649,1
Sa2VA-Qwen3-VL-4B,long_rvos,24b7b95ca4,2,2,2,4;6,5;7,0.7287664139747188,0.7759642746521132,0.752365344313416,0.2578718656957892,0.276084871211768,0.26697836845377865,-0.4853869758596373,1
Sa2VA-Qwen3-VL-4B,long_rvos,24b7b95ca4,3,2,2,10;8,11;9,0.2181597796000814,0.2660726320835918,0.24211620584183657,0.23890602593899796,0.2973784375527029,0.2681422317458504,0.026026025904013816,0
Sa2VA-Qwen3-VL-4B,long_rvos,24b7b95ca4,4,1,1,12,13,0.031516652972036374,0.03694525071239824,0.034230951842217305,0.015625,0.036936537724911456,0.026280768862455728,-0.007950182979761578,1
Sa2VA-Qwen3-VL-4B,long_rvos,24b7b95ca4,5,2,2,14;16,15;17,0.15671356683586352,0.18752182365586068,0.1721176952458621,0.14823588567812646,0.18312668247044567,0.16568128407428606,-0.006436411171576034,1
Sa2VA-Qwen3-VL-4B,long_rvos,2683deffcb,1,1,1,0,1,0.8191062484115157,0.8432295816443338,0.8311679150279248,0.8097491686269884,0.8266392606984897,0.818194214662739,-0.012973700365185747,1
Sa2VA-Qwen3-VL-4B,long_rvos,2683deffcb,2,1,1,2,3,0.49101551730671394,0.4791768248036131,0.48509617105516356,0.4905179527679813,0.4772359335841375,0.48387694317605945,-0.0012192278791041122,1
Sa2VA-Qwen3-VL-4B,long_rvos,28ff632792,1,1,2,0,1;6,0.33033970959423314,0.3299314860178555,0.3301355978060443,0.3316453160533925,0.33061545279564175,0.33113038442451714,0.0009947866184728538,0
Sa2VA-Qwen3-VL-4B,long_rvos,28ff632792,2,1,2,2,3;7,0.8573198580890029,0.7483257546024238,0.8028228063457133,0.8289350648773459,0.7069629554352808,0.7679490101563133,-0.03487379618940001,1
Sa2VA-Qwen3-VL-4B,long_rvos,28ff632792,5,1,2,4,5;8,0.02552018583125227,0.19209271953414117,0.10880645268269672,0.022430027434745082,0.18878890689893024,0.10560946716683765,-0.003196985515859063,1
Sa2VA-Qwen3-VL-4B,long_rvos,2980a00b04,1,2,2,0;2,1;3,0.9587619493223071,0.9521790324711221,0.9554704908967147,0.9584843334769879,0.9500414534573236,0.9542628934671558,-0.0012075974295588932,1
Sa2VA-Qwen3-VL-4B,long_rvos,2980a00b04,2,2,1,4;6,5,0.1685543678372044,0.18666242451466727,0.17760839617593585,0.08714939506105723,0.08756420647435441,0.08735680076770583,-0.09025159540823002,1
Sa2VA-Qwen3-VL-4B,long_rvos,2980a00b04,3,2,2,7;9,10;8,0.07939515516786108,0.10568312182760416,0.09253913849773263,0.06563166626735671,0.08496688676184823,0.07529927651460247,-0.017239861983130156,1
Sa2VA-Qwen3-VL-4B,long_rvos,2a87bea97e,1,2,2,0;2,1;3,0.6080338097606204,0.4191154744105824,0.5135746420856013,0.5864088986795287,0.4017459597107208,0.49407742919512476,-0.019497212890476567,1
Sa2VA-Qwen3-VL-4B,long_rvos,2a87bea97e,2,2,2,4;6,5;7,0.15622070606403193,0.09094453770534941,0.12358262188469066,0.18803659401269934,0.1362439870466882,0.16214029052969375,0.038557668645003096,0
Sa2VA-Qwen3-VL-4B,long_rvos,2a87bea97e,3,2,2,10;8,11;9,0.23717450732147816,0.13005049624372844,0.1836125017826033,0.2730878030355178,0.15532628529040554,0.21420704416296166,0.03059454238035836,0
Sa2VA-Qwen3-VL-4B,long_rvos,2abb12f2f7,1,1,1,0,1,0.5835349163564623,0.6279021652217023,0.6057185407890823,0.05322077946684069,0.4119295831718974,0.23257518131936902,-0.3731433594697132,1
Sa2VA-Qwen3-VL-4B,long_rvos,2abb12f2f7,2,1,1,2,3,0.9216271324479361,0.8967308792300537,0.9091790058389949,0.9037377614231583,0.8889693532804612,0.8963535573518098,-0.012825448487185143,1
Sa2VA-Qwen3-VL-4B,long_rvos,2c4cbde1aa,1,2,2,0;2,1;3,0.1347801774153074,0.13526379418276102,0.13502198579903418,0.07846035908517808,0.05415647917247981,0.06630841912882895,-0.06871356667020523,1
Sa2VA-Qwen3-VL-4B,long_rvos,2c4cbde1aa,2,2,1,4;6,5,0.01582642074274529,0.06255825192271114,0.039192336332728214,0.06265700868439654,0.12335835991909894,0.09300768430174775,0.05381534796901953,0
Sa2VA-Qwen3-VL-4B,long_rvos,2cfdc294c5,1,2,3,0;2,1;3;8,0.8284393061208192,0.8113360945395798,0.8198877003301994,0.8488517788709086,0.833608375712282,0.8412300772915954,0.02134237696139596,0
Sa2VA-Qwen3-VL-4B,long_rvos,2cfdc294c5,2,2,3,4;6,5;7;9,0.3310413677820528,0.3355214084607683,0.3332813881214105,0.3195942569751758,0.31973145205718817,0.319662854516182,-0.013618533605228522,1
Sa2VA-Qwen3-VL-4B,long_rvos,30c20fb4c1,1,2,2,0;2,1;3,0.7483733543421434,0.6936395654569203,0.7210064598995318,0.7502151311784303,0.6937273034648399,0.721971217321635,0.000964757422103224,0
Sa2VA-Qwen3-VL-4B,long_rvos,30c20fb4c1,2,2,2,4;6,5;7,0.7458508721343955,0.6431721182919686,0.6945114952131821,0.7444262018953549,0.6448841595371833,0.6946551807162691,0.00014368550308696548,0
Sa2VA-Qwen3-VL-4B,long_rvos,30c20fb4c1,3,2,2,10;8,11;9,0.4048044317653414,0.4116235999229617,0.4082140158441516,0.5201505800748341,0.47901801754475826,0.49958429880979616,0.09137028296564453,0
Sa2VA-Qwen3-VL-4B,long_rvos,30f4d962f9,1,1,1,0,1,0.7968437487454565,0.741061760248647,0.7689527544970518,0.7861469788360556,0.7153928946442659,0.7507699367401608,-0.018182817756891012,1
Sa2VA-Qwen3-VL-4B,long_rvos,30f4d962f9,2,1,1,2,3,0.03211408250289567,0.1061443169844788,0.06912919974368724,0.05172549029640956,0.11981882947707773,0.08577215988674364,0.0166429601430564,0
Sa2VA-Qwen3-VL-4B,long_rvos,31a352c169,1,2,2,0;2,1;3,0.916984142472943,0.852302082058383,0.8846431122656631,0.9174787946076755,0.8529495794688442,0.8852141870382597,0.0005710747725966581,0
Sa2VA-Qwen3-VL-4B,long_rvos,31a352c169,2,2,1,4;5,6,0.4799236164125005,0.5023246954171976,0.49112415591484904,0.4798508386771074,0.5028230851764968,0.4913369619268021,0.00021280601195305948,0
Sa2VA-Qwen3-VL-4B,long_rvos,31a352c169,3,2,1,7;8,9,0.3195141529099734,0.3255120417813845,0.32251309734567896,0.27316671250569735,0.27816155007128274,0.27566413128849004,-0.04684896605718891,1
Sa2VA-Qwen3-VL-4B,long_rvos,3584fff834,1,2,2,0;2,1;3,0.9350668524435867,0.8843546797932196,0.9097107661184032,0.9340819968383406,0.8830159007385159,0.9085489487884282,-0.0011618173299750012,1
Sa2VA-Qwen3-VL-4B,long_rvos,3584fff834,2,2,1,4;5,6,0.15930717245751874,0.1952960588825538,0.17730161567003627,0.1227430383857201,0.1520781073018525,0.1374105728437863,-0.03989104282624997,1
Sa2VA-Qwen3-VL-4B,long_rvos,3584fff834,3,1,1,7,8,0.2912779266745967,0.33736737310228165,0.31432264988843917,0.14524683299245036,0.21008446037070871,0.17766564668157953,-0.13665700320685964,1
Sa2VA-Qwen3-VL-4B,long_rvos,3584fff834,4,2,2,11;9,10;12,0.47288041389392804,0.4696626858857922,0.4712715498898601,0.4652672002632409,0.4622898761823603,0.4637785382228006,-0.007493011667059513,1
Sa2VA-Qwen3-VL-4B,long_rvos,39db436191,2,1,1,2,3,0.19160204821754234,0.19629354124218393,0.19394779472986312,0.1639109606436768,0.1552798877626597,0.15959542420316825,-0.034352370526694875,1
Sa2VA-Qwen3-VL-4B,long_rvos,39db436191,3,1,1,4,5,0.3983717392278687,0.4044791136605014,0.40142542644418505,0.35136714493489823,0.3646860027856947,0.35802657386029646,-0.04339885258388859,1
Sa2VA-Qwen3-VL-4B,long_rvos,39db436191,4,1,1,6,7,0.031747507633428276,0.04670003071562065,0.03922376917452446,0.0718677959103503,0.06664135230834742,0.06925457410934885,0.030030804934824386,0
Sa2VA-Qwen3-VL-4B,long_rvos,3c1a33d13b,1,2,2,0;2,1;3,0.9278694563948147,0.8618166805490374,0.894843068471926,0.9276834602750352,0.859306497885631,0.893494979080333,-0.0013480893915929215,1
Sa2VA-Qwen3-VL-4B,long_rvos,3c1a33d13b,2,2,2,4;6,5;7,0.574723233100598,0.4777686238784934,0.5262459284895458,0.38920143430851784,0.33619827847574557,0.3626998563921317,-0.16354607209741406,1
Sa2VA-Qwen3-VL-4B,long_rvos,3f4b67edff,1,2,2,0;2,1;3,0.913512299942071,0.860883597875806,0.8871979489089385,0.8804619381459391,0.8303266973693024,0.8553943177576208,-0.03180363115131779,1
Sa2VA-Qwen3-VL-4B,long_rvos,3f4b67edff,2,2,2,4;6,5;7,0.36954862029226854,0.44442569047660185,0.4069871553844352,0.37076779498637197,0.44429315911051226,0.40753047704844214,0.000543321664006946,0
Sa2VA-Qwen3-VL-4B,long_rvos,3f4b67edff,3,2,2,10;8,11;9,0.21275455357928877,0.24505216741581698,0.2289033604975529,0.15108001302551505,0.16719137904967768,0.15913569603759636,-0.06976766445995652,1
Sa2VA-Qwen3-VL-4B,long_rvos,40d66b2614,1,2,3,0;2,1;10;3,0.8587581379343394,0.8533180901631787,0.8560381140487591,0.8814470862237694,0.8695769987975933,0.8755120425106814,0.019473928461922307,0
Sa2VA-Qwen3-VL-4B,long_rvos,40d66b2614,2,2,2,4;6,5;7,0.39899168421373876,0.4102333297833426,0.4046125069985407,0.3915229151592524,0.4046610463569143,0.3980919807580834,-0.006520526240457292,1
Sa2VA-Qwen3-VL-4B,long_rvos,41c5109249,1,1,1,0,1,0.8246778738143938,0.7940636392783063,0.80937075654635,0.8178208938298328,0.7932804863997122,0.8055506901147724,-0.003820066431577618,1
Sa2VA-Qwen3-VL-4B,long_rvos,41c5109249,2,1,1,2,3,0.778948714570499,0.7520349502140001,0.7654918323922495,0.00011969717404124153,0.06761615770679823,0.033867927440419734,-0.7316239049518297,1
Sa2VA-Qwen3-VL-4B,long_rvos,41c5109249,3,1,1,4,5,0.036789870085985096,0.04681856765164904,0.041804218868817064,0.029019140237436604,0.11050281327488833,0.06976097675616247,0.027956757887345404,0
Sa2VA-Qwen3-VL-4B,long_rvos,4ec9dcf90d,1,1,1,0,1,0.7717026705068004,0.7847268345833754,0.778214752545088,0.7664604571837073,0.7744705445075023,0.7704655008456047,-0.007749251699483262,1
Sa2VA-Qwen3-VL-4B,long_rvos,4ec9dcf90d,2,1,1,2,3,0.28534684329981,0.36459910931788175,0.3249729763088459,0.29467105724051945,0.3736284555482614,0.33414975639439043,0.009176780085544511,0
Sa2VA-Qwen3-VL-4B,long_rvos,5c0c9c0098,1,2,2,0;2,1;3,0.9138099771776202,0.9377149819532375,0.9257624795654289,0.918107417892202,0.9412839035386256,0.9296956607154137,0.003933181149984755,0
Sa2VA-Qwen3-VL-4B,long_rvos,5c0c9c0098,2,2,2,4;6,5;7,0.008643348862743674,0.018779658117294748,0.013711503490019213,0.01108068110883896,0.01427342457172917,0.012677052840284066,-0.0010344506497351469,1
Sa2VA-Qwen3-VL-4B,long_rvos,5c0c9c0098,3,1,1,8,9,0.07846045683563305,0.08885006454342372,0.08365526068952839,0.06254897601150577,0.06961117232387234,0.06608007416768906,-0.01757518652183933,1
Sa2VA-Qwen3-VL-4B,long_rvos,5d262b025c,1,1,1,0,1,0.8525191880682064,0.8816686090310717,0.867093898549639,0.8562566338100916,0.8852269181920689,0.8707417760010803,0.0036478774514412393,0
Sa2VA-Qwen3-VL-4B,long_rvos,5d262b025c,10,1,1,2,3,0.07851262967974741,0.08399355299365538,0.08125309133670139,0.078125,0.078125,0.078125,-0.0031280913367013885,1
Sa2VA-Qwen3-VL-4B,long_rvos,5d262b025c,2,1,1,4,5,0.7299697932414435,0.8192216832515313,0.7745957382464874,0.6915580211268937,0.7783014367960037,0.7349297289614487,-0.03966600928503872,1
Sa2VA-Qwen3-VL-4B,long_rvos,5d262b025c,3,1,1,6,7,0.2858936452833348,0.351619946967869,0.3187567961256019,0.6111388579000104,0.6710208338151382,0.6410798458575744,0.32232304973197246,0
Sa2VA-Qwen3-VL-4B,long_rvos,5d262b025c,4,1,1,8,9,0.05747135810486173,0.05677209086612307,0.0571217244854924,0.015771522369162405,0.015571179743197622,0.015671351056180012,-0.04145037342931239,1
Sa2VA-Qwen3-VL-4B,long_rvos,5d262b025c,5,1,1,10,11,0.0,0.0,0.0,7.866588403183566e-05,0.025246994436680933,0.012662830160356384,0.012662830160356384,0
Sa2VA-Qwen3-VL-4B,long_rvos,5d262b025c,6,1,1,12,13,0.00043826041348182625,0.004033950703692481,0.0022361055585871535,0.0,0.0,0.0,-0.0022361055585871535,1
Sa2VA-Qwen3-VL-4B,long_rvos,5d262b025c,7,1,1,14,15,0.7329741046799979,0.8383091528821265,0.7856416287810621,0.017004947670798264,0.05959871783445679,0.038301832752627524,-0.7473397960284346,1
Sa2VA-Qwen3-VL-4B,long_rvos,5d262b025c,8,1,1,16,17,0.02027812994191689,0.2746590053700368,0.14746856765597685,0.01178781936111019,0.23400006013405017,0.12289393974758019,-0.024574627908396665,1
Sa2VA-Qwen3-VL-4B,long_rvos,5d262b025c,9,1,1,18,19,0.07009642949733949,0.09608837595142611,0.0830924027243828,0.0010479871073958433,0.008186191277740998,0.004617089192568421,-0.07847531353181438,1
Sa2VA-Qwen3-VL-4B,long_rvos,5d2c735adb,1,1,1,0,1,0.12354657465029024,0.14250094749103004,0.13302376107066013,0.11497345848378485,0.136192495872962,0.1255829771783734,-0.007440783892286723,1
Sa2VA-Qwen3-VL-4B,long_rvos,5d2c735adb,2,1,1,2,3,0.08931439603855332,0.10406475661042205,0.09668957632448769,0.07311370174934903,0.11006820408804585,0.09159095291869744,-0.005098623405790245,1
Sa2VA-Qwen3-VL-4B,long_rvos,5d2c735adb,3,1,1,4,5,0.5718818959277584,0.6708790050707496,0.621380450499254,0.4539247493351692,0.5551665683234082,0.5045456588292887,-0.11683479166996524,1
Sa2VA-Qwen3-VL-4B,long_rvos,5d2c735adb,4,1,1,6,7,0.5286355168386666,0.5498631124153595,0.539249314627013,0.3565885869584635,0.43024217050709956,0.39341537873278154,-0.14583393589423144,1
Sa2VA-Qwen3-VL-4B,long_rvos,60737ed642,1,1,1,0,1,0.9485608702257571,0.9276088887364742,0.9380848794811156,0.9447177636063202,0.8838720003611296,0.9142948819837249,-0.023789997497390747,1
Sa2VA-Qwen3-VL-4B,long_rvos,60737ed642,2,1,1,2,3,0.14485388760712187,0.13980622192320893,0.14233005476516541,0.11035726895998638,0.12519467641276,0.11777597268637319,-0.024554082078792228,1
Sa2VA-Qwen3-VL-4B,long_rvos,60737ed642,3,1,1,4,5,0.04577533210668268,0.061245849297396474,0.053510590702039576,0.030452346825329678,0.04263353285896988,0.03654293984214978,-0.0169676508598898,1
Sa2VA-Qwen3-VL-4B,long_rvos,68170c3f7a,1,2,2,0;2,1;3,0.6385759195386218,0.7174003778432165,0.6779881486909192,0.3653035864879194,0.5005380178833478,0.4329208021856336,-0.24506734650528555,1
Sa2VA-Qwen3-VL-4B,long_rvos,68170c3f7a,2,2,2,4;6,5;7,0.08709093009121925,0.097664476193698,0.09237770314245863,0.08475072257496657,0.09654492767930689,0.09064782512713673,-0.0017298780153219007,1
Sa2VA-Qwen3-VL-4B,long_rvos,6a1db02e31,1,2,2,0;2,1;3,0.6192533503653338,0.6435999047446739,0.6314266275550038,0.5452421576867776,0.5569574810640738,0.5510998193754257,-0.08032680817957805,1
Sa2VA-Qwen3-VL-4B,long_rvos,6a1db02e31,2,2,2,4;6,5;7,0.20115524346448974,0.18772333345413572,0.19443928845931271,0.13925191326649633,0.13180092957126838,0.13552642141888235,-0.05891286704043036,1
Sa2VA-Qwen3-VL-4B,long_rvos,6bf32cc0d5,1,2,2,0;2,1;3,0.8286463407376035,0.6944316032474078,0.7615389719925056,0.8477461540852426,0.7229670755748132,0.7853566148300279,0.0238176428375223,0
Sa2VA-Qwen3-VL-4B,long_rvos,6bf32cc0d5,2,2,1,4;5,6,0.020146572388318365,0.06476881623680905,0.0424576943125637,0.04361293220026094,0.08604492002555345,0.06482892611290719,0.02237123180034349,0
Sa2VA-Qwen3-VL-4B,long_rvos,6bf32cc0d5,3,2,1,7;8,9,0.2959777328718506,0.26112732975818953,0.2785525313150201,0.2905020628085594,0.258783283773031,0.27464267329079517,-0.003909858024224944,1
Sa2VA-Qwen3-VL-4B,long_rvos,6d76f5cbc2,1,2,2,0;2,1;3,0.7441888085866829,0.7894638598718094,0.7668263342292462,0.7438191261395333,0.7872880331530091,0.7655535796462711,-0.0012727545829750442,1
Sa2VA-Qwen3-VL-4B,long_rvos,6d76f5cbc2,2,2,2,4;6,5;7,0.4789658719449182,0.5093023836945764,0.4941341278197473,0.5094070571631546,0.5298637982393071,0.5196354277012308,0.02550129988148353,0
Sa2VA-Qwen3-VL-4B,long_rvos,6db18ab93a,1,2,2,0;2,1;3,0.417436775148739,0.36433361453883045,0.39088519484378476,0.5371359778027964,0.4895117460471264,0.5133238619249614,0.12243866708117662,0
Sa2VA-Qwen3-VL-4B,long_rvos,6db18ab93a,2,2,2,4;6,5;7,0.5794251762988695,0.4769957518267677,0.5282104640628186,0.5647282876540887,0.4501290195571622,0.5074286536056254,-0.020781810457193184,1
Sa2VA-Qwen3-VL-4B,long_rvos,6fb7a04167,10,2,2,0;2,1;3,0.472900147487605,0.477202170253482,0.4750511588705435,0.4413517090276377,0.4432084224812645,0.4422800657544511,-0.03277109311609239,1
Sa2VA-Qwen3-VL-4B,long_rvos,6fb7a04167,12,2,2,4;6,5;7,0.10374449861205702,0.13689523035183632,0.12031986448194668,0.3262185178506418,0.2986070016185839,0.31241275973461285,0.19209289525266618,0
Sa2VA-Qwen3-VL-4B,long_rvos,6fb7a04167,13,2,2,10;8,11;9,0.2778257716278882,0.20946180842623827,0.24364379002706324,0.29079171230361844,0.21181306129011557,0.251302386796867,0.007658596769803766,0
Sa2VA-Qwen3-VL-4B,long_rvos,6fb7a04167,14,2,2,12;14,13;15,0.17639909752495964,0.11277857692785329,0.14458883722640647,0.23740081283645967,0.1630898352691401,0.20024532405279988,0.0556564868263934,0
Sa2VA-Qwen3-VL-4B,long_rvos,6fb7a04167,15,2,2,16;18,17;19,0.18011739287183523,0.1571846318372789,0.16865101235455707,0.18193630491631,0.13786144208023426,0.15989887349827214,-0.008752138856284924,1
Sa2VA-Qwen3-VL-4B,long_rvos,6fb7a04167,16,2,2,20;22,21;23,0.032758175502167954,0.034673554638978865,0.03371586507057341,0.02832345019594941,0.03226884705924429,0.030296148627596848,-0.003419716442976565,1
Sa2VA-Qwen3-VL-4B,long_rvos,7bdbd4f32f,1,2,2,0;2,1;3,0.6844986913967083,0.7135201428030638,0.699009417099886,0.9129343784932809,0.9213189365484545,0.9171266575208676,0.21811724042098168,0
Sa2VA-Qwen3-VL-4B,long_rvos,7bdbd4f32f,2,2,2,4;6,5;7,0.6014744202590787,0.6081228483264003,0.6047986342927395,0.6008031594192647,0.6076425065375073,0.604222832978386,-0.0005758013143535301,1
Sa2VA-Qwen3-VL-4B,long_rvos,7bdbd4f32f,3,2,2,10;8,11;9,0.015625,0.015625,0.015625,0.0234375,0.0234375,0.0234375,0.0078125,0
Sa2VA-Qwen3-VL-4B,long_rvos,7caa203c75,1,1,1,0,1,0.3844782627258627,0.33649707360435066,0.3604876681651067,0.038342745807596404,0.09101086373219325,0.06467680476989482,-0.2958108633952119,1
Sa2VA-Qwen3-VL-4B,long_rvos,7caa203c75,2,1,1,2,3,0.7400277555366834,0.5797026729770279,0.6598652142568557,0.7860062763348732,0.6327117305497308,0.7093590034423021,0.049493789185446335,0
Sa2VA-Qwen3-VL-4B,long_rvos,8086f00d3d,1,2,2,0;2,1;3,0.6559012221738045,0.5159065846437468,0.5859039034087756,0.5138457798323027,0.6019486827480307,0.5578972312901668,-0.028006672118608855,1
Sa2VA-Qwen3-VL-4B,long_rvos,8086f00d3d,2,2,2,4;6,5;7,0.9723015257810977,0.8127881998477984,0.8925448628144481,0.9463335780122589,0.7945010824404225,0.8704173302263407,-0.0221275325881074,1
Sa2VA-Qwen3-VL-4B,long_rvos,8093ebd9a3,1,2,2,0;2,1;3,0.4392873316571835,0.5682501747622826,0.503768753209733,0.42154353787417803,0.5740712839024629,0.4978074108883204,-0.005961342321412599,1
Sa2VA-Qwen3-VL-4B,long_rvos,8093ebd9a3,2,2,2,4;6,5;7,0.6838393945198018,0.6987454492730059,0.6912924218964038,0.6779336380764807,0.6960169921389004,0.6869753151076906,-0.004317106788713221,1
Sa2VA-Qwen3-VL-4B,long_rvos,8093ebd9a3,3,1,1,8,9,0.1121798419317325,0.27695373104698584,0.19456678648935916,0.18356238968296934,0.36529452847374816,0.2744284590783588,0.07986167258899962,0
Sa2VA-Qwen3-VL-4B,long_rvos,8290c48fcb,1,1,1,0,1,0.477375248776984,0.49974524554787014,0.4885602471624271,0.5122395473877387,0.5334801067763858,0.5228598270820622,0.03429957991963517,0
Sa2VA-Qwen3-VL-4B,long_rvos,8290c48fcb,2,1,1,2,3,0.13767513876014553,0.1578960956735357,0.14778561721684064,0.1860123099419177,0.19471663816637752,0.1903644740541476,0.04257885683730697,0
Sa2VA-Qwen3-VL-4B,long_rvos,8290c48fcb,3,1,1,4,5,0.45219541111154093,0.4835930489866601,0.4678942300491005,0.6264956339035037,0.6134202315315487,0.6199579327175262,0.15206370266842567,0
Sa2VA-Qwen3-VL-4B,long_rvos,8290c48fcb,4,1,1,6,7,0.11034783337206726,0.18177260013008556,0.14606021675107642,0.11150853178193916,0.19404934019687353,0.15277893598940634,0.006718719238329923,0
Sa2VA-Qwen3-VL-4B,long_rvos,8290c48fcb,5,1,1,8,9,0.007441611981024255,0.18936244539910974,0.09840202869006699,0.009113067041775606,0.22721992923700512,0.11816649813939037,0.019764469449323377,0
Sa2VA-Qwen3-VL-4B,long_rvos,8290c48fcb,6,1,1,10,11,0.027954564416751225,0.07730485094783104,0.05262970768229114,0.019431474112273393,0.07992293684491214,0.049677205478592765,-0.0029525022036983734,1
Sa2VA-Qwen3-VL-4B,long_rvos,8290c48fcb,7,1,1,12,13,0.3045181502953002,0.3173067162760943,0.3109124332856973,5.4301465936343945e-05,0.024461439322970444,0.012257870394453394,-0.29865456289124387,1
Sa2VA-Qwen3-VL-4B,long_rvos,8290c48fcb,8,1,1,14,15,0.4772595057400322,0.483925404599459,0.4805924551697456,0.17843926855426223,0.22502171071963456,0.2017304896369484,-0.2788619655327972,1
Sa2VA-Qwen3-VL-4B,long_rvos,8290c48fcb,9,1,1,16,17,0.591041154469255,0.5027040302314243,0.5468725923503397,0.7380142322846053,0.6489469248168775,0.6934805785507414,0.14660798620040172,0
Sa2VA-Qwen3-VL-4B,long_rvos,84dc481247,1,2,2,0;2,1;3,0.15398843926484107,0.10665328504399292,0.130320862154417,0.14918812123231998,0.10530073447069996,0.12724442785150997,-0.003076434302907022,1
Sa2VA-Qwen3-VL-4B,long_rvos,84dc481247,2,2,2,4;6,5;7,0.023623950326932455,0.020920614919195134,0.022272282623063796,0.05599221789216909,0.054163035246309575,0.055077626569239334,0.03280534394617554,0
Sa2VA-Qwen3-VL-4B,long_rvos,84dc481247,3,2,1,10;8,9,0.17903320637883688,0.10676669701663427,0.14289995169773556,0.27392188075050816,0.18347824766995136,0.22870006421022976,0.0858001125124942,0
Sa2VA-Qwen3-VL-4B,long_rvos,882e8c62d3,1,1,1,0,1,0.17802548893530465,0.16469415299634324,0.17135982096582394,0.14406719894688125,0.11220939681118891,0.12813829787903508,-0.043221523086788866,1
Sa2VA-Qwen3-VL-4B,long_rvos,882e8c62d3,2,1,1,2,3,0.19555182645756436,0.20309089996496726,0.1993213632112658,0.17158016708732898,0.1793505133047154,0.1754653401960222,-0.023856023015243616,1
Sa2VA-Qwen3-VL-4B,long_rvos,882e8c62d3,7,1,1,4,5,0.3307969873853769,0.3142707210189856,0.3225338542021813,0.3870206745741901,0.3362618770650633,0.3616412758196267,0.039107421617445404,0
Sa2VA-Qwen3-VL-4B,long_rvos,8847e5550e,1,1,1,0,1,0.28010672430940364,0.32617494824229554,0.3031408362758496,0.006049502302333937,0.025182643941029877,0.015616073121681907,-0.2875247631541677,1
Sa2VA-Qwen3-VL-4B,long_rvos,8847e5550e,2,1,1,2,3,0.49390962776576725,0.5353564170743446,0.5146330224200559,0.33634536214524174,0.37710407288884695,0.3567247175170444,-0.15790830490301155,1
Sa2VA-Qwen3-VL-4B,long_rvos,8b0e20e373,1,1,1,0,1,0.39258222903060447,0.369770540098922,0.3811763845647632,0.397495895070503,0.38092174858984945,0.38920882183017624,0.008032437265413028,0
Sa2VA-Qwen3-VL-4B,long_rvos,8b0e20e373,2,1,1,2,3,0.9032039971868289,0.9032884442477305,0.9032462207172797,0.8696508800880717,0.858719404965541,0.8641851425268063,-0.03906107819047333,1
Sa2VA-Qwen3-VL-4B,long_rvos,939b6aed6d,1,2,2,0;2,1;3,0.6440238892677852,0.7935199314898189,0.7187719103788022,0.6559137260374834,0.8001073970393309,0.7280105615384072,0.009238651159604983,0
Sa2VA-Qwen3-VL-4B,long_rvos,939b6aed6d,2,2,2,4;6,5;7,0.8118949779990545,0.9264193461666019,0.8691571620828282,0.8092969933584581,0.9244281921806087,0.8668625927695334,-0.0022945693132948586,1
Sa2VA-Qwen3-VL-4B,long_rvos,939b6aed6d,3,2,2,10;8,11;9,0.5524858607877139,0.5844612674873892,0.5684735641375516,0.6364023624130164,0.6965903425650124,0.6664963524890144,0.09802278835146283,0
Sa2VA-Qwen3-VL-4B,long_rvos,939b6aed6d,4,2,2,12;14,13;15,0.001274152967497469,0.029003149330681266,0.015138651149089369,0.0010529676796050091,0.04208621572555819,0.021569591702581603,0.006430940553492234,0
Sa2VA-Qwen3-VL-4B,long_rvos,939b6aed6d,5,2,2,16;18,17;19,0.27666185333209264,0.4219097476364392,0.34928580048426594,0.09300576267566149,0.16305035807039994,0.12802806037303072,-0.22125774011123522,1
Sa2VA-Qwen3-VL-4B,long_rvos,939b6aed6d,6,2,2,20;22,21;23,0.28147686813952455,0.3924630560149683,0.3369699620772464,0.36164370332579,0.467874141741387,0.4147589225335885,0.0777889604563421,0
Sa2VA-Qwen3-VL-4B,long_rvos,939b6aed6d,7,2,1,24;25,26,0.49967277105124097,0.41119522943153164,0.45543400024138625,0.595635192036163,0.5316594702678474,0.5636473311520052,0.10821333091061891,0
Sa2VA-Qwen3-VL-4B,long_rvos,976257d833,1,2,2,0;2,1;3,0.8130745684194545,0.6620081351931417,0.7375413518062981,0.8155503707738343,0.661152778322534,0.7383515745481841,0.0008102227418860242,0
Sa2VA-Qwen3-VL-4B,long_rvos,976257d833,2,2,2,4;6,5;7,0.5836731671997726,0.41002194654086943,0.496847556870321,0.5817351355411104,0.4008210092266158,0.4912780723838631,-0.005569484486457887,1
Sa2VA-Qwen3-VL-4B,long_rvos,989204d6f2,1,2,2,0;2,1;3,0.33085029062886073,0.3312991638960861,0.33107472726247344,0.32105071478802866,0.3148958140190439,0.31797326440353624,-0.013101462858937207,1
Sa2VA-Qwen3-VL-4B,long_rvos,989204d6f2,2,2,2,4;6,5;7,0.2472483265283184,0.20298708460005327,0.22511770556418584,0.2413930211148665,0.21173605723462424,0.2265645391747454,0.0014468336105595558,0
Sa2VA-Qwen3-VL-4B,long_rvos,99cc4e6bcd,1,1,1,0,1,0.35021194269171985,0.38316520316934677,0.3666885729305333,0.34941476246682734,0.38431578811474376,0.36686527529078555,0.0001767023602522455,0
Sa2VA-Qwen3-VL-4B,long_rvos,99cc4e6bcd,2,1,1,2,3,0.48535985071898974,0.3738193036413454,0.42958957718016755,0.49243600363127804,0.38506693316584906,0.43875146839856355,0.009161891218396001,0
Sa2VA-Qwen3-VL-4B,long_rvos,99cc4e6bcd,3,2,2,4;6,5;7,0.2774193467259656,0.23931298693039454,0.25836616682818003,0.25226031800399995,0.23532556565165136,0.24379294182782568,-0.01457322500035435,1
Sa2VA-Qwen3-VL-4B,long_rvos,9bc92f09e0,1,2,2,0;2,1;3,0.5270348050753413,0.6373730613700839,0.5822039332227126,0.5021286870495814,0.6123822152051792,0.5572554511273803,-0.02494848209533229,1
Sa2VA-Qwen3-VL-4B,long_rvos,9bc92f09e0,2,2,2,4;6,5;7,0.4354288676987314,0.5009181296713704,0.4681734986850509,0.41966106604091913,0.48995405019681004,0.45480755811886464,-0.013365940566186285,1
Sa2VA-Qwen3-VL-4B,long_rvos,9c1297ecd3,1,2,2,0;2,1;3,0.5011285685412923,0.35159719020929525,0.42636287937529377,0.326851172731951,0.2313163525568121,0.27908376264438156,-0.1472791167309122,1
Sa2VA-Qwen3-VL-4B,long_rvos,9c1297ecd3,2,2,2,4;6,5;7,0.5698211291324635,0.46202169526007986,0.5159214121962716,0.5781271523295721,0.47417368350022804,0.5261504179149001,0.010229005718628503,0
Sa2VA-Qwen3-VL-4B,long_rvos,a287c27dad,1,1,1,0,1,0.8185661259853356,0.47510396360359347,0.6468350447944645,0.7972330702322965,0.472188907050523,0.6347109886414097,-0.012124056153054785,1
Sa2VA-Qwen3-VL-4B,long_rvos,a3f2b5d434,1,3,3,0;2;4,1;3;5,0.7365441475180129,0.8141579753272601,0.7753510614226364,0.7199385067035036,0.8047343022318761,0.7623364044676899,-0.013014656954946524,1
Sa2VA-Qwen3-VL-4B,long_rvos,a3f2b5d434,2,3,3,10;6;8,11;7;9,0.8936987235962981,0.9297693761429858,0.9117340498696418,0.8907456884199546,0.9201244121441272,0.9054350502820409,-0.00629899958760094,1
Sa2VA-Qwen3-VL-4B,long_rvos,a500f0e77c,1,1,1,0,1,0.7460777036360202,0.7719538828768086,0.7590157932564143,0.7437063308876846,0.7642738705076377,0.7539901006976611,-0.005025692558753181,1
Sa2VA-Qwen3-VL-4B,long_rvos,a595411232,1,2,2,0;2,1;3,0.8288097049771612,0.7755147897563008,0.8021622473667309,0.8287809623776039,0.7702305241550111,0.7995057432663075,-0.002656504100423396,1
Sa2VA-Qwen3-VL-4B,long_rvos,a595411232,2,2,2,4;6,5;7,0.30524952670063876,0.39845210240687223,0.3518508145537555,0.2444565965746568,0.3286353042938317,0.28654595043424425,-0.06530486411951125,1
Sa2VA-Qwen3-VL-4B,long_rvos,a595411232,3,2,2,10;8,11;9,0.3316122322594506,0.42302138550913715,0.37731680888429386,0.28470738791686134,0.37229065155770263,0.328499019737282,-0.04881778914701185,1
Sa2VA-Qwen3-VL-4B,long_rvos,a595411232,4,2,2,12;14,13;15,0.2923808712865843,0.3270022987199821,0.3096915850032832,0.11751107699292868,0.20144801332366094,0.15947954515829482,-0.15021203984498838,1
Sa2VA-Qwen3-VL-4B,long_rvos,a8b6fd5e4d,1,2,2,0;2,1;3,0.22561584549957725,0.13732096457847376,0.1814684050390255,0.23568748623049252,0.15348055353796797,0.19458401988423024,0.013115614845204737,0
Sa2VA-Qwen3-VL-4B,long_rvos,a8b6fd5e4d,2,2,2,4;6,5;7,0.7127665411444286,0.4318591743866329,0.5723128577655308,0.6747950022413174,0.380733998466101,0.5277645003537093,-0.044548357411821504,1
Sa2VA-Qwen3-VL-4B,long_rvos,af3ad95fe0,1,1,1,0,1,0.050287506652493416,0.0631892945910714,0.056738400621782405,0.0845471063172414,0.06902871186048028,0.07678790908886084,0.020049508467078432,0
Sa2VA-Qwen3-VL-4B,long_rvos,af3ad95fe0,2,1,1,2,3,0.8228101486559882,0.8189883716550586,0.8208992601555234,0.11332533478443933,0.10146896688958318,0.10739715083701126,-0.7135021093185121,1
Sa2VA-Qwen3-VL-4B,long_rvos,af3ad95fe0,3,1,1,4,5,0.8300089212663253,0.8536924583299317,0.8418506897981285,0.8274284340925094,0.8554273268133286,0.8414278804529189,-0.0004228093452095516,1
Sa2VA-Qwen3-VL-4B,long_rvos,af3ad95fe0,4,1,1,6,7,0.0661049280316165,0.10619402593763708,0.08614947698462679,0.04871656821344862,0.08104361110856065,0.06488008966100464,-0.021269387323622144,1
Sa2VA-Qwen3-VL-4B,long_rvos,af3ad95fe0,5,1,1,8,9,0.022482737880244415,0.02923411749635143,0.025858427688297922,0.05606382919969448,0.0828063574137885,0.0694350933067415,0.043576665618443575,0
Sa2VA-Qwen3-VL-4B,long_rvos,af3ad95fe0,6,1,1,10,11,0.9683329973829657,0.9374028460994706,0.9528679217412181,0.9696969692872054,0.9418937672583207,0.9557953682727631,0.002927446531544975,0
Sa2VA-Qwen3-VL-4B,long_rvos,af7297f0db,1,1,1,0,1,0.5277294431812318,0.5746269178245562,0.551178180502894,0.5459560804587866,0.5974081128316128,0.5716820966451996,0.020503916142305623,0
Sa2VA-Qwen3-VL-4B,long_rvos,af7297f0db,2,1,1,2,3,0.7070989659196992,0.5535611025682392,0.6303300342439693,0.6980301591532363,0.5455003234437086,0.6217652412984724,-0.008564792945496835,1
Sa2VA-Qwen3-VL-4B,long_rvos,af7297f0db,3,1,1,4,5,0.2515578756522938,0.20891513535567457,0.2302365055039842,0.2574972730192134,0.21883213585225098,0.23816470443573218,0.007928198931747982,0
Sa2VA-Qwen3-VL-4B,long_rvos,b231a02b87,1,1,2,0,1;6,0.8729138943514507,0.863432119680585,0.8681730070160179,0.8363528557265417,0.8363240858721136,0.8363384707993277,-0.03183453621669019,1
Sa2VA-Qwen3-VL-4B,long_rvos,b231a02b87,2,1,2,2,3;7,0.4301757757395541,0.4345572246243097,0.4323665001819319,0.431942297114589,0.4359995378763357,0.43397091749546235,0.0016044173135304485,0
Sa2VA-Qwen3-VL-4B,long_rvos,b231a02b87,3,1,1,4,5,0.5741017216284346,0.596097203512727,0.5850994625705808,0.5874967895305524,0.6072621536464098,0.597379471588481,0.012280009017900273,0
Sa2VA-Qwen3-VL-4B,long_rvos,b4a5ada352,1,2,2,0;2,1;3,0.6179346956852889,0.32647866434059347,0.47220668001294114,0.519326086193951,0.22637337060914628,0.3728497284015487,-0.09935695161139246,1
Sa2VA-Qwen3-VL-4B,long_rvos,b4a5ada352,2,2,1,4;6,5,0.3487907533162029,0.17139412401352933,0.26009243866486614,0.18814853659294076,0.12133086567988541,0.15473970113641308,-0.10535273752845306,1
Sa2VA-Qwen3-VL-4B,long_rvos,b5c9c04bf9,2,1,1,0,1,0.2337751163297732,0.23348830255511122,0.23363170944244221,0.16389167397617938,0.21631526088727654,0.19010346743172796,-0.04352824201071426,1
Sa2VA-Qwen3-VL-4B,long_rvos,b5c9c04bf9,5,1,1,2,3,0.21832287999407823,0.26941952486118903,0.24387120242763363,0.25398416156319276,0.30115561973496524,0.277569890649079,0.033698688221445366,0
Sa2VA-Qwen3-VL-4B,long_rvos,b5c9c04bf9,6,1,1,4,5,0.23595110872435326,0.24606487260684984,0.24100799066560155,0.2532970385926897,0.26790419546648103,0.26060061702958537,0.019592626363983817,0
Sa2VA-Qwen3-VL-4B,long_rvos,bd4aefda10,1,2,2,0;2,1;3,0.8846848716217663,0.8734524280440352,0.8790686498329008,0.8702875134390002,0.8349100968348514,0.8525988051369259,-0.02646984469597491,1
Sa2VA-Qwen3-VL-4B,long_rvos,bd4aefda10,2,2,2,4;6,5;7,0.3941693782105811,0.44590016587557907,0.42003477204308004,0.433009859074293,0.5675608799266696,0.5002853695004813,0.08025059745740126,0
Sa2VA-Qwen3-VL-4B,long_rvos,bda2f20019,1,2,2,0;2,1;3,0.9463720801329015,0.9890910800762975,0.9677315801045995,0.8475547698162693,0.8935642159474837,0.8705594928818765,-0.09717208722272297,1
Sa2VA-Qwen3-VL-4B,long_rvos,bda2f20019,2,2,2,4;6,5;7,0.020176366979672726,0.06599003929563893,0.043083203137655825,0.02447935785921211,0.0971025898163117,0.0607909738377619,0.017707770700106075,0
Sa2VA-Qwen3-VL-4B,long_rvos,bda2f20019,3,2,2,10;8,11;9,0.6153362970728476,0.6552558162893721,0.6352960566811099,0.6158082648332874,0.6555142679792425,0.635661266406265,0.0003652097251550801,0
Sa2VA-Qwen3-VL-4B,long_rvos,bda2f20019,4,2,2,12;14,13;15,0.035066544305871826,0.05608646917786319,0.04557650674186751,0.04381659781762107,0.05460461779967071,0.04921060780864589,0.003634101066778382,0
Sa2VA-Qwen3-VL-4B,long_rvos,bed1347f23,1,2,2,0;2,1;3,0.6305716648537665,0.4913972406614475,0.560984452757607,0.6881165260750148,0.5519699179530067,0.6200432220140106,0.05905876925640363,0
Sa2VA-Qwen3-VL-4B,long_rvos,bed1347f23,2,2,1,4;5,6,0.3939718809985073,0.3300172024886059,0.3619945417435566,0.3676853515720546,0.2919854859135216,0.3298354187427881,-0.03215912300076851,1
Sa2VA-Qwen3-VL-4B,long_rvos,c4638cc87e,1,2,2,0;2,1;3,0.24463953190310025,0.38161381858693,0.31312667524501514,0.16997128563536218,0.3343645588310316,0.2521679222331969,-0.060958753011818245,1
Sa2VA-Qwen3-VL-4B,long_rvos,c4638cc87e,2,2,2,4;6,5;7,0.09307921216851786,0.23183621025964551,0.16245771121408167,0.6004850716537876,0.6115457492085887,0.6060154104311882,0.4435576992171065,0
Sa2VA-Qwen3-VL-4B,long_rvos,c4638cc87e,3,2,2,10;8,11;9,0.5240805589625326,0.6615930012977296,0.5928367801301311,0.5224335695934957,0.6560940091887318,0.5892637893911138,-0.00357299073901729,1
Sa2VA-Qwen3-VL-4B,long_rvos,c5c9b749d4,1,2,2,0;2,1;3,0.47434111470451246,0.30317140771203177,0.3887562612082721,0.38823305483973913,0.22566971987326076,0.3069513873564999,-0.08180487385177221,1
Sa2VA-Qwen3-VL-4B,long_rvos,c5c9b749d4,2,2,2,4;6,5;7,0.35106797344456053,0.2654354324558501,0.3082517029502054,0.323467018644207,0.23247372887743825,0.2779703737608226,-0.030281329189382755,1
Sa2VA-Qwen3-VL-4B,long_rvos,c6bb21356b,1,1,1,0,1,0.037129700114062,0.12260649017645339,0.0798680951452577,0.036561646023323346,0.10845277928655572,0.07250721265493953,-0.00736088249031816,1
Sa2VA-Qwen3-VL-4B,long_rvos,c6bb21356b,2,1,1,2,3,0.9111920045367239,0.9944140931392167,0.9528030488379703,0.9105028526457969,0.9936662224305282,0.9520845375381626,-0.0007185112998077114,1
Sa2VA-Qwen3-VL-4B,long_rvos,c6bb21356b,3,1,1,4,5,0.0717734309741785,0.14655966459325548,0.10916654778371698,0.07259141571031794,0.11922641748893253,0.09590891659962524,-0.013257631184091748,1
Sa2VA-Qwen3-VL-4B,long_rvos,c733601fcd,1,1,1,0,1,0.6578647145040777,0.6866376541906541,0.672251184347366,0.6735326459857744,0.7022952493285791,0.6879139476571767,0.015662763309810757,0
Sa2VA-Qwen3-VL-4B,long_rvos,c733601fcd,2,1,1,2,3,0.3493611793122176,0.4738124362257626,0.4115868077689901,0.049654892085394274,0.11826765768754637,0.08396127488647032,-0.3276255328825198,1
Sa2VA-Qwen3-VL-4B,long_rvos,c73c2a03a0,1,1,1,0,1,0.790841094009087,0.7809021618474028,0.7858716279282449,0.5299664008309071,0.4896443271932186,0.5098053640120628,-0.27606626391618216,1
Sa2VA-Qwen3-VL-4B,long_rvos,c73c2a03a0,2,1,1,2,3,0.14047684085930268,0.13339766551138443,0.13693725318534355,0.10701679964895361,0.10150748389501865,0.10426214177198613,-0.032675111413357424,1
Sa2VA-Qwen3-VL-4B,long_rvos,cc132d2e39,1,3,3,0;2;4,1;3;5,0.6324187610810553,0.6691031948824989,0.6507609779817772,0.642159377121969,0.6834679937786671,0.6628136854503179,0.012052707468540702,0
Sa2VA-Qwen3-VL-4B,long_rvos,cc132d2e39,2,3,3,10;6;8,11;7;9,0.8668845841457379,0.9291266854448855,0.8980056347953118,0.8658769757820094,0.9297169031812128,0.8977969394816111,-0.00020869531370071304,1
Sa2VA-Qwen3-VL-4B,long_rvos,cfaeae5706,1,1,1,0,1,0.4066399605828067,0.5080434405697314,0.45734170057626905,0.31312018504883465,0.39840755002525885,0.35576386753704675,-0.1015778330392223,1
Sa2VA-Qwen3-VL-4B,long_rvos,cfaeae5706,2,1,1,2,3,0.2451069702383715,0.3018588361272864,0.273482903182829,0.1150327218222906,0.17226659038599657,0.1436496561041436,-0.12983324707868538,1
Sa2VA-Qwen3-VL-4B,long_rvos,cfaeae5706,4,1,1,4,5,0.5883198407578872,0.5073735962531323,0.5478467185055098,0.5553964859539907,0.47899098117458977,0.5171937335642902,-0.030652984941219596,1
Sa2VA-Qwen3-VL-4B,long_rvos,d33c8343bc,1,1,1,0,1,0.1726246162331595,0.16678299569025984,0.16970380596170967,0.18031773474680793,0.1617795493125599,0.1710486420296839,0.0013448360679742255,0
Sa2VA-Qwen3-VL-4B,long_rvos,d33c8343bc,2,1,1,2,3,0.07248813044651989,0.08869902637324892,0.0805935784098844,0.08595476420718436,0.08965491048667107,0.0878048373469277,0.007211258937043302,0
Sa2VA-Qwen3-VL-4B,long_rvos,d33c8343bc,3,1,1,4,5,0.08042609021173122,0.08188683490161788,0.08115646255667455,0.08681871562693705,0.08103906347416062,0.08392888955054884,0.002772426993874283,0
Sa2VA-Qwen3-VL-4B,long_rvos,d33c8343bc,4,1,1,6,7,0.018693535252308123,0.05733133571444052,0.038012435483374324,0.021422779079881004,0.06782938984883521,0.04462608446435811,0.006613648980983787,0
Sa2VA-Qwen3-VL-4B,long_rvos,dca31590b8,1,2,3,0;2,1;3;7,0.647069398733867,0.6675282548583749,0.657298826796121,0.48882665802423136,0.4673582102223098,0.4780924341232706,-0.17920639267285032,1
Sa2VA-Qwen3-VL-4B,long_rvos,dca31590b8,2,2,1,4;6,5,0.2763756155129563,0.2587772763060461,0.26757644590950114,0.2545173304452121,0.22766952011222083,0.24109342527871647,-0.02648302063078467,1
Sa2VA-Qwen3-VL-4B,long_rvos,ddc213ba3f,1,1,1,0,1,0.7637024283333332,0.7273525369621472,0.7455274826477403,0.7647765894101993,0.7297159900422789,0.7472462897262391,0.0017188070784988074,0
Sa2VA-Qwen3-VL-4B,long_rvos,ddc213ba3f,2,1,1,2,3,0.9327396084633364,0.8851757519895274,0.9089576802264319,0.9326940737795323,0.8818323102385888,0.9072631920090606,-0.0016944882173712816,1
Sa2VA-Qwen3-VL-4B,long_rvos,ddc213ba3f,3,1,1,4,5,0.49355263689580636,0.579579349165295,0.5365659930305506,0.5121904382397071,0.5902761675503825,0.5512333028950448,0.01466730986449416,0
Sa2VA-Qwen3-VL-4B,long_rvos,ddc213ba3f,4,1,1,6,7,0.5180400738196502,0.47967496558034567,0.4988575196999979,0.005944831421027483,0.032857865738546946,0.019401348579787214,-0.4794561711202107,1
Sa2VA-Qwen3-VL-4B,long_rvos,ddc213ba3f,5,1,1,8,9,0.07108025305131246,0.12429823482279811,0.09768924393705529,0.17301804336080315,0.20266899609741845,0.18784351972911079,0.0901542757920555,0
Sa2VA-Qwen3-VL-4B,long_rvos,ddc213ba3f,6,1,1,10,11,0.0,0.0,0.0,0.0,0.0,0.0,0.0,0
Sa2VA-Qwen3-VL-4B,long_rvos,ddc213ba3f,7,1,1,12,13,0.3502878257168479,0.3841694722425291,0.36722864897968854,0.015399751277522213,0.03847549800695528,0.02693762464223875,-0.3402910243374498,1
Sa2VA-Qwen3-VL-4B,long_rvos,ddc213ba3f,8,1,1,14,15,0.1875,0.1922433882234187,0.18987169411170934,0.0003599812529896338,0.027651783574958795,0.014005882413974215,-0.17586581169773513,1
Sa2VA-Qwen3-VL-4B,long_rvos,ddc213ba3f,9,1,1,16,17,0.09612582124264343,0.09872382043454686,0.09742482083859515,0.109375,0.109375,0.109375,0.011950179161404853,0
Sa2VA-Qwen3-VL-4B,long_rvos,de36065b5f,1,2,2,0;2,1;3,0.4124465787206544,0.491172372991083,0.4518094758558687,0.3720634427891488,0.41338273020727706,0.39272308649821297,-0.059086389357655755,1
Sa2VA-Qwen3-VL-4B,long_rvos,de36065b5f,2,2,2,4;6,5;7,0.7385817467750535,0.7756049057069494,0.7570933262410016,0.7408105644941063,0.7740882022830127,0.7574493833885594,0.00035605714755782003,0
Sa2VA-Qwen3-VL-4B,long_rvos,de36065b5f,3,2,2,10;8,11;9,0.341542019524322,0.41621231555015414,0.3788771675372381,0.3163743391758962,0.3879419703885037,0.3521581547822,-0.02671901275503813,1
Sa2VA-Qwen3-VL-4B,long_rvos,e29fbdf03c,1,2,2,0;2,1;3,0.8834106304714453,0.7720896906502878,0.8277501605608665,0.884865344325902,0.7774262888646899,0.831145816595296,0.003395656034429484,0
Sa2VA-Qwen3-VL-4B,long_rvos,e29fbdf03c,2,2,2,4;6,5;7,0.4781537140869951,0.515409558744289,0.496781636415642,0.4790359605191997,0.512353393778119,0.49569467714865934,-0.0010869592669826567,1
Sa2VA-Qwen3-VL-4B,long_rvos,e29fbdf03c,3,2,2,10;8,11;9,0.23932382880725628,0.2352049567877245,0.2372643927974904,0.19801474419058096,0.20068531917140464,0.1993500316809928,-0.0379143611164976,1
Sa2VA-Qwen3-VL-4B,long_rvos,e6f1a061ea,1,2,2,0;2,1;3,0.5192426572058725,0.495238751594141,0.5072407044000067,0.518285484904517,0.49786616313152643,0.5080758240180216,0.0008351196180149678,0
Sa2VA-Qwen3-VL-4B,long_rvos,e6f1a061ea,3,2,2,4;6,5;7,0.6350078645697321,0.6534325624738146,0.6442202135217734,0.6345779820535659,0.6518327339552452,0.6432053580044056,-0.0010148555173677964,1
Sa2VA-Qwen3-VL-4B,long_rvos,e6f1a061ea,4,2,2,10;8,11;9,0.4902404909418474,0.4776448517814169,0.48394267136163216,0.4711959198665916,0.46103112715383543,0.4661135235102135,-0.017829147851418647,1
Sa2VA-Qwen3-VL-4B,long_rvos,e6f1a061ea,6,2,2,12;14,13;15,0.1171875,0.1187961343586679,0.11799181717933395,0.5625277845507686,0.5204728971426522,0.5415003408467104,0.42350852366737646,0
Sa2VA-Qwen3-VL-4B,long_rvos,e6f1a061ea,8,2,2,16;18,17;19,0.5859343045638956,0.6689147142819724,0.627424509422934,0.5582320359767191,0.6355139937183835,0.5968730148475513,-0.030551494575382754,1
Sa2VA-Qwen3-VL-4B,long_rvos,e9b78ad8e7,1,1,1,0,1,0.4229651218177516,0.5058055300571223,0.4643853259374369,0.3903283715125204,0.4587787047029765,0.42455353810774843,-0.03983178782968849,1
Sa2VA-Qwen3-VL-4B,long_rvos,e9b78ad8e7,2,1,1,2,3,0.23332564480409712,0.36856673878631313,0.3009461917952051,0.24338954659339854,0.38197129880731207,0.3126804227003553,0.01173423090515019,0
Sa2VA-Qwen3-VL-4B,long_rvos,ea6cfcc7cb,1,2,3,0;2,1;3;9,0.792632567114106,0.7069945780332085,0.7498135725736572,0.791119923170974,0.7001421680019438,0.745631045586459,-0.004182526987198232,1
Sa2VA-Qwen3-VL-4B,long_rvos,ea6cfcc7cb,2,2,2,4;6,5;7,0.15616215555094967,0.14705904579933896,0.1516106006751443,0.033164046148043316,0.07371404836729856,0.053439047257670944,-0.09817155341747337,1
Sa2VA-Qwen3-VL-4B,long_rvos,ea6cfcc7cb,3,2,1,10;8,11,0.16003250885530684,0.14484529516218442,0.15243890200874563,0.1644774425082228,0.14016347911747623,0.1523204608128495,-0.00011844119589612956,1
Sa2VA-Qwen3-VL-4B,long_rvos,f3864705c4,1,2,2,0;2,1;3,0.9042221179968629,0.7953198124074855,0.8497709652021742,0.867738267442727,0.7460136213714954,0.8068759444071112,-0.04289502079506302,1
Sa2VA-Qwen3-VL-4B,long_rvos,f3864705c4,2,2,1,4;6,5,0.547868085251084,0.5927201219494542,0.5702941036002691,0.5633159992055472,0.6007066509403494,0.5820113250729483,0.011717221472679173,0
Sa2VA-Qwen3-VL-4B,long_rvos,f3864705c4,3,2,1,7;9,8,0.32971670815145915,0.5092346581034098,0.4194756831274345,0.3379195029775314,0.4926452678475166,0.41528238541252405,-0.004193297714910449,1
Sa2VA-Qwen3-VL-4B,long_rvos,f3fdaa2e8b,1,2,2,0;2,1;3,0.5175865927091868,0.4735676617242619,0.4955771272167243,0.5250096397150449,0.4831713054969071,0.504090472605976,0.008513345389251636,0
Sa2VA-Qwen3-VL-4B,long_rvos,f3fdaa2e8b,2,2,2,4;6,5;7,0.3470094481170833,0.32641119302318855,0.33671032057013595,0.3380608141079813,0.32102208185752,0.32954144798275065,-0.0071688725873853,1
Sa2VA-Qwen3-VL-4B,long_rvos,f6f82de62a,1,1,1,0,1,0.8919275675636082,0.7704293789320336,0.8311784732478209,0.8913739146932025,0.7648070098997365,0.8280904622964695,-0.003088010951351361,1
Sa2VA-Qwen3-VL-4B,long_rvos,f6f82de62a,2,1,1,2,3,0.5610129183231896,0.6185734045173432,0.5897931614202664,0.6121261983556034,0.6521642003798447,0.6321451993677241,0.04235203794745768,0
Sa2VA-Qwen3-VL-4B,long_rvos,f771c97b16,1,2,2,0;2,1;3,0.8033376139059919,0.8264549415434292,0.8148962777247106,0.803261835852288,0.8265388735164656,0.8149003546843768,4.0769596661993646e-06,0
Sa2VA-Qwen3-VL-4B,long_rvos,f771c97b16,2,2,2,4;6,5;7,0.8256980263125316,0.8719981109639308,0.8488480686382311,0.8097466457547252,0.8527303493955027,0.8312384975751139,-0.017609571063117224,1
Sa2VA-Qwen3-VL-4B,long_rvos,f771c97b16,3,2,2,10;8,11;9,0.6473530601217826,0.79716677877483,0.7222599194483064,0.648067670353768,0.7978835072252555,0.7229755887895117,0.0007156693412053716,0
Sa2VA-Qwen3-VL-4B,long_rvos,f771c97b16,4,2,1,12;14,13,0.07969228529391628,0.11816859729947832,0.09893044129669729,0.04593251616934794,0.09757361158680908,0.0717530638780785,-0.02717737741861878,1
Sa2VA-Qwen3-VL-4B,long_rvos,f771c97b16,5,2,1,16;18,17,0.17679276492401758,0.20875461501670048,0.19277368997035904,0.21492496242413123,0.24666983381615393,0.23079739812014258,0.038023708149783536,0
Sa2VA-Qwen3-VL-4B,long_rvos,f771c97b16,6,2,2,20;22,21;23,0.0,0.0008241359640195536,0.0004120679820097768,0.01664663227683837,0.020020677985404068,0.01833365513112122,0.01792158714911144,0
Sa2VA-Qwen3-VL-4B,long_rvos,f771c97b16,7,2,2,24;26,25;27,0.00558269080845107,0.00930970986268445,0.007446200335567759,0.014085004741193615,0.014800343694918245,0.014442674218055932,0.006996473882488172,0
Sa2VA-Qwen3-VL-4B,long_rvos,fb8caa28e4,1,1,1,0,1,0.4662777259417613,0.5002312106451877,0.4832544682934745,0.2397661344893117,0.24615340804360547,0.24295977126645857,-0.24029469702701595,1
Sa2VA-Qwen3-VL-4B,long_rvos,fb8caa28e4,2,1,1,3,4,0.4892028322689469,0.47045836783583983,0.47983060005239336,0.4647499676960708,0.44890237003037436,0.4568261688632226,-0.023004431189170782,1
Sa2VA-Qwen3-VL-4B,long_rvos,fb8caa28e4,3,1,1,5,6,0.3063484033813104,0.33140372966545795,0.3188760665233842,0.17334180308281671,0.19473492879342075,0.18403836593811873,-0.13483770058526545,1
Sa2VA-Qwen3-VL-4B,long_rvos,fb8caa28e4,4,1,1,7,8,0.668232417439306,0.6639571325040576,0.6660947749716818,0.6296354398304458,0.6286533280008255,0.6291443839156357,-0.03695039105604614,1
Sa2VA-Qwen3-VL-4B,long_rvos,fb8caa28e4,5,1,1,9,10,0.622300312102248,0.6056019306737057,0.6139511213879769,0.6208654896631004,0.6025447835330131,0.6117051365980568,-0.002245984789920108,1
Sa2VA-Qwen3-VL-4B,long_rvos,fb8caa28e4,6,1,1,11,12,0.8323754925514891,0.7831821152383769,0.807778803894933,0.5752293814421248,0.5353044234215505,0.5552669024318376,-0.2525119014630953,1
Sa2VA-Qwen3-VL-4B,long_rvos,fb8caa28e4,7,1,1,13,14,0.5929023118904354,0.6086318190281854,0.6007670654593105,0.16873890999150587,0.16880872427521432,0.1687738171333601,-0.4319932483259504,1
Sa2VA-Qwen3-VL-4B,long_rvos,fb8caa28e4,9,1,1,15,16,0.03420446281476043,0.12133892427484355,0.07777169354480198,0.04734963194346811,0.1286833626884753,0.0880164973159717,0.010244803771169722,0
InstructSeg,long_rvos,0102096b4c,1,2,1,0;1,2,0.37377120155054994,0.31104944298037707,0.3424103222654635,0.5600592745680852,0.4473305288654618,0.5036949017167736,0.16128457945131008,0
InstructSeg,long_rvos,0102096b4c,2,2,2,3;5,4;6,0.33780047726011186,0.27250085871333374,0.3051506679867228,0.3466928652439064,0.2798335897507498,0.31326322749732816,0.008112559510605355,0
InstructSeg,long_rvos,0310d3743b,1,2,2,0;2,1;3,0.2756322417291258,0.2757202490931799,0.2756762454111529,0.23214098205621145,0.22548880017975453,0.228814891117983,-0.04686135429316987,1
InstructSeg,long_rvos,0310d3743b,2,2,2,4;6,5;7,0.4191199703304435,0.6242844214401911,0.5217021958853174,0.3969177322914861,0.6185341737405969,0.5077259530160415,-0.013976242869275901,1
InstructSeg,long_rvos,0310d3743b,3,1,2,8,12;9,0.13048377368478423,0.3098800222835515,0.22018189798416787,0.128005863924756,0.3047824459782522,0.2163941549515041,-0.0037877430326637707,1
InstructSeg,long_rvos,046ee6aa1a,1,1,2,0,1;4,0.07407773170789567,0.07999444861223601,0.07703609016006584,0.014084524004438267,0.010976260744206288,0.012530392374322278,-0.06450569778574355,1
InstructSeg,long_rvos,046ee6aa1a,2,1,2,2,3;5,0.3146298292885443,0.25159833074620286,0.2831140800173736,0.34636106051232757,0.25934256551954527,0.30285181301593644,0.01973773299856285,0
InstructSeg,long_rvos,0560401ea3,1,2,2,0;2,1;3,0.7157631049945591,0.5456436901492243,0.6307033975718916,0.6151677396306804,0.48397936604891645,0.5495735528397985,-0.08112984473209317,1
InstructSeg,long_rvos,0560401ea3,2,2,2,4;6,5;7,0.7336659277756271,0.5581628007110265,0.6459143642433268,0.6668883862363991,0.5249383825270741,0.5959133843817366,-0.050000979861590245,1
InstructSeg,long_rvos,092ba1d6df,1,2,2,0;2,1;3,0.139389441680669,0.18866105050401694,0.16402524609234295,0.2919204675736985,0.43424336220083004,0.36308191488726427,0.19905666879492132,0
InstructSeg,long_rvos,092ba1d6df,2,2,1,4;5,6,0.780082601613366,0.8106963989686522,0.7953895002910091,0.7612086895442653,0.7951650185036345,0.7781868540239499,-0.01720264626705914,1
InstructSeg,long_rvos,0d0ebe00cc,1,2,2,0;2,1;3,0.5842656224833828,0.35719857532373905,0.47073209890356094,0.44944554154668526,0.28982191950478103,0.3696337305257331,-0.10109836837782782,1
InstructSeg,long_rvos,0d0ebe00cc,2,2,2,4;6,5;7,0.31827560939461785,0.2687541481127995,0.2935148787537087,0.2888826817099781,0.23942382939142973,0.2641532555507039,-0.029361623203004783,1
InstructSeg,long_rvos,0d0ebe00cc,3,2,2,10;8,11;9,0.4335332127095249,0.35085981765952934,0.39219651518452714,0.40466245810969836,0.32848481224411596,0.36657363517690716,-0.025622880007619975,1
InstructSeg,long_rvos,1088228079,1,1,1,0,1,0.9049557290086683,0.9423911888027088,0.9236734589056885,0.8251988072451579,0.8605981105521338,0.8428984588986459,-0.08077500000704263,1
InstructSeg,long_rvos,1088228079,2,1,1,2,3,0.579404621857192,0.6190837107836865,0.5992441663204393,0.51749116663374,0.5636380490780437,0.5405646078558919,-0.05867955846454742,1
InstructSeg,long_rvos,1088228079,3,1,1,4,5,0.3181638086026326,0.3549339572311357,0.3365488829168841,0.20359753190741242,0.21563905605959802,0.20961829398350523,-0.12693058893337889,1
InstructSeg,long_rvos,1088228079,4,1,1,6,7,0.14259941361386075,0.170384449884891,0.15649193174937587,0.04310515211182229,0.04598236141842718,0.04454375676512473,-0.11194817498425114,1
InstructSeg,long_rvos,119777f4c0,1,2,2,0;2,1;3,0.2910990094673479,0.24877257073085696,0.2699357900991024,0.24605577942581508,0.24595404806202792,0.24600491374392147,-0.02393087635518093,1
InstructSeg,long_rvos,119777f4c0,2,2,2,4;6,5;7,0.8763670687049923,0.7885200913990471,0.8324435800520197,0.8400379784053231,0.7557058655527628,0.797871921979043,-0.034571658072976685,1
InstructSeg,long_rvos,119777f4c0,3,2,2,10;8,11;9,0.41442432329877654,0.33295471433628043,0.37368951881752854,0.40836310195578795,0.33389905195863434,0.37113107695721115,-0.0025584418603173953,1
InstructSeg,long_rvos,18b160d3a7,1,2,2,0;2,1;3,0.5707264684122816,0.5369815919544136,0.5538540301833477,0.6543084849481666,0.6086251424726973,0.631466813710432,0.07761278352708434,0
InstructSeg,long_rvos,18b160d3a7,2,1,1,4,5,0.6250802956868542,0.6421651192224404,0.6336227074546472,0.1892542019508008,0.22881723044753374,0.20903571619916728,-0.42458699125547994,1
InstructSeg,long_rvos,18b160d3a7,3,2,2,6;8,7;9,0.2974237487106309,0.2968148107592915,0.2971192797349612,0.2700528701955884,0.2726256034542732,0.2713392368249308,-0.025780042910030443,1
InstructSeg,long_rvos,18b160d3a7,4,1,1,10,11,0.015408743195713746,0.01450743369943745,0.0149580884475756,0.016512359312919566,0.08162347913945545,0.04906791922618751,0.034109830778611905,0
InstructSeg,long_rvos,1a5dead3e3,1,1,1,0,1,0.8251215106937293,0.7542741608088244,0.7896978357512768,0.8218701497161638,0.7398125311940038,0.7808413404550838,-0.008856495296193034,1
InstructSeg,long_rvos,1a5dead3e3,2,1,1,2,3,0.45630317822713806,0.41845068249725537,0.4373769303621967,0.3193035680912396,0.3062159713279444,0.312759769709592,-0.1246171606526047,1
InstructSeg,long_rvos,20eaede0fb,1,2,2,0;2,1;3,0.8591493472084288,0.8575564581705437,0.8583529026894863,0.846999437536027,0.8298254719661778,0.8384124547511025,-0.019940447938383787,1
InstructSeg,long_rvos,20eaede0fb,2,1,1,4,5,0.1417598476729404,0.0922166658534938,0.1169882567632171,0.012985523556423328,0.0066184417259261275,0.009801982641174729,-0.10718627412204237,1
InstructSeg,long_rvos,2179ba2ef3,1,1,1,0,1,0.5557823761059401,0.6302334101208154,0.5930078931133778,0.41581375436062523,0.46098477644836533,0.43839926540449525,-0.1546086277088825,1
InstructSeg,long_rvos,22680d3b50,1,2,1,0;2,1,0.9764801255964608,0.8849848804304409,0.9307325030134508,0.9778316889893797,0.8634225970585341,0.9206271430239569,-0.010105359989493912,1
InstructSeg,long_rvos,22680d3b50,4,2,2,3;5,4;6,0.7429729828132043,0.8107787967509013,0.7768758897820528,0.7263006707067216,0.7910711784899888,0.7586859245983552,-0.018189965183697643,1
InstructSeg,long_rvos,235ff86d37,1,1,1,0,1,0.6082785454664819,0.6341106637103288,0.6211946045884054,0.5963143951353131,0.6165257737059016,0.6064200844206074,-0.014774520167798011,1
InstructSeg,long_rvos,235ff86d37,2,1,1,2,3,0.37663024107246396,0.3888614040807221,0.38274582257659306,0.05994474855383332,0.062268736817441536,0.06110674268563743,-0.32163907989095564,1
InstructSeg,long_rvos,235ff86d37,3,1,1,4,5,0.4594706862890109,0.47287920802415995,0.4661749471565854,2.1707418727424283e-06,0.0020768977856618544,0.0010395342637672985,-0.4651354128928181,1
InstructSeg,long_rvos,235ff86d37,4,1,1,6,7,0.16046889773954687,0.16760948569403517,0.16403919171679102,0.013303479759460252,0.01579717323528012,0.014550326497370186,-0.14948886521942084,1
InstructSeg,long_rvos,24b7b95ca4,1,2,2,0;2,1;3,0.5472146374191609,0.530812381276244,0.5390135093477024,0.5945969999947625,0.5711988114236204,0.5828979057091914,0.043884396361489,0
InstructSeg,long_rvos,24b7b95ca4,2,2,2,4;6,5;7,0.5766849197628063,0.6077321306983918,0.5922085252305991,0.5387405523636545,0.5702005745719803,0.5544705634678174,-0.03773796176278166,1
InstructSeg,long_rvos,24b7b95ca4,3,2,2,10;8,11;9,0.1577269411143948,0.18189052656704346,0.16980873384071915,0.124566636481624,0.15954630766718908,0.14205647207440653,-0.027752261766312625,1
InstructSeg,long_rvos,24b7b95ca4,4,1,1,12,13,0.1283246391218298,0.20978382268831103,0.1690542309050704,0.00018006692855691725,0.05249339672774824,0.02633673182815258,-0.14271749907691783,1
InstructSeg,long_rvos,24b7b95ca4,5,2,2,14;16,15;17,0.20877735187103633,0.30714981131697433,0.25796358159400534,0.4088330777522819,0.4376669215367722,0.4232499996445271,0.16528641805052174,0
InstructSeg,long_rvos,2683deffcb,1,1,1,0,1,0.8350713374933777,0.857243651364871,0.8461574944291244,0.8212342051148371,0.8374528811332331,0.8293435431240351,-0.016813951305089225,1
InstructSeg,long_rvos,2683deffcb,2,1,1,2,3,0.49931521687661207,0.4897540857854622,0.49453465133103713,0.4999846502772436,0.49023563390214825,0.49511014208969595,0.0005754907586588143,0
InstructSeg,long_rvos,28ff632792,1,1,2,0,1;6,0.31079121404786314,0.30330016641662616,0.30704569023224465,0.31971092004399404,0.3103559314275635,0.31503342573577875,0.007987735503534099,0
InstructSeg,long_rvos,28ff632792,2,1,2,2,3;7,0.7261312660172052,0.6245656541921283,0.6753484601046668,0.6803738805808279,0.5758576328732243,0.6281157567270261,-0.04723270337764063,1
InstructSeg,long_rvos,28ff632792,5,1,2,4,5;8,0.6988307956152979,0.6742854297423224,0.6865581126788102,0.6439187467354939,0.6224164944005339,0.6331676205680139,-0.05339049211079627,1
InstructSeg,long_rvos,2980a00b04,1,2,2,0;2,1;3,0.6605086381957515,0.6995436136090953,0.6800261259024234,0.7473714940478176,0.7647362012891026,0.7560538476684601,0.07602772176603667,0
InstructSeg,long_rvos,2980a00b04,2,2,1,4;6,5,0.16687355675603033,0.18092242923038832,0.17389799299320932,0.05924294268074289,0.06837461231011857,0.06380877749543074,-0.11008921549777859,1
InstructSeg,long_rvos,2980a00b04,3,2,2,7;9,10;8,0.14673583535419438,0.1671374574371099,0.15693664639565214,0.08760589615645174,0.11131881434689953,0.09946235525167563,-0.05747429114397651,1
InstructSeg,long_rvos,2a87bea97e,1,2,2,0;2,1;3,0.6390488906094833,0.4081767691317578,0.5236128298706206,0.6067445496952848,0.4000458747984508,0.5033952122468678,-0.020217617623752848,1
InstructSeg,long_rvos,2a87bea97e,2,2,2,4;6,5;7,0.27327996479495975,0.17258294444907768,0.22293145462201874,0.21841298785532973,0.14579942860281314,0.18210620822907142,-0.04082524639294732,1
InstructSeg,long_rvos,2a87bea97e,3,2,2,10;8,11;9,0.5503127503612775,0.3736445872694035,0.46197866881534055,0.46922502365908436,0.3200188532693199,0.3946219384642021,-0.06735673035113843,1
InstructSeg,long_rvos,2abb12f2f7,1,1,1,0,1,0.8024054219045796,0.7221259939712299,0.7622657079379047,0.3858777011436587,0.4883244439359539,0.43710107253980635,-0.32516463539809837,1
InstructSeg,long_rvos,2abb12f2f7,2,1,1,2,3,0.7189613390576169,0.7166677577683067,0.7178145484129619,0.19743452447912171,0.4542144498172105,0.3258244871481661,-0.3919900612647958,1
InstructSeg,long_rvos,2c4cbde1aa,1,2,2,0;2,1;3,0.45497901745805464,0.50823480529504,0.4816069113765473,0.24559332001343903,0.2795183471062493,0.26255583355984413,-0.2190510778167032,1
InstructSeg,long_rvos,2c4cbde1aa,2,2,1,4;6,5,0.012499996708693251,0.023810732179450338,0.018155364444071793,0.013235974106041923,0.023433009409555016,0.01833449175779847,0.00017912731372667773,0
InstructSeg,long_rvos,2cfdc294c5,1,2,3,0;2,1;3;8,0.7587858812194177,0.7465081350657339,0.7526470081425758,0.7639303286082552,0.7430449748180289,0.753487651713142,0.0008406435705662352,0
InstructSeg,long_rvos,2cfdc294c5,2,2,3,4;6,5;7;9,0.42605291513254984,0.43318486386881927,0.4296188895006846,0.529425387887131,0.535419258507795,0.532422323197463,0.10280343369677836,0
InstructSeg,long_rvos,30c20fb4c1,1,2,2,0;2,1;3,0.6997873183592622,0.6392651242536374,0.6695262213064498,0.6831145191761256,0.6413155976146344,0.6622150583953801,-0.007311162911069702,1
InstructSeg,long_rvos,30c20fb4c1,2,2,2,4;6,5;7,0.682329536562014,0.5122874651867642,0.597308500874389,0.629123497757305,0.4704542004290959,0.5497888490932005,-0.047519651781188554,1
InstructSeg,long_rvos,30c20fb4c1,3,2,2,10;8,11;9,0.23697014698985713,0.2818878662969966,0.2594290066434269,0.5844184173920544,0.4997446326684096,0.542081525030232,0.2826525183868051,0
InstructSeg,long_rvos,30f4d962f9,1,1,1,0,1,0.6002019247230357,0.6188652695113609,0.6095335971171982,0.4242896478722953,0.48427722032029663,0.45428343409629596,-0.15525016302090228,1
InstructSeg,long_rvos,30f4d962f9,2,1,1,2,3,0.06559439640646259,0.10715292503278552,0.08637366071962405,0.3754160678468452,0.3793995466877742,0.3774078072673097,0.29103414654768567,0
InstructSeg,long_rvos,31a352c169,1,2,2,0;2,1;3,0.8611606674609904,0.7543953701056205,0.8077780187833055,0.8684815278814361,0.7667755140053961,0.8176285209434161,0.00985050216011063,0
InstructSeg,long_rvos,31a352c169,2,2,1,4;5,6,0.4172880874680286,0.40927931973148046,0.4132837035997545,0.3151412031989618,0.3214532351161611,0.31829721915756143,-0.0949864844421931,1
InstructSeg,long_rvos,31a352c169,3,2,1,7;8,9,0.27175993042657276,0.2850317615837915,0.2783958460051822,0.21901190150636587,0.22231731503359625,0.22066460826998108,-0.05773123773520111,1
InstructSeg,long_rvos,3584fff834,1,2,2,0;2,1;3,0.9082485920038165,0.8429842372048267,0.8756164146043216,0.8852971813175639,0.8293703858452355,0.8573337835813997,-0.018282631022921936,1
InstructSeg,long_rvos,3584fff834,2,2,1,4;5,6,0.15453166640417154,0.19443471856671568,0.1744831924854436,0.12398533032162101,0.158738777240965,0.14136205378129302,-0.03312113870415059,1
InstructSeg,long_rvos,3584fff834,3,1,1,7,8,0.3194844348959044,0.3533388891759338,0.3364116620359191,0.31195038421754084,0.3395000386816015,0.3257252114495712,-0.010686450586347929,1
InstructSeg,long_rvos,3584fff834,4,2,2,11;9,10;12,0.4110003405178722,0.4119383669793599,0.41146935374861604,0.43684769655944694,0.4269268348001376,0.4318872656797923,0.020417911931176258,0
InstructSeg,long_rvos,39db436191,2,1,1,2,3,0.2759482962934602,0.2918163365595082,0.2838823164264842,0.13777391808915077,0.14405595462283904,0.1409149363559949,-0.1429673800704893,1
InstructSeg,long_rvos,39db436191,3,1,1,4,5,0.7239273156278923,0.7392214801114376,0.7315743978696649,0.7120365640795601,0.7306845393800252,0.7213605517297926,-0.010213846139872307,1
InstructSeg,long_rvos,39db436191,4,1,1,6,7,0.02435020455489371,0.0290236495645204,0.026686927059707058,0.027492248890178764,0.03168277826923403,0.029587513579706397,0.002900586519999339,0
InstructSeg,long_rvos,3c1a33d13b,1,2,2,0;2,1;3,0.861572217807905,0.7470717661383035,0.8043219919731042,0.8574905010273617,0.7695026973395334,0.8134965991834475,0.009174607210343355,0
InstructSeg,long_rvos,3c1a33d13b,2,2,2,4;6,5;7,0.6397110122453811,0.5171263179943995,0.5784186651198904,0.46596008889084894,0.4231270737066985,0.4445435812987737,-0.13387508382111668,1
InstructSeg,long_rvos,3f4b67edff,1,2,2,0;2,1;3,0.9104646486576107,0.8468409824262508,0.8786528155419308,0.6311816165354833,0.6168666289288036,0.6240241227321435,-0.2546286928097873,1
InstructSeg,long_rvos,3f4b67edff,2,2,2,4;6,5;7,0.20342085171855503,0.2633822516424354,0.23340155168049523,0.16424234247689012,0.21961313202482524,0.19192773725085768,-0.041473814429637545,1
InstructSeg,long_rvos,3f4b67edff,3,2,2,10;8,11;9,0.27197736482303964,0.3123582580544593,0.2921678114387495,0.22581976538437434,0.25143515178800613,0.23862745858619022,-0.05354035285255926,1
InstructSeg,long_rvos,40d66b2614,1,2,3,0;2,1;10;3,0.7377360472024439,0.6928379770470652,0.7152870121247547,0.7684295550902899,0.7064215981440426,0.7374255766171663,0.022138564492411694,0
InstructSeg,long_rvos,40d66b2614,2,2,2,4;6,5;7,0.3984263119172152,0.4067799358834982,0.4026031239003567,0.44328882880350684,0.44242577432895003,0.4428573015662285,0.040254177665871804,0
InstructSeg,long_rvos,41c5109249,1,1,1,0,1,0.7539406183546803,0.677821810924407,0.7158812146395437,0.6061808984856383,0.565677050460294,0.5859289744729661,-0.12995224016657758,1
InstructSeg,long_rvos,41c5109249,2,1,1,2,3,0.7088923724641125,0.6502500074796924,0.6795711899719025,0.33955231203191805,0.3485534486944909,0.34405288036320447,-0.335518309608698,1
InstructSeg,long_rvos,41c5109249,3,1,1,4,5,3.437834111767202e-05,0.00967025084271281,0.004852314591915241,0.0156932240465529,0.036162368036383265,0.025927796041468082,0.02107548144955284,0
InstructSeg,long_rvos,4ec9dcf90d,1,1,1,0,1,0.7013211291235347,0.6807431151541401,0.6910321221388374,0.6855583029401733,0.6741646375111962,0.6798614702256847,-0.011170651913152696,1
InstructSeg,long_rvos,4ec9dcf90d,2,1,1,2,3,0.10555041145226242,0.17490900598688952,0.14022970871957596,0.13071759522064014,0.20113593382789413,0.16592676452426713,0.02569705580469117,0
InstructSeg,long_rvos,5c0c9c0098,1,2,2,0;2,1;3,0.7981273283168155,0.7986639193208083,0.7983956238188119,0.8647870385136556,0.8633458846290867,0.8640664615713711,0.06567083775255922,0
InstructSeg,long_rvos,5c0c9c0098,2,2,2,4;6,5;7,0.2491062397489682,0.24157726945577662,0.2453417546023724,0.21595004858689093,0.21072677268326379,0.21333841063507736,-0.03200334396729504,1
InstructSeg,long_rvos,5c0c9c0098,3,1,1,8,9,0.09617226858316422,0.13009721137089258,0.1131347399770284,0.02954955712105017,0.06039398882853339,0.04497177297479178,-0.06816296700223662,1
InstructSeg,long_rvos,5d262b025c,1,1,1,0,1,0.5607613874080706,0.5829522083801819,0.5718567978941262,0.5637089788740106,0.5812760321429611,0.5724925055084858,0.0006357076143596041,0
InstructSeg,long_rvos,5d262b025c,10,1,1,2,3,0.0003200170987016673,0.04569719589537686,0.023008606497039265,0.0,0.0,0.0,-0.023008606497039265,1
InstructSeg,long_rvos,5d262b025c,2,1,1,4,5,0.4890023162332735,0.5630444853869143,0.5260234008100939,0.23961902295846943,0.2907031878680114,0.26516110541324045,-0.26086229539685346,1
InstructSeg,long_rvos,5d262b025c,3,1,1,6,7,0.07010132175714381,0.0798514074044033,0.07497636458077356,0.3119754774929313,0.3378140251956483,0.3248947513442898,0.24991838676351624,0
InstructSeg,long_rvos,5d262b025c,4,1,1,8,9,0.0460882244980902,0.05651373846517489,0.05130098148163255,0.11723197049725417,0.1458199865660833,0.13152597853166875,0.0802249970500362,0
InstructSeg,long_rvos,5d262b025c,5,1,1,10,11,0.06845632188317968,0.12620596577530044,0.09733114382924006,0.0,0.0,0.0,-0.09733114382924006,1
InstructSeg,long_rvos,5d262b025c,6,1,1,12,13,0.09064316860170843,0.17392289931688842,0.1322830339592984,0.014336340206185566,0.018315567444891406,0.016325953825538485,-0.11595708013375992,1
InstructSeg,long_rvos,5d262b025c,7,1,1,14,15,0.5246810755517386,0.6684049168447593,0.5965429961982489,0.003615865379957124,0.03191353654991247,0.017764700964934797,-0.5787782952333141,1
InstructSeg,long_rvos,5d262b025c,8,1,1,16,17,0.009533702318354433,0.1566439708431287,0.08308883658074157,0.010798310402703678,0.14195028852489147,0.07637429946379758,-0.006714537116943989,1
InstructSeg,long_rvos,5d262b025c,9,1,1,18,19,0.3088723047222457,0.3205223651373031,0.31469733492977436,0.28618763299572464,0.31484605607724603,0.3005168445364853,-0.014180490393289058,1
InstructSeg,long_rvos,5d2c735adb,1,1,1,0,1,0.3423366369465962,0.3860336853035028,0.3641851611250495,0.20362965050973908,0.2270196781142358,0.21532466431198743,-0.14886049681306207,1
InstructSeg,long_rvos,5d2c735adb,2,1,1,2,3,0.21879263160921236,0.25264010312994123,0.2357163673695768,0.0004901018330333533,0.020808235318867104,0.010649168575950229,-0.22506719879362658,1
InstructSeg,long_rvos,5d2c735adb,3,1,1,4,5,0.3619249067181628,0.4224181702768825,0.3921715384975226,0.47711774337099633,0.5564012787111141,0.5167595110410552,0.1245879725435326,0
InstructSeg,long_rvos,5d2c735adb,4,1,1,6,7,0.635584965885562,0.6450791292602559,0.640332047572909,0.5467431650916095,0.5855924829358174,0.5661678240137135,-0.0741642235591955,1
InstructSeg,long_rvos,60737ed642,1,1,1,0,1,0.8946737383319827,0.8273617573237124,0.8610177478278476,0.8816605563314415,0.8100176925504946,0.845839124440968,-0.015178623386879586,1
InstructSeg,long_rvos,60737ed642,2,1,1,2,3,0.591696026002877,0.6365727788533516,0.6141344024281143,0.337002277317927,0.37007078497788826,0.3535365311479076,-0.2605978712802067,1
InstructSeg,long_rvos,60737ed642,3,1,1,4,5,0.03737436538741967,0.08180462344403193,0.0595894944157258,0.22934254363643491,0.25770261379005077,0.24352257871324284,0.18393308429751704,0
InstructSeg,long_rvos,68170c3f7a,1,2,2,0;2,1;3,0.810950796869389,0.8451491046719769,0.8280499507706829,0.6220578731469464,0.6722438492040523,0.6471508611754995,-0.18089908959518342,1
InstructSeg,long_rvos,68170c3f7a,2,2,2,4;6,5;7,0.18105445633993592,0.19601658844839953,0.1885355223941677,0.1857588291460618,0.20124342110231375,0.19350112512418777,0.004965602730020058,0
InstructSeg,long_rvos,6a1db02e31,1,2,2,0;2,1;3,0.626378503849923,0.6655192650336994,0.6459488844418111,0.5372668919707965,0.5758849876431976,0.556575939806997,-0.08937294463481404,1
InstructSeg,long_rvos,6a1db02e31,2,2,2,4;6,5;7,0.20547850856644434,0.2006673705664633,0.2030729395664538,0.2530440048123037,0.23152247822284533,0.24228324151757452,0.03921030195112071,0
InstructSeg,long_rvos,6bf32cc0d5,1,2,2,0;2,1;3,0.7765393207242295,0.613041794155657,0.6947905574399431,0.7474398227883102,0.577313677574988,0.6623767501816491,-0.032413807258294014,1
InstructSeg,long_rvos,6bf32cc0d5,2,2,1,4;5,6,0.4116330389625146,0.33690893653502313,0.3742709877487689,0.4450982004565248,0.36472835669374304,0.40491327857513393,0.03064229082636505,0
InstructSeg,long_rvos,6bf32cc0d5,3,2,1,7;8,9,0.18457805622660628,0.1793773592826828,0.18197770775464456,0.24359051861656267,0.22115547754906612,0.2323729980828144,0.050395290328169834,0
InstructSeg,long_rvos,6d76f5cbc2,1,2,2,0;2,1;3,0.732823454492429,0.7470659682180499,0.7399447113552395,0.7341624917865779,0.7492619853165026,0.7417122385515402,0.0017675271963006889,0
InstructSeg,long_rvos,6d76f5cbc2,2,2,2,4;6,5;7,0.0,0.0,0.0,0.4684190573663725,0.502034118031338,0.4852265876988553,0.4852265876988553,0
InstructSeg,long_rvos,6db18ab93a,1,2,2,0;2,1;3,0.5185678192799223,0.46290451928950516,0.49073616928471375,0.5123781950712902,0.4634877555871123,0.4879329753292012,-0.0028031939555125396,1
InstructSeg,long_rvos,6db18ab93a,2,2,2,4;6,5;7,0.5355274044263761,0.44482414597153386,0.490175775198955,0.5612877864357585,0.4546456284126174,0.5079667074241879,0.017790932225232925,0
InstructSeg,long_rvos,6fb7a04167,10,2,2,0;2,1;3,0.43543174782611394,0.4332855977193942,0.4343586727727541,0.4263448957038044,0.4182917716624929,0.42231833368314864,-0.012040339089605445,1
InstructSeg,long_rvos,6fb7a04167,12,2,2,4;6,5;7,0.09740359705757706,0.13584849809929594,0.1166260475784365,0.1835273379043399,0.20860494890965367,0.1960661434069968,0.07944009582856029,0
InstructSeg,long_rvos,6fb7a04167,13,2,2,10;8,11;9,0.4449778711806814,0.4162995482909891,0.43063870973583523,0.17004501184874968,0.15621271212054652,0.1631288619846481,-0.26750984775118714,1
InstructSeg,long_rvos,6fb7a04167,14,2,2,12;14,13;15,0.3665281247927188,0.35774170360559326,0.362134914199156,0.2692664912824603,0.2693502521757505,0.2693083717291054,-0.09282654247005062,1
InstructSeg,long_rvos,6fb7a04167,15,2,2,16;18,17;19,0.5194733089511376,0.48448085096290805,0.5019770799570229,0.43758987654618287,0.4034954943057417,0.4205426854259623,-0.0814343945310606,1
InstructSeg,long_rvos,6fb7a04167,16,2,2,20;22,21;23,0.39503586482483277,0.4013365892654545,0.3981862270451436,0.2766106866989462,0.28349058863462046,0.28005063766678334,-0.11813558937836027,1
InstructSeg,long_rvos,7bdbd4f32f,1,2,2,0;2,1;3,0.8796119436759117,0.8735471501119102,0.8765795468939109,0.9167024641734807,0.8967730205632043,0.9067377423683425,0.03015819547443155,0
InstructSeg,long_rvos,7bdbd4f32f,2,2,2,4;6,5;7,0.5876919926209022,0.5803802255671652,0.5840361090940337,0.5962041539371984,0.5899003537977484,0.5930522538674734,0.009016144773439705,0
InstructSeg,long_rvos,7bdbd4f32f,3,2,2,10;8,11;9,0.3409536077939806,0.311508021222039,0.32623081450800984,0.34071333548197397,0.3079919996385563,0.32435266756026515,-0.0018781469477446855,1
InstructSeg,long_rvos,7caa203c75,1,1,1,0,1,0.45087713538995244,0.4401213466872861,0.44549924103861926,0.4338020600046681,0.43682349169965706,0.43531277585216255,-0.010186465186456717,1
InstructSeg,long_rvos,7caa203c75,2,1,1,2,3,0.8603613568914672,0.7556742648044519,0.8080178108479595,0.8604853870834597,0.7569624977972915,0.8087239424403756,0.0007061315924160594,0
InstructSeg,long_rvos,8086f00d3d,1,2,2,0;2,1;3,0.6260999109412717,0.6208951477359955,0.6234975293386336,0.5004860807844366,0.6133463500019045,0.5569162153931706,-0.06658131394546296,1
InstructSeg,long_rvos,8086f00d3d,2,2,2,4;6,5;7,0.9355725119632419,0.7892213154844716,0.8623969137238567,0.93905009204658,0.7810061946029956,0.8600281433247877,-0.00236877039906902,1
InstructSeg,long_rvos,8093ebd9a3,1,2,2,0;2,1;3,0.3992458524446111,0.6213615291819441,0.5103036908132776,0.3425004619209101,0.5312791247182105,0.4368897933195603,-0.07341389749371735,1
InstructSeg,long_rvos,8093ebd9a3,2,2,2,4;6,5;7,0.8477131529205003,0.8775829008376995,0.8626480268790999,0.8526559918661543,0.8836311426501766,0.8681435672581654,0.005495540379065522,0
InstructSeg,long_rvos,8093ebd9a3,3,1,1,8,9,0.23945285531495059,0.5039571992654004,0.3717050272901755,0.29902114697625015,0.5709461229551056,0.4349836349656779,0.06327860767550236,0
InstructSeg,long_rvos,8290c48fcb,1,1,1,0,1,0.3439989899586735,0.3733805405802019,0.35868976526943774,0.24248740092006799,0.30034695331881356,0.2714171771194408,-0.08727258814999694,1
InstructSeg,long_rvos,8290c48fcb,2,1,1,2,3,0.2589453259736388,0.28640721591479246,0.27267627094421565,0.17120395017575277,0.21056715787343772,0.19088555402459523,-0.08179071691962042,1
InstructSeg,long_rvos,8290c48fcb,3,1,1,4,5,0.2544773409350205,0.291769403184547,0.27312337205978376,0.02603207347619463,0.07535179612345994,0.05069193479982728,-0.22243143725995648,1
InstructSeg,long_rvos,8290c48fcb,4,1,1,6,7,0.21146713417364457,0.2878323426369317,0.24964973840528815,0.22217531278233812,0.27548594116870495,0.24883062697552155,-0.0008191114297665947,1
InstructSeg,long_rvos,8290c48fcb,5,1,1,8,9,0.12797392317722828,0.28444467637685217,0.20620929977704022,0.11900900934010514,0.1964912838035258,0.15775014657181546,-0.04845915320522476,1
InstructSeg,long_rvos,8290c48fcb,6,1,1,10,11,0.10979200146764229,0.15800665371273837,0.13389932759019033,0.06997936679192747,0.122872765364479,0.09642606607820323,-0.0374732615119871,1
InstructSeg,long_rvos,8290c48fcb,7,1,1,12,13,0.2801326785585623,0.30990968738482616,0.2950211829716942,0.08370233061634681,0.12818963584676654,0.10594598323155668,-0.18907519974013753,1
InstructSeg,long_rvos,8290c48fcb,8,1,1,14,15,0.3677038275277376,0.395487733240094,0.38159578038391584,0.24018592349908532,0.26838635696506435,0.25428614023207485,-0.12730964015184099,1
InstructSeg,long_rvos,8290c48fcb,9,1,1,16,17,0.653298782515746,0.5429471891072111,0.5981229858114785,0.648442450835287,0.5243973466118607,0.5864198987235738,-0.011703087087904684,1
InstructSeg,long_rvos,84dc481247,1,2,2,0;2,1;3,0.3297916086140906,0.2839507527800147,0.3068711806970526,0.3009792136872294,0.2512894557626709,0.27613433472495014,-0.030736845972102467,1
InstructSeg,long_rvos,84dc481247,2,2,2,4;6,5;7,0.28199470582282915,0.23229782577955116,0.25714626580119015,0.14786284128846233,0.12923873026371502,0.13855078577608865,-0.11859548002510151,1
InstructSeg,long_rvos,84dc481247,3,2,1,10;8,9,0.19904470934485075,0.1673704833026568,0.18320759632375377,0.12830031232068412,0.09126327901073562,0.10978179566570986,-0.07342580065804391,1
InstructSeg,long_rvos,882e8c62d3,1,1,1,0,1,0.4630890764218004,0.4595094966310282,0.4612992865264143,0.3688015531565425,0.3917465613777509,0.3802740572671467,-0.08102522925926758,1
InstructSeg,long_rvos,882e8c62d3,2,1,1,2,3,0.5456499725372934,0.5411626342587403,0.5434063033980169,0.44567532855805425,0.45970160326533627,0.45268846591169526,-0.09071783748632162,1
InstructSeg,long_rvos,882e8c62d3,7,1,1,4,5,0.6219256856813455,0.5541448569813021,0.5880352713313238,0.6102476325360757,0.5473638438853299,0.5788057382107028,-0.009229533120621025,1
InstructSeg,long_rvos,8847e5550e,1,1,1,0,1,0.10340899660486502,0.1320972321807504,0.11775311439280771,0.052784357813649416,0.07283056926670838,0.0628074635401789,-0.05494565085262881,1
InstructSeg,long_rvos,8847e5550e,2,1,1,2,3,0.4294550099604729,0.4639137115317223,0.44668436074609763,0.09672291630824778,0.09774905879388503,0.09723598755106641,-0.3494483731950312,1
InstructSeg,long_rvos,8b0e20e373,1,1,1,0,1,0.4022820938141066,0.3782864098458711,0.3902842518299888,0.4051616528356313,0.38435812669282426,0.3947598897642278,0.004475637934238996,0
InstructSeg,long_rvos,8b0e20e373,2,1,1,2,3,0.8951361348728603,0.8571491668257737,0.876142650849317,0.8941014999214074,0.8489738459771414,0.8715376729492744,-0.004604977900042551,1
InstructSeg,long_rvos,939b6aed6d,1,2,2,0;2,1;3,0.4005962148343643,0.49927083225747837,0.44993352354592137,0.6294557860866853,0.7436493214579002,0.6865525537722927,0.23661903022637137,0
InstructSeg,long_rvos,939b6aed6d,2,2,2,4;6,5;7,0.4105792449250714,0.4711637350803251,0.44087149000269826,0.4011599267135671,0.4684297480094447,0.43479483736150587,-0.006076652641192393,1
InstructSeg,long_rvos,939b6aed6d,3,2,2,10;8,11;9,0.38911250224507676,0.44253537930763237,0.41582394077635454,0.43484289184701796,0.4971681372490949,0.4660055145480565,0.05018157377170196,0
InstructSeg,long_rvos,939b6aed6d,4,2,2,12;14,13;15,0.008627839449273719,0.03675703760938402,0.02269243852932887,0.02661249174038701,0.06437047671806598,0.04549148422922649,0.02279904569989762,0
InstructSeg,long_rvos,939b6aed6d,5,2,2,16;18,17;19,0.21730005007373726,0.35104868290162916,0.28417436648768324,0.10295923963879491,0.16851102692609957,0.13573513328244724,-0.148439233205236,1
InstructSeg,long_rvos,939b6aed6d,6,2,2,20;22,21;23,0.21611862254372088,0.3276045647093455,0.2718615936265332,0.1806786054431019,0.24254096728840302,0.21160978636575248,-0.06025180726078075,1
InstructSeg,long_rvos,939b6aed6d,7,2,1,24;25,26,0.35528982713020657,0.3490204106769503,0.3521551189035784,0.6083322250890262,0.5590102783172863,0.5836712517031563,0.23151613279957783,0
InstructSeg,long_rvos,976257d833,1,2,2,0;2,1;3,0.5884476020594229,0.4867109506406064,0.5375792763500147,0.5052161478160175,0.4594397362944672,0.4823279420552424,-0.0552513342947723,1
InstructSeg,long_rvos,976257d833,2,2,2,4;6,5;7,0.5163717014563958,0.34656250843768033,0.4314671049470381,0.4338168259433718,0.30746525460703955,0.37064104027520567,-0.060826064671832436,1
InstructSeg,long_rvos,989204d6f2,1,2,2,0;2,1;3,0.29469738728444983,0.28336281571214483,0.28903010149829733,0.29118167502933856,0.27499385613869143,0.283087765584015,-0.005942335914282337,1
InstructSeg,long_rvos,989204d6f2,2,2,2,4;6,5;7,0.3543079520854852,0.3291589420516445,0.34173344706856484,0.3990822590851165,0.3721106579815485,0.3855964585333325,0.043863011464767676,0
InstructSeg,long_rvos,99cc4e6bcd,1,1,1,0,1,0.3846335275845766,0.3953605140738886,0.3899970208292326,0.40585899987291013,0.4273876121300495,0.4166233060014798,0.02662628517224719,0
InstructSeg,long_rvos,99cc4e6bcd,2,1,1,2,3,0.49328295329777827,0.3918319459054296,0.4425574496016039,0.4357442461490253,0.3432969018018952,0.38952057397546025,-0.053036875626143676,1
InstructSeg,long_rvos,99cc4e6bcd,3,2,2,4;6,5;7,0.5947557315691836,0.5644858684570011,0.5796208000130924,0.6025690693320315,0.5759533703672731,0.5892612198496523,0.009640419836559944,0
InstructSeg,long_rvos,9bc92f09e0,1,2,2,0;2,1;3,0.49302794087633284,0.5650005072760012,0.5290142240761669,0.40838070594128906,0.4648336539343735,0.43660717993783127,-0.09240704413833567,1
InstructSeg,long_rvos,9bc92f09e0,2,2,2,4;6,5;7,0.42459775661741617,0.49174914726549834,0.4581734519414573,0.35781229877860377,0.4227968106958455,0.39030455473722464,-0.06786889720423267,1
InstructSeg,long_rvos,9c1297ecd3,1,2,2,0;2,1;3,0.7222736961140757,0.6022031294398583,0.6622384127769669,0.5692167135775427,0.4642059718501605,0.5167113427138517,-0.14552707006311527,1
InstructSeg,long_rvos,9c1297ecd3,2,2,2,4;6,5;7,0.6408138476899753,0.5663820762445193,0.6035979619672472,0.24466483941731895,0.22743424831435466,0.2360495438658368,-0.3675484181014105,1
InstructSeg,long_rvos,a287c27dad,1,1,1,0,1,0.8409756433647615,0.4700435848245993,0.6555096140946803,0.48595691912879546,0.30686885996440116,0.3964128895465983,-0.259096724548082,1
InstructSeg,long_rvos,a3f2b5d434,1,3,3,0;2;4,1;3;5,0.6613302850778388,0.729793530508808,0.6955619077933234,0.5668421473408412,0.6472791833707915,0.6070606653558164,-0.08850124243750701,1
InstructSeg,long_rvos,a3f2b5d434,2,3,3,10;6;8,11;7;9,0.8961340192903221,0.9228903879720395,0.9095122036311808,0.8781418457025238,0.9084593274773173,0.8933005865899205,-0.016211617041260284,1
InstructSeg,long_rvos,a500f0e77c,1,1,1,0,1,0.7707535259024771,0.7683647404566749,0.769559133179576,0.7840339657157207,0.7940197673318177,0.7890268665237692,0.01946773334419316,0
InstructSeg,long_rvos,a595411232,1,2,2,0;2,1;3,0.6347208667378919,0.6488180852780976,0.6417694760079947,0.5666758780060324,0.5537357762092603,0.5602058271076463,-0.0815636489003484,1
InstructSeg,long_rvos,a595411232,2,2,2,4;6,5;7,0.35462964067509956,0.44699516259994854,0.4008124016375241,0.24197916452078574,0.3314046453415446,0.2866919049311652,-0.11412049670635888,1
InstructSeg,long_rvos,a595411232,3,2,2,10;8,11;9,0.22076491084114433,0.28292247283398797,0.25184369183756616,0.3210174054324103,0.3927464637059648,0.3568819345691875,0.10503824273162132,0
InstructSeg,long_rvos,a595411232,4,2,2,12;14,13;15,0.2838045126763885,0.301155131376873,0.2924798220266307,0.14713534703265976,0.2120297464618386,0.17958254674724916,-0.11289727527938154,1
InstructSeg,long_rvos,a8b6fd5e4d,1,2,2,0;2,1;3,0.2743394020730929,0.1698298528540475,0.2220846274635702,0.25894316711757526,0.1649910622809481,0.2119671146992617,-0.0101175127643085,1
InstructSeg,long_rvos,a8b6fd5e4d,2,2,2,4;6,5;7,0.6573279903061413,0.4033092227560606,0.530318606531101,0.6452085031840312,0.4006733998812561,0.5229409515326437,-0.007377654998457217,1
InstructSeg,long_rvos,af3ad95fe0,1,1,1,0,1,0.4960595348094724,0.46889031829144545,0.4824749265504589,0.47436529911857434,0.45979688839369914,0.4670810937561367,-0.015393832794322215,1
InstructSeg,long_rvos,af3ad95fe0,2,1,1,2,3,0.8315500373451219,0.8186923210860302,0.825121179215576,0.5514431965478162,0.5260453775576501,0.5387442870527331,-0.2863768921628429,1
InstructSeg,long_rvos,af3ad95fe0,3,1,1,4,5,0.7538652968390824,0.7673045214443167,0.7605849091416996,0.4857714859237501,0.4913832631511688,0.4885773745374594,-0.2720075346042402,1
InstructSeg,long_rvos,af3ad95fe0,4,1,1,6,7,0.05148615345000582,0.07606658273802241,0.06377636809401412,0.025569548522978235,0.036158235713991974,0.030863892118485104,-0.032912475975529015,1
InstructSeg,long_rvos,af3ad95fe0,5,1,1,8,9,0.41097440160806953,0.5416106518974417,0.47629252675275563,0.3953314406395294,0.5321258120111072,0.4637286263253183,-0.012563900427437324,1
InstructSeg,long_rvos,af3ad95fe0,6,1,1,10,11,0.9010541069037357,0.827772292746942,0.8644131998253388,0.7446475703466554,0.7017230501699874,0.7231853102583214,-0.14122788956701737,1
InstructSeg,long_rvos,af7297f0db,1,1,1,0,1,0.5405784787913004,0.5487259471950483,0.5446522129931743,0.5272498389539804,0.5492783685319687,0.5382641037429745,-0.006388109250199836,1
InstructSeg,long_rvos,af7297f0db,2,1,1,2,3,0.7311547566375727,0.5430278590967267,0.6370913078671496,0.7271686638861857,0.5299478228942656,0.6285582433902257,-0.008533064476923924,1
InstructSeg,long_rvos,af7297f0db,3,1,1,4,5,0.2594917627594514,0.2322590139396511,0.24587538834955125,0.2807073249526836,0.25187829807764983,0.2662928115151667,0.020417423165615456,0
InstructSeg,long_rvos,b231a02b87,1,1,2,0,1;6,0.82328926134284,0.8017992984173361,0.812544279880088,0.8208737203005323,0.811401637823333,0.8161376790619326,0.0035933991818445365,0
InstructSeg,long_rvos,b231a02b87,2,1,2,2,3;7,0.39372717049189865,0.38915528935120325,0.39144122992155095,0.34288241805670205,0.34515581014007823,0.34401911409839014,-0.047422115823160804,1
InstructSeg,long_rvos,b231a02b87,3,1,1,4,5,0.5518425109665617,0.5585576324565199,0.5552000717115408,0.5350245027901784,0.5451261812997512,0.5400753420449649,-0.015124729666575965,1
InstructSeg,long_rvos,b4a5ada352,1,2,2,0;2,1;3,0.7436900338233676,0.5473166409525247,0.6455033373879462,0.5109068427369445,0.4300396778049692,0.4704732602709568,-0.17503007711698937,1
InstructSeg,long_rvos,b4a5ada352,2,2,1,4;6,5,0.6426083300818568,0.386513020373049,0.5145606752274529,0.41480109280737304,0.29836552653054527,0.3565833096689591,-0.15797736555849373,1
InstructSeg,long_rvos,b5c9c04bf9,2,1,1,0,1,0.014675447993767044,0.015319845022517785,0.014997646508142413,0.03577634274038681,0.03973216166698149,0.037754252203684155,0.02275660569554174,0
InstructSeg,long_rvos,b5c9c04bf9,5,1,1,2,3,0.5386006676016599,0.5707963335108237,0.5546985005562418,0.0749198815291428,0.08311448426973178,0.0790171828994373,-0.47568131765680455,1
InstructSeg,long_rvos,b5c9c04bf9,6,1,1,4,5,0.3222743319931717,0.3343313612273572,0.32830284661026443,0.26534237576466946,0.27456107855293643,0.26995172715880295,-0.058351119451461486,1
InstructSeg,long_rvos,bd4aefda10,1,2,2,0;2,1;3,0.32786713688723634,0.33119405497559096,0.32953059593141365,0.8771718210418756,0.8659495703905482,0.8715606957162119,0.5420300997847982,0
InstructSeg,long_rvos,bd4aefda10,2,2,2,4;6,5;7,0.363964437311058,0.4119995014918314,0.3879819694014447,0.43340471914748824,0.47844448112466686,0.45592460013607755,0.06794263073463286,0
InstructSeg,long_rvos,bda2f20019,1,2,2,0;2,1;3,0.9243066217168505,0.9467275634319416,0.9355170925743961,0.9193360487068416,0.945300733989818,0.9323183913483297,-0.0031987012260663583,1
InstructSeg,long_rvos,bda2f20019,2,2,2,4;6,5;7,0.31055369737420624,0.32547521997980355,0.3180144586770049,0.2661621887996041,0.29050059131979183,0.278331390059698,-0.039683068617306916,1
InstructSeg,long_rvos,bda2f20019,3,2,2,10;8,11;9,0.6184531010474966,0.6448487144694359,0.6316509077584663,0.6144450405162442,0.6361545091228022,0.6252997748195233,-0.0063511329389430715,1
InstructSeg,long_rvos,bda2f20019,4,2,2,12;14,13;15,0.18613028371930845,0.19365940411384278,0.18989484391657563,0.18252320751712453,0.2004122328597273,0.19146772018842592,0.001572876271850293,0
InstructSeg,long_rvos,bed1347f23,1,2,2,0;2,1;3,0.6541417551047237,0.5279714624320855,0.5910566087684046,0.645870199624089,0.5244344218067958,0.5851523107154424,-0.00590429805296222,1
InstructSeg,long_rvos,bed1347f23,2,2,1,4;5,6,0.3671629750688224,0.3354654182131479,0.3513141966409852,0.3528374757836418,0.32295672244647367,0.3378970991150577,-0.013417097525927457,1
InstructSeg,long_rvos,c4638cc87e,1,2,2,0;2,1;3,0.4765614251768471,0.5334079155400677,0.5049846703584574,0.2860164134154175,0.40118012201704734,0.3435982677162324,-0.16138640264222498,1
InstructSeg,long_rvos,c4638cc87e,2,2,2,4;6,5;7,0.32812735154081474,0.4222570990588372,0.375192225299826,0.31180819493866085,0.3921359414676169,0.35197206820313887,-0.023220157096687122,1
InstructSeg,long_rvos,c4638cc87e,3,2,2,10;8,11;9,0.41703821998254137,0.5533437206397431,0.4851909703111422,0.37992480422192504,0.5087767229969149,0.44435076360942,-0.040840206701722226,1
InstructSeg,long_rvos,c5c9b749d4,1,2,2,0;2,1;3,0.4284001799293673,0.25676264639893465,0.34258141316415097,0.3321946678358129,0.1860640123158373,0.2591293400758251,-0.08345207308832586,1
InstructSeg,long_rvos,c5c9b749d4,2,2,2,4;6,5;7,0.3782466923629548,0.2817327519438825,0.3299897221534186,0.27784942536789975,0.2257365300900415,0.25179297772897064,-0.07819674442444796,1
InstructSeg,long_rvos,c6bb21356b,1,1,1,0,1,0.3323530499819357,0.543577697884377,0.4379653739331564,0.2967305891342541,0.5639373176208132,0.43033395337753366,-0.007631420555622714,1
InstructSeg,long_rvos,c6bb21356b,2,1,1,2,3,0.6737120063973624,0.7167737907381382,0.6952428985677503,0.9238780810866833,0.970675478159758,0.9472767796232207,0.2520338810554703,0
InstructSeg,long_rvos,c6bb21356b,3,1,1,4,5,0.05883323594554344,0.3078043273490624,0.18331878164730292,0.17463977377491013,0.5000620510269057,0.3373509124009079,0.154032130753605,0
InstructSeg,long_rvos,c733601fcd,1,1,1,0,1,0.4108001807219747,0.4358682123087217,0.4233341965153482,0.38987654972089614,0.4257710087379671,0.4078237792294316,-0.015510417285916622,1
InstructSeg,long_rvos,c733601fcd,2,1,1,2,3,0.29246625595498177,0.40969062568819276,0.35107844082158723,0.39798234495156726,0.5144254642246524,0.45620390458810983,0.1051254637665226,0
InstructSeg,long_rvos,c73c2a03a0,1,1,1,0,1,0.7661663508669132,0.7434694810154927,0.754817915941203,0.3052129017405787,0.4120745821535976,0.35864374194708815,-0.3961741739941148,1
InstructSeg,long_rvos,c73c2a03a0,2,1,1,2,3,0.09574983148211846,0.09790455892375574,0.0968271952029371,0.07537166912721696,0.10280399057596767,0.08908782985159232,-0.007739365351344785,1
InstructSeg,long_rvos,cc132d2e39,1,3,3,0;2;4,1;3;5,0.6844762618678565,0.688891152799668,0.6866837073337623,0.6907566959079467,0.6921286765162948,0.6914426862121208,0.004758978878358522,0
InstructSeg,long_rvos,cc132d2e39,2,3,3,10;6;8,11;7;9,0.7895061196361466,0.8566467414487425,0.8230764305424447,0.8071462925435977,0.8775731584998713,0.8423597255217344,0.01928329497928971,0
InstructSeg,long_rvos,cfaeae5706,1,1,1,0,1,0.5011646674786088,0.5833754738178161,0.5422700706482124,0.47809433499615644,0.5589094205405885,0.5185018777683724,-0.02376819287984,1
InstructSeg,long_rvos,cfaeae5706,2,1,1,2,3,0.22220206359457811,0.2751512062472209,0.2486766349208995,0.09543654826250422,0.14115002888877565,0.11829328857563993,-0.13038334634525955,1
InstructSeg,long_rvos,cfaeae5706,4,1,1,4,5,0.5724575481965617,0.5102206928637272,0.5413391205301444,0.5416841747526882,0.4777762580477968,0.5097302164002424,-0.03160890412990203,1
InstructSeg,long_rvos,d33c8343bc,1,1,1,0,1,0.38665782502116236,0.3430446250414842,0.3648512250313233,0.3886043479535083,0.34999658757374275,0.3693004677636255,0.004449242732302239,0
InstructSeg,long_rvos,d33c8343bc,2,1,1,2,3,0.09045102919237435,0.13067102265866146,0.1105610259255179,0.14141689830758583,0.1742177633866116,0.1578173308470987,0.0472563049215808,0
InstructSeg,long_rvos,d33c8343bc,3,1,1,4,5,0.36018143143985754,0.3683861631804206,0.36428379731013905,0.34128946606221844,0.3404064124620132,0.3408479392621158,-0.023435858048023228,1
InstructSeg,long_rvos,d33c8343bc,4,1,1,6,7,0.1828989148674296,0.17615314676863886,0.17952603081803423,0.19990255487981407,0.1868037412646142,0.19335314807221413,0.0138271172541799,0
InstructSeg,long_rvos,dca31590b8,1,2,3,0;2,1;3;7,0.44692405229949694,0.4900860127383806,0.46850503251893877,0.48463307667805466,0.5108813911109572,0.497757233894506,0.02925220137556722,0
InstructSeg,long_rvos,dca31590b8,2,2,1,4;6,5,0.1931361908352461,0.18870599690887432,0.19092109387206022,0.12482386395251573,0.10809150331670625,0.11645768363461098,-0.07446341023744923,1
InstructSeg,long_rvos,ddc213ba3f,1,1,1,0,1,0.7293882018871437,0.6467044736779131,0.6880463377825283,0.7375974538344321,0.6477339857300461,0.6926657197822391,0.004619381999710792,0
InstructSeg,long_rvos,ddc213ba3f,2,1,1,2,3,0.8738398257319574,0.8009064571706243,0.8373731414512908,0.9052452814680743,0.8199117430961291,0.8625785122821017,0.02520537083081087,0
InstructSeg,long_rvos,ddc213ba3f,3,1,1,4,5,0.4409240479962234,0.5121983266907584,0.4765611873434909,0.09844982953107671,0.11616868561617703,0.10730925757362687,-0.36925192976986404,1
InstructSeg,long_rvos,ddc213ba3f,4,1,1,6,7,0.24186389233568295,0.24039620055556374,0.24113004644562336,0.11162771084385695,0.14519617426693202,0.12841194255539448,-0.11271810389022888,1
InstructSeg,long_rvos,ddc213ba3f,5,1,1,8,9,0.224068110324671,0.2807607109644559,0.25241441064456344,0.13257993114759486,0.17513278544962016,0.1538563582986075,-0.09855805234595594,1
InstructSeg,long_rvos,ddc213ba3f,6,1,1,10,11,0.06685195813876867,0.08423403685491779,0.07554299749684323,0.047765369184831256,0.056508381203503155,0.05213687519416721,-0.023406122302676025,1
InstructSeg,long_rvos,ddc213ba3f,7,1,1,12,13,0.3118314738102822,0.3651527798335875,0.33849212682193486,0.16054008398726977,0.1935950208345036,0.17706755241088667,-0.16142457441104818,1
InstructSeg,long_rvos,ddc213ba3f,8,1,1,14,15,0.12599521169240516,0.1858425777460253,0.15591889471921522,0.2491053443370566,0.3210470108996891,0.2850761776183729,0.12915728289915768,0
InstructSeg,long_rvos,ddc213ba3f,9,1,1,16,17,0.22655064043073958,0.25889699236973707,0.24272381640023832,0.08249989655459788,0.09779728472673026,0.09014859064066408,-0.15257522575957425,1
InstructSeg,long_rvos,de36065b5f,1,2,2,0;2,1;3,0.3587917492256061,0.41407182852707836,0.3864317888763422,0.37218037439482343,0.4328941351492582,0.40253725477204083,0.016105465895698612,0
InstructSeg,long_rvos,de36065b5f,2,2,2,4;6,5;7,0.7135444192345792,0.7753828787125858,0.7444636489735825,0.6975894088430841,0.7580563127207802,0.727822860781932,-0.01664078819165049,1
InstructSeg,long_rvos,de36065b5f,3,2,2,10;8,11;9,0.20069872853973547,0.25630136587051755,0.2285000472051265,0.2968979168833906,0.35753125357357235,0.32721458522848146,0.09871453802335495,0
InstructSeg,long_rvos,e29fbdf03c,1,2,2,0;2,1;3,0.799356044758647,0.6573006398283565,0.7283283422935019,0.2304182801218766,0.325481128237367,0.27794970417962184,-0.45037863811388,1
InstructSeg,long_rvos,e29fbdf03c,2,2,2,4;6,5;7,0.47936716993072603,0.4866841002740597,0.4830256351023928,0.46395948155017747,0.4811015090738874,0.4725304953120324,-0.01049513979036043,1
InstructSeg,long_rvos,e29fbdf03c,3,2,2,10;8,11;9,0.2714475138193443,0.3031749691669218,0.28731124149313303,0.19618660238170374,0.2077994714982385,0.20199303693997112,-0.08531820455316191,1
InstructSeg,long_rvos,e6f1a061ea,1,2,2,0;2,1;3,0.45050317898933806,0.43067762231501183,0.4405904006521749,0.35803798160492406,0.3515697319040393,0.3548038567544817,-0.08578654389769325,1
InstructSeg,long_rvos,e6f1a061ea,3,2,2,4;6,5;7,0.572714509913413,0.5628718230758399,0.5677931664946265,0.24525899619645175,0.25069711276035356,0.24797805447840268,-0.3198151120162238,1
InstructSeg,long_rvos,e6f1a061ea,4,2,2,10;8,11;9,0.41701850148081443,0.3760065680280679,0.39651253475444115,0.33568789625750495,0.325419433879366,0.3305536650684354,-0.06595886968600573,1
InstructSeg,long_rvos,e6f1a061ea,6,2,2,12;14,13;15,0.13133165006001452,0.12160930076651501,0.12647047541326475,0.16840238994734508,0.21786292901103693,0.193132659479191,0.06666218406592625,0
InstructSeg,long_rvos,e6f1a061ea,8,2,2,16;18,17;19,0.4532709528167447,0.5041893117068363,0.4787301322617905,0.4691376852223643,0.5199539661904812,0.49454582570642275,0.01581569344463224,0
InstructSeg,long_rvos,e9b78ad8e7,1,1,1,0,1,0.4751128339738567,0.543326506626301,0.5092196703000789,0.4034901068269722,0.47872126243347435,0.44110568463022326,-0.0681139856698556,1
InstructSeg,long_rvos,e9b78ad8e7,2,1,1,2,3,0.35459558787267326,0.40719107934472826,0.38089333360870076,0.3973141512002611,0.4615920207126902,0.42945308595647563,0.048559752347774876,0
InstructSeg,long_rvos,ea6cfcc7cb,1,2,3,0;2,1;3;9,0.7721428592396663,0.6454636729034694,0.7088032660715679,0.7417357447177361,0.5989492450963804,0.6703424949070582,-0.03846077116450963,1
InstructSeg,long_rvos,ea6cfcc7cb,2,2,2,4;6,5;7,0.07174011709447045,0.09194207399988549,0.08184109554717799,0.06132479146982332,0.08058683013164641,0.07095581080073488,-0.01088528474644311,1
InstructSeg,long_rvos,ea6cfcc7cb,3,2,1,10;8,11,0.20701401307180034,0.17488094135393734,0.19094747721286884,0.11118872608008572,0.1295067273302088,0.12034772670514726,-0.07059975050772158,1
InstructSeg,long_rvos,f3864705c4,1,2,2,0;2,1;3,0.8830788589408364,0.7240970189670671,0.8035879389539518,0.8789898430481551,0.7110422758583954,0.7950160594532752,-0.008571879500676505,1
InstructSeg,long_rvos,f3864705c4,2,2,1,4;6,5,0.4433693725212622,0.5090079963410512,0.4761886844311567,0.3321806310751202,0.3692475516646175,0.35071409136986886,-0.12547459306128783,1
InstructSeg,long_rvos,f3864705c4,3,2,1,7;9,8,0.33884689284281977,0.49226545028970015,0.41555617156625996,0.2101395171521454,0.40398119612872374,0.3070603566404346,-0.10849581492582538,1
InstructSeg,long_rvos,f3fdaa2e8b,1,2,2,0;2,1;3,0.36379628586867163,0.3291486684824012,0.3464724771755364,0.46261765999563886,0.3880259801695421,0.42532182008259045,0.07884934290705403,0
InstructSeg,long_rvos,f3fdaa2e8b,2,2,2,4;6,5;7,0.345432760882028,0.3026170622146762,0.3240249115483521,0.30031456172533544,0.2764287231895158,0.28837164245742564,-0.035653269090926476,1
InstructSeg,long_rvos,f6f82de62a,1,1,1,0,1,0.9075010100216205,0.8103807232205997,0.8589408666211101,0.9277123457863061,0.8664629319432091,0.8970876388647576,0.03814677224364749,0
InstructSeg,long_rvos,f6f82de62a,2,1,1,2,3,0.7300558025909213,0.7647373233329905,0.7473965629619559,0.7355192168664297,0.7706579679011835,0.7530885923838067,0.005692029421850764,0
InstructSeg,long_rvos,f771c97b16,1,2,2,0;2,1;3,0.7935640914605432,0.8035290273016844,0.7985465593811139,0.7722987022380265,0.7923848087573718,0.7823417554976992,-0.01620480388341461,1
InstructSeg,long_rvos,f771c97b16,2,2,2,4;6,5;7,0.837245573544448,0.882722205882041,0.8599838897132445,0.8414569910248318,0.8851782069844234,0.8633175990046276,0.0033337092913831023,0
InstructSeg,long_rvos,f771c97b16,3,2,2,10;8,11;9,0.6243173588981284,0.7627185748659138,0.693517966882021,0.6259397482838629,0.7667359379809648,0.6963378431324139,0.0028198762503928165,0
InstructSeg,long_rvos,f771c97b16,4,2,1,12;14,13,0.4552756024325733,0.44228789481997766,0.4487817486262755,0.27258340874059983,0.33767547990184105,0.30512944432122047,-0.14365230430505505,1
InstructSeg,long_rvos,f771c97b16,5,2,1,16;18,17,0.34383534740124777,0.3860354676911485,0.36493540754619813,0.32063722850064347,0.3644339089331453,0.3425355687168944,-0.022399838829303742,1
InstructSeg,long_rvos,f771c97b16,6,2,2,20;22,21;23,0.20835596835684764,0.2619444884300361,0.23515022839344185,0.2063859044567136,0.26419298404740754,0.23528944425206055,0.000139215858618702,0
InstructSeg,long_rvos,f771c97b16,7,2,2,24;26,25;27,0.22341016441179545,0.23877860269029139,0.23109438355104345,0.194640108518643,0.2172806082707517,0.20596035839469734,-0.025134025156346107,1
InstructSeg,long_rvos,fb8caa28e4,1,1,1,0,1,0.3645609480749181,0.38110672868452367,0.3728338383797209,0.06926976222982849,0.07326675821152642,0.07126826022067745,-0.30156557815904345,1
InstructSeg,long_rvos,fb8caa28e4,2,1,1,3,4,0.45788594975953834,0.4466970295917778,0.4522914896756581,0.41499352703224557,0.4113638581627718,0.4131786925975087,-0.03911279707814935,1
InstructSeg,long_rvos,fb8caa28e4,3,1,1,5,6,0.2295255256173509,0.2716465414936064,0.25058603355547865,0.2815865100320474,0.2761779440181261,0.27888222702508675,0.0282961934696081,0
InstructSeg,long_rvos,fb8caa28e4,4,1,1,7,8,0.5854050752026753,0.6390231872606642,0.6122141312316698,0.5150568835010808,0.5655303232802409,0.5402936033906609,-0.07192052784100889,1
InstructSeg,long_rvos,fb8caa28e4,5,1,1,9,10,0.5160082235305335,0.5054525174809146,0.510730370505724,0.1649089360329461,0.16391973737513657,0.16441433670404132,-0.3463160338016827,1
InstructSeg,long_rvos,fb8caa28e4,6,1,1,11,12,0.6921630753268367,0.7066842025393909,0.6994236389331139,0.43434954172457685,0.430212128401639,0.43228083506310794,-0.26714280387000594,1
InstructSeg,long_rvos,fb8caa28e4,7,1,1,13,14,0.6106062628247604,0.6302630817559098,0.6204346722903351,0.4734959972977393,0.5010640539416698,0.4872800256197045,-0.1331546466706306,1
InstructSeg,long_rvos,fb8caa28e4,9,1,1,15,16,0.17915622345506493,0.24655096196143897,0.21285359270825194,0.26209278145901693,0.34371992450977773,0.30290635298439733,0.0900527602761454,0
VIRST,long_rvos,0102096b4c,1,2,1,0;1,2,0.7402788458525531,0.5992229188109559,0.6697508823317546,0.6454022627934827,0.4914179490812271,0.5684101059373549,-0.10134077639439976,1
VIRST,long_rvos,0102096b4c,2,2,2,3;5,4;6,0.6818353793733565,0.636278174015305,0.6590567766943307,0.553298828371922,0.5300109549277974,0.5416548916498597,-0.11740188504447102,1
VIRST,long_rvos,0310d3743b,1,2,2,0;2,1;3,0.5081502592541393,0.462259278129672,0.4852047686919056,0.6250213557582665,0.539885057615709,0.5824532066869877,0.09724843799508215,0
VIRST,long_rvos,0310d3743b,2,2,2,4;6,5;7,0.2376046854423022,0.2590783677351475,0.24834152658872483,0.4323147646861914,0.525495016773075,0.47890489072963316,0.23056336414090833,0
VIRST,long_rvos,0310d3743b,3,1,2,8,12;9,0.7322657250566831,0.852715340654234,0.7924905328554586,0.5793537233324999,0.6036498086996445,0.5915017660160722,-0.20098876683938638,1
VIRST,long_rvos,046ee6aa1a,1,1,2,0,1;4,0.46914672432093446,0.4412259195506212,0.4551863219357778,0.46848868876267735,0.4398637232129323,0.45417620598780484,-0.001010115947972956,1
VIRST,long_rvos,046ee6aa1a,2,1,2,2,3;5,0.7874511374125169,0.75141771578069,0.7694344265966035,0.9697503014180238,0.8900188521539535,0.9298845767859887,0.16045015018938513,0
VIRST,long_rvos,0560401ea3,1,2,2,0;2,1;3,0.9004234493755687,0.7393747934958645,0.8198991214357165,0.7383521905228076,0.5804331761139783,0.659392683318393,-0.16050643811732357,1
VIRST,long_rvos,0560401ea3,2,2,2,4;6,5;7,0.9101312978445383,0.8143868891926461,0.8622590935185922,0.9116173451690712,0.8130734455988344,0.8623453953839528,8.630186536062734e-05,0
VIRST,long_rvos,092ba1d6df,1,2,2,0;2,1;3,0.5015876941493674,0.6692300998784952,0.5854088970139313,0.5048128098451876,0.669330170176275,0.5870714900107314,0.0016625929968001607,0
VIRST,long_rvos,092ba1d6df,2,2,1,4;5,6,0.9235009411397496,0.9449254589912282,0.9342132000654888,0.9238733712667389,0.9456562338447293,0.934764802555734,0.0005516024902452177,0
VIRST,long_rvos,0d0ebe00cc,1,2,2,0;2,1;3,0.778521424004837,0.5611080250496014,0.6698147245272192,0.38783950645726617,0.26414533872849427,0.3259924225928802,-0.34382230193433905,1
VIRST,long_rvos,0d0ebe00cc,2,2,2,4;6,5;7,0.6433265732632842,0.5662141938124287,0.6047703835378564,0.6133738105844804,0.5123250952998379,0.5628494529421592,-0.04192093059569724,1
VIRST,long_rvos,0d0ebe00cc,3,2,2,10;8,11;9,0.7833609717308514,0.6866848887667629,0.7350229302488072,0.7406537372970736,0.658757972902938,0.6997058551000057,-0.03531707514880145,1
VIRST,long_rvos,1088228079,1,1,1,0,1,0.9750276165852323,0.993569648319316,0.9842986324522742,0.9772432972177874,0.9945546207140694,0.9858989589659284,0.00160032651365416,0
VIRST,long_rvos,1088228079,2,1,1,2,3,0.31309551851304507,0.34900038988501453,0.33104795419902977,0.15648529878123324,0.17835393633711533,0.16741961755917428,-0.1636283366398555,1
VIRST,long_rvos,1088228079,3,1,1,4,5,0.4026392811541455,0.4157141970059674,0.4091767390800565,0.4197045485844978,0.4839454571950189,0.45182500288975835,0.04264826380970188,0
VIRST,long_rvos,1088228079,4,1,1,6,7,0.2724218303869035,0.30049643569463086,0.2864591330407672,0.0941192736419694,0.12950894881633235,0.11181411122915087,-0.17464502181161634,1
VIRST,long_rvos,119777f4c0,1,2,2,0;2,1;3,0.8373145339883905,0.8064189389445404,0.8218667364664654,0.8208222521963187,0.7860381233792728,0.8034301877877957,-0.018436548678669618,1
VIRST,long_rvos,119777f4c0,2,2,2,4;6,5;7,0.9212681208957629,0.8348708323264443,0.8780694766111036,0.921152953291908,0.8333935139317449,0.8772732336118265,-0.0007962429992770526,1
VIRST,long_rvos,119777f4c0,3,2,2,10;8,11;9,0.09366706015185561,0.09276645394401184,0.09321675704793372,0.078125,0.078125,0.078125,-0.015091757047933724,1
VIRST,long_rvos,18b160d3a7,1,2,2,0;2,1;3,0.6582702813632786,0.6593687428075369,0.6588195120854078,0.5162152000908202,0.44173287470244127,0.4789740373966308,-0.17984547468877699,1
VIRST,long_rvos,18b160d3a7,2,1,1,4,5,0.8439603505984405,0.7884515813873728,0.8162059659929066,0.355814385903124,0.4154909769452184,0.3856526814241712,-0.43055328456873543,1
VIRST,long_rvos,18b160d3a7,3,2,2,6;8,7;9,0.6771416112982465,0.6769012724217753,0.6770214418600109,0.8382135720781988,0.8741449337092085,0.8561792528937037,0.17915781103369277,0
VIRST,long_rvos,18b160d3a7,4,1,1,10,11,0.011718370510896903,0.0024096191364812673,0.007063994823689085,0.950198287294187,0.953125,0.9516616436470935,0.9445976488234044,0
VIRST,long_rvos,1a5dead3e3,1,1,1,0,1,0.8949123580593915,0.8762656195628526,0.8855889888111221,0.8951257385690846,0.8805612359964787,0.8878434872827816,0.002254498471659483,0
VIRST,long_rvos,1a5dead3e3,2,1,1,2,3,0.49651693182879847,0.5114610966229814,0.5039890142258899,0.49651693182879847,0.5114610966229814,0.5039890142258899,0.0,0
VIRST,long_rvos,20eaede0fb,1,2,2,0;2,1;3,0.9507713074075078,0.9664076357386082,0.958589471573058,0.9515545366993959,0.966236936605513,0.9588957366524544,0.00030626507939646164,0
VIRST,long_rvos,20eaede0fb,2,1,1,4,5,0.4375,0.4375,0.4375,0.265625,0.265625,0.265625,-0.171875,1
VIRST,long_rvos,2179ba2ef3,1,1,1,0,1,0.8237993279461175,0.8771287500750278,0.8504640390105727,0.8273607692372119,0.8775659296080709,0.8524633494226415,0.0019993104120688,0
VIRST,long_rvos,22680d3b50,1,2,1,0;2,1,0.9793733913480057,0.9528073111910833,0.9660903512695445,0.9798285469188106,0.9692464218850854,0.974537484401948,0.008447133132403528,0
VIRST,long_rvos,22680d3b50,4,2,2,3;5,4;6,0.7510296063083057,0.8138399910504783,0.782434798679392,0.7824707359438459,0.85587972854067,0.819175232242258,0.03674043356286594,0
VIRST,long_rvos,235ff86d37,1,1,1,0,1,0.6610459137695495,0.7349351543412785,0.697990534055414,0.8539503184988222,0.8682187730153903,0.8610845457571062,0.16309401170169224,0
VIRST,long_rvos,235ff86d37,2,1,1,2,3,0.09851628072331445,0.10477639277002321,0.10164633674666883,0.22436990641335103,0.2880513446847418,0.2562106255490464,0.15456428880237755,0
VIRST,long_rvos,235ff86d37,3,1,1,4,5,0.4370267359237668,0.4487882955419652,0.442907515732866,0.0,0.0,0.0,-0.442907515732866,1
VIRST,long_rvos,235ff86d37,4,1,1,6,7,0.5625,0.5625,0.5625,0.7048481668432257,0.7118282619045072,0.7083382143738665,0.14583821437386646,0
VIRST,long_rvos,24b7b95ca4,1,2,2,0;2,1;3,0.8298593530251351,0.8208796298224706,0.8253694914238029,0.7672811861696361,0.7596225412323845,0.7634518637010104,-0.06191762772279252,1
VIRST,long_rvos,24b7b95ca4,2,2,2,4;6,5;7,0.3543450102369651,0.362123104100443,0.35823405716870405,0.49167992050710385,0.5010002895330347,0.49634010502006926,0.1381060478513652,0
VIRST,long_rvos,24b7b95ca4,3,2,2,10;8,11;9,0.4820100097091242,0.4863055515377153,0.48415778062341974,0.4559806612776199,0.48079954238835987,0.4683901018329899,-0.01576767879042984,1
VIRST,long_rvos,24b7b95ca4,4,1,1,12,13,0.546875,0.5472141660149704,0.5470445830074853,0.35939019663735233,0.4163044869102982,0.3878473417738253,-0.15919724123365997,1
VIRST,long_rvos,24b7b95ca4,5,2,2,14;16,15;17,0.1953125,0.19762110541892358,0.1964668027094618,0.3630998753276632,0.34944573336952334,0.35627280434859326,0.15980600163913147,0
VIRST,long_rvos,2683deffcb,1,1,1,0,1,0.7474359656534253,0.7912675640517768,0.769351764852601,0.7221246434672703,0.7720891059228637,0.7471068746950671,-0.022244890157533947,1
VIRST,long_rvos,2683deffcb,2,1,1,2,3,0.7979198476592924,0.7919274029456498,0.7949236253024711,0.8941045944602306,0.8863432962781579,0.8902239453691942,0.09530032006672318,0
VIRST,long_rvos,28ff632792,1,1,2,0,1;6,0.8952987590004134,0.8981605742250974,0.8967296666127554,0.9025959659800094,0.9066541821994557,0.9046250740897326,0.007895407476977145,0
VIRST,long_rvos,28ff632792,2,1,2,2,3;7,0.29222530326248075,0.4593969652861693,0.375811134274325,0.292765289198766,0.46041840182868365,0.3765918455137248,0.0007807112393998228,0
VIRST,long_rvos,28ff632792,5,1,2,4,5;8,0.8214653221453345,0.8183074887998617,0.8198864054725981,0.7381587759307879,0.7574323215309292,0.7477955487308585,-0.07209085674173954,1
VIRST,long_rvos,2980a00b04,1,2,2,0;2,1;3,0.9794653626028318,0.9714314407388791,0.9754484016708554,0.9794475341833199,0.9714430828151885,0.9754453084992543,-3.0931716011872723e-06,1
VIRST,long_rvos,2980a00b04,2,2,1,4;6,5,0.3485726275401604,0.3532069398067165,0.3508897836734384,0.2757310544478022,0.28209927321058603,0.2789151638291941,-0.0719746198442443,1
VIRST,long_rvos,2980a00b04,3,2,2,7;9,10;8,0.26050155251864227,0.28046381446755553,0.2704826834930989,0.4845448830171504,0.48684092647750704,0.48569290474732874,0.21521022125422984,0
VIRST,long_rvos,2a87bea97e,1,2,2,0;2,1;3,0.6056208646077894,0.4502424944386036,0.5279316795231965,0.6514262059927536,0.49294189119955434,0.5721840485961539,0.044252369072957376,0
VIRST,long_rvos,2a87bea97e,2,2,2,4;6,5;7,0.609375,0.609375,0.609375,0.3480221045575772,0.3109557012583799,0.32948890290797855,-0.27988609709202145,1
VIRST,long_rvos,2a87bea97e,3,2,2,10;8,11;9,0.24373283552650188,0.23705750353013638,0.24039516952831913,0.37162908325504307,0.31578699977633123,0.3437080415156872,0.10331287198736805,0
VIRST,long_rvos,2abb12f2f7,1,1,1,0,1,0.9613694044944073,0.9164592419135733,0.9389143232039903,0.0012230131359898186,0.4175658090971025,0.20939441111654616,-0.729519912087444,1
VIRST,long_rvos,2abb12f2f7,2,1,1,2,3,0.9295990257644828,0.8885764265975266,0.9090877261810046,0.7293496009993512,0.6967249669156338,0.7130372839574926,-0.1960504422235121,1
VIRST,long_rvos,2c4cbde1aa,1,2,2,0;2,1;3,0.10966378339659905,0.1208790867219633,0.11527143505928117,0.2957516410110172,0.33508217644805516,0.31541690872953615,0.20014547367025498,0
VIRST,long_rvos,2c4cbde1aa,2,2,1,4;6,5,0.28125,0.2815868174819377,0.28141840874096885,0.328125,0.328125,0.328125,0.04670659125903115,0
VIRST,long_rvos,2cfdc294c5,1,2,3,0;2,1;3;8,0.900207259566256,0.8979634042939836,0.8990853319301197,0.9027565166352877,0.9005980582961604,0.9016772874657241,0.002591955535604318,0
VIRST,long_rvos,2cfdc294c5,2,2,3,4;6,5;7;9,0.5757492419385961,0.5880231181258404,0.5818861800322184,0.5565768180188455,0.5744577566579955,0.5655172873384204,-0.016368892693797932,1
VIRST,long_rvos,30c20fb4c1,1,2,2,0;2,1;3,0.768358937059265,0.7222902682899037,0.7453246026745843,0.7779694554035524,0.7299792538732476,0.7539743546384,0.008649751963815677,0
VIRST,long_rvos,30c20fb4c1,2,2,2,4;6,5;7,0.7781718650854385,0.7042959302794672,0.7412338976824528,0.7755627526833053,0.7004025287678844,0.7379826407255948,-0.0032512569568580174,1
VIRST,long_rvos,30c20fb4c1,3,2,2,10;8,11;9,0.13316671002203267,0.23545386346219344,0.18431028674211303,0.13292925323686647,0.23500075294880673,0.18396500309283662,-0.0003452836492764122,1
VIRST,long_rvos,30f4d962f9,1,1,1,0,1,0.26749662753403364,0.25785438488802265,0.26267550621102814,0.1907333701658458,0.23329846653002748,0.21201591834793665,-0.05065958786309149,1
VIRST,long_rvos,30f4d962f9,2,1,1,2,3,0.3169394518992262,0.33793322378502894,0.32743633784212756,0.5226384651619173,0.5060520728619274,0.5143452690119223,0.1869089311697948,0
VIRST,long_rvos,31a352c169,1,2,2,0;2,1;3,0.9130708902440461,0.833605386514882,0.8733381383794641,0.9117305617051987,0.8307345388104515,0.8712325502578251,-0.0021055881216389682,1
VIRST,long_rvos,31a352c169,2,2,1,4;5,6,0.47539570180973073,0.4879238812862282,0.4816597915479795,0.5145982991266758,0.5313167893273789,0.5229575442270273,0.04129775267904784,0
VIRST,long_rvos,31a352c169,3,2,1,7;8,9,0.5285519092085292,0.5298775746447086,0.5292147419266189,0.34375,0.34375,0.34375,-0.18546474192661888,1
VIRST,long_rvos,3584fff834,1,2,2,0;2,1;3,0.8529330538768628,0.8057024276977207,0.8293177407872918,0.9328655596913997,0.8744981105841373,0.9036818351377685,0.07436409435047664,0
VIRST,long_rvos,3584fff834,2,2,1,4;5,6,0.6042631469936635,0.6404918346704156,0.6223774908320395,0.5733953445679688,0.6080638096583335,0.5907295771131511,-0.03164791371888842,1
VIRST,long_rvos,3584fff834,3,1,1,7,8,0.8381257091457446,0.8742714274023797,0.8561985682740622,0.29327007363253854,0.29472173144876324,0.2939959025406509,-0.5622026657334113,1
VIRST,long_rvos,3584fff834,4,2,2,11;9,10;12,0.871704993754455,0.8682007447138297,0.8699528692341424,0.787110933218604,0.7824181349367421,0.784764534077673,-0.0851883351564694,1
VIRST,long_rvos,39db436191,2,1,1,2,3,0.47762617015420283,0.4949627660234782,0.4862944680888405,0.41009000772391535,0.4213677301114509,0.4157288689176831,-0.0705655991711574,1
VIRST,long_rvos,39db436191,3,1,1,4,5,0.699187953434032,0.712884244850524,0.706036099142278,0.5619537013016749,0.5718975279476615,0.5669256146246682,-0.13911048451760988,1
VIRST,long_rvos,39db436191,4,1,1,6,7,0.18194846720650099,0.18304122815508622,0.1824948476807936,0.22755149831261817,0.22659730616136364,0.2270744022369909,0.044579554556197304,0
VIRST,long_rvos,3c1a33d13b,1,2,2,0;2,1;3,0.9203342811149774,0.8836461215998332,0.9019902013574053,0.9254085179841973,0.8969210534632714,0.9111647857237344,0.00917458436632912,0
VIRST,long_rvos,3c1a33d13b,2,2,2,4;6,5;7,0.7655223184369799,0.6540168450330176,0.7097695817349987,0.7393905438912918,0.6264492338151304,0.6829198888532111,-0.026849692881787623,1
VIRST,long_rvos,3f4b67edff,1,2,2,0;2,1;3,0.9346553531652303,0.8995009520109815,0.9170781525881059,0.9348366681856817,0.9006431552813454,0.9177399117335135,0.0006617591454076699,0
VIRST,long_rvos,3f4b67edff,2,2,2,4;6,5;7,0.7041535932634144,0.7797503906824479,0.7419519919729312,0.5629330447520213,0.6162609823311324,0.5895970135415769,-0.15235497843135426,1
VIRST,long_rvos,3f4b67edff,3,2,2,10;8,11;9,0.6501092816338327,0.6656383854343839,0.6578738335341083,0.5552477973568282,0.5594072826201897,0.5573275399885089,-0.10054629354559941,1
VIRST,long_rvos,40d66b2614,1,2,3,0;2,1;10;3,0.6984463833756633,0.7058494710697374,0.7021479272227005,0.7037247488699291,0.7108221494475334,0.7072734491587314,0.005125521936030886,0
VIRST,long_rvos,40d66b2614,2,2,2,4;6,5;7,0.7360412471362152,0.7382205999505265,0.7371309235433708,0.7361271637795863,0.7382457413498251,0.7371864525647057,5.5529021334876916e-05,0
VIRST,long_rvos,41c5109249,1,1,1,0,1,0.8654391158934575,0.8408943896835122,0.8531667527884848,0.8500193932518643,0.8104041785765117,0.830211785914188,-0.022954966874296767,1
VIRST,long_rvos,41c5109249,2,1,1,2,3,0.8292581857337309,0.8019742642272394,0.8156162249804851,0.01582102687244908,0.08380309799847754,0.04981206243546331,-0.7658041625450218,1
VIRST,long_rvos,41c5109249,3,1,1,4,5,0.675772940540726,0.676291357771822,0.676032149156274,0.08917537746735679,0.16284018643927714,0.12600778195331697,-0.550024367202957,1
VIRST,long_rvos,4ec9dcf90d,1,1,1,0,1,0.7895313713585975,0.8040678080296393,0.7967995896941185,0.769852607975634,0.7821671560828399,0.7760098820292369,-0.02078970766488153,1
VIRST,long_rvos,4ec9dcf90d,2,1,1,2,3,0.18494760072623737,0.2373478048367475,0.21114770278149242,0.3109948494292718,0.3770444358009541,0.344019642615113,0.13287193983362056,0
VIRST,long_rvos,5c0c9c0098,1,2,2,0;2,1;3,0.9344406200619586,0.9376667736930135,0.936053696877486,0.9335968571782236,0.9362795681056306,0.9349382126419271,-0.0011154842355588501,1
VIRST,long_rvos,5c0c9c0098,2,2,2,4;6,5;7,0.6171875,0.6171875,0.6171875,0.49007970020444613,0.49009641875851934,0.4900880594814827,-0.1270994405185173,1
VIRST,long_rvos,5c0c9c0098,3,1,1,8,9,0.5312501898795707,0.53125,0.5312500949397854,0.546875,0.546875,0.546875,0.015624905060214633,0
VIRST,long_rvos,5d262b025c,1,1,1,0,1,0.9344178840364681,0.9463820278720102,0.9403999559542391,0.9336428808506578,0.9449890937585532,0.9393159873046055,-0.0010839686496335599,1
VIRST,long_rvos,5d262b025c,10,1,1,2,3,0.625,0.625,0.625,0.5351252454681317,0.5449652532993199,0.5400452493837258,-0.08495475061627422,1
VIRST,long_rvos,5d262b025c,2,1,1,4,5,0.32712628841996094,0.37105987386017947,0.3490930811400702,0.09052740130601145,0.10579097896812933,0.09815919013707039,-0.2509338910029998,1
VIRST,long_rvos,5d262b025c,3,1,1,6,7,0.19080180609267672,0.24356134594137074,0.21718157601702373,0.10338498527501269,0.10231089300603885,0.10284793914052577,-0.11433363687649796,1
VIRST,long_rvos,5d262b025c,4,1,1,8,9,0.2727040192363738,0.30938519439252654,0.29104460681445016,0.2737172478409491,0.2895258620553322,0.2816215549481407,-0.009423051866309484,1
VIRST,long_rvos,5d262b025c,5,1,1,10,11,0.24535830369735964,0.25,0.24767915184867983,0.125,0.125,0.125,-0.12267915184867983,1
VIRST,long_rvos,5d262b025c,6,1,1,12,13,0.0625,0.07259697371287513,0.06754848685643756,0.36042209454587537,0.3884442804531695,0.3744331874995224,0.3068847006430849,0
VIRST,long_rvos,5d262b025c,7,1,1,14,15,0.6189443899201352,0.6902733851494667,0.654608887534801,0.03125,0.03125,0.03125,-0.623358887534801,1
VIRST,long_rvos,5d262b025c,8,1,1,16,17,0.7134467196992456,0.8234460764878251,0.7684463980935353,0.41592762556138135,0.4942580537827068,0.45509283967204406,-0.31335355842149126,1
VIRST,long_rvos,5d262b025c,9,1,1,18,19,0.8536302656272823,0.8759518698876263,0.8647910677574543,0.8519088357498948,0.8768039238374326,0.8643563797936638,-0.00043468796379053654,1
VIRST,long_rvos,5d2c735adb,1,1,1,0,1,0.41621423839235866,0.4344400283716859,0.42532713338202227,0.2419550960961957,0.2463012656515205,0.2441281808738581,-0.18119895250816417,1
VIRST,long_rvos,5d2c735adb,2,1,1,2,3,0.421875,0.421875,0.421875,0.46875,0.46875,0.46875,0.046875,0
VIRST,long_rvos,5d2c735adb,3,1,1,4,5,0.7013957936559689,0.7513760798531501,0.7263859367545595,0.686125786666122,0.7398090512789339,0.7129674189725279,-0.013418517782031625,1
VIRST,long_rvos,5d2c735adb,4,1,1,6,7,0.6022880898146907,0.7071126540909497,0.6547003719528202,0.6936131851260652,0.7805219244716392,0.7370675547988521,0.08236718284603195,0
VIRST,long_rvos,60737ed642,1,1,1,0,1,0.9646237909846191,0.9335449947723138,0.9490843928784665,0.9631076020661329,0.9309206015706095,0.9470141018183712,-0.002070291060095264,1
VIRST,long_rvos,60737ed642,2,1,1,2,3,0.6010594597955562,0.6300466388766771,0.6155530493361167,0.5745414197714206,0.5974647501909962,0.5860030849812083,-0.02954996435490831,1
VIRST,long_rvos,60737ed642,3,1,1,4,5,0.1730232203078776,0.20927288474459843,0.191148052526238,0.3751238013319446,0.3965614323489493,0.38584261684044696,0.19469456431420895,0
VIRST,long_rvos,68170c3f7a,1,2,2,0;2,1;3,0.8502100345625153,0.8789316788898661,0.8645708567261907,0.45040952569556425,0.4640322196266334,0.4572208726610988,-0.40734998406509193,1
VIRST,long_rvos,68170c3f7a,2,2,2,4;6,5;7,0.6640625,0.6640625,0.6640625,0.5326914676565575,0.5414118251738319,0.5370516464151947,-0.12701085358480535,1
VIRST,long_rvos,6a1db02e31,1,2,2,0;2,1;3,0.9091838643351811,0.9466806533449925,0.9279322588400868,0.8911471765451637,0.9331801453225376,0.9121636609338506,-0.015768597906236193,1
VIRST,long_rvos,6a1db02e31,2,2,2,4;6,5;7,0.65625,0.65625,0.65625,0.656854246232305,0.6581068849407454,0.6574805655865252,0.001230565586525234,0
VIRST,long_rvos,6bf32cc0d5,1,2,2,0;2,1;3,0.8793054926956376,0.7692073200610441,0.8242564063783409,0.8704143524927956,0.7660317497267468,0.8182230511097712,-0.006033355268569629,1
VIRST,long_rvos,6bf32cc0d5,2,2,1,4;5,6,0.5837923919969008,0.5583856896179334,0.5710890408074171,0.5865795953408253,0.5573916348927832,0.5719856151168042,0.0008965743093871659,0
VIRST,long_rvos,6bf32cc0d5,3,2,1,7;8,9,0.5859388662994054,0.5859925214356168,0.5859656938675111,0.5781361142578639,0.5793689928253904,0.5787525535416271,-0.007213140325883938,1
VIRST,long_rvos,6d76f5cbc2,1,2,2,0;2,1;3,0.9003914911178947,0.9453189294508959,0.9228552102843953,0.90106293914529,0.94556052590525,0.92331173252527,0.0004565222408746683,0
VIRST,long_rvos,6d76f5cbc2,2,2,2,4;6,5;7,0.8288004808302575,0.8706405877764121,0.8497205343033347,0.8824729834332108,0.9228885267921489,0.9026807551126799,0.05296022080934515,0
VIRST,long_rvos,6db18ab93a,1,2,2,0;2,1;3,0.8443357855942575,0.8095335198766881,0.8269346527354728,0.5349443748358456,0.5115289858784536,0.5232366803571495,-0.3036979723783233,1
VIRST,long_rvos,6db18ab93a,2,2,2,4;6,5;7,0.723021653496384,0.650667133262711,0.6868443933795475,0.7002315320005805,0.6339776749340733,0.6671046034673269,-0.019739789912220584,1
VIRST,long_rvos,6fb7a04167,10,2,2,0;2,1;3,0.9846398232062026,0.9764619027603225,0.9805508629832627,0.9787711433863464,0.976010473238853,0.9773908083125997,-0.0031600546706629373,1
VIRST,long_rvos,6fb7a04167,12,2,2,4;6,5;7,0.27137962742779437,0.29295519539964743,0.2821674114137209,0.3526568724961897,0.35422263202278625,0.3534397522594879,0.071272340845767,0
VIRST,long_rvos,6fb7a04167,13,2,2,10;8,11;9,0.5917087714050976,0.5793436535047148,0.5855262124549062,0.4433177558163164,0.445649604059285,0.4444836799378007,-0.14104253251710552,1
VIRST,long_rvos,6fb7a04167,14,2,2,12;14,13;15,0.26454942895202216,0.23852165174109966,0.2515355403465609,0.28018481795980166,0.2438913569685585,0.26203808746418006,0.010502547117619165,0
VIRST,long_rvos,6fb7a04167,15,2,2,16;18,17;19,0.22683290003615542,0.18513897704060678,0.2059859385383811,0.4492410739410158,0.38593497301042284,0.4175880234757193,0.21160208493733823,0
VIRST,long_rvos,6fb7a04167,16,2,2,20;22,21;23,0.6102038116887087,0.6218686067993924,0.6160362092440506,0.5787813999380378,0.590382467232732,0.5845819335853848,-0.031454275658665765,1
VIRST,long_rvos,7bdbd4f32f,1,2,2,0;2,1;3,0.953571652065861,0.951993090270558,0.9527823711682095,0.9541110385742764,0.9530612228216959,0.953586130697986,0.0008037595297765154,0
VIRST,long_rvos,7bdbd4f32f,2,2,2,4;6,5;7,0.9395522623391663,0.9423605120356744,0.9409563871874204,0.506321797115785,0.5098125251445252,0.508067161130155,-0.4328892260572653,1
VIRST,long_rvos,7bdbd4f32f,3,2,2,10;8,11;9,0.8064844671043042,0.801535656667327,0.8040100618858156,0.9550105663644188,0.9508849095104612,0.95294773793744,0.14893767605162445,0
VIRST,long_rvos,7caa203c75,1,1,1,0,1,0.4960159800706298,0.4466070152532053,0.47131149766191754,0.27504613908824754,0.18910031110738773,0.23207322509781764,-0.2392382725640999,1
VIRST,long_rvos,7caa203c75,2,1,1,2,3,0.8749218893279368,0.789135004437543,0.8320284468827399,0.7702178211186519,0.6802808724855547,0.7252493468021033,-0.10677910008063662,1
VIRST,long_rvos,8086f00d3d,1,2,2,0;2,1;3,0.4926366668275073,0.6460948819551937,0.5693657743913505,0.49117399601414513,0.6539484484899907,0.572561222252068,0.0031954478607174597,0
VIRST,long_rvos,8086f00d3d,2,2,2,4;6,5;7,0.9311216776852719,0.8792096529482261,0.905165665316749,0.9335427274673975,0.8969254382458607,0.9152340828566291,0.010068417539880081,0
VIRST,long_rvos,8093ebd9a3,1,2,2,0;2,1;3,0.5283272279774578,0.6765049212599811,0.6024160746187195,0.514226282637771,0.6556722893531239,0.5849492859954475,-0.017466788623272,1
VIRST,long_rvos,8093ebd9a3,2,2,2,4;6,5;7,0.9701549434493553,0.9943738959654324,0.9822644197073938,0.9687261242003873,0.9921143363017685,0.9804202302510778,-0.0018441894563159256,1
VIRST,long_rvos,8093ebd9a3,3,1,1,8,9,0.09314607918876458,0.3184986371425057,0.20582235816563516,0.0893407799703208,0.3141503611284412,0.201745570549381,-0.004076787616254157,1
VIRST,long_rvos,8290c48fcb,1,1,1,0,1,0.4830263956395776,0.4785101990419489,0.48076829734076326,0.2133375094711711,0.23946696549913166,0.22640223748515137,-0.2543660598556119,1
VIRST,long_rvos,8290c48fcb,2,1,1,2,3,0.3594103992173555,0.3612724003434375,0.3603413997803965,0.5591361421372777,0.5343642935722848,0.5467502178547812,0.1864088180743847,0
VIRST,long_rvos,8290c48fcb,3,1,1,4,5,0.029309707897223366,0.1385829245843435,0.08394631624078343,0.48468052844079795,0.4898498858003587,0.4872652071205783,0.4033188908797949,0
VIRST,long_rvos,8290c48fcb,4,1,1,6,7,0.11725715084988807,0.1153127917837534,0.11628497131682072,0.20381907620225329,0.27202900674880076,0.23792404147552704,0.12163907015870631,0
VIRST,long_rvos,8290c48fcb,5,1,1,8,9,0.026014995069714508,0.21157099650098266,0.11879299578534858,0.028032860866801446,0.2710242105709317,0.14952853571886657,0.03073553993351799,0
VIRST,long_rvos,8290c48fcb,6,1,1,10,11,0.20793718993626076,0.23662826226790956,0.22228272610208516,0.3910112919618131,0.4018043931810071,0.3964078425714101,0.17412511646932494,0
VIRST,long_rvos,8290c48fcb,7,1,1,12,13,0.06973247345795944,0.1266745364879412,0.09820350497295031,0.0413694602201127,0.08993637830685416,0.06565291926348343,-0.03255058570946688,1
VIRST,long_rvos,8290c48fcb,8,1,1,14,15,0.15625,0.15625,0.15625,0.15625,0.15625,0.15625,0.0,0
VIRST,long_rvos,8290c48fcb,9,1,1,16,17,0.8790728994987966,0.7858903414226386,0.8324816204607176,0.8788949600164428,0.7826571303280568,0.8307760451722499,-0.001705575288467709,1
VIRST,long_rvos,84dc481247,1,2,2,0;2,1;3,0.3552699311163575,0.34553531456364217,0.35040262283999984,0.34117930442102057,0.3375563623374285,0.3393678333792245,-0.011034789460775352,1
VIRST,long_rvos,84dc481247,2,2,2,4;6,5;7,0.5974905272622182,0.5955149308823946,0.5965027290723064,0.5309485769178652,0.5258626978122635,0.5284056373650643,-0.0680970917072421,1
VIRST,long_rvos,84dc481247,3,2,1,10;8,9,0.5407357337798222,0.49849682567599707,0.5196162797279096,0.48659484889139953,0.4857582842839533,0.4861765665876764,-0.033439713140233196,1
VIRST,long_rvos,882e8c62d3,1,1,1,0,1,0.8313941460961081,0.8352252965602878,0.8333097213281979,0.8480083447612295,0.8531277935512462,0.8505680691562378,0.01725834782803992,0
VIRST,long_rvos,882e8c62d3,2,1,1,2,3,0.6931980703913062,0.6604833867939152,0.6768407285926107,0.6535932778746157,0.6076784226374172,0.6306358502560165,-0.046204878336594146,1
VIRST,long_rvos,882e8c62d3,7,1,1,4,5,0.5621336496865506,0.5098065893395881,0.5359701195130693,0.5844377944709184,0.5218630336029377,0.5531504140369281,0.01718029452385883,0
VIRST,long_rvos,8847e5550e,1,1,1,0,1,0.09579955184266489,0.10172892337373778,0.09876423760820133,0.4691281096308718,0.46782729028396036,0.46847769995741606,0.36971346234921476,0
VIRST,long_rvos,8847e5550e,2,1,1,2,3,0.5068705994579686,0.5213869644513685,0.5141287819546685,0.390625,0.390625,0.390625,-0.12350378195466849,1
VIRST,long_rvos,8b0e20e373,1,1,1,0,1,0.6270450673043566,0.607684214087234,0.6173646406957953,0.5563456953386896,0.5361425724470181,0.5462441338928539,-0.07112050680294146,1
VIRST,long_rvos,8b0e20e373,2,1,1,2,3,0.9084779783670426,0.9074909255213885,0.9079844519442155,0.8470325964124066,0.8266198101193722,0.8368262032658894,-0.0711582486783261,1
VIRST,long_rvos,939b6aed6d,1,2,2,0;2,1;3,0.38964544989862754,0.5023459807508872,0.4459957153247574,0.4543969200498244,0.5649136056736229,0.5096552628617237,0.06365954753696629,0
VIRST,long_rvos,939b6aed6d,2,2,2,4;6,5;7,0.3532979563257991,0.4025109258556274,0.37790444109071325,0.6611007423361525,0.7523913706247511,0.7067460564804517,0.3288416153897385,0
VIRST,long_rvos,939b6aed6d,3,2,2,10;8,11;9,0.1282933339852538,0.1451754489636901,0.13673439147447194,0.5706691773054196,0.6215082249481596,0.5960887011267897,0.4593543096523177,0
VIRST,long_rvos,939b6aed6d,4,2,2,12;14,13;15,0.13044724913315434,0.17960824759904034,0.15502774836609734,0.00227218333903459,0.05151895896308635,0.02689557115106047,-0.12813217721503686,1
VIRST,long_rvos,939b6aed6d,5,2,2,16;18,17;19,0.20771905714156802,0.3035686474630043,0.2556438523022862,0.005883964143543053,0.025583571653778055,0.015733767898660555,-0.23991008440362566,1
VIRST,long_rvos,939b6aed6d,6,2,2,20;22,21;23,0.3078953532322998,0.3916849259911586,0.3497901396117292,0.2321814600843367,0.30083071284670215,0.26650608646551943,-0.08328405314620979,1
VIRST,long_rvos,939b6aed6d,7,2,1,24;25,26,0.4537221732722674,0.44693839617795084,0.4503302847251091,0.3067484278961311,0.2906091448513396,0.29867878637373535,-0.15165149835137376,1
VIRST,long_rvos,976257d833,1,2,2,0;2,1;3,0.8778146299264047,0.7295666744477143,0.8036906521870595,0.876663704052862,0.7269686749587172,0.8018161895057896,-0.001874462681269895,1
VIRST,long_rvos,976257d833,2,2,2,4;6,5;7,0.7787546320715003,0.603595881461052,0.6911752567662762,0.7540462079685895,0.5814607321802907,0.6677534700744401,-0.023421786691836144,1
VIRST,long_rvos,989204d6f2,1,2,2,0;2,1;3,0.6930716987832612,0.6940963181650803,0.6935840084741708,0.6145953154527817,0.6214348672397995,0.6180150913462905,-0.07556891712788028,1
VIRST,long_rvos,989204d6f2,2,2,2,4;6,5;7,0.5350859747037557,0.5510021291572902,0.543044051930523,0.4633572385543917,0.462765495925171,0.4630613672397813,-0.07998268469074166,1
VIRST,long_rvos,99cc4e6bcd,1,1,1,0,1,0.6911977756835446,0.7278968785423499,0.7095473271129472,0.3461029466857564,0.36714656255136047,0.35662475461855847,-0.35292257249438874,1
VIRST,long_rvos,99cc4e6bcd,2,1,1,2,3,0.36568775225502115,0.2662475528873077,0.31596765257116444,0.5129569791566144,0.4200083713405561,0.4664826752485852,0.15051502267742078,0
VIRST,long_rvos,99cc4e6bcd,3,2,2,4;6,5;7,0.45764933229248916,0.4651315432310651,0.46139043776177713,0.6658882140998506,0.6533084798177279,0.6595983469587892,0.19820790919701203,0
VIRST,long_rvos,9bc92f09e0,1,2,2,0;2,1;3,0.597631630619345,0.6852859091890013,0.6414587699041732,0.6424029702485314,0.7251101045791959,0.6837565374138637,0.0422977675096905,0
VIRST,long_rvos,9bc92f09e0,2,2,2,4;6,5;7,0.4360337938912278,0.4891721840531331,0.4626029889721805,0.399991204978129,0.465548984312029,0.432770094645079,-0.02983289432710151,1
VIRST,long_rvos,9c1297ecd3,1,2,2,0;2,1;3,0.8493112956673381,0.7389717578650963,0.7941415267662172,0.8515544026072751,0.7414049807271024,0.7964796916671888,0.0023381649009716066,0
VIRST,long_rvos,9c1297ecd3,2,2,2,4;6,5;7,0.5237006335981431,0.47714655999412076,0.5004235967961319,0.5487189338980096,0.49577940201976733,0.5222491679588884,0.02182557116275652,0
VIRST,long_rvos,a287c27dad,1,1,1,0,1,0.8743720827631305,0.5528530547141692,0.7136125687386499,0.880835701847254,0.5592191133795112,0.7200274076133826,0.006414838874732709,0
VIRST,long_rvos,a3f2b5d434,1,3,3,0;2;4,1;3;5,0.8247336466934406,0.8725224376830457,0.8486280421882432,0.8293422469975784,0.8791249148812897,0.854233580939434,0.005605538751190853,0
VIRST,long_rvos,a3f2b5d434,2,3,3,10;6;8,11;7;9,0.9342338113909691,0.944817859667519,0.9395258355292441,0.9323246600758924,0.9417764377260872,0.9370505489009897,-0.0024752866282543584,1
VIRST,long_rvos,a500f0e77c,1,1,1,0,1,0.8360452134691105,0.8505675007765379,0.8433063571228242,0.8359305219081595,0.850505496293683,0.8432180091009213,-8.834802190293978e-05,1
VIRST,long_rvos,a595411232,1,2,2,0;2,1;3,0.66842956656609,0.6207128503187233,0.6445712084424067,0.75698130837255,0.7033191770059906,0.7301502426892703,0.08557903424686364,0
VIRST,long_rvos,a595411232,2,2,2,4;6,5;7,0.2888154843065264,0.3588452973235947,0.3238303908150606,0.19709982313829927,0.2729694072780654,0.23503461520818233,-0.08879577560687826,1
VIRST,long_rvos,a595411232,3,2,2,10;8,11;9,0.5488398140428149,0.639450683358044,0.5941452487004295,0.585349244195515,0.6569746795822793,0.6211619618888973,0.027016713188467767,0
VIRST,long_rvos,a595411232,4,2,2,12;14,13;15,0.513437288682234,0.5160844758520146,0.5147608822671242,0.4649217591360335,0.4649339101290969,0.46492783463256515,-0.04983304763455909,1
VIRST,long_rvos,a8b6fd5e4d,1,2,2,0;2,1;3,0.8307866883095734,0.7603015865380613,0.7955441374238174,0.7981188715838287,0.7349961147658662,0.7665574931748474,-0.028986644248969906,1
VIRST,long_rvos,a8b6fd5e4d,2,2,2,4;6,5;7,0.7629634431980391,0.5091481720747408,0.6360558076363899,0.7264569011321238,0.48237396228166485,0.6044154317068944,-0.031640375929495534,1
VIRST,long_rvos,af3ad95fe0,1,1,1,0,1,0.9112740042610337,0.8989952549749295,0.9051346296179816,0.910359853411904,0.8947647307884092,0.9025622921001566,-0.0025723375178250407,1
VIRST,long_rvos,af3ad95fe0,2,1,1,2,3,0.8566443113091462,0.8612317162541944,0.8589380137816702,0.862338114252906,0.8631975322557689,0.8627678232543374,0.0038298094726672005,0
VIRST,long_rvos,af3ad95fe0,3,1,1,4,5,0.8244748025110388,0.8599094055756087,0.8421921040433238,0.831363495425117,0.8582231796616389,0.8447933375433779,0.0026012335000541453,0
VIRST,long_rvos,af3ad95fe0,4,1,1,6,7,0.40951728236435164,0.4158072341168293,0.41266225824059044,0.42239673601989725,0.43896397521148667,0.43068035561569196,0.018018097375101516,0
VIRST,long_rvos,af3ad95fe0,5,1,1,8,9,0.6155665987499386,0.736868662883631,0.6762176308167848,0.6173273407803528,0.7321094649810865,0.6747184028807196,-0.0014992279360651617,1
VIRST,long_rvos,af3ad95fe0,6,1,1,10,11,0.9726297597879306,0.966398665094828,0.9695142124413794,0.9738170116794613,0.9672384894681936,0.9705277505738275,0.0010135381324480885,0
VIRST,long_rvos,af7297f0db,1,1,1,0,1,0.6865991307299412,0.7267295208876898,0.7066643258088154,0.6761973310348237,0.7147697153799821,0.6954835232074029,-0.01118080260141252,1
VIRST,long_rvos,af7297f0db,2,1,1,2,3,0.8417376128043814,0.709013094557599,0.7753753536809902,0.8113545374554256,0.6900462469048336,0.7507003921801296,-0.02467496150086057,1
VIRST,long_rvos,af7297f0db,3,1,1,4,5,0.562939910386695,0.5252372262970144,0.5440885683418547,0.5220092455960672,0.48976926386776076,0.505889254731914,-0.038199313609940666,1
VIRST,long_rvos,b231a02b87,1,1,2,0,1;6,0.9257380249484994,0.9300061679263208,0.9278720964374101,0.9266096446599611,0.9293768476014648,0.927993246130713,0.00012114969330290215,0
VIRST,long_rvos,b231a02b87,2,1,2,2,3;7,0.8347583337568274,0.8363232963708067,0.835540815063817,0.806038730313989,0.8098633547346132,0.807951042524301,-0.027589772539516,1
VIRST,long_rvos,b231a02b87,3,1,1,4,5,0.7613292651686715,0.7755095247980397,0.7684193949833555,0.7467655500857437,0.7632469886655159,0.7550062693756299,-0.013413125607725673,1
VIRST,long_rvos,b4a5ada352,1,2,2,0;2,1;3,0.7775653297446251,0.64833527785655,0.7129503038005875,0.7760197532248454,0.6422582226496705,0.7091389879372579,-0.003811315863329612,1
VIRST,long_rvos,b4a5ada352,2,2,1,4;6,5,0.37464553635395464,0.33384339783931893,0.3542444670966368,0.4504211005828581,0.4081890940520081,0.4293050973174331,0.07506063022079629,0
VIRST,long_rvos,b5c9c04bf9,2,1,1,0,1,0.12500210806799783,0.12510107465178152,0.1250515913598897,0.5616581325802491,0.5794896989659601,0.5705739157731047,0.445522324413215,0
VIRST,long_rvos,b5c9c04bf9,5,1,1,2,3,0.0060267568514862846,0.009259855767313448,0.007643306309399866,0.0006206021798379964,0.002606544851262273,0.0016135735155501348,-0.006029732793849731,1
VIRST,long_rvos,b5c9c04bf9,6,1,1,4,5,0.5602270737886723,0.5625766333235189,0.5614018535560956,0.5,0.5,0.5,-0.06140185355609562,1
VIRST,long_rvos,bd4aefda10,1,2,2,0;2,1;3,0.6869159382113732,0.6674468882842741,0.6771814132478237,0.9200945035817272,0.9330759977057219,0.9265852506437245,0.24940383739590088,0
VIRST,long_rvos,bd4aefda10,2,2,2,4;6,5;7,0.41454562887142493,0.4585207916877465,0.43653321027958575,0.5671638115220048,0.677920629951912,0.6225422207369584,0.18600901045737267,0
VIRST,long_rvos,bda2f20019,1,2,2,0;2,1;3,0.971530264675242,0.9857703616029062,0.978650313139074,0.9697746630277858,0.9815364350894824,0.975655549058634,-0.002994764080439971,1
VIRST,long_rvos,bda2f20019,2,2,2,4;6,5;7,0.6005054884768344,0.6027759813577045,0.6016407349172694,0.5856405517401342,0.5942875212519535,0.5899640364960439,-0.01167669842122554,1
VIRST,long_rvos,bda2f20019,3,2,2,10;8,11;9,0.911088327103365,0.9277389295515488,0.9194136283274569,0.934422402673993,0.950353888602127,0.9423881456380601,0.022974517310603182,0
VIRST,long_rvos,bda2f20019,4,2,2,12;14,13;15,0.625,0.625,0.625,0.635595487512497,0.6384373632846481,0.6370164253985724,0.012016425398572395,0
VIRST,long_rvos,bed1347f23,1,2,2,0;2,1;3,0.8058288952538277,0.6821910689652957,0.7440099821095617,0.8048142706906947,0.6866772762151967,0.7457457734529457,0.0017357913433839744,0
VIRST,long_rvos,bed1347f23,2,2,1,4;5,6,0.7868352208768421,0.7628536096882355,0.7748444152825388,0.8259358052377499,0.8019002067285821,0.813918005983166,0.039073590700627214,0
VIRST,long_rvos,c4638cc87e,1,2,2,0;2,1;3,0.5563638333237788,0.5991125959624191,0.5777382146430989,0.557802482645465,0.5980326238482369,0.5779175532468509,0.0001793386037519662,0
VIRST,long_rvos,c4638cc87e,2,2,2,4;6,5;7,0.40417091669276606,0.42007952573134455,0.4121252212120553,0.2973945567869879,0.3470578690701669,0.32222621292857745,-0.08989900828347785,1
VIRST,long_rvos,c4638cc87e,3,2,2,10;8,11;9,0.36067381538404153,0.5048224967202116,0.4327481560521266,0.39260259084026583,0.5370282593277105,0.46481542508398815,0.03206726903186158,0
VIRST,long_rvos,c5c9b749d4,1,2,2,0;2,1;3,0.6806504829698143,0.5153356601503736,0.597993071560094,0.7663223520204538,0.5990883820972067,0.6827053670588303,0.08471229549873638,0
VIRST,long_rvos,c5c9b749d4,2,2,2,4;6,5;7,0.859704839734243,0.7753697360033738,0.8175372878688084,0.8513876790087813,0.7703317488649208,0.8108597139368511,-0.006677573931957337,1
VIRST,long_rvos,c6bb21356b,1,1,1,0,1,0.10602020679977597,0.32982464288167945,0.2179224248407277,0.061717864827673254,0.16981894709988055,0.1157684059637769,-0.10215401887695082,1
VIRST,long_rvos,c6bb21356b,2,1,1,2,3,0.0,0.0,0.0,0.9672408093017999,0.9935413193257387,0.9803910643137693,0.9803910643137693,0
VIRST,long_rvos,c6bb21356b,3,1,1,4,5,0.0841110980473114,0.14479521731602168,0.11445315768166654,0.16176729787005223,0.3339815039833136,0.24787440092668292,0.13342124324501636,0
VIRST,long_rvos,c733601fcd,1,1,1,0,1,0.9237279125365615,0.9373006141746201,0.9305142633555907,0.923596406234475,0.9372696564857841,0.9304330313601296,-8.123199546117288e-05,1
VIRST,long_rvos,c733601fcd,2,1,1,2,3,0.4514467646197033,0.5239376130198915,0.48769218881979737,0.4910977510165207,0.5947296911617341,0.5429137210891274,0.05522153226933002,0
VIRST,long_rvos,c73c2a03a0,1,1,1,0,1,0.8228241708596189,0.8240267524000671,0.823425461629843,0.43670411619995325,0.4575979996707335,0.4471510579353434,-0.3762744036944996,1
VIRST,long_rvos,c73c2a03a0,2,1,1,2,3,0.054830124180391376,0.08477070502930395,0.06980041460484766,0.7254170058882699,0.7147223242306081,0.7200696650594389,0.6502692504545913,0
VIRST,long_rvos,cc132d2e39,1,3,3,0;2;4,1;3;5,0.7953169577910922,0.7958784589363068,0.7955977083636995,0.8269170030135554,0.8341420610078837,0.8305295320107197,0.03493182364702019,0
VIRST,long_rvos,cc132d2e39,2,3,3,10;6;8,11;7;9,0.8820221668982465,0.938243651174613,0.9101329090364297,0.8820551522193832,0.9378065009059231,0.9099308265626531,-0.00020208247377662136,1
VIRST,long_rvos,cfaeae5706,1,1,1,0,1,0.39401455523844703,0.5135991820042052,0.45380686862132613,0.37362729167445435,0.47618961526156145,0.4249084534680079,-0.028898415153318258,1
VIRST,long_rvos,cfaeae5706,2,1,1,2,3,0.5619999656529978,0.6226933439987858,0.5923466548258918,0.5354429056650853,0.5906914685659148,0.5630671871155001,-0.029279467710391693,1
VIRST,long_rvos,cfaeae5706,4,1,1,4,5,0.4025761524941147,0.36768495648792965,0.3851305544910222,0.40056149007773506,0.3623601964856789,0.381460843281707,-0.0036697112093151962,1
VIRST,long_rvos,d33c8343bc,1,1,1,0,1,0.274645661028413,0.2234855696672177,0.24906561534781535,0.30844680918571865,0.26200961867959716,0.2852282139326579,0.036162598584842554,0
VIRST,long_rvos,d33c8343bc,2,1,1,2,3,0.22625612307246074,0.2085787367794922,0.21741742992597646,0.3929079376599445,0.39775281402879825,0.39533037584437136,0.1779129459183949,0
VIRST,long_rvos,d33c8343bc,3,1,1,4,5,0.399646017774478,0.3985838645632337,0.3991149411688558,0.3915283560777263,0.395785664904882,0.39365701049130414,-0.005457930677551681,1
VIRST,long_rvos,d33c8343bc,4,1,1,6,7,0.10611538674170107,0.10273008413845089,0.10442273544007598,0.10806580518785733,0.11253962881547797,0.11030271700166765,0.005879981561591668,0
VIRST,long_rvos,dca31590b8,1,2,3,0;2,1;3;7,0.37343349860243225,0.38745733020304496,0.3804454144027386,0.3735616118846113,0.39902169130958526,0.3862916515970983,0.005846237194359671,0
VIRST,long_rvos,dca31590b8,2,2,1,4;6,5,0.42224873696997234,0.40704920702636027,0.4146489719981663,0.45672712347573036,0.4349503851085067,0.4458387542921185,0.031189782293952195,0
VIRST,long_rvos,ddc213ba3f,1,1,1,0,1,0.5559358432969514,0.5347757699505863,0.5453558066237689,0.822633137090823,0.7954646408063071,0.809048888948565,0.26369308232479605,0
VIRST,long_rvos,ddc213ba3f,2,1,1,2,3,0.9317444291245005,0.8791483479006308,0.9054463885125656,0.9325256453659284,0.8807037143347742,0.9066146798503514,0.0011682913377857318,0
VIRST,long_rvos,ddc213ba3f,3,1,1,4,5,0.7831429387809103,0.8306416059671481,0.8068922723740293,0.3125,0.3125,0.3125,-0.4943922723740293,1
VIRST,long_rvos,ddc213ba3f,4,1,1,6,7,0.4329320229552358,0.4249550011843072,0.4289435120697715,0.3070825157402828,0.311134335279564,0.3091084255099234,-0.11983508655984809,1
VIRST,long_rvos,ddc213ba3f,5,1,1,8,9,0.0928860819828408,0.09375,0.09331804099142041,0.46875,0.46875,0.46875,0.3754319590085796,0
VIRST,long_rvos,ddc213ba3f,6,1,1,10,11,0.359375,0.35969790470723306,0.35953645235361653,0.359375,0.35969790470723306,0.35953645235361653,0.0,0
VIRST,long_rvos,ddc213ba3f,7,1,1,12,13,0.6634491919408742,0.7224570335841227,0.6929531127624984,0.8101742462903294,0.8588426465594994,0.8345084464249144,0.14155533366241602,0
VIRST,long_rvos,ddc213ba3f,8,1,1,14,15,0.29728086077943666,0.30817711818199267,0.3027289894807147,0.43862849736288845,0.47468340323011227,0.45665595029650036,0.15392696081578566,0
VIRST,long_rvos,ddc213ba3f,9,1,1,16,17,0.5166261287236376,0.5313996598205706,0.5240128942721041,0.421875,0.421875,0.421875,-0.10213789427210407,1
VIRST,long_rvos,de36065b5f,1,2,2,0;2,1;3,0.4003356274084072,0.45357546941411675,0.426955548411262,0.6240184015122265,0.6827635606838722,0.6533909810980494,0.2264354326867874,0
VIRST,long_rvos,de36065b5f,2,2,2,4;6,5;7,0.8517448202228283,0.9092671390084109,0.8805059796156196,0.8711088043917515,0.9281108522136281,0.8996098283026899,0.01910384868707027,0
VIRST,long_rvos,de36065b5f,3,2,2,10;8,11;9,0.49505492970465753,0.5533845258117964,0.524219727758227,0.47232615022639307,0.5297008309467148,0.501013490586554,-0.023206237171673028,1
VIRST,long_rvos,e29fbdf03c,1,2,2,0;2,1;3,0.8868125824426452,0.7820053392753608,0.8344089608590028,0.8840443072956549,0.7724905221776219,0.8282674147366385,-0.006141546122364394,1
VIRST,long_rvos,e29fbdf03c,2,2,2,4;6,5;7,0.6922903983060986,0.7047486868047155,0.6985195425554072,0.6917185022789158,0.7030106118600699,0.6973645570694929,-0.001154985485914306,1
VIRST,long_rvos,e29fbdf03c,3,2,2,10;8,11;9,0.2701015358007461,0.28961804904184385,0.27985979242129494,0.26046186292592954,0.2848070857169479,0.2726344743214387,-0.007225318099856215,1
VIRST,long_rvos,e6f1a061ea,1,2,2,0;2,1;3,0.7818501909464642,0.7639325870905226,0.7728913890184934,0.7828083360493032,0.7568951055149888,0.769851720782146,-0.0030396682363473815,1
VIRST,long_rvos,e6f1a061ea,3,2,2,4;6,5;7,0.9156324421222436,0.9367222951941814,0.9261773686582124,0.9122188086696592,0.936392685820597,0.9243057472451282,-0.001871621413084279,1
VIRST,long_rvos,e6f1a061ea,4,2,2,10;8,11;9,0.409422703516683,0.4174394968918038,0.4134311002042434,0.5089541667843902,0.5121024130522454,0.5105282899183178,0.09709718971407438,0
VIRST,long_rvos,e6f1a061ea,6,2,2,12;14,13;15,0.2734375,0.2750001384381922,0.2742188192190961,0.27746921674255026,0.29920631318541746,0.2883377649639839,0.014118945744887812,0
VIRST,long_rvos,e6f1a061ea,8,2,2,16;18,17;19,0.5540078392882675,0.5760887793013035,0.5650483092947854,0.7466962699135047,0.7864839413005349,0.7665901056070199,0.20154179631223446,0
VIRST,long_rvos,e9b78ad8e7,1,1,1,0,1,0.7391014186842542,0.7914753888354782,0.7652884037598662,0.7400431100774378,0.7918877585369033,0.7659654343071706,0.0006770305473043914,0
VIRST,long_rvos,e9b78ad8e7,2,1,1,2,3,0.745240888266099,0.79183427914473,0.7685375837054145,0.6928980944648844,0.7480322302302931,0.7204651623475887,-0.048072421357825745,1
VIRST,long_rvos,ea6cfcc7cb,1,2,3,0;2,1;3;9,0.9101206422159956,0.8369412374431492,0.8735309398295724,0.9097732704071664,0.8460720849868689,0.8779226776970176,0.004391737867445178,0
VIRST,long_rvos,ea6cfcc7cb,2,2,2,4;6,5;7,0.5625,0.5625,0.5625,0.38289598429024707,0.3872041020138437,0.3850500431520454,-0.17744995684795462,1
VIRST,long_rvos,ea6cfcc7cb,3,2,1,10;8,11,0.6171875,0.6171875,0.6171875,0.625,0.625,0.625,0.0078125,0
VIRST,long_rvos,f3864705c4,1,2,2,0;2,1;3,0.9267038299269863,0.8519166635908981,0.8893102467589422,0.9215714596543156,0.8424291491020686,0.8820003043781921,-0.007309942380750112,1
VIRST,long_rvos,f3864705c4,2,2,1,4;6,5,0.5765329876116683,0.6430592806521951,0.6097961341319317,0.5728427718125211,0.6507172679919087,0.6117800199022149,0.001983885770283189,0
VIRST,long_rvos,f3864705c4,3,2,1,7;9,8,0.6714926975278639,0.7203035165280097,0.6958981070279369,0.8691932986065372,0.937407573199198,0.9033004359028676,0.2074023288749307,0
VIRST,long_rvos,f3fdaa2e8b,1,2,2,0;2,1;3,0.7059159097356092,0.663722668922524,0.6848192893290665,0.7009635967883041,0.6531526223616285,0.6770581095749664,-0.007761179754100178,1
VIRST,long_rvos,f3fdaa2e8b,2,2,2,4;6,5;7,0.5013821121906172,0.48482709367869786,0.4931046029346575,0.5406391908719609,0.5217031336871919,0.5311711622795764,0.03806655934491887,0
VIRST,long_rvos,f6f82de62a,1,1,1,0,1,0.7968400429841336,0.769466400328799,0.7831532216564663,0.8845351069271252,0.8380961799891797,0.8613156434581525,0.0781624218016862,0
VIRST,long_rvos,f6f82de62a,2,1,1,2,3,0.8793891655191274,0.8894424200483888,0.8844157927837581,0.8169489532776351,0.8226492453905334,0.8197990993340842,-0.06461669344967391,1
VIRST,long_rvos,f771c97b16,1,2,2,0;2,1;3,0.8701347538844189,0.8891944324933243,0.8796645931888716,0.8717201273159507,0.8925410844269258,0.8821306058714382,0.0024660126825666318,0
VIRST,long_rvos,f771c97b16,2,2,2,4;6,5;7,0.8534756038127784,0.9106808917948179,0.8820782478037982,0.8456625630185597,0.9016136725476833,0.8736381177831216,-0.008440130020676562,1
VIRST,long_rvos,f771c97b16,3,2,2,10;8,11;9,0.748627313882913,0.8954760078852051,0.822051660884059,0.7562718854059121,0.9023308880147641,0.829301386710338,0.00724972582627903,0
VIRST,long_rvos,f771c97b16,4,2,1,12;14,13,0.6828864111466797,0.6928756765037183,0.687881043825199,0.8591175152078454,0.8753103823526418,0.8672139487802436,0.17933290495504461,0
VIRST,long_rvos,f771c97b16,5,2,1,16;18,17,0.6530004061868729,0.6845580468055771,0.668779226496225,0.5072336744859522,0.5123510969087568,0.5097923856973545,-0.1589868407988705,1
VIRST,long_rvos,f771c97b16,6,2,2,20;22,21;23,0.7238650572164174,0.7458205789473109,0.7348428180818641,0.6911943057534317,0.7121461388979966,0.7016702223257141,-0.03317259575615006,1
VIRST,long_rvos,f771c97b16,7,2,2,24;26,25;27,0.7906193514966968,0.8074744225314932,0.799046887014095,0.764716682427899,0.7838699501313393,0.7742933162796192,-0.024753570734475816,1
VIRST,long_rvos,fb8caa28e4,1,1,1,0,1,0.3951581799834821,0.39802491000877577,0.3965915449961289,0.6513541965630052,0.682013780232503,0.6666839883977541,0.2700924434016252,0
VIRST,long_rvos,fb8caa28e4,2,1,1,3,4,0.7475884275206321,0.7568007285994565,0.7521945780600443,0.7470079808830331,0.7479095521319703,0.7474587665075016,-0.004735811552542657,1
VIRST,long_rvos,fb8caa28e4,3,1,1,5,6,0.5107745285045908,0.5313752991062854,0.5210749138054381,0.42199052589164343,0.42868532001957,0.4253379229556067,-0.09573699084983145,1
VIRST,long_rvos,fb8caa28e4,4,1,1,7,8,0.8444937160895787,0.8613276753935843,0.8529106957415815,0.85279862459718,0.859183794707777,0.8559912096524784,0.0030805139108969204,0
VIRST,long_rvos,fb8caa28e4,5,1,1,9,10,0.5055313497208914,0.4943381552968318,0.4999347525088616,0.6423536925991638,0.630119442209182,0.6362365674041729,0.1363018148953113,0
VIRST,long_rvos,fb8caa28e4,6,1,1,11,12,0.6919839864644697,0.6790326917539209,0.6855083391091953,0.8066273797193286,0.7952301146421492,0.8009287471807389,0.11542040807154363,0
VIRST,long_rvos,fb8caa28e4,7,1,1,13,14,0.24239554035942612,0.2223972370131891,0.2323963886863076,0.6645396482853407,0.6816929521209883,0.6731163002031646,0.44071991151685697,0
VIRST,long_rvos,fb8caa28e4,9,1,1,15,16,0.1701616965305866,0.22348260389165558,0.1968221502111211,0.3510900710748084,0.45484305067796804,0.4029665608763882,0.20614441066526712,0
