prompt_method,description_type,dataset,video_id,object_id,expected_expressions,successful_expressions,missing_expressions,complete,partial,zero_success,missing_expression_ids,missing_keys
concept,dynamic,long_rvos,0102096b4c,1,1,1,0,1,0,0,,
concept,dynamic,long_rvos,0102096b4c,2,2,2,0,1,0,0,,
concept,dynamic,long_rvos,0310d3743b,1,2,2,0,1,0,0,,
concept,dynamic,long_rvos,0310d3743b,2,2,2,0,1,0,0,,
concept,dynamic,long_rvos,0310d3743b,3,2,2,0,1,0,0,,
concept,dynamic,long_rvos,046ee6aa1a,1,2,2,0,1,0,0,,
concept,dynamic,long_rvos,046ee6aa1a,2,2,2,0,1,0,0,,
concept,dynamic,long_rvos,0560401ea3,1,2,2,0,1,0,0,,
concept,dynamic,long_rvos,0560401ea3,2,2,2,0,1,0,0,,
concept,dynamic,long_rvos,092ba1d6df,1,2,2,0,1,0,0,,
concept,dynamic,long_rvos,092ba1d6df,2,1,1,0,1,0,0,,
concept,dynamic,long_rvos,0d0ebe00cc,1,2,2,0,1,0,0,,
concept,dynamic,long_rvos,0d0ebe00cc,2,2,2,0,1,0,0,,
concept,dynamic,long_rvos,0d0ebe00cc,3,2,2,0,1,0,0,,
concept,dynamic,long_rvos,1088228079,1,1,1,0,1,0,0,,
concept,dynamic,long_rvos,1088228079,2,1,1,0,1,0,0,,
concept,dynamic,long_rvos,1088228079,3,1,1,0,1,0,0,,
concept,dynamic,long_rvos,1088228079,4,1,1,0,1,0,0,,
concept,dynamic,long_rvos,119777f4c0,1,2,2,0,1,0,0,,
concept,dynamic,long_rvos,119777f4c0,2,2,2,0,1,0,0,,
concept,dynamic,long_rvos,119777f4c0,3,2,2,0,1,0,0,,
concept,dynamic,long_rvos,18b160d3a7,1,2,2,0,1,0,0,,
concept,dynamic,long_rvos,18b160d3a7,2,1,1,0,1,0,0,,
concept,dynamic,long_rvos,18b160d3a7,3,2,2,0,1,0,0,,
concept,dynamic,long_rvos,18b160d3a7,4,1,1,0,1,0,0,,
concept,dynamic,long_rvos,1a5dead3e3,1,1,1,0,1,0,0,,
concept,dynamic,long_rvos,1a5dead3e3,2,1,1,0,1,0,0,,
concept,dynamic,long_rvos,20eaede0fb,1,2,2,0,1,0,0,,
concept,dynamic,long_rvos,20eaede0fb,2,1,1,0,1,0,0,,
concept,dynamic,long_rvos,2179ba2ef3,1,1,1,0,1,0,0,,
concept,dynamic,long_rvos,22680d3b50,1,1,1,0,1,0,0,,
concept,dynamic,long_rvos,22680d3b50,4,2,2,0,1,0,0,,
concept,dynamic,long_rvos,235ff86d37,1,1,1,0,1,0,0,,
concept,dynamic,long_rvos,235ff86d37,2,1,1,0,1,0,0,,
concept,dynamic,long_rvos,235ff86d37,3,1,1,0,1,0,0,,
concept,dynamic,long_rvos,235ff86d37,4,1,1,0,1,0,0,,
concept,dynamic,long_rvos,24b7b95ca4,1,2,2,0,1,0,0,,
concept,dynamic,long_rvos,24b7b95ca4,2,2,2,0,1,0,0,,
concept,dynamic,long_rvos,24b7b95ca4,3,2,2,0,1,0,0,,
concept,dynamic,long_rvos,24b7b95ca4,4,1,1,0,1,0,0,,
concept,dynamic,long_rvos,24b7b95ca4,5,2,2,0,1,0,0,,
concept,dynamic,long_rvos,2683deffcb,1,1,1,0,1,0,0,,
concept,dynamic,long_rvos,2683deffcb,2,1,1,0,1,0,0,,
concept,dynamic,long_rvos,28ff632792,1,2,2,0,1,0,0,,
concept,dynamic,long_rvos,28ff632792,2,2,2,0,1,0,0,,
concept,dynamic,long_rvos,28ff632792,5,2,2,0,1,0,0,,
concept,dynamic,long_rvos,2980a00b04,1,2,2,0,1,0,0,,
concept,dynamic,long_rvos,2980a00b04,2,1,1,0,1,0,0,,
concept,dynamic,long_rvos,2980a00b04,3,2,2,0,1,0,0,,
concept,dynamic,long_rvos,2a87bea97e,1,2,2,0,1,0,0,,
concept,dynamic,long_rvos,2a87bea97e,2,2,2,0,1,0,0,,
concept,dynamic,long_rvos,2a87bea97e,3,2,2,0,1,0,0,,
concept,dynamic,long_rvos,2abb12f2f7,1,1,1,0,1,0,0,,
concept,dynamic,long_rvos,2abb12f2f7,2,1,1,0,1,0,0,,
concept,dynamic,long_rvos,2c4cbde1aa,1,2,2,0,1,0,0,,
concept,dynamic,long_rvos,2c4cbde1aa,2,1,1,0,1,0,0,,
concept,dynamic,long_rvos,2cfdc294c5,1,3,3,0,1,0,0,,
concept,dynamic,long_rvos,2cfdc294c5,2,3,3,0,1,0,0,,
concept,dynamic,long_rvos,30c20fb4c1,1,2,2,0,1,0,0,,
concept,dynamic,long_rvos,30c20fb4c1,2,2,2,0,1,0,0,,
concept,dynamic,long_rvos,30c20fb4c1,3,2,2,0,1,0,0,,
concept,dynamic,long_rvos,30f4d962f9,1,1,1,0,1,0,0,,
concept,dynamic,long_rvos,30f4d962f9,2,1,1,0,1,0,0,,
concept,dynamic,long_rvos,31a352c169,1,2,2,0,1,0,0,,
concept,dynamic,long_rvos,31a352c169,2,1,1,0,1,0,0,,
concept,dynamic,long_rvos,31a352c169,3,1,1,0,1,0,0,,
concept,dynamic,long_rvos,3584fff834,1,2,2,0,1,0,0,,
concept,dynamic,long_rvos,3584fff834,2,1,1,0,1,0,0,,
concept,dynamic,long_rvos,3584fff834,3,1,1,0,1,0,0,,
concept,dynamic,long_rvos,3584fff834,4,2,2,0,1,0,0,,
concept,dynamic,long_rvos,39db436191,2,1,1,0,1,0,0,,
concept,dynamic,long_rvos,39db436191,3,1,1,0,1,0,0,,
concept,dynamic,long_rvos,39db436191,4,1,1,0,1,0,0,,
concept,dynamic,long_rvos,3c1a33d13b,1,2,2,0,1,0,0,,
concept,dynamic,long_rvos,3c1a33d13b,2,2,2,0,1,0,0,,
concept,dynamic,long_rvos,3f4b67edff,1,2,2,0,1,0,0,,
concept,dynamic,long_rvos,3f4b67edff,2,2,2,0,1,0,0,,
concept,dynamic,long_rvos,3f4b67edff,3,2,2,0,1,0,0,,
concept,dynamic,long_rvos,40d66b2614,1,3,3,0,1,0,0,,
concept,dynamic,long_rvos,40d66b2614,2,2,2,0,1,0,0,,
concept,dynamic,long_rvos,41c5109249,1,1,1,0,1,0,0,,
concept,dynamic,long_rvos,41c5109249,2,1,1,0,1,0,0,,
concept,dynamic,long_rvos,41c5109249,3,1,1,0,1,0,0,,
concept,dynamic,long_rvos,4ec9dcf90d,1,1,1,0,1,0,0,,
concept,dynamic,long_rvos,4ec9dcf90d,2,1,1,0,1,0,0,,
concept,dynamic,long_rvos,5c0c9c0098,1,2,2,0,1,0,0,,
concept,dynamic,long_rvos,5c0c9c0098,2,2,2,0,1,0,0,,
concept,dynamic,long_rvos,5c0c9c0098,3,1,1,0,1,0,0,,
concept,dynamic,long_rvos,5d262b025c,1,1,1,0,1,0,0,,
concept,dynamic,long_rvos,5d262b025c,10,1,1,0,1,0,0,,
concept,dynamic,long_rvos,5d262b025c,2,1,1,0,1,0,0,,
concept,dynamic,long_rvos,5d262b025c,3,1,1,0,1,0,0,,
concept,dynamic,long_rvos,5d262b025c,4,1,1,0,1,0,0,,
concept,dynamic,long_rvos,5d262b025c,5,1,1,0,1,0,0,,
concept,dynamic,long_rvos,5d262b025c,6,1,1,0,1,0,0,,
concept,dynamic,long_rvos,5d262b025c,7,1,1,0,1,0,0,,
concept,dynamic,long_rvos,5d262b025c,8,1,1,0,1,0,0,,
concept,dynamic,long_rvos,5d262b025c,9,1,1,0,1,0,0,,
concept,dynamic,long_rvos,5d2c735adb,1,1,1,0,1,0,0,,
concept,dynamic,long_rvos,5d2c735adb,2,1,1,0,1,0,0,,
concept,dynamic,long_rvos,5d2c735adb,3,1,1,0,1,0,0,,
concept,dynamic,long_rvos,5d2c735adb,4,1,1,0,1,0,0,,
concept,dynamic,long_rvos,60737ed642,1,1,1,0,1,0,0,,
concept,dynamic,long_rvos,60737ed642,2,1,1,0,1,0,0,,
concept,dynamic,long_rvos,60737ed642,3,1,1,0,1,0,0,,
concept,dynamic,long_rvos,68170c3f7a,1,2,2,0,1,0,0,,
concept,dynamic,long_rvos,68170c3f7a,2,2,2,0,1,0,0,,
concept,dynamic,long_rvos,6a1db02e31,1,2,2,0,1,0,0,,
concept,dynamic,long_rvos,6a1db02e31,2,2,2,0,1,0,0,,
concept,dynamic,long_rvos,6bf32cc0d5,1,2,2,0,1,0,0,,
concept,dynamic,long_rvos,6bf32cc0d5,2,1,1,0,1,0,0,,
concept,dynamic,long_rvos,6bf32cc0d5,3,1,1,0,1,0,0,,
concept,dynamic,long_rvos,6d76f5cbc2,1,2,2,0,1,0,0,,
concept,dynamic,long_rvos,6d76f5cbc2,2,2,2,0,1,0,0,,
concept,dynamic,long_rvos,6db18ab93a,1,2,2,0,1,0,0,,
concept,dynamic,long_rvos,6db18ab93a,2,2,2,0,1,0,0,,
concept,dynamic,long_rvos,6fb7a04167,10,2,2,0,1,0,0,,
concept,dynamic,long_rvos,6fb7a04167,12,2,2,0,1,0,0,,
concept,dynamic,long_rvos,6fb7a04167,13,2,2,0,1,0,0,,
concept,dynamic,long_rvos,6fb7a04167,14,2,2,0,1,0,0,,
concept,dynamic,long_rvos,6fb7a04167,15,2,2,0,1,0,0,,
concept,dynamic,long_rvos,6fb7a04167,16,2,2,0,1,0,0,,
concept,dynamic,long_rvos,7bdbd4f32f,1,2,2,0,1,0,0,,
concept,dynamic,long_rvos,7bdbd4f32f,2,2,2,0,1,0,0,,
concept,dynamic,long_rvos,7bdbd4f32f,3,2,2,0,1,0,0,,
concept,dynamic,long_rvos,7caa203c75,1,1,1,0,1,0,0,,
concept,dynamic,long_rvos,7caa203c75,2,1,1,0,1,0,0,,
concept,dynamic,long_rvos,8086f00d3d,1,2,2,0,1,0,0,,
concept,dynamic,long_rvos,8086f00d3d,2,2,2,0,1,0,0,,
concept,dynamic,long_rvos,8093ebd9a3,1,2,2,0,1,0,0,,
concept,dynamic,long_rvos,8093ebd9a3,2,2,2,0,1,0,0,,
concept,dynamic,long_rvos,8093ebd9a3,3,1,1,0,1,0,0,,
concept,dynamic,long_rvos,8290c48fcb,1,1,1,0,1,0,0,,
concept,dynamic,long_rvos,8290c48fcb,2,1,1,0,1,0,0,,
concept,dynamic,long_rvos,8290c48fcb,3,1,1,0,1,0,0,,
concept,dynamic,long_rvos,8290c48fcb,4,1,1,0,1,0,0,,
concept,dynamic,long_rvos,8290c48fcb,5,1,1,0,1,0,0,,
concept,dynamic,long_rvos,8290c48fcb,6,1,1,0,1,0,0,,
concept,dynamic,long_rvos,8290c48fcb,7,1,1,0,1,0,0,,
concept,dynamic,long_rvos,8290c48fcb,8,1,1,0,1,0,0,,
concept,dynamic,long_rvos,8290c48fcb,9,1,1,0,1,0,0,,
concept,dynamic,long_rvos,84dc481247,1,2,2,0,1,0,0,,
concept,dynamic,long_rvos,84dc481247,2,2,2,0,1,0,0,,
concept,dynamic,long_rvos,84dc481247,3,1,1,0,1,0,0,,
concept,dynamic,long_rvos,882e8c62d3,1,1,1,0,1,0,0,,
concept,dynamic,long_rvos,882e8c62d3,2,1,1,0,1,0,0,,
concept,dynamic,long_rvos,882e8c62d3,7,1,1,0,1,0,0,,
concept,dynamic,long_rvos,8847e5550e,1,1,1,0,1,0,0,,
concept,dynamic,long_rvos,8847e5550e,2,1,1,0,1,0,0,,
concept,dynamic,long_rvos,8b0e20e373,1,1,1,0,1,0,0,,
concept,dynamic,long_rvos,8b0e20e373,2,1,1,0,1,0,0,,
concept,dynamic,long_rvos,939b6aed6d,1,2,2,0,1,0,0,,
concept,dynamic,long_rvos,939b6aed6d,2,2,1,1,0,1,0,5,long_rvos/939b6aed6d/2/5/concept
concept,dynamic,long_rvos,939b6aed6d,3,2,1,1,0,1,0,9,long_rvos/939b6aed6d/3/9/concept
concept,dynamic,long_rvos,939b6aed6d,4,2,2,0,1,0,0,,
concept,dynamic,long_rvos,939b6aed6d,5,2,2,0,1,0,0,,
concept,dynamic,long_rvos,939b6aed6d,6,2,2,0,1,0,0,,
concept,dynamic,long_rvos,939b6aed6d,7,1,1,0,1,0,0,,
concept,dynamic,long_rvos,976257d833,1,2,2,0,1,0,0,,
concept,dynamic,long_rvos,976257d833,2,2,2,0,1,0,0,,
concept,dynamic,long_rvos,989204d6f2,1,2,2,0,1,0,0,,
concept,dynamic,long_rvos,989204d6f2,2,2,2,0,1,0,0,,
concept,dynamic,long_rvos,99cc4e6bcd,1,1,1,0,1,0,0,,
concept,dynamic,long_rvos,99cc4e6bcd,2,1,1,0,1,0,0,,
concept,dynamic,long_rvos,99cc4e6bcd,3,2,2,0,1,0,0,,
concept,dynamic,long_rvos,9bc92f09e0,1,2,2,0,1,0,0,,
concept,dynamic,long_rvos,9bc92f09e0,2,2,2,0,1,0,0,,
concept,dynamic,long_rvos,9c1297ecd3,1,2,2,0,1,0,0,,
concept,dynamic,long_rvos,9c1297ecd3,2,2,2,0,1,0,0,,
concept,dynamic,long_rvos,a287c27dad,1,1,1,0,1,0,0,,
concept,dynamic,long_rvos,a3f2b5d434,1,3,3,0,1,0,0,,
concept,dynamic,long_rvos,a3f2b5d434,2,3,3,0,1,0,0,,
concept,dynamic,long_rvos,a500f0e77c,1,1,1,0,1,0,0,,
concept,dynamic,long_rvos,a595411232,1,2,2,0,1,0,0,,
concept,dynamic,long_rvos,a595411232,2,2,2,0,1,0,0,,
concept,dynamic,long_rvos,a595411232,3,2,2,0,1,0,0,,
concept,dynamic,long_rvos,a595411232,4,2,2,0,1,0,0,,
concept,dynamic,long_rvos,a8b6fd5e4d,1,2,2,0,1,0,0,,
concept,dynamic,long_rvos,a8b6fd5e4d,2,2,2,0,1,0,0,,
concept,dynamic,long_rvos,af3ad95fe0,1,1,1,0,1,0,0,,
concept,dynamic,long_rvos,af3ad95fe0,2,1,1,0,1,0,0,,
concept,dynamic,long_rvos,af3ad95fe0,3,1,1,0,1,0,0,,
concept,dynamic,long_rvos,af3ad95fe0,4,1,1,0,1,0,0,,
concept,dynamic,long_rvos,af3ad95fe0,5,1,1,0,1,0,0,,
concept,dynamic,long_rvos,af3ad95fe0,6,1,1,0,1,0,0,,
concept,dynamic,long_rvos,af7297f0db,1,1,1,0,1,0,0,,
concept,dynamic,long_rvos,af7297f0db,2,1,1,0,1,0,0,,
concept,dynamic,long_rvos,af7297f0db,3,1,1,0,1,0,0,,
concept,dynamic,long_rvos,b231a02b87,1,2,2,0,1,0,0,,
concept,dynamic,long_rvos,b231a02b87,2,2,2,0,1,0,0,,
concept,dynamic,long_rvos,b231a02b87,3,1,1,0,1,0,0,,
concept,dynamic,long_rvos,b4a5ada352,1,2,2,0,1,0,0,,
concept,dynamic,long_rvos,b4a5ada352,2,1,1,0,1,0,0,,
concept,dynamic,long_rvos,b5c9c04bf9,2,1,1,0,1,0,0,,
concept,dynamic,long_rvos,b5c9c04bf9,5,1,1,0,1,0,0,,
concept,dynamic,long_rvos,b5c9c04bf9,6,1,1,0,1,0,0,,
concept,dynamic,long_rvos,bd4aefda10,1,2,2,0,1,0,0,,
concept,dynamic,long_rvos,bd4aefda10,2,2,2,0,1,0,0,,
concept,dynamic,long_rvos,bda2f20019,1,2,2,0,1,0,0,,
concept,dynamic,long_rvos,bda2f20019,2,2,2,0,1,0,0,,
concept,dynamic,long_rvos,bda2f20019,3,2,2,0,1,0,0,,
concept,dynamic,long_rvos,bda2f20019,4,2,2,0,1,0,0,,
concept,dynamic,long_rvos,bed1347f23,1,2,2,0,1,0,0,,
concept,dynamic,long_rvos,bed1347f23,2,1,1,0,1,0,0,,
concept,dynamic,long_rvos,c4638cc87e,1,2,2,0,1,0,0,,
concept,dynamic,long_rvos,c4638cc87e,2,2,2,0,1,0,0,,
concept,dynamic,long_rvos,c4638cc87e,3,2,2,0,1,0,0,,
concept,dynamic,long_rvos,c5c9b749d4,1,2,2,0,1,0,0,,
concept,dynamic,long_rvos,c5c9b749d4,2,2,2,0,1,0,0,,
concept,dynamic,long_rvos,c6bb21356b,1,1,1,0,1,0,0,,
concept,dynamic,long_rvos,c6bb21356b,2,1,1,0,1,0,0,,
concept,dynamic,long_rvos,c6bb21356b,3,1,1,0,1,0,0,,
concept,dynamic,long_rvos,c733601fcd,1,1,1,0,1,0,0,,
concept,dynamic,long_rvos,c733601fcd,2,1,1,0,1,0,0,,
concept,dynamic,long_rvos,c73c2a03a0,1,1,1,0,1,0,0,,
concept,dynamic,long_rvos,c73c2a03a0,2,1,1,0,1,0,0,,
concept,dynamic,long_rvos,cc132d2e39,1,3,3,0,1,0,0,,
concept,dynamic,long_rvos,cc132d2e39,2,3,3,0,1,0,0,,
concept,dynamic,long_rvos,cfaeae5706,1,1,1,0,1,0,0,,
concept,dynamic,long_rvos,cfaeae5706,2,1,1,0,1,0,0,,
concept,dynamic,long_rvos,cfaeae5706,4,1,1,0,1,0,0,,
concept,dynamic,long_rvos,d33c8343bc,1,1,1,0,1,0,0,,
concept,dynamic,long_rvos,d33c8343bc,2,1,1,0,1,0,0,,
concept,dynamic,long_rvos,d33c8343bc,3,1,1,0,1,0,0,,
concept,dynamic,long_rvos,d33c8343bc,4,1,1,0,1,0,0,,
concept,dynamic,long_rvos,dca31590b8,1,3,3,0,1,0,0,,
concept,dynamic,long_rvos,dca31590b8,2,1,1,0,1,0,0,,
concept,dynamic,long_rvos,ddc213ba3f,1,1,1,0,1,0,0,,
concept,dynamic,long_rvos,ddc213ba3f,2,1,1,0,1,0,0,,
concept,dynamic,long_rvos,ddc213ba3f,3,1,1,0,1,0,0,,
concept,dynamic,long_rvos,ddc213ba3f,4,1,1,0,1,0,0,,
concept,dynamic,long_rvos,ddc213ba3f,5,1,1,0,1,0,0,,
concept,dynamic,long_rvos,ddc213ba3f,6,1,1,0,1,0,0,,
concept,dynamic,long_rvos,ddc213ba3f,7,1,1,0,1,0,0,,
concept,dynamic,long_rvos,ddc213ba3f,8,1,1,0,1,0,0,,
concept,dynamic,long_rvos,ddc213ba3f,9,1,1,0,1,0,0,,
concept,dynamic,long_rvos,de36065b5f,1,2,2,0,1,0,0,,
concept,dynamic,long_rvos,de36065b5f,2,2,2,0,1,0,0,,
concept,dynamic,long_rvos,de36065b5f,3,2,2,0,1,0,0,,
concept,dynamic,long_rvos,e29fbdf03c,1,2,2,0,1,0,0,,
concept,dynamic,long_rvos,e29fbdf03c,2,2,2,0,1,0,0,,
concept,dynamic,long_rvos,e29fbdf03c,3,2,2,0,1,0,0,,
concept,dynamic,long_rvos,e6f1a061ea,1,2,2,0,1,0,0,,
concept,dynamic,long_rvos,e6f1a061ea,3,2,2,0,1,0,0,,
concept,dynamic,long_rvos,e6f1a061ea,4,2,2,0,1,0,0,,
concept,dynamic,long_rvos,e6f1a061ea,6,2,2,0,1,0,0,,
concept,dynamic,long_rvos,e6f1a061ea,8,2,2,0,1,0,0,,
concept,dynamic,long_rvos,e9b78ad8e7,1,1,1,0,1,0,0,,
concept,dynamic,long_rvos,e9b78ad8e7,2,1,1,0,1,0,0,,
concept,dynamic,long_rvos,ea6cfcc7cb,1,3,3,0,1,0,0,,
concept,dynamic,long_rvos,ea6cfcc7cb,2,2,2,0,1,0,0,,
concept,dynamic,long_rvos,ea6cfcc7cb,3,1,1,0,1,0,0,,
concept,dynamic,long_rvos,f3864705c4,1,2,2,0,1,0,0,,
concept,dynamic,long_rvos,f3864705c4,2,1,1,0,1,0,0,,
concept,dynamic,long_rvos,f3864705c4,3,1,1,0,1,0,0,,
concept,dynamic,long_rvos,f3fdaa2e8b,1,2,2,0,1,0,0,,
concept,dynamic,long_rvos,f3fdaa2e8b,2,2,2,0,1,0,0,,
concept,dynamic,long_rvos,f6f82de62a,1,1,1,0,1,0,0,,
concept,dynamic,long_rvos,f6f82de62a,2,1,1,0,1,0,0,,
concept,dynamic,long_rvos,f771c97b16,1,2,2,0,1,0,0,,
concept,dynamic,long_rvos,f771c97b16,2,2,2,0,1,0,0,,
concept,dynamic,long_rvos,f771c97b16,3,2,2,0,1,0,0,,
concept,dynamic,long_rvos,f771c97b16,4,1,1,0,1,0,0,,
concept,dynamic,long_rvos,f771c97b16,5,1,1,0,1,0,0,,
concept,dynamic,long_rvos,f771c97b16,6,2,2,0,1,0,0,,
concept,dynamic,long_rvos,f771c97b16,7,2,2,0,1,0,0,,
concept,dynamic,long_rvos,fb8caa28e4,1,1,1,0,1,0,0,,
concept,dynamic,long_rvos,fb8caa28e4,2,1,1,0,1,0,0,,
concept,dynamic,long_rvos,fb8caa28e4,3,1,1,0,1,0,0,,
concept,dynamic,long_rvos,fb8caa28e4,4,1,1,0,1,0,0,,
concept,dynamic,long_rvos,fb8caa28e4,5,1,1,0,1,0,0,,
concept,dynamic,long_rvos,fb8caa28e4,6,1,1,0,1,0,0,,
concept,dynamic,long_rvos,fb8caa28e4,7,1,1,0,1,0,0,,
concept,dynamic,long_rvos,fb8caa28e4,9,1,1,0,1,0,0,,
concept,hybrid,long_rvos,0102096b4c,1,1,1,0,1,0,0,,
concept,hybrid,long_rvos,0102096b4c,2,2,2,0,1,0,0,,
concept,hybrid,long_rvos,0310d3743b,1,1,1,0,1,0,0,,
concept,hybrid,long_rvos,0310d3743b,2,1,1,0,1,0,0,,
concept,hybrid,long_rvos,0560401ea3,1,1,1,0,1,0,0,,
concept,hybrid,long_rvos,0560401ea3,2,1,1,0,1,0,0,,
concept,hybrid,long_rvos,092ba1d6df,1,2,2,0,1,0,0,,
concept,hybrid,long_rvos,092ba1d6df,2,1,1,0,1,0,0,,
concept,hybrid,long_rvos,0d0ebe00cc,1,2,2,0,1,0,0,,
concept,hybrid,long_rvos,0d0ebe00cc,2,2,2,0,1,0,0,,
concept,hybrid,long_rvos,0d0ebe00cc,3,2,2,0,1,0,0,,
concept,hybrid,long_rvos,1088228079,1,1,1,0,1,0,0,,
concept,hybrid,long_rvos,1088228079,2,1,1,0,1,0,0,,
concept,hybrid,long_rvos,1088228079,3,1,1,0,1,0,0,,
concept,hybrid,long_rvos,1088228079,4,1,1,0,1,0,0,,
concept,hybrid,long_rvos,119777f4c0,1,1,1,0,1,0,0,,
concept,hybrid,long_rvos,119777f4c0,2,1,1,0,1,0,0,,
concept,hybrid,long_rvos,119777f4c0,3,1,1,0,1,0,0,,
concept,hybrid,long_rvos,18b160d3a7,1,1,1,0,1,0,0,,
concept,hybrid,long_rvos,18b160d3a7,2,1,1,0,1,0,0,,
concept,hybrid,long_rvos,18b160d3a7,3,1,1,0,1,0,0,,
concept,hybrid,long_rvos,18b160d3a7,4,1,1,0,1,0,0,,
concept,hybrid,long_rvos,1a5dead3e3,1,1,1,0,1,0,0,,
concept,hybrid,long_rvos,1a5dead3e3,2,1,1,0,1,0,0,,
concept,hybrid,long_rvos,20eaede0fb,1,2,2,0,1,0,0,,
concept,hybrid,long_rvos,20eaede0fb,2,1,1,0,1,0,0,,
concept,hybrid,long_rvos,2179ba2ef3,1,1,1,0,1,0,0,,
concept,hybrid,long_rvos,22680d3b50,1,1,1,0,1,0,0,,
concept,hybrid,long_rvos,22680d3b50,4,2,2,0,1,0,0,,
concept,hybrid,long_rvos,235ff86d37,1,1,1,0,1,0,0,,
concept,hybrid,long_rvos,235ff86d37,2,1,1,0,1,0,0,,
concept,hybrid,long_rvos,235ff86d37,3,1,1,0,1,0,0,,
concept,hybrid,long_rvos,235ff86d37,4,1,1,0,1,0,0,,
concept,hybrid,long_rvos,24b7b95ca4,1,2,2,0,1,0,0,,
concept,hybrid,long_rvos,24b7b95ca4,2,1,1,0,1,0,0,,
concept,hybrid,long_rvos,24b7b95ca4,3,1,1,0,1,0,0,,
concept,hybrid,long_rvos,24b7b95ca4,4,1,1,0,1,0,0,,
concept,hybrid,long_rvos,24b7b95ca4,5,1,1,0,1,0,0,,
concept,hybrid,long_rvos,2683deffcb,1,1,1,0,1,0,0,,
concept,hybrid,long_rvos,2683deffcb,2,1,1,0,1,0,0,,
concept,hybrid,long_rvos,2980a00b04,1,2,2,0,1,0,0,,
concept,hybrid,long_rvos,2980a00b04,2,1,1,0,1,0,0,,
concept,hybrid,long_rvos,2980a00b04,3,1,1,0,1,0,0,,
concept,hybrid,long_rvos,2a87bea97e,1,2,2,0,1,0,0,,
concept,hybrid,long_rvos,2a87bea97e,2,2,2,0,1,0,0,,
concept,hybrid,long_rvos,2a87bea97e,3,1,1,0,1,0,0,,
concept,hybrid,long_rvos,2abb12f2f7,1,1,1,0,1,0,0,,
concept,hybrid,long_rvos,2abb12f2f7,2,1,1,0,1,0,0,,
concept,hybrid,long_rvos,2c4cbde1aa,1,1,1,0,1,0,0,,
concept,hybrid,long_rvos,2c4cbde1aa,2,1,1,0,1,0,0,,
concept,hybrid,long_rvos,30c20fb4c1,1,1,1,0,1,0,0,,
concept,hybrid,long_rvos,30c20fb4c1,2,1,1,0,1,0,0,,
concept,hybrid,long_rvos,30c20fb4c1,3,1,1,0,1,0,0,,
concept,hybrid,long_rvos,30f4d962f9,1,1,1,0,1,0,0,,
concept,hybrid,long_rvos,30f4d962f9,2,1,1,0,1,0,0,,
concept,hybrid,long_rvos,31a352c169,1,1,1,0,1,0,0,,
concept,hybrid,long_rvos,31a352c169,2,1,1,0,1,0,0,,
concept,hybrid,long_rvos,31a352c169,3,1,1,0,1,0,0,,
concept,hybrid,long_rvos,3584fff834,1,2,2,0,1,0,0,,
concept,hybrid,long_rvos,3584fff834,2,1,1,0,1,0,0,,
concept,hybrid,long_rvos,3584fff834,3,1,1,0,1,0,0,,
concept,hybrid,long_rvos,3584fff834,4,2,2,0,1,0,0,,
concept,hybrid,long_rvos,39db436191,2,1,1,0,1,0,0,,
concept,hybrid,long_rvos,39db436191,3,1,1,0,1,0,0,,
concept,hybrid,long_rvos,39db436191,4,1,1,0,1,0,0,,
concept,hybrid,long_rvos,3c1a33d13b,1,2,2,0,1,0,0,,
concept,hybrid,long_rvos,3c1a33d13b,2,2,2,0,1,0,0,,
concept,hybrid,long_rvos,3f4b67edff,1,2,2,0,1,0,0,,
concept,hybrid,long_rvos,3f4b67edff,2,2,2,0,1,0,0,,
concept,hybrid,long_rvos,3f4b67edff,3,2,2,0,1,0,0,,
concept,hybrid,long_rvos,40d66b2614,1,2,2,0,1,0,0,,
concept,hybrid,long_rvos,40d66b2614,2,2,2,0,1,0,0,,
concept,hybrid,long_rvos,41c5109249,1,1,1,0,1,0,0,,
concept,hybrid,long_rvos,41c5109249,2,1,1,0,1,0,0,,
concept,hybrid,long_rvos,41c5109249,3,1,1,0,1,0,0,,
concept,hybrid,long_rvos,4ec9dcf90d,1,1,1,0,1,0,0,,
concept,hybrid,long_rvos,4ec9dcf90d,2,1,1,0,1,0,0,,
concept,hybrid,long_rvos,5c0c9c0098,1,1,1,0,1,0,0,,
concept,hybrid,long_rvos,5c0c9c0098,2,1,1,0,1,0,0,,
concept,hybrid,long_rvos,5c0c9c0098,3,1,1,0,1,0,0,,
concept,hybrid,long_rvos,5d262b025c,1,1,1,0,1,0,0,,
concept,hybrid,long_rvos,5d262b025c,10,1,1,0,1,0,0,,
concept,hybrid,long_rvos,5d262b025c,2,1,1,0,1,0,0,,
concept,hybrid,long_rvos,5d262b025c,3,1,1,0,1,0,0,,
concept,hybrid,long_rvos,5d262b025c,4,1,1,0,1,0,0,,
concept,hybrid,long_rvos,5d262b025c,5,1,1,0,1,0,0,,
concept,hybrid,long_rvos,5d262b025c,6,1,1,0,1,0,0,,
concept,hybrid,long_rvos,5d262b025c,7,1,1,0,1,0,0,,
concept,hybrid,long_rvos,5d262b025c,8,1,1,0,1,0,0,,
concept,hybrid,long_rvos,5d262b025c,9,1,1,0,1,0,0,,
concept,hybrid,long_rvos,5d2c735adb,1,1,1,0,1,0,0,,
concept,hybrid,long_rvos,5d2c735adb,2,1,1,0,1,0,0,,
concept,hybrid,long_rvos,5d2c735adb,3,1,1,0,1,0,0,,
concept,hybrid,long_rvos,5d2c735adb,4,1,1,0,1,0,0,,
concept,hybrid,long_rvos,60737ed642,1,1,1,0,1,0,0,,
concept,hybrid,long_rvos,60737ed642,2,1,1,0,1,0,0,,
concept,hybrid,long_rvos,60737ed642,3,1,1,0,1,0,0,,
concept,hybrid,long_rvos,68170c3f7a,1,1,1,0,1,0,0,,
concept,hybrid,long_rvos,68170c3f7a,2,1,1,0,1,0,0,,
concept,hybrid,long_rvos,6a1db02e31,1,2,2,0,1,0,0,,
concept,hybrid,long_rvos,6a1db02e31,2,2,2,0,1,0,0,,
concept,hybrid,long_rvos,6bf32cc0d5,1,2,2,0,1,0,0,,
concept,hybrid,long_rvos,6bf32cc0d5,2,1,1,0,1,0,0,,
concept,hybrid,long_rvos,6bf32cc0d5,3,1,1,0,1,0,0,,
concept,hybrid,long_rvos,6d76f5cbc2,1,2,2,0,1,0,0,,
concept,hybrid,long_rvos,6d76f5cbc2,2,2,2,0,1,0,0,,
concept,hybrid,long_rvos,6db18ab93a,1,2,2,0,1,0,0,,
concept,hybrid,long_rvos,6db18ab93a,2,2,2,0,1,0,0,,
concept,hybrid,long_rvos,6fb7a04167,10,1,1,0,1,0,0,,
concept,hybrid,long_rvos,6fb7a04167,12,1,1,0,1,0,0,,
concept,hybrid,long_rvos,6fb7a04167,13,1,1,0,1,0,0,,
concept,hybrid,long_rvos,6fb7a04167,14,1,1,0,1,0,0,,
concept,hybrid,long_rvos,6fb7a04167,15,1,1,0,1,0,0,,
concept,hybrid,long_rvos,6fb7a04167,16,1,1,0,1,0,0,,
concept,hybrid,long_rvos,7bdbd4f32f,1,2,2,0,1,0,0,,
concept,hybrid,long_rvos,7bdbd4f32f,2,2,2,0,1,0,0,,
concept,hybrid,long_rvos,7bdbd4f32f,3,2,2,0,1,0,0,,
concept,hybrid,long_rvos,7caa203c75,1,1,1,0,1,0,0,,
concept,hybrid,long_rvos,7caa203c75,2,1,1,0,1,0,0,,
concept,hybrid,long_rvos,8086f00d3d,1,2,2,0,1,0,0,,
concept,hybrid,long_rvos,8086f00d3d,2,2,2,0,1,0,0,,
concept,hybrid,long_rvos,8093ebd9a3,1,2,2,0,1,0,0,,
concept,hybrid,long_rvos,8093ebd9a3,2,2,2,0,1,0,0,,
concept,hybrid,long_rvos,8093ebd9a3,3,1,1,0,1,0,0,,
concept,hybrid,long_rvos,8290c48fcb,1,1,1,0,1,0,0,,
concept,hybrid,long_rvos,8290c48fcb,2,1,1,0,1,0,0,,
concept,hybrid,long_rvos,8290c48fcb,3,1,1,0,1,0,0,,
concept,hybrid,long_rvos,8290c48fcb,4,1,1,0,1,0,0,,
concept,hybrid,long_rvos,8290c48fcb,5,1,1,0,1,0,0,,
concept,hybrid,long_rvos,8290c48fcb,6,1,1,0,1,0,0,,
concept,hybrid,long_rvos,8290c48fcb,8,1,1,0,1,0,0,,
concept,hybrid,long_rvos,8290c48fcb,9,1,1,0,1,0,0,,
concept,hybrid,long_rvos,84dc481247,1,2,2,0,1,0,0,,
concept,hybrid,long_rvos,84dc481247,2,2,2,0,1,0,0,,
concept,hybrid,long_rvos,84dc481247,3,1,1,0,1,0,0,,
concept,hybrid,long_rvos,882e8c62d3,1,1,1,0,1,0,0,,
concept,hybrid,long_rvos,882e8c62d3,2,1,1,0,1,0,0,,
concept,hybrid,long_rvos,882e8c62d3,7,1,1,0,1,0,0,,
concept,hybrid,long_rvos,8847e5550e,1,1,1,0,1,0,0,,
concept,hybrid,long_rvos,8847e5550e,2,1,1,0,1,0,0,,
concept,hybrid,long_rvos,8b0e20e373,1,2,2,0,1,0,0,,
concept,hybrid,long_rvos,8b0e20e373,2,1,1,0,1,0,0,,
concept,hybrid,long_rvos,939b6aed6d,1,1,1,0,1,0,0,,
concept,hybrid,long_rvos,939b6aed6d,2,1,1,0,1,0,0,,
concept,hybrid,long_rvos,939b6aed6d,3,1,1,0,1,0,0,,
concept,hybrid,long_rvos,939b6aed6d,4,1,1,0,1,0,0,,
concept,hybrid,long_rvos,939b6aed6d,5,1,1,0,1,0,0,,
concept,hybrid,long_rvos,939b6aed6d,6,1,1,0,1,0,0,,
concept,hybrid,long_rvos,939b6aed6d,7,1,1,0,1,0,0,,
concept,hybrid,long_rvos,976257d833,1,2,2,0,1,0,0,,
concept,hybrid,long_rvos,976257d833,2,2,2,0,1,0,0,,
concept,hybrid,long_rvos,989204d6f2,1,1,1,0,1,0,0,,
concept,hybrid,long_rvos,989204d6f2,2,1,1,0,1,0,0,,
concept,hybrid,long_rvos,99cc4e6bcd,1,1,1,0,1,0,0,,
concept,hybrid,long_rvos,99cc4e6bcd,2,1,1,0,1,0,0,,
concept,hybrid,long_rvos,99cc4e6bcd,3,2,2,0,1,0,0,,
concept,hybrid,long_rvos,9bc92f09e0,1,1,1,0,1,0,0,,
concept,hybrid,long_rvos,9bc92f09e0,2,1,1,0,1,0,0,,
concept,hybrid,long_rvos,9c1297ecd3,1,2,2,0,1,0,0,,
concept,hybrid,long_rvos,9c1297ecd3,2,2,2,0,1,0,0,,
concept,hybrid,long_rvos,a287c27dad,1,1,1,0,1,0,0,,
concept,hybrid,long_rvos,a3f2b5d434,1,3,3,0,1,0,0,,
concept,hybrid,long_rvos,a3f2b5d434,2,3,3,0,1,0,0,,
concept,hybrid,long_rvos,a500f0e77c,1,1,1,0,1,0,0,,
concept,hybrid,long_rvos,a595411232,1,2,2,0,1,0,0,,
concept,hybrid,long_rvos,a595411232,2,2,2,0,1,0,0,,
concept,hybrid,long_rvos,a595411232,3,2,2,0,1,0,0,,
concept,hybrid,long_rvos,a595411232,4,2,2,0,1,0,0,,
concept,hybrid,long_rvos,a8b6fd5e4d,1,2,2,0,1,0,0,,
concept,hybrid,long_rvos,a8b6fd5e4d,2,2,2,0,1,0,0,,
concept,hybrid,long_rvos,af3ad95fe0,1,1,1,0,1,0,0,,
concept,hybrid,long_rvos,af3ad95fe0,2,1,1,0,1,0,0,,
concept,hybrid,long_rvos,af3ad95fe0,3,1,1,0,1,0,0,,
concept,hybrid,long_rvos,af3ad95fe0,4,1,1,0,1,0,0,,
concept,hybrid,long_rvos,af3ad95fe0,5,1,1,0,1,0,0,,
concept,hybrid,long_rvos,af3ad95fe0,6,1,1,0,1,0,0,,
concept,hybrid,long_rvos,af7297f0db,1,1,1,0,1,0,0,,
concept,hybrid,long_rvos,af7297f0db,2,1,1,0,1,0,0,,
concept,hybrid,long_rvos,af7297f0db,3,1,1,0,1,0,0,,
concept,hybrid,long_rvos,b231a02b87,3,1,1,0,1,0,0,,
concept,hybrid,long_rvos,b4a5ada352,1,1,1,0,1,0,0,,
concept,hybrid,long_rvos,b4a5ada352,2,1,1,0,1,0,0,,
concept,hybrid,long_rvos,b5c9c04bf9,2,1,1,0,1,0,0,,
concept,hybrid,long_rvos,b5c9c04bf9,5,1,1,0,1,0,0,,
concept,hybrid,long_rvos,b5c9c04bf9,6,1,1,0,1,0,0,,
concept,hybrid,long_rvos,bd4aefda10,1,1,1,0,1,0,0,,
concept,hybrid,long_rvos,bd4aefda10,2,1,1,0,1,0,0,,
concept,hybrid,long_rvos,bda2f20019,1,2,2,0,1,0,0,,
concept,hybrid,long_rvos,bda2f20019,2,2,2,0,1,0,0,,
concept,hybrid,long_rvos,bda2f20019,3,2,2,0,1,0,0,,
concept,hybrid,long_rvos,bda2f20019,4,2,2,0,1,0,0,,
concept,hybrid,long_rvos,bed1347f23,1,1,1,0,1,0,0,,
concept,hybrid,long_rvos,bed1347f23,2,1,1,0,1,0,0,,
concept,hybrid,long_rvos,c4638cc87e,1,2,2,0,1,0,0,,
concept,hybrid,long_rvos,c4638cc87e,2,2,2,0,1,0,0,,
concept,hybrid,long_rvos,c4638cc87e,3,2,2,0,1,0,0,,
concept,hybrid,long_rvos,c5c9b749d4,1,2,2,0,1,0,0,,
concept,hybrid,long_rvos,c5c9b749d4,2,2,2,0,1,0,0,,
concept,hybrid,long_rvos,c6bb21356b,1,1,1,0,1,0,0,,
concept,hybrid,long_rvos,c6bb21356b,2,1,1,0,1,0,0,,
concept,hybrid,long_rvos,c6bb21356b,3,1,1,0,1,0,0,,
concept,hybrid,long_rvos,c733601fcd,1,1,1,0,1,0,0,,
concept,hybrid,long_rvos,c733601fcd,2,1,1,0,1,0,0,,
concept,hybrid,long_rvos,c73c2a03a0,1,1,1,0,1,0,0,,
concept,hybrid,long_rvos,c73c2a03a0,2,1,1,0,1,0,0,,
concept,hybrid,long_rvos,cc132d2e39,1,3,3,0,1,0,0,,
concept,hybrid,long_rvos,cc132d2e39,2,3,3,0,1,0,0,,
concept,hybrid,long_rvos,cfaeae5706,1,1,1,0,1,0,0,,
concept,hybrid,long_rvos,cfaeae5706,2,1,1,0,1,0,0,,
concept,hybrid,long_rvos,cfaeae5706,4,1,1,0,1,0,0,,
concept,hybrid,long_rvos,d33c8343bc,1,1,1,0,1,0,0,,
concept,hybrid,long_rvos,d33c8343bc,2,1,1,0,1,0,0,,
concept,hybrid,long_rvos,d33c8343bc,3,1,1,0,1,0,0,,
concept,hybrid,long_rvos,d33c8343bc,4,1,1,0,1,0,0,,
concept,hybrid,long_rvos,dca31590b8,1,2,2,0,1,0,0,,
concept,hybrid,long_rvos,dca31590b8,2,2,2,0,1,0,0,,
concept,hybrid,long_rvos,ddc213ba3f,1,1,1,0,1,0,0,,
concept,hybrid,long_rvos,ddc213ba3f,2,1,1,0,1,0,0,,
concept,hybrid,long_rvos,ddc213ba3f,3,1,1,0,1,0,0,,
concept,hybrid,long_rvos,ddc213ba3f,4,1,1,0,1,0,0,,
concept,hybrid,long_rvos,ddc213ba3f,5,1,1,0,1,0,0,,
concept,hybrid,long_rvos,ddc213ba3f,6,1,1,0,1,0,0,,
concept,hybrid,long_rvos,ddc213ba3f,7,1,1,0,1,0,0,,
concept,hybrid,long_rvos,ddc213ba3f,8,1,1,0,1,0,0,,
concept,hybrid,long_rvos,ddc213ba3f,9,1,1,0,1,0,0,,
concept,hybrid,long_rvos,de36065b5f,1,2,2,0,1,0,0,,
concept,hybrid,long_rvos,de36065b5f,2,2,2,0,1,0,0,,
concept,hybrid,long_rvos,de36065b5f,3,2,2,0,1,0,0,,
concept,hybrid,long_rvos,e29fbdf03c,1,2,2,0,1,0,0,,
concept,hybrid,long_rvos,e29fbdf03c,2,2,2,0,1,0,0,,
concept,hybrid,long_rvos,e29fbdf03c,3,2,2,0,1,0,0,,
concept,hybrid,long_rvos,e6f1a061ea,1,2,2,0,1,0,0,,
concept,hybrid,long_rvos,e6f1a061ea,3,2,2,0,1,0,0,,
concept,hybrid,long_rvos,e6f1a061ea,4,2,2,0,1,0,0,,
concept,hybrid,long_rvos,e6f1a061ea,6,2,2,0,1,0,0,,
concept,hybrid,long_rvos,e6f1a061ea,8,2,2,0,1,0,0,,
concept,hybrid,long_rvos,e9b78ad8e7,1,1,1,0,1,0,0,,
concept,hybrid,long_rvos,e9b78ad8e7,2,1,1,0,1,0,0,,
concept,hybrid,long_rvos,ea6cfcc7cb,1,1,1,0,1,0,0,,
concept,hybrid,long_rvos,ea6cfcc7cb,2,1,1,0,1,0,0,,
concept,hybrid,long_rvos,ea6cfcc7cb,3,1,1,0,1,0,0,,
concept,hybrid,long_rvos,f3864705c4,1,2,2,0,1,0,0,,
concept,hybrid,long_rvos,f3864705c4,2,1,1,0,1,0,0,,
concept,hybrid,long_rvos,f3864705c4,3,1,1,0,1,0,0,,
concept,hybrid,long_rvos,f3fdaa2e8b,1,2,2,0,1,0,0,,
concept,hybrid,long_rvos,f3fdaa2e8b,2,2,1,1,0,1,0,10,long_rvos/f3fdaa2e8b/2/10/concept
concept,hybrid,long_rvos,f6f82de62a,1,1,1,0,1,0,0,,
concept,hybrid,long_rvos,f6f82de62a,2,1,1,0,1,0,0,,
concept,hybrid,long_rvos,f771c97b16,1,1,1,0,1,0,0,,
concept,hybrid,long_rvos,f771c97b16,2,1,1,0,1,0,0,,
concept,hybrid,long_rvos,f771c97b16,3,1,1,0,1,0,0,,
concept,hybrid,long_rvos,f771c97b16,4,2,2,0,1,0,0,,
concept,hybrid,long_rvos,f771c97b16,5,2,2,0,1,0,0,,
concept,hybrid,long_rvos,f771c97b16,6,1,1,0,1,0,0,,
concept,hybrid,long_rvos,f771c97b16,7,1,1,0,1,0,0,,
concept,hybrid,long_rvos,fb8caa28e4,1,1,1,0,1,0,0,,
concept,hybrid,long_rvos,fb8caa28e4,2,1,1,0,1,0,0,,
concept,hybrid,long_rvos,fb8caa28e4,3,1,1,0,1,0,0,,
concept,hybrid,long_rvos,fb8caa28e4,4,1,1,0,1,0,0,,
concept,hybrid,long_rvos,fb8caa28e4,5,1,1,0,1,0,0,,
concept,hybrid,long_rvos,fb8caa28e4,6,1,1,0,1,0,0,,
concept,hybrid,long_rvos,fb8caa28e4,7,1,1,0,1,0,0,,
concept,hybrid,long_rvos,fb8caa28e4,9,1,1,0,1,0,0,,
concept,static,long_rvos,0102096b4c,1,2,2,0,1,0,0,,
concept,static,long_rvos,0102096b4c,2,2,2,0,1,0,0,,
concept,static,long_rvos,0310d3743b,1,2,2,0,1,0,0,,
concept,static,long_rvos,0310d3743b,2,2,2,0,1,0,0,,
concept,static,long_rvos,0310d3743b,3,1,1,0,1,0,0,,
concept,static,long_rvos,046ee6aa1a,1,1,1,0,1,0,0,,
concept,static,long_rvos,046ee6aa1a,2,1,1,0,1,0,0,,
concept,static,long_rvos,0560401ea3,1,2,2,0,1,0,0,,
concept,static,long_rvos,0560401ea3,2,2,2,0,1,0,0,,
concept,static,long_rvos,092ba1d6df,1,2,2,0,1,0,0,,
concept,static,long_rvos,092ba1d6df,2,2,2,0,1,0,0,,
concept,static,long_rvos,0d0ebe00cc,1,2,2,0,1,0,0,,
concept,static,long_rvos,0d0ebe00cc,2,2,2,0,1,0,0,,
concept,static,long_rvos,0d0ebe00cc,3,2,2,0,1,0,0,,
concept,static,long_rvos,1088228079,1,1,1,0,1,0,0,,
concept,static,long_rvos,1088228079,2,1,1,0,1,0,0,,
concept,static,long_rvos,1088228079,3,1,1,0,1,0,0,,
concept,static,long_rvos,1088228079,4,1,1,0,1,0,0,,
concept,static,long_rvos,119777f4c0,1,2,2,0,1,0,0,,
concept,static,long_rvos,119777f4c0,2,2,2,0,1,0,0,,
concept,static,long_rvos,119777f4c0,3,2,2,0,1,0,0,,
concept,static,long_rvos,18b160d3a7,1,2,2,0,1,0,0,,
concept,static,long_rvos,18b160d3a7,2,1,1,0,1,0,0,,
concept,static,long_rvos,18b160d3a7,3,2,2,0,1,0,0,,
concept,static,long_rvos,18b160d3a7,4,1,1,0,1,0,0,,
concept,static,long_rvos,1a5dead3e3,1,1,1,0,1,0,0,,
concept,static,long_rvos,1a5dead3e3,2,1,1,0,1,0,0,,
concept,static,long_rvos,20eaede0fb,1,2,2,0,1,0,0,,
concept,static,long_rvos,20eaede0fb,2,1,1,0,1,0,0,,
concept,static,long_rvos,2179ba2ef3,1,1,1,0,1,0,0,,
concept,static,long_rvos,22680d3b50,1,2,2,0,1,0,0,,
concept,static,long_rvos,22680d3b50,4,2,2,0,1,0,0,,
concept,static,long_rvos,235ff86d37,1,1,1,0,1,0,0,,
concept,static,long_rvos,235ff86d37,2,1,1,0,1,0,0,,
concept,static,long_rvos,235ff86d37,3,1,1,0,1,0,0,,
concept,static,long_rvos,235ff86d37,4,1,1,0,1,0,0,,
concept,static,long_rvos,24b7b95ca4,1,2,2,0,1,0,0,,
concept,static,long_rvos,24b7b95ca4,2,2,2,0,1,0,0,,
concept,static,long_rvos,24b7b95ca4,3,2,2,0,1,0,0,,
concept,static,long_rvos,24b7b95ca4,4,1,1,0,1,0,0,,
concept,static,long_rvos,24b7b95ca4,5,2,2,0,1,0,0,,
concept,static,long_rvos,2683deffcb,1,1,1,0,1,0,0,,
concept,static,long_rvos,2683deffcb,2,1,1,0,1,0,0,,
concept,static,long_rvos,28ff632792,1,1,1,0,1,0,0,,
concept,static,long_rvos,28ff632792,2,1,1,0,1,0,0,,
concept,static,long_rvos,28ff632792,5,1,1,0,1,0,0,,
concept,static,long_rvos,2980a00b04,1,2,2,0,1,0,0,,
concept,static,long_rvos,2980a00b04,2,2,2,0,1,0,0,,
concept,static,long_rvos,2980a00b04,3,2,2,0,1,0,0,,
concept,static,long_rvos,2a87bea97e,1,2,2,0,1,0,0,,
concept,static,long_rvos,2a87bea97e,2,2,2,0,1,0,0,,
concept,static,long_rvos,2a87bea97e,3,2,2,0,1,0,0,,
concept,static,long_rvos,2abb12f2f7,1,1,1,0,1,0,0,,
concept,static,long_rvos,2abb12f2f7,2,1,1,0,1,0,0,,
concept,static,long_rvos,2c4cbde1aa,1,2,2,0,1,0,0,,
concept,static,long_rvos,2c4cbde1aa,2,2,2,0,1,0,0,,
concept,static,long_rvos,2cfdc294c5,1,2,2,0,1,0,0,,
concept,static,long_rvos,2cfdc294c5,2,2,2,0,1,0,0,,
concept,static,long_rvos,30c20fb4c1,1,2,2,0,1,0,0,,
concept,static,long_rvos,30c20fb4c1,2,2,2,0,1,0,0,,
concept,static,long_rvos,30c20fb4c1,3,2,2,0,1,0,0,,
concept,static,long_rvos,30f4d962f9,1,1,1,0,1,0,0,,
concept,static,long_rvos,30f4d962f9,2,1,1,0,1,0,0,,
concept,static,long_rvos,31a352c169,1,2,2,0,1,0,0,,
concept,static,long_rvos,31a352c169,2,2,2,0,1,0,0,,
concept,static,long_rvos,31a352c169,3,2,2,0,1,0,0,,
concept,static,long_rvos,3584fff834,1,2,2,0,1,0,0,,
concept,static,long_rvos,3584fff834,2,2,2,0,1,0,0,,
concept,static,long_rvos,3584fff834,3,1,1,0,1,0,0,,
concept,static,long_rvos,3584fff834,4,2,2,0,1,0,0,,
concept,static,long_rvos,39db436191,2,1,1,0,1,0,0,,
concept,static,long_rvos,39db436191,3,1,1,0,1,0,0,,
concept,static,long_rvos,39db436191,4,1,1,0,1,0,0,,
concept,static,long_rvos,3c1a33d13b,1,2,2,0,1,0,0,,
concept,static,long_rvos,3c1a33d13b,2,2,2,0,1,0,0,,
concept,static,long_rvos,3f4b67edff,1,2,2,0,1,0,0,,
concept,static,long_rvos,3f4b67edff,2,2,2,0,1,0,0,,
concept,static,long_rvos,3f4b67edff,3,2,2,0,1,0,0,,
concept,static,long_rvos,40d66b2614,1,2,2,0,1,0,0,,
concept,static,long_rvos,40d66b2614,2,2,2,0,1,0,0,,
concept,static,long_rvos,41c5109249,1,1,1,0,1,0,0,,
concept,static,long_rvos,41c5109249,2,1,1,0,1,0,0,,
concept,static,long_rvos,41c5109249,3,1,1,0,1,0,0,,
concept,static,long_rvos,4ec9dcf90d,1,1,1,0,1,0,0,,
concept,static,long_rvos,4ec9dcf90d,2,1,1,0,1,0,0,,
concept,static,long_rvos,5c0c9c0098,1,2,2,0,1,0,0,,
concept,static,long_rvos,5c0c9c0098,2,2,2,0,1,0,0,,
concept,static,long_rvos,5c0c9c0098,3,1,1,0,1,0,0,,
concept,static,long_rvos,5d262b025c,1,1,1,0,1,0,0,,
concept,static,long_rvos,5d262b025c,10,1,1,0,1,0,0,,
concept,static,long_rvos,5d262b025c,2,1,1,0,1,0,0,,
concept,static,long_rvos,5d262b025c,3,1,1,0,1,0,0,,
concept,static,long_rvos,5d262b025c,4,1,1,0,1,0,0,,
concept,static,long_rvos,5d262b025c,5,1,1,0,1,0,0,,
concept,static,long_rvos,5d262b025c,6,1,1,0,1,0,0,,
concept,static,long_rvos,5d262b025c,7,1,1,0,1,0,0,,
concept,static,long_rvos,5d262b025c,8,1,1,0,1,0,0,,
concept,static,long_rvos,5d262b025c,9,1,1,0,1,0,0,,
concept,static,long_rvos,5d2c735adb,1,1,1,0,1,0,0,,
concept,static,long_rvos,5d2c735adb,2,1,1,0,1,0,0,,
concept,static,long_rvos,5d2c735adb,3,1,1,0,1,0,0,,
concept,static,long_rvos,5d2c735adb,4,1,1,0,1,0,0,,
concept,static,long_rvos,60737ed642,1,1,1,0,1,0,0,,
concept,static,long_rvos,60737ed642,2,1,1,0,1,0,0,,
concept,static,long_rvos,60737ed642,3,1,1,0,1,0,0,,
concept,static,long_rvos,68170c3f7a,1,2,2,0,1,0,0,,
concept,static,long_rvos,68170c3f7a,2,2,2,0,1,0,0,,
concept,static,long_rvos,6a1db02e31,1,2,2,0,1,0,0,,
concept,static,long_rvos,6a1db02e31,2,2,2,0,1,0,0,,
concept,static,long_rvos,6bf32cc0d5,1,2,2,0,1,0,0,,
concept,static,long_rvos,6bf32cc0d5,2,2,2,0,1,0,0,,
concept,static,long_rvos,6bf32cc0d5,3,2,2,0,1,0,0,,
concept,static,long_rvos,6d76f5cbc2,1,2,2,0,1,0,0,,
concept,static,long_rvos,6d76f5cbc2,2,2,2,0,1,0,0,,
concept,static,long_rvos,6db18ab93a,1,2,2,0,1,0,0,,
concept,static,long_rvos,6db18ab93a,2,2,2,0,1,0,0,,
concept,static,long_rvos,6fb7a04167,10,2,2,0,1,0,0,,
concept,static,long_rvos,6fb7a04167,12,2,2,0,1,0,0,,
concept,static,long_rvos,6fb7a04167,13,2,2,0,1,0,0,,
concept,static,long_rvos,6fb7a04167,14,2,2,0,1,0,0,,
concept,static,long_rvos,6fb7a04167,15,2,2,0,1,0,0,,
concept,static,long_rvos,6fb7a04167,16,2,2,0,1,0,0,,
concept,static,long_rvos,7bdbd4f32f,1,2,2,0,1,0,0,,
concept,static,long_rvos,7bdbd4f32f,2,2,2,0,1,0,0,,
concept,static,long_rvos,7bdbd4f32f,3,2,2,0,1,0,0,,
concept,static,long_rvos,7caa203c75,1,1,1,0,1,0,0,,
concept,static,long_rvos,7caa203c75,2,1,1,0,1,0,0,,
concept,static,long_rvos,8086f00d3d,1,2,2,0,1,0,0,,
concept,static,long_rvos,8086f00d3d,2,2,2,0,1,0,0,,
concept,static,long_rvos,8093ebd9a3,1,2,2,0,1,0,0,,
concept,static,long_rvos,8093ebd9a3,2,2,2,0,1,0,0,,
concept,static,long_rvos,8093ebd9a3,3,1,1,0,1,0,0,,
concept,static,long_rvos,8290c48fcb,1,1,1,0,1,0,0,,
concept,static,long_rvos,8290c48fcb,2,1,1,0,1,0,0,,
concept,static,long_rvos,8290c48fcb,3,1,1,0,1,0,0,,
concept,static,long_rvos,8290c48fcb,4,1,1,0,1,0,0,,
concept,static,long_rvos,8290c48fcb,5,1,1,0,1,0,0,,
concept,static,long_rvos,8290c48fcb,6,1,1,0,1,0,0,,
concept,static,long_rvos,8290c48fcb,7,1,1,0,1,0,0,,
concept,static,long_rvos,8290c48fcb,8,1,1,0,1,0,0,,
concept,static,long_rvos,8290c48fcb,9,1,1,0,1,0,0,,
concept,static,long_rvos,84dc481247,1,2,2,0,1,0,0,,
concept,static,long_rvos,84dc481247,2,2,2,0,1,0,0,,
concept,static,long_rvos,84dc481247,3,2,2,0,1,0,0,,
concept,static,long_rvos,882e8c62d3,1,1,1,0,1,0,0,,
concept,static,long_rvos,882e8c62d3,2,1,1,0,1,0,0,,
concept,static,long_rvos,882e8c62d3,7,1,1,0,1,0,0,,
concept,static,long_rvos,8847e5550e,1,1,1,0,1,0,0,,
concept,static,long_rvos,8847e5550e,2,1,1,0,1,0,0,,
concept,static,long_rvos,8b0e20e373,1,1,1,0,1,0,0,,
concept,static,long_rvos,8b0e20e373,2,1,1,0,1,0,0,,
concept,static,long_rvos,939b6aed6d,1,2,2,0,1,0,0,,
concept,static,long_rvos,939b6aed6d,2,2,2,0,1,0,0,,
concept,static,long_rvos,939b6aed6d,3,2,1,1,0,1,0,8,long_rvos/939b6aed6d/3/8/concept
concept,static,long_rvos,939b6aed6d,4,2,2,0,1,0,0,,
concept,static,long_rvos,939b6aed6d,5,2,2,0,1,0,0,,
concept,static,long_rvos,939b6aed6d,6,2,2,0,1,0,0,,
concept,static,long_rvos,939b6aed6d,7,2,2,0,1,0,0,,
concept,static,long_rvos,976257d833,1,2,2,0,1,0,0,,
concept,static,long_rvos,976257d833,2,2,2,0,1,0,0,,
concept,static,long_rvos,989204d6f2,1,2,2,0,1,0,0,,
concept,static,long_rvos,989204d6f2,2,2,2,0,1,0,0,,
concept,static,long_rvos,99cc4e6bcd,1,1,1,0,1,0,0,,
concept,static,long_rvos,99cc4e6bcd,2,1,1,0,1,0,0,,
concept,static,long_rvos,99cc4e6bcd,3,2,2,0,1,0,0,,
concept,static,long_rvos,9bc92f09e0,1,2,2,0,1,0,0,,
concept,static,long_rvos,9bc92f09e0,2,2,2,0,1,0,0,,
concept,static,long_rvos,9c1297ecd3,1,2,2,0,1,0,0,,
concept,static,long_rvos,9c1297ecd3,2,2,2,0,1,0,0,,
concept,static,long_rvos,a287c27dad,1,1,1,0,1,0,0,,
concept,static,long_rvos,a3f2b5d434,1,3,3,0,1,0,0,,
concept,static,long_rvos,a3f2b5d434,2,3,3,0,1,0,0,,
concept,static,long_rvos,a500f0e77c,1,1,1,0,1,0,0,,
concept,static,long_rvos,a595411232,1,2,2,0,1,0,0,,
concept,static,long_rvos,a595411232,2,2,2,0,1,0,0,,
concept,static,long_rvos,a595411232,3,2,2,0,1,0,0,,
concept,static,long_rvos,a595411232,4,2,2,0,1,0,0,,
concept,static,long_rvos,a8b6fd5e4d,1,2,2,0,1,0,0,,
concept,static,long_rvos,a8b6fd5e4d,2,2,2,0,1,0,0,,
concept,static,long_rvos,af3ad95fe0,1,1,1,0,1,0,0,,
concept,static,long_rvos,af3ad95fe0,2,1,1,0,1,0,0,,
concept,static,long_rvos,af3ad95fe0,3,1,1,0,1,0,0,,
concept,static,long_rvos,af3ad95fe0,4,1,1,0,1,0,0,,
concept,static,long_rvos,af3ad95fe0,5,1,1,0,1,0,0,,
concept,static,long_rvos,af3ad95fe0,6,1,1,0,1,0,0,,
concept,static,long_rvos,af7297f0db,1,1,1,0,1,0,0,,
concept,static,long_rvos,af7297f0db,2,1,1,0,1,0,0,,
concept,static,long_rvos,af7297f0db,3,1,1,0,1,0,0,,
concept,static,long_rvos,b231a02b87,1,1,1,0,1,0,0,,
concept,static,long_rvos,b231a02b87,2,1,1,0,1,0,0,,
concept,static,long_rvos,b231a02b87,3,1,1,0,1,0,0,,
concept,static,long_rvos,b4a5ada352,1,2,2,0,1,0,0,,
concept,static,long_rvos,b4a5ada352,2,2,2,0,1,0,0,,
concept,static,long_rvos,b5c9c04bf9,2,1,1,0,1,0,0,,
concept,static,long_rvos,b5c9c04bf9,5,1,1,0,1,0,0,,
concept,static,long_rvos,b5c9c04bf9,6,1,1,0,1,0,0,,
concept,static,long_rvos,bd4aefda10,1,2,2,0,1,0,0,,
concept,static,long_rvos,bd4aefda10,2,2,2,0,1,0,0,,
concept,static,long_rvos,bda2f20019,1,2,2,0,1,0,0,,
concept,static,long_rvos,bda2f20019,2,2,2,0,1,0,0,,
concept,static,long_rvos,bda2f20019,3,2,2,0,1,0,0,,
concept,static,long_rvos,bda2f20019,4,2,2,0,1,0,0,,
concept,static,long_rvos,bed1347f23,1,2,2,0,1,0,0,,
concept,static,long_rvos,bed1347f23,2,2,2,0,1,0,0,,
concept,static,long_rvos,c4638cc87e,1,2,2,0,1,0,0,,
concept,static,long_rvos,c4638cc87e,2,2,2,0,1,0,0,,
concept,static,long_rvos,c4638cc87e,3,2,2,0,1,0,0,,
concept,static,long_rvos,c5c9b749d4,1,2,2,0,1,0,0,,
concept,static,long_rvos,c5c9b749d4,2,2,2,0,1,0,0,,
concept,static,long_rvos,c6bb21356b,1,1,1,0,1,0,0,,
concept,static,long_rvos,c6bb21356b,2,1,1,0,1,0,0,,
concept,static,long_rvos,c6bb21356b,3,1,1,0,1,0,0,,
concept,static,long_rvos,c733601fcd,1,1,1,0,1,0,0,,
concept,static,long_rvos,c733601fcd,2,1,1,0,1,0,0,,
concept,static,long_rvos,c73c2a03a0,1,1,1,0,1,0,0,,
concept,static,long_rvos,c73c2a03a0,2,1,1,0,1,0,0,,
concept,static,long_rvos,cc132d2e39,1,3,3,0,1,0,0,,
concept,static,long_rvos,cc132d2e39,2,3,3,0,1,0,0,,
concept,static,long_rvos,cfaeae5706,1,1,1,0,1,0,0,,
concept,static,long_rvos,cfaeae5706,2,1,1,0,1,0,0,,
concept,static,long_rvos,cfaeae5706,4,1,1,0,1,0,0,,
concept,static,long_rvos,d33c8343bc,1,1,1,0,1,0,0,,
concept,static,long_rvos,d33c8343bc,2,1,1,0,1,0,0,,
concept,static,long_rvos,d33c8343bc,3,1,1,0,1,0,0,,
concept,static,long_rvos,d33c8343bc,4,1,1,0,1,0,0,,
concept,static,long_rvos,dca31590b8,1,2,2,0,1,0,0,,
concept,static,long_rvos,dca31590b8,2,2,2,0,1,0,0,,
concept,static,long_rvos,ddc213ba3f,1,1,1,0,1,0,0,,
concept,static,long_rvos,ddc213ba3f,2,1,1,0,1,0,0,,
concept,static,long_rvos,ddc213ba3f,3,1,1,0,1,0,0,,
concept,static,long_rvos,ddc213ba3f,4,1,1,0,1,0,0,,
concept,static,long_rvos,ddc213ba3f,5,1,1,0,1,0,0,,
concept,static,long_rvos,ddc213ba3f,6,1,1,0,1,0,0,,
concept,static,long_rvos,ddc213ba3f,7,1,1,0,1,0,0,,
concept,static,long_rvos,ddc213ba3f,8,1,1,0,1,0,0,,
concept,static,long_rvos,ddc213ba3f,9,1,1,0,1,0,0,,
concept,static,long_rvos,de36065b5f,1,2,2,0,1,0,0,,
concept,static,long_rvos,de36065b5f,2,2,2,0,1,0,0,,
concept,static,long_rvos,de36065b5f,3,2,2,0,1,0,0,,
concept,static,long_rvos,e29fbdf03c,1,2,2,0,1,0,0,,
concept,static,long_rvos,e29fbdf03c,2,2,2,0,1,0,0,,
concept,static,long_rvos,e29fbdf03c,3,2,2,0,1,0,0,,
concept,static,long_rvos,e6f1a061ea,1,2,2,0,1,0,0,,
concept,static,long_rvos,e6f1a061ea,3,2,2,0,1,0,0,,
concept,static,long_rvos,e6f1a061ea,4,2,2,0,1,0,0,,
concept,static,long_rvos,e6f1a061ea,6,2,2,0,1,0,0,,
concept,static,long_rvos,e6f1a061ea,8,2,2,0,1,0,0,,
concept,static,long_rvos,e9b78ad8e7,1,1,1,0,1,0,0,,
concept,static,long_rvos,e9b78ad8e7,2,1,1,0,1,0,0,,
concept,static,long_rvos,ea6cfcc7cb,1,2,2,0,1,0,0,,
concept,static,long_rvos,ea6cfcc7cb,2,2,2,0,1,0,0,,
concept,static,long_rvos,ea6cfcc7cb,3,2,2,0,1,0,0,,
concept,static,long_rvos,f3864705c4,1,2,2,0,1,0,0,,
concept,static,long_rvos,f3864705c4,2,2,2,0,1,0,0,,
concept,static,long_rvos,f3864705c4,3,2,2,0,1,0,0,,
concept,static,long_rvos,f3fdaa2e8b,1,2,2,0,1,0,0,,
concept,static,long_rvos,f3fdaa2e8b,2,2,2,0,1,0,0,,
concept,static,long_rvos,f6f82de62a,1,1,1,0,1,0,0,,
concept,static,long_rvos,f6f82de62a,2,1,1,0,1,0,0,,
concept,static,long_rvos,f771c97b16,1,2,2,0,1,0,0,,
concept,static,long_rvos,f771c97b16,2,2,2,0,1,0,0,,
concept,static,long_rvos,f771c97b16,3,2,2,0,1,0,0,,
concept,static,long_rvos,f771c97b16,4,2,2,0,1,0,0,,
concept,static,long_rvos,f771c97b16,5,2,2,0,1,0,0,,
concept,static,long_rvos,f771c97b16,6,2,2,0,1,0,0,,
concept,static,long_rvos,f771c97b16,7,2,2,0,1,0,0,,
concept,static,long_rvos,fb8caa28e4,1,1,1,0,1,0,0,,
concept,static,long_rvos,fb8caa28e4,2,1,1,0,1,0,0,,
concept,static,long_rvos,fb8caa28e4,3,1,1,0,1,0,0,,
concept,static,long_rvos,fb8caa28e4,4,1,1,0,1,0,0,,
concept,static,long_rvos,fb8caa28e4,5,1,1,0,1,0,0,,
concept,static,long_rvos,fb8caa28e4,6,1,1,0,1,0,0,,
concept,static,long_rvos,fb8caa28e4,7,1,1,0,1,0,0,,
concept,static,long_rvos,fb8caa28e4,9,1,1,0,1,0,0,,
qwen_concept,dynamic,long_rvos,0102096b4c,1,1,1,0,1,0,0,,
qwen_concept,dynamic,long_rvos,0102096b4c,2,2,2,0,1,0,0,,
qwen_concept,dynamic,long_rvos,0310d3743b,1,2,2,0,1,0,0,,
qwen_concept,dynamic,long_rvos,0310d3743b,2,2,2,0,1,0,0,,
qwen_concept,dynamic,long_rvos,0310d3743b,3,2,2,0,1,0,0,,
qwen_concept,dynamic,long_rvos,046ee6aa1a,1,2,2,0,1,0,0,,
qwen_concept,dynamic,long_rvos,046ee6aa1a,2,2,2,0,1,0,0,,
qwen_concept,dynamic,long_rvos,0560401ea3,1,2,2,0,1,0,0,,
qwen_concept,dynamic,long_rvos,0560401ea3,2,2,2,0,1,0,0,,
qwen_concept,dynamic,long_rvos,092ba1d6df,1,2,2,0,1,0,0,,
qwen_concept,dynamic,long_rvos,092ba1d6df,2,1,1,0,1,0,0,,
qwen_concept,dynamic,long_rvos,0d0ebe00cc,1,2,2,0,1,0,0,,
qwen_concept,dynamic,long_rvos,0d0ebe00cc,2,2,2,0,1,0,0,,
qwen_concept,dynamic,long_rvos,0d0ebe00cc,3,2,2,0,1,0,0,,
qwen_concept,dynamic,long_rvos,1088228079,1,1,1,0,1,0,0,,
qwen_concept,dynamic,long_rvos,1088228079,2,1,1,0,1,0,0,,
qwen_concept,dynamic,long_rvos,1088228079,3,1,1,0,1,0,0,,
qwen_concept,dynamic,long_rvos,1088228079,4,1,1,0,1,0,0,,
qwen_concept,dynamic,long_rvos,119777f4c0,1,2,2,0,1,0,0,,
qwen_concept,dynamic,long_rvos,119777f4c0,2,2,2,0,1,0,0,,
qwen_concept,dynamic,long_rvos,119777f4c0,3,2,2,0,1,0,0,,
qwen_concept,dynamic,long_rvos,18b160d3a7,1,2,2,0,1,0,0,,
qwen_concept,dynamic,long_rvos,18b160d3a7,2,1,1,0,1,0,0,,
qwen_concept,dynamic,long_rvos,18b160d3a7,3,2,2,0,1,0,0,,
qwen_concept,dynamic,long_rvos,18b160d3a7,4,1,1,0,1,0,0,,
qwen_concept,dynamic,long_rvos,1a5dead3e3,1,1,1,0,1,0,0,,
qwen_concept,dynamic,long_rvos,1a5dead3e3,2,1,1,0,1,0,0,,
qwen_concept,dynamic,long_rvos,20eaede0fb,1,2,2,0,1,0,0,,
qwen_concept,dynamic,long_rvos,20eaede0fb,2,1,1,0,1,0,0,,
qwen_concept,dynamic,long_rvos,2179ba2ef3,1,1,1,0,1,0,0,,
qwen_concept,dynamic,long_rvos,22680d3b50,1,1,1,0,1,0,0,,
qwen_concept,dynamic,long_rvos,22680d3b50,4,2,2,0,1,0,0,,
qwen_concept,dynamic,long_rvos,235ff86d37,1,1,1,0,1,0,0,,
qwen_concept,dynamic,long_rvos,235ff86d37,2,1,1,0,1,0,0,,
qwen_concept,dynamic,long_rvos,235ff86d37,3,1,1,0,1,0,0,,
qwen_concept,dynamic,long_rvos,235ff86d37,4,1,1,0,1,0,0,,
qwen_concept,dynamic,long_rvos,24b7b95ca4,1,2,2,0,1,0,0,,
qwen_concept,dynamic,long_rvos,24b7b95ca4,2,2,2,0,1,0,0,,
qwen_concept,dynamic,long_rvos,24b7b95ca4,3,2,2,0,1,0,0,,
qwen_concept,dynamic,long_rvos,24b7b95ca4,4,1,1,0,1,0,0,,
qwen_concept,dynamic,long_rvos,24b7b95ca4,5,2,2,0,1,0,0,,
qwen_concept,dynamic,long_rvos,2683deffcb,1,1,1,0,1,0,0,,
qwen_concept,dynamic,long_rvos,2683deffcb,2,1,1,0,1,0,0,,
qwen_concept,dynamic,long_rvos,28ff632792,1,2,2,0,1,0,0,,
qwen_concept,dynamic,long_rvos,28ff632792,2,2,2,0,1,0,0,,
qwen_concept,dynamic,long_rvos,28ff632792,5,2,2,0,1,0,0,,
qwen_concept,dynamic,long_rvos,2980a00b04,1,2,2,0,1,0,0,,
qwen_concept,dynamic,long_rvos,2980a00b04,2,1,1,0,1,0,0,,
qwen_concept,dynamic,long_rvos,2980a00b04,3,2,2,0,1,0,0,,
qwen_concept,dynamic,long_rvos,2a87bea97e,1,2,2,0,1,0,0,,
qwen_concept,dynamic,long_rvos,2a87bea97e,2,2,2,0,1,0,0,,
qwen_concept,dynamic,long_rvos,2a87bea97e,3,2,2,0,1,0,0,,
qwen_concept,dynamic,long_rvos,2abb12f2f7,1,1,1,0,1,0,0,,
qwen_concept,dynamic,long_rvos,2abb12f2f7,2,1,1,0,1,0,0,,
qwen_concept,dynamic,long_rvos,2c4cbde1aa,1,2,2,0,1,0,0,,
qwen_concept,dynamic,long_rvos,2c4cbde1aa,2,1,1,0,1,0,0,,
qwen_concept,dynamic,long_rvos,2cfdc294c5,1,3,3,0,1,0,0,,
qwen_concept,dynamic,long_rvos,2cfdc294c5,2,3,3,0,1,0,0,,
qwen_concept,dynamic,long_rvos,30c20fb4c1,1,2,2,0,1,0,0,,
qwen_concept,dynamic,long_rvos,30c20fb4c1,2,2,2,0,1,0,0,,
qwen_concept,dynamic,long_rvos,30c20fb4c1,3,2,2,0,1,0,0,,
qwen_concept,dynamic,long_rvos,30f4d962f9,1,1,1,0,1,0,0,,
qwen_concept,dynamic,long_rvos,30f4d962f9,2,1,1,0,1,0,0,,
qwen_concept,dynamic,long_rvos,31a352c169,1,2,2,0,1,0,0,,
qwen_concept,dynamic,long_rvos,31a352c169,2,1,1,0,1,0,0,,
qwen_concept,dynamic,long_rvos,31a352c169,3,1,1,0,1,0,0,,
qwen_concept,dynamic,long_rvos,3584fff834,1,2,2,0,1,0,0,,
qwen_concept,dynamic,long_rvos,3584fff834,2,1,1,0,1,0,0,,
qwen_concept,dynamic,long_rvos,3584fff834,3,1,1,0,1,0,0,,
qwen_concept,dynamic,long_rvos,3584fff834,4,2,2,0,1,0,0,,
qwen_concept,dynamic,long_rvos,39db436191,2,1,1,0,1,0,0,,
qwen_concept,dynamic,long_rvos,39db436191,3,1,1,0,1,0,0,,
qwen_concept,dynamic,long_rvos,39db436191,4,1,1,0,1,0,0,,
qwen_concept,dynamic,long_rvos,3c1a33d13b,1,2,2,0,1,0,0,,
qwen_concept,dynamic,long_rvos,3c1a33d13b,2,2,2,0,1,0,0,,
qwen_concept,dynamic,long_rvos,3f4b67edff,1,2,2,0,1,0,0,,
qwen_concept,dynamic,long_rvos,3f4b67edff,2,2,2,0,1,0,0,,
qwen_concept,dynamic,long_rvos,3f4b67edff,3,2,2,0,1,0,0,,
qwen_concept,dynamic,long_rvos,40d66b2614,1,3,3,0,1,0,0,,
qwen_concept,dynamic,long_rvos,40d66b2614,2,2,2,0,1,0,0,,
qwen_concept,dynamic,long_rvos,41c5109249,1,1,1,0,1,0,0,,
qwen_concept,dynamic,long_rvos,41c5109249,2,1,1,0,1,0,0,,
qwen_concept,dynamic,long_rvos,41c5109249,3,1,1,0,1,0,0,,
qwen_concept,dynamic,long_rvos,4ec9dcf90d,1,1,1,0,1,0,0,,
qwen_concept,dynamic,long_rvos,4ec9dcf90d,2,1,1,0,1,0,0,,
qwen_concept,dynamic,long_rvos,5c0c9c0098,1,2,2,0,1,0,0,,
qwen_concept,dynamic,long_rvos,5c0c9c0098,2,2,2,0,1,0,0,,
qwen_concept,dynamic,long_rvos,5c0c9c0098,3,1,1,0,1,0,0,,
qwen_concept,dynamic,long_rvos,5d262b025c,1,1,1,0,1,0,0,,
qwen_concept,dynamic,long_rvos,5d262b025c,10,1,1,0,1,0,0,,
qwen_concept,dynamic,long_rvos,5d262b025c,2,1,1,0,1,0,0,,
qwen_concept,dynamic,long_rvos,5d262b025c,3,1,1,0,1,0,0,,
qwen_concept,dynamic,long_rvos,5d262b025c,4,1,1,0,1,0,0,,
qwen_concept,dynamic,long_rvos,5d262b025c,5,1,1,0,1,0,0,,
qwen_concept,dynamic,long_rvos,5d262b025c,6,1,1,0,1,0,0,,
qwen_concept,dynamic,long_rvos,5d262b025c,7,1,1,0,1,0,0,,
qwen_concept,dynamic,long_rvos,5d262b025c,8,1,1,0,1,0,0,,
qwen_concept,dynamic,long_rvos,5d262b025c,9,1,1,0,1,0,0,,
qwen_concept,dynamic,long_rvos,5d2c735adb,1,1,1,0,1,0,0,,
qwen_concept,dynamic,long_rvos,5d2c735adb,2,1,1,0,1,0,0,,
qwen_concept,dynamic,long_rvos,5d2c735adb,3,1,1,0,1,0,0,,
qwen_concept,dynamic,long_rvos,5d2c735adb,4,1,1,0,1,0,0,,
qwen_concept,dynamic,long_rvos,60737ed642,1,1,1,0,1,0,0,,
qwen_concept,dynamic,long_rvos,60737ed642,2,1,1,0,1,0,0,,
qwen_concept,dynamic,long_rvos,60737ed642,3,1,1,0,1,0,0,,
qwen_concept,dynamic,long_rvos,68170c3f7a,1,2,2,0,1,0,0,,
qwen_concept,dynamic,long_rvos,68170c3f7a,2,2,2,0,1,0,0,,
qwen_concept,dynamic,long_rvos,6a1db02e31,1,2,2,0,1,0,0,,
qwen_concept,dynamic,long_rvos,6a1db02e31,2,2,2,0,1,0,0,,
qwen_concept,dynamic,long_rvos,6bf32cc0d5,1,2,2,0,1,0,0,,
qwen_concept,dynamic,long_rvos,6bf32cc0d5,2,1,1,0,1,0,0,,
qwen_concept,dynamic,long_rvos,6bf32cc0d5,3,1,1,0,1,0,0,,
qwen_concept,dynamic,long_rvos,6d76f5cbc2,1,2,2,0,1,0,0,,
qwen_concept,dynamic,long_rvos,6d76f5cbc2,2,2,2,0,1,0,0,,
qwen_concept,dynamic,long_rvos,6db18ab93a,1,2,2,0,1,0,0,,
qwen_concept,dynamic,long_rvos,6db18ab93a,2,2,2,0,1,0,0,,
qwen_concept,dynamic,long_rvos,6fb7a04167,10,2,2,0,1,0,0,,
qwen_concept,dynamic,long_rvos,6fb7a04167,12,2,2,0,1,0,0,,
qwen_concept,dynamic,long_rvos,6fb7a04167,13,2,2,0,1,0,0,,
qwen_concept,dynamic,long_rvos,6fb7a04167,14,2,2,0,1,0,0,,
qwen_concept,dynamic,long_rvos,6fb7a04167,15,2,2,0,1,0,0,,
qwen_concept,dynamic,long_rvos,6fb7a04167,16,2,2,0,1,0,0,,
qwen_concept,dynamic,long_rvos,7bdbd4f32f,1,2,2,0,1,0,0,,
qwen_concept,dynamic,long_rvos,7bdbd4f32f,2,2,2,0,1,0,0,,
qwen_concept,dynamic,long_rvos,7bdbd4f32f,3,2,2,0,1,0,0,,
qwen_concept,dynamic,long_rvos,7caa203c75,1,1,1,0,1,0,0,,
qwen_concept,dynamic,long_rvos,7caa203c75,2,1,1,0,1,0,0,,
qwen_concept,dynamic,long_rvos,8086f00d3d,1,2,2,0,1,0,0,,
qwen_concept,dynamic,long_rvos,8086f00d3d,2,2,2,0,1,0,0,,
qwen_concept,dynamic,long_rvos,8093ebd9a3,1,2,2,0,1,0,0,,
qwen_concept,dynamic,long_rvos,8093ebd9a3,2,2,2,0,1,0,0,,
qwen_concept,dynamic,long_rvos,8093ebd9a3,3,1,1,0,1,0,0,,
qwen_concept,dynamic,long_rvos,8290c48fcb,1,1,1,0,1,0,0,,
qwen_concept,dynamic,long_rvos,8290c48fcb,2,1,1,0,1,0,0,,
qwen_concept,dynamic,long_rvos,8290c48fcb,3,1,1,0,1,0,0,,
qwen_concept,dynamic,long_rvos,8290c48fcb,4,1,1,0,1,0,0,,
qwen_concept,dynamic,long_rvos,8290c48fcb,5,1,1,0,1,0,0,,
qwen_concept,dynamic,long_rvos,8290c48fcb,6,1,1,0,1,0,0,,
qwen_concept,dynamic,long_rvos,8290c48fcb,7,1,1,0,1,0,0,,
qwen_concept,dynamic,long_rvos,8290c48fcb,8,1,1,0,1,0,0,,
qwen_concept,dynamic,long_rvos,8290c48fcb,9,1,1,0,1,0,0,,
qwen_concept,dynamic,long_rvos,84dc481247,1,2,2,0,1,0,0,,
qwen_concept,dynamic,long_rvos,84dc481247,2,2,2,0,1,0,0,,
qwen_concept,dynamic,long_rvos,84dc481247,3,1,1,0,1,0,0,,
qwen_concept,dynamic,long_rvos,882e8c62d3,1,1,1,0,1,0,0,,
qwen_concept,dynamic,long_rvos,882e8c62d3,2,1,1,0,1,0,0,,
qwen_concept,dynamic,long_rvos,882e8c62d3,7,1,1,0,1,0,0,,
qwen_concept,dynamic,long_rvos,8847e5550e,1,1,1,0,1,0,0,,
qwen_concept,dynamic,long_rvos,8847e5550e,2,1,1,0,1,0,0,,
qwen_concept,dynamic,long_rvos,8b0e20e373,1,1,1,0,1,0,0,,
qwen_concept,dynamic,long_rvos,8b0e20e373,2,1,1,0,1,0,0,,
qwen_concept,dynamic,long_rvos,939b6aed6d,1,2,2,0,1,0,0,,
qwen_concept,dynamic,long_rvos,939b6aed6d,2,2,1,1,0,1,0,5,long_rvos/939b6aed6d/2/5/qwen_concept
qwen_concept,dynamic,long_rvos,939b6aed6d,3,2,1,1,0,1,0,9,long_rvos/939b6aed6d/3/9/qwen_concept
qwen_concept,dynamic,long_rvos,939b6aed6d,4,2,2,0,1,0,0,,
qwen_concept,dynamic,long_rvos,939b6aed6d,5,2,2,0,1,0,0,,
qwen_concept,dynamic,long_rvos,939b6aed6d,6,2,2,0,1,0,0,,
qwen_concept,dynamic,long_rvos,939b6aed6d,7,1,1,0,1,0,0,,
qwen_concept,dynamic,long_rvos,976257d833,1,2,2,0,1,0,0,,
qwen_concept,dynamic,long_rvos,976257d833,2,2,2,0,1,0,0,,
qwen_concept,dynamic,long_rvos,989204d6f2,1,2,2,0,1,0,0,,
qwen_concept,dynamic,long_rvos,989204d6f2,2,2,2,0,1,0,0,,
qwen_concept,dynamic,long_rvos,99cc4e6bcd,1,1,1,0,1,0,0,,
qwen_concept,dynamic,long_rvos,99cc4e6bcd,2,1,1,0,1,0,0,,
qwen_concept,dynamic,long_rvos,99cc4e6bcd,3,2,2,0,1,0,0,,
qwen_concept,dynamic,long_rvos,9bc92f09e0,1,2,2,0,1,0,0,,
qwen_concept,dynamic,long_rvos,9bc92f09e0,2,2,2,0,1,0,0,,
qwen_concept,dynamic,long_rvos,9c1297ecd3,1,2,2,0,1,0,0,,
qwen_concept,dynamic,long_rvos,9c1297ecd3,2,2,2,0,1,0,0,,
qwen_concept,dynamic,long_rvos,a287c27dad,1,1,1,0,1,0,0,,
qwen_concept,dynamic,long_rvos,a3f2b5d434,1,3,3,0,1,0,0,,
qwen_concept,dynamic,long_rvos,a3f2b5d434,2,3,3,0,1,0,0,,
qwen_concept,dynamic,long_rvos,a500f0e77c,1,1,1,0,1,0,0,,
qwen_concept,dynamic,long_rvos,a595411232,1,2,2,0,1,0,0,,
qwen_concept,dynamic,long_rvos,a595411232,2,2,2,0,1,0,0,,
qwen_concept,dynamic,long_rvos,a595411232,3,2,2,0,1,0,0,,
qwen_concept,dynamic,long_rvos,a595411232,4,2,2,0,1,0,0,,
qwen_concept,dynamic,long_rvos,a8b6fd5e4d,1,2,2,0,1,0,0,,
qwen_concept,dynamic,long_rvos,a8b6fd5e4d,2,2,2,0,1,0,0,,
qwen_concept,dynamic,long_rvos,af3ad95fe0,1,1,1,0,1,0,0,,
qwen_concept,dynamic,long_rvos,af3ad95fe0,2,1,1,0,1,0,0,,
qwen_concept,dynamic,long_rvos,af3ad95fe0,3,1,1,0,1,0,0,,
qwen_concept,dynamic,long_rvos,af3ad95fe0,4,1,1,0,1,0,0,,
qwen_concept,dynamic,long_rvos,af3ad95fe0,5,1,1,0,1,0,0,,
qwen_concept,dynamic,long_rvos,af3ad95fe0,6,1,1,0,1,0,0,,
qwen_concept,dynamic,long_rvos,af7297f0db,1,1,1,0,1,0,0,,
qwen_concept,dynamic,long_rvos,af7297f0db,2,1,1,0,1,0,0,,
qwen_concept,dynamic,long_rvos,af7297f0db,3,1,1,0,1,0,0,,
qwen_concept,dynamic,long_rvos,b231a02b87,1,2,2,0,1,0,0,,
qwen_concept,dynamic,long_rvos,b231a02b87,2,2,2,0,1,0,0,,
qwen_concept,dynamic,long_rvos,b231a02b87,3,1,1,0,1,0,0,,
qwen_concept,dynamic,long_rvos,b4a5ada352,1,2,2,0,1,0,0,,
qwen_concept,dynamic,long_rvos,b4a5ada352,2,1,1,0,1,0,0,,
qwen_concept,dynamic,long_rvos,b5c9c04bf9,2,1,1,0,1,0,0,,
qwen_concept,dynamic,long_rvos,b5c9c04bf9,5,1,1,0,1,0,0,,
qwen_concept,dynamic,long_rvos,b5c9c04bf9,6,1,1,0,1,0,0,,
qwen_concept,dynamic,long_rvos,bd4aefda10,1,2,2,0,1,0,0,,
qwen_concept,dynamic,long_rvos,bd4aefda10,2,2,2,0,1,0,0,,
qwen_concept,dynamic,long_rvos,bda2f20019,1,2,2,0,1,0,0,,
qwen_concept,dynamic,long_rvos,bda2f20019,2,2,2,0,1,0,0,,
qwen_concept,dynamic,long_rvos,bda2f20019,3,2,2,0,1,0,0,,
qwen_concept,dynamic,long_rvos,bda2f20019,4,2,2,0,1,0,0,,
qwen_concept,dynamic,long_rvos,bed1347f23,1,2,2,0,1,0,0,,
qwen_concept,dynamic,long_rvos,bed1347f23,2,1,1,0,1,0,0,,
qwen_concept,dynamic,long_rvos,c4638cc87e,1,2,2,0,1,0,0,,
qwen_concept,dynamic,long_rvos,c4638cc87e,2,2,2,0,1,0,0,,
qwen_concept,dynamic,long_rvos,c4638cc87e,3,2,2,0,1,0,0,,
qwen_concept,dynamic,long_rvos,c5c9b749d4,1,2,2,0,1,0,0,,
qwen_concept,dynamic,long_rvos,c5c9b749d4,2,2,2,0,1,0,0,,
qwen_concept,dynamic,long_rvos,c6bb21356b,1,1,1,0,1,0,0,,
qwen_concept,dynamic,long_rvos,c6bb21356b,2,1,1,0,1,0,0,,
qwen_concept,dynamic,long_rvos,c6bb21356b,3,1,1,0,1,0,0,,
qwen_concept,dynamic,long_rvos,c733601fcd,1,1,1,0,1,0,0,,
qwen_concept,dynamic,long_rvos,c733601fcd,2,1,1,0,1,0,0,,
qwen_concept,dynamic,long_rvos,c73c2a03a0,1,1,1,0,1,0,0,,
qwen_concept,dynamic,long_rvos,c73c2a03a0,2,1,1,0,1,0,0,,
qwen_concept,dynamic,long_rvos,cc132d2e39,1,3,3,0,1,0,0,,
qwen_concept,dynamic,long_rvos,cc132d2e39,2,3,3,0,1,0,0,,
qwen_concept,dynamic,long_rvos,cfaeae5706,1,1,1,0,1,0,0,,
qwen_concept,dynamic,long_rvos,cfaeae5706,2,1,1,0,1,0,0,,
qwen_concept,dynamic,long_rvos,cfaeae5706,4,1,1,0,1,0,0,,
qwen_concept,dynamic,long_rvos,d33c8343bc,1,1,1,0,1,0,0,,
qwen_concept,dynamic,long_rvos,d33c8343bc,2,1,1,0,1,0,0,,
qwen_concept,dynamic,long_rvos,d33c8343bc,3,1,1,0,1,0,0,,
qwen_concept,dynamic,long_rvos,d33c8343bc,4,1,1,0,1,0,0,,
qwen_concept,dynamic,long_rvos,dca31590b8,1,3,3,0,1,0,0,,
qwen_concept,dynamic,long_rvos,dca31590b8,2,1,1,0,1,0,0,,
qwen_concept,dynamic,long_rvos,ddc213ba3f,1,1,1,0,1,0,0,,
qwen_concept,dynamic,long_rvos,ddc213ba3f,2,1,1,0,1,0,0,,
qwen_concept,dynamic,long_rvos,ddc213ba3f,3,1,1,0,1,0,0,,
qwen_concept,dynamic,long_rvos,ddc213ba3f,4,1,1,0,1,0,0,,
qwen_concept,dynamic,long_rvos,ddc213ba3f,5,1,1,0,1,0,0,,
qwen_concept,dynamic,long_rvos,ddc213ba3f,6,1,1,0,1,0,0,,
qwen_concept,dynamic,long_rvos,ddc213ba3f,7,1,1,0,1,0,0,,
qwen_concept,dynamic,long_rvos,ddc213ba3f,8,1,1,0,1,0,0,,
qwen_concept,dynamic,long_rvos,ddc213ba3f,9,1,1,0,1,0,0,,
qwen_concept,dynamic,long_rvos,de36065b5f,1,2,2,0,1,0,0,,
qwen_concept,dynamic,long_rvos,de36065b5f,2,2,2,0,1,0,0,,
qwen_concept,dynamic,long_rvos,de36065b5f,3,2,2,0,1,0,0,,
qwen_concept,dynamic,long_rvos,e29fbdf03c,1,2,2,0,1,0,0,,
qwen_concept,dynamic,long_rvos,e29fbdf03c,2,2,2,0,1,0,0,,
qwen_concept,dynamic,long_rvos,e29fbdf03c,3,2,2,0,1,0,0,,
qwen_concept,dynamic,long_rvos,e6f1a061ea,1,2,2,0,1,0,0,,
qwen_concept,dynamic,long_rvos,e6f1a061ea,3,2,2,0,1,0,0,,
qwen_concept,dynamic,long_rvos,e6f1a061ea,4,2,2,0,1,0,0,,
qwen_concept,dynamic,long_rvos,e6f1a061ea,6,2,2,0,1,0,0,,
qwen_concept,dynamic,long_rvos,e6f1a061ea,8,2,2,0,1,0,0,,
qwen_concept,dynamic,long_rvos,e9b78ad8e7,1,1,1,0,1,0,0,,
qwen_concept,dynamic,long_rvos,e9b78ad8e7,2,1,1,0,1,0,0,,
qwen_concept,dynamic,long_rvos,ea6cfcc7cb,1,3,3,0,1,0,0,,
qwen_concept,dynamic,long_rvos,ea6cfcc7cb,2,2,2,0,1,0,0,,
qwen_concept,dynamic,long_rvos,ea6cfcc7cb,3,1,1,0,1,0,0,,
qwen_concept,dynamic,long_rvos,f3864705c4,1,2,2,0,1,0,0,,
qwen_concept,dynamic,long_rvos,f3864705c4,2,1,1,0,1,0,0,,
qwen_concept,dynamic,long_rvos,f3864705c4,3,1,1,0,1,0,0,,
qwen_concept,dynamic,long_rvos,f3fdaa2e8b,1,2,2,0,1,0,0,,
qwen_concept,dynamic,long_rvos,f3fdaa2e8b,2,2,2,0,1,0,0,,
qwen_concept,dynamic,long_rvos,f6f82de62a,1,1,1,0,1,0,0,,
qwen_concept,dynamic,long_rvos,f6f82de62a,2,1,1,0,1,0,0,,
qwen_concept,dynamic,long_rvos,f771c97b16,1,2,2,0,1,0,0,,
qwen_concept,dynamic,long_rvos,f771c97b16,2,2,2,0,1,0,0,,
qwen_concept,dynamic,long_rvos,f771c97b16,3,2,2,0,1,0,0,,
qwen_concept,dynamic,long_rvos,f771c97b16,4,1,1,0,1,0,0,,
qwen_concept,dynamic,long_rvos,f771c97b16,5,1,1,0,1,0,0,,
qwen_concept,dynamic,long_rvos,f771c97b16,6,2,2,0,1,0,0,,
qwen_concept,dynamic,long_rvos,f771c97b16,7,2,2,0,1,0,0,,
qwen_concept,dynamic,long_rvos,fb8caa28e4,1,1,1,0,1,0,0,,
qwen_concept,dynamic,long_rvos,fb8caa28e4,2,1,1,0,1,0,0,,
qwen_concept,dynamic,long_rvos,fb8caa28e4,3,1,1,0,1,0,0,,
qwen_concept,dynamic,long_rvos,fb8caa28e4,4,1,1,0,1,0,0,,
qwen_concept,dynamic,long_rvos,fb8caa28e4,5,1,1,0,1,0,0,,
qwen_concept,dynamic,long_rvos,fb8caa28e4,6,1,1,0,1,0,0,,
qwen_concept,dynamic,long_rvos,fb8caa28e4,7,1,1,0,1,0,0,,
qwen_concept,dynamic,long_rvos,fb8caa28e4,9,1,1,0,1,0,0,,
qwen_concept,hybrid,long_rvos,0102096b4c,1,1,1,0,1,0,0,,
qwen_concept,hybrid,long_rvos,0102096b4c,2,2,2,0,1,0,0,,
qwen_concept,hybrid,long_rvos,0310d3743b,1,1,1,0,1,0,0,,
qwen_concept,hybrid,long_rvos,0310d3743b,2,1,1,0,1,0,0,,
qwen_concept,hybrid,long_rvos,0560401ea3,1,1,1,0,1,0,0,,
qwen_concept,hybrid,long_rvos,0560401ea3,2,1,1,0,1,0,0,,
qwen_concept,hybrid,long_rvos,092ba1d6df,1,2,2,0,1,0,0,,
qwen_concept,hybrid,long_rvos,092ba1d6df,2,1,1,0,1,0,0,,
qwen_concept,hybrid,long_rvos,0d0ebe00cc,1,2,2,0,1,0,0,,
qwen_concept,hybrid,long_rvos,0d0ebe00cc,2,2,2,0,1,0,0,,
qwen_concept,hybrid,long_rvos,0d0ebe00cc,3,2,2,0,1,0,0,,
qwen_concept,hybrid,long_rvos,1088228079,1,1,1,0,1,0,0,,
qwen_concept,hybrid,long_rvos,1088228079,2,1,1,0,1,0,0,,
qwen_concept,hybrid,long_rvos,1088228079,3,1,1,0,1,0,0,,
qwen_concept,hybrid,long_rvos,1088228079,4,1,1,0,1,0,0,,
qwen_concept,hybrid,long_rvos,119777f4c0,1,1,1,0,1,0,0,,
qwen_concept,hybrid,long_rvos,119777f4c0,2,1,1,0,1,0,0,,
qwen_concept,hybrid,long_rvos,119777f4c0,3,1,1,0,1,0,0,,
qwen_concept,hybrid,long_rvos,18b160d3a7,1,1,1,0,1,0,0,,
qwen_concept,hybrid,long_rvos,18b160d3a7,2,1,1,0,1,0,0,,
qwen_concept,hybrid,long_rvos,18b160d3a7,3,1,1,0,1,0,0,,
qwen_concept,hybrid,long_rvos,18b160d3a7,4,1,1,0,1,0,0,,
qwen_concept,hybrid,long_rvos,1a5dead3e3,1,1,1,0,1,0,0,,
qwen_concept,hybrid,long_rvos,1a5dead3e3,2,1,1,0,1,0,0,,
qwen_concept,hybrid,long_rvos,20eaede0fb,1,2,2,0,1,0,0,,
qwen_concept,hybrid,long_rvos,20eaede0fb,2,1,1,0,1,0,0,,
qwen_concept,hybrid,long_rvos,2179ba2ef3,1,1,1,0,1,0,0,,
qwen_concept,hybrid,long_rvos,22680d3b50,1,1,1,0,1,0,0,,
qwen_concept,hybrid,long_rvos,22680d3b50,4,2,2,0,1,0,0,,
qwen_concept,hybrid,long_rvos,235ff86d37,1,1,1,0,1,0,0,,
qwen_concept,hybrid,long_rvos,235ff86d37,2,1,1,0,1,0,0,,
qwen_concept,hybrid,long_rvos,235ff86d37,3,1,1,0,1,0,0,,
qwen_concept,hybrid,long_rvos,235ff86d37,4,1,1,0,1,0,0,,
qwen_concept,hybrid,long_rvos,24b7b95ca4,1,2,2,0,1,0,0,,
qwen_concept,hybrid,long_rvos,24b7b95ca4,2,1,1,0,1,0,0,,
qwen_concept,hybrid,long_rvos,24b7b95ca4,3,1,1,0,1,0,0,,
qwen_concept,hybrid,long_rvos,24b7b95ca4,4,1,1,0,1,0,0,,
qwen_concept,hybrid,long_rvos,24b7b95ca4,5,1,1,0,1,0,0,,
qwen_concept,hybrid,long_rvos,2683deffcb,1,1,1,0,1,0,0,,
qwen_concept,hybrid,long_rvos,2683deffcb,2,1,1,0,1,0,0,,
qwen_concept,hybrid,long_rvos,2980a00b04,1,2,2,0,1,0,0,,
qwen_concept,hybrid,long_rvos,2980a00b04,2,1,1,0,1,0,0,,
qwen_concept,hybrid,long_rvos,2980a00b04,3,1,1,0,1,0,0,,
qwen_concept,hybrid,long_rvos,2a87bea97e,1,2,2,0,1,0,0,,
qwen_concept,hybrid,long_rvos,2a87bea97e,2,2,2,0,1,0,0,,
qwen_concept,hybrid,long_rvos,2a87bea97e,3,1,1,0,1,0,0,,
qwen_concept,hybrid,long_rvos,2abb12f2f7,1,1,1,0,1,0,0,,
qwen_concept,hybrid,long_rvos,2abb12f2f7,2,1,1,0,1,0,0,,
qwen_concept,hybrid,long_rvos,2c4cbde1aa,1,1,1,0,1,0,0,,
qwen_concept,hybrid,long_rvos,2c4cbde1aa,2,1,1,0,1,0,0,,
qwen_concept,hybrid,long_rvos,30c20fb4c1,1,1,1,0,1,0,0,,
qwen_concept,hybrid,long_rvos,30c20fb4c1,2,1,1,0,1,0,0,,
qwen_concept,hybrid,long_rvos,30c20fb4c1,3,1,1,0,1,0,0,,
qwen_concept,hybrid,long_rvos,30f4d962f9,1,1,1,0,1,0,0,,
qwen_concept,hybrid,long_rvos,30f4d962f9,2,1,1,0,1,0,0,,
qwen_concept,hybrid,long_rvos,31a352c169,1,1,1,0,1,0,0,,
qwen_concept,hybrid,long_rvos,31a352c169,2,1,1,0,1,0,0,,
qwen_concept,hybrid,long_rvos,31a352c169,3,1,1,0,1,0,0,,
qwen_concept,hybrid,long_rvos,3584fff834,1,2,2,0,1,0,0,,
qwen_concept,hybrid,long_rvos,3584fff834,2,1,1,0,1,0,0,,
qwen_concept,hybrid,long_rvos,3584fff834,3,1,1,0,1,0,0,,
qwen_concept,hybrid,long_rvos,3584fff834,4,2,2,0,1,0,0,,
qwen_concept,hybrid,long_rvos,39db436191,2,1,1,0,1,0,0,,
qwen_concept,hybrid,long_rvos,39db436191,3,1,1,0,1,0,0,,
qwen_concept,hybrid,long_rvos,39db436191,4,1,1,0,1,0,0,,
qwen_concept,hybrid,long_rvos,3c1a33d13b,1,2,2,0,1,0,0,,
qwen_concept,hybrid,long_rvos,3c1a33d13b,2,2,2,0,1,0,0,,
qwen_concept,hybrid,long_rvos,3f4b67edff,1,2,2,0,1,0,0,,
qwen_concept,hybrid,long_rvos,3f4b67edff,2,2,2,0,1,0,0,,
qwen_concept,hybrid,long_rvos,3f4b67edff,3,2,2,0,1,0,0,,
qwen_concept,hybrid,long_rvos,40d66b2614,1,2,2,0,1,0,0,,
qwen_concept,hybrid,long_rvos,40d66b2614,2,2,2,0,1,0,0,,
qwen_concept,hybrid,long_rvos,41c5109249,1,1,1,0,1,0,0,,
qwen_concept,hybrid,long_rvos,41c5109249,2,1,1,0,1,0,0,,
qwen_concept,hybrid,long_rvos,41c5109249,3,1,1,0,1,0,0,,
qwen_concept,hybrid,long_rvos,4ec9dcf90d,1,1,1,0,1,0,0,,
qwen_concept,hybrid,long_rvos,4ec9dcf90d,2,1,1,0,1,0,0,,
qwen_concept,hybrid,long_rvos,5c0c9c0098,1,1,1,0,1,0,0,,
qwen_concept,hybrid,long_rvos,5c0c9c0098,2,1,1,0,1,0,0,,
qwen_concept,hybrid,long_rvos,5c0c9c0098,3,1,1,0,1,0,0,,
qwen_concept,hybrid,long_rvos,5d262b025c,1,1,1,0,1,0,0,,
qwen_concept,hybrid,long_rvos,5d262b025c,10,1,1,0,1,0,0,,
qwen_concept,hybrid,long_rvos,5d262b025c,2,1,1,0,1,0,0,,
qwen_concept,hybrid,long_rvos,5d262b025c,3,1,1,0,1,0,0,,
qwen_concept,hybrid,long_rvos,5d262b025c,4,1,1,0,1,0,0,,
qwen_concept,hybrid,long_rvos,5d262b025c,5,1,1,0,1,0,0,,
qwen_concept,hybrid,long_rvos,5d262b025c,6,1,1,0,1,0,0,,
qwen_concept,hybrid,long_rvos,5d262b025c,7,1,1,0,1,0,0,,
qwen_concept,hybrid,long_rvos,5d262b025c,8,1,1,0,1,0,0,,
qwen_concept,hybrid,long_rvos,5d262b025c,9,1,1,0,1,0,0,,
qwen_concept,hybrid,long_rvos,5d2c735adb,1,1,1,0,1,0,0,,
qwen_concept,hybrid,long_rvos,5d2c735adb,2,1,1,0,1,0,0,,
qwen_concept,hybrid,long_rvos,5d2c735adb,3,1,1,0,1,0,0,,
qwen_concept,hybrid,long_rvos,5d2c735adb,4,1,1,0,1,0,0,,
qwen_concept,hybrid,long_rvos,60737ed642,1,1,1,0,1,0,0,,
qwen_concept,hybrid,long_rvos,60737ed642,2,1,1,0,1,0,0,,
qwen_concept,hybrid,long_rvos,60737ed642,3,1,1,0,1,0,0,,
qwen_concept,hybrid,long_rvos,68170c3f7a,1,1,1,0,1,0,0,,
qwen_concept,hybrid,long_rvos,68170c3f7a,2,1,1,0,1,0,0,,
qwen_concept,hybrid,long_rvos,6a1db02e31,1,2,2,0,1,0,0,,
qwen_concept,hybrid,long_rvos,6a1db02e31,2,2,2,0,1,0,0,,
qwen_concept,hybrid,long_rvos,6bf32cc0d5,1,2,2,0,1,0,0,,
qwen_concept,hybrid,long_rvos,6bf32cc0d5,2,1,1,0,1,0,0,,
qwen_concept,hybrid,long_rvos,6bf32cc0d5,3,1,1,0,1,0,0,,
qwen_concept,hybrid,long_rvos,6d76f5cbc2,1,2,2,0,1,0,0,,
qwen_concept,hybrid,long_rvos,6d76f5cbc2,2,2,2,0,1,0,0,,
qwen_concept,hybrid,long_rvos,6db18ab93a,1,2,2,0,1,0,0,,
qwen_concept,hybrid,long_rvos,6db18ab93a,2,2,2,0,1,0,0,,
qwen_concept,hybrid,long_rvos,6fb7a04167,10,1,1,0,1,0,0,,
qwen_concept,hybrid,long_rvos,6fb7a04167,12,1,0,1,0,0,1,25,long_rvos/6fb7a04167/12/25/qwen_concept
qwen_concept,hybrid,long_rvos,6fb7a04167,13,1,1,0,1,0,0,,
qwen_concept,hybrid,long_rvos,6fb7a04167,14,1,1,0,1,0,0,,
qwen_concept,hybrid,long_rvos,6fb7a04167,15,1,0,1,0,0,1,28,long_rvos/6fb7a04167/15/28/qwen_concept
qwen_concept,hybrid,long_rvos,6fb7a04167,16,1,1,0,1,0,0,,
qwen_concept,hybrid,long_rvos,7bdbd4f32f,1,2,2,0,1,0,0,,
qwen_concept,hybrid,long_rvos,7bdbd4f32f,2,2,2,0,1,0,0,,
qwen_concept,hybrid,long_rvos,7bdbd4f32f,3,2,2,0,1,0,0,,
qwen_concept,hybrid,long_rvos,7caa203c75,1,1,1,0,1,0,0,,
qwen_concept,hybrid,long_rvos,7caa203c75,2,1,1,0,1,0,0,,
qwen_concept,hybrid,long_rvos,8086f00d3d,1,2,2,0,1,0,0,,
qwen_concept,hybrid,long_rvos,8086f00d3d,2,2,2,0,1,0,0,,
qwen_concept,hybrid,long_rvos,8093ebd9a3,1,2,2,0,1,0,0,,
qwen_concept,hybrid,long_rvos,8093ebd9a3,2,2,2,0,1,0,0,,
qwen_concept,hybrid,long_rvos,8093ebd9a3,3,1,1,0,1,0,0,,
qwen_concept,hybrid,long_rvos,8290c48fcb,1,1,1,0,1,0,0,,
qwen_concept,hybrid,long_rvos,8290c48fcb,2,1,1,0,1,0,0,,
qwen_concept,hybrid,long_rvos,8290c48fcb,3,1,1,0,1,0,0,,
qwen_concept,hybrid,long_rvos,8290c48fcb,4,1,1,0,1,0,0,,
qwen_concept,hybrid,long_rvos,8290c48fcb,5,1,1,0,1,0,0,,
qwen_concept,hybrid,long_rvos,8290c48fcb,6,1,1,0,1,0,0,,
qwen_concept,hybrid,long_rvos,8290c48fcb,8,1,1,0,1,0,0,,
qwen_concept,hybrid,long_rvos,8290c48fcb,9,1,1,0,1,0,0,,
qwen_concept,hybrid,long_rvos,84dc481247,1,2,2,0,1,0,0,,
qwen_concept,hybrid,long_rvos,84dc481247,2,2,2,0,1,0,0,,
qwen_concept,hybrid,long_rvos,84dc481247,3,1,1,0,1,0,0,,
qwen_concept,hybrid,long_rvos,882e8c62d3,1,1,1,0,1,0,0,,
qwen_concept,hybrid,long_rvos,882e8c62d3,2,1,1,0,1,0,0,,
qwen_concept,hybrid,long_rvos,882e8c62d3,7,1,1,0,1,0,0,,
qwen_concept,hybrid,long_rvos,8847e5550e,1,1,1,0,1,0,0,,
qwen_concept,hybrid,long_rvos,8847e5550e,2,1,1,0,1,0,0,,
qwen_concept,hybrid,long_rvos,8b0e20e373,1,2,2,0,1,0,0,,
qwen_concept,hybrid,long_rvos,8b0e20e373,2,1,1,0,1,0,0,,
qwen_concept,hybrid,long_rvos,939b6aed6d,1,1,1,0,1,0,0,,
qwen_concept,hybrid,long_rvos,939b6aed6d,2,1,1,0,1,0,0,,
qwen_concept,hybrid,long_rvos,939b6aed6d,3,1,1,0,1,0,0,,
qwen_concept,hybrid,long_rvos,939b6aed6d,4,1,1,0,1,0,0,,
qwen_concept,hybrid,long_rvos,939b6aed6d,5,1,1,0,1,0,0,,
qwen_concept,hybrid,long_rvos,939b6aed6d,6,1,1,0,1,0,0,,
qwen_concept,hybrid,long_rvos,939b6aed6d,7,1,1,0,1,0,0,,
qwen_concept,hybrid,long_rvos,976257d833,1,2,2,0,1,0,0,,
qwen_concept,hybrid,long_rvos,976257d833,2,2,2,0,1,0,0,,
qwen_concept,hybrid,long_rvos,989204d6f2,1,1,1,0,1,0,0,,
qwen_concept,hybrid,long_rvos,989204d6f2,2,1,1,0,1,0,0,,
qwen_concept,hybrid,long_rvos,99cc4e6bcd,1,1,1,0,1,0,0,,
qwen_concept,hybrid,long_rvos,99cc4e6bcd,2,1,1,0,1,0,0,,
qwen_concept,hybrid,long_rvos,99cc4e6bcd,3,2,2,0,1,0,0,,
qwen_concept,hybrid,long_rvos,9bc92f09e0,1,1,1,0,1,0,0,,
qwen_concept,hybrid,long_rvos,9bc92f09e0,2,1,1,0,1,0,0,,
qwen_concept,hybrid,long_rvos,9c1297ecd3,1,2,2,0,1,0,0,,
qwen_concept,hybrid,long_rvos,9c1297ecd3,2,2,2,0,1,0,0,,
qwen_concept,hybrid,long_rvos,a287c27dad,1,1,1,0,1,0,0,,
qwen_concept,hybrid,long_rvos,a3f2b5d434,1,3,3,0,1,0,0,,
qwen_concept,hybrid,long_rvos,a3f2b5d434,2,3,3,0,1,0,0,,
qwen_concept,hybrid,long_rvos,a500f0e77c,1,1,1,0,1,0,0,,
qwen_concept,hybrid,long_rvos,a595411232,1,2,2,0,1,0,0,,
qwen_concept,hybrid,long_rvos,a595411232,2,2,2,0,1,0,0,,
qwen_concept,hybrid,long_rvos,a595411232,3,2,2,0,1,0,0,,
qwen_concept,hybrid,long_rvos,a595411232,4,2,2,0,1,0,0,,
qwen_concept,hybrid,long_rvos,a8b6fd5e4d,1,2,2,0,1,0,0,,
qwen_concept,hybrid,long_rvos,a8b6fd5e4d,2,2,2,0,1,0,0,,
qwen_concept,hybrid,long_rvos,af3ad95fe0,1,1,1,0,1,0,0,,
qwen_concept,hybrid,long_rvos,af3ad95fe0,2,1,1,0,1,0,0,,
qwen_concept,hybrid,long_rvos,af3ad95fe0,3,1,1,0,1,0,0,,
qwen_concept,hybrid,long_rvos,af3ad95fe0,4,1,1,0,1,0,0,,
qwen_concept,hybrid,long_rvos,af3ad95fe0,5,1,1,0,1,0,0,,
qwen_concept,hybrid,long_rvos,af3ad95fe0,6,1,1,0,1,0,0,,
qwen_concept,hybrid,long_rvos,af7297f0db,1,1,1,0,1,0,0,,
qwen_concept,hybrid,long_rvos,af7297f0db,2,1,1,0,1,0,0,,
qwen_concept,hybrid,long_rvos,af7297f0db,3,1,1,0,1,0,0,,
qwen_concept,hybrid,long_rvos,b231a02b87,3,1,1,0,1,0,0,,
qwen_concept,hybrid,long_rvos,b4a5ada352,1,1,1,0,1,0,0,,
qwen_concept,hybrid,long_rvos,b4a5ada352,2,1,1,0,1,0,0,,
qwen_concept,hybrid,long_rvos,b5c9c04bf9,2,1,1,0,1,0,0,,
qwen_concept,hybrid,long_rvos,b5c9c04bf9,5,1,1,0,1,0,0,,
qwen_concept,hybrid,long_rvos,b5c9c04bf9,6,1,1,0,1,0,0,,
qwen_concept,hybrid,long_rvos,bd4aefda10,1,1,1,0,1,0,0,,
qwen_concept,hybrid,long_rvos,bd4aefda10,2,1,1,0,1,0,0,,
qwen_concept,hybrid,long_rvos,bda2f20019,1,2,2,0,1,0,0,,
qwen_concept,hybrid,long_rvos,bda2f20019,2,2,2,0,1,0,0,,
qwen_concept,hybrid,long_rvos,bda2f20019,3,2,2,0,1,0,0,,
qwen_concept,hybrid,long_rvos,bda2f20019,4,2,2,0,1,0,0,,
qwen_concept,hybrid,long_rvos,bed1347f23,1,1,1,0,1,0,0,,
qwen_concept,hybrid,long_rvos,bed1347f23,2,1,1,0,1,0,0,,
qwen_concept,hybrid,long_rvos,c4638cc87e,1,2,2,0,1,0,0,,
qwen_concept,hybrid,long_rvos,c4638cc87e,2,2,2,0,1,0,0,,
qwen_concept,hybrid,long_rvos,c4638cc87e,3,2,2,0,1,0,0,,
qwen_concept,hybrid,long_rvos,c5c9b749d4,1,2,2,0,1,0,0,,
qwen_concept,hybrid,long_rvos,c5c9b749d4,2,2,2,0,1,0,0,,
qwen_concept,hybrid,long_rvos,c6bb21356b,1,1,1,0,1,0,0,,
qwen_concept,hybrid,long_rvos,c6bb21356b,2,1,1,0,1,0,0,,
qwen_concept,hybrid,long_rvos,c6bb21356b,3,1,1,0,1,0,0,,
qwen_concept,hybrid,long_rvos,c733601fcd,1,1,1,0,1,0,0,,
qwen_concept,hybrid,long_rvos,c733601fcd,2,1,1,0,1,0,0,,
qwen_concept,hybrid,long_rvos,c73c2a03a0,1,1,1,0,1,0,0,,
qwen_concept,hybrid,long_rvos,c73c2a03a0,2,1,1,0,1,0,0,,
qwen_concept,hybrid,long_rvos,cc132d2e39,1,3,3,0,1,0,0,,
qwen_concept,hybrid,long_rvos,cc132d2e39,2,3,3,0,1,0,0,,
qwen_concept,hybrid,long_rvos,cfaeae5706,1,1,1,0,1,0,0,,
qwen_concept,hybrid,long_rvos,cfaeae5706,2,1,1,0,1,0,0,,
qwen_concept,hybrid,long_rvos,cfaeae5706,4,1,1,0,1,0,0,,
qwen_concept,hybrid,long_rvos,d33c8343bc,1,1,1,0,1,0,0,,
qwen_concept,hybrid,long_rvos,d33c8343bc,2,1,1,0,1,0,0,,
qwen_concept,hybrid,long_rvos,d33c8343bc,3,1,1,0,1,0,0,,
qwen_concept,hybrid,long_rvos,d33c8343bc,4,1,1,0,1,0,0,,
qwen_concept,hybrid,long_rvos,dca31590b8,1,2,2,0,1,0,0,,
qwen_concept,hybrid,long_rvos,dca31590b8,2,2,2,0,1,0,0,,
qwen_concept,hybrid,long_rvos,ddc213ba3f,1,1,1,0,1,0,0,,
qwen_concept,hybrid,long_rvos,ddc213ba3f,2,1,1,0,1,0,0,,
qwen_concept,hybrid,long_rvos,ddc213ba3f,3,1,1,0,1,0,0,,
qwen_concept,hybrid,long_rvos,ddc213ba3f,4,1,1,0,1,0,0,,
qwen_concept,hybrid,long_rvos,ddc213ba3f,5,1,1,0,1,0,0,,
qwen_concept,hybrid,long_rvos,ddc213ba3f,6,1,1,0,1,0,0,,
qwen_concept,hybrid,long_rvos,ddc213ba3f,7,1,1,0,1,0,0,,
qwen_concept,hybrid,long_rvos,ddc213ba3f,8,1,1,0,1,0,0,,
qwen_concept,hybrid,long_rvos,ddc213ba3f,9,1,1,0,1,0,0,,
qwen_concept,hybrid,long_rvos,de36065b5f,1,2,2,0,1,0,0,,
qwen_concept,hybrid,long_rvos,de36065b5f,2,2,2,0,1,0,0,,
qwen_concept,hybrid,long_rvos,de36065b5f,3,2,2,0,1,0,0,,
qwen_concept,hybrid,long_rvos,e29fbdf03c,1,2,2,0,1,0,0,,
qwen_concept,hybrid,long_rvos,e29fbdf03c,2,2,2,0,1,0,0,,
qwen_concept,hybrid,long_rvos,e29fbdf03c,3,2,1,1,0,1,0,17,long_rvos/e29fbdf03c/3/17/qwen_concept
qwen_concept,hybrid,long_rvos,e6f1a061ea,1,2,2,0,1,0,0,,
qwen_concept,hybrid,long_rvos,e6f1a061ea,3,2,2,0,1,0,0,,
qwen_concept,hybrid,long_rvos,e6f1a061ea,4,2,2,0,1,0,0,,
qwen_concept,hybrid,long_rvos,e6f1a061ea,6,2,2,0,1,0,0,,
qwen_concept,hybrid,long_rvos,e6f1a061ea,8,2,2,0,1,0,0,,
qwen_concept,hybrid,long_rvos,e9b78ad8e7,1,1,1,0,1,0,0,,
qwen_concept,hybrid,long_rvos,e9b78ad8e7,2,1,1,0,1,0,0,,
qwen_concept,hybrid,long_rvos,ea6cfcc7cb,1,1,1,0,1,0,0,,
qwen_concept,hybrid,long_rvos,ea6cfcc7cb,2,1,1,0,1,0,0,,
qwen_concept,hybrid,long_rvos,ea6cfcc7cb,3,1,1,0,1,0,0,,
qwen_concept,hybrid,long_rvos,f3864705c4,1,2,2,0,1,0,0,,
qwen_concept,hybrid,long_rvos,f3864705c4,2,1,1,0,1,0,0,,
qwen_concept,hybrid,long_rvos,f3864705c4,3,1,1,0,1,0,0,,
qwen_concept,hybrid,long_rvos,f3fdaa2e8b,1,2,2,0,1,0,0,,
qwen_concept,hybrid,long_rvos,f3fdaa2e8b,2,2,2,0,1,0,0,,
qwen_concept,hybrid,long_rvos,f6f82de62a,1,1,1,0,1,0,0,,
qwen_concept,hybrid,long_rvos,f6f82de62a,2,1,1,0,1,0,0,,
qwen_concept,hybrid,long_rvos,f771c97b16,1,1,1,0,1,0,0,,
qwen_concept,hybrid,long_rvos,f771c97b16,2,1,1,0,1,0,0,,
qwen_concept,hybrid,long_rvos,f771c97b16,3,1,1,0,1,0,0,,
qwen_concept,hybrid,long_rvos,f771c97b16,4,2,2,0,1,0,0,,
qwen_concept,hybrid,long_rvos,f771c97b16,5,2,2,0,1,0,0,,
qwen_concept,hybrid,long_rvos,f771c97b16,6,1,1,0,1,0,0,,
qwen_concept,hybrid,long_rvos,f771c97b16,7,1,1,0,1,0,0,,
qwen_concept,hybrid,long_rvos,fb8caa28e4,1,1,1,0,1,0,0,,
qwen_concept,hybrid,long_rvos,fb8caa28e4,2,1,1,0,1,0,0,,
qwen_concept,hybrid,long_rvos,fb8caa28e4,3,1,1,0,1,0,0,,
qwen_concept,hybrid,long_rvos,fb8caa28e4,4,1,1,0,1,0,0,,
qwen_concept,hybrid,long_rvos,fb8caa28e4,5,1,1,0,1,0,0,,
qwen_concept,hybrid,long_rvos,fb8caa28e4,6,1,1,0,1,0,0,,
qwen_concept,hybrid,long_rvos,fb8caa28e4,7,1,1,0,1,0,0,,
qwen_concept,hybrid,long_rvos,fb8caa28e4,9,1,1,0,1,0,0,,
qwen_concept,static,long_rvos,0102096b4c,1,2,2,0,1,0,0,,
qwen_concept,static,long_rvos,0102096b4c,2,2,2,0,1,0,0,,
qwen_concept,static,long_rvos,0310d3743b,1,2,2,0,1,0,0,,
qwen_concept,static,long_rvos,0310d3743b,2,2,2,0,1,0,0,,
qwen_concept,static,long_rvos,0310d3743b,3,1,1,0,1,0,0,,
qwen_concept,static,long_rvos,046ee6aa1a,1,1,1,0,1,0,0,,
qwen_concept,static,long_rvos,046ee6aa1a,2,1,1,0,1,0,0,,
qwen_concept,static,long_rvos,0560401ea3,1,2,2,0,1,0,0,,
qwen_concept,static,long_rvos,0560401ea3,2,2,2,0,1,0,0,,
qwen_concept,static,long_rvos,092ba1d6df,1,2,2,0,1,0,0,,
qwen_concept,static,long_rvos,092ba1d6df,2,2,2,0,1,0,0,,
qwen_concept,static,long_rvos,0d0ebe00cc,1,2,2,0,1,0,0,,
qwen_concept,static,long_rvos,0d0ebe00cc,2,2,2,0,1,0,0,,
qwen_concept,static,long_rvos,0d0ebe00cc,3,2,2,0,1,0,0,,
qwen_concept,static,long_rvos,1088228079,1,1,1,0,1,0,0,,
qwen_concept,static,long_rvos,1088228079,2,1,1,0,1,0,0,,
qwen_concept,static,long_rvos,1088228079,3,1,1,0,1,0,0,,
qwen_concept,static,long_rvos,1088228079,4,1,1,0,1,0,0,,
qwen_concept,static,long_rvos,119777f4c0,1,2,2,0,1,0,0,,
qwen_concept,static,long_rvos,119777f4c0,2,2,2,0,1,0,0,,
qwen_concept,static,long_rvos,119777f4c0,3,2,2,0,1,0,0,,
qwen_concept,static,long_rvos,18b160d3a7,1,2,2,0,1,0,0,,
qwen_concept,static,long_rvos,18b160d3a7,2,1,1,0,1,0,0,,
qwen_concept,static,long_rvos,18b160d3a7,3,2,2,0,1,0,0,,
qwen_concept,static,long_rvos,18b160d3a7,4,1,1,0,1,0,0,,
qwen_concept,static,long_rvos,1a5dead3e3,1,1,1,0,1,0,0,,
qwen_concept,static,long_rvos,1a5dead3e3,2,1,1,0,1,0,0,,
qwen_concept,static,long_rvos,20eaede0fb,1,2,2,0,1,0,0,,
qwen_concept,static,long_rvos,20eaede0fb,2,1,1,0,1,0,0,,
qwen_concept,static,long_rvos,2179ba2ef3,1,1,1,0,1,0,0,,
qwen_concept,static,long_rvos,22680d3b50,1,2,2,0,1,0,0,,
qwen_concept,static,long_rvos,22680d3b50,4,2,2,0,1,0,0,,
qwen_concept,static,long_rvos,235ff86d37,1,1,1,0,1,0,0,,
qwen_concept,static,long_rvos,235ff86d37,2,1,1,0,1,0,0,,
qwen_concept,static,long_rvos,235ff86d37,3,1,1,0,1,0,0,,
qwen_concept,static,long_rvos,235ff86d37,4,1,1,0,1,0,0,,
qwen_concept,static,long_rvos,24b7b95ca4,1,2,2,0,1,0,0,,
qwen_concept,static,long_rvos,24b7b95ca4,2,2,2,0,1,0,0,,
qwen_concept,static,long_rvos,24b7b95ca4,3,2,2,0,1,0,0,,
qwen_concept,static,long_rvos,24b7b95ca4,4,1,1,0,1,0,0,,
qwen_concept,static,long_rvos,24b7b95ca4,5,2,2,0,1,0,0,,
qwen_concept,static,long_rvos,2683deffcb,1,1,1,0,1,0,0,,
qwen_concept,static,long_rvos,2683deffcb,2,1,1,0,1,0,0,,
qwen_concept,static,long_rvos,28ff632792,1,1,1,0,1,0,0,,
qwen_concept,static,long_rvos,28ff632792,2,1,1,0,1,0,0,,
qwen_concept,static,long_rvos,28ff632792,5,1,1,0,1,0,0,,
qwen_concept,static,long_rvos,2980a00b04,1,2,2,0,1,0,0,,
qwen_concept,static,long_rvos,2980a00b04,2,2,2,0,1,0,0,,
qwen_concept,static,long_rvos,2980a00b04,3,2,2,0,1,0,0,,
qwen_concept,static,long_rvos,2a87bea97e,1,2,2,0,1,0,0,,
qwen_concept,static,long_rvos,2a87bea97e,2,2,2,0,1,0,0,,
qwen_concept,static,long_rvos,2a87bea97e,3,2,2,0,1,0,0,,
qwen_concept,static,long_rvos,2abb12f2f7,1,1,1,0,1,0,0,,
qwen_concept,static,long_rvos,2abb12f2f7,2,1,1,0,1,0,0,,
qwen_concept,static,long_rvos,2c4cbde1aa,1,2,2,0,1,0,0,,
qwen_concept,static,long_rvos,2c4cbde1aa,2,2,2,0,1,0,0,,
qwen_concept,static,long_rvos,2cfdc294c5,1,2,2,0,1,0,0,,
qwen_concept,static,long_rvos,2cfdc294c5,2,2,2,0,1,0,0,,
qwen_concept,static,long_rvos,30c20fb4c1,1,2,2,0,1,0,0,,
qwen_concept,static,long_rvos,30c20fb4c1,2,2,2,0,1,0,0,,
qwen_concept,static,long_rvos,30c20fb4c1,3,2,2,0,1,0,0,,
qwen_concept,static,long_rvos,30f4d962f9,1,1,1,0,1,0,0,,
qwen_concept,static,long_rvos,30f4d962f9,2,1,1,0,1,0,0,,
qwen_concept,static,long_rvos,31a352c169,1,2,2,0,1,0,0,,
qwen_concept,static,long_rvos,31a352c169,2,2,2,0,1,0,0,,
qwen_concept,static,long_rvos,31a352c169,3,2,2,0,1,0,0,,
qwen_concept,static,long_rvos,3584fff834,1,2,2,0,1,0,0,,
qwen_concept,static,long_rvos,3584fff834,2,2,2,0,1,0,0,,
qwen_concept,static,long_rvos,3584fff834,3,1,1,0,1,0,0,,
qwen_concept,static,long_rvos,3584fff834,4,2,2,0,1,0,0,,
qwen_concept,static,long_rvos,39db436191,2,1,1,0,1,0,0,,
qwen_concept,static,long_rvos,39db436191,3,1,1,0,1,0,0,,
qwen_concept,static,long_rvos,39db436191,4,1,1,0,1,0,0,,
qwen_concept,static,long_rvos,3c1a33d13b,1,2,2,0,1,0,0,,
qwen_concept,static,long_rvos,3c1a33d13b,2,2,2,0,1,0,0,,
qwen_concept,static,long_rvos,3f4b67edff,1,2,2,0,1,0,0,,
qwen_concept,static,long_rvos,3f4b67edff,2,2,2,0,1,0,0,,
qwen_concept,static,long_rvos,3f4b67edff,3,2,2,0,1,0,0,,
qwen_concept,static,long_rvos,40d66b2614,1,2,2,0,1,0,0,,
qwen_concept,static,long_rvos,40d66b2614,2,2,2,0,1,0,0,,
qwen_concept,static,long_rvos,41c5109249,1,1,1,0,1,0,0,,
qwen_concept,static,long_rvos,41c5109249,2,1,1,0,1,0,0,,
qwen_concept,static,long_rvos,41c5109249,3,1,1,0,1,0,0,,
qwen_concept,static,long_rvos,4ec9dcf90d,1,1,1,0,1,0,0,,
qwen_concept,static,long_rvos,4ec9dcf90d,2,1,1,0,1,0,0,,
qwen_concept,static,long_rvos,5c0c9c0098,1,2,2,0,1,0,0,,
qwen_concept,static,long_rvos,5c0c9c0098,2,2,2,0,1,0,0,,
qwen_concept,static,long_rvos,5c0c9c0098,3,1,1,0,1,0,0,,
qwen_concept,static,long_rvos,5d262b025c,1,1,1,0,1,0,0,,
qwen_concept,static,long_rvos,5d262b025c,10,1,1,0,1,0,0,,
qwen_concept,static,long_rvos,5d262b025c,2,1,1,0,1,0,0,,
qwen_concept,static,long_rvos,5d262b025c,3,1,1,0,1,0,0,,
qwen_concept,static,long_rvos,5d262b025c,4,1,1,0,1,0,0,,
qwen_concept,static,long_rvos,5d262b025c,5,1,1,0,1,0,0,,
qwen_concept,static,long_rvos,5d262b025c,6,1,1,0,1,0,0,,
qwen_concept,static,long_rvos,5d262b025c,7,1,1,0,1,0,0,,
qwen_concept,static,long_rvos,5d262b025c,8,1,1,0,1,0,0,,
qwen_concept,static,long_rvos,5d262b025c,9,1,1,0,1,0,0,,
qwen_concept,static,long_rvos,5d2c735adb,1,1,1,0,1,0,0,,
qwen_concept,static,long_rvos,5d2c735adb,2,1,1,0,1,0,0,,
qwen_concept,static,long_rvos,5d2c735adb,3,1,1,0,1,0,0,,
qwen_concept,static,long_rvos,5d2c735adb,4,1,1,0,1,0,0,,
qwen_concept,static,long_rvos,60737ed642,1,1,1,0,1,0,0,,
qwen_concept,static,long_rvos,60737ed642,2,1,1,0,1,0,0,,
qwen_concept,static,long_rvos,60737ed642,3,1,1,0,1,0,0,,
qwen_concept,static,long_rvos,68170c3f7a,1,2,2,0,1,0,0,,
qwen_concept,static,long_rvos,68170c3f7a,2,2,2,0,1,0,0,,
qwen_concept,static,long_rvos,6a1db02e31,1,2,2,0,1,0,0,,
qwen_concept,static,long_rvos,6a1db02e31,2,2,2,0,1,0,0,,
qwen_concept,static,long_rvos,6bf32cc0d5,1,2,2,0,1,0,0,,
qwen_concept,static,long_rvos,6bf32cc0d5,2,2,2,0,1,0,0,,
qwen_concept,static,long_rvos,6bf32cc0d5,3,2,2,0,1,0,0,,
qwen_concept,static,long_rvos,6d76f5cbc2,1,2,2,0,1,0,0,,
qwen_concept,static,long_rvos,6d76f5cbc2,2,2,2,0,1,0,0,,
qwen_concept,static,long_rvos,6db18ab93a,1,2,2,0,1,0,0,,
qwen_concept,static,long_rvos,6db18ab93a,2,2,2,0,1,0,0,,
qwen_concept,static,long_rvos,6fb7a04167,10,2,2,0,1,0,0,,
qwen_concept,static,long_rvos,6fb7a04167,12,2,2,0,1,0,0,,
qwen_concept,static,long_rvos,6fb7a04167,13,2,2,0,1,0,0,,
qwen_concept,static,long_rvos,6fb7a04167,14,2,2,0,1,0,0,,
qwen_concept,static,long_rvos,6fb7a04167,15,2,2,0,1,0,0,,
qwen_concept,static,long_rvos,6fb7a04167,16,2,2,0,1,0,0,,
qwen_concept,static,long_rvos,7bdbd4f32f,1,2,2,0,1,0,0,,
qwen_concept,static,long_rvos,7bdbd4f32f,2,2,2,0,1,0,0,,
qwen_concept,static,long_rvos,7bdbd4f32f,3,2,2,0,1,0,0,,
qwen_concept,static,long_rvos,7caa203c75,1,1,1,0,1,0,0,,
qwen_concept,static,long_rvos,7caa203c75,2,1,1,0,1,0,0,,
qwen_concept,static,long_rvos,8086f00d3d,1,2,2,0,1,0,0,,
qwen_concept,static,long_rvos,8086f00d3d,2,2,2,0,1,0,0,,
qwen_concept,static,long_rvos,8093ebd9a3,1,2,2,0,1,0,0,,
qwen_concept,static,long_rvos,8093ebd9a3,2,2,2,0,1,0,0,,
qwen_concept,static,long_rvos,8093ebd9a3,3,1,1,0,1,0,0,,
qwen_concept,static,long_rvos,8290c48fcb,1,1,1,0,1,0,0,,
qwen_concept,static,long_rvos,8290c48fcb,2,1,1,0,1,0,0,,
qwen_concept,static,long_rvos,8290c48fcb,3,1,1,0,1,0,0,,
qwen_concept,static,long_rvos,8290c48fcb,4,1,1,0,1,0,0,,
qwen_concept,static,long_rvos,8290c48fcb,5,1,1,0,1,0,0,,
qwen_concept,static,long_rvos,8290c48fcb,6,1,1,0,1,0,0,,
qwen_concept,static,long_rvos,8290c48fcb,7,1,1,0,1,0,0,,
qwen_concept,static,long_rvos,8290c48fcb,8,1,1,0,1,0,0,,
qwen_concept,static,long_rvos,8290c48fcb,9,1,1,0,1,0,0,,
qwen_concept,static,long_rvos,84dc481247,1,2,2,0,1,0,0,,
qwen_concept,static,long_rvos,84dc481247,2,2,2,0,1,0,0,,
qwen_concept,static,long_rvos,84dc481247,3,2,2,0,1,0,0,,
qwen_concept,static,long_rvos,882e8c62d3,1,1,1,0,1,0,0,,
qwen_concept,static,long_rvos,882e8c62d3,2,1,1,0,1,0,0,,
qwen_concept,static,long_rvos,882e8c62d3,7,1,1,0,1,0,0,,
qwen_concept,static,long_rvos,8847e5550e,1,1,1,0,1,0,0,,
qwen_concept,static,long_rvos,8847e5550e,2,1,1,0,1,0,0,,
qwen_concept,static,long_rvos,8b0e20e373,1,1,1,0,1,0,0,,
qwen_concept,static,long_rvos,8b0e20e373,2,1,1,0,1,0,0,,
qwen_concept,static,long_rvos,939b6aed6d,1,2,2,0,1,0,0,,
qwen_concept,static,long_rvos,939b6aed6d,2,2,2,0,1,0,0,,
qwen_concept,static,long_rvos,939b6aed6d,3,2,0,2,0,0,1,10;8,long_rvos/939b6aed6d/3/10/qwen_concept;long_rvos/939b6aed6d/3/8/qwen_concept
qwen_concept,static,long_rvos,939b6aed6d,4,2,2,0,1,0,0,,
qwen_concept,static,long_rvos,939b6aed6d,5,2,2,0,1,0,0,,
qwen_concept,static,long_rvos,939b6aed6d,6,2,2,0,1,0,0,,
qwen_concept,static,long_rvos,939b6aed6d,7,2,2,0,1,0,0,,
qwen_concept,static,long_rvos,976257d833,1,2,2,0,1,0,0,,
qwen_concept,static,long_rvos,976257d833,2,2,2,0,1,0,0,,
qwen_concept,static,long_rvos,989204d6f2,1,2,2,0,1,0,0,,
qwen_concept,static,long_rvos,989204d6f2,2,2,2,0,1,0,0,,
qwen_concept,static,long_rvos,99cc4e6bcd,1,1,1,0,1,0,0,,
qwen_concept,static,long_rvos,99cc4e6bcd,2,1,1,0,1,0,0,,
qwen_concept,static,long_rvos,99cc4e6bcd,3,2,2,0,1,0,0,,
qwen_concept,static,long_rvos,9bc92f09e0,1,2,2,0,1,0,0,,
qwen_concept,static,long_rvos,9bc92f09e0,2,2,2,0,1,0,0,,
qwen_concept,static,long_rvos,9c1297ecd3,1,2,2,0,1,0,0,,
qwen_concept,static,long_rvos,9c1297ecd3,2,2,2,0,1,0,0,,
qwen_concept,static,long_rvos,a287c27dad,1,1,1,0,1,0,0,,
qwen_concept,static,long_rvos,a3f2b5d434,1,3,3,0,1,0,0,,
qwen_concept,static,long_rvos,a3f2b5d434,2,3,3,0,1,0,0,,
qwen_concept,static,long_rvos,a500f0e77c,1,1,1,0,1,0,0,,
qwen_concept,static,long_rvos,a595411232,1,2,2,0,1,0,0,,
qwen_concept,static,long_rvos,a595411232,2,2,2,0,1,0,0,,
qwen_concept,static,long_rvos,a595411232,3,2,2,0,1,0,0,,
qwen_concept,static,long_rvos,a595411232,4,2,2,0,1,0,0,,
qwen_concept,static,long_rvos,a8b6fd5e4d,1,2,2,0,1,0,0,,
qwen_concept,static,long_rvos,a8b6fd5e4d,2,2,2,0,1,0,0,,
qwen_concept,static,long_rvos,af3ad95fe0,1,1,1,0,1,0,0,,
qwen_concept,static,long_rvos,af3ad95fe0,2,1,1,0,1,0,0,,
qwen_concept,static,long_rvos,af3ad95fe0,3,1,1,0,1,0,0,,
qwen_concept,static,long_rvos,af3ad95fe0,4,1,1,0,1,0,0,,
qwen_concept,static,long_rvos,af3ad95fe0,5,1,1,0,1,0,0,,
qwen_concept,static,long_rvos,af3ad95fe0,6,1,1,0,1,0,0,,
qwen_concept,static,long_rvos,af7297f0db,1,1,1,0,1,0,0,,
qwen_concept,static,long_rvos,af7297f0db,2,1,1,0,1,0,0,,
qwen_concept,static,long_rvos,af7297f0db,3,1,1,0,1,0,0,,
qwen_concept,static,long_rvos,b231a02b87,1,1,1,0,1,0,0,,
qwen_concept,static,long_rvos,b231a02b87,2,1,1,0,1,0,0,,
qwen_concept,static,long_rvos,b231a02b87,3,1,1,0,1,0,0,,
qwen_concept,static,long_rvos,b4a5ada352,1,2,2,0,1,0,0,,
qwen_concept,static,long_rvos,b4a5ada352,2,2,2,0,1,0,0,,
qwen_concept,static,long_rvos,b5c9c04bf9,2,1,1,0,1,0,0,,
qwen_concept,static,long_rvos,b5c9c04bf9,5,1,1,0,1,0,0,,
qwen_concept,static,long_rvos,b5c9c04bf9,6,1,1,0,1,0,0,,
qwen_concept,static,long_rvos,bd4aefda10,1,2,2,0,1,0,0,,
qwen_concept,static,long_rvos,bd4aefda10,2,2,2,0,1,0,0,,
qwen_concept,static,long_rvos,bda2f20019,1,2,2,0,1,0,0,,
qwen_concept,static,long_rvos,bda2f20019,2,2,2,0,1,0,0,,
qwen_concept,static,long_rvos,bda2f20019,3,2,2,0,1,0,0,,
qwen_concept,static,long_rvos,bda2f20019,4,2,2,0,1,0,0,,
qwen_concept,static,long_rvos,bed1347f23,1,2,2,0,1,0,0,,
qwen_concept,static,long_rvos,bed1347f23,2,2,2,0,1,0,0,,
qwen_concept,static,long_rvos,c4638cc87e,1,2,2,0,1,0,0,,
qwen_concept,static,long_rvos,c4638cc87e,2,2,2,0,1,0,0,,
qwen_concept,static,long_rvos,c4638cc87e,3,2,2,0,1,0,0,,
qwen_concept,static,long_rvos,c5c9b749d4,1,2,2,0,1,0,0,,
qwen_concept,static,long_rvos,c5c9b749d4,2,2,2,0,1,0,0,,
qwen_concept,static,long_rvos,c6bb21356b,1,1,1,0,1,0,0,,
qwen_concept,static,long_rvos,c6bb21356b,2,1,1,0,1,0,0,,
qwen_concept,static,long_rvos,c6bb21356b,3,1,1,0,1,0,0,,
qwen_concept,static,long_rvos,c733601fcd,1,1,1,0,1,0,0,,
qwen_concept,static,long_rvos,c733601fcd,2,1,1,0,1,0,0,,
qwen_concept,static,long_rvos,c73c2a03a0,1,1,1,0,1,0,0,,
qwen_concept,static,long_rvos,c73c2a03a0,2,1,1,0,1,0,0,,
qwen_concept,static,long_rvos,cc132d2e39,1,3,3,0,1,0,0,,
qwen_concept,static,long_rvos,cc132d2e39,2,3,3,0,1,0,0,,
qwen_concept,static,long_rvos,cfaeae5706,1,1,1,0,1,0,0,,
qwen_concept,static,long_rvos,cfaeae5706,2,1,1,0,1,0,0,,
qwen_concept,static,long_rvos,cfaeae5706,4,1,1,0,1,0,0,,
qwen_concept,static,long_rvos,d33c8343bc,1,1,1,0,1,0,0,,
qwen_concept,static,long_rvos,d33c8343bc,2,1,1,0,1,0,0,,
qwen_concept,static,long_rvos,d33c8343bc,3,1,1,0,1,0,0,,
qwen_concept,static,long_rvos,d33c8343bc,4,1,1,0,1,0,0,,
qwen_concept,static,long_rvos,dca31590b8,1,2,2,0,1,0,0,,
qwen_concept,static,long_rvos,dca31590b8,2,2,2,0,1,0,0,,
qwen_concept,static,long_rvos,ddc213ba3f,1,1,1,0,1,0,0,,
qwen_concept,static,long_rvos,ddc213ba3f,2,1,1,0,1,0,0,,
qwen_concept,static,long_rvos,ddc213ba3f,3,1,1,0,1,0,0,,
qwen_concept,static,long_rvos,ddc213ba3f,4,1,1,0,1,0,0,,
qwen_concept,static,long_rvos,ddc213ba3f,5,1,1,0,1,0,0,,
qwen_concept,static,long_rvos,ddc213ba3f,6,1,1,0,1,0,0,,
qwen_concept,static,long_rvos,ddc213ba3f,7,1,1,0,1,0,0,,
qwen_concept,static,long_rvos,ddc213ba3f,8,1,1,0,1,0,0,,
qwen_concept,static,long_rvos,ddc213ba3f,9,1,1,0,1,0,0,,
qwen_concept,static,long_rvos,de36065b5f,1,2,2,0,1,0,0,,
qwen_concept,static,long_rvos,de36065b5f,2,2,2,0,1,0,0,,
qwen_concept,static,long_rvos,de36065b5f,3,2,2,0,1,0,0,,
qwen_concept,static,long_rvos,e29fbdf03c,1,2,2,0,1,0,0,,
qwen_concept,static,long_rvos,e29fbdf03c,2,2,2,0,1,0,0,,
qwen_concept,static,long_rvos,e29fbdf03c,3,2,2,0,1,0,0,,
qwen_concept,static,long_rvos,e6f1a061ea,1,2,2,0,1,0,0,,
qwen_concept,static,long_rvos,e6f1a061ea,3,2,2,0,1,0,0,,
qwen_concept,static,long_rvos,e6f1a061ea,4,2,2,0,1,0,0,,
qwen_concept,static,long_rvos,e6f1a061ea,6,2,2,0,1,0,0,,
qwen_concept,static,long_rvos,e6f1a061ea,8,2,2,0,1,0,0,,
qwen_concept,static,long_rvos,e9b78ad8e7,1,1,1,0,1,0,0,,
qwen_concept,static,long_rvos,e9b78ad8e7,2,1,1,0,1,0,0,,
qwen_concept,static,long_rvos,ea6cfcc7cb,1,2,2,0,1,0,0,,
qwen_concept,static,long_rvos,ea6cfcc7cb,2,2,2,0,1,0,0,,
qwen_concept,static,long_rvos,ea6cfcc7cb,3,2,2,0,1,0,0,,
qwen_concept,static,long_rvos,f3864705c4,1,2,2,0,1,0,0,,
qwen_concept,static,long_rvos,f3864705c4,2,2,2,0,1,0,0,,
qwen_concept,static,long_rvos,f3864705c4,3,2,2,0,1,0,0,,
qwen_concept,static,long_rvos,f3fdaa2e8b,1,2,2,0,1,0,0,,
qwen_concept,static,long_rvos,f3fdaa2e8b,2,2,2,0,1,0,0,,
qwen_concept,static,long_rvos,f6f82de62a,1,1,1,0,1,0,0,,
qwen_concept,static,long_rvos,f6f82de62a,2,1,1,0,1,0,0,,
qwen_concept,static,long_rvos,f771c97b16,1,2,2,0,1,0,0,,
qwen_concept,static,long_rvos,f771c97b16,2,2,2,0,1,0,0,,
qwen_concept,static,long_rvos,f771c97b16,3,2,2,0,1,0,0,,
qwen_concept,static,long_rvos,f771c97b16,4,2,2,0,1,0,0,,
qwen_concept,static,long_rvos,f771c97b16,5,2,2,0,1,0,0,,
qwen_concept,static,long_rvos,f771c97b16,6,2,2,0,1,0,0,,
qwen_concept,static,long_rvos,f771c97b16,7,2,2,0,1,0,0,,
qwen_concept,static,long_rvos,fb8caa28e4,1,1,1,0,1,0,0,,
qwen_concept,static,long_rvos,fb8caa28e4,2,1,1,0,1,0,0,,
qwen_concept,static,long_rvos,fb8caa28e4,3,1,1,0,1,0,0,,
qwen_concept,static,long_rvos,fb8caa28e4,4,1,1,0,1,0,0,,
qwen_concept,static,long_rvos,fb8caa28e4,5,1,1,0,1,0,0,,
qwen_concept,static,long_rvos,fb8caa28e4,6,1,1,0,1,0,0,,
qwen_concept,static,long_rvos,fb8caa28e4,7,1,1,0,1,0,0,,
qwen_concept,static,long_rvos,fb8caa28e4,9,1,1,0,1,0,0,,
raw_expression,dynamic,long_rvos,0102096b4c,1,1,1,0,1,0,0,,
raw_expression,dynamic,long_rvos,0102096b4c,2,2,2,0,1,0,0,,
raw_expression,dynamic,long_rvos,0310d3743b,1,2,2,0,1,0,0,,
raw_expression,dynamic,long_rvos,0310d3743b,2,2,2,0,1,0,0,,
raw_expression,dynamic,long_rvos,0310d3743b,3,2,2,0,1,0,0,,
raw_expression,dynamic,long_rvos,046ee6aa1a,1,2,2,0,1,0,0,,
raw_expression,dynamic,long_rvos,046ee6aa1a,2,2,2,0,1,0,0,,
raw_expression,dynamic,long_rvos,0560401ea3,1,2,2,0,1,0,0,,
raw_expression,dynamic,long_rvos,0560401ea3,2,2,2,0,1,0,0,,
raw_expression,dynamic,long_rvos,092ba1d6df,1,2,2,0,1,0,0,,
raw_expression,dynamic,long_rvos,092ba1d6df,2,1,1,0,1,0,0,,
raw_expression,dynamic,long_rvos,0d0ebe00cc,1,2,2,0,1,0,0,,
raw_expression,dynamic,long_rvos,0d0ebe00cc,2,2,2,0,1,0,0,,
raw_expression,dynamic,long_rvos,0d0ebe00cc,3,2,2,0,1,0,0,,
raw_expression,dynamic,long_rvos,1088228079,1,1,1,0,1,0,0,,
raw_expression,dynamic,long_rvos,1088228079,2,1,1,0,1,0,0,,
raw_expression,dynamic,long_rvos,1088228079,3,1,1,0,1,0,0,,
raw_expression,dynamic,long_rvos,1088228079,4,1,1,0,1,0,0,,
raw_expression,dynamic,long_rvos,119777f4c0,1,2,2,0,1,0,0,,
raw_expression,dynamic,long_rvos,119777f4c0,2,2,2,0,1,0,0,,
raw_expression,dynamic,long_rvos,119777f4c0,3,2,2,0,1,0,0,,
raw_expression,dynamic,long_rvos,18b160d3a7,1,2,2,0,1,0,0,,
raw_expression,dynamic,long_rvos,18b160d3a7,2,1,1,0,1,0,0,,
raw_expression,dynamic,long_rvos,18b160d3a7,3,2,2,0,1,0,0,,
raw_expression,dynamic,long_rvos,18b160d3a7,4,1,1,0,1,0,0,,
raw_expression,dynamic,long_rvos,1a5dead3e3,1,1,1,0,1,0,0,,
raw_expression,dynamic,long_rvos,1a5dead3e3,2,1,1,0,1,0,0,,
raw_expression,dynamic,long_rvos,20eaede0fb,1,2,2,0,1,0,0,,
raw_expression,dynamic,long_rvos,20eaede0fb,2,1,1,0,1,0,0,,
raw_expression,dynamic,long_rvos,2179ba2ef3,1,1,1,0,1,0,0,,
raw_expression,dynamic,long_rvos,22680d3b50,1,1,1,0,1,0,0,,
raw_expression,dynamic,long_rvos,22680d3b50,4,2,2,0,1,0,0,,
raw_expression,dynamic,long_rvos,235ff86d37,1,1,1,0,1,0,0,,
raw_expression,dynamic,long_rvos,235ff86d37,2,1,1,0,1,0,0,,
raw_expression,dynamic,long_rvos,235ff86d37,3,1,1,0,1,0,0,,
raw_expression,dynamic,long_rvos,235ff86d37,4,1,1,0,1,0,0,,
raw_expression,dynamic,long_rvos,24b7b95ca4,1,2,2,0,1,0,0,,
raw_expression,dynamic,long_rvos,24b7b95ca4,2,2,2,0,1,0,0,,
raw_expression,dynamic,long_rvos,24b7b95ca4,3,2,2,0,1,0,0,,
raw_expression,dynamic,long_rvos,24b7b95ca4,4,1,1,0,1,0,0,,
raw_expression,dynamic,long_rvos,24b7b95ca4,5,2,2,0,1,0,0,,
raw_expression,dynamic,long_rvos,2683deffcb,1,1,1,0,1,0,0,,
raw_expression,dynamic,long_rvos,2683deffcb,2,1,1,0,1,0,0,,
raw_expression,dynamic,long_rvos,28ff632792,1,2,2,0,1,0,0,,
raw_expression,dynamic,long_rvos,28ff632792,2,2,2,0,1,0,0,,
raw_expression,dynamic,long_rvos,28ff632792,5,2,2,0,1,0,0,,
raw_expression,dynamic,long_rvos,2980a00b04,1,2,2,0,1,0,0,,
raw_expression,dynamic,long_rvos,2980a00b04,2,1,1,0,1,0,0,,
raw_expression,dynamic,long_rvos,2980a00b04,3,2,2,0,1,0,0,,
raw_expression,dynamic,long_rvos,2a87bea97e,1,2,2,0,1,0,0,,
raw_expression,dynamic,long_rvos,2a87bea97e,2,2,2,0,1,0,0,,
raw_expression,dynamic,long_rvos,2a87bea97e,3,2,2,0,1,0,0,,
raw_expression,dynamic,long_rvos,2abb12f2f7,1,1,1,0,1,0,0,,
raw_expression,dynamic,long_rvos,2abb12f2f7,2,1,1,0,1,0,0,,
raw_expression,dynamic,long_rvos,2c4cbde1aa,1,2,2,0,1,0,0,,
raw_expression,dynamic,long_rvos,2c4cbde1aa,2,1,1,0,1,0,0,,
raw_expression,dynamic,long_rvos,2cfdc294c5,1,3,3,0,1,0,0,,
raw_expression,dynamic,long_rvos,2cfdc294c5,2,3,3,0,1,0,0,,
raw_expression,dynamic,long_rvos,30c20fb4c1,1,2,2,0,1,0,0,,
raw_expression,dynamic,long_rvos,30c20fb4c1,2,2,2,0,1,0,0,,
raw_expression,dynamic,long_rvos,30c20fb4c1,3,2,2,0,1,0,0,,
raw_expression,dynamic,long_rvos,30f4d962f9,1,1,1,0,1,0,0,,
raw_expression,dynamic,long_rvos,30f4d962f9,2,1,1,0,1,0,0,,
raw_expression,dynamic,long_rvos,31a352c169,1,2,2,0,1,0,0,,
raw_expression,dynamic,long_rvos,31a352c169,2,1,1,0,1,0,0,,
raw_expression,dynamic,long_rvos,31a352c169,3,1,1,0,1,0,0,,
raw_expression,dynamic,long_rvos,3584fff834,1,2,2,0,1,0,0,,
raw_expression,dynamic,long_rvos,3584fff834,2,1,1,0,1,0,0,,
raw_expression,dynamic,long_rvos,3584fff834,3,1,1,0,1,0,0,,
raw_expression,dynamic,long_rvos,3584fff834,4,2,2,0,1,0,0,,
raw_expression,dynamic,long_rvos,39db436191,2,1,1,0,1,0,0,,
raw_expression,dynamic,long_rvos,39db436191,3,1,1,0,1,0,0,,
raw_expression,dynamic,long_rvos,39db436191,4,1,1,0,1,0,0,,
raw_expression,dynamic,long_rvos,3c1a33d13b,1,2,2,0,1,0,0,,
raw_expression,dynamic,long_rvos,3c1a33d13b,2,2,2,0,1,0,0,,
raw_expression,dynamic,long_rvos,3f4b67edff,1,2,2,0,1,0,0,,
raw_expression,dynamic,long_rvos,3f4b67edff,2,2,2,0,1,0,0,,
raw_expression,dynamic,long_rvos,3f4b67edff,3,2,2,0,1,0,0,,
raw_expression,dynamic,long_rvos,40d66b2614,1,3,3,0,1,0,0,,
raw_expression,dynamic,long_rvos,40d66b2614,2,2,2,0,1,0,0,,
raw_expression,dynamic,long_rvos,41c5109249,1,1,1,0,1,0,0,,
raw_expression,dynamic,long_rvos,41c5109249,2,1,1,0,1,0,0,,
raw_expression,dynamic,long_rvos,41c5109249,3,1,1,0,1,0,0,,
raw_expression,dynamic,long_rvos,4ec9dcf90d,1,1,1,0,1,0,0,,
raw_expression,dynamic,long_rvos,4ec9dcf90d,2,1,1,0,1,0,0,,
raw_expression,dynamic,long_rvos,5c0c9c0098,1,2,2,0,1,0,0,,
raw_expression,dynamic,long_rvos,5c0c9c0098,2,2,2,0,1,0,0,,
raw_expression,dynamic,long_rvos,5c0c9c0098,3,1,1,0,1,0,0,,
raw_expression,dynamic,long_rvos,5d262b025c,1,1,1,0,1,0,0,,
raw_expression,dynamic,long_rvos,5d262b025c,10,1,1,0,1,0,0,,
raw_expression,dynamic,long_rvos,5d262b025c,2,1,1,0,1,0,0,,
raw_expression,dynamic,long_rvos,5d262b025c,3,1,1,0,1,0,0,,
raw_expression,dynamic,long_rvos,5d262b025c,4,1,1,0,1,0,0,,
raw_expression,dynamic,long_rvos,5d262b025c,5,1,1,0,1,0,0,,
raw_expression,dynamic,long_rvos,5d262b025c,6,1,1,0,1,0,0,,
raw_expression,dynamic,long_rvos,5d262b025c,7,1,1,0,1,0,0,,
raw_expression,dynamic,long_rvos,5d262b025c,8,1,1,0,1,0,0,,
raw_expression,dynamic,long_rvos,5d262b025c,9,1,1,0,1,0,0,,
raw_expression,dynamic,long_rvos,5d2c735adb,1,1,1,0,1,0,0,,
raw_expression,dynamic,long_rvos,5d2c735adb,2,1,1,0,1,0,0,,
raw_expression,dynamic,long_rvos,5d2c735adb,3,1,1,0,1,0,0,,
raw_expression,dynamic,long_rvos,5d2c735adb,4,1,1,0,1,0,0,,
raw_expression,dynamic,long_rvos,60737ed642,1,1,1,0,1,0,0,,
raw_expression,dynamic,long_rvos,60737ed642,2,1,1,0,1,0,0,,
raw_expression,dynamic,long_rvos,60737ed642,3,1,1,0,1,0,0,,
raw_expression,dynamic,long_rvos,68170c3f7a,1,2,2,0,1,0,0,,
raw_expression,dynamic,long_rvos,68170c3f7a,2,2,2,0,1,0,0,,
raw_expression,dynamic,long_rvos,6a1db02e31,1,2,2,0,1,0,0,,
raw_expression,dynamic,long_rvos,6a1db02e31,2,2,2,0,1,0,0,,
raw_expression,dynamic,long_rvos,6bf32cc0d5,1,2,2,0,1,0,0,,
raw_expression,dynamic,long_rvos,6bf32cc0d5,2,1,1,0,1,0,0,,
raw_expression,dynamic,long_rvos,6bf32cc0d5,3,1,1,0,1,0,0,,
raw_expression,dynamic,long_rvos,6d76f5cbc2,1,2,2,0,1,0,0,,
raw_expression,dynamic,long_rvos,6d76f5cbc2,2,2,2,0,1,0,0,,
raw_expression,dynamic,long_rvos,6db18ab93a,1,2,2,0,1,0,0,,
raw_expression,dynamic,long_rvos,6db18ab93a,2,2,2,0,1,0,0,,
raw_expression,dynamic,long_rvos,6fb7a04167,10,2,2,0,1,0,0,,
raw_expression,dynamic,long_rvos,6fb7a04167,12,2,2,0,1,0,0,,
raw_expression,dynamic,long_rvos,6fb7a04167,13,2,2,0,1,0,0,,
raw_expression,dynamic,long_rvos,6fb7a04167,14,2,2,0,1,0,0,,
raw_expression,dynamic,long_rvos,6fb7a04167,15,2,2,0,1,0,0,,
raw_expression,dynamic,long_rvos,6fb7a04167,16,2,2,0,1,0,0,,
raw_expression,dynamic,long_rvos,7bdbd4f32f,1,2,2,0,1,0,0,,
raw_expression,dynamic,long_rvos,7bdbd4f32f,2,2,2,0,1,0,0,,
raw_expression,dynamic,long_rvos,7bdbd4f32f,3,2,2,0,1,0,0,,
raw_expression,dynamic,long_rvos,7caa203c75,1,1,1,0,1,0,0,,
raw_expression,dynamic,long_rvos,7caa203c75,2,1,1,0,1,0,0,,
raw_expression,dynamic,long_rvos,8086f00d3d,1,2,2,0,1,0,0,,
raw_expression,dynamic,long_rvos,8086f00d3d,2,2,2,0,1,0,0,,
raw_expression,dynamic,long_rvos,8093ebd9a3,1,2,2,0,1,0,0,,
raw_expression,dynamic,long_rvos,8093ebd9a3,2,2,2,0,1,0,0,,
raw_expression,dynamic,long_rvos,8093ebd9a3,3,1,1,0,1,0,0,,
raw_expression,dynamic,long_rvos,8290c48fcb,1,1,1,0,1,0,0,,
raw_expression,dynamic,long_rvos,8290c48fcb,2,1,1,0,1,0,0,,
raw_expression,dynamic,long_rvos,8290c48fcb,3,1,1,0,1,0,0,,
raw_expression,dynamic,long_rvos,8290c48fcb,4,1,1,0,1,0,0,,
raw_expression,dynamic,long_rvos,8290c48fcb,5,1,1,0,1,0,0,,
raw_expression,dynamic,long_rvos,8290c48fcb,6,1,1,0,1,0,0,,
raw_expression,dynamic,long_rvos,8290c48fcb,7,1,1,0,1,0,0,,
raw_expression,dynamic,long_rvos,8290c48fcb,8,1,1,0,1,0,0,,
raw_expression,dynamic,long_rvos,8290c48fcb,9,1,1,0,1,0,0,,
raw_expression,dynamic,long_rvos,84dc481247,1,2,2,0,1,0,0,,
raw_expression,dynamic,long_rvos,84dc481247,2,2,2,0,1,0,0,,
raw_expression,dynamic,long_rvos,84dc481247,3,1,1,0,1,0,0,,
raw_expression,dynamic,long_rvos,882e8c62d3,1,1,1,0,1,0,0,,
raw_expression,dynamic,long_rvos,882e8c62d3,2,1,0,1,0,0,1,3,long_rvos/882e8c62d3/2/3/raw_expression
raw_expression,dynamic,long_rvos,882e8c62d3,7,1,1,0,1,0,0,,
raw_expression,dynamic,long_rvos,8847e5550e,1,1,1,0,1,0,0,,
raw_expression,dynamic,long_rvos,8847e5550e,2,1,1,0,1,0,0,,
raw_expression,dynamic,long_rvos,8b0e20e373,1,1,1,0,1,0,0,,
raw_expression,dynamic,long_rvos,8b0e20e373,2,1,1,0,1,0,0,,
raw_expression,dynamic,long_rvos,939b6aed6d,1,2,2,0,1,0,0,,
raw_expression,dynamic,long_rvos,939b6aed6d,2,2,2,0,1,0,0,,
raw_expression,dynamic,long_rvos,939b6aed6d,3,2,2,0,1,0,0,,
raw_expression,dynamic,long_rvos,939b6aed6d,4,2,2,0,1,0,0,,
raw_expression,dynamic,long_rvos,939b6aed6d,5,2,2,0,1,0,0,,
raw_expression,dynamic,long_rvos,939b6aed6d,6,2,2,0,1,0,0,,
raw_expression,dynamic,long_rvos,939b6aed6d,7,1,1,0,1,0,0,,
raw_expression,dynamic,long_rvos,976257d833,1,2,2,0,1,0,0,,
raw_expression,dynamic,long_rvos,976257d833,2,2,2,0,1,0,0,,
raw_expression,dynamic,long_rvos,989204d6f2,1,2,2,0,1,0,0,,
raw_expression,dynamic,long_rvos,989204d6f2,2,2,2,0,1,0,0,,
raw_expression,dynamic,long_rvos,99cc4e6bcd,1,1,1,0,1,0,0,,
raw_expression,dynamic,long_rvos,99cc4e6bcd,2,1,1,0,1,0,0,,
raw_expression,dynamic,long_rvos,99cc4e6bcd,3,2,2,0,1,0,0,,
raw_expression,dynamic,long_rvos,9bc92f09e0,1,2,2,0,1,0,0,,
raw_expression,dynamic,long_rvos,9bc92f09e0,2,2,2,0,1,0,0,,
raw_expression,dynamic,long_rvos,9c1297ecd3,1,2,2,0,1,0,0,,
raw_expression,dynamic,long_rvos,9c1297ecd3,2,2,2,0,1,0,0,,
raw_expression,dynamic,long_rvos,a287c27dad,1,1,1,0,1,0,0,,
raw_expression,dynamic,long_rvos,a3f2b5d434,1,3,3,0,1,0,0,,
raw_expression,dynamic,long_rvos,a3f2b5d434,2,3,3,0,1,0,0,,
raw_expression,dynamic,long_rvos,a500f0e77c,1,1,1,0,1,0,0,,
raw_expression,dynamic,long_rvos,a595411232,1,2,2,0,1,0,0,,
raw_expression,dynamic,long_rvos,a595411232,2,2,2,0,1,0,0,,
raw_expression,dynamic,long_rvos,a595411232,3,2,2,0,1,0,0,,
raw_expression,dynamic,long_rvos,a595411232,4,2,2,0,1,0,0,,
raw_expression,dynamic,long_rvos,a8b6fd5e4d,1,2,2,0,1,0,0,,
raw_expression,dynamic,long_rvos,a8b6fd5e4d,2,2,2,0,1,0,0,,
raw_expression,dynamic,long_rvos,af3ad95fe0,1,1,1,0,1,0,0,,
raw_expression,dynamic,long_rvos,af3ad95fe0,2,1,1,0,1,0,0,,
raw_expression,dynamic,long_rvos,af3ad95fe0,3,1,1,0,1,0,0,,
raw_expression,dynamic,long_rvos,af3ad95fe0,4,1,1,0,1,0,0,,
raw_expression,dynamic,long_rvos,af3ad95fe0,5,1,1,0,1,0,0,,
raw_expression,dynamic,long_rvos,af3ad95fe0,6,1,1,0,1,0,0,,
raw_expression,dynamic,long_rvos,af7297f0db,1,1,1,0,1,0,0,,
raw_expression,dynamic,long_rvos,af7297f0db,2,1,1,0,1,0,0,,
raw_expression,dynamic,long_rvos,af7297f0db,3,1,1,0,1,0,0,,
raw_expression,dynamic,long_rvos,b231a02b87,1,2,2,0,1,0,0,,
raw_expression,dynamic,long_rvos,b231a02b87,2,2,2,0,1,0,0,,
raw_expression,dynamic,long_rvos,b231a02b87,3,1,1,0,1,0,0,,
raw_expression,dynamic,long_rvos,b4a5ada352,1,2,2,0,1,0,0,,
raw_expression,dynamic,long_rvos,b4a5ada352,2,1,1,0,1,0,0,,
raw_expression,dynamic,long_rvos,b5c9c04bf9,2,1,1,0,1,0,0,,
raw_expression,dynamic,long_rvos,b5c9c04bf9,5,1,1,0,1,0,0,,
raw_expression,dynamic,long_rvos,b5c9c04bf9,6,1,1,0,1,0,0,,
raw_expression,dynamic,long_rvos,bd4aefda10,1,2,2,0,1,0,0,,
raw_expression,dynamic,long_rvos,bd4aefda10,2,2,2,0,1,0,0,,
raw_expression,dynamic,long_rvos,bda2f20019,1,2,2,0,1,0,0,,
raw_expression,dynamic,long_rvos,bda2f20019,2,2,2,0,1,0,0,,
raw_expression,dynamic,long_rvos,bda2f20019,3,2,2,0,1,0,0,,
raw_expression,dynamic,long_rvos,bda2f20019,4,2,2,0,1,0,0,,
raw_expression,dynamic,long_rvos,bed1347f23,1,2,2,0,1,0,0,,
raw_expression,dynamic,long_rvos,bed1347f23,2,1,1,0,1,0,0,,
raw_expression,dynamic,long_rvos,c4638cc87e,1,2,2,0,1,0,0,,
raw_expression,dynamic,long_rvos,c4638cc87e,2,2,2,0,1,0,0,,
raw_expression,dynamic,long_rvos,c4638cc87e,3,2,2,0,1,0,0,,
raw_expression,dynamic,long_rvos,c5c9b749d4,1,2,1,1,0,1,0,3,long_rvos/c5c9b749d4/1/3/raw_expression
raw_expression,dynamic,long_rvos,c5c9b749d4,2,2,2,0,1,0,0,,
raw_expression,dynamic,long_rvos,c6bb21356b,1,1,1,0,1,0,0,,
raw_expression,dynamic,long_rvos,c6bb21356b,2,1,1,0,1,0,0,,
raw_expression,dynamic,long_rvos,c6bb21356b,3,1,1,0,1,0,0,,
raw_expression,dynamic,long_rvos,c733601fcd,1,1,1,0,1,0,0,,
raw_expression,dynamic,long_rvos,c733601fcd,2,1,1,0,1,0,0,,
raw_expression,dynamic,long_rvos,c73c2a03a0,1,1,1,0,1,0,0,,
raw_expression,dynamic,long_rvos,c73c2a03a0,2,1,1,0,1,0,0,,
raw_expression,dynamic,long_rvos,cc132d2e39,1,3,3,0,1,0,0,,
raw_expression,dynamic,long_rvos,cc132d2e39,2,3,3,0,1,0,0,,
raw_expression,dynamic,long_rvos,cfaeae5706,1,1,1,0,1,0,0,,
raw_expression,dynamic,long_rvos,cfaeae5706,2,1,1,0,1,0,0,,
raw_expression,dynamic,long_rvos,cfaeae5706,4,1,1,0,1,0,0,,
raw_expression,dynamic,long_rvos,d33c8343bc,1,1,1,0,1,0,0,,
raw_expression,dynamic,long_rvos,d33c8343bc,2,1,1,0,1,0,0,,
raw_expression,dynamic,long_rvos,d33c8343bc,3,1,1,0,1,0,0,,
raw_expression,dynamic,long_rvos,d33c8343bc,4,1,1,0,1,0,0,,
raw_expression,dynamic,long_rvos,dca31590b8,1,3,3,0,1,0,0,,
raw_expression,dynamic,long_rvos,dca31590b8,2,1,1,0,1,0,0,,
raw_expression,dynamic,long_rvos,ddc213ba3f,1,1,1,0,1,0,0,,
raw_expression,dynamic,long_rvos,ddc213ba3f,2,1,1,0,1,0,0,,
raw_expression,dynamic,long_rvos,ddc213ba3f,3,1,1,0,1,0,0,,
raw_expression,dynamic,long_rvos,ddc213ba3f,4,1,1,0,1,0,0,,
raw_expression,dynamic,long_rvos,ddc213ba3f,5,1,1,0,1,0,0,,
raw_expression,dynamic,long_rvos,ddc213ba3f,6,1,1,0,1,0,0,,
raw_expression,dynamic,long_rvos,ddc213ba3f,7,1,1,0,1,0,0,,
raw_expression,dynamic,long_rvos,ddc213ba3f,8,1,1,0,1,0,0,,
raw_expression,dynamic,long_rvos,ddc213ba3f,9,1,1,0,1,0,0,,
raw_expression,dynamic,long_rvos,de36065b5f,1,2,2,0,1,0,0,,
raw_expression,dynamic,long_rvos,de36065b5f,2,2,2,0,1,0,0,,
raw_expression,dynamic,long_rvos,de36065b5f,3,2,2,0,1,0,0,,
raw_expression,dynamic,long_rvos,e29fbdf03c,1,2,2,0,1,0,0,,
raw_expression,dynamic,long_rvos,e29fbdf03c,2,2,2,0,1,0,0,,
raw_expression,dynamic,long_rvos,e29fbdf03c,3,2,2,0,1,0,0,,
raw_expression,dynamic,long_rvos,e6f1a061ea,1,2,2,0,1,0,0,,
raw_expression,dynamic,long_rvos,e6f1a061ea,3,2,2,0,1,0,0,,
raw_expression,dynamic,long_rvos,e6f1a061ea,4,2,2,0,1,0,0,,
raw_expression,dynamic,long_rvos,e6f1a061ea,6,2,2,0,1,0,0,,
raw_expression,dynamic,long_rvos,e6f1a061ea,8,2,2,0,1,0,0,,
raw_expression,dynamic,long_rvos,e9b78ad8e7,1,1,1,0,1,0,0,,
raw_expression,dynamic,long_rvos,e9b78ad8e7,2,1,1,0,1,0,0,,
raw_expression,dynamic,long_rvos,ea6cfcc7cb,1,3,3,0,1,0,0,,
raw_expression,dynamic,long_rvos,ea6cfcc7cb,2,2,2,0,1,0,0,,
raw_expression,dynamic,long_rvos,ea6cfcc7cb,3,1,1,0,1,0,0,,
raw_expression,dynamic,long_rvos,f3864705c4,1,2,2,0,1,0,0,,
raw_expression,dynamic,long_rvos,f3864705c4,2,1,1,0,1,0,0,,
raw_expression,dynamic,long_rvos,f3864705c4,3,1,1,0,1,0,0,,
raw_expression,dynamic,long_rvos,f3fdaa2e8b,1,2,2,0,1,0,0,,
raw_expression,dynamic,long_rvos,f3fdaa2e8b,2,2,1,1,0,1,0,7,long_rvos/f3fdaa2e8b/2/7/raw_expression
raw_expression,dynamic,long_rvos,f6f82de62a,1,1,1,0,1,0,0,,
raw_expression,dynamic,long_rvos,f6f82de62a,2,1,1,0,1,0,0,,
raw_expression,dynamic,long_rvos,f771c97b16,1,2,2,0,1,0,0,,
raw_expression,dynamic,long_rvos,f771c97b16,2,2,2,0,1,0,0,,
raw_expression,dynamic,long_rvos,f771c97b16,3,2,2,0,1,0,0,,
raw_expression,dynamic,long_rvos,f771c97b16,4,1,1,0,1,0,0,,
raw_expression,dynamic,long_rvos,f771c97b16,5,1,1,0,1,0,0,,
raw_expression,dynamic,long_rvos,f771c97b16,6,2,2,0,1,0,0,,
raw_expression,dynamic,long_rvos,f771c97b16,7,2,2,0,1,0,0,,
raw_expression,dynamic,long_rvos,fb8caa28e4,1,1,1,0,1,0,0,,
raw_expression,dynamic,long_rvos,fb8caa28e4,2,1,1,0,1,0,0,,
raw_expression,dynamic,long_rvos,fb8caa28e4,3,1,1,0,1,0,0,,
raw_expression,dynamic,long_rvos,fb8caa28e4,4,1,1,0,1,0,0,,
raw_expression,dynamic,long_rvos,fb8caa28e4,5,1,1,0,1,0,0,,
raw_expression,dynamic,long_rvos,fb8caa28e4,6,1,1,0,1,0,0,,
raw_expression,dynamic,long_rvos,fb8caa28e4,7,1,1,0,1,0,0,,
raw_expression,dynamic,long_rvos,fb8caa28e4,9,1,1,0,1,0,0,,
raw_expression,hybrid,long_rvos,0102096b4c,1,1,1,0,1,0,0,,
raw_expression,hybrid,long_rvos,0102096b4c,2,2,2,0,1,0,0,,
raw_expression,hybrid,long_rvos,0310d3743b,1,1,1,0,1,0,0,,
raw_expression,hybrid,long_rvos,0310d3743b,2,1,1,0,1,0,0,,
raw_expression,hybrid,long_rvos,0560401ea3,1,1,1,0,1,0,0,,
raw_expression,hybrid,long_rvos,0560401ea3,2,1,1,0,1,0,0,,
raw_expression,hybrid,long_rvos,092ba1d6df,1,2,2,0,1,0,0,,
raw_expression,hybrid,long_rvos,092ba1d6df,2,1,1,0,1,0,0,,
raw_expression,hybrid,long_rvos,0d0ebe00cc,1,2,2,0,1,0,0,,
raw_expression,hybrid,long_rvos,0d0ebe00cc,2,2,2,0,1,0,0,,
raw_expression,hybrid,long_rvos,0d0ebe00cc,3,2,2,0,1,0,0,,
raw_expression,hybrid,long_rvos,1088228079,1,1,1,0,1,0,0,,
raw_expression,hybrid,long_rvos,1088228079,2,1,1,0,1,0,0,,
raw_expression,hybrid,long_rvos,1088228079,3,1,1,0,1,0,0,,
raw_expression,hybrid,long_rvos,1088228079,4,1,1,0,1,0,0,,
raw_expression,hybrid,long_rvos,119777f4c0,1,1,1,0,1,0,0,,
raw_expression,hybrid,long_rvos,119777f4c0,2,1,1,0,1,0,0,,
raw_expression,hybrid,long_rvos,119777f4c0,3,1,1,0,1,0,0,,
raw_expression,hybrid,long_rvos,18b160d3a7,1,1,1,0,1,0,0,,
raw_expression,hybrid,long_rvos,18b160d3a7,2,1,1,0,1,0,0,,
raw_expression,hybrid,long_rvos,18b160d3a7,3,1,1,0,1,0,0,,
raw_expression,hybrid,long_rvos,18b160d3a7,4,1,1,0,1,0,0,,
raw_expression,hybrid,long_rvos,1a5dead3e3,1,1,1,0,1,0,0,,
raw_expression,hybrid,long_rvos,1a5dead3e3,2,1,1,0,1,0,0,,
raw_expression,hybrid,long_rvos,20eaede0fb,1,2,2,0,1,0,0,,
raw_expression,hybrid,long_rvos,20eaede0fb,2,1,1,0,1,0,0,,
raw_expression,hybrid,long_rvos,2179ba2ef3,1,1,1,0,1,0,0,,
raw_expression,hybrid,long_rvos,22680d3b50,1,1,1,0,1,0,0,,
raw_expression,hybrid,long_rvos,22680d3b50,4,2,2,0,1,0,0,,
raw_expression,hybrid,long_rvos,235ff86d37,1,1,1,0,1,0,0,,
raw_expression,hybrid,long_rvos,235ff86d37,2,1,1,0,1,0,0,,
raw_expression,hybrid,long_rvos,235ff86d37,3,1,1,0,1,0,0,,
raw_expression,hybrid,long_rvos,235ff86d37,4,1,1,0,1,0,0,,
raw_expression,hybrid,long_rvos,24b7b95ca4,1,2,2,0,1,0,0,,
raw_expression,hybrid,long_rvos,24b7b95ca4,2,1,1,0,1,0,0,,
raw_expression,hybrid,long_rvos,24b7b95ca4,3,1,1,0,1,0,0,,
raw_expression,hybrid,long_rvos,24b7b95ca4,4,1,1,0,1,0,0,,
raw_expression,hybrid,long_rvos,24b7b95ca4,5,1,1,0,1,0,0,,
raw_expression,hybrid,long_rvos,2683deffcb,1,1,1,0,1,0,0,,
raw_expression,hybrid,long_rvos,2683deffcb,2,1,1,0,1,0,0,,
raw_expression,hybrid,long_rvos,2980a00b04,1,2,2,0,1,0,0,,
raw_expression,hybrid,long_rvos,2980a00b04,2,1,1,0,1,0,0,,
raw_expression,hybrid,long_rvos,2980a00b04,3,1,1,0,1,0,0,,
raw_expression,hybrid,long_rvos,2a87bea97e,1,2,2,0,1,0,0,,
raw_expression,hybrid,long_rvos,2a87bea97e,2,2,2,0,1,0,0,,
raw_expression,hybrid,long_rvos,2a87bea97e,3,1,1,0,1,0,0,,
raw_expression,hybrid,long_rvos,2abb12f2f7,1,1,1,0,1,0,0,,
raw_expression,hybrid,long_rvos,2abb12f2f7,2,1,1,0,1,0,0,,
raw_expression,hybrid,long_rvos,2c4cbde1aa,1,1,1,0,1,0,0,,
raw_expression,hybrid,long_rvos,2c4cbde1aa,2,1,1,0,1,0,0,,
raw_expression,hybrid,long_rvos,30c20fb4c1,1,1,1,0,1,0,0,,
raw_expression,hybrid,long_rvos,30c20fb4c1,2,1,1,0,1,0,0,,
raw_expression,hybrid,long_rvos,30c20fb4c1,3,1,1,0,1,0,0,,
raw_expression,hybrid,long_rvos,30f4d962f9,1,1,1,0,1,0,0,,
raw_expression,hybrid,long_rvos,30f4d962f9,2,1,1,0,1,0,0,,
raw_expression,hybrid,long_rvos,31a352c169,1,1,1,0,1,0,0,,
raw_expression,hybrid,long_rvos,31a352c169,2,1,1,0,1,0,0,,
raw_expression,hybrid,long_rvos,31a352c169,3,1,1,0,1,0,0,,
raw_expression,hybrid,long_rvos,3584fff834,1,2,2,0,1,0,0,,
raw_expression,hybrid,long_rvos,3584fff834,2,1,1,0,1,0,0,,
raw_expression,hybrid,long_rvos,3584fff834,3,1,1,0,1,0,0,,
raw_expression,hybrid,long_rvos,3584fff834,4,2,2,0,1,0,0,,
raw_expression,hybrid,long_rvos,39db436191,2,1,1,0,1,0,0,,
raw_expression,hybrid,long_rvos,39db436191,3,1,1,0,1,0,0,,
raw_expression,hybrid,long_rvos,39db436191,4,1,1,0,1,0,0,,
raw_expression,hybrid,long_rvos,3c1a33d13b,1,2,2,0,1,0,0,,
raw_expression,hybrid,long_rvos,3c1a33d13b,2,2,2,0,1,0,0,,
raw_expression,hybrid,long_rvos,3f4b67edff,1,2,2,0,1,0,0,,
raw_expression,hybrid,long_rvos,3f4b67edff,2,2,2,0,1,0,0,,
raw_expression,hybrid,long_rvos,3f4b67edff,3,2,2,0,1,0,0,,
raw_expression,hybrid,long_rvos,40d66b2614,1,2,2,0,1,0,0,,
raw_expression,hybrid,long_rvos,40d66b2614,2,2,2,0,1,0,0,,
raw_expression,hybrid,long_rvos,41c5109249,1,1,1,0,1,0,0,,
raw_expression,hybrid,long_rvos,41c5109249,2,1,1,0,1,0,0,,
raw_expression,hybrid,long_rvos,41c5109249,3,1,1,0,1,0,0,,
raw_expression,hybrid,long_rvos,4ec9dcf90d,1,1,1,0,1,0,0,,
raw_expression,hybrid,long_rvos,4ec9dcf90d,2,1,1,0,1,0,0,,
raw_expression,hybrid,long_rvos,5c0c9c0098,1,1,1,0,1,0,0,,
raw_expression,hybrid,long_rvos,5c0c9c0098,2,1,1,0,1,0,0,,
raw_expression,hybrid,long_rvos,5c0c9c0098,3,1,1,0,1,0,0,,
raw_expression,hybrid,long_rvos,5d262b025c,1,1,1,0,1,0,0,,
raw_expression,hybrid,long_rvos,5d262b025c,10,1,1,0,1,0,0,,
raw_expression,hybrid,long_rvos,5d262b025c,2,1,1,0,1,0,0,,
raw_expression,hybrid,long_rvos,5d262b025c,3,1,1,0,1,0,0,,
raw_expression,hybrid,long_rvos,5d262b025c,4,1,1,0,1,0,0,,
raw_expression,hybrid,long_rvos,5d262b025c,5,1,1,0,1,0,0,,
raw_expression,hybrid,long_rvos,5d262b025c,6,1,1,0,1,0,0,,
raw_expression,hybrid,long_rvos,5d262b025c,7,1,1,0,1,0,0,,
raw_expression,hybrid,long_rvos,5d262b025c,8,1,1,0,1,0,0,,
raw_expression,hybrid,long_rvos,5d262b025c,9,1,1,0,1,0,0,,
raw_expression,hybrid,long_rvos,5d2c735adb,1,1,1,0,1,0,0,,
raw_expression,hybrid,long_rvos,5d2c735adb,2,1,1,0,1,0,0,,
raw_expression,hybrid,long_rvos,5d2c735adb,3,1,1,0,1,0,0,,
raw_expression,hybrid,long_rvos,5d2c735adb,4,1,1,0,1,0,0,,
raw_expression,hybrid,long_rvos,60737ed642,1,1,1,0,1,0,0,,
raw_expression,hybrid,long_rvos,60737ed642,2,1,1,0,1,0,0,,
raw_expression,hybrid,long_rvos,60737ed642,3,1,1,0,1,0,0,,
raw_expression,hybrid,long_rvos,68170c3f7a,1,1,1,0,1,0,0,,
raw_expression,hybrid,long_rvos,68170c3f7a,2,1,1,0,1,0,0,,
raw_expression,hybrid,long_rvos,6a1db02e31,1,2,2,0,1,0,0,,
raw_expression,hybrid,long_rvos,6a1db02e31,2,2,2,0,1,0,0,,
raw_expression,hybrid,long_rvos,6bf32cc0d5,1,2,2,0,1,0,0,,
raw_expression,hybrid,long_rvos,6bf32cc0d5,2,1,1,0,1,0,0,,
raw_expression,hybrid,long_rvos,6bf32cc0d5,3,1,1,0,1,0,0,,
raw_expression,hybrid,long_rvos,6d76f5cbc2,1,2,2,0,1,0,0,,
raw_expression,hybrid,long_rvos,6d76f5cbc2,2,2,2,0,1,0,0,,
raw_expression,hybrid,long_rvos,6db18ab93a,1,2,2,0,1,0,0,,
raw_expression,hybrid,long_rvos,6db18ab93a,2,2,2,0,1,0,0,,
raw_expression,hybrid,long_rvos,6fb7a04167,10,1,1,0,1,0,0,,
raw_expression,hybrid,long_rvos,6fb7a04167,12,1,1,0,1,0,0,,
raw_expression,hybrid,long_rvos,6fb7a04167,13,1,1,0,1,0,0,,
raw_expression,hybrid,long_rvos,6fb7a04167,14,1,1,0,1,0,0,,
raw_expression,hybrid,long_rvos,6fb7a04167,15,1,1,0,1,0,0,,
raw_expression,hybrid,long_rvos,6fb7a04167,16,1,1,0,1,0,0,,
raw_expression,hybrid,long_rvos,7bdbd4f32f,1,2,2,0,1,0,0,,
raw_expression,hybrid,long_rvos,7bdbd4f32f,2,2,2,0,1,0,0,,
raw_expression,hybrid,long_rvos,7bdbd4f32f,3,2,2,0,1,0,0,,
raw_expression,hybrid,long_rvos,7caa203c75,1,1,1,0,1,0,0,,
raw_expression,hybrid,long_rvos,7caa203c75,2,1,1,0,1,0,0,,
raw_expression,hybrid,long_rvos,8086f00d3d,1,2,2,0,1,0,0,,
raw_expression,hybrid,long_rvos,8086f00d3d,2,2,2,0,1,0,0,,
raw_expression,hybrid,long_rvos,8093ebd9a3,1,2,2,0,1,0,0,,
raw_expression,hybrid,long_rvos,8093ebd9a3,2,2,2,0,1,0,0,,
raw_expression,hybrid,long_rvos,8093ebd9a3,3,1,1,0,1,0,0,,
raw_expression,hybrid,long_rvos,8290c48fcb,1,1,1,0,1,0,0,,
raw_expression,hybrid,long_rvos,8290c48fcb,2,1,1,0,1,0,0,,
raw_expression,hybrid,long_rvos,8290c48fcb,3,1,1,0,1,0,0,,
raw_expression,hybrid,long_rvos,8290c48fcb,4,1,1,0,1,0,0,,
raw_expression,hybrid,long_rvos,8290c48fcb,5,1,1,0,1,0,0,,
raw_expression,hybrid,long_rvos,8290c48fcb,6,1,1,0,1,0,0,,
raw_expression,hybrid,long_rvos,8290c48fcb,8,1,1,0,1,0,0,,
raw_expression,hybrid,long_rvos,8290c48fcb,9,1,1,0,1,0,0,,
raw_expression,hybrid,long_rvos,84dc481247,1,2,2,0,1,0,0,,
raw_expression,hybrid,long_rvos,84dc481247,2,2,2,0,1,0,0,,
raw_expression,hybrid,long_rvos,84dc481247,3,1,1,0,1,0,0,,
raw_expression,hybrid,long_rvos,882e8c62d3,1,1,1,0,1,0,0,,
raw_expression,hybrid,long_rvos,882e8c62d3,2,1,1,0,1,0,0,,
raw_expression,hybrid,long_rvos,882e8c62d3,7,1,1,0,1,0,0,,
raw_expression,hybrid,long_rvos,8847e5550e,1,1,1,0,1,0,0,,
raw_expression,hybrid,long_rvos,8847e5550e,2,1,1,0,1,0,0,,
raw_expression,hybrid,long_rvos,8b0e20e373,1,2,2,0,1,0,0,,
raw_expression,hybrid,long_rvos,8b0e20e373,2,1,1,0,1,0,0,,
raw_expression,hybrid,long_rvos,939b6aed6d,1,1,1,0,1,0,0,,
raw_expression,hybrid,long_rvos,939b6aed6d,2,1,1,0,1,0,0,,
raw_expression,hybrid,long_rvos,939b6aed6d,3,1,1,0,1,0,0,,
raw_expression,hybrid,long_rvos,939b6aed6d,4,1,1,0,1,0,0,,
raw_expression,hybrid,long_rvos,939b6aed6d,5,1,1,0,1,0,0,,
raw_expression,hybrid,long_rvos,939b6aed6d,6,1,1,0,1,0,0,,
raw_expression,hybrid,long_rvos,939b6aed6d,7,1,1,0,1,0,0,,
raw_expression,hybrid,long_rvos,976257d833,1,2,2,0,1,0,0,,
raw_expression,hybrid,long_rvos,976257d833,2,2,2,0,1,0,0,,
raw_expression,hybrid,long_rvos,989204d6f2,1,1,1,0,1,0,0,,
raw_expression,hybrid,long_rvos,989204d6f2,2,1,1,0,1,0,0,,
raw_expression,hybrid,long_rvos,99cc4e6bcd,1,1,1,0,1,0,0,,
raw_expression,hybrid,long_rvos,99cc4e6bcd,2,1,1,0,1,0,0,,
raw_expression,hybrid,long_rvos,99cc4e6bcd,3,2,2,0,1,0,0,,
raw_expression,hybrid,long_rvos,9bc92f09e0,1,1,1,0,1,0,0,,
raw_expression,hybrid,long_rvos,9bc92f09e0,2,1,1,0,1,0,0,,
raw_expression,hybrid,long_rvos,9c1297ecd3,1,2,2,0,1,0,0,,
raw_expression,hybrid,long_rvos,9c1297ecd3,2,2,2,0,1,0,0,,
raw_expression,hybrid,long_rvos,a287c27dad,1,1,1,0,1,0,0,,
raw_expression,hybrid,long_rvos,a3f2b5d434,1,3,3,0,1,0,0,,
raw_expression,hybrid,long_rvos,a3f2b5d434,2,3,3,0,1,0,0,,
raw_expression,hybrid,long_rvos,a500f0e77c,1,1,1,0,1,0,0,,
raw_expression,hybrid,long_rvos,a595411232,1,2,2,0,1,0,0,,
raw_expression,hybrid,long_rvos,a595411232,2,2,2,0,1,0,0,,
raw_expression,hybrid,long_rvos,a595411232,3,2,2,0,1,0,0,,
raw_expression,hybrid,long_rvos,a595411232,4,2,2,0,1,0,0,,
raw_expression,hybrid,long_rvos,a8b6fd5e4d,1,2,2,0,1,0,0,,
raw_expression,hybrid,long_rvos,a8b6fd5e4d,2,2,2,0,1,0,0,,
raw_expression,hybrid,long_rvos,af3ad95fe0,1,1,1,0,1,0,0,,
raw_expression,hybrid,long_rvos,af3ad95fe0,2,1,1,0,1,0,0,,
raw_expression,hybrid,long_rvos,af3ad95fe0,3,1,1,0,1,0,0,,
raw_expression,hybrid,long_rvos,af3ad95fe0,4,1,1,0,1,0,0,,
raw_expression,hybrid,long_rvos,af3ad95fe0,5,1,1,0,1,0,0,,
raw_expression,hybrid,long_rvos,af3ad95fe0,6,1,1,0,1,0,0,,
raw_expression,hybrid,long_rvos,af7297f0db,1,1,1,0,1,0,0,,
raw_expression,hybrid,long_rvos,af7297f0db,2,1,1,0,1,0,0,,
raw_expression,hybrid,long_rvos,af7297f0db,3,1,1,0,1,0,0,,
raw_expression,hybrid,long_rvos,b231a02b87,3,1,1,0,1,0,0,,
raw_expression,hybrid,long_rvos,b4a5ada352,1,1,1,0,1,0,0,,
raw_expression,hybrid,long_rvos,b4a5ada352,2,1,1,0,1,0,0,,
raw_expression,hybrid,long_rvos,b5c9c04bf9,2,1,1,0,1,0,0,,
raw_expression,hybrid,long_rvos,b5c9c04bf9,5,1,1,0,1,0,0,,
raw_expression,hybrid,long_rvos,b5c9c04bf9,6,1,1,0,1,0,0,,
raw_expression,hybrid,long_rvos,bd4aefda10,1,1,1,0,1,0,0,,
raw_expression,hybrid,long_rvos,bd4aefda10,2,1,1,0,1,0,0,,
raw_expression,hybrid,long_rvos,bda2f20019,1,2,2,0,1,0,0,,
raw_expression,hybrid,long_rvos,bda2f20019,2,2,2,0,1,0,0,,
raw_expression,hybrid,long_rvos,bda2f20019,3,2,2,0,1,0,0,,
raw_expression,hybrid,long_rvos,bda2f20019,4,2,2,0,1,0,0,,
raw_expression,hybrid,long_rvos,bed1347f23,1,1,1,0,1,0,0,,
raw_expression,hybrid,long_rvos,bed1347f23,2,1,1,0,1,0,0,,
raw_expression,hybrid,long_rvos,c4638cc87e,1,2,2,0,1,0,0,,
raw_expression,hybrid,long_rvos,c4638cc87e,2,2,2,0,1,0,0,,
raw_expression,hybrid,long_rvos,c4638cc87e,3,2,2,0,1,0,0,,
raw_expression,hybrid,long_rvos,c5c9b749d4,1,2,2,0,1,0,0,,
raw_expression,hybrid,long_rvos,c5c9b749d4,2,2,2,0,1,0,0,,
raw_expression,hybrid,long_rvos,c6bb21356b,1,1,1,0,1,0,0,,
raw_expression,hybrid,long_rvos,c6bb21356b,2,1,1,0,1,0,0,,
raw_expression,hybrid,long_rvos,c6bb21356b,3,1,1,0,1,0,0,,
raw_expression,hybrid,long_rvos,c733601fcd,1,1,1,0,1,0,0,,
raw_expression,hybrid,long_rvos,c733601fcd,2,1,1,0,1,0,0,,
raw_expression,hybrid,long_rvos,c73c2a03a0,1,1,1,0,1,0,0,,
raw_expression,hybrid,long_rvos,c73c2a03a0,2,1,1,0,1,0,0,,
raw_expression,hybrid,long_rvos,cc132d2e39,1,3,3,0,1,0,0,,
raw_expression,hybrid,long_rvos,cc132d2e39,2,3,3,0,1,0,0,,
raw_expression,hybrid,long_rvos,cfaeae5706,1,1,1,0,1,0,0,,
raw_expression,hybrid,long_rvos,cfaeae5706,2,1,1,0,1,0,0,,
raw_expression,hybrid,long_rvos,cfaeae5706,4,1,1,0,1,0,0,,
raw_expression,hybrid,long_rvos,d33c8343bc,1,1,1,0,1,0,0,,
raw_expression,hybrid,long_rvos,d33c8343bc,2,1,1,0,1,0,0,,
raw_expression,hybrid,long_rvos,d33c8343bc,3,1,1,0,1,0,0,,
raw_expression,hybrid,long_rvos,d33c8343bc,4,1,1,0,1,0,0,,
raw_expression,hybrid,long_rvos,dca31590b8,1,2,1,1,0,1,0,9,long_rvos/dca31590b8/1/9/raw_expression
raw_expression,hybrid,long_rvos,dca31590b8,2,2,2,0,1,0,0,,
raw_expression,hybrid,long_rvos,ddc213ba3f,1,1,1,0,1,0,0,,
raw_expression,hybrid,long_rvos,ddc213ba3f,2,1,1,0,1,0,0,,
raw_expression,hybrid,long_rvos,ddc213ba3f,3,1,1,0,1,0,0,,
raw_expression,hybrid,long_rvos,ddc213ba3f,4,1,1,0,1,0,0,,
raw_expression,hybrid,long_rvos,ddc213ba3f,5,1,1,0,1,0,0,,
raw_expression,hybrid,long_rvos,ddc213ba3f,6,1,1,0,1,0,0,,
raw_expression,hybrid,long_rvos,ddc213ba3f,7,1,1,0,1,0,0,,
raw_expression,hybrid,long_rvos,ddc213ba3f,8,1,1,0,1,0,0,,
raw_expression,hybrid,long_rvos,ddc213ba3f,9,1,1,0,1,0,0,,
raw_expression,hybrid,long_rvos,de36065b5f,1,2,2,0,1,0,0,,
raw_expression,hybrid,long_rvos,de36065b5f,2,2,2,0,1,0,0,,
raw_expression,hybrid,long_rvos,de36065b5f,3,2,2,0,1,0,0,,
raw_expression,hybrid,long_rvos,e29fbdf03c,1,2,2,0,1,0,0,,
raw_expression,hybrid,long_rvos,e29fbdf03c,2,2,2,0,1,0,0,,
raw_expression,hybrid,long_rvos,e29fbdf03c,3,2,2,0,1,0,0,,
raw_expression,hybrid,long_rvos,e6f1a061ea,1,2,2,0,1,0,0,,
raw_expression,hybrid,long_rvos,e6f1a061ea,3,2,2,0,1,0,0,,
raw_expression,hybrid,long_rvos,e6f1a061ea,4,2,2,0,1,0,0,,
raw_expression,hybrid,long_rvos,e6f1a061ea,6,2,2,0,1,0,0,,
raw_expression,hybrid,long_rvos,e6f1a061ea,8,2,2,0,1,0,0,,
raw_expression,hybrid,long_rvos,e9b78ad8e7,1,1,1,0,1,0,0,,
raw_expression,hybrid,long_rvos,e9b78ad8e7,2,1,1,0,1,0,0,,
raw_expression,hybrid,long_rvos,ea6cfcc7cb,1,1,1,0,1,0,0,,
raw_expression,hybrid,long_rvos,ea6cfcc7cb,2,1,1,0,1,0,0,,
raw_expression,hybrid,long_rvos,ea6cfcc7cb,3,1,1,0,1,0,0,,
raw_expression,hybrid,long_rvos,f3864705c4,1,2,2,0,1,0,0,,
raw_expression,hybrid,long_rvos,f3864705c4,2,1,1,0,1,0,0,,
raw_expression,hybrid,long_rvos,f3864705c4,3,1,1,0,1,0,0,,
raw_expression,hybrid,long_rvos,f3fdaa2e8b,1,2,2,0,1,0,0,,
raw_expression,hybrid,long_rvos,f3fdaa2e8b,2,2,2,0,1,0,0,,
raw_expression,hybrid,long_rvos,f6f82de62a,1,1,1,0,1,0,0,,
raw_expression,hybrid,long_rvos,f6f82de62a,2,1,1,0,1,0,0,,
raw_expression,hybrid,long_rvos,f771c97b16,1,1,1,0,1,0,0,,
raw_expression,hybrid,long_rvos,f771c97b16,2,1,1,0,1,0,0,,
raw_expression,hybrid,long_rvos,f771c97b16,3,1,1,0,1,0,0,,
raw_expression,hybrid,long_rvos,f771c97b16,4,2,2,0,1,0,0,,
raw_expression,hybrid,long_rvos,f771c97b16,5,2,2,0,1,0,0,,
raw_expression,hybrid,long_rvos,f771c97b16,6,1,1,0,1,0,0,,
raw_expression,hybrid,long_rvos,f771c97b16,7,1,1,0,1,0,0,,
raw_expression,hybrid,long_rvos,fb8caa28e4,1,1,1,0,1,0,0,,
raw_expression,hybrid,long_rvos,fb8caa28e4,2,1,1,0,1,0,0,,
raw_expression,hybrid,long_rvos,fb8caa28e4,3,1,1,0,1,0,0,,
raw_expression,hybrid,long_rvos,fb8caa28e4,4,1,1,0,1,0,0,,
raw_expression,hybrid,long_rvos,fb8caa28e4,5,1,1,0,1,0,0,,
raw_expression,hybrid,long_rvos,fb8caa28e4,6,1,1,0,1,0,0,,
raw_expression,hybrid,long_rvos,fb8caa28e4,7,1,1,0,1,0,0,,
raw_expression,hybrid,long_rvos,fb8caa28e4,9,1,1,0,1,0,0,,
raw_expression,static,long_rvos,0102096b4c,1,2,2,0,1,0,0,,
raw_expression,static,long_rvos,0102096b4c,2,2,2,0,1,0,0,,
raw_expression,static,long_rvos,0310d3743b,1,2,2,0,1,0,0,,
raw_expression,static,long_rvos,0310d3743b,2,2,2,0,1,0,0,,
raw_expression,static,long_rvos,0310d3743b,3,1,1,0,1,0,0,,
raw_expression,static,long_rvos,046ee6aa1a,1,1,1,0,1,0,0,,
raw_expression,static,long_rvos,046ee6aa1a,2,1,1,0,1,0,0,,
raw_expression,static,long_rvos,0560401ea3,1,2,2,0,1,0,0,,
raw_expression,static,long_rvos,0560401ea3,2,2,2,0,1,0,0,,
raw_expression,static,long_rvos,092ba1d6df,1,2,2,0,1,0,0,,
raw_expression,static,long_rvos,092ba1d6df,2,2,1,1,0,1,0,4,long_rvos/092ba1d6df/2/4/raw_expression
raw_expression,static,long_rvos,0d0ebe00cc,1,2,2,0,1,0,0,,
raw_expression,static,long_rvos,0d0ebe00cc,2,2,2,0,1,0,0,,
raw_expression,static,long_rvos,0d0ebe00cc,3,2,2,0,1,0,0,,
raw_expression,static,long_rvos,1088228079,1,1,1,0,1,0,0,,
raw_expression,static,long_rvos,1088228079,2,1,1,0,1,0,0,,
raw_expression,static,long_rvos,1088228079,3,1,1,0,1,0,0,,
raw_expression,static,long_rvos,1088228079,4,1,1,0,1,0,0,,
raw_expression,static,long_rvos,119777f4c0,1,2,2,0,1,0,0,,
raw_expression,static,long_rvos,119777f4c0,2,2,2,0,1,0,0,,
raw_expression,static,long_rvos,119777f4c0,3,2,2,0,1,0,0,,
raw_expression,static,long_rvos,18b160d3a7,1,2,2,0,1,0,0,,
raw_expression,static,long_rvos,18b160d3a7,2,1,1,0,1,0,0,,
raw_expression,static,long_rvos,18b160d3a7,3,2,2,0,1,0,0,,
raw_expression,static,long_rvos,18b160d3a7,4,1,1,0,1,0,0,,
raw_expression,static,long_rvos,1a5dead3e3,1,1,1,0,1,0,0,,
raw_expression,static,long_rvos,1a5dead3e3,2,1,1,0,1,0,0,,
raw_expression,static,long_rvos,20eaede0fb,1,2,2,0,1,0,0,,
raw_expression,static,long_rvos,20eaede0fb,2,1,1,0,1,0,0,,
raw_expression,static,long_rvos,2179ba2ef3,1,1,1,0,1,0,0,,
raw_expression,static,long_rvos,22680d3b50,1,2,2,0,1,0,0,,
raw_expression,static,long_rvos,22680d3b50,4,2,2,0,1,0,0,,
raw_expression,static,long_rvos,235ff86d37,1,1,1,0,1,0,0,,
raw_expression,static,long_rvos,235ff86d37,2,1,1,0,1,0,0,,
raw_expression,static,long_rvos,235ff86d37,3,1,1,0,1,0,0,,
raw_expression,static,long_rvos,235ff86d37,4,1,1,0,1,0,0,,
raw_expression,static,long_rvos,24b7b95ca4,1,2,2,0,1,0,0,,
raw_expression,static,long_rvos,24b7b95ca4,2,2,2,0,1,0,0,,
raw_expression,static,long_rvos,24b7b95ca4,3,2,2,0,1,0,0,,
raw_expression,static,long_rvos,24b7b95ca4,4,1,1,0,1,0,0,,
raw_expression,static,long_rvos,24b7b95ca4,5,2,2,0,1,0,0,,
raw_expression,static,long_rvos,2683deffcb,1,1,1,0,1,0,0,,
raw_expression,static,long_rvos,2683deffcb,2,1,1,0,1,0,0,,
raw_expression,static,long_rvos,28ff632792,1,1,1,0,1,0,0,,
raw_expression,static,long_rvos,28ff632792,2,1,1,0,1,0,0,,
raw_expression,static,long_rvos,28ff632792,5,1,1,0,1,0,0,,
raw_expression,static,long_rvos,2980a00b04,1,2,2,0,1,0,0,,
raw_expression,static,long_rvos,2980a00b04,2,2,2,0,1,0,0,,
raw_expression,static,long_rvos,2980a00b04,3,2,2,0,1,0,0,,
raw_expression,static,long_rvos,2a87bea97e,1,2,2,0,1,0,0,,
raw_expression,static,long_rvos,2a87bea97e,2,2,2,0,1,0,0,,
raw_expression,static,long_rvos,2a87bea97e,3,2,2,0,1,0,0,,
raw_expression,static,long_rvos,2abb12f2f7,1,1,1,0,1,0,0,,
raw_expression,static,long_rvos,2abb12f2f7,2,1,1,0,1,0,0,,
raw_expression,static,long_rvos,2c4cbde1aa,1,2,2,0,1,0,0,,
raw_expression,static,long_rvos,2c4cbde1aa,2,2,2,0,1,0,0,,
raw_expression,static,long_rvos,2cfdc294c5,1,2,2,0,1,0,0,,
raw_expression,static,long_rvos,2cfdc294c5,2,2,2,0,1,0,0,,
raw_expression,static,long_rvos,30c20fb4c1,1,2,2,0,1,0,0,,
raw_expression,static,long_rvos,30c20fb4c1,2,2,2,0,1,0,0,,
raw_expression,static,long_rvos,30c20fb4c1,3,2,2,0,1,0,0,,
raw_expression,static,long_rvos,30f4d962f9,1,1,1,0,1,0,0,,
raw_expression,static,long_rvos,30f4d962f9,2,1,1,0,1,0,0,,
raw_expression,static,long_rvos,31a352c169,1,2,2,0,1,0,0,,
raw_expression,static,long_rvos,31a352c169,2,2,2,0,1,0,0,,
raw_expression,static,long_rvos,31a352c169,3,2,2,0,1,0,0,,
raw_expression,static,long_rvos,3584fff834,1,2,2,0,1,0,0,,
raw_expression,static,long_rvos,3584fff834,2,2,2,0,1,0,0,,
raw_expression,static,long_rvos,3584fff834,3,1,1,0,1,0,0,,
raw_expression,static,long_rvos,3584fff834,4,2,2,0,1,0,0,,
raw_expression,static,long_rvos,39db436191,2,1,1,0,1,0,0,,
raw_expression,static,long_rvos,39db436191,3,1,1,0,1,0,0,,
raw_expression,static,long_rvos,39db436191,4,1,1,0,1,0,0,,
raw_expression,static,long_rvos,3c1a33d13b,1,2,2,0,1,0,0,,
raw_expression,static,long_rvos,3c1a33d13b,2,2,2,0,1,0,0,,
raw_expression,static,long_rvos,3f4b67edff,1,2,2,0,1,0,0,,
raw_expression,static,long_rvos,3f4b67edff,2,2,2,0,1,0,0,,
raw_expression,static,long_rvos,3f4b67edff,3,2,2,0,1,0,0,,
raw_expression,static,long_rvos,40d66b2614,1,2,2,0,1,0,0,,
raw_expression,static,long_rvos,40d66b2614,2,2,2,0,1,0,0,,
raw_expression,static,long_rvos,41c5109249,1,1,1,0,1,0,0,,
raw_expression,static,long_rvos,41c5109249,2,1,1,0,1,0,0,,
raw_expression,static,long_rvos,41c5109249,3,1,1,0,1,0,0,,
raw_expression,static,long_rvos,4ec9dcf90d,1,1,1,0,1,0,0,,
raw_expression,static,long_rvos,4ec9dcf90d,2,1,1,0,1,0,0,,
raw_expression,static,long_rvos,5c0c9c0098,1,2,2,0,1,0,0,,
raw_expression,static,long_rvos,5c0c9c0098,2,2,2,0,1,0,0,,
raw_expression,static,long_rvos,5c0c9c0098,3,1,1,0,1,0,0,,
raw_expression,static,long_rvos,5d262b025c,1,1,1,0,1,0,0,,
raw_expression,static,long_rvos,5d262b025c,10,1,1,0,1,0,0,,
raw_expression,static,long_rvos,5d262b025c,2,1,1,0,1,0,0,,
raw_expression,static,long_rvos,5d262b025c,3,1,1,0,1,0,0,,
raw_expression,static,long_rvos,5d262b025c,4,1,1,0,1,0,0,,
raw_expression,static,long_rvos,5d262b025c,5,1,1,0,1,0,0,,
raw_expression,static,long_rvos,5d262b025c,6,1,1,0,1,0,0,,
raw_expression,static,long_rvos,5d262b025c,7,1,1,0,1,0,0,,
raw_expression,static,long_rvos,5d262b025c,8,1,1,0,1,0,0,,
raw_expression,static,long_rvos,5d262b025c,9,1,1,0,1,0,0,,
raw_expression,static,long_rvos,5d2c735adb,1,1,1,0,1,0,0,,
raw_expression,static,long_rvos,5d2c735adb,2,1,1,0,1,0,0,,
raw_expression,static,long_rvos,5d2c735adb,3,1,1,0,1,0,0,,
raw_expression,static,long_rvos,5d2c735adb,4,1,1,0,1,0,0,,
raw_expression,static,long_rvos,60737ed642,1,1,1,0,1,0,0,,
raw_expression,static,long_rvos,60737ed642,2,1,1,0,1,0,0,,
raw_expression,static,long_rvos,60737ed642,3,1,1,0,1,0,0,,
raw_expression,static,long_rvos,68170c3f7a,1,2,2,0,1,0,0,,
raw_expression,static,long_rvos,68170c3f7a,2,2,2,0,1,0,0,,
raw_expression,static,long_rvos,6a1db02e31,1,2,2,0,1,0,0,,
raw_expression,static,long_rvos,6a1db02e31,2,2,2,0,1,0,0,,
raw_expression,static,long_rvos,6bf32cc0d5,1,2,2,0,1,0,0,,
raw_expression,static,long_rvos,6bf32cc0d5,2,2,2,0,1,0,0,,
raw_expression,static,long_rvos,6bf32cc0d5,3,2,2,0,1,0,0,,
raw_expression,static,long_rvos,6d76f5cbc2,1,2,2,0,1,0,0,,
raw_expression,static,long_rvos,6d76f5cbc2,2,2,2,0,1,0,0,,
raw_expression,static,long_rvos,6db18ab93a,1,2,2,0,1,0,0,,
raw_expression,static,long_rvos,6db18ab93a,2,2,2,0,1,0,0,,
raw_expression,static,long_rvos,6fb7a04167,10,2,2,0,1,0,0,,
raw_expression,static,long_rvos,6fb7a04167,12,2,2,0,1,0,0,,
raw_expression,static,long_rvos,6fb7a04167,13,2,2,0,1,0,0,,
raw_expression,static,long_rvos,6fb7a04167,14,2,2,0,1,0,0,,
raw_expression,static,long_rvos,6fb7a04167,15,2,2,0,1,0,0,,
raw_expression,static,long_rvos,6fb7a04167,16,2,2,0,1,0,0,,
raw_expression,static,long_rvos,7bdbd4f32f,1,2,2,0,1,0,0,,
raw_expression,static,long_rvos,7bdbd4f32f,2,2,2,0,1,0,0,,
raw_expression,static,long_rvos,7bdbd4f32f,3,2,2,0,1,0,0,,
raw_expression,static,long_rvos,7caa203c75,1,1,1,0,1,0,0,,
raw_expression,static,long_rvos,7caa203c75,2,1,1,0,1,0,0,,
raw_expression,static,long_rvos,8086f00d3d,1,2,2,0,1,0,0,,
raw_expression,static,long_rvos,8086f00d3d,2,2,2,0,1,0,0,,
raw_expression,static,long_rvos,8093ebd9a3,1,2,2,0,1,0,0,,
raw_expression,static,long_rvos,8093ebd9a3,2,2,2,0,1,0,0,,
raw_expression,static,long_rvos,8093ebd9a3,3,1,1,0,1,0,0,,
raw_expression,static,long_rvos,8290c48fcb,1,1,1,0,1,0,0,,
raw_expression,static,long_rvos,8290c48fcb,2,1,1,0,1,0,0,,
raw_expression,static,long_rvos,8290c48fcb,3,1,1,0,1,0,0,,
raw_expression,static,long_rvos,8290c48fcb,4,1,1,0,1,0,0,,
raw_expression,static,long_rvos,8290c48fcb,5,1,1,0,1,0,0,,
raw_expression,static,long_rvos,8290c48fcb,6,1,1,0,1,0,0,,
raw_expression,static,long_rvos,8290c48fcb,7,1,1,0,1,0,0,,
raw_expression,static,long_rvos,8290c48fcb,8,1,1,0,1,0,0,,
raw_expression,static,long_rvos,8290c48fcb,9,1,1,0,1,0,0,,
raw_expression,static,long_rvos,84dc481247,1,2,2,0,1,0,0,,
raw_expression,static,long_rvos,84dc481247,2,2,2,0,1,0,0,,
raw_expression,static,long_rvos,84dc481247,3,2,2,0,1,0,0,,
raw_expression,static,long_rvos,882e8c62d3,1,1,1,0,1,0,0,,
raw_expression,static,long_rvos,882e8c62d3,2,1,1,0,1,0,0,,
raw_expression,static,long_rvos,882e8c62d3,7,1,1,0,1,0,0,,
raw_expression,static,long_rvos,8847e5550e,1,1,1,0,1,0,0,,
raw_expression,static,long_rvos,8847e5550e,2,1,1,0,1,0,0,,
raw_expression,static,long_rvos,8b0e20e373,1,1,1,0,1,0,0,,
raw_expression,static,long_rvos,8b0e20e373,2,1,1,0,1,0,0,,
raw_expression,static,long_rvos,939b6aed6d,1,2,2,0,1,0,0,,
raw_expression,static,long_rvos,939b6aed6d,2,2,2,0,1,0,0,,
raw_expression,static,long_rvos,939b6aed6d,3,2,2,0,1,0,0,,
raw_expression,static,long_rvos,939b6aed6d,4,2,2,0,1,0,0,,
raw_expression,static,long_rvos,939b6aed6d,5,2,2,0,1,0,0,,
raw_expression,static,long_rvos,939b6aed6d,6,2,2,0,1,0,0,,
raw_expression,static,long_rvos,939b6aed6d,7,2,2,0,1,0,0,,
raw_expression,static,long_rvos,976257d833,1,2,2,0,1,0,0,,
raw_expression,static,long_rvos,976257d833,2,2,2,0,1,0,0,,
raw_expression,static,long_rvos,989204d6f2,1,2,2,0,1,0,0,,
raw_expression,static,long_rvos,989204d6f2,2,2,2,0,1,0,0,,
raw_expression,static,long_rvos,99cc4e6bcd,1,1,1,0,1,0,0,,
raw_expression,static,long_rvos,99cc4e6bcd,2,1,1,0,1,0,0,,
raw_expression,static,long_rvos,99cc4e6bcd,3,2,2,0,1,0,0,,
raw_expression,static,long_rvos,9bc92f09e0,1,2,2,0,1,0,0,,
raw_expression,static,long_rvos,9bc92f09e0,2,2,2,0,1,0,0,,
raw_expression,static,long_rvos,9c1297ecd3,1,2,2,0,1,0,0,,
raw_expression,static,long_rvos,9c1297ecd3,2,2,2,0,1,0,0,,
raw_expression,static,long_rvos,a287c27dad,1,1,1,0,1,0,0,,
raw_expression,static,long_rvos,a3f2b5d434,1,3,3,0,1,0,0,,
raw_expression,static,long_rvos,a3f2b5d434,2,3,3,0,1,0,0,,
raw_expression,static,long_rvos,a500f0e77c,1,1,1,0,1,0,0,,
raw_expression,static,long_rvos,a595411232,1,2,2,0,1,0,0,,
raw_expression,static,long_rvos,a595411232,2,2,2,0,1,0,0,,
raw_expression,static,long_rvos,a595411232,3,2,2,0,1,0,0,,
raw_expression,static,long_rvos,a595411232,4,2,2,0,1,0,0,,
raw_expression,static,long_rvos,a8b6fd5e4d,1,2,2,0,1,0,0,,
raw_expression,static,long_rvos,a8b6fd5e4d,2,2,2,0,1,0,0,,
raw_expression,static,long_rvos,af3ad95fe0,1,1,1,0,1,0,0,,
raw_expression,static,long_rvos,af3ad95fe0,2,1,1,0,1,0,0,,
raw_expression,static,long_rvos,af3ad95fe0,3,1,1,0,1,0,0,,
raw_expression,static,long_rvos,af3ad95fe0,4,1,1,0,1,0,0,,
raw_expression,static,long_rvos,af3ad95fe0,5,1,1,0,1,0,0,,
raw_expression,static,long_rvos,af3ad95fe0,6,1,1,0,1,0,0,,
raw_expression,static,long_rvos,af7297f0db,1,1,1,0,1,0,0,,
raw_expression,static,long_rvos,af7297f0db,2,1,1,0,1,0,0,,
raw_expression,static,long_rvos,af7297f0db,3,1,1,0,1,0,0,,
raw_expression,static,long_rvos,b231a02b87,1,1,1,0,1,0,0,,
raw_expression,static,long_rvos,b231a02b87,2,1,1,0,1,0,0,,
raw_expression,static,long_rvos,b231a02b87,3,1,1,0,1,0,0,,
raw_expression,static,long_rvos,b4a5ada352,1,2,2,0,1,0,0,,
raw_expression,static,long_rvos,b4a5ada352,2,2,2,0,1,0,0,,
raw_expression,static,long_rvos,b5c9c04bf9,2,1,1,0,1,0,0,,
raw_expression,static,long_rvos,b5c9c04bf9,5,1,1,0,1,0,0,,
raw_expression,static,long_rvos,b5c9c04bf9,6,1,1,0,1,0,0,,
raw_expression,static,long_rvos,bd4aefda10,1,2,2,0,1,0,0,,
raw_expression,static,long_rvos,bd4aefda10,2,2,2,0,1,0,0,,
raw_expression,static,long_rvos,bda2f20019,1,2,2,0,1,0,0,,
raw_expression,static,long_rvos,bda2f20019,2,2,2,0,1,0,0,,
raw_expression,static,long_rvos,bda2f20019,3,2,2,0,1,0,0,,
raw_expression,static,long_rvos,bda2f20019,4,2,2,0,1,0,0,,
raw_expression,static,long_rvos,bed1347f23,1,2,2,0,1,0,0,,
raw_expression,static,long_rvos,bed1347f23,2,2,2,0,1,0,0,,
raw_expression,static,long_rvos,c4638cc87e,1,2,2,0,1,0,0,,
raw_expression,static,long_rvos,c4638cc87e,2,2,2,0,1,0,0,,
raw_expression,static,long_rvos,c4638cc87e,3,2,2,0,1,0,0,,
raw_expression,static,long_rvos,c5c9b749d4,1,2,2,0,1,0,0,,
raw_expression,static,long_rvos,c5c9b749d4,2,2,2,0,1,0,0,,
raw_expression,static,long_rvos,c6bb21356b,1,1,1,0,1,0,0,,
raw_expression,static,long_rvos,c6bb21356b,2,1,1,0,1,0,0,,
raw_expression,static,long_rvos,c6bb21356b,3,1,1,0,1,0,0,,
raw_expression,static,long_rvos,c733601fcd,1,1,1,0,1,0,0,,
raw_expression,static,long_rvos,c733601fcd,2,1,1,0,1,0,0,,
raw_expression,static,long_rvos,c73c2a03a0,1,1,1,0,1,0,0,,
raw_expression,static,long_rvos,c73c2a03a0,2,1,1,0,1,0,0,,
raw_expression,static,long_rvos,cc132d2e39,1,3,3,0,1,0,0,,
raw_expression,static,long_rvos,cc132d2e39,2,3,3,0,1,0,0,,
raw_expression,static,long_rvos,cfaeae5706,1,1,1,0,1,0,0,,
raw_expression,static,long_rvos,cfaeae5706,2,1,1,0,1,0,0,,
raw_expression,static,long_rvos,cfaeae5706,4,1,1,0,1,0,0,,
raw_expression,static,long_rvos,d33c8343bc,1,1,1,0,1,0,0,,
raw_expression,static,long_rvos,d33c8343bc,2,1,1,0,1,0,0,,
raw_expression,static,long_rvos,d33c8343bc,3,1,1,0,1,0,0,,
raw_expression,static,long_rvos,d33c8343bc,4,1,1,0,1,0,0,,
raw_expression,static,long_rvos,dca31590b8,1,2,2,0,1,0,0,,
raw_expression,static,long_rvos,dca31590b8,2,2,2,0,1,0,0,,
raw_expression,static,long_rvos,ddc213ba3f,1,1,1,0,1,0,0,,
raw_expression,static,long_rvos,ddc213ba3f,2,1,1,0,1,0,0,,
raw_expression,static,long_rvos,ddc213ba3f,3,1,1,0,1,0,0,,
raw_expression,static,long_rvos,ddc213ba3f,4,1,1,0,1,0,0,,
raw_expression,static,long_rvos,ddc213ba3f,5,1,1,0,1,0,0,,
raw_expression,static,long_rvos,ddc213ba3f,6,1,1,0,1,0,0,,
raw_expression,static,long_rvos,ddc213ba3f,7,1,1,0,1,0,0,,
raw_expression,static,long_rvos,ddc213ba3f,8,1,1,0,1,0,0,,
raw_expression,static,long_rvos,ddc213ba3f,9,1,1,0,1,0,0,,
raw_expression,static,long_rvos,de36065b5f,1,2,2,0,1,0,0,,
raw_expression,static,long_rvos,de36065b5f,2,2,2,0,1,0,0,,
raw_expression,static,long_rvos,de36065b5f,3,2,2,0,1,0,0,,
raw_expression,static,long_rvos,e29fbdf03c,1,2,2,0,1,0,0,,
raw_expression,static,long_rvos,e29fbdf03c,2,2,2,0,1,0,0,,
raw_expression,static,long_rvos,e29fbdf03c,3,2,2,0,1,0,0,,
raw_expression,static,long_rvos,e6f1a061ea,1,2,2,0,1,0,0,,
raw_expression,static,long_rvos,e6f1a061ea,3,2,2,0,1,0,0,,
raw_expression,static,long_rvos,e6f1a061ea,4,2,2,0,1,0,0,,
raw_expression,static,long_rvos,e6f1a061ea,6,2,2,0,1,0,0,,
raw_expression,static,long_rvos,e6f1a061ea,8,2,2,0,1,0,0,,
raw_expression,static,long_rvos,e9b78ad8e7,1,1,1,0,1,0,0,,
raw_expression,static,long_rvos,e9b78ad8e7,2,1,1,0,1,0,0,,
raw_expression,static,long_rvos,ea6cfcc7cb,1,2,2,0,1,0,0,,
raw_expression,static,long_rvos,ea6cfcc7cb,2,2,2,0,1,0,0,,
raw_expression,static,long_rvos,ea6cfcc7cb,3,2,2,0,1,0,0,,
raw_expression,static,long_rvos,f3864705c4,1,2,2,0,1,0,0,,
raw_expression,static,long_rvos,f3864705c4,2,2,2,0,1,0,0,,
raw_expression,static,long_rvos,f3864705c4,3,2,2,0,1,0,0,,
raw_expression,static,long_rvos,f3fdaa2e8b,1,2,2,0,1,0,0,,
raw_expression,static,long_rvos,f3fdaa2e8b,2,2,2,0,1,0,0,,
raw_expression,static,long_rvos,f6f82de62a,1,1,1,0,1,0,0,,
raw_expression,static,long_rvos,f6f82de62a,2,1,1,0,1,0,0,,
raw_expression,static,long_rvos,f771c97b16,1,2,2,0,1,0,0,,
raw_expression,static,long_rvos,f771c97b16,2,2,2,0,1,0,0,,
raw_expression,static,long_rvos,f771c97b16,3,2,2,0,1,0,0,,
raw_expression,static,long_rvos,f771c97b16,4,2,2,0,1,0,0,,
raw_expression,static,long_rvos,f771c97b16,5,2,2,0,1,0,0,,
raw_expression,static,long_rvos,f771c97b16,6,2,2,0,1,0,0,,
raw_expression,static,long_rvos,f771c97b16,7,2,2,0,1,0,0,,
raw_expression,static,long_rvos,fb8caa28e4,1,1,1,0,1,0,0,,
raw_expression,static,long_rvos,fb8caa28e4,2,1,1,0,1,0,0,,
raw_expression,static,long_rvos,fb8caa28e4,3,1,1,0,1,0,0,,
raw_expression,static,long_rvos,fb8caa28e4,4,1,1,0,1,0,0,,
raw_expression,static,long_rvos,fb8caa28e4,5,1,1,0,1,0,0,,
raw_expression,static,long_rvos,fb8caa28e4,6,1,1,0,1,0,0,,
raw_expression,static,long_rvos,fb8caa28e4,7,1,1,0,1,0,0,,
raw_expression,static,long_rvos,fb8caa28e4,9,1,1,0,1,0,0,,
