key,dataset,video_id,object_id,expression_id,description_type,expression,prompt_method,prompt,candidate_count,oracle_track_id,oracle_J,oracle_F,oracle_J_and_F,recall_at_0_3,recall_at_0_5,recall_at_0_7,candidate_metrics
long_rvos/a3f2b5d434/2/11/raw_expression,long_rvos,a3f2b5d434,2,11,dynamic,"The cat stands on the black square, watching the dog run in circles below.",raw_expression,"The cat stands on the black square, watching the dog run in circles below.",0,,0.0,0.0,0.0,0,0,0,[]
long_rvos/a3f2b5d434/2/11/concept,long_rvos,a3f2b5d434,2,11,dynamic,"The cat stands on the black square, watching the dog run in circles below.",concept,cat,4,2,0.9259132238833354,0.9436234878578702,0.9347683558706028,1,1,1,"[{""track_id"":0,""confidence"":0.8128654956817627,""J"":0.0,""F"":0.00023725596529284166,""J_and_F"":0.00011862798264642083},{""track_id"":1,""confidence"":0.7655677795410156,""J"":0.00021470480255019494,""F"":0.038379891958169925,""J_and_F"":0.01929729838036006},{""track_id"":2,""confidence"":0.8865247964859009,""J"":0.9259132238833354,""F"":0.9436234878578702,""J_and_F"":0.9347683558706028},{""track_id"":3,""confidence"":0.675126850605011,""J"":0.0,""F"":0.0014768124221022018,""J_and_F"":0.0007384062110511009}]"
long_rvos/a3f2b5d434/2/11/qwen_concept,long_rvos,a3f2b5d434,2,11,dynamic,"The cat stands on the black square, watching the dog run in circles below.",qwen_concept,cat,4,2,0.9259132238833354,0.9436234878578702,0.9347683558706028,1,1,1,"[{""track_id"":0,""confidence"":0.8128654956817627,""J"":0.0,""F"":0.00023725596529284166,""J_and_F"":0.00011862798264642083},{""track_id"":1,""confidence"":0.7655677795410156,""J"":0.00021470480255019494,""F"":0.038379891958169925,""J_and_F"":0.01929729838036006},{""track_id"":2,""confidence"":0.8865247964859009,""J"":0.9259132238833354,""F"":0.9436234878578702,""J_and_F"":0.9347683558706028},{""track_id"":3,""confidence"":0.675126850605011,""J"":0.0,""F"":0.0014768124221022018,""J_and_F"":0.0007384062110511009}]"
long_rvos/a3f2b5d434/2/7/raw_expression,long_rvos,a3f2b5d434,2,7,dynamic,The cat watches the dog spin in circles.,raw_expression,The cat watches the dog spin in circles.,1,0,0.9163016964810029,0.937780166252279,0.927040931366641,1,1,1,"[{""track_id"":0,""confidence"":0.7387754917144775,""J"":0.9163016964810029,""F"":0.937780166252279,""J_and_F"":0.927040931366641}]"
long_rvos/a3f2b5d434/2/7/concept,long_rvos,a3f2b5d434,2,7,dynamic,The cat watches the dog spin in circles.,concept,cat,4,2,0.9259132238833354,0.9436234878578702,0.9347683558706028,1,1,1,"[{""track_id"":0,""confidence"":0.8128654956817627,""J"":0.0,""F"":0.00023725596529284166,""J_and_F"":0.00011862798264642083},{""track_id"":1,""confidence"":0.7655677795410156,""J"":0.00021470480255019494,""F"":0.038379891958169925,""J_and_F"":0.01929729838036006},{""track_id"":2,""confidence"":0.8865247964859009,""J"":0.9259132238833354,""F"":0.9436234878578702,""J_and_F"":0.9347683558706028},{""track_id"":3,""confidence"":0.675126850605011,""J"":0.0,""F"":0.0014768124221022018,""J_and_F"":0.0007384062110511009}]"
long_rvos/a3f2b5d434/2/7/qwen_concept,long_rvos,a3f2b5d434,2,7,dynamic,The cat watches the dog spin in circles.,qwen_concept,cat,4,2,0.9259132238833354,0.9436234878578702,0.9347683558706028,1,1,1,"[{""track_id"":0,""confidence"":0.8128654956817627,""J"":0.0,""F"":0.00023725596529284166,""J_and_F"":0.00011862798264642083},{""track_id"":1,""confidence"":0.7655677795410156,""J"":0.00021470480255019494,""F"":0.038379891958169925,""J_and_F"":0.01929729838036006},{""track_id"":2,""confidence"":0.8865247964859009,""J"":0.9259132238833354,""F"":0.9436234878578702,""J_and_F"":0.9347683558706028},{""track_id"":3,""confidence"":0.675126850605011,""J"":0.0,""F"":0.0014768124221022018,""J_and_F"":0.0007384062110511009}]"
long_rvos/a3f2b5d434/2/9/raw_expression,long_rvos,a3f2b5d434,2,9,dynamic,"The cat stands on the black chair, watching the dog spinning beside the chair, occasionally spinning around and reaching out to touch the carpet and the dog.",raw_expression,"The cat stands on the black chair, watching the dog spinning beside the chair, occasionally spinning around and reaching out to touch the carpet and the dog.",0,,0.0,0.0,0.0,0,0,0,[]
long_rvos/a3f2b5d434/2/9/concept,long_rvos,a3f2b5d434,2,9,dynamic,"The cat stands on the black chair, watching the dog spinning beside the chair, occasionally spinning around and reaching out to touch the carpet and the dog.",concept,cat,4,2,0.9259132238833354,0.9436234878578702,0.9347683558706028,1,1,1,"[{""track_id"":0,""confidence"":0.8128654956817627,""J"":0.0,""F"":0.00023725596529284166,""J_and_F"":0.00011862798264642083},{""track_id"":1,""confidence"":0.7655677795410156,""J"":0.00021470480255019494,""F"":0.038379891958169925,""J_and_F"":0.01929729838036006},{""track_id"":2,""confidence"":0.8865247964859009,""J"":0.9259132238833354,""F"":0.9436234878578702,""J_and_F"":0.9347683558706028},{""track_id"":3,""confidence"":0.675126850605011,""J"":0.0,""F"":0.0014768124221022018,""J_and_F"":0.0007384062110511009}]"
long_rvos/a3f2b5d434/2/9/qwen_concept,long_rvos,a3f2b5d434,2,9,dynamic,"The cat stands on the black chair, watching the dog spinning beside the chair, occasionally spinning around and reaching out to touch the carpet and the dog.",qwen_concept,cat,4,2,0.9259132238833354,0.9436234878578702,0.9347683558706028,1,1,1,"[{""track_id"":0,""confidence"":0.8128654956817627,""J"":0.0,""F"":0.00023725596529284166,""J_and_F"":0.00011862798264642083},{""track_id"":1,""confidence"":0.7655677795410156,""J"":0.00021470480255019494,""F"":0.038379891958169925,""J_and_F"":0.01929729838036006},{""track_id"":2,""confidence"":0.8865247964859009,""J"":0.9259132238833354,""F"":0.9436234878578702,""J_and_F"":0.9347683558706028},{""track_id"":3,""confidence"":0.675126850605011,""J"":0.0,""F"":0.0014768124221022018,""J_and_F"":0.0007384062110511009}]"
long_rvos/a3f2b5d434/2/15/raw_expression,long_rvos,a3f2b5d434,2,15,hybrid,A black and white cat watches a dog spin in circles.,raw_expression,A black and white cat watches a dog spin in circles.,2,1,0.6430155433452364,0.6534735372348202,0.6482445402900283,1,1,0,"[{""track_id"":0,""confidence"":0.7968254089355469,""J"":0.043178661297938986,""F"":0.04453412191216039,""J_and_F"":0.043856391605049685},{""track_id"":1,""confidence"":0.7419355511665344,""J"":0.6430155433452364,""F"":0.6534735372348202,""J_and_F"":0.6482445402900283}]"
long_rvos/a3f2b5d434/2/15/concept,long_rvos,a3f2b5d434,2,15,hybrid,A black and white cat watches a dog spin in circles.,concept,black and white cat,1,0,0.9180478064913578,0.9400342405364883,0.929041023513923,1,1,1,"[{""track_id"":0,""confidence"":0.8904109597206116,""J"":0.9180478064913578,""F"":0.9400342405364883,""J_and_F"":0.929041023513923}]"
long_rvos/a3f2b5d434/2/15/qwen_concept,long_rvos,a3f2b5d434,2,15,hybrid,A black and white cat watches a dog spin in circles.,qwen_concept,cat,4,2,0.9259132238833354,0.9436234878578702,0.9347683558706028,1,1,1,"[{""track_id"":0,""confidence"":0.8128654956817627,""J"":0.0,""F"":0.00023725596529284166,""J_and_F"":0.00011862798264642083},{""track_id"":1,""confidence"":0.7655677795410156,""J"":0.00021470480255019494,""F"":0.038379891958169925,""J_and_F"":0.01929729838036006},{""track_id"":2,""confidence"":0.8865247964859009,""J"":0.9259132238833354,""F"":0.9436234878578702,""J_and_F"":0.9347683558706028},{""track_id"":3,""confidence"":0.675126850605011,""J"":0.0,""F"":0.0014768124221022018,""J_and_F"":0.0007384062110511009}]"
long_rvos/a3f2b5d434/2/16/raw_expression,long_rvos,a3f2b5d434,2,16,hybrid,"A spotted white cat on a black chair stands, watches a spinning dog, and touches the carpet and dog.",raw_expression,"A spotted white cat on a black chair stands, watches a spinning dog, and touches the carpet and dog.",0,,0.0,0.0,0.0,0,0,0,[]
long_rvos/a3f2b5d434/2/16/concept,long_rvos,a3f2b5d434,2,16,hybrid,"A spotted white cat on a black chair stands, watches a spinning dog, and touches the carpet and dog.",concept,spotted white cat,2,1,0.5671340758740835,0.5767954551134153,0.5719647654937494,1,1,0,"[{""track_id"":0,""confidence"":0.6995305418968201,""J"":0.04513892075206542,""F"":0.04665492957746479,""J_and_F"":0.04589692516476511},{""track_id"":1,""confidence"":0.6559139490127563,""J"":0.5671340758740835,""F"":0.5767954551134153,""J_and_F"":0.5719647654937494}]"
long_rvos/a3f2b5d434/2/16/qwen_concept,long_rvos,a3f2b5d434,2,16,hybrid,"A spotted white cat on a black chair stands, watches a spinning dog, and touches the carpet and dog.",qwen_concept,cat,4,2,0.9259132238833354,0.9436234878578702,0.9347683558706028,1,1,1,"[{""track_id"":0,""confidence"":0.8128654956817627,""J"":0.0,""F"":0.00023725596529284166,""J_and_F"":0.00011862798264642083},{""track_id"":1,""confidence"":0.7655677795410156,""J"":0.00021470480255019494,""F"":0.038379891958169925,""J_and_F"":0.01929729838036006},{""track_id"":2,""confidence"":0.8865247964859009,""J"":0.9259132238833354,""F"":0.9436234878578702,""J_and_F"":0.9347683558706028},{""track_id"":3,""confidence"":0.675126850605011,""J"":0.0,""F"":0.0014768124221022018,""J_and_F"":0.0007384062110511009}]"
long_rvos/a3f2b5d434/2/17/raw_expression,long_rvos,a3f2b5d434,2,17,hybrid,A black and white cat on a black square watches a dog running below.,raw_expression,A black and white cat on a black square watches a dog running below.,0,,0.0,0.0,0.0,0,0,0,[]
long_rvos/a3f2b5d434/2/17/concept,long_rvos,a3f2b5d434,2,17,hybrid,A black and white cat on a black square watches a dog running below.,concept,black and white cat,1,0,0.9180478064913578,0.9400342405364883,0.929041023513923,1,1,1,"[{""track_id"":0,""confidence"":0.8904109597206116,""J"":0.9180478064913578,""F"":0.9400342405364883,""J_and_F"":0.929041023513923}]"
long_rvos/a3f2b5d434/2/17/qwen_concept,long_rvos,a3f2b5d434,2,17,hybrid,A black and white cat on a black square watches a dog running below.,qwen_concept,cat,4,2,0.9259132238833354,0.9436234878578702,0.9347683558706028,1,1,1,"[{""track_id"":0,""confidence"":0.8128654956817627,""J"":0.0,""F"":0.00023725596529284166,""J_and_F"":0.00011862798264642083},{""track_id"":1,""confidence"":0.7655677795410156,""J"":0.00021470480255019494,""F"":0.038379891958169925,""J_and_F"":0.01929729838036006},{""track_id"":2,""confidence"":0.8865247964859009,""J"":0.9259132238833354,""F"":0.9436234878578702,""J_and_F"":0.9347683558706028},{""track_id"":3,""confidence"":0.675126850605011,""J"":0.0,""F"":0.0014768124221022018,""J_and_F"":0.0007384062110511009}]"
long_rvos/a3f2b5d434/2/10/raw_expression,long_rvos,a3f2b5d434,2,10,static,"A black and white cat, standing on top of a black square object.",raw_expression,"A black and white cat, standing on top of a black square object.",3,0,0.912858762214293,0.9340653591456474,0.9234620606799702,1,1,1,"[{""track_id"":0,""confidence"":0.9024390578269958,""J"":0.912858762214293,""F"":0.9340653591456474,""J_and_F"":0.9234620606799702},{""track_id"":1,""confidence"":-10000.0,""J"":0.0,""F"":0.0,""J_and_F"":0.0},{""track_id"":2,""confidence"":0.6878048777580261,""J"":0.0,""F"":0.0,""J_and_F"":0.0}]"
long_rvos/a3f2b5d434/2/10/concept,long_rvos,a3f2b5d434,2,10,static,"A black and white cat, standing on top of a black square object.",concept,black and white cat,1,0,0.9180478064913578,0.9400342405364883,0.929041023513923,1,1,1,"[{""track_id"":0,""confidence"":0.8904109597206116,""J"":0.9180478064913578,""F"":0.9400342405364883,""J_and_F"":0.929041023513923}]"
long_rvos/a3f2b5d434/2/10/qwen_concept,long_rvos,a3f2b5d434,2,10,static,"A black and white cat, standing on top of a black square object.",qwen_concept,cat,4,2,0.9259132238833354,0.9436234878578702,0.9347683558706028,1,1,1,"[{""track_id"":0,""confidence"":0.8128654956817627,""J"":0.0,""F"":0.00023725596529284166,""J_and_F"":0.00011862798264642083},{""track_id"":1,""confidence"":0.7655677795410156,""J"":0.00021470480255019494,""F"":0.038379891958169925,""J_and_F"":0.01929729838036006},{""track_id"":2,""confidence"":0.8865247964859009,""J"":0.9259132238833354,""F"":0.9436234878578702,""J_and_F"":0.9347683558706028},{""track_id"":3,""confidence"":0.675126850605011,""J"":0.0,""F"":0.0014768124221022018,""J_and_F"":0.0007384062110511009}]"
long_rvos/a3f2b5d434/2/6/raw_expression,long_rvos,a3f2b5d434,2,6,static,A black and white cat.,raw_expression,A black and white cat.,1,0,0.9180756436872637,0.9401172438784711,0.9290964437828674,1,1,1,"[{""track_id"":0,""confidence"":0.8865247964859009,""J"":0.9180756436872637,""F"":0.9401172438784711,""J_and_F"":0.9290964437828674}]"
long_rvos/a3f2b5d434/2/6/concept,long_rvos,a3f2b5d434,2,6,static,A black and white cat.,concept,black and white cat,1,0,0.9180478064913578,0.9400342405364883,0.929041023513923,1,1,1,"[{""track_id"":0,""confidence"":0.8904109597206116,""J"":0.9180478064913578,""F"":0.9400342405364883,""J_and_F"":0.929041023513923}]"
long_rvos/a3f2b5d434/2/6/qwen_concept,long_rvos,a3f2b5d434,2,6,static,A black and white cat.,qwen_concept,cat,4,2,0.9259132238833354,0.9436234878578702,0.9347683558706028,1,1,1,"[{""track_id"":0,""confidence"":0.8128654956817627,""J"":0.0,""F"":0.00023725596529284166,""J_and_F"":0.00011862798264642083},{""track_id"":1,""confidence"":0.7655677795410156,""J"":0.00021470480255019494,""F"":0.038379891958169925,""J_and_F"":0.01929729838036006},{""track_id"":2,""confidence"":0.8865247964859009,""J"":0.9259132238833354,""F"":0.9436234878578702,""J_and_F"":0.9347683558706028},{""track_id"":3,""confidence"":0.675126850605011,""J"":0.0,""F"":0.0014768124221022018,""J_and_F"":0.0007384062110511009}]"
long_rvos/a3f2b5d434/2/8/raw_expression,long_rvos,a3f2b5d434,2,8,static,"A white cat with black spots and a black tail, sitting on a black chair.",raw_expression,"A white cat with black spots and a black tail, sitting on a black chair.",4,3,0.6282041739472938,0.638715142408794,0.6334596581780438,1,1,0,"[{""track_id"":0,""confidence"":0.7142857313156128,""J"":0.043282766576298974,""F"":0.044376861225889054,""J_and_F"":0.043829813901094014},{""track_id"":1,""confidence"":0.6831682920455933,""J"":0.04351358836292482,""F"":0.0448942983642017,""J_and_F"":0.04420394336356326},{""track_id"":2,""confidence"":0.7229437232017517,""J"":0.026874136314699988,""F"":0.027884951240896724,""J_and_F"":0.027379543777798356},{""track_id"":3,""confidence"":0.8012422323226929,""J"":0.6282041739472938,""F"":0.638715142408794,""J_and_F"":0.6334596581780438}]"
long_rvos/a3f2b5d434/2/8/concept,long_rvos,a3f2b5d434,2,8,static,"A white cat with black spots and a black tail, sitting on a black chair.",concept,white cat,2,1,0.9239058276706165,0.9408479624445698,0.9323768950575931,1,1,1,"[{""track_id"":0,""confidence"":0.7852349281311035,""J"":0.0,""F"":0.0,""J_and_F"":0.0},{""track_id"":1,""confidence"":0.8987342119216919,""J"":0.9239058276706165,""F"":0.9408479624445698,""J_and_F"":0.9323768950575931}]"
long_rvos/a3f2b5d434/2/8/qwen_concept,long_rvos,a3f2b5d434,2,8,static,"A white cat with black spots and a black tail, sitting on a black chair.",qwen_concept,cat,4,2,0.9259132238833354,0.9436234878578702,0.9347683558706028,1,1,1,"[{""track_id"":0,""confidence"":0.8128654956817627,""J"":0.0,""F"":0.00023725596529284166,""J_and_F"":0.00011862798264642083},{""track_id"":1,""confidence"":0.7655677795410156,""J"":0.00021470480255019494,""F"":0.038379891958169925,""J_and_F"":0.01929729838036006},{""track_id"":2,""confidence"":0.8865247964859009,""J"":0.9259132238833354,""F"":0.9436234878578702,""J_and_F"":0.9347683558706028},{""track_id"":3,""confidence"":0.675126850605011,""J"":0.0,""F"":0.0014768124221022018,""J_and_F"":0.0007384062110511009}]"
long_rvos/c6bb21356b/1/1/raw_expression,long_rvos,c6bb21356b,1,1,dynamic,"One person sits on the left of another, both on the boat, moving forward with it.",raw_expression,"One person sits on the left of another, both on the boat, moving forward with it.",0,,0.0,0.0,0.0,0,0,0,[]
long_rvos/c6bb21356b/1/1/concept,long_rvos,c6bb21356b,1,1,dynamic,"One person sits on the left of another, both on the boat, moving forward with it.",concept,One person,7,0,0.8048804711730423,0.9626084894867764,0.8837444803299093,1,1,1,"[{""track_id"":0,""confidence"":0.7064220309257507,""J"":0.8048804711730423,""F"":0.9626084894867764,""J_and_F"":0.8837444803299093},{""track_id"":1,""confidence"":0.6800000071525574,""J"":0.046875,""F"":0.06199028190862818,""J_and_F"":0.05443264095431409},{""track_id"":2,""confidence"":0.675126850605011,""J"":0.046875,""F"":0.046875,""J_and_F"":0.046875},{""track_id"":3,""confidence"":0.7887788414955139,""J"":0.046875,""F"":0.046875,""J_and_F"":0.046875},{""track_id"":4,""confidence"":0.675126850605011,""J"":0.04775256421963949,""F"":0.21523988519836587,""J_and_F"":0.13149622470900268},{""track_id"":5,""confidence"":null,""J"":0.046875,""F"":0.046875,""J_and_F"":0.046875},{""track_id"":6,""confidence"":0.6683937907218933,""J"":0.046875,""F"":0.046875,""J_and_F"":0.046875}]"
long_rvos/c6bb21356b/1/1/qwen_concept,long_rvos,c6bb21356b,1,1,dynamic,"One person sits on the left of another, both on the boat, moving forward with it.",qwen_concept,person,4,0,0.8247529222008813,0.9827967171717171,0.9037748196862991,1,1,1,"[{""track_id"":0,""confidence"":0.6995305418968201,""J"":0.8247529222008813,""F"":0.9827967171717171,""J_and_F"":0.9037748196862991},{""track_id"":1,""confidence"":0.6717948913574219,""J"":0.046875,""F"":0.059334693434590954,""J_and_F"":0.05310484671729548},{""track_id"":2,""confidence"":-10000.0,""J"":0.046875,""F"":0.046875,""J_and_F"":0.046875},{""track_id"":3,""confidence"":0.6800000071525574,""J"":0.0477088699757178,""F"":0.21928915520113137,""J_and_F"":0.1334990125884246}]"
long_rvos/c6bb21356b/1/6/raw_expression,long_rvos,c6bb21356b,1,6,hybrid,"A person in blue sits left of another in a white boat, moving forward.",raw_expression,"A person in blue sits left of another in a white boat, moving forward.",1,0,0.05984237536656892,0.0625,0.06117118768328446,0,0,0,"[{""track_id"":0,""confidence"":0.7064220309257507,""J"":0.05984237536656892,""F"":0.0625,""J_and_F"":0.06117118768328446}]"
long_rvos/c6bb21356b/1/6/concept,long_rvos,c6bb21356b,1,6,hybrid,"A person in blue sits left of another in a white boat, moving forward.",concept,person,4,0,0.8247529222008813,0.9827967171717171,0.9037748196862991,1,1,1,"[{""track_id"":0,""confidence"":0.6995305418968201,""J"":0.8247529222008813,""F"":0.9827967171717171,""J_and_F"":0.9037748196862991},{""track_id"":1,""confidence"":0.6717948913574219,""J"":0.046875,""F"":0.059334693434590954,""J_and_F"":0.05310484671729548},{""track_id"":2,""confidence"":-10000.0,""J"":0.046875,""F"":0.046875,""J_and_F"":0.046875},{""track_id"":3,""confidence"":0.6800000071525574,""J"":0.0477088699757178,""F"":0.21928915520113137,""J_and_F"":0.1334990125884246}]"
long_rvos/c6bb21356b/1/6/qwen_concept,long_rvos,c6bb21356b,1,6,hybrid,"A person in blue sits left of another in a white boat, moving forward.",qwen_concept,person in blue,1,0,0.8503199216448539,1.0,0.925159960822427,1,1,1,"[{""track_id"":0,""confidence"":0.7460317611694336,""J"":0.8503199216448539,""F"":1.0,""J_and_F"":0.925159960822427}]"
long_rvos/c6bb21356b/1/0/raw_expression,long_rvos,c6bb21356b,1,0,static,"A person wearing blue clothes, sitting in a white boat. He is sitting next to a person wearing black clothes.",raw_expression,"A person wearing blue clothes, sitting in a white boat. He is sitting next to a person wearing black clothes.",0,,0.0,0.0,0.0,0,0,0,[]
long_rvos/c6bb21356b/1/0/concept,long_rvos,c6bb21356b,1,0,static,"A person wearing blue clothes, sitting in a white boat. He is sitting next to a person wearing black clothes.",concept,He,0,,0.0,0.0,0.0,0,0,0,[]
long_rvos/c6bb21356b/1/0/qwen_concept,long_rvos,c6bb21356b,1,0,static,"A person wearing blue clothes, sitting in a white boat. He is sitting next to a person wearing black clothes.",qwen_concept,person wearing blue clothes,1,0,0.6967316148652926,0.8125,0.7546158074326463,1,1,1,"[{""track_id"":0,""confidence"":0.6640419960021973,""J"":0.6967316148652926,""F"":0.8125,""J_and_F"":0.7546158074326463}]"
long_rvos/6db18ab93a/1/1/raw_expression,long_rvos,6db18ab93a,1,1,dynamic,The child is watching TV and dancing around.,raw_expression,The child is watching TV and dancing around.,9,0,0.699921474202329,0.6814974322694882,0.6907094532359086,1,1,0,"[{""track_id"":0,""confidence"":0.7264957427978516,""J"":0.699921474202329,""F"":0.6814974322694882,""J_and_F"":0.6907094532359086},{""track_id"":1,""confidence"":0.7387754917144775,""J"":0.296875,""F"":0.296875,""J_and_F"":0.296875},{""track_id"":2,""confidence"":-2499.4084158688784,""J"":0.265625,""F"":0.265625,""J_and_F"":0.265625},{""track_id"":3,""confidence"":0.6908212304115295,""J"":0.28125,""F"":0.28213380818559597,""J_and_F"":0.281691904092798},{""track_id"":4,""confidence"":0.719298243522644,""J"":0.296875,""F"":0.30365393897760257,""J_and_F"":0.30026446948880126},{""track_id"":5,""confidence"":0.7460317611694336,""J"":0.32906537935028696,""F"":0.33894752178307874,""J_and_F"":0.3340064505666829},{""track_id"":6,""confidence"":0.8012422323226929,""J"":0.4213175057336207,""F"":0.4173083536662964,""J_and_F"":0.4193129296999586},{""track_id"":7,""confidence"":0.6908212304115295,""J"":0.3839695917639384,""F"":0.3716658309159683,""J_and_F"":0.37781771133995334},{""track_id"":8,""confidence"":0.8476190567016602,""J"":0.35613178192028583,""F"":0.35059083374486655,""J_and_F"":0.3533613078325762}]"
long_rvos/6db18ab93a/1/1/concept,long_rvos,6db18ab93a,1,1,dynamic,The child is watching TV and dancing around.,concept,child,2,0,0.8161361125745993,0.7813232760909318,0.7987296943327655,1,1,1,"[{""track_id"":0,""confidence"":0.859649121761322,""J"":0.8161361125745993,""F"":0.7813232760909318,""J_and_F"":0.7987296943327655},{""track_id"":1,""confidence"":0.719298243522644,""J"":0.4161226910597724,""F"":0.41392991906731974,""J_and_F"":0.4150263050635461}]"
long_rvos/6db18ab93a/1/1/qwen_concept,long_rvos,6db18ab93a,1,1,dynamic,The child is watching TV and dancing around.,qwen_concept,child,2,0,0.8161361125745993,0.7813232760909318,0.7987296943327655,1,1,1,"[{""track_id"":0,""confidence"":0.859649121761322,""J"":0.8161361125745993,""F"":0.7813232760909318,""J_and_F"":0.7987296943327655},{""track_id"":1,""confidence"":0.719298243522644,""J"":0.4161226910597724,""F"":0.41392991906731974,""J_and_F"":0.4150263050635461}]"
long_rvos/6db18ab93a/1/3/raw_expression,long_rvos,6db18ab93a,1,3,dynamic,Little boy watching TV and jumping around.,raw_expression,Little boy watching TV and jumping around.,2,0,0.8258230398520368,0.7891603584582275,0.8074916991551322,1,1,1,"[{""track_id"":0,""confidence"":0.6831682920455933,""J"":0.8258230398520368,""F"":0.7891603584582275,""J_and_F"":0.8074916991551322},{""track_id"":1,""confidence"":0.6831682920455933,""J"":0.4105894746750857,""F"":0.4096706240984357,""J_and_F"":0.4101300493867607}]"
long_rvos/6db18ab93a/1/3/concept,long_rvos,6db18ab93a,1,3,dynamic,Little boy watching TV and jumping around.,concept,Little boy,2,0,0.8263044559925994,0.7895216177917544,0.807913036892177,1,1,1,"[{""track_id"":0,""confidence"":0.8012422323226929,""J"":0.8263044559925994,""F"":0.7895216177917544,""J_and_F"":0.807913036892177},{""track_id"":1,""confidence"":0.7064220309257507,""J"":0.4102530089787395,""F"":0.4089202455301484,""J_and_F"":0.40958662725444395}]"
long_rvos/6db18ab93a/1/3/qwen_concept,long_rvos,6db18ab93a,1,3,dynamic,Little boy watching TV and jumping around.,qwen_concept,little boy,2,0,0.8263044559925994,0.7895216177917544,0.807913036892177,1,1,1,"[{""track_id"":0,""confidence"":0.8012422323226929,""J"":0.8263044559925994,""F"":0.7895216177917544,""J_and_F"":0.807913036892177},{""track_id"":1,""confidence"":0.7064220309257507,""J"":0.4102530089787395,""F"":0.4089202455301484,""J_and_F"":0.40958662725444395}]"
long_rvos/6db18ab93a/1/8/raw_expression,long_rvos,6db18ab93a,1,8,hybrid,A child in a blue shirt dances near a man watching TV.,raw_expression,A child in a blue shirt dances near a man watching TV.,0,,0.0,0.0,0.0,0,0,0,[]
long_rvos/6db18ab93a/1/8/concept,long_rvos,6db18ab93a,1,8,hybrid,A child in a blue shirt dances near a man watching TV.,concept,child,2,0,0.8161361125745993,0.7813232760909318,0.7987296943327655,1,1,1,"[{""track_id"":0,""confidence"":0.859649121761322,""J"":0.8161361125745993,""F"":0.7813232760909318,""J_and_F"":0.7987296943327655},{""track_id"":1,""confidence"":0.719298243522644,""J"":0.4161226910597724,""F"":0.41392991906731974,""J_and_F"":0.4150263050635461}]"
long_rvos/6db18ab93a/1/8/qwen_concept,long_rvos,6db18ab93a,1,8,hybrid,A child in a blue shirt dances near a man watching TV.,qwen_concept,child,2,0,0.8161361125745993,0.7813232760909318,0.7987296943327655,1,1,1,"[{""track_id"":0,""confidence"":0.859649121761322,""J"":0.8161361125745993,""F"":0.7813232760909318,""J_and_F"":0.7987296943327655},{""track_id"":1,""confidence"":0.719298243522644,""J"":0.4161226910597724,""F"":0.41392991906731974,""J_and_F"":0.4150263050635461}]"
long_rvos/6db18ab93a/1/9/raw_expression,long_rvos,6db18ab93a,1,9,hybrid,A boy in green plays on a table near a man.,raw_expression,A boy in green plays on a table near a man.,0,,0.0,0.0,0.0,0,0,0,[]
long_rvos/6db18ab93a/1/9/concept,long_rvos,6db18ab93a,1,9,hybrid,A boy in green plays on a table near a man.,concept,boy,3,0,0.8146439424961562,0.7790196534298489,0.7968317979630026,1,1,1,"[{""track_id"":0,""confidence"":0.7460317611694336,""J"":0.8146439424961562,""F"":0.7790196534298489,""J_and_F"":0.7968317979630026},{""track_id"":1,""confidence"":0.6717948913574219,""J"":0.4004272550446887,""F"":0.39598688481114097,""J_and_F"":0.3982070699279148},{""track_id"":2,""confidence"":0.7299578189849854,""J"":0.3392657520325203,""F"":0.33691417460681894,""J_and_F"":0.3380899633196696}]"
long_rvos/6db18ab93a/1/9/qwen_concept,long_rvos,6db18ab93a,1,9,hybrid,A boy in green plays on a table near a man.,qwen_concept,boy,3,0,0.8146439424961562,0.7790196534298489,0.7968317979630026,1,1,1,"[{""track_id"":0,""confidence"":0.7460317611694336,""J"":0.8146439424961562,""F"":0.7790196534298489,""J_and_F"":0.7968317979630026},{""track_id"":1,""confidence"":0.6717948913574219,""J"":0.4004272550446887,""F"":0.39598688481114097,""J_and_F"":0.3982070699279148},{""track_id"":2,""confidence"":0.7299578189849854,""J"":0.3392657520325203,""F"":0.33691417460681894,""J_and_F"":0.3380899633196696}]"
long_rvos/6db18ab93a/1/0/raw_expression,long_rvos,6db18ab93a,1,0,static,"A child in a blue striped shirt, next to a man, with a TV in front of them.",raw_expression,"A child in a blue striped shirt, next to a man, with a TV in front of them.",0,,0.0,0.0,0.0,0,0,0,[]
long_rvos/6db18ab93a/1/0/concept,long_rvos,6db18ab93a,1,0,static,"A child in a blue striped shirt, next to a man, with a TV in front of them.",concept,child,2,0,0.8161361125745993,0.7813232760909318,0.7987296943327655,1,1,1,"[{""track_id"":0,""confidence"":0.859649121761322,""J"":0.8161361125745993,""F"":0.7813232760909318,""J_and_F"":0.7987296943327655},{""track_id"":1,""confidence"":0.719298243522644,""J"":0.4161226910597724,""F"":0.41392991906731974,""J_and_F"":0.4150263050635461}]"
long_rvos/6db18ab93a/1/0/qwen_concept,long_rvos,6db18ab93a,1,0,static,"A child in a blue striped shirt, next to a man, with a TV in front of them.",qwen_concept,child,2,0,0.8161361125745993,0.7813232760909318,0.7987296943327655,1,1,1,"[{""track_id"":0,""confidence"":0.859649121761322,""J"":0.8161361125745993,""F"":0.7813232760909318,""J_and_F"":0.7987296943327655},{""track_id"":1,""confidence"":0.719298243522644,""J"":0.4161226910597724,""F"":0.41392991906731974,""J_and_F"":0.4150263050635461}]"
long_rvos/6db18ab93a/1/2/raw_expression,long_rvos,6db18ab93a,1,2,static,"A young boy wearing a green top and white spotted pants, standing on a table, to the right of a man.",raw_expression,"A young boy wearing a green top and white spotted pants, standing on a table, to the right of a man.",0,,0.0,0.0,0.0,0,0,0,[]
long_rvos/6db18ab93a/1/2/concept,long_rvos,6db18ab93a,1,2,static,"A young boy wearing a green top and white spotted pants, standing on a table, to the right of a man.",concept,young boy,2,0,0.9084338860092693,0.8689728138368724,0.8887033499230709,1,1,1,"[{""track_id"":0,""confidence"":0.8476190567016602,""J"":0.9084338860092693,""F"":0.8689728138368724,""J_and_F"":0.8887033499230709},{""track_id"":1,""confidence"":0.7770034670829773,""J"":0.3291243654822335,""F"":0.3310577424400417,""J_and_F"":0.3300910539611376}]"
long_rvos/6db18ab93a/1/2/qwen_concept,long_rvos,6db18ab93a,1,2,static,"A young boy wearing a green top and white spotted pants, standing on a table, to the right of a man.",qwen_concept,boy,3,0,0.8146439424961562,0.7790196534298489,0.7968317979630026,1,1,1,"[{""track_id"":0,""confidence"":0.7460317611694336,""J"":0.8146439424961562,""F"":0.7790196534298489,""J_and_F"":0.7968317979630026},{""track_id"":1,""confidence"":0.6717948913574219,""J"":0.4004272550446887,""F"":0.39598688481114097,""J_and_F"":0.3982070699279148},{""track_id"":2,""confidence"":0.7299578189849854,""J"":0.3392657520325203,""F"":0.33691417460681894,""J_and_F"":0.3380899633196696}]"
long_rvos/bd4aefda10/2/5/raw_expression,long_rvos,bd4aefda10,2,5,dynamic,A woman plays the accordion and moves the music stand in front of her with her right hand.,raw_expression,A woman plays the accordion and moves the music stand in front of her with her right hand.,2,1,0.8215952585594153,0.901247617099008,0.8614214378292117,1,1,1,"[{""track_id"":0,""confidence"":0.8709677457809448,""J"":0.0,""F"":0.0019204268758471628,""J_and_F"":0.0009602134379235814},{""track_id"":1,""confidence"":0.7538461089134216,""J"":0.8215952585594153,""F"":0.901247617099008,""J_and_F"":0.8614214378292117}]"
long_rvos/bd4aefda10/2/5/concept,long_rvos,bd4aefda10,2,5,dynamic,A woman plays the accordion and moves the music stand in front of her with her right hand.,concept,woman,11,10,0.23898978042199717,0.2698645048154673,0.2544271426187322,0,0,0,"[{""track_id"":0,""confidence"":0.7887788414955139,""J"":4.111323896363619e-06,""F"":0.0023588037030528733,""J_and_F"":0.0011814575134746184},{""track_id"":1,""confidence"":0.6604774594306946,""J"":0.041410290239128046,""F"":0.054367257384622884,""J_and_F"":0.047888773811875465},{""track_id"":2,""confidence"":0.7697842121124268,""J"":0.024421878172546995,""F"":0.02728920977318747,""J_and_F"":0.025855543972867233},{""track_id"":3,""confidence"":0.859649121761322,""J"":0.04242401822873333,""F"":0.04564983099987185,""J_and_F"":0.044036924614302586},{""track_id"":4,""confidence"":0.859649121761322,""J"":0.0701805687478195,""F"":0.07442587243785131,""J_and_F"":0.07230322059283541},{""track_id"":5,""confidence"":0.6559139490127563,""J"":0.0680540446010971,""F"":0.08506840262311344,""J_and_F"":0.07656122361210527},{""track_id"":6,""confidence"":0.8476190567016602,""J"":0.08466198272328973,""F"":0.10404671023756429,""J_and_F"":0.09435434648042701},{""track_id"":7,""confidence"":0.8358974456787109,""J"":0.04099143507016115,""F"":0.04316381575594557,""J_and_F"":0.04207762541305336},{""track_id"":8,""confidence"":0.7460317611694336,""J"":0.08000054232989734,""F"":0.08687835165560309,""J_and_F"":0.08343944699275022},{""track_id"":9,""confidence"":0.7344398498535156,""J"":0.028153343924696664,""F"":0.02997581183964452,""J_and_F"":0.02906457788217059},{""track_id"":10,""confidence"":0.8048780560493469,""J"":0.23898978042199717,""F"":0.2698645048154673,""J_and_F"":0.2544271426187322}]"
long_rvos/bd4aefda10/2/5/qwen_concept,long_rvos,bd4aefda10,2,5,dynamic,A woman plays the accordion and moves the music stand in front of her with her right hand.,qwen_concept,woman,11,10,0.23898978042199717,0.2698645048154673,0.2544271426187322,0,0,0,"[{""track_id"":0,""confidence"":0.7887788414955139,""J"":4.111323896363619e-06,""F"":0.0023588037030528733,""J_and_F"":0.0011814575134746184},{""track_id"":1,""confidence"":0.6604774594306946,""J"":0.041410290239128046,""F"":0.054367257384622884,""J_and_F"":0.047888773811875465},{""track_id"":2,""confidence"":0.7697842121124268,""J"":0.024421878172546995,""F"":0.02728920977318747,""J_and_F"":0.025855543972867233},{""track_id"":3,""confidence"":0.859649121761322,""J"":0.04242401822873333,""F"":0.04564983099987185,""J_and_F"":0.044036924614302586},{""track_id"":4,""confidence"":0.859649121761322,""J"":0.0701805687478195,""F"":0.07442587243785131,""J_and_F"":0.07230322059283541},{""track_id"":5,""confidence"":0.6559139490127563,""J"":0.0680540446010971,""F"":0.08506840262311344,""J_and_F"":0.07656122361210527},{""track_id"":6,""confidence"":0.8476190567016602,""J"":0.08466198272328973,""F"":0.10404671023756429,""J_and_F"":0.09435434648042701},{""track_id"":7,""confidence"":0.8358974456787109,""J"":0.04099143507016115,""F"":0.04316381575594557,""J_and_F"":0.04207762541305336},{""track_id"":8,""confidence"":0.7460317611694336,""J"":0.08000054232989734,""F"":0.08687835165560309,""J_and_F"":0.08343944699275022},{""track_id"":9,""confidence"":0.7344398498535156,""J"":0.028153343924696664,""F"":0.02997581183964452,""J_and_F"":0.02906457788217059},{""track_id"":10,""confidence"":0.8048780560493469,""J"":0.23898978042199717,""F"":0.2698645048154673,""J_and_F"":0.2544271426187322}]"
long_rvos/bd4aefda10/2/7/raw_expression,long_rvos,bd4aefda10,2,7,dynamic,"The woman, to the left of another woman, plays the accordion.",raw_expression,"The woman, to the left of another woman, plays the accordion.",0,,0.0,0.0,0.0,0,0,0,[]
long_rvos/bd4aefda10/2/7/concept,long_rvos,bd4aefda10,2,7,dynamic,"The woman, to the left of another woman, plays the accordion.",concept,woman,11,10,0.23898978042199717,0.2698645048154673,0.2544271426187322,0,0,0,"[{""track_id"":0,""confidence"":0.7887788414955139,""J"":4.111323896363619e-06,""F"":0.0023588037030528733,""J_and_F"":0.0011814575134746184},{""track_id"":1,""confidence"":0.6604774594306946,""J"":0.041410290239128046,""F"":0.054367257384622884,""J_and_F"":0.047888773811875465},{""track_id"":2,""confidence"":0.7697842121124268,""J"":0.024421878172546995,""F"":0.02728920977318747,""J_and_F"":0.025855543972867233},{""track_id"":3,""confidence"":0.859649121761322,""J"":0.04242401822873333,""F"":0.04564983099987185,""J_and_F"":0.044036924614302586},{""track_id"":4,""confidence"":0.859649121761322,""J"":0.0701805687478195,""F"":0.07442587243785131,""J_and_F"":0.07230322059283541},{""track_id"":5,""confidence"":0.6559139490127563,""J"":0.0680540446010971,""F"":0.08506840262311344,""J_and_F"":0.07656122361210527},{""track_id"":6,""confidence"":0.8476190567016602,""J"":0.08466198272328973,""F"":0.10404671023756429,""J_and_F"":0.09435434648042701},{""track_id"":7,""confidence"":0.8358974456787109,""J"":0.04099143507016115,""F"":0.04316381575594557,""J_and_F"":0.04207762541305336},{""track_id"":8,""confidence"":0.7460317611694336,""J"":0.08000054232989734,""F"":0.08687835165560309,""J_and_F"":0.08343944699275022},{""track_id"":9,""confidence"":0.7344398498535156,""J"":0.028153343924696664,""F"":0.02997581183964452,""J_and_F"":0.02906457788217059},{""track_id"":10,""confidence"":0.8048780560493469,""J"":0.23898978042199717,""F"":0.2698645048154673,""J_and_F"":0.2544271426187322}]"
long_rvos/bd4aefda10/2/7/qwen_concept,long_rvos,bd4aefda10,2,7,dynamic,"The woman, to the left of another woman, plays the accordion.",qwen_concept,woman,11,10,0.23898978042199717,0.2698645048154673,0.2544271426187322,0,0,0,"[{""track_id"":0,""confidence"":0.7887788414955139,""J"":4.111323896363619e-06,""F"":0.0023588037030528733,""J_and_F"":0.0011814575134746184},{""track_id"":1,""confidence"":0.6604774594306946,""J"":0.041410290239128046,""F"":0.054367257384622884,""J_and_F"":0.047888773811875465},{""track_id"":2,""confidence"":0.7697842121124268,""J"":0.024421878172546995,""F"":0.02728920977318747,""J_and_F"":0.025855543972867233},{""track_id"":3,""confidence"":0.859649121761322,""J"":0.04242401822873333,""F"":0.04564983099987185,""J_and_F"":0.044036924614302586},{""track_id"":4,""confidence"":0.859649121761322,""J"":0.0701805687478195,""F"":0.07442587243785131,""J_and_F"":0.07230322059283541},{""track_id"":5,""confidence"":0.6559139490127563,""J"":0.0680540446010971,""F"":0.08506840262311344,""J_and_F"":0.07656122361210527},{""track_id"":6,""confidence"":0.8476190567016602,""J"":0.08466198272328973,""F"":0.10404671023756429,""J_and_F"":0.09435434648042701},{""track_id"":7,""confidence"":0.8358974456787109,""J"":0.04099143507016115,""F"":0.04316381575594557,""J_and_F"":0.04207762541305336},{""track_id"":8,""confidence"":0.7460317611694336,""J"":0.08000054232989734,""F"":0.08687835165560309,""J_and_F"":0.08343944699275022},{""track_id"":9,""confidence"":0.7344398498535156,""J"":0.028153343924696664,""F"":0.02997581183964452,""J_and_F"":0.02906457788217059},{""track_id"":10,""confidence"":0.8048780560493469,""J"":0.23898978042199717,""F"":0.2698645048154673,""J_and_F"":0.2544271426187322}]"
long_rvos/bd4aefda10/2/9/raw_expression,long_rvos,bd4aefda10,2,9,hybrid,A blonde woman in black plays the accordion while reading music beside another woman.,raw_expression,A blonde woman in black plays the accordion while reading music beside another woman.,2,1,0.8219249014046035,0.9004988674909022,0.8612118844477529,1,1,1,"[{""track_id"":0,""confidence"":0.8439024686813354,""J"":0.0,""F"":0.0019159771836065628,""J_and_F"":0.0009579885918032814},{""track_id"":1,""confidence"":0.6831682920455933,""J"":0.8219249014046035,""F"":0.9004988674909022,""J_and_F"":0.8612118844477529}]"
long_rvos/bd4aefda10/2/9/concept,long_rvos,bd4aefda10,2,9,hybrid,A blonde woman in black plays the accordion while reading music beside another woman.,concept,blonde woman,0,,0.0,0.0,0.0,0,0,0,[]
long_rvos/bd4aefda10/2/9/qwen_concept,long_rvos,bd4aefda10,2,9,hybrid,A blonde woman in black plays the accordion while reading music beside another woman.,qwen_concept,woman,11,10,0.23898978042199717,0.2698645048154673,0.2544271426187322,0,0,0,"[{""track_id"":0,""confidence"":0.7887788414955139,""J"":4.111323896363619e-06,""F"":0.0023588037030528733,""J_and_F"":0.0011814575134746184},{""track_id"":1,""confidence"":0.6604774594306946,""J"":0.041410290239128046,""F"":0.054367257384622884,""J_and_F"":0.047888773811875465},{""track_id"":2,""confidence"":0.7697842121124268,""J"":0.024421878172546995,""F"":0.02728920977318747,""J_and_F"":0.025855543972867233},{""track_id"":3,""confidence"":0.859649121761322,""J"":0.04242401822873333,""F"":0.04564983099987185,""J_and_F"":0.044036924614302586},{""track_id"":4,""confidence"":0.859649121761322,""J"":0.0701805687478195,""F"":0.07442587243785131,""J_and_F"":0.07230322059283541},{""track_id"":5,""confidence"":0.6559139490127563,""J"":0.0680540446010971,""F"":0.08506840262311344,""J_and_F"":0.07656122361210527},{""track_id"":6,""confidence"":0.8476190567016602,""J"":0.08466198272328973,""F"":0.10404671023756429,""J_and_F"":0.09435434648042701},{""track_id"":7,""confidence"":0.8358974456787109,""J"":0.04099143507016115,""F"":0.04316381575594557,""J_and_F"":0.04207762541305336},{""track_id"":8,""confidence"":0.7460317611694336,""J"":0.08000054232989734,""F"":0.08687835165560309,""J_and_F"":0.08343944699275022},{""track_id"":9,""confidence"":0.7344398498535156,""J"":0.028153343924696664,""F"":0.02997581183964452,""J_and_F"":0.02906457788217059},{""track_id"":10,""confidence"":0.8048780560493469,""J"":0.23898978042199717,""F"":0.2698645048154673,""J_and_F"":0.2544271426187322}]"
long_rvos/bd4aefda10/2/4/raw_expression,long_rvos,bd4aefda10,2,4,static,"A blonde woman, next to another woman.",raw_expression,"A blonde woman, next to another woman.",0,,0.0,0.0,0.0,0,0,0,[]
long_rvos/bd4aefda10/2/4/concept,long_rvos,bd4aefda10,2,4,static,"A blonde woman, next to another woman.",concept,blonde woman,0,,0.0,0.0,0.0,0,0,0,[]
long_rvos/bd4aefda10/2/4/qwen_concept,long_rvos,bd4aefda10,2,4,static,"A blonde woman, next to another woman.",qwen_concept,blonde woman,0,,0.0,0.0,0.0,0,0,0,[]
long_rvos/bd4aefda10/2/6/raw_expression,long_rvos,bd4aefda10,2,6,static,"A woman sits on the right of another woman, with a rack in front of them.",raw_expression,"A woman sits on the right of another woman, with a rack in front of them.",0,,0.0,0.0,0.0,0,0,0,[]
long_rvos/bd4aefda10/2/6/concept,long_rvos,bd4aefda10,2,6,static,"A woman sits on the right of another woman, with a rack in front of them.",concept,woman,11,10,0.23898978042199717,0.2698645048154673,0.2544271426187322,0,0,0,"[{""track_id"":0,""confidence"":0.7887788414955139,""J"":4.111323896363619e-06,""F"":0.0023588037030528733,""J_and_F"":0.0011814575134746184},{""track_id"":1,""confidence"":0.6604774594306946,""J"":0.041410290239128046,""F"":0.054367257384622884,""J_and_F"":0.047888773811875465},{""track_id"":2,""confidence"":0.7697842121124268,""J"":0.024421878172546995,""F"":0.02728920977318747,""J_and_F"":0.025855543972867233},{""track_id"":3,""confidence"":0.859649121761322,""J"":0.04242401822873333,""F"":0.04564983099987185,""J_and_F"":0.044036924614302586},{""track_id"":4,""confidence"":0.859649121761322,""J"":0.0701805687478195,""F"":0.07442587243785131,""J_and_F"":0.07230322059283541},{""track_id"":5,""confidence"":0.6559139490127563,""J"":0.0680540446010971,""F"":0.08506840262311344,""J_and_F"":0.07656122361210527},{""track_id"":6,""confidence"":0.8476190567016602,""J"":0.08466198272328973,""F"":0.10404671023756429,""J_and_F"":0.09435434648042701},{""track_id"":7,""confidence"":0.8358974456787109,""J"":0.04099143507016115,""F"":0.04316381575594557,""J_and_F"":0.04207762541305336},{""track_id"":8,""confidence"":0.7460317611694336,""J"":0.08000054232989734,""F"":0.08687835165560309,""J_and_F"":0.08343944699275022},{""track_id"":9,""confidence"":0.7344398498535156,""J"":0.028153343924696664,""F"":0.02997581183964452,""J_and_F"":0.02906457788217059},{""track_id"":10,""confidence"":0.8048780560493469,""J"":0.23898978042199717,""F"":0.2698645048154673,""J_and_F"":0.2544271426187322}]"
long_rvos/bd4aefda10/2/6/qwen_concept,long_rvos,bd4aefda10,2,6,static,"A woman sits on the right of another woman, with a rack in front of them.",qwen_concept,woman,11,10,0.23898978042199717,0.2698645048154673,0.2544271426187322,0,0,0,"[{""track_id"":0,""confidence"":0.7887788414955139,""J"":4.111323896363619e-06,""F"":0.0023588037030528733,""J_and_F"":0.0011814575134746184},{""track_id"":1,""confidence"":0.6604774594306946,""J"":0.041410290239128046,""F"":0.054367257384622884,""J_and_F"":0.047888773811875465},{""track_id"":2,""confidence"":0.7697842121124268,""J"":0.024421878172546995,""F"":0.02728920977318747,""J_and_F"":0.025855543972867233},{""track_id"":3,""confidence"":0.859649121761322,""J"":0.04242401822873333,""F"":0.04564983099987185,""J_and_F"":0.044036924614302586},{""track_id"":4,""confidence"":0.859649121761322,""J"":0.0701805687478195,""F"":0.07442587243785131,""J_and_F"":0.07230322059283541},{""track_id"":5,""confidence"":0.6559139490127563,""J"":0.0680540446010971,""F"":0.08506840262311344,""J_and_F"":0.07656122361210527},{""track_id"":6,""confidence"":0.8476190567016602,""J"":0.08466198272328973,""F"":0.10404671023756429,""J_and_F"":0.09435434648042701},{""track_id"":7,""confidence"":0.8358974456787109,""J"":0.04099143507016115,""F"":0.04316381575594557,""J_and_F"":0.04207762541305336},{""track_id"":8,""confidence"":0.7460317611694336,""J"":0.08000054232989734,""F"":0.08687835165560309,""J_and_F"":0.08343944699275022},{""track_id"":9,""confidence"":0.7344398498535156,""J"":0.028153343924696664,""F"":0.02997581183964452,""J_and_F"":0.02906457788217059},{""track_id"":10,""confidence"":0.8048780560493469,""J"":0.23898978042199717,""F"":0.2698645048154673,""J_and_F"":0.2544271426187322}]"
long_rvos/af3ad95fe0/5/9/raw_expression,long_rvos,af3ad95fe0,5,9,dynamic,"The red triangular toy is played with by a child in blue clothes, then thrown onto the carpet.",raw_expression,"The red triangular toy is played with by a child in blue clothes, then thrown onto the carpet.",0,,0.0,0.0,0.0,0,0,0,[]
long_rvos/af3ad95fe0/5/9/concept,long_rvos,af3ad95fe0,5,9,dynamic,"The red triangular toy is played with by a child in blue clothes, then thrown onto the carpet.",concept,red triangular toy,5,1,0.4936894237800323,0.5687873745131408,0.5312383991465865,1,1,0,"[{""track_id"":0,""confidence"":-4999.55479452014,""J"":0.2896694803758877,""F"":0.296875,""J_and_F"":0.29327224018794384},{""track_id"":1,""confidence"":0.675126850605011,""J"":0.4936894237800323,""F"":0.5687873745131408,""J_and_F"":0.5312383991465865},{""track_id"":2,""confidence"":-4999.599378883839,""J"":0.29161354490579844,""F"":0.2967087765957447,""J_and_F"":0.2941611607507716},{""track_id"":3,""confidence"":null,""J"":0.265625,""F"":0.265625,""J_and_F"":0.265625},{""track_id"":4,""confidence"":0.8632478713989258,""J"":0.44116900214807375,""F"":0.4839202832987034,""J_and_F"":0.4625446427233886}]"
long_rvos/af3ad95fe0/5/9/qwen_concept,long_rvos,af3ad95fe0,5,9,dynamic,"The red triangular toy is played with by a child in blue clothes, then thrown onto the carpet.",qwen_concept,red triangular toy,5,1,0.4936894237800323,0.5687873745131408,0.5312383991465865,1,1,0,"[{""track_id"":0,""confidence"":-4999.55479452014,""J"":0.2896694803758877,""F"":0.296875,""J_and_F"":0.29327224018794384},{""track_id"":1,""confidence"":0.675126850605011,""J"":0.4936894237800323,""F"":0.5687873745131408,""J_and_F"":0.5312383991465865},{""track_id"":2,""confidence"":-4999.599378883839,""J"":0.29161354490579844,""F"":0.2967087765957447,""J_and_F"":0.2941611607507716},{""track_id"":3,""confidence"":null,""J"":0.265625,""F"":0.265625,""J_and_F"":0.265625},{""track_id"":4,""confidence"":0.8632478713989258,""J"":0.44116900214807375,""F"":0.4839202832987034,""J_and_F"":0.4625446427233886}]"
long_rvos/af3ad95fe0/5/16/raw_expression,long_rvos,af3ad95fe0,5,16,hybrid,"A child in blue plays with a red triangular toy, then throws it on the carpet.",raw_expression,"A child in blue plays with a red triangular toy, then throws it on the carpet.",0,,0.0,0.0,0.0,0,0,0,[]
long_rvos/af3ad95fe0/5/16/concept,long_rvos,af3ad95fe0,5,16,hybrid,"A child in blue plays with a red triangular toy, then throws it on the carpet.",concept,child,4,2,0.265625,0.265625,0.265625,0,0,0,"[{""track_id"":0,""confidence"":0.9532163739204407,""J"":0.04922198717327482,""F"":0.14856277854653033,""J_and_F"":0.09889238285990257},{""track_id"":1,""confidence"":0.96875,""J"":0.0,""F"":0.0,""J_and_F"":0.0},{""track_id"":2,""confidence"":null,""J"":0.265625,""F"":0.265625,""J_and_F"":0.265625},{""track_id"":3,""confidence"":null,""J"":0.265625,""F"":0.265625,""J_and_F"":0.265625}]"
long_rvos/af3ad95fe0/5/16/qwen_concept,long_rvos,af3ad95fe0,5,16,hybrid,"A child in blue plays with a red triangular toy, then throws it on the carpet.",qwen_concept,child,4,2,0.265625,0.265625,0.265625,0,0,0,"[{""track_id"":0,""confidence"":0.9532163739204407,""J"":0.04922198717327482,""F"":0.14856277854653033,""J_and_F"":0.09889238285990257},{""track_id"":1,""confidence"":0.96875,""J"":0.0,""F"":0.0,""J_and_F"":0.0},{""track_id"":2,""confidence"":null,""J"":0.265625,""F"":0.265625,""J_and_F"":0.265625},{""track_id"":3,""confidence"":null,""J"":0.265625,""F"":0.265625,""J_and_F"":0.265625}]"
long_rvos/af3ad95fe0/5/8/raw_expression,long_rvos,af3ad95fe0,5,8,static,"A red triangular toy, initially held by the child in blue clothes, later on the carpet.",raw_expression,"A red triangular toy, initially held by the child in blue clothes, later on the carpet.",0,,0.0,0.0,0.0,0,0,0,[]
long_rvos/af3ad95fe0/5/8/concept,long_rvos,af3ad95fe0,5,8,static,"A red triangular toy, initially held by the child in blue clothes, later on the carpet.",concept,red triangular toy,5,1,0.4936894237800323,0.5687873745131408,0.5312383991465865,1,1,0,"[{""track_id"":0,""confidence"":-4999.55479452014,""J"":0.2896694803758877,""F"":0.296875,""J_and_F"":0.29327224018794384},{""track_id"":1,""confidence"":0.675126850605011,""J"":0.4936894237800323,""F"":0.5687873745131408,""J_and_F"":0.5312383991465865},{""track_id"":2,""confidence"":-4999.599378883839,""J"":0.29161354490579844,""F"":0.2967087765957447,""J_and_F"":0.2941611607507716},{""track_id"":3,""confidence"":null,""J"":0.265625,""F"":0.265625,""J_and_F"":0.265625},{""track_id"":4,""confidence"":0.8632478713989258,""J"":0.44116900214807375,""F"":0.4839202832987034,""J_and_F"":0.4625446427233886}]"
long_rvos/af3ad95fe0/5/8/qwen_concept,long_rvos,af3ad95fe0,5,8,static,"A red triangular toy, initially held by the child in blue clothes, later on the carpet.",qwen_concept,toy,14,0,0.4001541315043734,0.4728847648661807,0.43651944818527705,1,0,0,"[{""track_id"":0,""confidence"":0.8750000596046448,""J"":0.4001541315043734,""F"":0.4728847648661807,""J_and_F"":0.43651944818527705},{""track_id"":1,""confidence"":0.8400000333786011,""J"":0.00019371440923843274,""F"":0.04562068676751039,""J_and_F"":0.02290720058837441},{""track_id"":3,""confidence"":0.7655677795410156,""J"":0.203125,""F"":0.203125,""J_and_F"":0.203125},{""track_id"":5,""confidence"":0.7037037014961243,""J"":0.18325711739589468,""F"":0.21371103996689023,""J_and_F"":0.19848407868139245},{""track_id"":6,""confidence"":0.6908212304115295,""J"":0.078125,""F"":0.078125,""J_and_F"":0.078125},{""track_id"":7,""confidence"":0.8160918951034546,""J"":0.234375,""F"":0.234375,""J_and_F"":0.234375},{""track_id"":8,""confidence"":0.6717948913574219,""J"":0.109375,""F"":0.109375,""J_and_F"":0.109375},{""track_id"":9,""confidence"":0.6800000071525574,""J"":0.203125,""F"":0.203125,""J_and_F"":0.203125},{""track_id"":10,""confidence"":0.7730495929718018,""J"":0.09375,""F"":0.09375,""J_and_F"":0.09375},{""track_id"":12,""confidence"":null,""J"":0.265625,""F"":0.265625,""J_and_F"":0.265625},{""track_id"":13,""confidence"":null,""J"":0.265625,""F"":0.265625,""J_and_F"":0.265625},{""track_id"":14,""confidence"":0.7064220309257507,""J"":0.2658054967269927,""F"":0.2740380351229896,""J_and_F"":0.2699217659249912},{""track_id"":16,""confidence"":0.6559139490127563,""J"":0.265625,""F"":0.265625,""J_and_F"":0.265625},{""track_id"":17,""confidence"":0.6908212304115295,""J"":0.265625,""F"":0.265625,""J_and_F"":0.265625}]"
long_rvos/8847e5550e/2/3/raw_expression,long_rvos,8847e5550e,2,3,dynamic,"The man first washed his hands with water, then tilted his head back to drink.",raw_expression,"The man first washed his hands with water, then tilted his head back to drink.",0,,0.0,0.0,0.0,0,0,0,[]
long_rvos/8847e5550e/2/3/concept,long_rvos,8847e5550e,2,3,dynamic,"The man first washed his hands with water, then tilted his head back to drink.",concept,man,14,2,0.8969066881378286,0.9210652669159062,0.9089859775268674,1,1,1,"[{""track_id"":0,""confidence"":0.859649121761322,""J"":0.390625,""F"":0.390625,""J_and_F"":0.390625},{""track_id"":1,""confidence"":0.7928802371025085,""J"":0.390625,""F"":0.390625,""J_and_F"":0.390625},{""track_id"":2,""confidence"":0.8083832263946533,""J"":0.8969066881378286,""F"":0.9210652669159062,""J_and_F"":0.9089859775268674},{""track_id"":3,""confidence"":0.6521739363670349,""J"":0.390625,""F"":0.390625,""J_and_F"":0.390625},{""track_id"":4,""confidence"":0.6831682920455933,""J"":0.390625,""F"":0.390625,""J_and_F"":0.390625},{""track_id"":5,""confidence"":0.6640419960021973,""J"":0.390625,""F"":0.390625,""J_and_F"":0.390625},{""track_id"":6,""confidence"":0.7104072570800781,""J"":0.390625,""F"":0.390625,""J_and_F"":0.390625},{""track_id"":7,""confidence"":0.6831682920455933,""J"":0.390625,""F"":0.390625,""J_and_F"":0.390625},{""track_id"":8,""confidence"":0.6995305418968201,""J"":0.375,""F"":0.375,""J_and_F"":0.375},{""track_id"":9,""confidence"":0.7460317611694336,""J"":0.390625,""F"":0.390625,""J_and_F"":0.390625},{""track_id"":10,""confidence"":0.8518518805503845,""J"":0.390625,""F"":0.390625,""J_and_F"":0.390625},{""track_id"":12,""confidence"":0.7229437232017517,""J"":0.390625,""F"":0.390625,""J_and_F"":0.390625},{""track_id"":13,""confidence"":0.6559139490127563,""J"":0.390625,""F"":0.3929134652045927,""J_and_F"":0.39176923260229635},{""track_id"":14,""confidence"":0.7620818018913269,""J"":0.0,""F"":0.0003823692992213571,""J_and_F"":0.00019118464961067854}]"
long_rvos/8847e5550e/2/3/qwen_concept,long_rvos,8847e5550e,2,3,dynamic,"The man first washed his hands with water, then tilted his head back to drink.",qwen_concept,man,14,2,0.8969066881378286,0.9210652669159062,0.9089859775268674,1,1,1,"[{""track_id"":0,""confidence"":0.859649121761322,""J"":0.390625,""F"":0.390625,""J_and_F"":0.390625},{""track_id"":1,""confidence"":0.7928802371025085,""J"":0.390625,""F"":0.390625,""J_and_F"":0.390625},{""track_id"":2,""confidence"":0.8083832263946533,""J"":0.8969066881378286,""F"":0.9210652669159062,""J_and_F"":0.9089859775268674},{""track_id"":3,""confidence"":0.6521739363670349,""J"":0.390625,""F"":0.390625,""J_and_F"":0.390625},{""track_id"":4,""confidence"":0.6831682920455933,""J"":0.390625,""F"":0.390625,""J_and_F"":0.390625},{""track_id"":5,""confidence"":0.6640419960021973,""J"":0.390625,""F"":0.390625,""J_and_F"":0.390625},{""track_id"":6,""confidence"":0.7104072570800781,""J"":0.390625,""F"":0.390625,""J_and_F"":0.390625},{""track_id"":7,""confidence"":0.6831682920455933,""J"":0.390625,""F"":0.390625,""J_and_F"":0.390625},{""track_id"":8,""confidence"":0.6995305418968201,""J"":0.375,""F"":0.375,""J_and_F"":0.375},{""track_id"":9,""confidence"":0.7460317611694336,""J"":0.390625,""F"":0.390625,""J_and_F"":0.390625},{""track_id"":10,""confidence"":0.8518518805503845,""J"":0.390625,""F"":0.390625,""J_and_F"":0.390625},{""track_id"":12,""confidence"":0.7229437232017517,""J"":0.390625,""F"":0.390625,""J_and_F"":0.390625},{""track_id"":13,""confidence"":0.6559139490127563,""J"":0.390625,""F"":0.3929134652045927,""J_and_F"":0.39176923260229635},{""track_id"":14,""confidence"":0.7620818018913269,""J"":0.0,""F"":0.0003823692992213571,""J_and_F"":0.00019118464961067854}]"
long_rvos/8847e5550e/2/5/raw_expression,long_rvos,8847e5550e,2,5,hybrid,"A man in black drinks water, his head tilted back, as he stands next to a woman wearing a pink scarf.",raw_expression,"A man in black drinks water, his head tilted back, as he stands next to a woman wearing a pink scarf.",0,,0.0,0.0,0.0,0,0,0,[]
long_rvos/8847e5550e/2/5/concept,long_rvos,8847e5550e,2,5,hybrid,"A man in black drinks water, his head tilted back, as he stands next to a woman wearing a pink scarf.",concept,his head,15,1,0.5581439171918452,0.6313082423907963,0.5947260797913207,1,1,0,"[{""track_id"":0,""confidence"":0.7968254089355469,""J"":0.390625,""F"":0.390625,""J_and_F"":0.390625},{""track_id"":1,""confidence"":0.8632478713989258,""J"":0.5581439171918452,""F"":0.6313082423907963,""J_and_F"":0.5947260797913207},{""track_id"":2,""confidence"":0.6878048777580261,""J"":0.3907926154850869,""F"":0.46526732240965407,""J_and_F"":0.4280299689473705},{""track_id"":3,""confidence"":0.7419355511665344,""J"":0.390625,""F"":0.390625,""J_and_F"":0.390625},{""track_id"":4,""confidence"":0.7229437232017517,""J"":0.390625,""F"":0.390625,""J_and_F"":0.390625},{""track_id"":6,""confidence"":0.6831682920455933,""J"":0.3750066708713371,""F"":0.3793559042985718,""J_and_F"":0.37718128758495445},{""track_id"":7,""confidence"":0.6800000071525574,""J"":0.390625,""F"":0.390625,""J_and_F"":0.390625},{""track_id"":8,""confidence"":0.6559139490127563,""J"":0.390625,""F"":0.390625,""J_and_F"":0.390625},{""track_id"":9,""confidence"":0.6878048777580261,""J"":0.390625,""F"":0.390625,""J_and_F"":0.390625},{""track_id"":10,""confidence"":0.6521739363670349,""J"":0.2656368664561516,""F"":0.2779939897481271,""J_and_F"":0.2718154281021393},{""track_id"":11,""confidence"":0.6640419960021973,""J"":0.0,""F"":0.0,""J_and_F"":0.0},{""track_id"":12,""confidence"":0.6604774594306946,""J"":0.390625,""F"":0.390625,""J_and_F"":0.390625},{""track_id"":13,""confidence"":0.6640419960021973,""J"":0.390625,""F"":0.390625,""J_and_F"":0.390625},{""track_id"":14,""confidence"":0.6521739363670349,""J"":0.390625,""F"":0.390625,""J_and_F"":0.390625},{""track_id"":15,""confidence"":0.6831682920455933,""J"":0.0,""F"":0.0,""J_and_F"":0.0}]"
long_rvos/8847e5550e/2/5/qwen_concept,long_rvos,8847e5550e,2,5,hybrid,"A man in black drinks water, his head tilted back, as he stands next to a woman wearing a pink scarf.",qwen_concept,man in black,9,1,0.8084700076362275,0.8394887220339892,0.8239793648351084,1,1,1,"[{""track_id"":0,""confidence"":0.6559139490127563,""J"":0.140625,""F"":0.1414041290376198,""J_and_F"":0.1410145645188099},{""track_id"":1,""confidence"":0.6995305418968201,""J"":0.8084700076362275,""F"":0.8394887220339892,""J_and_F"":0.8239793648351084},{""track_id"":2,""confidence"":0.6995305418968201,""J"":0.390625,""F"":0.390625,""J_and_F"":0.390625},{""track_id"":3,""confidence"":0.7730495929718018,""J"":0.390625,""F"":0.390625,""J_and_F"":0.390625},{""track_id"":4,""confidence"":0.7037037014961243,""J"":0.0,""F"":0.00012170357182597086,""J_and_F"":6.085178591298543e-05},{""track_id"":5,""confidence"":0.6908212304115295,""J"":6.959910913140312e-07,""F"":0.0020780292569258655,""J_and_F"":0.0010393626240085896},{""track_id"":6,""confidence"":0.7264957427978516,""J"":0.0,""F"":0.0,""J_and_F"":0.0},{""track_id"":7,""confidence"":0.7887788414955139,""J"":0.0,""F"":0.0,""J_and_F"":0.0},{""track_id"":8,""confidence"":0.6878048777580261,""J"":0.34375,""F"":0.34375,""J_and_F"":0.34375}]"
long_rvos/8847e5550e/2/2/raw_expression,long_rvos,8847e5550e,2,2,static,"A man wearing black clothes, standing to the left of a woman wearing a pink scarf.",raw_expression,"A man wearing black clothes, standing to the left of a woman wearing a pink scarf.",0,,0.0,0.0,0.0,0,0,0,[]
long_rvos/8847e5550e/2/2/concept,long_rvos,8847e5550e,2,2,static,"A man wearing black clothes, standing to the left of a woman wearing a pink scarf.",concept,man,14,2,0.8969066881378286,0.9210652669159062,0.9089859775268674,1,1,1,"[{""track_id"":0,""confidence"":0.859649121761322,""J"":0.390625,""F"":0.390625,""J_and_F"":0.390625},{""track_id"":1,""confidence"":0.7928802371025085,""J"":0.390625,""F"":0.390625,""J_and_F"":0.390625},{""track_id"":2,""confidence"":0.8083832263946533,""J"":0.8969066881378286,""F"":0.9210652669159062,""J_and_F"":0.9089859775268674},{""track_id"":3,""confidence"":0.6521739363670349,""J"":0.390625,""F"":0.390625,""J_and_F"":0.390625},{""track_id"":4,""confidence"":0.6831682920455933,""J"":0.390625,""F"":0.390625,""J_and_F"":0.390625},{""track_id"":5,""confidence"":0.6640419960021973,""J"":0.390625,""F"":0.390625,""J_and_F"":0.390625},{""track_id"":6,""confidence"":0.7104072570800781,""J"":0.390625,""F"":0.390625,""J_and_F"":0.390625},{""track_id"":7,""confidence"":0.6831682920455933,""J"":0.390625,""F"":0.390625,""J_and_F"":0.390625},{""track_id"":8,""confidence"":0.6995305418968201,""J"":0.375,""F"":0.375,""J_and_F"":0.375},{""track_id"":9,""confidence"":0.7460317611694336,""J"":0.390625,""F"":0.390625,""J_and_F"":0.390625},{""track_id"":10,""confidence"":0.8518518805503845,""J"":0.390625,""F"":0.390625,""J_and_F"":0.390625},{""track_id"":12,""confidence"":0.7229437232017517,""J"":0.390625,""F"":0.390625,""J_and_F"":0.390625},{""track_id"":13,""confidence"":0.6559139490127563,""J"":0.390625,""F"":0.3929134652045927,""J_and_F"":0.39176923260229635},{""track_id"":14,""confidence"":0.7620818018913269,""J"":0.0,""F"":0.0003823692992213571,""J_and_F"":0.00019118464961067854}]"
long_rvos/8847e5550e/2/2/qwen_concept,long_rvos,8847e5550e,2,2,static,"A man wearing black clothes, standing to the left of a woman wearing a pink scarf.",qwen_concept,man,14,2,0.8969066881378286,0.9210652669159062,0.9089859775268674,1,1,1,"[{""track_id"":0,""confidence"":0.859649121761322,""J"":0.390625,""F"":0.390625,""J_and_F"":0.390625},{""track_id"":1,""confidence"":0.7928802371025085,""J"":0.390625,""F"":0.390625,""J_and_F"":0.390625},{""track_id"":2,""confidence"":0.8083832263946533,""J"":0.8969066881378286,""F"":0.9210652669159062,""J_and_F"":0.9089859775268674},{""track_id"":3,""confidence"":0.6521739363670349,""J"":0.390625,""F"":0.390625,""J_and_F"":0.390625},{""track_id"":4,""confidence"":0.6831682920455933,""J"":0.390625,""F"":0.390625,""J_and_F"":0.390625},{""track_id"":5,""confidence"":0.6640419960021973,""J"":0.390625,""F"":0.390625,""J_and_F"":0.390625},{""track_id"":6,""confidence"":0.7104072570800781,""J"":0.390625,""F"":0.390625,""J_and_F"":0.390625},{""track_id"":7,""confidence"":0.6831682920455933,""J"":0.390625,""F"":0.390625,""J_and_F"":0.390625},{""track_id"":8,""confidence"":0.6995305418968201,""J"":0.375,""F"":0.375,""J_and_F"":0.375},{""track_id"":9,""confidence"":0.7460317611694336,""J"":0.390625,""F"":0.390625,""J_and_F"":0.390625},{""track_id"":10,""confidence"":0.8518518805503845,""J"":0.390625,""F"":0.390625,""J_and_F"":0.390625},{""track_id"":12,""confidence"":0.7229437232017517,""J"":0.390625,""F"":0.390625,""J_and_F"":0.390625},{""track_id"":13,""confidence"":0.6559139490127563,""J"":0.390625,""F"":0.3929134652045927,""J_and_F"":0.39176923260229635},{""track_id"":14,""confidence"":0.7620818018913269,""J"":0.0,""F"":0.0003823692992213571,""J_and_F"":0.00019118464961067854}]"
long_rvos/5d262b025c/1/1/raw_expression,long_rvos,5d262b025c,1,1,dynamic,"The woman is taking pictures of the crowd, then is shot with a toy gun by the crowd, falling to the ground.",raw_expression,"The woman is taking pictures of the crowd, then is shot with a toy gun by the crowd, falling to the ground.",0,,0.0,0.0,0.0,0,0,0,[]
long_rvos/5d262b025c/1/1/concept,long_rvos,5d262b025c,1,1,dynamic,"The woman is taking pictures of the crowd, then is shot with a toy gun by the crowd, falling to the ground.",concept,woman,10,0,0.6699744012022798,0.6784771379907879,0.6742257695965339,1,1,0,"[{""track_id"":0,""confidence"":0.8672199249267578,""J"":0.6699744012022798,""F"":0.6784771379907879,""J_and_F"":0.6742257695965339},{""track_id"":1,""confidence"":0.7575758099555969,""J"":0.046875,""F"":0.046875,""J_and_F"":0.046875},{""track_id"":2,""confidence"":0.8476190567016602,""J"":0.046875,""F"":0.046875,""J_and_F"":0.046875},{""track_id"":3,""confidence"":-1999.4716180324554,""J"":0.046875,""F"":0.046875,""J_and_F"":0.046875},{""track_id"":6,""confidence"":0.8160918951034546,""J"":0.046875,""F"":0.046875,""J_and_F"":0.046875},{""track_id"":7,""confidence"":0.7928802371025085,""J"":0.046875,""F"":0.046875,""J_and_F"":0.046875},{""track_id"":10,""confidence"":0.949367105960846,""J"":0.13706287687928642,""F"":0.1349960795494664,""J_and_F"":0.13602947821437641},{""track_id"":14,""confidence"":0.8709677457809448,""J"":0.07650204419438007,""F"":0.07519186608982356,""J_and_F"":0.07584695514210182},{""track_id"":15,""confidence"":0.6800000071525574,""J"":0.046890876582773175,""F"":0.04825915672913118,""J_and_F"":0.04757501665595218},{""track_id"":16,""confidence"":0.8324607610702515,""J"":0.1327525849851957,""F"":0.13283981986102494,""J_and_F"":0.13279620242311033}]"
long_rvos/5d262b025c/1/1/qwen_concept,long_rvos,5d262b025c,1,1,dynamic,"The woman is taking pictures of the crowd, then is shot with a toy gun by the crowd, falling to the ground.",qwen_concept,woman,10,0,0.6699744012022798,0.6784771379907879,0.6742257695965339,1,1,0,"[{""track_id"":0,""confidence"":0.8672199249267578,""J"":0.6699744012022798,""F"":0.6784771379907879,""J_and_F"":0.6742257695965339},{""track_id"":1,""confidence"":0.7575758099555969,""J"":0.046875,""F"":0.046875,""J_and_F"":0.046875},{""track_id"":2,""confidence"":0.8476190567016602,""J"":0.046875,""F"":0.046875,""J_and_F"":0.046875},{""track_id"":3,""confidence"":-1999.4716180324554,""J"":0.046875,""F"":0.046875,""J_and_F"":0.046875},{""track_id"":6,""confidence"":0.8160918951034546,""J"":0.046875,""F"":0.046875,""J_and_F"":0.046875},{""track_id"":7,""confidence"":0.7928802371025085,""J"":0.046875,""F"":0.046875,""J_and_F"":0.046875},{""track_id"":10,""confidence"":0.949367105960846,""J"":0.13706287687928642,""F"":0.1349960795494664,""J_and_F"":0.13602947821437641},{""track_id"":14,""confidence"":0.8709677457809448,""J"":0.07650204419438007,""F"":0.07519186608982356,""J_and_F"":0.07584695514210182},{""track_id"":15,""confidence"":0.6800000071525574,""J"":0.046890876582773175,""F"":0.04825915672913118,""J_and_F"":0.04757501665595218},{""track_id"":16,""confidence"":0.8324607610702515,""J"":0.1327525849851957,""F"":0.13283981986102494,""J_and_F"":0.13279620242311033}]"
long_rvos/5d262b025c/1/20/raw_expression,long_rvos,5d262b025c,1,20,hybrid,A helmeted woman with glasses is shot by the crowd with a toy gun while photographing them and falls.,raw_expression,A helmeted woman with glasses is shot by the crowd with a toy gun while photographing them and falls.,0,,0.0,0.0,0.0,0,0,0,[]
long_rvos/5d262b025c/1/20/concept,long_rvos,5d262b025c,1,20,hybrid,A helmeted woman with glasses is shot by the crowd with a toy gun while photographing them and falls.,concept,helmeted woman,0,,0.0,0.0,0.0,0,0,0,[]
long_rvos/5d262b025c/1/20/qwen_concept,long_rvos,5d262b025c,1,20,hybrid,A helmeted woman with glasses is shot by the crowd with a toy gun while photographing them and falls.,qwen_concept,woman,10,0,0.6699744012022798,0.6784771379907879,0.6742257695965339,1,1,0,"[{""track_id"":0,""confidence"":0.8672199249267578,""J"":0.6699744012022798,""F"":0.6784771379907879,""J_and_F"":0.6742257695965339},{""track_id"":1,""confidence"":0.7575758099555969,""J"":0.046875,""F"":0.046875,""J_and_F"":0.046875},{""track_id"":2,""confidence"":0.8476190567016602,""J"":0.046875,""F"":0.046875,""J_and_F"":0.046875},{""track_id"":3,""confidence"":-1999.4716180324554,""J"":0.046875,""F"":0.046875,""J_and_F"":0.046875},{""track_id"":6,""confidence"":0.8160918951034546,""J"":0.046875,""F"":0.046875,""J_and_F"":0.046875},{""track_id"":7,""confidence"":0.7928802371025085,""J"":0.046875,""F"":0.046875,""J_and_F"":0.046875},{""track_id"":10,""confidence"":0.949367105960846,""J"":0.13706287687928642,""F"":0.1349960795494664,""J_and_F"":0.13602947821437641},{""track_id"":14,""confidence"":0.8709677457809448,""J"":0.07650204419438007,""F"":0.07519186608982356,""J_and_F"":0.07584695514210182},{""track_id"":15,""confidence"":0.6800000071525574,""J"":0.046890876582773175,""F"":0.04825915672913118,""J_and_F"":0.04757501665595218},{""track_id"":16,""confidence"":0.8324607610702515,""J"":0.1327525849851957,""F"":0.13283981986102494,""J_and_F"":0.13279620242311033}]"
long_rvos/5d262b025c/1/0/raw_expression,long_rvos,5d262b025c,1,0,static,"A woman wearing a helmet and glasses, holding a camera, in front of a crowd.",raw_expression,"A woman wearing a helmet and glasses, holding a camera, in front of a crowd.",1,0,0.8162101556365748,0.8276468187643233,0.8219284872004491,1,1,1,"[{""track_id"":0,""confidence"":0.6683937907218933,""J"":0.8162101556365748,""F"":0.8276468187643233,""J_and_F"":0.8219284872004491}]"
long_rvos/5d262b025c/1/0/concept,long_rvos,5d262b025c,1,0,static,"A woman wearing a helmet and glasses, holding a camera, in front of a crowd.",concept,woman,10,0,0.6699744012022798,0.6784771379907879,0.6742257695965339,1,1,0,"[{""track_id"":0,""confidence"":0.8672199249267578,""J"":0.6699744012022798,""F"":0.6784771379907879,""J_and_F"":0.6742257695965339},{""track_id"":1,""confidence"":0.7575758099555969,""J"":0.046875,""F"":0.046875,""J_and_F"":0.046875},{""track_id"":2,""confidence"":0.8476190567016602,""J"":0.046875,""F"":0.046875,""J_and_F"":0.046875},{""track_id"":3,""confidence"":-1999.4716180324554,""J"":0.046875,""F"":0.046875,""J_and_F"":0.046875},{""track_id"":6,""confidence"":0.8160918951034546,""J"":0.046875,""F"":0.046875,""J_and_F"":0.046875},{""track_id"":7,""confidence"":0.7928802371025085,""J"":0.046875,""F"":0.046875,""J_and_F"":0.046875},{""track_id"":10,""confidence"":0.949367105960846,""J"":0.13706287687928642,""F"":0.1349960795494664,""J_and_F"":0.13602947821437641},{""track_id"":14,""confidence"":0.8709677457809448,""J"":0.07650204419438007,""F"":0.07519186608982356,""J_and_F"":0.07584695514210182},{""track_id"":15,""confidence"":0.6800000071525574,""J"":0.046890876582773175,""F"":0.04825915672913118,""J_and_F"":0.04757501665595218},{""track_id"":16,""confidence"":0.8324607610702515,""J"":0.1327525849851957,""F"":0.13283981986102494,""J_and_F"":0.13279620242311033}]"
long_rvos/5d262b025c/1/0/qwen_concept,long_rvos,5d262b025c,1,0,static,"A woman wearing a helmet and glasses, holding a camera, in front of a crowd.",qwen_concept,woman,10,0,0.6699744012022798,0.6784771379907879,0.6742257695965339,1,1,0,"[{""track_id"":0,""confidence"":0.8672199249267578,""J"":0.6699744012022798,""F"":0.6784771379907879,""J_and_F"":0.6742257695965339},{""track_id"":1,""confidence"":0.7575758099555969,""J"":0.046875,""F"":0.046875,""J_and_F"":0.046875},{""track_id"":2,""confidence"":0.8476190567016602,""J"":0.046875,""F"":0.046875,""J_and_F"":0.046875},{""track_id"":3,""confidence"":-1999.4716180324554,""J"":0.046875,""F"":0.046875,""J_and_F"":0.046875},{""track_id"":6,""confidence"":0.8160918951034546,""J"":0.046875,""F"":0.046875,""J_and_F"":0.046875},{""track_id"":7,""confidence"":0.7928802371025085,""J"":0.046875,""F"":0.046875,""J_and_F"":0.046875},{""track_id"":10,""confidence"":0.949367105960846,""J"":0.13706287687928642,""F"":0.1349960795494664,""J_and_F"":0.13602947821437641},{""track_id"":14,""confidence"":0.8709677457809448,""J"":0.07650204419438007,""F"":0.07519186608982356,""J_and_F"":0.07584695514210182},{""track_id"":15,""confidence"":0.6800000071525574,""J"":0.046890876582773175,""F"":0.04825915672913118,""J_and_F"":0.04757501665595218},{""track_id"":16,""confidence"":0.8324607610702515,""J"":0.1327525849851957,""F"":0.13283981986102494,""J_and_F"":0.13279620242311033}]"
long_rvos/41c5109249/1/1/raw_expression,long_rvos,41c5109249,1,1,dynamic,The woman is pouring sauce on her hands and gives an orange slice to the woman next to her.,raw_expression,The woman is pouring sauce on her hands and gives an orange slice to the woman next to her.,3,2,0.7337169481739207,0.7086957273931025,0.7212063377835116,1,1,1,"[{""track_id"":0,""confidence"":0.6952381134033203,""J"":0.0760602037207775,""F"":0.07374311444174761,""J_and_F"":0.07490165908126256},{""track_id"":1,""confidence"":0.719298243522644,""J"":0.07667691924372025,""F"":0.07698381835185884,""J_and_F"":0.07683036879778954},{""track_id"":2,""confidence"":0.6640419960021973,""J"":0.7337169481739207,""F"":0.7086957273931025,""J_and_F"":0.7212063377835116}]"
long_rvos/41c5109249/1/1/concept,long_rvos,41c5109249,1,1,dynamic,The woman is pouring sauce on her hands and gives an orange slice to the woman next to her.,concept,woman,15,2,0.8602475199423056,0.8385981962098679,0.8494228580760868,1,1,1,"[{""track_id"":0,""confidence"":0.8048780560493469,""J"":0.04721690204156399,""F"":0.1090229837430134,""J_and_F"":0.0781199428922887},{""track_id"":1,""confidence"":0.7419355511665344,""J"":0.046875,""F"":0.046875,""J_and_F"":0.046875},{""track_id"":2,""confidence"":0.9179486632347107,""J"":0.8602475199423056,""F"":0.8385981962098679,""J_and_F"":0.8494228580760868},{""track_id"":4,""confidence"":0.7037037014961243,""J"":0.06251882429693933,""F"":0.06814712899526423,""J_and_F"":0.06533297664610178},{""track_id"":5,""confidence"":0.6995305418968201,""J"":0.06253381385867277,""F"":0.07086738058061129,""J_and_F"":0.06670059721964203},{""track_id"":6,""confidence"":0.6604774594306946,""J"":0.0625,""F"":0.0625,""J_and_F"":0.0625},{""track_id"":7,""confidence"":0.6995305418968201,""J"":0.015625,""F"":0.015625,""J_and_F"":0.015625},{""track_id"":8,""confidence"":0.6908212304115295,""J"":0.0625,""F"":0.0625,""J_and_F"":0.0625},{""track_id"":9,""confidence"":0.6640419960021973,""J"":0.0625,""F"":0.0625,""J_and_F"":0.0625},{""track_id"":10,""confidence"":0.7655677795410156,""J"":0.0625304292953166,""F"":0.06467136029711541,""J_and_F"":0.063600894796216},{""track_id"":11,""confidence"":0.6640419960021973,""J"":0.0625,""F"":0.0625,""J_and_F"":0.0625},{""track_id"":12,""confidence"":0.7575758099555969,""J"":0.0625,""F"":0.0625,""J_and_F"":0.0625},{""track_id"":13,""confidence"":0.7815700173377991,""J"":0.046875,""F"":0.046875,""J_and_F"":0.046875},{""track_id"":14,""confidence"":0.7064220309257507,""J"":0.046875,""F"":0.046875,""J_and_F"":0.046875},{""track_id"":15,""confidence"":0.8083832263946533,""J"":0.0625,""F"":0.0625,""J_and_F"":0.0625}]"
long_rvos/41c5109249/1/1/qwen_concept,long_rvos,41c5109249,1,1,dynamic,The woman is pouring sauce on her hands and gives an orange slice to the woman next to her.,qwen_concept,woman,15,2,0.8602475199423056,0.8385981962098679,0.8494228580760868,1,1,1,"[{""track_id"":0,""confidence"":0.8048780560493469,""J"":0.04721690204156399,""F"":0.1090229837430134,""J_and_F"":0.0781199428922887},{""track_id"":1,""confidence"":0.7419355511665344,""J"":0.046875,""F"":0.046875,""J_and_F"":0.046875},{""track_id"":2,""confidence"":0.9179486632347107,""J"":0.8602475199423056,""F"":0.8385981962098679,""J_and_F"":0.8494228580760868},{""track_id"":4,""confidence"":0.7037037014961243,""J"":0.06251882429693933,""F"":0.06814712899526423,""J_and_F"":0.06533297664610178},{""track_id"":5,""confidence"":0.6995305418968201,""J"":0.06253381385867277,""F"":0.07086738058061129,""J_and_F"":0.06670059721964203},{""track_id"":6,""confidence"":0.6604774594306946,""J"":0.0625,""F"":0.0625,""J_and_F"":0.0625},{""track_id"":7,""confidence"":0.6995305418968201,""J"":0.015625,""F"":0.015625,""J_and_F"":0.015625},{""track_id"":8,""confidence"":0.6908212304115295,""J"":0.0625,""F"":0.0625,""J_and_F"":0.0625},{""track_id"":9,""confidence"":0.6640419960021973,""J"":0.0625,""F"":0.0625,""J_and_F"":0.0625},{""track_id"":10,""confidence"":0.7655677795410156,""J"":0.0625304292953166,""F"":0.06467136029711541,""J_and_F"":0.063600894796216},{""track_id"":11,""confidence"":0.6640419960021973,""J"":0.0625,""F"":0.0625,""J_and_F"":0.0625},{""track_id"":12,""confidence"":0.7575758099555969,""J"":0.0625,""F"":0.0625,""J_and_F"":0.0625},{""track_id"":13,""confidence"":0.7815700173377991,""J"":0.046875,""F"":0.046875,""J_and_F"":0.046875},{""track_id"":14,""confidence"":0.7064220309257507,""J"":0.046875,""F"":0.046875,""J_and_F"":0.046875},{""track_id"":15,""confidence"":0.8083832263946533,""J"":0.0625,""F"":0.0625,""J_and_F"":0.0625}]"
long_rvos/41c5109249/1/7/raw_expression,long_rvos,41c5109249,1,7,hybrid,A woman in a black top is pouring sauce on her hands and gives an orange slice to the woman next to her.,raw_expression,A woman in a black top is pouring sauce on her hands and gives an orange slice to the woman next to her.,0,,0.0,0.0,0.0,0,0,0,[]
long_rvos/41c5109249/1/7/concept,long_rvos,41c5109249,1,7,hybrid,A woman in a black top is pouring sauce on her hands and gives an orange slice to the woman next to her.,concept,woman,15,2,0.8602475199423056,0.8385981962098679,0.8494228580760868,1,1,1,"[{""track_id"":0,""confidence"":0.8048780560493469,""J"":0.04721690204156399,""F"":0.1090229837430134,""J_and_F"":0.0781199428922887},{""track_id"":1,""confidence"":0.7419355511665344,""J"":0.046875,""F"":0.046875,""J_and_F"":0.046875},{""track_id"":2,""confidence"":0.9179486632347107,""J"":0.8602475199423056,""F"":0.8385981962098679,""J_and_F"":0.8494228580760868},{""track_id"":4,""confidence"":0.7037037014961243,""J"":0.06251882429693933,""F"":0.06814712899526423,""J_and_F"":0.06533297664610178},{""track_id"":5,""confidence"":0.6995305418968201,""J"":0.06253381385867277,""F"":0.07086738058061129,""J_and_F"":0.06670059721964203},{""track_id"":6,""confidence"":0.6604774594306946,""J"":0.0625,""F"":0.0625,""J_and_F"":0.0625},{""track_id"":7,""confidence"":0.6995305418968201,""J"":0.015625,""F"":0.015625,""J_and_F"":0.015625},{""track_id"":8,""confidence"":0.6908212304115295,""J"":0.0625,""F"":0.0625,""J_and_F"":0.0625},{""track_id"":9,""confidence"":0.6640419960021973,""J"":0.0625,""F"":0.0625,""J_and_F"":0.0625},{""track_id"":10,""confidence"":0.7655677795410156,""J"":0.0625304292953166,""F"":0.06467136029711541,""J_and_F"":0.063600894796216},{""track_id"":11,""confidence"":0.6640419960021973,""J"":0.0625,""F"":0.0625,""J_and_F"":0.0625},{""track_id"":12,""confidence"":0.7575758099555969,""J"":0.0625,""F"":0.0625,""J_and_F"":0.0625},{""track_id"":13,""confidence"":0.7815700173377991,""J"":0.046875,""F"":0.046875,""J_and_F"":0.046875},{""track_id"":14,""confidence"":0.7064220309257507,""J"":0.046875,""F"":0.046875,""J_and_F"":0.046875},{""track_id"":15,""confidence"":0.8083832263946533,""J"":0.0625,""F"":0.0625,""J_and_F"":0.0625}]"
long_rvos/41c5109249/1/7/qwen_concept,long_rvos,41c5109249,1,7,hybrid,A woman in a black top is pouring sauce on her hands and gives an orange slice to the woman next to her.,qwen_concept,woman in a black top,3,1,0.5494851988728963,0.5405677059405315,0.5450264524067139,1,1,0,"[{""track_id"":0,""confidence"":0.7344398498535156,""J"":0.015625199209536558,""F"":0.017204612183466785,""J_and_F"":0.01641490569650167},{""track_id"":1,""confidence"":0.7344398498535156,""J"":0.5494851988728963,""F"":0.5405677059405315,""J_and_F"":0.5450264524067139},{""track_id"":2,""confidence"":0.6640419960021973,""J"":0.08385016116625287,""F"":0.07326782182016356,""J_and_F"":0.07855899149320822}]"
long_rvos/41c5109249/1/0/raw_expression,long_rvos,41c5109249,1,0,static,A woman with short hair wearing a black spaghetti-strap top with her friends,raw_expression,A woman with short hair wearing a black spaghetti-strap top with her friends,2,0,0.8591711556016226,0.8347647650044516,0.8469679603030371,1,1,1,"[{""track_id"":0,""confidence"":0.949367105960846,""J"":0.8591711556016226,""F"":0.8347647650044516,""J_and_F"":0.8469679603030371},{""track_id"":1,""confidence"":0.7037037014961243,""J"":0.015625,""F"":0.015625,""J_and_F"":0.015625}]"
long_rvos/41c5109249/1/0/concept,long_rvos,41c5109249,1,0,static,A woman with short hair wearing a black spaghetti-strap top with her friends,concept,woman,15,2,0.8602475199423056,0.8385981962098679,0.8494228580760868,1,1,1,"[{""track_id"":0,""confidence"":0.8048780560493469,""J"":0.04721690204156399,""F"":0.1090229837430134,""J_and_F"":0.0781199428922887},{""track_id"":1,""confidence"":0.7419355511665344,""J"":0.046875,""F"":0.046875,""J_and_F"":0.046875},{""track_id"":2,""confidence"":0.9179486632347107,""J"":0.8602475199423056,""F"":0.8385981962098679,""J_and_F"":0.8494228580760868},{""track_id"":4,""confidence"":0.7037037014961243,""J"":0.06251882429693933,""F"":0.06814712899526423,""J_and_F"":0.06533297664610178},{""track_id"":5,""confidence"":0.6995305418968201,""J"":0.06253381385867277,""F"":0.07086738058061129,""J_and_F"":0.06670059721964203},{""track_id"":6,""confidence"":0.6604774594306946,""J"":0.0625,""F"":0.0625,""J_and_F"":0.0625},{""track_id"":7,""confidence"":0.6995305418968201,""J"":0.015625,""F"":0.015625,""J_and_F"":0.015625},{""track_id"":8,""confidence"":0.6908212304115295,""J"":0.0625,""F"":0.0625,""J_and_F"":0.0625},{""track_id"":9,""confidence"":0.6640419960021973,""J"":0.0625,""F"":0.0625,""J_and_F"":0.0625},{""track_id"":10,""confidence"":0.7655677795410156,""J"":0.0625304292953166,""F"":0.06467136029711541,""J_and_F"":0.063600894796216},{""track_id"":11,""confidence"":0.6640419960021973,""J"":0.0625,""F"":0.0625,""J_and_F"":0.0625},{""track_id"":12,""confidence"":0.7575758099555969,""J"":0.0625,""F"":0.0625,""J_and_F"":0.0625},{""track_id"":13,""confidence"":0.7815700173377991,""J"":0.046875,""F"":0.046875,""J_and_F"":0.046875},{""track_id"":14,""confidence"":0.7064220309257507,""J"":0.046875,""F"":0.046875,""J_and_F"":0.046875},{""track_id"":15,""confidence"":0.8083832263946533,""J"":0.0625,""F"":0.0625,""J_and_F"":0.0625}]"
long_rvos/41c5109249/1/0/qwen_concept,long_rvos,41c5109249,1,0,static,A woman with short hair wearing a black spaghetti-strap top with her friends,qwen_concept,woman,15,2,0.8602475199423056,0.8385981962098679,0.8494228580760868,1,1,1,"[{""track_id"":0,""confidence"":0.8048780560493469,""J"":0.04721690204156399,""F"":0.1090229837430134,""J_and_F"":0.0781199428922887},{""track_id"":1,""confidence"":0.7419355511665344,""J"":0.046875,""F"":0.046875,""J_and_F"":0.046875},{""track_id"":2,""confidence"":0.9179486632347107,""J"":0.8602475199423056,""F"":0.8385981962098679,""J_and_F"":0.8494228580760868},{""track_id"":4,""confidence"":0.7037037014961243,""J"":0.06251882429693933,""F"":0.06814712899526423,""J_and_F"":0.06533297664610178},{""track_id"":5,""confidence"":0.6995305418968201,""J"":0.06253381385867277,""F"":0.07086738058061129,""J_and_F"":0.06670059721964203},{""track_id"":6,""confidence"":0.6604774594306946,""J"":0.0625,""F"":0.0625,""J_and_F"":0.0625},{""track_id"":7,""confidence"":0.6995305418968201,""J"":0.015625,""F"":0.015625,""J_and_F"":0.015625},{""track_id"":8,""confidence"":0.6908212304115295,""J"":0.0625,""F"":0.0625,""J_and_F"":0.0625},{""track_id"":9,""confidence"":0.6640419960021973,""J"":0.0625,""F"":0.0625,""J_and_F"":0.0625},{""track_id"":10,""confidence"":0.7655677795410156,""J"":0.0625304292953166,""F"":0.06467136029711541,""J_and_F"":0.063600894796216},{""track_id"":11,""confidence"":0.6640419960021973,""J"":0.0625,""F"":0.0625,""J_and_F"":0.0625},{""track_id"":12,""confidence"":0.7575758099555969,""J"":0.0625,""F"":0.0625,""J_and_F"":0.0625},{""track_id"":13,""confidence"":0.7815700173377991,""J"":0.046875,""F"":0.046875,""J_and_F"":0.046875},{""track_id"":14,""confidence"":0.7064220309257507,""J"":0.046875,""F"":0.046875,""J_and_F"":0.046875},{""track_id"":15,""confidence"":0.8083832263946533,""J"":0.0625,""F"":0.0625,""J_and_F"":0.0625}]"
long_rvos/20eaede0fb/2/5/raw_expression,long_rvos,20eaede0fb,2,5,dynamic,"The vehicle drives over, then turns and drives away.",raw_expression,"The vehicle drives over, then turns and drives away.",0,,0.0,0.0,0.0,0,0,0,[]
long_rvos/20eaede0fb/2/5/concept,long_rvos,20eaede0fb,2,5,dynamic,"The vehicle drives over, then turns and drives away.",concept,vehicle,4,0,0.609375,0.609375,0.609375,1,1,0,"[{""track_id"":0,""confidence"":0.6717948913574219,""J"":0.609375,""F"":0.609375,""J_and_F"":0.609375},{""track_id"":1,""confidence"":-2499.496153831482,""J"":0.5625,""F"":0.5625,""J_and_F"":0.5625},{""track_id"":2,""confidence"":0.6831682920455933,""J"":0.421875,""F"":0.421875,""J_and_F"":0.421875},{""track_id"":3,""confidence"":0.6521739363670349,""J"":0.328125,""F"":0.328125,""J_and_F"":0.328125}]"
long_rvos/20eaede0fb/2/5/qwen_concept,long_rvos,20eaede0fb,2,5,dynamic,"The vehicle drives over, then turns and drives away.",qwen_concept,vehicle,4,0,0.609375,0.609375,0.609375,1,1,0,"[{""track_id"":0,""confidence"":0.6717948913574219,""J"":0.609375,""F"":0.609375,""J_and_F"":0.609375},{""track_id"":1,""confidence"":-2499.496153831482,""J"":0.5625,""F"":0.5625,""J_and_F"":0.5625},{""track_id"":2,""confidence"":0.6831682920455933,""J"":0.421875,""F"":0.421875,""J_and_F"":0.421875},{""track_id"":3,""confidence"":0.6521739363670349,""J"":0.328125,""F"":0.328125,""J_and_F"":0.328125}]"
long_rvos/20eaede0fb/2/8/raw_expression,long_rvos,20eaede0fb,2,8,hybrid,"A black four-wheeled vehicle near the wall, drives over, turns, and drives away.",raw_expression,"A black four-wheeled vehicle near the wall, drives over, turns, and drives away.",0,,0.0,0.0,0.0,0,0,0,[]
long_rvos/20eaede0fb/2/8/concept,long_rvos,20eaede0fb,2,8,hybrid,"A black four-wheeled vehicle near the wall, drives over, turns, and drives away.",concept,black four wheeled vehicle,0,,0.0,0.0,0.0,0,0,0,[]
long_rvos/20eaede0fb/2/8/qwen_concept,long_rvos,20eaede0fb,2,8,hybrid,"A black four-wheeled vehicle near the wall, drives over, turns, and drives away.",qwen_concept,vehicle,4,0,0.609375,0.609375,0.609375,1,1,0,"[{""track_id"":0,""confidence"":0.6717948913574219,""J"":0.609375,""F"":0.609375,""J_and_F"":0.609375},{""track_id"":1,""confidence"":-2499.496153831482,""J"":0.5625,""F"":0.5625,""J_and_F"":0.5625},{""track_id"":2,""confidence"":0.6831682920455933,""J"":0.421875,""F"":0.421875,""J_and_F"":0.421875},{""track_id"":3,""confidence"":0.6521739363670349,""J"":0.328125,""F"":0.328125,""J_and_F"":0.328125}]"
long_rvos/20eaede0fb/2/4/raw_expression,long_rvos,20eaede0fb,2,4,static,A black four-wheeled vehicle next to the wall.,raw_expression,A black four-wheeled vehicle next to the wall.,0,,0.0,0.0,0.0,0,0,0,[]
long_rvos/20eaede0fb/2/4/concept,long_rvos,20eaede0fb,2,4,static,A black four-wheeled vehicle next to the wall.,concept,black four wheeled vehicle,0,,0.0,0.0,0.0,0,0,0,[]
long_rvos/20eaede0fb/2/4/qwen_concept,long_rvos,20eaede0fb,2,4,static,A black four-wheeled vehicle next to the wall.,qwen_concept,vehicle,4,0,0.609375,0.609375,0.609375,1,1,0,"[{""track_id"":0,""confidence"":0.6717948913574219,""J"":0.609375,""F"":0.609375,""J_and_F"":0.609375},{""track_id"":1,""confidence"":-2499.496153831482,""J"":0.5625,""F"":0.5625,""J_and_F"":0.5625},{""track_id"":2,""confidence"":0.6831682920455933,""J"":0.421875,""F"":0.421875,""J_and_F"":0.421875},{""track_id"":3,""confidence"":0.6521739363670349,""J"":0.328125,""F"":0.328125,""J_and_F"":0.328125}]"
long_rvos/b5c9c04bf9/5/3/raw_expression,long_rvos,b5c9c04bf9,5,3,dynamic,Women walking back and forth on the sidelines.,raw_expression,Women walking back and forth on the sidelines.,0,,0.0,0.0,0.0,0,0,0,[]
long_rvos/b5c9c04bf9/5/3/concept,long_rvos,b5c9c04bf9,5,3,dynamic,Women walking back and forth on the sidelines.,concept,Women,9,2,0.8295524053167432,0.8642882218559989,0.846920313586371,1,1,1,"[{""track_id"":0,""confidence"":0.6831682920455933,""J"":0.043177356360168694,""F"":0.046875,""J_and_F"":0.04502617818008435},{""track_id"":1,""confidence"":0.6831682920455933,""J"":0.0,""F"":0.0,""J_and_F"":0.0},{""track_id"":2,""confidence"":0.7064220309257507,""J"":0.8295524053167432,""F"":0.8642882218559989,""J_and_F"":0.846920313586371},{""track_id"":3,""confidence"":0.6521739363670349,""J"":0.0,""F"":0.0,""J_and_F"":0.0},{""track_id"":4,""confidence"":0.675126850605011,""J"":0.0,""F"":0.0,""J_and_F"":0.0},{""track_id"":5,""confidence"":0.675126850605011,""J"":0.0,""F"":0.0,""J_and_F"":0.0},{""track_id"":6,""confidence"":0.7142857313156128,""J"":0.0,""F"":0.0,""J_and_F"":0.0},{""track_id"":7,""confidence"":0.7037037014961243,""J"":0.0,""F"":0.0,""J_and_F"":0.0},{""track_id"":8,""confidence"":-2499.4701834768057,""J"":0.0,""F"":0.0,""J_and_F"":0.0}]"
long_rvos/b5c9c04bf9/5/3/qwen_concept,long_rvos,b5c9c04bf9,5,3,dynamic,Women walking back and forth on the sidelines.,qwen_concept,Women,9,2,0.8295524053167432,0.8642882218559989,0.846920313586371,1,1,1,"[{""track_id"":0,""confidence"":0.6831682920455933,""J"":0.043177356360168694,""F"":0.046875,""J_and_F"":0.04502617818008435},{""track_id"":1,""confidence"":0.6831682920455933,""J"":0.0,""F"":0.0,""J_and_F"":0.0},{""track_id"":2,""confidence"":0.7064220309257507,""J"":0.8295524053167432,""F"":0.8642882218559989,""J_and_F"":0.846920313586371},{""track_id"":3,""confidence"":0.6521739363670349,""J"":0.0,""F"":0.0,""J_and_F"":0.0},{""track_id"":4,""confidence"":0.675126850605011,""J"":0.0,""F"":0.0,""J_and_F"":0.0},{""track_id"":5,""confidence"":0.675126850605011,""J"":0.0,""F"":0.0,""J_and_F"":0.0},{""track_id"":6,""confidence"":0.7142857313156128,""J"":0.0,""F"":0.0,""J_and_F"":0.0},{""track_id"":7,""confidence"":0.7037037014961243,""J"":0.0,""F"":0.0,""J_and_F"":0.0},{""track_id"":8,""confidence"":-2499.4701834768057,""J"":0.0,""F"":0.0,""J_and_F"":0.0}]"
long_rvos/b5c9c04bf9/5/7/raw_expression,long_rvos,b5c9c04bf9,5,7,hybrid,A woman with blonde hair in a white top standing off the court gives instructions.,raw_expression,A woman with blonde hair in a white top standing off the court gives instructions.,5,3,0.4304000244964361,0.44668043437373395,0.438540229435085,1,0,0,"[{""track_id"":0,""confidence"":0.8476190567016602,""J"":0.0,""F"":0.0,""J_and_F"":0.0},{""track_id"":1,""confidence"":-2499.373076915741,""J"":0.05771807640339816,""F"":0.062428977272727275,""J_and_F"":0.06007352683806272},{""track_id"":2,""confidence"":0.8241757750511169,""J"":0.41190335853422266,""F"":0.42853839375398994,""J_and_F"":0.4202208761441063},{""track_id"":3,""confidence"":0.921951174736023,""J"":0.4304000244964361,""F"":0.44668043437373395,""J_and_F"":0.438540229435085},{""track_id"":4,""confidence"":-10000.0,""J"":0.0,""F"":0.0,""J_and_F"":0.0}]"
long_rvos/b5c9c04bf9/5/7/concept,long_rvos,b5c9c04bf9,5,7,hybrid,A woman with blonde hair in a white top standing off the court gives instructions.,concept,woman,16,12,0.2641998001191444,0.2771439199012979,0.27067186001022114,0,0,0,"[{""track_id"":0,""confidence"":0.7264957427978516,""J"":0.0,""F"":0.0,""J_and_F"":0.0},{""track_id"":1,""confidence"":0.7655677795410156,""J"":8.845174073025757e-07,""F"":0.0001948296248521982,""J_and_F"":9.785707112975039e-05},{""track_id"":2,""confidence"":0.6521739363670349,""J"":0.0,""F"":0.0,""J_and_F"":0.0},{""track_id"":3,""confidence"":0.7500000596046448,""J"":0.0,""F"":0.0,""J_and_F"":0.0},{""track_id"":4,""confidence"":0.7460317611694336,""J"":0.0,""F"":0.0,""J_and_F"":0.0},{""track_id"":5,""confidence"":-2499.3818681687117,""J"":0.05781846715030762,""F"":0.06072302209929536,""J_and_F"":0.05927074462480149},{""track_id"":6,""confidence"":0.7387754917144775,""J"":0.0,""F"":0.0,""J_and_F"":0.0},{""track_id"":7,""confidence"":0.6908212304115295,""J"":0.0,""F"":0.0,""J_and_F"":0.0},{""track_id"":8,""confidence"":0.6559139490127563,""J"":0.0,""F"":0.0,""J_and_F"":0.0},{""track_id"":11,""confidence"":0.719298243522644,""J"":0.0,""F"":0.0,""J_and_F"":0.0},{""track_id"":12,""confidence"":0.7655677795410156,""J"":0.2641998001191444,""F"":0.2771439199012979,""J_and_F"":0.27067186001022114},{""track_id"":13,""confidence"":0.7344398498535156,""J"":0.00018730642834015456,""F"":0.007843034887177748,""J_and_F"":0.004015170657758952},{""track_id"":14,""confidence"":null,""J"":0.0,""F"":0.0,""J_and_F"":0.0},{""track_id"":15,""confidence"":0.7229437232017517,""J"":0.0,""F"":0.0,""J_and_F"":0.0},{""track_id"":16,""confidence"":0.6908212304115295,""J"":0.0,""F"":0.0,""J_and_F"":0.0},{""track_id"":17,""confidence"":0.7064220309257507,""J"":0.0,""F"":0.0,""J_and_F"":0.0}]"
long_rvos/b5c9c04bf9/5/7/qwen_concept,long_rvos,b5c9c04bf9,5,7,hybrid,A woman with blonde hair in a white top standing off the court gives instructions.,qwen_concept,woman with blonde hair in a white top,2,1,0.8547580568515238,0.894731595407964,0.8747448261297439,1,1,1,"[{""track_id"":0,""confidence"":-2499.44917011261,""J"":0.05727523640245133,""F"":0.061329845814977975,""J_and_F"":0.05930254110871465},{""track_id"":1,""confidence"":0.6640419960021973,""J"":0.8547580568515238,""F"":0.894731595407964,""J_and_F"":0.8747448261297439}]"
long_rvos/b5c9c04bf9/5/2/raw_expression,long_rvos,b5c9c04bf9,5,2,static,"A woman wearing a white top and having blonde hair, standing off the court.",raw_expression,"A woman wearing a white top and having blonde hair, standing off the court.",4,3,0.4301542807929184,0.4464056051859204,0.4382799429894194,1,0,0,"[{""track_id"":0,""confidence"":0.8324607610702515,""J"":0.0,""F"":0.0,""J_and_F"":0.0},{""track_id"":1,""confidence"":-2499.361111089587,""J"":0.05769427025742295,""F"":0.062428815489749434,""J_and_F"":0.06006154287358619},{""track_id"":2,""confidence"":0.6800000071525574,""J"":0.4248032517080453,""F"":0.4435703488529983,""J_and_F"":0.4341868002805218},{""track_id"":3,""confidence"":0.9336099624633789,""J"":0.4301542807929184,""F"":0.4464056051859204,""J_and_F"":0.4382799429894194}]"
long_rvos/b5c9c04bf9/5/2/concept,long_rvos,b5c9c04bf9,5,2,static,"A woman wearing a white top and having blonde hair, standing off the court.",concept,woman,16,12,0.2641998001191444,0.2771439199012979,0.27067186001022114,0,0,0,"[{""track_id"":0,""confidence"":0.7264957427978516,""J"":0.0,""F"":0.0,""J_and_F"":0.0},{""track_id"":1,""confidence"":0.7655677795410156,""J"":8.845174073025757e-07,""F"":0.0001948296248521982,""J_and_F"":9.785707112975039e-05},{""track_id"":2,""confidence"":0.6521739363670349,""J"":0.0,""F"":0.0,""J_and_F"":0.0},{""track_id"":3,""confidence"":0.7500000596046448,""J"":0.0,""F"":0.0,""J_and_F"":0.0},{""track_id"":4,""confidence"":0.7460317611694336,""J"":0.0,""F"":0.0,""J_and_F"":0.0},{""track_id"":5,""confidence"":-2499.3818681687117,""J"":0.05781846715030762,""F"":0.06072302209929536,""J_and_F"":0.05927074462480149},{""track_id"":6,""confidence"":0.7387754917144775,""J"":0.0,""F"":0.0,""J_and_F"":0.0},{""track_id"":7,""confidence"":0.6908212304115295,""J"":0.0,""F"":0.0,""J_and_F"":0.0},{""track_id"":8,""confidence"":0.6559139490127563,""J"":0.0,""F"":0.0,""J_and_F"":0.0},{""track_id"":11,""confidence"":0.719298243522644,""J"":0.0,""F"":0.0,""J_and_F"":0.0},{""track_id"":12,""confidence"":0.7655677795410156,""J"":0.2641998001191444,""F"":0.2771439199012979,""J_and_F"":0.27067186001022114},{""track_id"":13,""confidence"":0.7344398498535156,""J"":0.00018730642834015456,""F"":0.007843034887177748,""J_and_F"":0.004015170657758952},{""track_id"":14,""confidence"":null,""J"":0.0,""F"":0.0,""J_and_F"":0.0},{""track_id"":15,""confidence"":0.7229437232017517,""J"":0.0,""F"":0.0,""J_and_F"":0.0},{""track_id"":16,""confidence"":0.6908212304115295,""J"":0.0,""F"":0.0,""J_and_F"":0.0},{""track_id"":17,""confidence"":0.7064220309257507,""J"":0.0,""F"":0.0,""J_and_F"":0.0}]"
long_rvos/b5c9c04bf9/5/2/qwen_concept,long_rvos,b5c9c04bf9,5,2,static,"A woman wearing a white top and having blonde hair, standing off the court.",qwen_concept,woman,16,12,0.2641998001191444,0.2771439199012979,0.27067186001022114,0,0,0,"[{""track_id"":0,""confidence"":0.7264957427978516,""J"":0.0,""F"":0.0,""J_and_F"":0.0},{""track_id"":1,""confidence"":0.7655677795410156,""J"":8.845174073025757e-07,""F"":0.0001948296248521982,""J_and_F"":9.785707112975039e-05},{""track_id"":2,""confidence"":0.6521739363670349,""J"":0.0,""F"":0.0,""J_and_F"":0.0},{""track_id"":3,""confidence"":0.7500000596046448,""J"":0.0,""F"":0.0,""J_and_F"":0.0},{""track_id"":4,""confidence"":0.7460317611694336,""J"":0.0,""F"":0.0,""J_and_F"":0.0},{""track_id"":5,""confidence"":-2499.3818681687117,""J"":0.05781846715030762,""F"":0.06072302209929536,""J_and_F"":0.05927074462480149},{""track_id"":6,""confidence"":0.7387754917144775,""J"":0.0,""F"":0.0,""J_and_F"":0.0},{""track_id"":7,""confidence"":0.6908212304115295,""J"":0.0,""F"":0.0,""J_and_F"":0.0},{""track_id"":8,""confidence"":0.6559139490127563,""J"":0.0,""F"":0.0,""J_and_F"":0.0},{""track_id"":11,""confidence"":0.719298243522644,""J"":0.0,""F"":0.0,""J_and_F"":0.0},{""track_id"":12,""confidence"":0.7655677795410156,""J"":0.2641998001191444,""F"":0.2771439199012979,""J_and_F"":0.27067186001022114},{""track_id"":13,""confidence"":0.7344398498535156,""J"":0.00018730642834015456,""F"":0.007843034887177748,""J_and_F"":0.004015170657758952},{""track_id"":14,""confidence"":null,""J"":0.0,""F"":0.0,""J_and_F"":0.0},{""track_id"":15,""confidence"":0.7229437232017517,""J"":0.0,""F"":0.0,""J_and_F"":0.0},{""track_id"":16,""confidence"":0.6908212304115295,""J"":0.0,""F"":0.0,""J_and_F"":0.0},{""track_id"":17,""confidence"":0.7064220309257507,""J"":0.0,""F"":0.0,""J_and_F"":0.0}]"
long_rvos/5c0c9c0098/3/9/raw_expression,long_rvos,5c0c9c0098,3,9,dynamic,"A man stands on the side of the stage, wearing an employee badge on his chest, watching the man standing on the stage.",raw_expression,"A man stands on the side of the stage, wearing an employee badge on his chest, watching the man standing on the stage.",0,,0.0,0.0,0.0,0,0,0,[]
long_rvos/5c0c9c0098/3/9/concept,long_rvos,5c0c9c0098,3,9,dynamic,"A man stands on the side of the stage, wearing an employee badge on his chest, watching the man standing on the stage.",concept,man,12,12,0.6033106279443627,0.6016140643600353,0.602462346152199,1,1,0,"[{""track_id"":0,""confidence"":0.921951174736023,""J"":1.3873179029532026e-05,""F"":0.015905349018351077,""J_and_F"":0.007959611098690304},{""track_id"":1,""confidence"":0.6640419960021973,""J"":0.546875,""F"":0.546875,""J_and_F"":0.546875},{""track_id"":2,""confidence"":0.827957034111023,""J"":0.515625,""F"":0.515625,""J_and_F"":0.515625},{""track_id"":3,""confidence"":0.8750000596046448,""J"":0.515625,""F"":0.515625,""J_and_F"":0.515625},{""track_id"":4,""confidence"":0.7142857313156128,""J"":0.515625,""F"":0.515625,""J_and_F"":0.515625},{""track_id"":5,""confidence"":0.8160918951034546,""J"":0.5156253467060155,""F"":0.5157374972845483,""J_and_F"":0.5156814219952819},{""track_id"":8,""confidence"":0.7770034670829773,""J"":0.515625,""F"":0.515625,""J_and_F"":0.515625},{""track_id"":9,""confidence"":0.6521739363670349,""J"":0.515625,""F"":0.515625,""J_and_F"":0.515625},{""track_id"":11,""confidence"":0.7460317611694336,""J"":0.5312511995240289,""F"":0.545846823355084,""J_and_F"":0.5385490114395565},{""track_id"":12,""confidence"":0.6952381134033203,""J"":0.6033106279443627,""F"":0.6016140643600353,""J_and_F"":0.602462346152199},{""track_id"":13,""confidence"":0.7575758099555969,""J"":0.5469098772321428,""F"":0.5500905106707317,""J_and_F"":0.5485001939514372},{""track_id"":15,""confidence"":0.7387754917144775,""J"":0.546875,""F"":0.546875,""J_and_F"":0.546875}]"
long_rvos/5c0c9c0098/3/9/qwen_concept,long_rvos,5c0c9c0098,3,9,dynamic,"A man stands on the side of the stage, wearing an employee badge on his chest, watching the man standing on the stage.",qwen_concept,man,12,12,0.6033106279443627,0.6016140643600353,0.602462346152199,1,1,0,"[{""track_id"":0,""confidence"":0.921951174736023,""J"":1.3873179029532026e-05,""F"":0.015905349018351077,""J_and_F"":0.007959611098690304},{""track_id"":1,""confidence"":0.6640419960021973,""J"":0.546875,""F"":0.546875,""J_and_F"":0.546875},{""track_id"":2,""confidence"":0.827957034111023,""J"":0.515625,""F"":0.515625,""J_and_F"":0.515625},{""track_id"":3,""confidence"":0.8750000596046448,""J"":0.515625,""F"":0.515625,""J_and_F"":0.515625},{""track_id"":4,""confidence"":0.7142857313156128,""J"":0.515625,""F"":0.515625,""J_and_F"":0.515625},{""track_id"":5,""confidence"":0.8160918951034546,""J"":0.5156253467060155,""F"":0.5157374972845483,""J_and_F"":0.5156814219952819},{""track_id"":8,""confidence"":0.7770034670829773,""J"":0.515625,""F"":0.515625,""J_and_F"":0.515625},{""track_id"":9,""confidence"":0.6521739363670349,""J"":0.515625,""F"":0.515625,""J_and_F"":0.515625},{""track_id"":11,""confidence"":0.7460317611694336,""J"":0.5312511995240289,""F"":0.545846823355084,""J_and_F"":0.5385490114395565},{""track_id"":12,""confidence"":0.6952381134033203,""J"":0.6033106279443627,""F"":0.6016140643600353,""J_and_F"":0.602462346152199},{""track_id"":13,""confidence"":0.7575758099555969,""J"":0.5469098772321428,""F"":0.5500905106707317,""J_and_F"":0.5485001939514372},{""track_id"":15,""confidence"":0.7387754917144775,""J"":0.546875,""F"":0.546875,""J_and_F"":0.546875}]"
long_rvos/5c0c9c0098/3/12/raw_expression,long_rvos,5c0c9c0098,3,12,hybrid,"A bearded man wearing a black hat and an employee badge on his chest stands on the side of the stage, watching the performance.",raw_expression,"A bearded man wearing a black hat and an employee badge on his chest stands on the side of the stage, watching the performance.",7,6,0.5625,0.5625,0.5625,1,1,0,"[{""track_id"":0,""confidence"":0.8552036285400391,""J"":8.670245816816095e-05,""F"":0.016136733640588947,""J_and_F"":0.008111718049378554},{""track_id"":4,""confidence"":0.7852349281311035,""J"":0.5,""F"":0.5,""J_and_F"":0.5},{""track_id"":6,""confidence"":0.7928802371025085,""J"":0.5625,""F"":0.5625,""J_and_F"":0.5625},{""track_id"":7,""confidence"":0.719298243522644,""J"":0.5625,""F"":0.5625,""J_and_F"":0.5625},{""track_id"":8,""confidence"":0.8202247023582458,""J"":0.53125,""F"":0.53125,""J_and_F"":0.53125},{""track_id"":9,""confidence"":0.7460317611694336,""J"":0.5625,""F"":0.5625,""J_and_F"":0.5625},{""track_id"":11,""confidence"":0.7500000596046448,""J"":0.5625,""F"":0.5625,""J_and_F"":0.5625}]"
long_rvos/5c0c9c0098/3/12/concept,long_rvos,5c0c9c0098,3,12,hybrid,"A bearded man wearing a black hat and an employee badge on his chest stands on the side of the stage, watching the performance.",concept,bearded man,0,,0.0,0.0,0.0,0,0,0,[]
long_rvos/5c0c9c0098/3/12/qwen_concept,long_rvos,5c0c9c0098,3,12,hybrid,"A bearded man wearing a black hat and an employee badge on his chest stands on the side of the stage, watching the performance.",qwen_concept,man,12,12,0.6033106279443627,0.6016140643600353,0.602462346152199,1,1,0,"[{""track_id"":0,""confidence"":0.921951174736023,""J"":1.3873179029532026e-05,""F"":0.015905349018351077,""J_and_F"":0.007959611098690304},{""track_id"":1,""confidence"":0.6640419960021973,""J"":0.546875,""F"":0.546875,""J_and_F"":0.546875},{""track_id"":2,""confidence"":0.827957034111023,""J"":0.515625,""F"":0.515625,""J_and_F"":0.515625},{""track_id"":3,""confidence"":0.8750000596046448,""J"":0.515625,""F"":0.515625,""J_and_F"":0.515625},{""track_id"":4,""confidence"":0.7142857313156128,""J"":0.515625,""F"":0.515625,""J_and_F"":0.515625},{""track_id"":5,""confidence"":0.8160918951034546,""J"":0.5156253467060155,""F"":0.5157374972845483,""J_and_F"":0.5156814219952819},{""track_id"":8,""confidence"":0.7770034670829773,""J"":0.515625,""F"":0.515625,""J_and_F"":0.515625},{""track_id"":9,""confidence"":0.6521739363670349,""J"":0.515625,""F"":0.515625,""J_and_F"":0.515625},{""track_id"":11,""confidence"":0.7460317611694336,""J"":0.5312511995240289,""F"":0.545846823355084,""J_and_F"":0.5385490114395565},{""track_id"":12,""confidence"":0.6952381134033203,""J"":0.6033106279443627,""F"":0.6016140643600353,""J_and_F"":0.602462346152199},{""track_id"":13,""confidence"":0.7575758099555969,""J"":0.5469098772321428,""F"":0.5500905106707317,""J_and_F"":0.5485001939514372},{""track_id"":15,""confidence"":0.7387754917144775,""J"":0.546875,""F"":0.546875,""J_and_F"":0.546875}]"
long_rvos/5c0c9c0098/3/8/raw_expression,long_rvos,5c0c9c0098,3,8,static,"A woman in black clothes, standing offstage next to an elderly man with white hair.",raw_expression,"A woman in black clothes, standing offstage next to an elderly man with white hair.",3,1,0.5625,0.5625,0.5625,1,1,0,"[{""track_id"":0,""confidence"":0.7815700173377991,""J"":0.53125,""F"":0.53125,""J_and_F"":0.53125},{""track_id"":1,""confidence"":0.6521739363670349,""J"":0.5625,""F"":0.5625,""J_and_F"":0.5625},{""track_id"":2,""confidence"":0.7037037014961243,""J"":0.515625,""F"":0.515625,""J_and_F"":0.515625}]"
long_rvos/5c0c9c0098/3/8/concept,long_rvos,5c0c9c0098,3,8,static,"A woman in black clothes, standing offstage next to an elderly man with white hair.",concept,woman,14,8,0.6190632506200338,0.6165052638480759,0.6177842572340548,1,1,0,"[{""track_id"":0,""confidence"":0.7142857313156128,""J"":0.4375,""F"":0.4375,""J_and_F"":0.4375},{""track_id"":1,""confidence"":0.6521739363670349,""J"":0.390625,""F"":0.390625,""J_and_F"":0.390625},{""track_id"":2,""confidence"":0.7655677795410156,""J"":0.5,""F"":0.5,""J_and_F"":0.5},{""track_id"":3,""confidence"":0.675126850605011,""J"":0.53125,""F"":0.53125,""J_and_F"":0.53125},{""track_id"":4,""confidence"":null,""J"":0.5625,""F"":0.5625,""J_and_F"":0.5625},{""track_id"":5,""confidence"":0.7730495929718018,""J"":0.53125,""F"":0.53125,""J_and_F"":0.53125},{""track_id"":6,""confidence"":0.6683937907218933,""J"":0.53125,""F"":0.53125,""J_and_F"":0.53125},{""track_id"":7,""confidence"":0.6640419960021973,""J"":0.546875,""F"":0.546875,""J_and_F"":0.546875},{""track_id"":8,""confidence"":0.6604774594306946,""J"":0.6190632506200338,""F"":0.6165052638480759,""J_and_F"":0.6177842572340548},{""track_id"":10,""confidence"":0.7264957427978516,""J"":0.5625,""F"":0.5625,""J_and_F"":0.5625},{""track_id"":13,""confidence"":0.7419355511665344,""J"":0.5625,""F"":0.5625,""J_and_F"":0.5625},{""track_id"":14,""confidence"":0.7344398498535156,""J"":0.5625002760893381,""F"":0.5704989925152923,""J_and_F"":0.5664996343023152},{""track_id"":15,""confidence"":0.7264957427978516,""J"":0.5625,""F"":0.5808770461494663,""J_and_F"":0.5716885230747332},{""track_id"":16,""confidence"":0.7460317611694336,""J"":0.53125,""F"":0.53125,""J_and_F"":0.53125}]"
long_rvos/5c0c9c0098/3/8/qwen_concept,long_rvos,5c0c9c0098,3,8,static,"A woman in black clothes, standing offstage next to an elderly man with white hair.",qwen_concept,woman,14,8,0.6190632506200338,0.6165052638480759,0.6177842572340548,1,1,0,"[{""track_id"":0,""confidence"":0.7142857313156128,""J"":0.4375,""F"":0.4375,""J_and_F"":0.4375},{""track_id"":1,""confidence"":0.6521739363670349,""J"":0.390625,""F"":0.390625,""J_and_F"":0.390625},{""track_id"":2,""confidence"":0.7655677795410156,""J"":0.5,""F"":0.5,""J_and_F"":0.5},{""track_id"":3,""confidence"":0.675126850605011,""J"":0.53125,""F"":0.53125,""J_and_F"":0.53125},{""track_id"":4,""confidence"":null,""J"":0.5625,""F"":0.5625,""J_and_F"":0.5625},{""track_id"":5,""confidence"":0.7730495929718018,""J"":0.53125,""F"":0.53125,""J_and_F"":0.53125},{""track_id"":6,""confidence"":0.6683937907218933,""J"":0.53125,""F"":0.53125,""J_and_F"":0.53125},{""track_id"":7,""confidence"":0.6640419960021973,""J"":0.546875,""F"":0.546875,""J_and_F"":0.546875},{""track_id"":8,""confidence"":0.6604774594306946,""J"":0.6190632506200338,""F"":0.6165052638480759,""J_and_F"":0.6177842572340548},{""track_id"":10,""confidence"":0.7264957427978516,""J"":0.5625,""F"":0.5625,""J_and_F"":0.5625},{""track_id"":13,""confidence"":0.7419355511665344,""J"":0.5625,""F"":0.5625,""J_and_F"":0.5625},{""track_id"":14,""confidence"":0.7344398498535156,""J"":0.5625002760893381,""F"":0.5704989925152923,""J_and_F"":0.5664996343023152},{""track_id"":15,""confidence"":0.7264957427978516,""J"":0.5625,""F"":0.5808770461494663,""J_and_F"":0.5716885230747332},{""track_id"":16,""confidence"":0.7460317611694336,""J"":0.53125,""F"":0.53125,""J_and_F"":0.53125}]"
long_rvos/2abb12f2f7/1/1/raw_expression,long_rvos,2abb12f2f7,1,1,dynamic,"A cat places its paw on another cat while sleeping, then moves its head next to the other cat's head.",raw_expression,"A cat places its paw on another cat while sleeping, then moves its head next to the other cat's head.",0,,0.0,0.0,0.0,0,0,0,[]
long_rvos/2abb12f2f7/1/1/concept,long_rvos,2abb12f2f7,1,1,dynamic,"A cat places its paw on another cat while sleeping, then moves its head next to the other cat's head.",concept,cat,2,0,0.9676237660413882,0.9060226535543665,0.9368232097978774,1,1,1,"[{""track_id"":0,""confidence"":0.9139785170555115,""J"":0.9676237660413882,""F"":0.9060226535543665,""J_and_F"":0.9368232097978774},{""track_id"":1,""confidence"":0.8787879347801208,""J"":0.0007090504364224818,""F"":0.42307974347159905,""J_and_F"":0.21189439695401077}]"
long_rvos/2abb12f2f7/1/1/qwen_concept,long_rvos,2abb12f2f7,1,1,dynamic,"A cat places its paw on another cat while sleeping, then moves its head next to the other cat's head.",qwen_concept,cat,2,0,0.9676237660413882,0.9060226535543665,0.9368232097978774,1,1,1,"[{""track_id"":0,""confidence"":0.9139785170555115,""J"":0.9676237660413882,""F"":0.9060226535543665,""J_and_F"":0.9368232097978774},{""track_id"":1,""confidence"":0.8787879347801208,""J"":0.0007090504364224818,""F"":0.42307974347159905,""J_and_F"":0.21189439695401077}]"
long_rvos/2abb12f2f7/1/4/raw_expression,long_rvos,2abb12f2f7,1,4,hybrid,A spotted cat rests on another cat sleeping on the left of the bed.,raw_expression,A spotted cat rests on another cat sleeping on the left of the bed.,4,0,0.9706098829196352,0.9059529287789141,0.9382814058492747,1,1,1,"[{""track_id"":0,""confidence"":0.8947368264198303,""J"":0.9706098829196352,""F"":0.9059529287789141,""J_and_F"":0.9382814058492747},{""track_id"":1,""confidence"":0.6640419960021973,""J"":0.0005740076888080185,""F"":0.04976816805220022,""J_and_F"":0.02517108787050412},{""track_id"":2,""confidence"":0.7387754917144775,""J"":5.863182709316627e-06,""F"":0.05202036164374434,""J_and_F"":0.026013112413226826},{""track_id"":4,""confidence"":0.6952381134033203,""J"":6.103188155198232e-06,""F"":0.0536574441261278,""J_and_F"":0.0268317736571415}]"
long_rvos/2abb12f2f7/1/4/concept,long_rvos,2abb12f2f7,1,4,hybrid,A spotted cat rests on another cat sleeping on the left of the bed.,concept,spotted cat,0,,0.0,0.0,0.0,0,0,0,[]
long_rvos/2abb12f2f7/1/4/qwen_concept,long_rvos,2abb12f2f7,1,4,hybrid,A spotted cat rests on another cat sleeping on the left of the bed.,qwen_concept,cat,2,0,0.9676237660413882,0.9060226535543665,0.9368232097978774,1,1,1,"[{""track_id"":0,""confidence"":0.9139785170555115,""J"":0.9676237660413882,""F"":0.9060226535543665,""J_and_F"":0.9368232097978774},{""track_id"":1,""confidence"":0.8787879347801208,""J"":0.0007090504364224818,""F"":0.42307974347159905,""J_and_F"":0.21189439695401077}]"
long_rvos/2abb12f2f7/1/0/raw_expression,long_rvos,2abb12f2f7,1,0,static,"A light-spotted cat on the bed, next to another cat.",raw_expression,"A light-spotted cat on the bed, next to another cat.",2,0,0.9631185210865283,0.9026160387822075,0.9328672799343679,1,1,1,"[{""track_id"":0,""confidence"":0.859649121761322,""J"":0.9631185210865283,""F"":0.9026160387822075,""J_and_F"":0.9328672799343679},{""track_id"":1,""confidence"":0.6640419960021973,""J"":0.0006985181149748768,""F"":0.4241911666476973,""J_and_F"":0.2124448423813361}]"
long_rvos/2abb12f2f7/1/0/concept,long_rvos,2abb12f2f7,1,0,static,"A light-spotted cat on the bed, next to another cat.",concept,light spotted cat,2,0,0.9656392872458243,0.9061891978543863,0.9359142425501052,1,1,1,"[{""track_id"":0,""confidence"":0.8787879347801208,""J"":0.9656392872458243,""F"":0.9061891978543863,""J_and_F"":0.9359142425501052},{""track_id"":1,""confidence"":0.8012422323226929,""J"":0.0006483500608810266,""F"":0.4253815051564676,""J_and_F"":0.21301492760867433}]"
long_rvos/2abb12f2f7/1/0/qwen_concept,long_rvos,2abb12f2f7,1,0,static,"A light-spotted cat on the bed, next to another cat.",qwen_concept,cat,2,0,0.9676237660413882,0.9060226535543665,0.9368232097978774,1,1,1,"[{""track_id"":0,""confidence"":0.9139785170555115,""J"":0.9676237660413882,""F"":0.9060226535543665,""J_and_F"":0.9368232097978774},{""track_id"":1,""confidence"":0.8787879347801208,""J"":0.0007090504364224818,""F"":0.42307974347159905,""J_and_F"":0.21189439695401077}]"
long_rvos/c4638cc87e/1/1/raw_expression,long_rvos,c4638cc87e,1,1,dynamic,"The woman is performing ballet, lying on top of a man. She then rises, grabs the foot of another woman, spins around, and lies back on the bench.",raw_expression,"The woman is performing ballet, lying on top of a man. She then rises, grabs the foot of another woman, spins around, and lies back on the bench.",0,,0.0,0.0,0.0,0,0,0,[]
long_rvos/c4638cc87e/1/1/concept,long_rvos,c4638cc87e,1,1,dynamic,"The woman is performing ballet, lying on top of a man. She then rises, grabs the foot of another woman, spins around, and lies back on the bench.",concept,woman,3,1,0.7825327243503188,0.833670865007482,0.8081017946789004,1,1,1,"[{""track_id"":0,""confidence"":0.8048780560493469,""J"":0.024412396451420168,""F"":0.200888932485847,""J_and_F"":0.11265066446863359},{""track_id"":1,""confidence"":0.9179486632347107,""J"":0.7825327243503188,""F"":0.833670865007482,""J_and_F"":0.8081017946789004},{""track_id"":2,""confidence"":0.8827838897705078,""J"":0.0,""F"":0.0,""J_and_F"":0.0}]"
long_rvos/c4638cc87e/1/1/qwen_concept,long_rvos,c4638cc87e,1,1,dynamic,"The woman is performing ballet, lying on top of a man. She then rises, grabs the foot of another woman, spins around, and lies back on the bench.",qwen_concept,woman,3,1,0.7825327243503188,0.833670865007482,0.8081017946789004,1,1,1,"[{""track_id"":0,""confidence"":0.8048780560493469,""J"":0.024412396451420168,""F"":0.200888932485847,""J_and_F"":0.11265066446863359},{""track_id"":1,""confidence"":0.9179486632347107,""J"":0.7825327243503188,""F"":0.833670865007482,""J_and_F"":0.8081017946789004},{""track_id"":2,""confidence"":0.8827838897705078,""J"":0.0,""F"":0.0,""J_and_F"":0.0}]"
long_rvos/c4638cc87e/1/3/raw_expression,long_rvos,c4638cc87e,1,3,dynamic,This woman was the second to do the side-lying move.,raw_expression,This woman was the second to do the side-lying move.,2,0,0.2099745438807678,0.2125756637101066,0.2112751037954372,0,0,0,"[{""track_id"":0,""confidence"":0.8241757750511169,""J"":0.2099745438807678,""F"":0.2125756637101066,""J_and_F"":0.2112751037954372},{""track_id"":1,""confidence"":0.7229437232017517,""J"":1.376697467978017e-06,""F"":0.0019293783781561937,""J_and_F"":0.0009653775378120859}]"
long_rvos/c4638cc87e/1/3/concept,long_rvos,c4638cc87e,1,3,dynamic,This woman was the second to do the side-lying move.,concept,woman,3,1,0.7825327243503188,0.833670865007482,0.8081017946789004,1,1,1,"[{""track_id"":0,""confidence"":0.8048780560493469,""J"":0.024412396451420168,""F"":0.200888932485847,""J_and_F"":0.11265066446863359},{""track_id"":1,""confidence"":0.9179486632347107,""J"":0.7825327243503188,""F"":0.833670865007482,""J_and_F"":0.8081017946789004},{""track_id"":2,""confidence"":0.8827838897705078,""J"":0.0,""F"":0.0,""J_and_F"":0.0}]"
long_rvos/c4638cc87e/1/3/qwen_concept,long_rvos,c4638cc87e,1,3,dynamic,This woman was the second to do the side-lying move.,qwen_concept,woman,3,1,0.7825327243503188,0.833670865007482,0.8081017946789004,1,1,1,"[{""track_id"":0,""confidence"":0.8048780560493469,""J"":0.024412396451420168,""F"":0.200888932485847,""J_and_F"":0.11265066446863359},{""track_id"":1,""confidence"":0.9179486632347107,""J"":0.7825327243503188,""F"":0.833670865007482,""J_and_F"":0.8081017946789004},{""track_id"":2,""confidence"":0.8827838897705078,""J"":0.0,""F"":0.0,""J_and_F"":0.0}]"
long_rvos/c4638cc87e/1/12/raw_expression,long_rvos,c4638cc87e,1,12,hybrid,"A woman with long hair in a black shirt performs ballet, spins, and rests on a bench.",raw_expression,"A woman with long hair in a black shirt performs ballet, spins, and rests on a bench.",2,0,0.006276580291323981,0.18038209296378627,0.09332933662755512,0,0,0,"[{""track_id"":0,""confidence"":0.7697842121124268,""J"":0.006276580291323981,""F"":0.18038209296378627,""J_and_F"":0.09332933662755512},{""track_id"":1,""confidence"":-10000.0,""J"":0.01532136664276621,""F"":0.015575691479487657,""J_and_F"":0.015448529061126932}]"
long_rvos/c4638cc87e/1/12/concept,long_rvos,c4638cc87e,1,12,hybrid,"A woman with long hair in a black shirt performs ballet, spins, and rests on a bench.",concept,woman,3,1,0.7825327243503188,0.833670865007482,0.8081017946789004,1,1,1,"[{""track_id"":0,""confidence"":0.8048780560493469,""J"":0.024412396451420168,""F"":0.200888932485847,""J_and_F"":0.11265066446863359},{""track_id"":1,""confidence"":0.9179486632347107,""J"":0.7825327243503188,""F"":0.833670865007482,""J_and_F"":0.8081017946789004},{""track_id"":2,""confidence"":0.8827838897705078,""J"":0.0,""F"":0.0,""J_and_F"":0.0}]"
long_rvos/c4638cc87e/1/12/qwen_concept,long_rvos,c4638cc87e,1,12,hybrid,"A woman with long hair in a black shirt performs ballet, spins, and rests on a bench.",qwen_concept,woman,3,1,0.7825327243503188,0.833670865007482,0.8081017946789004,1,1,1,"[{""track_id"":0,""confidence"":0.8048780560493469,""J"":0.024412396451420168,""F"":0.200888932485847,""J_and_F"":0.11265066446863359},{""track_id"":1,""confidence"":0.9179486632347107,""J"":0.7825327243503188,""F"":0.833670865007482,""J_and_F"":0.8081017946789004},{""track_id"":2,""confidence"":0.8827838897705078,""J"":0.0,""F"":0.0,""J_and_F"":0.0}]"
long_rvos/c4638cc87e/1/13/raw_expression,long_rvos,c4638cc87e,1,13,hybrid,A woman with long hair wearing black clothes lying on her side remains in that position.,raw_expression,A woman with long hair wearing black clothes lying on her side remains in that position.,3,1,0.8202477997191528,0.8481397178081548,0.8341937587636539,1,1,1,"[{""track_id"":0,""confidence"":0.9024390578269958,""J"":0.006244826349989781,""F"":0.1897557812896201,""J_and_F"":0.09800030381980493},{""track_id"":1,""confidence"":0.9139785170555115,""J"":0.8202477997191528,""F"":0.8481397178081548,""J_and_F"":0.8341937587636539},{""track_id"":2,""confidence"":0.7037037014961243,""J"":0.0,""F"":0.0,""J_and_F"":0.0}]"
long_rvos/c4638cc87e/1/13/concept,long_rvos,c4638cc87e,1,13,hybrid,A woman with long hair wearing black clothes lying on her side remains in that position.,concept,woman,3,1,0.7825327243503188,0.833670865007482,0.8081017946789004,1,1,1,"[{""track_id"":0,""confidence"":0.8048780560493469,""J"":0.024412396451420168,""F"":0.200888932485847,""J_and_F"":0.11265066446863359},{""track_id"":1,""confidence"":0.9179486632347107,""J"":0.7825327243503188,""F"":0.833670865007482,""J_and_F"":0.8081017946789004},{""track_id"":2,""confidence"":0.8827838897705078,""J"":0.0,""F"":0.0,""J_and_F"":0.0}]"
long_rvos/c4638cc87e/1/13/qwen_concept,long_rvos,c4638cc87e,1,13,hybrid,A woman with long hair wearing black clothes lying on her side remains in that position.,qwen_concept,woman,3,1,0.7825327243503188,0.833670865007482,0.8081017946789004,1,1,1,"[{""track_id"":0,""confidence"":0.8048780560493469,""J"":0.024412396451420168,""F"":0.200888932485847,""J_and_F"":0.11265066446863359},{""track_id"":1,""confidence"":0.9179486632347107,""J"":0.7825327243503188,""F"":0.833670865007482,""J_and_F"":0.8081017946789004},{""track_id"":2,""confidence"":0.8827838897705078,""J"":0.0,""F"":0.0,""J_and_F"":0.0}]"
long_rvos/c4638cc87e/1/0/raw_expression,long_rvos,c4638cc87e,1,0,static,"A woman with a ponytail wearing a black short-sleeve shirt and black pants with colorful letters on the chest, with a woman in a black vest and black pants and a man in a white vest and black pants beside her.",raw_expression,"A woman with a ponytail wearing a black short-sleeve shirt and black pants with colorful letters on the chest, with a woman in a black vest and black pants and a man in a white vest and black pants beside her.",2,1,0.04571864975888294,0.04685738444193912,0.04628801710041103,0,0,0,"[{""track_id"":0,""confidence"":0.7655677795410156,""J"":0.04466619903239408,""F"":0.046021290651027266,""J_and_F"":0.04534374484171067},{""track_id"":1,""confidence"":0.8083832263946533,""J"":0.04571864975888294,""F"":0.04685738444193912,""J_and_F"":0.04628801710041103}]"
long_rvos/c4638cc87e/1/0/concept,long_rvos,c4638cc87e,1,0,static,"A woman with a ponytail wearing a black short-sleeve shirt and black pants with colorful letters on the chest, with a woman in a black vest and black pants and a man in a white vest and black pants beside her.",concept,woman,3,1,0.7825327243503188,0.833670865007482,0.8081017946789004,1,1,1,"[{""track_id"":0,""confidence"":0.8048780560493469,""J"":0.024412396451420168,""F"":0.200888932485847,""J_and_F"":0.11265066446863359},{""track_id"":1,""confidence"":0.9179486632347107,""J"":0.7825327243503188,""F"":0.833670865007482,""J_and_F"":0.8081017946789004},{""track_id"":2,""confidence"":0.8827838897705078,""J"":0.0,""F"":0.0,""J_and_F"":0.0}]"
long_rvos/c4638cc87e/1/0/qwen_concept,long_rvos,c4638cc87e,1,0,static,"A woman with a ponytail wearing a black short-sleeve shirt and black pants with colorful letters on the chest, with a woman in a black vest and black pants and a man in a white vest and black pants beside her.",qwen_concept,woman with a ponytail wearing a black short-sleeve shirt and black pants with colorful letters on the chest,1,0,0.7211166651115246,0.7549953434395908,0.7380560042755577,1,1,1,"[{""track_id"":0,""confidence"":0.6559139490127563,""J"":0.7211166651115246,""F"":0.7549953434395908,""J_and_F"":0.7380560042755577}]"
long_rvos/c4638cc87e/1/2/raw_expression,long_rvos,c4638cc87e,1,2,static,"A woman with a ponytail wearing black clothes, lying down on her side.",raw_expression,"A woman with a ponytail wearing black clothes, lying down on her side.",2,0,0.8209172927041923,0.8489517569381759,0.8349345248211841,1,1,1,"[{""track_id"":0,""confidence"":0.9024390578269958,""J"":0.8209172927041923,""F"":0.8489517569381759,""J_and_F"":0.8349345248211841},{""track_id"":1,""confidence"":0.8324607610702515,""J"":0.005328673814049548,""F"":0.18906474400823897,""J_and_F"":0.09719670891114426}]"
long_rvos/c4638cc87e/1/2/concept,long_rvos,c4638cc87e,1,2,static,"A woman with a ponytail wearing black clothes, lying down on her side.",concept,woman,3,1,0.7825327243503188,0.833670865007482,0.8081017946789004,1,1,1,"[{""track_id"":0,""confidence"":0.8048780560493469,""J"":0.024412396451420168,""F"":0.200888932485847,""J_and_F"":0.11265066446863359},{""track_id"":1,""confidence"":0.9179486632347107,""J"":0.7825327243503188,""F"":0.833670865007482,""J_and_F"":0.8081017946789004},{""track_id"":2,""confidence"":0.8827838897705078,""J"":0.0,""F"":0.0,""J_and_F"":0.0}]"
long_rvos/c4638cc87e/1/2/qwen_concept,long_rvos,c4638cc87e,1,2,static,"A woman with a ponytail wearing black clothes, lying down on her side.",qwen_concept,woman,3,1,0.7825327243503188,0.833670865007482,0.8081017946789004,1,1,1,"[{""track_id"":0,""confidence"":0.8048780560493469,""J"":0.024412396451420168,""F"":0.200888932485847,""J_and_F"":0.11265066446863359},{""track_id"":1,""confidence"":0.9179486632347107,""J"":0.7825327243503188,""F"":0.833670865007482,""J_and_F"":0.8081017946789004},{""track_id"":2,""confidence"":0.8827838897705078,""J"":0.0,""F"":0.0,""J_and_F"":0.0}]"
long_rvos/f3864705c4/3/8/raw_expression,long_rvos,f3864705c4,3,8,dynamic,"The toy car is stationary on the ground, near a toy table.",raw_expression,"The toy car is stationary on the ground, near a toy table.",0,,0.0,0.0,0.0,0,0,0,[]
long_rvos/f3864705c4/3/8/concept,long_rvos,f3864705c4,3,8,dynamic,"The toy car is stationary on the ground, near a toy table.",concept,toy car,2,0,0.06183403293509848,0.0625,0.06216701646754924,0,0,0,"[{""track_id"":0,""confidence"":0.7142857313156128,""J"":0.06183403293509848,""F"":0.0625,""J_and_F"":0.06216701646754924},{""track_id"":1,""confidence"":null,""J"":0.046875,""F"":0.046875,""J_and_F"":0.046875}]"
long_rvos/f3864705c4/3/8/qwen_concept,long_rvos,f3864705c4,3,8,dynamic,"The toy car is stationary on the ground, near a toy table.",qwen_concept,toy car,2,0,0.06183403293509848,0.0625,0.06216701646754924,0,0,0,"[{""track_id"":0,""confidence"":0.7142857313156128,""J"":0.06183403293509848,""F"":0.0625,""J_and_F"":0.06216701646754924},{""track_id"":1,""confidence"":null,""J"":0.046875,""F"":0.046875,""J_and_F"":0.046875}]"
long_rvos/f3864705c4/3/13/raw_expression,long_rvos,f3864705c4,3,13,hybrid,A red toy car remains stationary on the ground.,raw_expression,A red toy car remains stationary on the ground.,1,0,0.07594944467532225,0.078125,0.07703722233766112,0,0,0,"[{""track_id"":0,""confidence"":0.6995305418968201,""J"":0.07594944467532225,""F"":0.078125,""J_and_F"":0.07703722233766112}]"
long_rvos/f3864705c4/3/13/concept,long_rvos,f3864705c4,3,13,hybrid,A red toy car remains stationary on the ground.,concept,red toy car,1,0,0.8914998480120598,0.9511743216707875,0.9213370848414237,1,1,1,"[{""track_id"":0,""confidence"":0.7500000596046448,""J"":0.8914998480120598,""F"":0.9511743216707875,""J_and_F"":0.9213370848414237}]"
long_rvos/f3864705c4/3/13/qwen_concept,long_rvos,f3864705c4,3,13,hybrid,A red toy car remains stationary on the ground.,qwen_concept,toy car,2,0,0.06183403293509848,0.0625,0.06216701646754924,0,0,0,"[{""track_id"":0,""confidence"":0.7142857313156128,""J"":0.06183403293509848,""F"":0.0625,""J_and_F"":0.06216701646754924},{""track_id"":1,""confidence"":null,""J"":0.046875,""F"":0.046875,""J_and_F"":0.046875}]"
long_rvos/f3864705c4/3/7/raw_expression,long_rvos,f3864705c4,3,7,static,A red toy car.,raw_expression,A red toy car.,1,0,0.891855851877273,0.9511743216707875,0.9215150867740303,1,1,1,"[{""track_id"":0,""confidence"":0.7064220309257507,""J"":0.891855851877273,""F"":0.9511743216707875,""J_and_F"":0.9215150867740303}]"
long_rvos/f3864705c4/3/7/concept,long_rvos,f3864705c4,3,7,static,A red toy car.,concept,red toy car,1,0,0.8914998480120598,0.9511743216707875,0.9213370848414237,1,1,1,"[{""track_id"":0,""confidence"":0.7500000596046448,""J"":0.8914998480120598,""F"":0.9511743216707875,""J_and_F"":0.9213370848414237}]"
long_rvos/f3864705c4/3/7/qwen_concept,long_rvos,f3864705c4,3,7,static,A red toy car.,qwen_concept,toy car,2,0,0.06183403293509848,0.0625,0.06216701646754924,0,0,0,"[{""track_id"":0,""confidence"":0.7142857313156128,""J"":0.06183403293509848,""F"":0.0625,""J_and_F"":0.06216701646754924},{""track_id"":1,""confidence"":null,""J"":0.046875,""F"":0.046875,""J_and_F"":0.046875}]"
long_rvos/f3864705c4/3/9/raw_expression,long_rvos,f3864705c4,3,9,static,A toy car which is under a toy table.,raw_expression,A toy car which is under a toy table.,0,,0.0,0.0,0.0,0,0,0,[]
long_rvos/f3864705c4/3/9/concept,long_rvos,f3864705c4,3,9,static,A toy car which is under a toy table.,concept,which,0,,0.0,0.0,0.0,0,0,0,[]
long_rvos/f3864705c4/3/9/qwen_concept,long_rvos,f3864705c4,3,9,static,A toy car which is under a toy table.,qwen_concept,toy car,2,0,0.06183403293509848,0.0625,0.06216701646754924,0,0,0,"[{""track_id"":0,""confidence"":0.7142857313156128,""J"":0.06183403293509848,""F"":0.0625,""J_and_F"":0.06216701646754924},{""track_id"":1,""confidence"":null,""J"":0.046875,""F"":0.046875,""J_and_F"":0.046875}]"
long_rvos/18b160d3a7/2/5/raw_expression,long_rvos,18b160d3a7,2,5,dynamic,"The woman is sitting at the desk, chatting and laughing with the woman in a black short-sleeve shirt with white stripes, while looking at the camera.",raw_expression,"The woman is sitting at the desk, chatting and laughing with the woman in a black short-sleeve shirt with white stripes, while looking at the camera.",0,,0.0,0.0,0.0,0,0,0,[]
long_rvos/18b160d3a7/2/5/concept,long_rvos,18b160d3a7,2,5,dynamic,"The woman is sitting at the desk, chatting and laughing with the woman in a black short-sleeve shirt with white stripes, while looking at the camera.",concept,woman,4,0,0.9735726610602082,0.9519632698858307,0.9627679654730195,1,1,1,"[{""track_id"":0,""confidence"":0.9532163739204407,""J"":0.9735726610602082,""F"":0.9519632698858307,""J_and_F"":0.9627679654730195},{""track_id"":1,""confidence"":0.9609756469726562,""J"":0.015497705231864197,""F"":0.08794458928745882,""J_and_F"":0.05172114725966151},{""track_id"":2,""confidence"":0.8904109597206116,""J"":0.0,""F"":0.0,""J_and_F"":0.0},{""track_id"":3,""confidence"":0.7104072570800781,""J"":0.0,""F"":0.0,""J_and_F"":0.0}]"
long_rvos/18b160d3a7/2/5/qwen_concept,long_rvos,18b160d3a7,2,5,dynamic,"The woman is sitting at the desk, chatting and laughing with the woman in a black short-sleeve shirt with white stripes, while looking at the camera.",qwen_concept,woman,4,0,0.9735726610602082,0.9519632698858307,0.9627679654730195,1,1,1,"[{""track_id"":0,""confidence"":0.9532163739204407,""J"":0.9735726610602082,""F"":0.9519632698858307,""J_and_F"":0.9627679654730195},{""track_id"":1,""confidence"":0.9609756469726562,""J"":0.015497705231864197,""F"":0.08794458928745882,""J_and_F"":0.05172114725966151},{""track_id"":2,""confidence"":0.8904109597206116,""J"":0.0,""F"":0.0,""J_and_F"":0.0},{""track_id"":3,""confidence"":0.7104072570800781,""J"":0.0,""F"":0.0,""J_and_F"":0.0}]"
long_rvos/18b160d3a7/2/13/raw_expression,long_rvos,18b160d3a7,2,13,hybrid,"A woman in a black shirt sits at a desk, laughing at the camera.",raw_expression,"A woman in a black shirt sits at a desk, laughing at the camera.",2,0,0.9307794462727362,0.9139019295692422,0.9223406879209892,1,1,1,"[{""track_id"":0,""confidence"":0.7460317611694336,""J"":0.9307794462727362,""F"":0.9139019295692422,""J_and_F"":0.9223406879209892},{""track_id"":1,""confidence"":0.7387754917144775,""J"":0.0,""F"":0.04559685348707144,""J_and_F"":0.02279842674353572}]"
long_rvos/18b160d3a7/2/13/concept,long_rvos,18b160d3a7,2,13,hybrid,"A woman in a black shirt sits at a desk, laughing at the camera.",concept,woman,4,0,0.9735726610602082,0.9519632698858307,0.9627679654730195,1,1,1,"[{""track_id"":0,""confidence"":0.9532163739204407,""J"":0.9735726610602082,""F"":0.9519632698858307,""J_and_F"":0.9627679654730195},{""track_id"":1,""confidence"":0.9609756469726562,""J"":0.015497705231864197,""F"":0.08794458928745882,""J_and_F"":0.05172114725966151},{""track_id"":2,""confidence"":0.8904109597206116,""J"":0.0,""F"":0.0,""J_and_F"":0.0},{""track_id"":3,""confidence"":0.7104072570800781,""J"":0.0,""F"":0.0,""J_and_F"":0.0}]"
long_rvos/18b160d3a7/2/13/qwen_concept,long_rvos,18b160d3a7,2,13,hybrid,"A woman in a black shirt sits at a desk, laughing at the camera.",qwen_concept,woman,4,0,0.9735726610602082,0.9519632698858307,0.9627679654730195,1,1,1,"[{""track_id"":0,""confidence"":0.9532163739204407,""J"":0.9735726610602082,""F"":0.9519632698858307,""J_and_F"":0.9627679654730195},{""track_id"":1,""confidence"":0.9609756469726562,""J"":0.015497705231864197,""F"":0.08794458928745882,""J_and_F"":0.05172114725966151},{""track_id"":2,""confidence"":0.8904109597206116,""J"":0.0,""F"":0.0,""J_and_F"":0.0},{""track_id"":3,""confidence"":0.7104072570800781,""J"":0.0,""F"":0.0,""J_and_F"":0.0}]"
long_rvos/18b160d3a7/2/4/raw_expression,long_rvos,18b160d3a7,2,4,static,"A woman wearing a black long-sleeve shirt with a pearl necklace, with black hair, to the left of a woman in a black short-sleeve shirt with white stripes.",raw_expression,"A woman wearing a black long-sleeve shirt with a pearl necklace, with black hair, to the left of a woman in a black short-sleeve shirt with white stripes.",0,,0.0,0.0,0.0,0,0,0,[]
long_rvos/18b160d3a7/2/4/concept,long_rvos,18b160d3a7,2,4,static,"A woman wearing a black long-sleeve shirt with a pearl necklace, with black hair, to the left of a woman in a black short-sleeve shirt with white stripes.",concept,woman,4,0,0.9735726610602082,0.9519632698858307,0.9627679654730195,1,1,1,"[{""track_id"":0,""confidence"":0.9532163739204407,""J"":0.9735726610602082,""F"":0.9519632698858307,""J_and_F"":0.9627679654730195},{""track_id"":1,""confidence"":0.9609756469726562,""J"":0.015497705231864197,""F"":0.08794458928745882,""J_and_F"":0.05172114725966151},{""track_id"":2,""confidence"":0.8904109597206116,""J"":0.0,""F"":0.0,""J_and_F"":0.0},{""track_id"":3,""confidence"":0.7104072570800781,""J"":0.0,""F"":0.0,""J_and_F"":0.0}]"
long_rvos/18b160d3a7/2/4/qwen_concept,long_rvos,18b160d3a7,2,4,static,"A woman wearing a black long-sleeve shirt with a pearl necklace, with black hair, to the left of a woman in a black short-sleeve shirt with white stripes.",qwen_concept,"woman wearing a black long-sleeve shirt with a pearl necklace, with black hair",0,,0.0,0.0,0.0,0,0,0,[]
long_rvos/7caa203c75/2/3/raw_expression,long_rvos,7caa203c75,2,3,dynamic,A boy is lying on the floor playing with a toy.,raw_expression,A boy is lying on the floor playing with a toy.,2,0,0.46642210479967333,0.436000491758057,0.4512112982788652,1,0,0,"[{""track_id"":0,""confidence"":0.8750000596046448,""J"":0.46642210479967333,""F"":0.436000491758057,""J_and_F"":0.4512112982788652},{""track_id"":1,""confidence"":0.8128654956817627,""J"":0.06331544355167157,""F"":0.04700185713920805,""J_and_F"":0.055158650345439805}]"
long_rvos/7caa203c75/2/3/concept,long_rvos,7caa203c75,2,3,dynamic,A boy is lying on the floor playing with a toy.,concept,boy,7,4,0.35300679472441,0.34606778892992474,0.34953729182716736,1,0,0,"[{""track_id"":0,""confidence"":0.941605806350708,""J"":0.26862055118510103,""F"":0.246613203953033,""J_and_F"":0.25761687756906704},{""track_id"":1,""confidence"":0.7968254089355469,""J"":0.04602760637237075,""F"":0.04241793141979082,""J_and_F"":0.04422276889608079},{""track_id"":2,""confidence"":0.9649122953414917,""J"":0.05969347971258112,""F"":0.04732840489234558,""J_and_F"":0.05351094230246335},{""track_id"":3,""confidence"":0.9609756469726562,""J"":0.20821244577697484,""F"":0.19797860057982347,""J_and_F"":0.20309552317839916},{""track_id"":4,""confidence"":0.8947368264198303,""J"":0.35300679472441,""F"":0.34606778892992474,""J_and_F"":0.34953729182716736},{""track_id"":5,""confidence"":0.9452055096626282,""J"":0.05676663867884089,""F"":0.04232128505616924,""J_and_F"":0.049543961867505065},{""track_id"":6,""confidence"":0.7264957427978516,""J"":0.06034583059421685,""F"":0.05621759165055787,""J_and_F"":0.058281711122387364}]"
long_rvos/7caa203c75/2/3/qwen_concept,long_rvos,7caa203c75,2,3,dynamic,A boy is lying on the floor playing with a toy.,qwen_concept,boy,7,4,0.35300679472441,0.34606778892992474,0.34953729182716736,1,0,0,"[{""track_id"":0,""confidence"":0.941605806350708,""J"":0.26862055118510103,""F"":0.246613203953033,""J_and_F"":0.25761687756906704},{""track_id"":1,""confidence"":0.7968254089355469,""J"":0.04602760637237075,""F"":0.04241793141979082,""J_and_F"":0.04422276889608079},{""track_id"":2,""confidence"":0.9649122953414917,""J"":0.05969347971258112,""F"":0.04732840489234558,""J_and_F"":0.05351094230246335},{""track_id"":3,""confidence"":0.9609756469726562,""J"":0.20821244577697484,""F"":0.19797860057982347,""J_and_F"":0.20309552317839916},{""track_id"":4,""confidence"":0.8947368264198303,""J"":0.35300679472441,""F"":0.34606778892992474,""J_and_F"":0.34953729182716736},{""track_id"":5,""confidence"":0.9452055096626282,""J"":0.05676663867884089,""F"":0.04232128505616924,""J_and_F"":0.049543961867505065},{""track_id"":6,""confidence"":0.7264957427978516,""J"":0.06034583059421685,""F"":0.05621759165055787,""J_and_F"":0.058281711122387364}]"
long_rvos/7caa203c75/2/5/raw_expression,long_rvos,7caa203c75,2,5,hybrid,A boy in a blue sweater lies on the floor playing with a toy.,raw_expression,A boy in a blue sweater lies on the floor playing with a toy.,7,4,0.3530771615920202,0.3462514610722681,0.34966431133214415,1,0,0,"[{""track_id"":0,""confidence"":0.8987342119216919,""J"":0.2686268641309126,""F"":0.24647915273397822,""J_and_F"":0.2575530084324454},{""track_id"":1,""confidence"":0.7104072570800781,""J"":0.046069353667392884,""F"":0.04293212989445168,""J_and_F"":0.04450074178092228},{""track_id"":2,""confidence"":0.9726027250289917,""J"":0.059700215122551456,""F"":0.047409098833286534,""J_and_F"":0.053554656977918995},{""track_id"":3,""confidence"":0.9569892287254333,""J"":0.20822038158194167,""F"":0.1980824434785929,""J_and_F"":0.2031514125302673},{""track_id"":4,""confidence"":0.8865247964859009,""J"":0.3530771615920202,""F"":0.3462514610722681,""J_and_F"":0.34966431133214415},{""track_id"":5,""confidence"":0.9569892287254333,""J"":0.05676816619607227,""F"":0.04225572802382574,""J_and_F"":0.04951194710994901},{""track_id"":6,""confidence"":0.8202247023582458,""J"":0.046522451063405884,""F"":0.046875,""J_and_F"":0.04669872553170294}]"
long_rvos/7caa203c75/2/5/concept,long_rvos,7caa203c75,2,5,hybrid,A boy in a blue sweater lies on the floor playing with a toy.,concept,boy,7,4,0.35300679472441,0.34606778892992474,0.34953729182716736,1,0,0,"[{""track_id"":0,""confidence"":0.941605806350708,""J"":0.26862055118510103,""F"":0.246613203953033,""J_and_F"":0.25761687756906704},{""track_id"":1,""confidence"":0.7968254089355469,""J"":0.04602760637237075,""F"":0.04241793141979082,""J_and_F"":0.04422276889608079},{""track_id"":2,""confidence"":0.9649122953414917,""J"":0.05969347971258112,""F"":0.04732840489234558,""J_and_F"":0.05351094230246335},{""track_id"":3,""confidence"":0.9609756469726562,""J"":0.20821244577697484,""F"":0.19797860057982347,""J_and_F"":0.20309552317839916},{""track_id"":4,""confidence"":0.8947368264198303,""J"":0.35300679472441,""F"":0.34606778892992474,""J_and_F"":0.34953729182716736},{""track_id"":5,""confidence"":0.9452055096626282,""J"":0.05676663867884089,""F"":0.04232128505616924,""J_and_F"":0.049543961867505065},{""track_id"":6,""confidence"":0.7264957427978516,""J"":0.06034583059421685,""F"":0.05621759165055787,""J_and_F"":0.058281711122387364}]"
long_rvos/7caa203c75/2/5/qwen_concept,long_rvos,7caa203c75,2,5,hybrid,A boy in a blue sweater lies on the floor playing with a toy.,qwen_concept,boy,7,4,0.35300679472441,0.34606778892992474,0.34953729182716736,1,0,0,"[{""track_id"":0,""confidence"":0.941605806350708,""J"":0.26862055118510103,""F"":0.246613203953033,""J_and_F"":0.25761687756906704},{""track_id"":1,""confidence"":0.7968254089355469,""J"":0.04602760637237075,""F"":0.04241793141979082,""J_and_F"":0.04422276889608079},{""track_id"":2,""confidence"":0.9649122953414917,""J"":0.05969347971258112,""F"":0.04732840489234558,""J_and_F"":0.05351094230246335},{""track_id"":3,""confidence"":0.9609756469726562,""J"":0.20821244577697484,""F"":0.19797860057982347,""J_and_F"":0.20309552317839916},{""track_id"":4,""confidence"":0.8947368264198303,""J"":0.35300679472441,""F"":0.34606778892992474,""J_and_F"":0.34953729182716736},{""track_id"":5,""confidence"":0.9452055096626282,""J"":0.05676663867884089,""F"":0.04232128505616924,""J_and_F"":0.049543961867505065},{""track_id"":6,""confidence"":0.7264957427978516,""J"":0.06034583059421685,""F"":0.05621759165055787,""J_and_F"":0.058281711122387364}]"
long_rvos/7caa203c75/2/2/raw_expression,long_rvos,7caa203c75,2,2,static,"A young boy wearing a blue sweater, on the floor.",raw_expression,"A young boy wearing a blue sweater, on the floor.",7,0,0.28347328673250854,0.25999518881790395,0.2717342377752062,0,0,0,"[{""track_id"":0,""confidence"":0.96875,""J"":0.28347328673250854,""F"":0.25999518881790395,""J_and_F"":0.2717342377752062},{""track_id"":1,""confidence"":0.9883041381835938,""J"":0.07267144040213648,""F"":0.05640298784652431,""J_and_F"":0.06453721412433039},{""track_id"":2,""confidence"":0.941605806350708,""J"":0.2014599515077016,""F"":0.19787397846657626,""J_and_F"":0.19966696498713893},{""track_id"":3,""confidence"":0.9532163739204407,""J"":0.2103853978084648,""F"":0.20393196859615437,""J_and_F"":0.20715868320230957},{""track_id"":4,""confidence"":0.9843749403953552,""J"":0.16683936328359283,""F"":0.16425782672311384,""J_and_F"":0.16554859500335334},{""track_id"":5,""confidence"":0.96875,""J"":0.05676251143255459,""F"":0.04229082038871615,""J_and_F"":0.04952666591063537},{""track_id"":6,""confidence"":0.9179486632347107,""J"":0.06031014265855668,""F"":0.05610749839434811,""J_and_F"":0.05820882052645239}]"
long_rvos/7caa203c75/2/2/concept,long_rvos,7caa203c75,2,2,static,"A young boy wearing a blue sweater, on the floor.",concept,young boy,10,4,0.3530300465421214,0.3461908110040257,0.3496104287730736,1,0,0,"[{""track_id"":0,""confidence"":0.9532163739204407,""J"":0.26864023058424047,""F"":0.2467719522438274,""J_and_F"":0.25770609141403394},{""track_id"":1,""confidence"":0.8904109597206116,""J"":0.04603728535738582,""F"":0.042583585028722885,""J_and_F"":0.04431043519305435},{""track_id"":2,""confidence"":0.976608157157898,""J"":0.05970038905440755,""F"":0.04742508385307247,""J_and_F"":0.053562736453740004},{""track_id"":3,""confidence"":0.976608157157898,""J"":0.20823700764796144,""F"":0.19808733850272855,""J_and_F"":0.203162173075345},{""track_id"":4,""confidence"":0.9259259104728699,""J"":0.3530300465421214,""F"":0.3461908110040257,""J_and_F"":0.3496104287730736},{""track_id"":5,""confidence"":0.7064220309257507,""J"":0.03125,""F"":0.03125,""J_and_F"":0.03125},{""track_id"":6,""confidence"":0.9532163739204407,""J"":0.04314414783548198,""F"":0.03525217246627918,""J_and_F"":0.03919816015088058},{""track_id"":7,""confidence"":0.9569892287254333,""J"":0.04277184157028382,""F"":0.03531958822615032,""J_and_F"":0.039045714898217065},{""track_id"":8,""confidence"":0.8632478713989258,""J"":0.045080265707168554,""F"":0.040875738825783374,""J_and_F"":0.04297800226647597},{""track_id"":9,""confidence"":0.8400000333786011,""J"":0.046500199064397334,""F"":0.04664656432748538,""J_and_F"":0.04657338169594136}]"
long_rvos/7caa203c75/2/2/qwen_concept,long_rvos,7caa203c75,2,2,static,"A young boy wearing a blue sweater, on the floor.",qwen_concept,boy,7,4,0.35300679472441,0.34606778892992474,0.34953729182716736,1,0,0,"[{""track_id"":0,""confidence"":0.941605806350708,""J"":0.26862055118510103,""F"":0.246613203953033,""J_and_F"":0.25761687756906704},{""track_id"":1,""confidence"":0.7968254089355469,""J"":0.04602760637237075,""F"":0.04241793141979082,""J_and_F"":0.04422276889608079},{""track_id"":2,""confidence"":0.9649122953414917,""J"":0.05969347971258112,""F"":0.04732840489234558,""J_and_F"":0.05351094230246335},{""track_id"":3,""confidence"":0.9609756469726562,""J"":0.20821244577697484,""F"":0.19797860057982347,""J_and_F"":0.20309552317839916},{""track_id"":4,""confidence"":0.8947368264198303,""J"":0.35300679472441,""F"":0.34606778892992474,""J_and_F"":0.34953729182716736},{""track_id"":5,""confidence"":0.9452055096626282,""J"":0.05676663867884089,""F"":0.04232128505616924,""J_and_F"":0.049543961867505065},{""track_id"":6,""confidence"":0.7264957427978516,""J"":0.06034583059421685,""F"":0.05621759165055787,""J_and_F"":0.058281711122387364}]"
long_rvos/7bdbd4f32f/1/1/raw_expression,long_rvos,7bdbd4f32f,1,1,dynamic,The girl is sitting on the table and playing with her father.,raw_expression,The girl is sitting on the table and playing with her father.,2,0,0.9510734473266175,0.9466412406581761,0.9488573439923969,1,1,1,"[{""track_id"":0,""confidence"":0.8827838897705078,""J"":0.9510734473266175,""F"":0.9466412406581761,""J_and_F"":0.9488573439923969},{""track_id"":2,""confidence"":0.6683937907218933,""J"":0.0,""F"":0.0,""J_and_F"":0.0}]"
long_rvos/7bdbd4f32f/1/1/concept,long_rvos,7bdbd4f32f,1,1,dynamic,The girl is sitting on the table and playing with her father.,concept,girl,5,1,0.7859257853128573,0.7738759840139979,0.7799008846634277,1,1,1,"[{""track_id"":0,""confidence"":0.7852349281311035,""J"":0.03022003086137776,""F"":0.031099283695564733,""J_and_F"":0.030659657278471246},{""track_id"":1,""confidence"":0.6717948913574219,""J"":0.7859257853128573,""F"":0.7738759840139979,""J_and_F"":0.7799008846634277},{""track_id"":2,""confidence"":0.7538461089134216,""J"":0.0,""F"":0.0,""J_and_F"":0.0},{""track_id"":3,""confidence"":null,""J"":0.0,""F"":0.0,""J_and_F"":0.0},{""track_id"":4,""confidence"":0.7344398498535156,""J"":0.0,""F"":0.0,""J_and_F"":0.0}]"
long_rvos/7bdbd4f32f/1/1/qwen_concept,long_rvos,7bdbd4f32f,1,1,dynamic,The girl is sitting on the table and playing with her father.,qwen_concept,girl,5,1,0.7859257853128573,0.7738759840139979,0.7799008846634277,1,1,1,"[{""track_id"":0,""confidence"":0.7852349281311035,""J"":0.03022003086137776,""F"":0.031099283695564733,""J_and_F"":0.030659657278471246},{""track_id"":1,""confidence"":0.6717948913574219,""J"":0.7859257853128573,""F"":0.7738759840139979,""J_and_F"":0.7799008846634277},{""track_id"":2,""confidence"":0.7538461089134216,""J"":0.0,""F"":0.0,""J_and_F"":0.0},{""track_id"":3,""confidence"":null,""J"":0.0,""F"":0.0,""J_and_F"":0.0},{""track_id"":4,""confidence"":0.7344398498535156,""J"":0.0,""F"":0.0,""J_and_F"":0.0}]"
long_rvos/7bdbd4f32f/1/3/raw_expression,long_rvos,7bdbd4f32f,1,3,dynamic,The girl in white is holding a spoon and laughing continuously,raw_expression,The girl in white is holding a spoon and laughing continuously,1,0,0.03031403495184935,0.03095703675282995,0.03063553585233965,0,0,0,"[{""track_id"":0,""confidence"":0.675126850605011,""J"":0.03031403495184935,""F"":0.03095703675282995,""J_and_F"":0.03063553585233965}]"
long_rvos/7bdbd4f32f/1/3/concept,long_rvos,7bdbd4f32f,1,3,dynamic,The girl in white is holding a spoon and laughing continuously,concept,girl,5,1,0.7859257853128573,0.7738759840139979,0.7799008846634277,1,1,1,"[{""track_id"":0,""confidence"":0.7852349281311035,""J"":0.03022003086137776,""F"":0.031099283695564733,""J_and_F"":0.030659657278471246},{""track_id"":1,""confidence"":0.6717948913574219,""J"":0.7859257853128573,""F"":0.7738759840139979,""J_and_F"":0.7799008846634277},{""track_id"":2,""confidence"":0.7538461089134216,""J"":0.0,""F"":0.0,""J_and_F"":0.0},{""track_id"":3,""confidence"":null,""J"":0.0,""F"":0.0,""J_and_F"":0.0},{""track_id"":4,""confidence"":0.7344398498535156,""J"":0.0,""F"":0.0,""J_and_F"":0.0}]"
long_rvos/7bdbd4f32f/1/3/qwen_concept,long_rvos,7bdbd4f32f,1,3,dynamic,The girl in white is holding a spoon and laughing continuously,qwen_concept,girl,5,1,0.7859257853128573,0.7738759840139979,0.7799008846634277,1,1,1,"[{""track_id"":0,""confidence"":0.7852349281311035,""J"":0.03022003086137776,""F"":0.031099283695564733,""J_and_F"":0.030659657278471246},{""track_id"":1,""confidence"":0.6717948913574219,""J"":0.7859257853128573,""F"":0.7738759840139979,""J_and_F"":0.7799008846634277},{""track_id"":2,""confidence"":0.7538461089134216,""J"":0.0,""F"":0.0,""J_and_F"":0.0},{""track_id"":3,""confidence"":null,""J"":0.0,""F"":0.0,""J_and_F"":0.0},{""track_id"":4,""confidence"":0.7344398498535156,""J"":0.0,""F"":0.0,""J_and_F"":0.0}]"
long_rvos/7bdbd4f32f/1/12/raw_expression,long_rvos,7bdbd4f32f,1,12,hybrid,A girl in white clothes sitting on a table plays with her father.,raw_expression,A girl in white clothes sitting on a table plays with her father.,1,0,0.950629645089501,0.9466972211940228,0.9486634331417618,1,1,1,"[{""track_id"":0,""confidence"":0.921951174736023,""J"":0.950629645089501,""F"":0.9466972211940228,""J_and_F"":0.9486634331417618}]"
long_rvos/7bdbd4f32f/1/12/concept,long_rvos,7bdbd4f32f,1,12,hybrid,A girl in white clothes sitting on a table plays with her father.,concept,girl,5,1,0.7859257853128573,0.7738759840139979,0.7799008846634277,1,1,1,"[{""track_id"":0,""confidence"":0.7852349281311035,""J"":0.03022003086137776,""F"":0.031099283695564733,""J_and_F"":0.030659657278471246},{""track_id"":1,""confidence"":0.6717948913574219,""J"":0.7859257853128573,""F"":0.7738759840139979,""J_and_F"":0.7799008846634277},{""track_id"":2,""confidence"":0.7538461089134216,""J"":0.0,""F"":0.0,""J_and_F"":0.0},{""track_id"":3,""confidence"":null,""J"":0.0,""F"":0.0,""J_and_F"":0.0},{""track_id"":4,""confidence"":0.7344398498535156,""J"":0.0,""F"":0.0,""J_and_F"":0.0}]"
long_rvos/7bdbd4f32f/1/12/qwen_concept,long_rvos,7bdbd4f32f,1,12,hybrid,A girl in white clothes sitting on a table plays with her father.,qwen_concept,girl,5,1,0.7859257853128573,0.7738759840139979,0.7799008846634277,1,1,1,"[{""track_id"":0,""confidence"":0.7852349281311035,""J"":0.03022003086137776,""F"":0.031099283695564733,""J_and_F"":0.030659657278471246},{""track_id"":1,""confidence"":0.6717948913574219,""J"":0.7859257853128573,""F"":0.7738759840139979,""J_and_F"":0.7799008846634277},{""track_id"":2,""confidence"":0.7538461089134216,""J"":0.0,""F"":0.0,""J_and_F"":0.0},{""track_id"":3,""confidence"":null,""J"":0.0,""F"":0.0,""J_and_F"":0.0},{""track_id"":4,""confidence"":0.7344398498535156,""J"":0.0,""F"":0.0,""J_and_F"":0.0}]"
long_rvos/7bdbd4f32f/1/13/raw_expression,long_rvos,7bdbd4f32f,1,13,hybrid,A girl in a white shirt holds a spoon and laughs near a boy in gray.,raw_expression,A girl in a white shirt holds a spoon and laughs near a boy in gray.,0,,0.0,0.0,0.0,0,0,0,[]
long_rvos/7bdbd4f32f/1/13/concept,long_rvos,7bdbd4f32f,1,13,hybrid,A girl in a white shirt holds a spoon and laughs near a boy in gray.,concept,girl,5,1,0.7859257853128573,0.7738759840139979,0.7799008846634277,1,1,1,"[{""track_id"":0,""confidence"":0.7852349281311035,""J"":0.03022003086137776,""F"":0.031099283695564733,""J_and_F"":0.030659657278471246},{""track_id"":1,""confidence"":0.6717948913574219,""J"":0.7859257853128573,""F"":0.7738759840139979,""J_and_F"":0.7799008846634277},{""track_id"":2,""confidence"":0.7538461089134216,""J"":0.0,""F"":0.0,""J_and_F"":0.0},{""track_id"":3,""confidence"":null,""J"":0.0,""F"":0.0,""J_and_F"":0.0},{""track_id"":4,""confidence"":0.7344398498535156,""J"":0.0,""F"":0.0,""J_and_F"":0.0}]"
long_rvos/7bdbd4f32f/1/13/qwen_concept,long_rvos,7bdbd4f32f,1,13,hybrid,A girl in a white shirt holds a spoon and laughs near a boy in gray.,qwen_concept,girl,5,1,0.7859257853128573,0.7738759840139979,0.7799008846634277,1,1,1,"[{""track_id"":0,""confidence"":0.7852349281311035,""J"":0.03022003086137776,""F"":0.031099283695564733,""J_and_F"":0.030659657278471246},{""track_id"":1,""confidence"":0.6717948913574219,""J"":0.7859257853128573,""F"":0.7738759840139979,""J_and_F"":0.7799008846634277},{""track_id"":2,""confidence"":0.7538461089134216,""J"":0.0,""F"":0.0,""J_and_F"":0.0},{""track_id"":3,""confidence"":null,""J"":0.0,""F"":0.0,""J_and_F"":0.0},{""track_id"":4,""confidence"":0.7344398498535156,""J"":0.0,""F"":0.0,""J_and_F"":0.0}]"
long_rvos/7bdbd4f32f/1/0/raw_expression,long_rvos,7bdbd4f32f,1,0,static,A baby wearing white clothes.,raw_expression,A baby wearing white clothes.,1,0,0.9192154015095656,0.9069588434039155,0.9130871224567405,1,1,1,"[{""track_id"":0,""confidence"":0.6521739363670349,""J"":0.9192154015095656,""F"":0.9069588434039155,""J_and_F"":0.9130871224567405}]"
long_rvos/7bdbd4f32f/1/0/concept,long_rvos,7bdbd4f32f,1,0,static,A baby wearing white clothes.,concept,baby,1,0,0.9491984411415914,0.9373951159882158,0.9432967785649036,1,1,1,"[{""track_id"":0,""confidence"":0.8241757750511169,""J"":0.9491984411415914,""F"":0.9373951159882158,""J_and_F"":0.9432967785649036}]"
long_rvos/7bdbd4f32f/1/0/qwen_concept,long_rvos,7bdbd4f32f,1,0,static,A baby wearing white clothes.,qwen_concept,baby,1,0,0.9491984411415914,0.9373951159882158,0.9432967785649036,1,1,1,"[{""track_id"":0,""confidence"":0.8241757750511169,""J"":0.9491984411415914,""F"":0.9373951159882158,""J_and_F"":0.9432967785649036}]"
long_rvos/7bdbd4f32f/1/2/raw_expression,long_rvos,7bdbd4f32f,1,2,static,"A baby wearing a white short-sleeved shirt, sitting to the right of a boy in a gray short-sleeved shirt",raw_expression,"A baby wearing a white short-sleeved shirt, sitting to the right of a boy in a gray short-sleeved shirt",1,0,0.02674826291111442,0.020622882411461346,0.02368557266128788,0,0,0,"[{""track_id"":0,""confidence"":0.6604774594306946,""J"":0.02674826291111442,""F"":0.020622882411461346,""J_and_F"":0.02368557266128788}]"
long_rvos/7bdbd4f32f/1/2/concept,long_rvos,7bdbd4f32f,1,2,static,"A baby wearing a white short-sleeved shirt, sitting to the right of a boy in a gray short-sleeved shirt",concept,baby,1,0,0.9491984411415914,0.9373951159882158,0.9432967785649036,1,1,1,"[{""track_id"":0,""confidence"":0.8241757750511169,""J"":0.9491984411415914,""F"":0.9373951159882158,""J_and_F"":0.9432967785649036}]"
long_rvos/7bdbd4f32f/1/2/qwen_concept,long_rvos,7bdbd4f32f,1,2,static,"A baby wearing a white short-sleeved shirt, sitting to the right of a boy in a gray short-sleeved shirt",qwen_concept,baby,1,0,0.9491984411415914,0.9373951159882158,0.9432967785649036,1,1,1,"[{""track_id"":0,""confidence"":0.8241757750511169,""J"":0.9491984411415914,""F"":0.9373951159882158,""J_and_F"":0.9432967785649036}]"
long_rvos/2683deffcb/1/1/raw_expression,long_rvos,2683deffcb,1,1,dynamic,A girl is playing with a ball in the yard.,raw_expression,A girl is playing with a ball in the yard.,6,0,0.8405349846980841,0.8661065104327388,0.8533207475654114,1,1,1,"[{""track_id"":0,""confidence"":0.9259259104728699,""J"":0.8405349846980841,""F"":0.8661065104327388,""J_and_F"":0.8533207475654114},{""track_id"":1,""confidence"":0.8632478713989258,""J"":0.0,""F"":0.0,""J_and_F"":0.0},{""track_id"":2,""confidence"":0.9298245906829834,""J"":3.546809874959923e-05,""F"":0.0006101491987474673,""J_and_F"":0.00032280864874853325},{""track_id"":3,""confidence"":0.7344398498535156,""J"":0.0003057369753174336,""F"":0.010890193725263581,""J_and_F"":0.005597965350290507},{""track_id"":4,""confidence"":0.9298245906829834,""J"":0.0,""F"":0.0,""J_and_F"":0.0},{""track_id"":5,""confidence"":null,""J"":0.0,""F"":0.0,""J_and_F"":0.0}]"
long_rvos/2683deffcb/1/1/concept,long_rvos,2683deffcb,1,1,dynamic,A girl is playing with a ball in the yard.,concept,girl,2,0,0.8392407698907711,0.8654270923928672,0.8523339311418192,1,1,1,"[{""track_id"":0,""confidence"":0.8987342119216919,""J"":0.8392407698907711,""F"":0.8654270923928672,""J_and_F"":0.8523339311418192},{""track_id"":1,""confidence"":0.921951174736023,""J"":0.00033033797854000976,""F"":0.012578046665106729,""J_and_F"":0.006454192321823369}]"
long_rvos/2683deffcb/1/1/qwen_concept,long_rvos,2683deffcb,1,1,dynamic,A girl is playing with a ball in the yard.,qwen_concept,girl,2,0,0.8392407698907711,0.8654270923928672,0.8523339311418192,1,1,1,"[{""track_id"":0,""confidence"":0.8987342119216919,""J"":0.8392407698907711,""F"":0.8654270923928672,""J_and_F"":0.8523339311418192},{""track_id"":1,""confidence"":0.921951174736023,""J"":0.00033033797854000976,""F"":0.012578046665106729,""J_and_F"":0.006454192321823369}]"
long_rvos/2683deffcb/1/5/raw_expression,long_rvos,2683deffcb,1,5,hybrid,A blonde girl plays with a ball in the yard.,raw_expression,A blonde girl plays with a ball in the yard.,7,0,0.840633936275657,0.8657745135813292,0.853204224928493,1,1,1,"[{""track_id"":0,""confidence"":0.9064327478408813,""J"":0.840633936275657,""F"":0.8657745135813292,""J_and_F"":0.853204224928493},{""track_id"":1,""confidence"":0.7264957427978516,""J"":0.0,""F"":0.0,""J_and_F"":0.0},{""track_id"":2,""confidence"":null,""J"":0.0,""F"":0.0,""J_and_F"":0.0},{""track_id"":3,""confidence"":0.6800000071525574,""J"":3.586840822817277e-05,""F"":0.0006264,""J_and_F"":0.0003311342041140864},{""track_id"":4,""confidence"":0.6995305418968201,""J"":0.00028143117763738593,""F"":0.010756886489896221,""J_and_F"":0.0055191588337668036},{""track_id"":5,""confidence"":0.7852349281311035,""J"":0.0,""F"":0.0,""J_and_F"":0.0},{""track_id"":6,""confidence"":0.8827838897705078,""J"":0.0,""F"":0.0,""J_and_F"":0.0}]"
long_rvos/2683deffcb/1/5/concept,long_rvos,2683deffcb,1,5,hybrid,A blonde girl plays with a ball in the yard.,concept,blonde girl,4,2,0.5405876492543533,0.5439207538213048,0.5422542015378291,1,1,0,"[{""track_id"":0,""confidence"":0.6640419960021973,""J"":0.01214255677039529,""F"":0.009509762945816187,""J_and_F"":0.010826159858105738},{""track_id"":1,""confidence"":-10000.0,""J"":0.013820896258311732,""F"":0.014845472258283057,""J_and_F"":0.014333184258297394},{""track_id"":2,""confidence"":0.7575758099555969,""J"":0.5405876492543533,""F"":0.5439207538213048,""J_and_F"":0.5422542015378291},{""track_id"":3,""confidence"":0.7037037014961243,""J"":1.4835241552638927e-05,""F"":0.0005719369598373157,""J_and_F"":0.00029338610069497734}]"
long_rvos/2683deffcb/1/5/qwen_concept,long_rvos,2683deffcb,1,5,hybrid,A blonde girl plays with a ball in the yard.,qwen_concept,girl,2,0,0.8392407698907711,0.8654270923928672,0.8523339311418192,1,1,1,"[{""track_id"":0,""confidence"":0.8987342119216919,""J"":0.8392407698907711,""F"":0.8654270923928672,""J_and_F"":0.8523339311418192},{""track_id"":1,""confidence"":0.921951174736023,""J"":0.00033033797854000976,""F"":0.012578046665106729,""J_and_F"":0.006454192321823369}]"
long_rvos/2683deffcb/1/0/raw_expression,long_rvos,2683deffcb,1,0,static,A blonde girl.,raw_expression,A blonde girl.,1,0,0.485945459913265,0.49362793691072165,0.4897866984119933,1,0,0,"[{""track_id"":0,""confidence"":0.6604774594306946,""J"":0.485945459913265,""F"":0.49362793691072165,""J_and_F"":0.4897866984119933}]"
long_rvos/2683deffcb/1/0/concept,long_rvos,2683deffcb,1,0,static,A blonde girl.,concept,blonde girl,4,2,0.5405876492543533,0.5439207538213048,0.5422542015378291,1,1,0,"[{""track_id"":0,""confidence"":0.6640419960021973,""J"":0.01214255677039529,""F"":0.009509762945816187,""J_and_F"":0.010826159858105738},{""track_id"":1,""confidence"":-10000.0,""J"":0.013820896258311732,""F"":0.014845472258283057,""J_and_F"":0.014333184258297394},{""track_id"":2,""confidence"":0.7575758099555969,""J"":0.5405876492543533,""F"":0.5439207538213048,""J_and_F"":0.5422542015378291},{""track_id"":3,""confidence"":0.7037037014961243,""J"":1.4835241552638927e-05,""F"":0.0005719369598373157,""J_and_F"":0.00029338610069497734}]"
long_rvos/2683deffcb/1/0/qwen_concept,long_rvos,2683deffcb,1,0,static,A blonde girl.,qwen_concept,girl,2,0,0.8392407698907711,0.8654270923928672,0.8523339311418192,1,1,1,"[{""track_id"":0,""confidence"":0.8987342119216919,""J"":0.8392407698907711,""F"":0.8654270923928672,""J_and_F"":0.8523339311418192},{""track_id"":1,""confidence"":0.921951174736023,""J"":0.00033033797854000976,""F"":0.012578046665106729,""J_and_F"":0.006454192321823369}]"
long_rvos/8093ebd9a3/3/9/raw_expression,long_rvos,8093ebd9a3,3,9,dynamic,"The person sits at the edge of the tank, observes the surroundings and talks with a man.",raw_expression,"The person sits at the edge of the tank, observes the surroundings and talks with a man.",2,1,0.26953716731976546,0.43059361971286736,0.3500653935163164,1,0,0,"[{""track_id"":0,""confidence"":0.6800000071525574,""J"":0.09544421462294742,""F"":0.24304633207645573,""J_and_F"":0.16924527334970157},{""track_id"":1,""confidence"":0.6521739363670349,""J"":0.26953716731976546,""F"":0.43059361971286736,""J_and_F"":0.3500653935163164}]"
long_rvos/8093ebd9a3/3/9/concept,long_rvos,8093ebd9a3,3,9,dynamic,"The person sits at the edge of the tank, observes the surroundings and talks with a man.",concept,person,3,2,0.537562627596758,0.6699645528328755,0.6037635902148167,1,1,0,"[{""track_id"":0,""confidence"":0.7419355511665344,""J"":0.1646104238727865,""F"":0.49061508436139767,""J_and_F"":0.32761275411709206},{""track_id"":1,""confidence"":0.6640419960021973,""J"":0.09375,""F"":0.09375,""J_and_F"":0.09375},{""track_id"":2,""confidence"":0.675126850605011,""J"":0.537562627596758,""F"":0.6699645528328755,""J_and_F"":0.6037635902148167}]"
long_rvos/8093ebd9a3/3/9/qwen_concept,long_rvos,8093ebd9a3,3,9,dynamic,"The person sits at the edge of the tank, observes the surroundings and talks with a man.",qwen_concept,person,3,2,0.537562627596758,0.6699645528328755,0.6037635902148167,1,1,0,"[{""track_id"":0,""confidence"":0.7419355511665344,""J"":0.1646104238727865,""F"":0.49061508436139767,""J_and_F"":0.32761275411709206},{""track_id"":1,""confidence"":0.6640419960021973,""J"":0.09375,""F"":0.09375,""J_and_F"":0.09375},{""track_id"":2,""confidence"":0.675126850605011,""J"":0.537562627596758,""F"":0.6699645528328755,""J_and_F"":0.6037635902148167}]"
long_rvos/8093ebd9a3/3/14/raw_expression,long_rvos,8093ebd9a3,3,14,hybrid,"A man wearing camouflage clothing sits on the tank, looking around and chatting with friends.",raw_expression,"A man wearing camouflage clothing sits on the tank, looking around and chatting with friends.",2,1,0.23917146357104235,0.4080873148777859,0.3236293892244141,1,0,0,"[{""track_id"":0,""confidence"":0.7387754917144775,""J"":0.09520649969460918,""F"":0.24403418705504104,""J_and_F"":0.16962034337482512},{""track_id"":1,""confidence"":0.6683937907218933,""J"":0.23917146357104235,""F"":0.4080873148777859,""J_and_F"":0.3236293892244141}]"
long_rvos/8093ebd9a3/3/14/concept,long_rvos,8093ebd9a3,3,14,hybrid,"A man wearing camouflage clothing sits on the tank, looking around and chatting with friends.",concept,man,3,1,0.5693639012736758,0.6522231909328684,0.6107935461032721,1,1,0,"[{""track_id"":0,""confidence"":-1999.4348623752594,""J"":0.15102223963201863,""F"":0.171875,""J_and_F"":0.16144861981600933},{""track_id"":1,""confidence"":0.6683937907218933,""J"":0.5693639012736758,""F"":0.6522231909328684,""J_and_F"":0.6107935461032721},{""track_id"":2,""confidence"":0.6521739363670349,""J"":0.09548923796873421,""F"":0.26872676260757744,""J_and_F"":0.18210800028815582}]"
long_rvos/8093ebd9a3/3/14/qwen_concept,long_rvos,8093ebd9a3,3,14,hybrid,"A man wearing camouflage clothing sits on the tank, looking around and chatting with friends.",qwen_concept,man,3,1,0.5693639012736758,0.6522231909328684,0.6107935461032721,1,1,0,"[{""track_id"":0,""confidence"":-1999.4348623752594,""J"":0.15102223963201863,""F"":0.171875,""J_and_F"":0.16144861981600933},{""track_id"":1,""confidence"":0.6683937907218933,""J"":0.5693639012736758,""F"":0.6522231909328684,""J_and_F"":0.6107935461032721},{""track_id"":2,""confidence"":0.6521739363670349,""J"":0.09548923796873421,""F"":0.26872676260757744,""J_and_F"":0.18210800028815582}]"
long_rvos/8093ebd9a3/3/8/raw_expression,long_rvos,8093ebd9a3,3,8,static,A person on the right top of a tank.,raw_expression,A person on the right top of a tank.,2,1,0.2895595612187181,0.4111403216152921,0.35034994141700515,1,0,0,"[{""track_id"":0,""confidence"":0.675126850605011,""J"":0.09521171980040294,""F"":0.23825746260723055,""J_and_F"":0.16673459120381673},{""track_id"":1,""confidence"":0.7104072570800781,""J"":0.2895595612187181,""F"":0.4111403216152921,""J_and_F"":0.35034994141700515}]"
long_rvos/8093ebd9a3/3/8/concept,long_rvos,8093ebd9a3,3,8,static,A person on the right top of a tank.,concept,person,3,2,0.537562627596758,0.6699645528328755,0.6037635902148167,1,1,0,"[{""track_id"":0,""confidence"":0.7419355511665344,""J"":0.1646104238727865,""F"":0.49061508436139767,""J_and_F"":0.32761275411709206},{""track_id"":1,""confidence"":0.6640419960021973,""J"":0.09375,""F"":0.09375,""J_and_F"":0.09375},{""track_id"":2,""confidence"":0.675126850605011,""J"":0.537562627596758,""F"":0.6699645528328755,""J_and_F"":0.6037635902148167}]"
long_rvos/8093ebd9a3/3/8/qwen_concept,long_rvos,8093ebd9a3,3,8,static,A person on the right top of a tank.,qwen_concept,person,3,2,0.537562627596758,0.6699645528328755,0.6037635902148167,1,1,0,"[{""track_id"":0,""confidence"":0.7419355511665344,""J"":0.1646104238727865,""F"":0.49061508436139767,""J_and_F"":0.32761275411709206},{""track_id"":1,""confidence"":0.6640419960021973,""J"":0.09375,""F"":0.09375,""J_and_F"":0.09375},{""track_id"":2,""confidence"":0.675126850605011,""J"":0.537562627596758,""F"":0.6699645528328755,""J_and_F"":0.6037635902148167}]"
long_rvos/a500f0e77c/1/1/raw_expression,long_rvos,a500f0e77c,1,1,dynamic,"A girl runs around the living room, then lies down on the floor before getting up and sitting on a toy car, and continues running around.",raw_expression,"A girl runs around the living room, then lies down on the floor before getting up and sitting on a toy car, and continues running around.",0,,0.0,0.0,0.0,0,0,0,[]
long_rvos/a500f0e77c/1/1/concept,long_rvos,a500f0e77c,1,1,dynamic,"A girl runs around the living room, then lies down on the floor before getting up and sitting on a toy car, and continues running around.",concept,girl,3,0,0.8474950233478946,0.8627815042143929,0.8551382637811438,1,1,1,"[{""track_id"":0,""confidence"":0.921951174736023,""J"":0.8474950233478946,""F"":0.8627815042143929,""J_and_F"":0.8551382637811438},{""track_id"":1,""confidence"":null,""J"":0.046875,""F"":0.046875,""J_and_F"":0.046875},{""track_id"":2,""confidence"":0.8048780560493469,""J"":0.046875,""F"":0.046875,""J_and_F"":0.046875}]"
long_rvos/a500f0e77c/1/1/qwen_concept,long_rvos,a500f0e77c,1,1,dynamic,"A girl runs around the living room, then lies down on the floor before getting up and sitting on a toy car, and continues running around.",qwen_concept,girl,3,0,0.8474950233478946,0.8627815042143929,0.8551382637811438,1,1,1,"[{""track_id"":0,""confidence"":0.921951174736023,""J"":0.8474950233478946,""F"":0.8627815042143929,""J_and_F"":0.8551382637811438},{""track_id"":1,""confidence"":null,""J"":0.046875,""F"":0.046875,""J_and_F"":0.046875},{""track_id"":2,""confidence"":0.8048780560493469,""J"":0.046875,""F"":0.046875,""J_and_F"":0.046875}]"
long_rvos/a500f0e77c/1/4/raw_expression,long_rvos,a500f0e77c,1,4,hybrid,"A little girl wearing red clothes, spinning in circles and running around.",raw_expression,"A little girl wearing red clothes, spinning in circles and running around.",0,,0.0,0.0,0.0,0,0,0,[]
long_rvos/a500f0e77c/1/4/concept,long_rvos,a500f0e77c,1,4,hybrid,"A little girl wearing red clothes, spinning in circles and running around.",concept,little girl,3,0,0.838084990770637,0.8524063457079699,0.8452456682393035,1,1,1,"[{""track_id"":0,""confidence"":0.9532163739204407,""J"":0.838084990770637,""F"":0.8524063457079699,""J_and_F"":0.8452456682393035},{""track_id"":1,""confidence"":0.7460317611694336,""J"":0.04856695853714055,""F"":0.06862145962112282,""J_and_F"":0.05859420907913168},{""track_id"":3,""confidence"":0.7064220309257507,""J"":0.04698020021261517,""F"":0.05703160094096508,""J_and_F"":0.05200590057679012}]"
long_rvos/a500f0e77c/1/4/qwen_concept,long_rvos,a500f0e77c,1,4,hybrid,"A little girl wearing red clothes, spinning in circles and running around.",qwen_concept,girl,3,0,0.8474950233478946,0.8627815042143929,0.8551382637811438,1,1,1,"[{""track_id"":0,""confidence"":0.921951174736023,""J"":0.8474950233478946,""F"":0.8627815042143929,""J_and_F"":0.8551382637811438},{""track_id"":1,""confidence"":null,""J"":0.046875,""F"":0.046875,""J_and_F"":0.046875},{""track_id"":2,""confidence"":0.8048780560493469,""J"":0.046875,""F"":0.046875,""J_and_F"":0.046875}]"
long_rvos/a500f0e77c/1/0/raw_expression,long_rvos,a500f0e77c,1,0,static,A little girl wearing pink clothes.,raw_expression,A little girl wearing pink clothes.,1,0,0.685246953942273,0.7043321679054064,0.6947895609238397,1,1,0,"[{""track_id"":0,""confidence"":0.6878048777580261,""J"":0.685246953942273,""F"":0.7043321679054064,""J_and_F"":0.6947895609238397}]"
long_rvos/a500f0e77c/1/0/concept,long_rvos,a500f0e77c,1,0,static,A little girl wearing pink clothes.,concept,little girl,3,0,0.838084990770637,0.8524063457079699,0.8452456682393035,1,1,1,"[{""track_id"":0,""confidence"":0.9532163739204407,""J"":0.838084990770637,""F"":0.8524063457079699,""J_and_F"":0.8452456682393035},{""track_id"":1,""confidence"":0.7460317611694336,""J"":0.04856695853714055,""F"":0.06862145962112282,""J_and_F"":0.05859420907913168},{""track_id"":3,""confidence"":0.7064220309257507,""J"":0.04698020021261517,""F"":0.05703160094096508,""J_and_F"":0.05200590057679012}]"
long_rvos/a500f0e77c/1/0/qwen_concept,long_rvos,a500f0e77c,1,0,static,A little girl wearing pink clothes.,qwen_concept,girl,3,0,0.8474950233478946,0.8627815042143929,0.8551382637811438,1,1,1,"[{""track_id"":0,""confidence"":0.921951174736023,""J"":0.8474950233478946,""F"":0.8627815042143929,""J_and_F"":0.8551382637811438},{""track_id"":1,""confidence"":null,""J"":0.046875,""F"":0.046875,""J_and_F"":0.046875},{""track_id"":2,""confidence"":0.8048780560493469,""J"":0.046875,""F"":0.046875,""J_and_F"":0.046875}]"
long_rvos/939b6aed6d/7/26/raw_expression,long_rvos,939b6aed6d,7,26,dynamic,"The man is watching a band perform, occasionally turning his head.",raw_expression,"The man is watching a band perform, occasionally turning his head.",5,0,0.15625,0.15625,0.15625,0,0,0,"[{""track_id"":0,""confidence"":null,""J"":0.15625,""F"":0.15625,""J_and_F"":0.15625},{""track_id"":1,""confidence"":null,""J"":0.15625,""F"":0.15625,""J_and_F"":0.15625},{""track_id"":2,""confidence"":0.7815700173377991,""J"":0.15625,""F"":0.15625,""J_and_F"":0.15625},{""track_id"":4,""confidence"":null,""J"":0.15625,""F"":0.15625,""J_and_F"":0.15625},{""track_id"":5,""confidence"":null,""J"":0.15625,""F"":0.15625,""J_and_F"":0.15625}]"
long_rvos/939b6aed6d/7/26/concept,long_rvos,939b6aed6d,7,26,dynamic,"The man is watching a band perform, occasionally turning his head.",concept,man,15,0,0.821840357469651,0.7978386520828435,0.8098395047762472,1,1,1,"[{""track_id"":0,""confidence"":0.7419355511665344,""J"":0.821840357469651,""F"":0.7978386520828435,""J_and_F"":0.8098395047762472},{""track_id"":1,""confidence"":0.859649121761322,""J"":0.00011166928391688561,""F"":0.027119912103776296,""J_and_F"":0.01361579069384659},{""track_id"":2,""confidence"":0.7419355511665344,""J"":0.0,""F"":0.0,""J_and_F"":0.0},{""track_id"":3,""confidence"":0.7852349281311035,""J"":0.002686868514981022,""F"":0.07038525975561924,""J_and_F"":0.03653606413530013},{""track_id"":4,""confidence"":0.7575758099555969,""J"":0.15625,""F"":0.15625,""J_and_F"":0.15625},{""track_id"":5,""confidence"":0.7575758099555969,""J"":1.430638796458149e-05,""F"":0.008558514717002148,""J_and_F"":0.004286410552483365},{""track_id"":6,""confidence"":0.8083832263946533,""J"":0.15625,""F"":0.15625,""J_and_F"":0.15625},{""track_id"":7,""confidence"":0.7620818018913269,""J"":0.15627270914569302,""F"":0.15767916447684283,""J_and_F"":0.15697593681126792},{""track_id"":8,""confidence"":0.7460317611694336,""J"":0.07813209136293814,""F"":0.08291011305838582,""J_and_F"":0.08052110221066197},{""track_id"":9,""confidence"":null,""J"":0.15625,""F"":0.15625,""J_and_F"":0.15625},{""track_id"":10,""confidence"":null,""J"":0.15625,""F"":0.15625,""J_and_F"":0.15625},{""track_id"":11,""confidence"":0.7229437232017517,""J"":0.15625,""F"":0.15625,""J_and_F"":0.15625},{""track_id"":13,""confidence"":0.7730495929718018,""J"":0.15625,""F"":0.15625,""J_and_F"":0.15625},{""track_id"":14,""confidence"":0.6800000071525574,""J"":0.15630137610835246,""F"":0.17240765150691795,""J_and_F"":0.16435451380763522},{""track_id"":16,""confidence"":0.6995305418968201,""J"":0.15625,""F"":0.15625,""J_and_F"":0.15625}]"
long_rvos/939b6aed6d/7/26/qwen_concept,long_rvos,939b6aed6d,7,26,dynamic,"The man is watching a band perform, occasionally turning his head.",qwen_concept,man,15,0,0.821840357469651,0.7978386520828435,0.8098395047762472,1,1,1,"[{""track_id"":0,""confidence"":0.7419355511665344,""J"":0.821840357469651,""F"":0.7978386520828435,""J_and_F"":0.8098395047762472},{""track_id"":1,""confidence"":0.859649121761322,""J"":0.00011166928391688561,""F"":0.027119912103776296,""J_and_F"":0.01361579069384659},{""track_id"":2,""confidence"":0.7419355511665344,""J"":0.0,""F"":0.0,""J_and_F"":0.0},{""track_id"":3,""confidence"":0.7852349281311035,""J"":0.002686868514981022,""F"":0.07038525975561924,""J_and_F"":0.03653606413530013},{""track_id"":4,""confidence"":0.7575758099555969,""J"":0.15625,""F"":0.15625,""J_and_F"":0.15625},{""track_id"":5,""confidence"":0.7575758099555969,""J"":1.430638796458149e-05,""F"":0.008558514717002148,""J_and_F"":0.004286410552483365},{""track_id"":6,""confidence"":0.8083832263946533,""J"":0.15625,""F"":0.15625,""J_and_F"":0.15625},{""track_id"":7,""confidence"":0.7620818018913269,""J"":0.15627270914569302,""F"":0.15767916447684283,""J_and_F"":0.15697593681126792},{""track_id"":8,""confidence"":0.7460317611694336,""J"":0.07813209136293814,""F"":0.08291011305838582,""J_and_F"":0.08052110221066197},{""track_id"":9,""confidence"":null,""J"":0.15625,""F"":0.15625,""J_and_F"":0.15625},{""track_id"":10,""confidence"":null,""J"":0.15625,""F"":0.15625,""J_and_F"":0.15625},{""track_id"":11,""confidence"":0.7229437232017517,""J"":0.15625,""F"":0.15625,""J_and_F"":0.15625},{""track_id"":13,""confidence"":0.7730495929718018,""J"":0.15625,""F"":0.15625,""J_and_F"":0.15625},{""track_id"":14,""confidence"":0.6800000071525574,""J"":0.15630137610835246,""F"":0.17240765150691795,""J_and_F"":0.16435451380763522},{""track_id"":16,""confidence"":0.6995305418968201,""J"":0.15625,""F"":0.15625,""J_and_F"":0.15625}]"
long_rvos/939b6aed6d/7/33/raw_expression,long_rvos,939b6aed6d,7,33,hybrid,"A man in a black coat watches the band perform, occasionally turning his head.",raw_expression,"A man in a black coat watches the band perform, occasionally turning his head.",1,1,0.15625,0.15625,0.15625,0,0,0,"[{""track_id"":1,""confidence"":0.6683937907218933,""J"":0.15625,""F"":0.15625,""J_and_F"":0.15625}]"
long_rvos/939b6aed6d/7/33/concept,long_rvos,939b6aed6d,7,33,hybrid,"A man in a black coat watches the band perform, occasionally turning his head.",concept,man,15,0,0.821840357469651,0.7978386520828435,0.8098395047762472,1,1,1,"[{""track_id"":0,""confidence"":0.7419355511665344,""J"":0.821840357469651,""F"":0.7978386520828435,""J_and_F"":0.8098395047762472},{""track_id"":1,""confidence"":0.859649121761322,""J"":0.00011166928391688561,""F"":0.027119912103776296,""J_and_F"":0.01361579069384659},{""track_id"":2,""confidence"":0.7419355511665344,""J"":0.0,""F"":0.0,""J_and_F"":0.0},{""track_id"":3,""confidence"":0.7852349281311035,""J"":0.002686868514981022,""F"":0.07038525975561924,""J_and_F"":0.03653606413530013},{""track_id"":4,""confidence"":0.7575758099555969,""J"":0.15625,""F"":0.15625,""J_and_F"":0.15625},{""track_id"":5,""confidence"":0.7575758099555969,""J"":1.430638796458149e-05,""F"":0.008558514717002148,""J_and_F"":0.004286410552483365},{""track_id"":6,""confidence"":0.8083832263946533,""J"":0.15625,""F"":0.15625,""J_and_F"":0.15625},{""track_id"":7,""confidence"":0.7620818018913269,""J"":0.15627270914569302,""F"":0.15767916447684283,""J_and_F"":0.15697593681126792},{""track_id"":8,""confidence"":0.7460317611694336,""J"":0.07813209136293814,""F"":0.08291011305838582,""J_and_F"":0.08052110221066197},{""track_id"":9,""confidence"":null,""J"":0.15625,""F"":0.15625,""J_and_F"":0.15625},{""track_id"":10,""confidence"":null,""J"":0.15625,""F"":0.15625,""J_and_F"":0.15625},{""track_id"":11,""confidence"":0.7229437232017517,""J"":0.15625,""F"":0.15625,""J_and_F"":0.15625},{""track_id"":13,""confidence"":0.7730495929718018,""J"":0.15625,""F"":0.15625,""J_and_F"":0.15625},{""track_id"":14,""confidence"":0.6800000071525574,""J"":0.15630137610835246,""F"":0.17240765150691795,""J_and_F"":0.16435451380763522},{""track_id"":16,""confidence"":0.6995305418968201,""J"":0.15625,""F"":0.15625,""J_and_F"":0.15625}]"
long_rvos/939b6aed6d/7/33/qwen_concept,long_rvos,939b6aed6d,7,33,hybrid,"A man in a black coat watches the band perform, occasionally turning his head.",qwen_concept,man in a black coat,1,0,0.15625,0.15625,0.15625,0,0,0,"[{""track_id"":0,""confidence"":0.7730495929718018,""J"":0.15625,""F"":0.15625,""J_and_F"":0.15625}]"
long_rvos/939b6aed6d/7/24/raw_expression,long_rvos,939b6aed6d,7,24,static,A man sitting in the audience.,raw_expression,A man sitting in the audience.,8,0,0.649882258707571,0.6613568373556645,0.6556195480316178,1,1,0,"[{""track_id"":0,""confidence"":0.7229437232017517,""J"":0.649882258707571,""F"":0.6613568373556645,""J_and_F"":0.6556195480316178},{""track_id"":1,""confidence"":0.7037037014961243,""J"":0.15625,""F"":0.15625,""J_and_F"":0.15625},{""track_id"":2,""confidence"":0.827957034111023,""J"":0.3368815466313676,""F"":0.37635024247629867,""J_and_F"":0.35661589455383313},{""track_id"":3,""confidence"":null,""J"":0.15625,""F"":0.15625,""J_and_F"":0.15625},{""track_id"":4,""confidence"":0.6559139490127563,""J"":0.15625043958980994,""F"":0.15635724740082768,""J_and_F"":0.1563038434953188},{""track_id"":5,""confidence"":0.7387754917144775,""J"":0.15625,""F"":0.15625,""J_and_F"":0.15625},{""track_id"":6,""confidence"":0.6878048777580261,""J"":0.15625,""F"":0.15625,""J_and_F"":0.15625},{""track_id"":7,""confidence"":0.6604774594306946,""J"":0.15625,""F"":0.15625,""J_and_F"":0.15625}]"
long_rvos/939b6aed6d/7/24/concept,long_rvos,939b6aed6d,7,24,static,A man sitting in the audience.,concept,man,15,0,0.821840357469651,0.7978386520828435,0.8098395047762472,1,1,1,"[{""track_id"":0,""confidence"":0.7419355511665344,""J"":0.821840357469651,""F"":0.7978386520828435,""J_and_F"":0.8098395047762472},{""track_id"":1,""confidence"":0.859649121761322,""J"":0.00011166928391688561,""F"":0.027119912103776296,""J_and_F"":0.01361579069384659},{""track_id"":2,""confidence"":0.7419355511665344,""J"":0.0,""F"":0.0,""J_and_F"":0.0},{""track_id"":3,""confidence"":0.7852349281311035,""J"":0.002686868514981022,""F"":0.07038525975561924,""J_and_F"":0.03653606413530013},{""track_id"":4,""confidence"":0.7575758099555969,""J"":0.15625,""F"":0.15625,""J_and_F"":0.15625},{""track_id"":5,""confidence"":0.7575758099555969,""J"":1.430638796458149e-05,""F"":0.008558514717002148,""J_and_F"":0.004286410552483365},{""track_id"":6,""confidence"":0.8083832263946533,""J"":0.15625,""F"":0.15625,""J_and_F"":0.15625},{""track_id"":7,""confidence"":0.7620818018913269,""J"":0.15627270914569302,""F"":0.15767916447684283,""J_and_F"":0.15697593681126792},{""track_id"":8,""confidence"":0.7460317611694336,""J"":0.07813209136293814,""F"":0.08291011305838582,""J_and_F"":0.08052110221066197},{""track_id"":9,""confidence"":null,""J"":0.15625,""F"":0.15625,""J_and_F"":0.15625},{""track_id"":10,""confidence"":null,""J"":0.15625,""F"":0.15625,""J_and_F"":0.15625},{""track_id"":11,""confidence"":0.7229437232017517,""J"":0.15625,""F"":0.15625,""J_and_F"":0.15625},{""track_id"":13,""confidence"":0.7730495929718018,""J"":0.15625,""F"":0.15625,""J_and_F"":0.15625},{""track_id"":14,""confidence"":0.6800000071525574,""J"":0.15630137610835246,""F"":0.17240765150691795,""J_and_F"":0.16435451380763522},{""track_id"":16,""confidence"":0.6995305418968201,""J"":0.15625,""F"":0.15625,""J_and_F"":0.15625}]"
long_rvos/939b6aed6d/7/24/qwen_concept,long_rvos,939b6aed6d,7,24,static,A man sitting in the audience.,qwen_concept,man,15,0,0.821840357469651,0.7978386520828435,0.8098395047762472,1,1,1,"[{""track_id"":0,""confidence"":0.7419355511665344,""J"":0.821840357469651,""F"":0.7978386520828435,""J_and_F"":0.8098395047762472},{""track_id"":1,""confidence"":0.859649121761322,""J"":0.00011166928391688561,""F"":0.027119912103776296,""J_and_F"":0.01361579069384659},{""track_id"":2,""confidence"":0.7419355511665344,""J"":0.0,""F"":0.0,""J_and_F"":0.0},{""track_id"":3,""confidence"":0.7852349281311035,""J"":0.002686868514981022,""F"":0.07038525975561924,""J_and_F"":0.03653606413530013},{""track_id"":4,""confidence"":0.7575758099555969,""J"":0.15625,""F"":0.15625,""J_and_F"":0.15625},{""track_id"":5,""confidence"":0.7575758099555969,""J"":1.430638796458149e-05,""F"":0.008558514717002148,""J_and_F"":0.004286410552483365},{""track_id"":6,""confidence"":0.8083832263946533,""J"":0.15625,""F"":0.15625,""J_and_F"":0.15625},{""track_id"":7,""confidence"":0.7620818018913269,""J"":0.15627270914569302,""F"":0.15767916447684283,""J_and_F"":0.15697593681126792},{""track_id"":8,""confidence"":0.7460317611694336,""J"":0.07813209136293814,""F"":0.08291011305838582,""J_and_F"":0.08052110221066197},{""track_id"":9,""confidence"":null,""J"":0.15625,""F"":0.15625,""J_and_F"":0.15625},{""track_id"":10,""confidence"":null,""J"":0.15625,""F"":0.15625,""J_and_F"":0.15625},{""track_id"":11,""confidence"":0.7229437232017517,""J"":0.15625,""F"":0.15625,""J_and_F"":0.15625},{""track_id"":13,""confidence"":0.7730495929718018,""J"":0.15625,""F"":0.15625,""J_and_F"":0.15625},{""track_id"":14,""confidence"":0.6800000071525574,""J"":0.15630137610835246,""F"":0.17240765150691795,""J_and_F"":0.16435451380763522},{""track_id"":16,""confidence"":0.6995305418968201,""J"":0.15625,""F"":0.15625,""J_and_F"":0.15625}]"
long_rvos/939b6aed6d/7/25/raw_expression,long_rvos,939b6aed6d,7,25,static,"A short-haired man in a black coat, with a band in front of him and a few people watching the performance on the right.",raw_expression,"A short-haired man in a black coat, with a band in front of him and a few people watching the performance on the right.",0,,0.0,0.0,0.0,0,0,0,[]
long_rvos/939b6aed6d/7/25/concept,long_rvos,939b6aed6d,7,25,static,"A short-haired man in a black coat, with a band in front of him and a few people watching the performance on the right.",concept,short haired man,2,1,0.18651605154286477,0.18724167835264593,0.18687886494775535,0,0,0,"[{""track_id"":0,""confidence"":0.7887788414955139,""J"":0.15625,""F"":0.15625,""J_and_F"":0.15625},{""track_id"":1,""confidence"":0.7460317611694336,""J"":0.18651605154286477,""F"":0.18724167835264593,""J_and_F"":0.18687886494775535}]"
long_rvos/939b6aed6d/7/25/qwen_concept,long_rvos,939b6aed6d,7,25,static,"A short-haired man in a black coat, with a band in front of him and a few people watching the performance on the right.",qwen_concept,man,15,0,0.821840357469651,0.7978386520828435,0.8098395047762472,1,1,1,"[{""track_id"":0,""confidence"":0.7419355511665344,""J"":0.821840357469651,""F"":0.7978386520828435,""J_and_F"":0.8098395047762472},{""track_id"":1,""confidence"":0.859649121761322,""J"":0.00011166928391688561,""F"":0.027119912103776296,""J_and_F"":0.01361579069384659},{""track_id"":2,""confidence"":0.7419355511665344,""J"":0.0,""F"":0.0,""J_and_F"":0.0},{""track_id"":3,""confidence"":0.7852349281311035,""J"":0.002686868514981022,""F"":0.07038525975561924,""J_and_F"":0.03653606413530013},{""track_id"":4,""confidence"":0.7575758099555969,""J"":0.15625,""F"":0.15625,""J_and_F"":0.15625},{""track_id"":5,""confidence"":0.7575758099555969,""J"":1.430638796458149e-05,""F"":0.008558514717002148,""J_and_F"":0.004286410552483365},{""track_id"":6,""confidence"":0.8083832263946533,""J"":0.15625,""F"":0.15625,""J_and_F"":0.15625},{""track_id"":7,""confidence"":0.7620818018913269,""J"":0.15627270914569302,""F"":0.15767916447684283,""J_and_F"":0.15697593681126792},{""track_id"":8,""confidence"":0.7460317611694336,""J"":0.07813209136293814,""F"":0.08291011305838582,""J_and_F"":0.08052110221066197},{""track_id"":9,""confidence"":null,""J"":0.15625,""F"":0.15625,""J_and_F"":0.15625},{""track_id"":10,""confidence"":null,""J"":0.15625,""F"":0.15625,""J_and_F"":0.15625},{""track_id"":11,""confidence"":0.7229437232017517,""J"":0.15625,""F"":0.15625,""J_and_F"":0.15625},{""track_id"":13,""confidence"":0.7730495929718018,""J"":0.15625,""F"":0.15625,""J_and_F"":0.15625},{""track_id"":14,""confidence"":0.6800000071525574,""J"":0.15630137610835246,""F"":0.17240765150691795,""J_and_F"":0.16435451380763522},{""track_id"":16,""confidence"":0.6995305418968201,""J"":0.15625,""F"":0.15625,""J_and_F"":0.15625}]"
long_rvos/ddc213ba3f/2/3/raw_expression,long_rvos,ddc213ba3f,2,3,dynamic,"The baby is crawling on the carpet, playing with toys, then is picked up by the man and seated, before lying down again on the carpet.",raw_expression,"The baby is crawling on the carpet, playing with toys, then is picked up by the man and seated, before lying down again on the carpet.",0,,0.0,0.0,0.0,0,0,0,[]
long_rvos/ddc213ba3f/2/3/concept,long_rvos,ddc213ba3f,2,3,dynamic,"The baby is crawling on the carpet, playing with toys, then is picked up by the man and seated, before lying down again on the carpet.",concept,baby,3,0,0.9343576819562658,0.8858119992450076,0.9100848406006368,1,1,1,"[{""track_id"":0,""confidence"":0.9101123809814453,""J"":0.9343576819562658,""F"":0.8858119992450076,""J_and_F"":0.9100848406006368},{""track_id"":1,""confidence"":null,""J"":0.0,""F"":0.0,""J_and_F"":0.0},{""track_id"":3,""confidence"":0.6683937907218933,""J"":0.0,""F"":0.0,""J_and_F"":0.0}]"
long_rvos/ddc213ba3f/2/3/qwen_concept,long_rvos,ddc213ba3f,2,3,dynamic,"The baby is crawling on the carpet, playing with toys, then is picked up by the man and seated, before lying down again on the carpet.",qwen_concept,baby,3,0,0.9343576819562658,0.8858119992450076,0.9100848406006368,1,1,1,"[{""track_id"":0,""confidence"":0.9101123809814453,""J"":0.9343576819562658,""F"":0.8858119992450076,""J_and_F"":0.9100848406006368},{""track_id"":1,""confidence"":null,""J"":0.0,""F"":0.0,""J_and_F"":0.0},{""track_id"":3,""confidence"":0.6683937907218933,""J"":0.0,""F"":0.0,""J_and_F"":0.0}]"
long_rvos/ddc213ba3f/2/19/raw_expression,long_rvos,ddc213ba3f,2,19,hybrid,"A baby in green pajamas crawls, plays with toys, is seated by a man, and lies down again.",raw_expression,"A baby in green pajamas crawls, plays with toys, is seated by a man, and lies down again.",1,0,0.0288569680788796,0.025341217058262547,0.027099092568571074,0,0,0,"[{""track_id"":0,""confidence"":0.6831682920455933,""J"":0.0288569680788796,""F"":0.025341217058262547,""J_and_F"":0.027099092568571074}]"
long_rvos/ddc213ba3f/2/19/concept,long_rvos,ddc213ba3f,2,19,hybrid,"A baby in green pajamas crawls, plays with toys, is seated by a man, and lies down again.",concept,baby,3,0,0.9343576819562658,0.8858119992450076,0.9100848406006368,1,1,1,"[{""track_id"":0,""confidence"":0.9101123809814453,""J"":0.9343576819562658,""F"":0.8858119992450076,""J_and_F"":0.9100848406006368},{""track_id"":1,""confidence"":null,""J"":0.0,""F"":0.0,""J_and_F"":0.0},{""track_id"":3,""confidence"":0.6683937907218933,""J"":0.0,""F"":0.0,""J_and_F"":0.0}]"
long_rvos/ddc213ba3f/2/19/qwen_concept,long_rvos,ddc213ba3f,2,19,hybrid,"A baby in green pajamas crawls, plays with toys, is seated by a man, and lies down again.",qwen_concept,baby,3,0,0.9343576819562658,0.8858119992450076,0.9100848406006368,1,1,1,"[{""track_id"":0,""confidence"":0.9101123809814453,""J"":0.9343576819562658,""F"":0.8858119992450076,""J_and_F"":0.9100848406006368},{""track_id"":1,""confidence"":null,""J"":0.0,""F"":0.0,""J_and_F"":0.0},{""track_id"":3,""confidence"":0.6683937907218933,""J"":0.0,""F"":0.0,""J_and_F"":0.0}]"
long_rvos/ddc213ba3f/2/2/raw_expression,long_rvos,ddc213ba3f,2,2,static,"A baby in green pajamas on a carpet, with a man in a blue short-sleeve shirt and shorts and many toys in front.",raw_expression,"A baby in green pajamas on a carpet, with a man in a blue short-sleeve shirt and shorts and many toys in front.",2,1,0.667496376896726,0.6300844236785504,0.6487904002876382,1,1,0,"[{""track_id"":0,""confidence"":null,""J"":0.0,""F"":0.0,""J_and_F"":0.0},{""track_id"":1,""confidence"":0.8241757750511169,""J"":0.667496376896726,""F"":0.6300844236785504,""J_and_F"":0.6487904002876382}]"
long_rvos/ddc213ba3f/2/2/concept,long_rvos,ddc213ba3f,2,2,static,"A baby in green pajamas on a carpet, with a man in a blue short-sleeve shirt and shorts and many toys in front.",concept,baby,3,0,0.9343576819562658,0.8858119992450076,0.9100848406006368,1,1,1,"[{""track_id"":0,""confidence"":0.9101123809814453,""J"":0.9343576819562658,""F"":0.8858119992450076,""J_and_F"":0.9100848406006368},{""track_id"":1,""confidence"":null,""J"":0.0,""F"":0.0,""J_and_F"":0.0},{""track_id"":3,""confidence"":0.6683937907218933,""J"":0.0,""F"":0.0,""J_and_F"":0.0}]"
long_rvos/ddc213ba3f/2/2/qwen_concept,long_rvos,ddc213ba3f,2,2,static,"A baby in green pajamas on a carpet, with a man in a blue short-sleeve shirt and shorts and many toys in front.",qwen_concept,baby,3,0,0.9343576819562658,0.8858119992450076,0.9100848406006368,1,1,1,"[{""track_id"":0,""confidence"":0.9101123809814453,""J"":0.9343576819562658,""F"":0.8858119992450076,""J_and_F"":0.9100848406006368},{""track_id"":1,""confidence"":null,""J"":0.0,""F"":0.0,""J_and_F"":0.0},{""track_id"":3,""confidence"":0.6683937907218933,""J"":0.0,""F"":0.0,""J_and_F"":0.0}]"
long_rvos/6a1db02e31/2/5/raw_expression,long_rvos,6a1db02e31,2,5,dynamic,"The boy looks at the girl, holds the girl who is leaping toward him with his hands, and gives a thumbs up.",raw_expression,"The boy looks at the girl, holds the girl who is leaping toward him with his hands, and gives a thumbs up.",0,,0.0,0.0,0.0,0,0,0,[]
long_rvos/6a1db02e31/2/5/concept,long_rvos,6a1db02e31,2,5,dynamic,"The boy looks at the girl, holds the girl who is leaping toward him with his hands, and gives a thumbs up.",concept,boy,6,6,0.8599391701516366,0.8568192308325026,0.8583792004920696,1,1,1,"[{""track_id"":0,""confidence"":null,""J"":0.65625,""F"":0.65625,""J_and_F"":0.65625},{""track_id"":1,""confidence"":0.7852349281311035,""J"":0.640625,""F"":0.640625,""J_and_F"":0.640625},{""track_id"":2,""confidence"":0.941605806350708,""J"":0.38456059290280054,""F"":0.4327190519064391,""J_and_F"":0.4086398224046198},{""track_id"":4,""confidence"":0.7344398498535156,""J"":0.715987420985915,""F"":0.7134126198115815,""J_and_F"":0.7147000203987482},{""track_id"":5,""confidence"":0.9024390578269958,""J"":0.6684326899522313,""F"":0.6617404958118632,""J_and_F"":0.6650865928820473},{""track_id"":6,""confidence"":0.7815700173377991,""J"":0.8599391701516366,""F"":0.8568192308325026,""J_and_F"":0.8583792004920696}]"
long_rvos/6a1db02e31/2/5/qwen_concept,long_rvos,6a1db02e31,2,5,dynamic,"The boy looks at the girl, holds the girl who is leaping toward him with his hands, and gives a thumbs up.",qwen_concept,girl,6,5,0.8458835310656766,0.8500159825627978,0.8479497568142371,1,1,1,"[{""track_id"":0,""confidence"":0.8632478713989258,""J"":0.18256312928303026,""F"":0.17763650297221995,""J_and_F"":0.1800998161276251},{""track_id"":1,""confidence"":0.6683937907218933,""J"":0.625,""F"":0.625,""J_and_F"":0.625},{""track_id"":2,""confidence"":0.8552036285400391,""J"":0.6684480953839869,""F"":0.6617901121084053,""J_and_F"":0.6651191037461961},{""track_id"":3,""confidence"":null,""J"":0.65625,""F"":0.65625,""J_and_F"":0.65625},{""track_id"":4,""confidence"":0.8750000596046448,""J"":0.6643540886077361,""F"":0.7093378762260996,""J_and_F"":0.6868459824169179},{""track_id"":5,""confidence"":0.8476190567016602,""J"":0.8458835310656766,""F"":0.8500159825627978,""J_and_F"":0.8479497568142371}]"
long_rvos/6a1db02e31/2/7/raw_expression,long_rvos,6a1db02e31,2,7,dynamic,The boy picks up the girl.,raw_expression,The boy picks up the girl.,0,,0.0,0.0,0.0,0,0,0,[]
long_rvos/6a1db02e31/2/7/concept,long_rvos,6a1db02e31,2,7,dynamic,The boy picks up the girl.,concept,boy,6,6,0.8599391701516366,0.8568192308325026,0.8583792004920696,1,1,1,"[{""track_id"":0,""confidence"":null,""J"":0.65625,""F"":0.65625,""J_and_F"":0.65625},{""track_id"":1,""confidence"":0.7852349281311035,""J"":0.640625,""F"":0.640625,""J_and_F"":0.640625},{""track_id"":2,""confidence"":0.941605806350708,""J"":0.38456059290280054,""F"":0.4327190519064391,""J_and_F"":0.4086398224046198},{""track_id"":4,""confidence"":0.7344398498535156,""J"":0.715987420985915,""F"":0.7134126198115815,""J_and_F"":0.7147000203987482},{""track_id"":5,""confidence"":0.9024390578269958,""J"":0.6684326899522313,""F"":0.6617404958118632,""J_and_F"":0.6650865928820473},{""track_id"":6,""confidence"":0.7815700173377991,""J"":0.8599391701516366,""F"":0.8568192308325026,""J_and_F"":0.8583792004920696}]"
long_rvos/6a1db02e31/2/7/qwen_concept,long_rvos,6a1db02e31,2,7,dynamic,The boy picks up the girl.,qwen_concept,girl,6,5,0.8458835310656766,0.8500159825627978,0.8479497568142371,1,1,1,"[{""track_id"":0,""confidence"":0.8632478713989258,""J"":0.18256312928303026,""F"":0.17763650297221995,""J_and_F"":0.1800998161276251},{""track_id"":1,""confidence"":0.6683937907218933,""J"":0.625,""F"":0.625,""J_and_F"":0.625},{""track_id"":2,""confidence"":0.8552036285400391,""J"":0.6684480953839869,""F"":0.6617901121084053,""J_and_F"":0.6651191037461961},{""track_id"":3,""confidence"":null,""J"":0.65625,""F"":0.65625,""J_and_F"":0.65625},{""track_id"":4,""confidence"":0.8750000596046448,""J"":0.6643540886077361,""F"":0.7093378762260996,""J_and_F"":0.6868459824169179},{""track_id"":5,""confidence"":0.8476190567016602,""J"":0.8458835310656766,""F"":0.8500159825627978,""J_and_F"":0.8479497568142371}]"
long_rvos/6a1db02e31/2/10/raw_expression,long_rvos,6a1db02e31,2,10,hybrid,A tall Black boy in white clothes catches a leaping girl and thumbs up on grass.,raw_expression,A tall Black boy in white clothes catches a leaping girl and thumbs up on grass.,0,,0.0,0.0,0.0,0,0,0,[]
long_rvos/6a1db02e31/2/10/concept,long_rvos,6a1db02e31,2,10,hybrid,A tall Black boy in white clothes catches a leaping girl and thumbs up on grass.,concept,tall Black boy,0,,0.0,0.0,0.0,0,0,0,[]
long_rvos/6a1db02e31/2/10/qwen_concept,long_rvos,6a1db02e31,2,10,hybrid,A tall Black boy in white clothes catches a leaping girl and thumbs up on grass.,qwen_concept,boy,6,6,0.8599391701516366,0.8568192308325026,0.8583792004920696,1,1,1,"[{""track_id"":0,""confidence"":null,""J"":0.65625,""F"":0.65625,""J_and_F"":0.65625},{""track_id"":1,""confidence"":0.7852349281311035,""J"":0.640625,""F"":0.640625,""J_and_F"":0.640625},{""track_id"":2,""confidence"":0.941605806350708,""J"":0.38456059290280054,""F"":0.4327190519064391,""J_and_F"":0.4086398224046198},{""track_id"":4,""confidence"":0.7344398498535156,""J"":0.715987420985915,""F"":0.7134126198115815,""J_and_F"":0.7147000203987482},{""track_id"":5,""confidence"":0.9024390578269958,""J"":0.6684326899522313,""F"":0.6617404958118632,""J_and_F"":0.6650865928820473},{""track_id"":6,""confidence"":0.7815700173377991,""J"":0.8599391701516366,""F"":0.8568192308325026,""J_and_F"":0.8583792004920696}]"
long_rvos/6a1db02e31/2/11/raw_expression,long_rvos,6a1db02e31,2,11,hybrid,A boy in a white shirt lifts a girl on a grassy field near another girl in white.,raw_expression,A boy in a white shirt lifts a girl on a grassy field near another girl in white.,0,,0.0,0.0,0.0,0,0,0,[]
long_rvos/6a1db02e31/2/11/concept,long_rvos,6a1db02e31,2,11,hybrid,A boy in a white shirt lifts a girl on a grassy field near another girl in white.,concept,boy,6,6,0.8599391701516366,0.8568192308325026,0.8583792004920696,1,1,1,"[{""track_id"":0,""confidence"":null,""J"":0.65625,""F"":0.65625,""J_and_F"":0.65625},{""track_id"":1,""confidence"":0.7852349281311035,""J"":0.640625,""F"":0.640625,""J_and_F"":0.640625},{""track_id"":2,""confidence"":0.941605806350708,""J"":0.38456059290280054,""F"":0.4327190519064391,""J_and_F"":0.4086398224046198},{""track_id"":4,""confidence"":0.7344398498535156,""J"":0.715987420985915,""F"":0.7134126198115815,""J_and_F"":0.7147000203987482},{""track_id"":5,""confidence"":0.9024390578269958,""J"":0.6684326899522313,""F"":0.6617404958118632,""J_and_F"":0.6650865928820473},{""track_id"":6,""confidence"":0.7815700173377991,""J"":0.8599391701516366,""F"":0.8568192308325026,""J_and_F"":0.8583792004920696}]"
long_rvos/6a1db02e31/2/11/qwen_concept,long_rvos,6a1db02e31,2,11,hybrid,A boy in a white shirt lifts a girl on a grassy field near another girl in white.,qwen_concept,boy,6,6,0.8599391701516366,0.8568192308325026,0.8583792004920696,1,1,1,"[{""track_id"":0,""confidence"":null,""J"":0.65625,""F"":0.65625,""J_and_F"":0.65625},{""track_id"":1,""confidence"":0.7852349281311035,""J"":0.640625,""F"":0.640625,""J_and_F"":0.640625},{""track_id"":2,""confidence"":0.941605806350708,""J"":0.38456059290280054,""F"":0.4327190519064391,""J_and_F"":0.4086398224046198},{""track_id"":4,""confidence"":0.7344398498535156,""J"":0.715987420985915,""F"":0.7134126198115815,""J_and_F"":0.7147000203987482},{""track_id"":5,""confidence"":0.9024390578269958,""J"":0.6684326899522313,""F"":0.6617404958118632,""J_and_F"":0.6650865928820473},{""track_id"":6,""confidence"":0.7815700173377991,""J"":0.8599391701516366,""F"":0.8568192308325026,""J_and_F"":0.8583792004920696}]"
long_rvos/6a1db02e31/2/4/raw_expression,long_rvos,6a1db02e31,2,4,static,"A tall Black boy wearing a white shirt, white pants, and black shoes.",raw_expression,"A tall Black boy wearing a white shirt, white pants, and black shoes.",0,,0.0,0.0,0.0,0,0,0,[]
long_rvos/6a1db02e31/2/4/concept,long_rvos,6a1db02e31,2,4,static,"A tall Black boy wearing a white shirt, white pants, and black shoes.",concept,tall Black boy,0,,0.0,0.0,0.0,0,0,0,[]
long_rvos/6a1db02e31/2/4/qwen_concept,long_rvos,6a1db02e31,2,4,static,"A tall Black boy wearing a white shirt, white pants, and black shoes.",qwen_concept,boy,6,6,0.8599391701516366,0.8568192308325026,0.8583792004920696,1,1,1,"[{""track_id"":0,""confidence"":null,""J"":0.65625,""F"":0.65625,""J_and_F"":0.65625},{""track_id"":1,""confidence"":0.7852349281311035,""J"":0.640625,""F"":0.640625,""J_and_F"":0.640625},{""track_id"":2,""confidence"":0.941605806350708,""J"":0.38456059290280054,""F"":0.4327190519064391,""J_and_F"":0.4086398224046198},{""track_id"":4,""confidence"":0.7344398498535156,""J"":0.715987420985915,""F"":0.7134126198115815,""J_and_F"":0.7147000203987482},{""track_id"":5,""confidence"":0.9024390578269958,""J"":0.6684326899522313,""F"":0.6617404958118632,""J_and_F"":0.6650865928820473},{""track_id"":6,""confidence"":0.7815700173377991,""J"":0.8599391701516366,""F"":0.8568192308325026,""J_and_F"":0.8583792004920696}]"
long_rvos/6a1db02e31/2/6/raw_expression,long_rvos,6a1db02e31,2,6,static,"A boy wearing a white shirt, in front of a girl wearing a white shirt, on a grassy field.",raw_expression,"A boy wearing a white shirt, in front of a girl wearing a white shirt, on a grassy field.",5,1,0.65625,0.65625,0.65625,1,1,0,"[{""track_id"":0,""confidence"":0.8632478713989258,""J"":0.165587298181628,""F"":0.17120538507385463,""J_and_F"":0.1683963416277413},{""track_id"":1,""confidence"":null,""J"":0.65625,""F"":0.65625,""J_and_F"":0.65625},{""track_id"":2,""confidence"":0.9609756469726562,""J"":0.609375,""F"":0.609375,""J_and_F"":0.609375},{""track_id"":3,""confidence"":null,""J"":0.65625,""F"":0.65625,""J_and_F"":0.65625},{""track_id"":4,""confidence"":0.7064220309257507,""J"":0.65625,""F"":0.65625,""J_and_F"":0.65625}]"
long_rvos/6a1db02e31/2/6/concept,long_rvos,6a1db02e31,2,6,static,"A boy wearing a white shirt, in front of a girl wearing a white shirt, on a grassy field.",concept,white shirt,9,5,0.681971260611749,0.6742007424809999,0.6780860015463744,1,1,0,"[{""track_id"":0,""confidence"":0.941605806350708,""J"":0.5515983978234583,""F"":0.5500066226870861,""J_and_F"":0.5508025102552723},{""track_id"":1,""confidence"":0.9179486632347107,""J"":0.296875,""F"":0.296875,""J_and_F"":0.296875},{""track_id"":2,""confidence"":null,""J"":0.65625,""F"":0.65625,""J_and_F"":0.65625},{""track_id"":3,""confidence"":0.9375000596046448,""J"":0.640625,""F"":0.640625,""J_and_F"":0.640625},{""track_id"":4,""confidence"":0.8241757750511169,""J"":0.5625,""F"":0.5625,""J_and_F"":0.5625},{""track_id"":5,""confidence"":0.8048780560493469,""J"":0.681971260611749,""F"":0.6742007424809999,""J_and_F"":0.6780860015463744},{""track_id"":7,""confidence"":0.9569892287254333,""J"":0.609375,""F"":0.609375,""J_and_F"":0.609375},{""track_id"":12,""confidence"":null,""J"":0.65625,""F"":0.65625,""J_and_F"":0.65625},{""track_id"":14,""confidence"":null,""J"":0.65625,""F"":0.65625,""J_and_F"":0.65625}]"
long_rvos/6a1db02e31/2/6/qwen_concept,long_rvos,6a1db02e31,2,6,static,"A boy wearing a white shirt, in front of a girl wearing a white shirt, on a grassy field.",qwen_concept,boy,6,6,0.8599391701516366,0.8568192308325026,0.8583792004920696,1,1,1,"[{""track_id"":0,""confidence"":null,""J"":0.65625,""F"":0.65625,""J_and_F"":0.65625},{""track_id"":1,""confidence"":0.7852349281311035,""J"":0.640625,""F"":0.640625,""J_and_F"":0.640625},{""track_id"":2,""confidence"":0.941605806350708,""J"":0.38456059290280054,""F"":0.4327190519064391,""J_and_F"":0.4086398224046198},{""track_id"":4,""confidence"":0.7344398498535156,""J"":0.715987420985915,""F"":0.7134126198115815,""J_and_F"":0.7147000203987482},{""track_id"":5,""confidence"":0.9024390578269958,""J"":0.6684326899522313,""F"":0.6617404958118632,""J_and_F"":0.6650865928820473},{""track_id"":6,""confidence"":0.7815700173377991,""J"":0.8599391701516366,""F"":0.8568192308325026,""J_and_F"":0.8583792004920696}]"
long_rvos/a8b6fd5e4d/2/5/raw_expression,long_rvos,a8b6fd5e4d,2,5,dynamic,"The baby and the man play together, with the man catching the baby once and then chasing after him.",raw_expression,"The baby and the man play together, with the man catching the baby once and then chasing after him.",0,,0.0,0.0,0.0,0,0,0,[]
long_rvos/a8b6fd5e4d/2/5/concept,long_rvos,a8b6fd5e4d,2,5,dynamic,"The baby and the man play together, with the man catching the baby once and then chasing after him.",concept,baby,2,0,0.7752003915415069,0.5068717166686911,0.641036054105099,1,1,0,"[{""track_id"":0,""confidence"":0.8947368264198303,""J"":0.7752003915415069,""F"":0.5068717166686911,""J_and_F"":0.641036054105099},{""track_id"":1,""confidence"":null,""J"":0.09375,""F"":0.09375,""J_and_F"":0.09375}]"
long_rvos/a8b6fd5e4d/2/5/qwen_concept,long_rvos,a8b6fd5e4d,2,5,dynamic,"The baby and the man play together, with the man catching the baby once and then chasing after him.",qwen_concept,baby,2,0,0.7752003915415069,0.5068717166686911,0.641036054105099,1,1,0,"[{""track_id"":0,""confidence"":0.8947368264198303,""J"":0.7752003915415069,""F"":0.5068717166686911,""J_and_F"":0.641036054105099},{""track_id"":1,""confidence"":null,""J"":0.09375,""F"":0.09375,""J_and_F"":0.09375}]"
long_rvos/a8b6fd5e4d/2/7/raw_expression,long_rvos,a8b6fd5e4d,2,7,dynamic,"The child crawls on the floor, then is picked up by the man, continues crawling, sits up for a moment, and then resumes crawling.",raw_expression,"The child crawls on the floor, then is picked up by the man, continues crawling, sits up for a moment, and then resumes crawling.",0,,0.0,0.0,0.0,0,0,0,[]
long_rvos/a8b6fd5e4d/2/7/concept,long_rvos,a8b6fd5e4d,2,7,dynamic,"The child crawls on the floor, then is picked up by the man, continues crawling, sits up for a moment, and then resumes crawling.",concept,child,9,0,0.5784207180619961,0.4491492031892161,0.5137849606256061,1,1,0,"[{""track_id"":0,""confidence"":0.9452055096626282,""J"":0.5784207180619961,""F"":0.4491492031892161,""J_and_F"":0.5137849606256061},{""track_id"":1,""confidence"":0.6683937907218933,""J"":0.09379347915046855,""F"":0.10106024706376689,""J_and_F"":0.09742686310711772},{""track_id"":2,""confidence"":0.7655677795410156,""J"":0.09375,""F"":0.09375,""J_and_F"":0.09375},{""track_id"":4,""confidence"":0.6559139490127563,""J"":0.09375,""F"":0.09375,""J_and_F"":0.09375},{""track_id"":5,""confidence"":0.8241757750511169,""J"":0.11796817861592053,""F"":0.11797483920925132,""J_and_F"":0.11797150891258593},{""track_id"":7,""confidence"":0.921951174736023,""J"":0.10820662319031957,""F"":0.1069790863100488,""J_and_F"":0.10759285475018418},{""track_id"":10,""confidence"":null,""J"":0.09375,""F"":0.09375,""J_and_F"":0.09375},{""track_id"":14,""confidence"":0.8904109597206116,""J"":0.09539303870885468,""F"":0.09659987904566456,""J_and_F"":0.09599645887725962},{""track_id"":16,""confidence"":-3332.7004219293594,""J"":0.1297985368320907,""F"":0.09671059871653237,""J_and_F"":0.11325456777431153}]"
long_rvos/a8b6fd5e4d/2/7/qwen_concept,long_rvos,a8b6fd5e4d,2,7,dynamic,"The child crawls on the floor, then is picked up by the man, continues crawling, sits up for a moment, and then resumes crawling.",qwen_concept,child,9,0,0.5784207180619961,0.4491492031892161,0.5137849606256061,1,1,0,"[{""track_id"":0,""confidence"":0.9452055096626282,""J"":0.5784207180619961,""F"":0.4491492031892161,""J_and_F"":0.5137849606256061},{""track_id"":1,""confidence"":0.6683937907218933,""J"":0.09379347915046855,""F"":0.10106024706376689,""J_and_F"":0.09742686310711772},{""track_id"":2,""confidence"":0.7655677795410156,""J"":0.09375,""F"":0.09375,""J_and_F"":0.09375},{""track_id"":4,""confidence"":0.6559139490127563,""J"":0.09375,""F"":0.09375,""J_and_F"":0.09375},{""track_id"":5,""confidence"":0.8241757750511169,""J"":0.11796817861592053,""F"":0.11797483920925132,""J_and_F"":0.11797150891258593},{""track_id"":7,""confidence"":0.921951174736023,""J"":0.10820662319031957,""F"":0.1069790863100488,""J_and_F"":0.10759285475018418},{""track_id"":10,""confidence"":null,""J"":0.09375,""F"":0.09375,""J_and_F"":0.09375},{""track_id"":14,""confidence"":0.8904109597206116,""J"":0.09539303870885468,""F"":0.09659987904566456,""J_and_F"":0.09599645887725962},{""track_id"":16,""confidence"":-3332.7004219293594,""J"":0.1297985368320907,""F"":0.09671059871653237,""J_and_F"":0.11325456777431153}]"
long_rvos/a8b6fd5e4d/2/10/raw_expression,long_rvos,a8b6fd5e4d,2,10,hybrid,"A baby in green crawls on the floor and plays with a man, being caught and chased.",raw_expression,"A baby in green crawls on the floor and plays with a man, being caught and chased.",0,,0.0,0.0,0.0,0,0,0,[]
long_rvos/a8b6fd5e4d/2/10/concept,long_rvos,a8b6fd5e4d,2,10,hybrid,"A baby in green crawls on the floor and plays with a man, being caught and chased.",concept,baby,2,0,0.7752003915415069,0.5068717166686911,0.641036054105099,1,1,0,"[{""track_id"":0,""confidence"":0.8947368264198303,""J"":0.7752003915415069,""F"":0.5068717166686911,""J_and_F"":0.641036054105099},{""track_id"":1,""confidence"":null,""J"":0.09375,""F"":0.09375,""J_and_F"":0.09375}]"
long_rvos/a8b6fd5e4d/2/10/qwen_concept,long_rvos,a8b6fd5e4d,2,10,hybrid,"A baby in green crawls on the floor and plays with a man, being caught and chased.",qwen_concept,baby,2,0,0.7752003915415069,0.5068717166686911,0.641036054105099,1,1,0,"[{""track_id"":0,""confidence"":0.8947368264198303,""J"":0.7752003915415069,""F"":0.5068717166686911,""J_and_F"":0.641036054105099},{""track_id"":1,""confidence"":null,""J"":0.09375,""F"":0.09375,""J_and_F"":0.09375}]"
long_rvos/a8b6fd5e4d/2/11/raw_expression,long_rvos,a8b6fd5e4d,2,11,hybrid,"A child crawls on the floor, is picked up by a man, then continues crawling.",raw_expression,"A child crawls on the floor, is picked up by a man, then continues crawling.",1,0,0.7739991603858927,0.4962004901373882,0.6350998252616404,1,1,0,"[{""track_id"":0,""confidence"":0.9609756469726562,""J"":0.7739991603858927,""F"":0.4962004901373882,""J_and_F"":0.6350998252616404}]"
long_rvos/a8b6fd5e4d/2/11/concept,long_rvos,a8b6fd5e4d,2,11,hybrid,"A child crawls on the floor, is picked up by a man, then continues crawling.",concept,child,9,0,0.5784207180619961,0.4491492031892161,0.5137849606256061,1,1,0,"[{""track_id"":0,""confidence"":0.9452055096626282,""J"":0.5784207180619961,""F"":0.4491492031892161,""J_and_F"":0.5137849606256061},{""track_id"":1,""confidence"":0.6683937907218933,""J"":0.09379347915046855,""F"":0.10106024706376689,""J_and_F"":0.09742686310711772},{""track_id"":2,""confidence"":0.7655677795410156,""J"":0.09375,""F"":0.09375,""J_and_F"":0.09375},{""track_id"":4,""confidence"":0.6559139490127563,""J"":0.09375,""F"":0.09375,""J_and_F"":0.09375},{""track_id"":5,""confidence"":0.8241757750511169,""J"":0.11796817861592053,""F"":0.11797483920925132,""J_and_F"":0.11797150891258593},{""track_id"":7,""confidence"":0.921951174736023,""J"":0.10820662319031957,""F"":0.1069790863100488,""J_and_F"":0.10759285475018418},{""track_id"":10,""confidence"":null,""J"":0.09375,""F"":0.09375,""J_and_F"":0.09375},{""track_id"":14,""confidence"":0.8904109597206116,""J"":0.09539303870885468,""F"":0.09659987904566456,""J_and_F"":0.09599645887725962},{""track_id"":16,""confidence"":-3332.7004219293594,""J"":0.1297985368320907,""F"":0.09671059871653237,""J_and_F"":0.11325456777431153}]"
long_rvos/a8b6fd5e4d/2/11/qwen_concept,long_rvos,a8b6fd5e4d,2,11,hybrid,"A child crawls on the floor, is picked up by a man, then continues crawling.",qwen_concept,child,9,0,0.5784207180619961,0.4491492031892161,0.5137849606256061,1,1,0,"[{""track_id"":0,""confidence"":0.9452055096626282,""J"":0.5784207180619961,""F"":0.4491492031892161,""J_and_F"":0.5137849606256061},{""track_id"":1,""confidence"":0.6683937907218933,""J"":0.09379347915046855,""F"":0.10106024706376689,""J_and_F"":0.09742686310711772},{""track_id"":2,""confidence"":0.7655677795410156,""J"":0.09375,""F"":0.09375,""J_and_F"":0.09375},{""track_id"":4,""confidence"":0.6559139490127563,""J"":0.09375,""F"":0.09375,""J_and_F"":0.09375},{""track_id"":5,""confidence"":0.8241757750511169,""J"":0.11796817861592053,""F"":0.11797483920925132,""J_and_F"":0.11797150891258593},{""track_id"":7,""confidence"":0.921951174736023,""J"":0.10820662319031957,""F"":0.1069790863100488,""J_and_F"":0.10759285475018418},{""track_id"":10,""confidence"":null,""J"":0.09375,""F"":0.09375,""J_and_F"":0.09375},{""track_id"":14,""confidence"":0.8904109597206116,""J"":0.09539303870885468,""F"":0.09659987904566456,""J_and_F"":0.09599645887725962},{""track_id"":16,""confidence"":-3332.7004219293594,""J"":0.1297985368320907,""F"":0.09671059871653237,""J_and_F"":0.11325456777431153}]"
long_rvos/a8b6fd5e4d/2/4/raw_expression,long_rvos,a8b6fd5e4d,2,4,static,"A baby in dark green clothes, next to a man, with the floor beneath.",raw_expression,"A baby in dark green clothes, next to a man, with the floor beneath.",1,0,0.7738895909067108,0.49647166596236314,0.6351806284345369,1,1,0,"[{""track_id"":0,""confidence"":0.9024390578269958,""J"":0.7738895909067108,""F"":0.49647166596236314,""J_and_F"":0.6351806284345369}]"
long_rvos/a8b6fd5e4d/2/4/concept,long_rvos,a8b6fd5e4d,2,4,static,"A baby in dark green clothes, next to a man, with the floor beneath.",concept,floor,9,0,0.09452619250328234,0.1850520594488816,0.13978912597608195,0,0,0,"[{""track_id"":0,""confidence"":0.976608157157898,""J"":0.09452619250328234,""F"":0.1850520594488816,""J_and_F"":0.13978912597608195},{""track_id"":1,""confidence"":0.9024390578269958,""J"":0.09500965801005626,""F"":0.10342731431820631,""J_and_F"":0.09921848616413129},{""track_id"":2,""confidence"":0.9024390578269958,""J"":0.09375,""F"":0.09375,""J_and_F"":0.09375},{""track_id"":3,""confidence"":0.6952381134033203,""J"":0.09404254021564037,""F"":0.09966450164670317,""J_and_F"":0.09685352093117178},{""track_id"":5,""confidence"":null,""J"":0.09375,""F"":0.09375,""J_and_F"":0.09375},{""track_id"":9,""confidence"":0.9336099624633789,""J"":0.09379224997602838,""F"":0.09591714757155934,""J_and_F"":0.09485469877379385},{""track_id"":10,""confidence"":0.941605806350708,""J"":0.09375,""F"":0.09431965306290878,""J_and_F"":0.0940348265314544},{""track_id"":11,""confidence"":0.9649122953414917,""J"":0.09377164260650087,""F"":0.09899284808831783,""J_and_F"":0.09638224534740936},{""track_id"":12,""confidence"":0.7299578189849854,""J"":0.09375,""F"":0.09375,""J_and_F"":0.09375}]"
long_rvos/a8b6fd5e4d/2/4/qwen_concept,long_rvos,a8b6fd5e4d,2,4,static,"A baby in dark green clothes, next to a man, with the floor beneath.",qwen_concept,baby,2,0,0.7752003915415069,0.5068717166686911,0.641036054105099,1,1,0,"[{""track_id"":0,""confidence"":0.8947368264198303,""J"":0.7752003915415069,""F"":0.5068717166686911,""J_and_F"":0.641036054105099},{""track_id"":1,""confidence"":null,""J"":0.09375,""F"":0.09375,""J_and_F"":0.09375}]"
long_rvos/a8b6fd5e4d/2/6/raw_expression,long_rvos,a8b6fd5e4d,2,6,static,"A short-haired child, next to a man wearing long sleeves and glasses.",raw_expression,"A short-haired child, next to a man wearing long sleeves and glasses.",1,0,0.773726815774813,0.49644402223202416,0.6350854190034185,1,1,0,"[{""track_id"":0,""confidence"":0.8632478713989258,""J"":0.773726815774813,""F"":0.49644402223202416,""J_and_F"":0.6350854190034185}]"
long_rvos/a8b6fd5e4d/2/6/concept,long_rvos,a8b6fd5e4d,2,6,static,"A short-haired child, next to a man wearing long sleeves and glasses.",concept,short haired child,1,0,0.7736639512394358,0.4953723296358868,0.6345181404376613,1,1,0,"[{""track_id"":0,""confidence"":0.8400000333786011,""J"":0.7736639512394358,""F"":0.4953723296358868,""J_and_F"":0.6345181404376613}]"
long_rvos/a8b6fd5e4d/2/6/qwen_concept,long_rvos,a8b6fd5e4d,2,6,static,"A short-haired child, next to a man wearing long sleeves and glasses.",qwen_concept,child,9,0,0.5784207180619961,0.4491492031892161,0.5137849606256061,1,1,0,"[{""track_id"":0,""confidence"":0.9452055096626282,""J"":0.5784207180619961,""F"":0.4491492031892161,""J_and_F"":0.5137849606256061},{""track_id"":1,""confidence"":0.6683937907218933,""J"":0.09379347915046855,""F"":0.10106024706376689,""J_and_F"":0.09742686310711772},{""track_id"":2,""confidence"":0.7655677795410156,""J"":0.09375,""F"":0.09375,""J_and_F"":0.09375},{""track_id"":4,""confidence"":0.6559139490127563,""J"":0.09375,""F"":0.09375,""J_and_F"":0.09375},{""track_id"":5,""confidence"":0.8241757750511169,""J"":0.11796817861592053,""F"":0.11797483920925132,""J_and_F"":0.11797150891258593},{""track_id"":7,""confidence"":0.921951174736023,""J"":0.10820662319031957,""F"":0.1069790863100488,""J_and_F"":0.10759285475018418},{""track_id"":10,""confidence"":null,""J"":0.09375,""F"":0.09375,""J_and_F"":0.09375},{""track_id"":14,""confidence"":0.8904109597206116,""J"":0.09539303870885468,""F"":0.09659987904566456,""J_and_F"":0.09599645887725962},{""track_id"":16,""confidence"":-3332.7004219293594,""J"":0.1297985368320907,""F"":0.09671059871653237,""J_and_F"":0.11325456777431153}]"
long_rvos/0310d3743b/3/12/raw_expression,long_rvos,0310d3743b,3,12,dynamic,A snowboard splits left and right before stopping in the snow.,raw_expression,A snowboard splits left and right before stopping in the snow.,1,0,0.7343807715592279,0.822345811886736,0.7783632917229819,1,1,1,"[{""track_id"":0,""confidence"":0.7264957427978516,""J"":0.7343807715592279,""F"":0.822345811886736,""J_and_F"":0.7783632917229819}]"
long_rvos/0310d3743b/3/12/concept,long_rvos,0310d3743b,3,12,dynamic,A snowboard splits left and right before stopping in the snow.,concept,snowboard splits,2,1,0.73128476108886,0.822018472448904,0.776651616768882,1,1,1,"[{""track_id"":0,""confidence"":0.6878048777580261,""J"":0.675054260412117,""F"":0.7266540359921525,""J_and_F"":0.7008541482021348},{""track_id"":1,""confidence"":0.6683937907218933,""J"":0.73128476108886,""F"":0.822018472448904,""J_and_F"":0.776651616768882}]"
long_rvos/0310d3743b/3/12/qwen_concept,long_rvos,0310d3743b,3,12,dynamic,A snowboard splits left and right before stopping in the snow.,qwen_concept,snowboard,3,1,0.6830786265675526,0.6930263994910941,0.6880525130293234,1,1,0,"[{""track_id"":0,""confidence"":0.6604774594306946,""J"":0.65625,""F"":0.65625,""J_and_F"":0.65625},{""track_id"":1,""confidence"":0.7064220309257507,""J"":0.6830786265675526,""F"":0.6930263994910941,""J_and_F"":0.6880525130293234},{""track_id"":2,""confidence"":0.7264957427978516,""J"":0.678622425093633,""F"":0.6923155283471549,""J_and_F"":0.685468976720394}]"
long_rvos/0310d3743b/3/9/raw_expression,long_rvos,0310d3743b,3,9,dynamic,The snowboard of the second person skiing in from a distance.,raw_expression,The snowboard of the second person skiing in from a distance.,0,,0.0,0.0,0.0,0,0,0,[]
long_rvos/0310d3743b/3/9/concept,long_rvos,0310d3743b,3,9,dynamic,The snowboard of the second person skiing in from a distance.,concept,snowboard,3,1,0.6830786265675526,0.6930263994910941,0.6880525130293234,1,1,0,"[{""track_id"":0,""confidence"":0.6604774594306946,""J"":0.65625,""F"":0.65625,""J_and_F"":0.65625},{""track_id"":1,""confidence"":0.7064220309257507,""J"":0.6830786265675526,""F"":0.6930263994910941,""J_and_F"":0.6880525130293234},{""track_id"":2,""confidence"":0.7264957427978516,""J"":0.678622425093633,""F"":0.6923155283471549,""J_and_F"":0.685468976720394}]"
long_rvos/0310d3743b/3/9/qwen_concept,long_rvos,0310d3743b,3,9,dynamic,The snowboard of the second person skiing in from a distance.,qwen_concept,snowboard,3,1,0.6830786265675526,0.6930263994910941,0.6880525130293234,1,1,0,"[{""track_id"":0,""confidence"":0.6604774594306946,""J"":0.65625,""F"":0.65625,""J_and_F"":0.65625},{""track_id"":1,""confidence"":0.7064220309257507,""J"":0.6830786265675526,""F"":0.6930263994910941,""J_and_F"":0.6880525130293234},{""track_id"":2,""confidence"":0.7264957427978516,""J"":0.678622425093633,""F"":0.6923155283471549,""J_and_F"":0.685468976720394}]"
long_rvos/0310d3743b/3/8/raw_expression,long_rvos,0310d3743b,3,8,static,"A black and white snowboard, with a person wearing a blue hat on it.",raw_expression,"A black and white snowboard, with a person wearing a blue hat on it.",2,1,0.671875,0.671875,0.671875,1,1,0,"[{""track_id"":0,""confidence"":0.7387754917144775,""J"":0.5735574631009785,""F"":0.6682877119794068,""J_and_F"":0.6209225875401927},{""track_id"":1,""confidence"":0.6800000071525574,""J"":0.671875,""F"":0.671875,""J_and_F"":0.671875}]"
long_rvos/0310d3743b/3/8/concept,long_rvos,0310d3743b,3,8,static,"A black and white snowboard, with a person wearing a blue hat on it.",concept,black and white snowboard,2,0,0.7053946928382113,0.7931567304029288,0.74927571162057,1,1,1,"[{""track_id"":0,""confidence"":0.6683937907218933,""J"":0.7053946928382113,""F"":0.7931567304029288,""J_and_F"":0.74927571162057},{""track_id"":1,""confidence"":0.7770034670829773,""J"":0.6967339726563501,""F"":0.7754530878060051,""J_and_F"":0.7360935302311775}]"
long_rvos/0310d3743b/3/8/qwen_concept,long_rvos,0310d3743b,3,8,static,"A black and white snowboard, with a person wearing a blue hat on it.",qwen_concept,snowboard,3,1,0.6830786265675526,0.6930263994910941,0.6880525130293234,1,1,0,"[{""track_id"":0,""confidence"":0.6604774594306946,""J"":0.65625,""F"":0.65625,""J_and_F"":0.65625},{""track_id"":1,""confidence"":0.7064220309257507,""J"":0.6830786265675526,""F"":0.6930263994910941,""J_and_F"":0.6880525130293234},{""track_id"":2,""confidence"":0.7264957427978516,""J"":0.678622425093633,""F"":0.6923155283471549,""J_and_F"":0.685468976720394}]"
long_rvos/39db436191/3/5/raw_expression,long_rvos,39db436191,3,5,dynamic,"The Border Collie stands still, watching the sheep graze, then walks toward the camera.",raw_expression,"The Border Collie stands still, watching the sheep graze, then walks toward the camera.",2,0,0.8333668341396538,0.8415270303909459,0.8374469322652999,1,1,1,"[{""track_id"":0,""confidence"":0.7968254089355469,""J"":0.8333668341396538,""F"":0.8415270303909459,""J_and_F"":0.8374469322652999},{""track_id"":2,""confidence"":0.7460317611694336,""J"":0.15625,""F"":0.15625,""J_and_F"":0.15625}]"
long_rvos/39db436191/3/5/concept,long_rvos,39db436191,3,5,dynamic,"The Border Collie stands still, watching the sheep graze, then walks toward the camera.",concept,Border Collie,3,0,0.8800919341360418,0.8883310516867442,0.884211492911393,1,1,1,"[{""track_id"":0,""confidence"":0.6521739363670349,""J"":0.8800919341360418,""F"":0.8883310516867442,""J_and_F"":0.884211492911393},{""track_id"":1,""confidence"":0.8947368264198303,""J"":0.15625,""F"":0.15760478368448677,""J_and_F"":0.15692739184224339},{""track_id"":2,""confidence"":0.827957034111023,""J"":0.1564250181391254,""F"":0.15962819010781065,""J_and_F"":0.15802660412346803}]"
long_rvos/39db436191/3/5/qwen_concept,long_rvos,39db436191,3,5,dynamic,"The Border Collie stands still, watching the sheep graze, then walks toward the camera.",qwen_concept,Border Collie,3,0,0.8800919341360418,0.8883310516867442,0.884211492911393,1,1,1,"[{""track_id"":0,""confidence"":0.6521739363670349,""J"":0.8800919341360418,""F"":0.8883310516867442,""J_and_F"":0.884211492911393},{""track_id"":1,""confidence"":0.8947368264198303,""J"":0.15625,""F"":0.15760478368448677,""J_and_F"":0.15692739184224339},{""track_id"":2,""confidence"":0.827957034111023,""J"":0.1564250181391254,""F"":0.15962819010781065,""J_and_F"":0.15802660412346803}]"
long_rvos/39db436191/3/10/raw_expression,long_rvos,39db436191,3,10,hybrid,"A Border Collie stands by a fence, watching sheep graze and walking toward the camera.",raw_expression,"A Border Collie stands by a fence, watching sheep graze and walking toward the camera.",5,1,0.8757377491141156,0.8817438152953454,0.8787407822047305,1,1,1,"[{""track_id"":0,""confidence"":null,""J"":0.15625,""F"":0.15625,""J_and_F"":0.15625},{""track_id"":1,""confidence"":0.6640419960021973,""J"":0.8757377491141156,""F"":0.8817438152953454,""J_and_F"":0.8787407822047305},{""track_id"":2,""confidence"":0.6995305418968201,""J"":0.15625,""F"":0.15625,""J_and_F"":0.15625},{""track_id"":4,""confidence"":0.7575758099555969,""J"":0.15625,""F"":0.15625,""J_and_F"":0.15625},{""track_id"":5,""confidence"":null,""J"":0.15625,""F"":0.15625,""J_and_F"":0.15625}]"
long_rvos/39db436191/3/10/concept,long_rvos,39db436191,3,10,hybrid,"A Border Collie stands by a fence, watching sheep graze and walking toward the camera.",concept,Border Collie,3,0,0.8800919341360418,0.8883310516867442,0.884211492911393,1,1,1,"[{""track_id"":0,""confidence"":0.6521739363670349,""J"":0.8800919341360418,""F"":0.8883310516867442,""J_and_F"":0.884211492911393},{""track_id"":1,""confidence"":0.8947368264198303,""J"":0.15625,""F"":0.15760478368448677,""J_and_F"":0.15692739184224339},{""track_id"":2,""confidence"":0.827957034111023,""J"":0.1564250181391254,""F"":0.15962819010781065,""J_and_F"":0.15802660412346803}]"
long_rvos/39db436191/3/10/qwen_concept,long_rvos,39db436191,3,10,hybrid,"A Border Collie stands by a fence, watching sheep graze and walking toward the camera.",qwen_concept,Border Collie,3,0,0.8800919341360418,0.8883310516867442,0.884211492911393,1,1,1,"[{""track_id"":0,""confidence"":0.6521739363670349,""J"":0.8800919341360418,""F"":0.8883310516867442,""J_and_F"":0.884211492911393},{""track_id"":1,""confidence"":0.8947368264198303,""J"":0.15625,""F"":0.15760478368448677,""J_and_F"":0.15692739184224339},{""track_id"":2,""confidence"":0.827957034111023,""J"":0.1564250181391254,""F"":0.15962819010781065,""J_and_F"":0.15802660412346803}]"
long_rvos/39db436191/3/4/raw_expression,long_rvos,39db436191,3,4,static,A black and white Border Collie standing next to a wire fence.,raw_expression,A black and white Border Collie standing next to a wire fence.,3,2,0.8013796036826075,0.8069570146421234,0.8041683091623655,1,1,1,"[{""track_id"":0,""confidence"":0.6521739363670349,""J"":0.23307155288515571,""F"":0.2484105179911127,""J_and_F"":0.2407410354381342},{""track_id"":1,""confidence"":0.7968254089355469,""J"":0.15625,""F"":0.1576861074913953,""J_and_F"":0.15696805374569767},{""track_id"":2,""confidence"":0.8400000333786011,""J"":0.8013796036826075,""F"":0.8069570146421234,""J_and_F"":0.8041683091623655}]"
long_rvos/39db436191/3/4/concept,long_rvos,39db436191,3,4,static,A black and white Border Collie standing next to a wire fence.,concept,black and white Border Collie,3,0,0.8802246798703067,0.8893711408840118,0.8847979103771593,1,1,1,"[{""track_id"":0,""confidence"":0.8128654956817627,""J"":0.8802246798703067,""F"":0.8893711408840118,""J_and_F"":0.8847979103771593},{""track_id"":1,""confidence"":0.9179486632347107,""J"":0.15625,""F"":0.1576399934122888,""J_and_F"":0.1569449967061444},{""track_id"":2,""confidence"":0.6878048777580261,""J"":0.15642850651932,""F"":0.15968493063727374,""J_and_F"":0.15805671857829687}]"
long_rvos/39db436191/3/4/qwen_concept,long_rvos,39db436191,3,4,static,A black and white Border Collie standing next to a wire fence.,qwen_concept,Border Collie,3,0,0.8800919341360418,0.8883310516867442,0.884211492911393,1,1,1,"[{""track_id"":0,""confidence"":0.6521739363670349,""J"":0.8800919341360418,""F"":0.8883310516867442,""J_and_F"":0.884211492911393},{""track_id"":1,""confidence"":0.8947368264198303,""J"":0.15625,""F"":0.15760478368448677,""J_and_F"":0.15692739184224339},{""track_id"":2,""confidence"":0.827957034111023,""J"":0.1564250181391254,""F"":0.15962819010781065,""J_and_F"":0.15802660412346803}]"
long_rvos/84dc481247/3/9/raw_expression,long_rvos,84dc481247,3,9,dynamic,"The man was walking back and forth, then turned around and talked to someone else.",raw_expression,"The man was walking back and forth, then turned around and talked to someone else.",11,2,0.7332512012133785,0.6860214720930524,0.7096363366532155,1,1,1,"[{""track_id"":0,""confidence"":0.7730495929718018,""J"":0.29716798976565595,""F"":0.32127509341581506,""J_and_F"":0.3092215415907355},{""track_id"":1,""confidence"":0.7620818018913269,""J"":0.4691055647498551,""F"":0.471797864903926,""J_and_F"":0.4704517148268905},{""track_id"":2,""confidence"":0.8552036285400391,""J"":0.7332512012133785,""F"":0.6860214720930524,""J_and_F"":0.7096363366532155},{""track_id"":3,""confidence"":0.6683937907218933,""J"":0.5470710501099149,""F"":0.5510969213456576,""J_and_F"":0.5490839857277863},{""track_id"":4,""confidence"":null,""J"":0.546875,""F"":0.546875,""J_and_F"":0.546875},{""track_id"":5,""confidence"":0.7064220309257507,""J"":0.6220078407727774,""F"":0.620399987905857,""J_and_F"":0.6212039143393172},{""track_id"":6,""confidence"":0.6831682920455933,""J"":0.546875,""F"":0.546875,""J_and_F"":0.546875},{""track_id"":7,""confidence"":0.6683937907218933,""J"":0.53125,""F"":0.53125,""J_and_F"":0.53125},{""track_id"":8,""confidence"":0.7387754917144775,""J"":0.34375,""F"":0.34375,""J_and_F"":0.34375},{""track_id"":11,""confidence"":0.8012422323226929,""J"":0.515625,""F"":0.515625,""J_and_F"":0.515625},{""track_id"":12,""confidence"":0.9024390578269958,""J"":0.53125,""F"":0.53125,""J_and_F"":0.53125}]"
long_rvos/84dc481247/3/9/concept,long_rvos,84dc481247,3,9,dynamic,"The man was walking back and forth, then turned around and talked to someone else.",concept,man,14,10,0.7466028486454709,0.730546067615718,0.7385744581305944,1,1,1,"[{""track_id"":0,""confidence"":0.9649122953414917,""J"":0.3440362241317192,""F"":0.3687785753801619,""J_and_F"":0.35640739975594055},{""track_id"":1,""confidence"":0.9569892287254333,""J"":0.48473601781199693,""F"":0.4871570493473305,""J_and_F"":0.4859465335796637},{""track_id"":2,""confidence"":0.7770034670829773,""J"":0.7156713873153049,""F"":0.6700335753483797,""J_and_F"":0.6928524813318423},{""track_id"":3,""confidence"":0.8476190567016602,""J"":0.53125,""F"":0.53125,""J_and_F"":0.53125},{""track_id"":5,""confidence"":0.9609756469726562,""J"":0.5470749410922455,""F"":0.5511524486341349,""J_and_F"":0.5491136948631903},{""track_id"":6,""confidence"":0.7655677795410156,""J"":0.515625,""F"":0.5161496350364964,""J_and_F"":0.5158873175182481},{""track_id"":7,""confidence"":0.7968254089355469,""J"":0.53125,""F"":0.53125,""J_and_F"":0.53125},{""track_id"":8,""confidence"":0.6995305418968201,""J"":0.5000307976785394,""F"":0.5,""J_and_F"":0.5000153988392697},{""track_id"":9,""confidence"":0.96875,""J"":0.515625,""F"":0.515625,""J_and_F"":0.515625},{""track_id"":10,""confidence"":0.921951174736023,""J"":0.7466028486454709,""F"":0.730546067615718,""J_and_F"":0.7385744581305944},{""track_id"":11,""confidence"":0.7037037014961243,""J"":0.546949788081406,""F"":0.5516531267389185,""J_and_F"":0.5493014574101622},{""track_id"":12,""confidence"":0.8128654956817627,""J"":0.53125,""F"":0.53125,""J_and_F"":0.53125},{""track_id"":13,""confidence"":0.7419355511665344,""J"":0.34375,""F"":0.34375,""J_and_F"":0.34375},{""track_id"":15,""confidence"":0.921951174736023,""J"":0.515625,""F"":0.515625,""J_and_F"":0.515625}]"
long_rvos/84dc481247/3/9/qwen_concept,long_rvos,84dc481247,3,9,dynamic,"The man was walking back and forth, then turned around and talked to someone else.",qwen_concept,man,14,10,0.7466028486454709,0.730546067615718,0.7385744581305944,1,1,1,"[{""track_id"":0,""confidence"":0.9649122953414917,""J"":0.3440362241317192,""F"":0.3687785753801619,""J_and_F"":0.35640739975594055},{""track_id"":1,""confidence"":0.9569892287254333,""J"":0.48473601781199693,""F"":0.4871570493473305,""J_and_F"":0.4859465335796637},{""track_id"":2,""confidence"":0.7770034670829773,""J"":0.7156713873153049,""F"":0.6700335753483797,""J_and_F"":0.6928524813318423},{""track_id"":3,""confidence"":0.8476190567016602,""J"":0.53125,""F"":0.53125,""J_and_F"":0.53125},{""track_id"":5,""confidence"":0.9609756469726562,""J"":0.5470749410922455,""F"":0.5511524486341349,""J_and_F"":0.5491136948631903},{""track_id"":6,""confidence"":0.7655677795410156,""J"":0.515625,""F"":0.5161496350364964,""J_and_F"":0.5158873175182481},{""track_id"":7,""confidence"":0.7968254089355469,""J"":0.53125,""F"":0.53125,""J_and_F"":0.53125},{""track_id"":8,""confidence"":0.6995305418968201,""J"":0.5000307976785394,""F"":0.5,""J_and_F"":0.5000153988392697},{""track_id"":9,""confidence"":0.96875,""J"":0.515625,""F"":0.515625,""J_and_F"":0.515625},{""track_id"":10,""confidence"":0.921951174736023,""J"":0.7466028486454709,""F"":0.730546067615718,""J_and_F"":0.7385744581305944},{""track_id"":11,""confidence"":0.7037037014961243,""J"":0.546949788081406,""F"":0.5516531267389185,""J_and_F"":0.5493014574101622},{""track_id"":12,""confidence"":0.8128654956817627,""J"":0.53125,""F"":0.53125,""J_and_F"":0.53125},{""track_id"":13,""confidence"":0.7419355511665344,""J"":0.34375,""F"":0.34375,""J_and_F"":0.34375},{""track_id"":15,""confidence"":0.921951174736023,""J"":0.515625,""F"":0.515625,""J_and_F"":0.515625}]"
long_rvos/84dc481247/3/15/raw_expression,long_rvos,84dc481247,3,15,hybrid,A slim man in yellow earplugs and a patterned T-shirt walks back and forth chatting.,raw_expression,A slim man in yellow earplugs and a patterned T-shirt walks back and forth chatting.,0,,0.0,0.0,0.0,0,0,0,[]
long_rvos/84dc481247/3/15/concept,long_rvos,84dc481247,3,15,hybrid,A slim man in yellow earplugs and a patterned T-shirt walks back and forth chatting.,concept,slim man,0,,0.0,0.0,0.0,0,0,0,[]
long_rvos/84dc481247/3/15/qwen_concept,long_rvos,84dc481247,3,15,hybrid,A slim man in yellow earplugs and a patterned T-shirt walks back and forth chatting.,qwen_concept,man,14,10,0.7466028486454709,0.730546067615718,0.7385744581305944,1,1,1,"[{""track_id"":0,""confidence"":0.9649122953414917,""J"":0.3440362241317192,""F"":0.3687785753801619,""J_and_F"":0.35640739975594055},{""track_id"":1,""confidence"":0.9569892287254333,""J"":0.48473601781199693,""F"":0.4871570493473305,""J_and_F"":0.4859465335796637},{""track_id"":2,""confidence"":0.7770034670829773,""J"":0.7156713873153049,""F"":0.6700335753483797,""J_and_F"":0.6928524813318423},{""track_id"":3,""confidence"":0.8476190567016602,""J"":0.53125,""F"":0.53125,""J_and_F"":0.53125},{""track_id"":5,""confidence"":0.9609756469726562,""J"":0.5470749410922455,""F"":0.5511524486341349,""J_and_F"":0.5491136948631903},{""track_id"":6,""confidence"":0.7655677795410156,""J"":0.515625,""F"":0.5161496350364964,""J_and_F"":0.5158873175182481},{""track_id"":7,""confidence"":0.7968254089355469,""J"":0.53125,""F"":0.53125,""J_and_F"":0.53125},{""track_id"":8,""confidence"":0.6995305418968201,""J"":0.5000307976785394,""F"":0.5,""J_and_F"":0.5000153988392697},{""track_id"":9,""confidence"":0.96875,""J"":0.515625,""F"":0.515625,""J_and_F"":0.515625},{""track_id"":10,""confidence"":0.921951174736023,""J"":0.7466028486454709,""F"":0.730546067615718,""J_and_F"":0.7385744581305944},{""track_id"":11,""confidence"":0.7037037014961243,""J"":0.546949788081406,""F"":0.5516531267389185,""J_and_F"":0.5493014574101622},{""track_id"":12,""confidence"":0.8128654956817627,""J"":0.53125,""F"":0.53125,""J_and_F"":0.53125},{""track_id"":13,""confidence"":0.7419355511665344,""J"":0.34375,""F"":0.34375,""J_and_F"":0.34375},{""track_id"":15,""confidence"":0.921951174736023,""J"":0.515625,""F"":0.515625,""J_and_F"":0.515625}]"
long_rvos/84dc481247/3/10/raw_expression,long_rvos,84dc481247,3,10,static,"A man with golden hair, wearing a navy short-sleeve shirt, surrounded by other men wearing headphones.",raw_expression,"A man with golden hair, wearing a navy short-sleeve shirt, surrounded by other men wearing headphones.",0,,0.0,0.0,0.0,0,0,0,[]
long_rvos/84dc481247/3/10/concept,long_rvos,84dc481247,3,10,static,"A man with golden hair, wearing a navy short-sleeve shirt, surrounded by other men wearing headphones.",concept,man,14,10,0.7466028486454709,0.730546067615718,0.7385744581305944,1,1,1,"[{""track_id"":0,""confidence"":0.9649122953414917,""J"":0.3440362241317192,""F"":0.3687785753801619,""J_and_F"":0.35640739975594055},{""track_id"":1,""confidence"":0.9569892287254333,""J"":0.48473601781199693,""F"":0.4871570493473305,""J_and_F"":0.4859465335796637},{""track_id"":2,""confidence"":0.7770034670829773,""J"":0.7156713873153049,""F"":0.6700335753483797,""J_and_F"":0.6928524813318423},{""track_id"":3,""confidence"":0.8476190567016602,""J"":0.53125,""F"":0.53125,""J_and_F"":0.53125},{""track_id"":5,""confidence"":0.9609756469726562,""J"":0.5470749410922455,""F"":0.5511524486341349,""J_and_F"":0.5491136948631903},{""track_id"":6,""confidence"":0.7655677795410156,""J"":0.515625,""F"":0.5161496350364964,""J_and_F"":0.5158873175182481},{""track_id"":7,""confidence"":0.7968254089355469,""J"":0.53125,""F"":0.53125,""J_and_F"":0.53125},{""track_id"":8,""confidence"":0.6995305418968201,""J"":0.5000307976785394,""F"":0.5,""J_and_F"":0.5000153988392697},{""track_id"":9,""confidence"":0.96875,""J"":0.515625,""F"":0.515625,""J_and_F"":0.515625},{""track_id"":10,""confidence"":0.921951174736023,""J"":0.7466028486454709,""F"":0.730546067615718,""J_and_F"":0.7385744581305944},{""track_id"":11,""confidence"":0.7037037014961243,""J"":0.546949788081406,""F"":0.5516531267389185,""J_and_F"":0.5493014574101622},{""track_id"":12,""confidence"":0.8128654956817627,""J"":0.53125,""F"":0.53125,""J_and_F"":0.53125},{""track_id"":13,""confidence"":0.7419355511665344,""J"":0.34375,""F"":0.34375,""J_and_F"":0.34375},{""track_id"":15,""confidence"":0.921951174736023,""J"":0.515625,""F"":0.515625,""J_and_F"":0.515625}]"
long_rvos/84dc481247/3/10/qwen_concept,long_rvos,84dc481247,3,10,static,"A man with golden hair, wearing a navy short-sleeve shirt, surrounded by other men wearing headphones.",qwen_concept,man with golden hair,4,2,0.7468405192708383,0.7303969966580207,0.7386187579644294,1,1,1,"[{""track_id"":0,""confidence"":0.6878048777580261,""J"":0.7315958225708462,""F"":0.6886267475374455,""J_and_F"":0.7101112850541458},{""track_id"":1,""confidence"":0.6604774594306946,""J"":0.546875,""F"":0.546875,""J_and_F"":0.546875},{""track_id"":2,""confidence"":0.8439024686813354,""J"":0.7468405192708383,""F"":0.7303969966580207,""J_and_F"":0.7386187579644294},{""track_id"":3,""confidence"":0.6559139490127563,""J"":0.546875,""F"":0.546875,""J_and_F"":0.546875}]"
long_rvos/84dc481247/3/8/raw_expression,long_rvos,84dc481247,3,8,static,"A slim man wearing yellow earplugs, a T-shirt with a pattern on the front and black stripes on the sleeves, and glasses.",raw_expression,"A slim man wearing yellow earplugs, a T-shirt with a pattern on the front and black stripes on the sleeves, and glasses.",0,,0.0,0.0,0.0,0,0,0,[]
long_rvos/84dc481247/3/8/concept,long_rvos,84dc481247,3,8,static,"A slim man wearing yellow earplugs, a T-shirt with a pattern on the front and black stripes on the sleeves, and glasses.",concept,slim man,0,,0.0,0.0,0.0,0,0,0,[]
long_rvos/84dc481247/3/8/qwen_concept,long_rvos,84dc481247,3,8,static,"A slim man wearing yellow earplugs, a T-shirt with a pattern on the front and black stripes on the sleeves, and glasses.",qwen_concept,man,14,10,0.7466028486454709,0.730546067615718,0.7385744581305944,1,1,1,"[{""track_id"":0,""confidence"":0.9649122953414917,""J"":0.3440362241317192,""F"":0.3687785753801619,""J_and_F"":0.35640739975594055},{""track_id"":1,""confidence"":0.9569892287254333,""J"":0.48473601781199693,""F"":0.4871570493473305,""J_and_F"":0.4859465335796637},{""track_id"":2,""confidence"":0.7770034670829773,""J"":0.7156713873153049,""F"":0.6700335753483797,""J_and_F"":0.6928524813318423},{""track_id"":3,""confidence"":0.8476190567016602,""J"":0.53125,""F"":0.53125,""J_and_F"":0.53125},{""track_id"":5,""confidence"":0.9609756469726562,""J"":0.5470749410922455,""F"":0.5511524486341349,""J_and_F"":0.5491136948631903},{""track_id"":6,""confidence"":0.7655677795410156,""J"":0.515625,""F"":0.5161496350364964,""J_and_F"":0.5158873175182481},{""track_id"":7,""confidence"":0.7968254089355469,""J"":0.53125,""F"":0.53125,""J_and_F"":0.53125},{""track_id"":8,""confidence"":0.6995305418968201,""J"":0.5000307976785394,""F"":0.5,""J_and_F"":0.5000153988392697},{""track_id"":9,""confidence"":0.96875,""J"":0.515625,""F"":0.515625,""J_and_F"":0.515625},{""track_id"":10,""confidence"":0.921951174736023,""J"":0.7466028486454709,""F"":0.730546067615718,""J_and_F"":0.7385744581305944},{""track_id"":11,""confidence"":0.7037037014961243,""J"":0.546949788081406,""F"":0.5516531267389185,""J_and_F"":0.5493014574101622},{""track_id"":12,""confidence"":0.8128654956817627,""J"":0.53125,""F"":0.53125,""J_and_F"":0.53125},{""track_id"":13,""confidence"":0.7419355511665344,""J"":0.34375,""F"":0.34375,""J_and_F"":0.34375},{""track_id"":15,""confidence"":0.921951174736023,""J"":0.515625,""F"":0.515625,""J_and_F"":0.515625}]"
long_rvos/9bc92f09e0/1/1/raw_expression,long_rvos,9bc92f09e0,1,1,dynamic,The elderly person shakes the snow off his ski board and then continues moving forward.,raw_expression,The elderly person shakes the snow off his ski board and then continues moving forward.,8,0,0.7809870284324018,0.8650373043605116,0.8230121663964567,1,1,1,"[{""track_id"":0,""confidence"":0.921951174736023,""J"":0.7809870284324018,""F"":0.8650373043605116,""J_and_F"":0.8230121663964567},{""track_id"":1,""confidence"":0.7419355511665344,""J"":0.21875,""F"":0.21875,""J_and_F"":0.21875},{""track_id"":2,""confidence"":0.719298243522644,""J"":0.265625,""F"":0.265625,""J_and_F"":0.265625},{""track_id"":3,""confidence"":0.8476190567016602,""J"":0.25,""F"":0.25,""J_and_F"":0.25},{""track_id"":4,""confidence"":0.6717948913574219,""J"":0.29161251152496753,""F"":0.29446242404191375,""J_and_F"":0.29303746778344064},{""track_id"":5,""confidence"":0.7037037014961243,""J"":0.109375,""F"":0.109375,""J_and_F"":0.109375},{""track_id"":6,""confidence"":0.8476190567016602,""J"":0.25,""F"":0.25,""J_and_F"":0.25},{""track_id"":7,""confidence"":0.6831682920455933,""J"":0.140625,""F"":0.140625,""J_and_F"":0.140625}]"
long_rvos/9bc92f09e0/1/1/concept,long_rvos,9bc92f09e0,1,1,dynamic,The elderly person shakes the snow off his ski board and then continues moving forward.,concept,elderly person,3,2,0.3760569852036157,0.41440424102217266,0.3952306131128942,1,0,0,"[{""track_id"":0,""confidence"":0.7104072570800781,""J"":0.2799573784237004,""F"":0.28125,""J_and_F"":0.2806036892118502},{""track_id"":1,""confidence"":0.7387754917144775,""J"":0.265625,""F"":0.265625,""J_and_F"":0.265625},{""track_id"":2,""confidence"":0.6952381134033203,""J"":0.3760569852036157,""F"":0.41440424102217266,""J_and_F"":0.3952306131128942}]"
long_rvos/9bc92f09e0/1/1/qwen_concept,long_rvos,9bc92f09e0,1,1,dynamic,The elderly person shakes the snow off his ski board and then continues moving forward.,qwen_concept,elderly person,3,2,0.3760569852036157,0.41440424102217266,0.3952306131128942,1,0,0,"[{""track_id"":0,""confidence"":0.7104072570800781,""J"":0.2799573784237004,""F"":0.28125,""J_and_F"":0.2806036892118502},{""track_id"":1,""confidence"":0.7387754917144775,""J"":0.265625,""F"":0.265625,""J_and_F"":0.265625},{""track_id"":2,""confidence"":0.6952381134033203,""J"":0.3760569852036157,""F"":0.41440424102217266,""J_and_F"":0.3952306131128942}]"
long_rvos/9bc92f09e0/1/3/raw_expression,long_rvos,9bc92f09e0,1,3,dynamic,"A man lifts his left foot and swings it up and down, then walks to the right.",raw_expression,"A man lifts his left foot and swings it up and down, then walks to the right.",0,,0.0,0.0,0.0,0,0,0,[]
long_rvos/9bc92f09e0/1/3/concept,long_rvos,9bc92f09e0,1,3,dynamic,"A man lifts his left foot and swings it up and down, then walks to the right.",concept,man,5,1,0.7674107795153084,0.8518514963291957,0.809631137922252,1,1,1,"[{""track_id"":0,""confidence"":0.8632478713989258,""J"":0.0625,""F"":0.0625,""J_and_F"":0.0625},{""track_id"":1,""confidence"":0.8552036285400391,""J"":0.7674107795153084,""F"":0.8518514963291957,""J_and_F"":0.809631137922252},{""track_id"":2,""confidence"":0.675126850605011,""J"":0.265625,""F"":0.265625,""J_and_F"":0.265625},{""track_id"":3,""confidence"":0.719298243522644,""J"":0.2914789706015857,""F"":0.29453127240969534,""J_and_F"":0.2930051215056405},{""track_id"":4,""confidence"":0.8476190567016602,""J"":0.109375,""F"":0.109375,""J_and_F"":0.109375}]"
long_rvos/9bc92f09e0/1/3/qwen_concept,long_rvos,9bc92f09e0,1,3,dynamic,"A man lifts his left foot and swings it up and down, then walks to the right.",qwen_concept,man,5,1,0.7674107795153084,0.8518514963291957,0.809631137922252,1,1,1,"[{""track_id"":0,""confidence"":0.8632478713989258,""J"":0.0625,""F"":0.0625,""J_and_F"":0.0625},{""track_id"":1,""confidence"":0.8552036285400391,""J"":0.7674107795153084,""F"":0.8518514963291957,""J_and_F"":0.809631137922252},{""track_id"":2,""confidence"":0.675126850605011,""J"":0.265625,""F"":0.265625,""J_and_F"":0.265625},{""track_id"":3,""confidence"":0.719298243522644,""J"":0.2914789706015857,""F"":0.29453127240969534,""J_and_F"":0.2930051215056405},{""track_id"":4,""confidence"":0.8476190567016602,""J"":0.109375,""F"":0.109375,""J_and_F"":0.109375}]"
long_rvos/9bc92f09e0/1/8/raw_expression,long_rvos,9bc92f09e0,1,8,hybrid,An elderly bald man in black shakes snow off his ski board and continues skiing.,raw_expression,An elderly bald man in black shakes snow off his ski board and continues skiing.,6,0,0.7659490027498119,0.8521990716200663,0.8090740371849391,1,1,1,"[{""track_id"":0,""confidence"":0.8947368264198303,""J"":0.7659490027498119,""F"":0.8521990716200663,""J_and_F"":0.8090740371849391},{""track_id"":1,""confidence"":0.6952381134033203,""J"":0.21875,""F"":0.21875,""J_and_F"":0.21875},{""track_id"":2,""confidence"":0.6521739363670349,""J"":0.29176811116288076,""F"":0.2942829196103566,""J_and_F"":0.2930255153866187},{""track_id"":3,""confidence"":0.675126850605011,""J"":0.109375,""F"":0.109375,""J_and_F"":0.109375},{""track_id"":4,""confidence"":0.6717948913574219,""J"":0.25,""F"":0.25,""J_and_F"":0.25},{""track_id"":5,""confidence"":0.7264957427978516,""J"":0.234375,""F"":0.234375,""J_and_F"":0.234375}]"
long_rvos/9bc92f09e0/1/8/concept,long_rvos,9bc92f09e0,1,8,hybrid,An elderly bald man in black shakes snow off his ski board and continues skiing.,concept,elderly bald man,2,1,0.7613524104011855,0.8477778635480004,0.804565136974593,1,1,1,"[{""track_id"":0,""confidence"":0.7928802371025085,""J"":0.06405467200477533,""F"":0.07654233538462735,""J_and_F"":0.07029850369470134},{""track_id"":1,""confidence"":0.7815700173377991,""J"":0.7613524104011855,""F"":0.8477778635480004,""J_and_F"":0.804565136974593}]"
long_rvos/9bc92f09e0/1/8/qwen_concept,long_rvos,9bc92f09e0,1,8,hybrid,An elderly bald man in black shakes snow off his ski board and continues skiing.,qwen_concept,man,5,1,0.7674107795153084,0.8518514963291957,0.809631137922252,1,1,1,"[{""track_id"":0,""confidence"":0.8632478713989258,""J"":0.0625,""F"":0.0625,""J_and_F"":0.0625},{""track_id"":1,""confidence"":0.8552036285400391,""J"":0.7674107795153084,""F"":0.8518514963291957,""J_and_F"":0.809631137922252},{""track_id"":2,""confidence"":0.675126850605011,""J"":0.265625,""F"":0.265625,""J_and_F"":0.265625},{""track_id"":3,""confidence"":0.719298243522644,""J"":0.2914789706015857,""F"":0.29453127240969534,""J_and_F"":0.2930051215056405},{""track_id"":4,""confidence"":0.8476190567016602,""J"":0.109375,""F"":0.109375,""J_and_F"":0.109375}]"
long_rvos/9bc92f09e0/1/0/raw_expression,long_rvos,9bc92f09e0,1,0,static,"An elderly person wearing purple pants, standing next to another elderly person wearing black clothes, surrounded by snow and some trees.",raw_expression,"An elderly person wearing purple pants, standing next to another elderly person wearing black clothes, surrounded by snow and some trees.",1,0,0.36976029221924656,0.39823037297027253,0.38399533259475954,1,0,0,"[{""track_id"":0,""confidence"":0.7229437232017517,""J"":0.36976029221924656,""F"":0.39823037297027253,""J_and_F"":0.38399533259475954}]"
long_rvos/9bc92f09e0/1/0/concept,long_rvos,9bc92f09e0,1,0,static,"An elderly person wearing purple pants, standing next to another elderly person wearing black clothes, surrounded by snow and some trees.",concept,elderly person,3,2,0.3760569852036157,0.41440424102217266,0.3952306131128942,1,0,0,"[{""track_id"":0,""confidence"":0.7104072570800781,""J"":0.2799573784237004,""F"":0.28125,""J_and_F"":0.2806036892118502},{""track_id"":1,""confidence"":0.7387754917144775,""J"":0.265625,""F"":0.265625,""J_and_F"":0.265625},{""track_id"":2,""confidence"":0.6952381134033203,""J"":0.3760569852036157,""F"":0.41440424102217266,""J_and_F"":0.3952306131128942}]"
long_rvos/9bc92f09e0/1/0/qwen_concept,long_rvos,9bc92f09e0,1,0,static,"An elderly person wearing purple pants, standing next to another elderly person wearing black clothes, surrounded by snow and some trees.",qwen_concept,elderly person,3,2,0.3760569852036157,0.41440424102217266,0.3952306131128942,1,0,0,"[{""track_id"":0,""confidence"":0.7104072570800781,""J"":0.2799573784237004,""F"":0.28125,""J_and_F"":0.2806036892118502},{""track_id"":1,""confidence"":0.7387754917144775,""J"":0.265625,""F"":0.265625,""J_and_F"":0.265625},{""track_id"":2,""confidence"":0.6952381134033203,""J"":0.3760569852036157,""F"":0.41440424102217266,""J_and_F"":0.3952306131128942}]"
long_rvos/9bc92f09e0/1/2/raw_expression,long_rvos,9bc92f09e0,1,2,static,"A person wearing purple pants and ski equipment, to the right of a bald man.",raw_expression,"A person wearing purple pants and ski equipment, to the right of a bald man.",5,0,0.628171508744932,0.6887391087301266,0.6584553087375293,1,1,0,"[{""track_id"":0,""confidence"":0.9101123809814453,""J"":0.628171508744932,""F"":0.6887391087301266,""J_and_F"":0.6584553087375293},{""track_id"":1,""confidence"":0.7104072570800781,""J"":0.4106105918721406,""F"":0.48581253467984475,""J_and_F"":0.44821156327599265},{""track_id"":2,""confidence"":0.7538461089134216,""J"":0.2912278846601084,""F"":0.29478764303844085,""J_and_F"":0.2930077638492746},{""track_id"":3,""confidence"":0.7229437232017517,""J"":0.265625,""F"":0.265625,""J_and_F"":0.265625},{""track_id"":4,""confidence"":0.7538461089134216,""J"":0.125,""F"":0.125,""J_and_F"":0.125}]"
long_rvos/9bc92f09e0/1/2/concept,long_rvos,9bc92f09e0,1,2,static,"A person wearing purple pants and ski equipment, to the right of a bald man.",concept,person,6,1,0.7853540397058792,0.8671623736368692,0.8262582066713742,1,1,1,"[{""track_id"":0,""confidence"":0.8672199249267578,""J"":0.0625,""F"":0.0625,""J_and_F"":0.0625},{""track_id"":1,""confidence"":0.8632478713989258,""J"":0.7853540397058792,""F"":0.8671623736368692,""J_and_F"":0.8262582066713742},{""track_id"":2,""confidence"":0.7538461089134216,""J"":0.265625,""F"":0.265625,""J_and_F"":0.265625},{""track_id"":4,""confidence"":0.719298243522644,""J"":0.25,""F"":0.25,""J_and_F"":0.25},{""track_id"":5,""confidence"":0.6878048777580261,""J"":0.291566804194645,""F"":0.29462086833683365,""J_and_F"":0.2930938362657393},{""track_id"":6,""confidence"":0.8709677457809448,""J"":0.109375,""F"":0.109375,""J_and_F"":0.109375}]"
long_rvos/9bc92f09e0/1/2/qwen_concept,long_rvos,9bc92f09e0,1,2,static,"A person wearing purple pants and ski equipment, to the right of a bald man.",qwen_concept,person,6,1,0.7853540397058792,0.8671623736368692,0.8262582066713742,1,1,1,"[{""track_id"":0,""confidence"":0.8672199249267578,""J"":0.0625,""F"":0.0625,""J_and_F"":0.0625},{""track_id"":1,""confidence"":0.8632478713989258,""J"":0.7853540397058792,""F"":0.8671623736368692,""J_and_F"":0.8262582066713742},{""track_id"":2,""confidence"":0.7538461089134216,""J"":0.265625,""F"":0.265625,""J_and_F"":0.265625},{""track_id"":4,""confidence"":0.719298243522644,""J"":0.25,""F"":0.25,""J_and_F"":0.25},{""track_id"":5,""confidence"":0.6878048777580261,""J"":0.291566804194645,""F"":0.29462086833683365,""J_and_F"":0.2930938362657393},{""track_id"":6,""confidence"":0.8709677457809448,""J"":0.109375,""F"":0.109375,""J_and_F"":0.109375}]"
long_rvos/9c1297ecd3/2/5/raw_expression,long_rvos,9c1297ecd3,2,5,dynamic,Man draws a card from a pile of playing cards and puts it in his hand before putting it back into the deck.,raw_expression,Man draws a card from a pile of playing cards and puts it in his hand before putting it back into the deck.,1,0,0.32644939341892676,0.31752541762182684,0.3219874055203768,1,0,0,"[{""track_id"":0,""confidence"":0.6717948913574219,""J"":0.32644939341892676,""F"":0.31752541762182684,""J_and_F"":0.3219874055203768}]"
long_rvos/9c1297ecd3/2/5/concept,long_rvos,9c1297ecd3,2,5,dynamic,Man draws a card from a pile of playing cards and puts it in his hand before putting it back into the deck.,concept,Man,8,0,0.9178774008349467,0.8529318656697621,0.8854046332523544,1,1,1,"[{""track_id"":0,""confidence"":0.8750000596046448,""J"":0.9178774008349467,""F"":0.8529318656697621,""J_and_F"":0.8854046332523544},{""track_id"":1,""confidence"":0.8947368264198303,""J"":0.23465901221458627,""F"":0.23586602950668917,""J_and_F"":0.2352625208606377},{""track_id"":2,""confidence"":0.7968254089355469,""J"":0.21875,""F"":0.21875,""J_and_F"":0.21875},{""track_id"":3,""confidence"":0.9609756469726562,""J"":0.25000461404441293,""F"":0.2507059487951807,""J_and_F"":0.2503552814197968},{""track_id"":4,""confidence"":0.976608157157898,""J"":0.28125,""F"":0.28125,""J_and_F"":0.28125},{""track_id"":5,""confidence"":0.9804878830909729,""J"":0.265625,""F"":0.265625,""J_and_F"":0.265625},{""track_id"":6,""confidence"":0.976608157157898,""J"":0.265625,""F"":0.265625,""J_and_F"":0.265625},{""track_id"":7,""confidence"":0.9843749403953552,""J"":0.265625,""F"":0.265625,""J_and_F"":0.265625}]"
long_rvos/9c1297ecd3/2/5/qwen_concept,long_rvos,9c1297ecd3,2,5,dynamic,Man draws a card from a pile of playing cards and puts it in his hand before putting it back into the deck.,qwen_concept,card,2,0,0.29767124181592963,0.30507726132907936,0.3013742515725045,1,0,0,"[{""track_id"":0,""confidence"":0.9139785170555115,""J"":0.29767124181592963,""F"":0.30507726132907936,""J_and_F"":0.3013742515725045},{""track_id"":1,""confidence"":0.7852349281311035,""J"":0.2659714237420273,""F"":0.27851464701641865,""J_and_F"":0.272243035379223}]"
long_rvos/9c1297ecd3/2/7/raw_expression,long_rvos,9c1297ecd3,2,7,dynamic,"The man draws a card from the deck and put it back, then raises his hands and shake hands with another person.",raw_expression,"The man draws a card from the deck and put it back, then raises his hands and shake hands with another person.",2,0,0.5609119792428243,0.5076475738954327,0.5342797765691285,1,1,0,"[{""track_id"":0,""confidence"":0.8083832263946533,""J"":0.5609119792428243,""F"":0.5076475738954327,""J_and_F"":0.5342797765691285},{""track_id"":1,""confidence"":0.6800000071525574,""J"":0.32521934058923985,""F"":0.3138874129837893,""J_and_F"":0.3195533767865146}]"
long_rvos/9c1297ecd3/2/7/concept,long_rvos,9c1297ecd3,2,7,dynamic,"The man draws a card from the deck and put it back, then raises his hands and shake hands with another person.",concept,man,8,0,0.9178774008349467,0.8529318656697621,0.8854046332523544,1,1,1,"[{""track_id"":0,""confidence"":0.8750000596046448,""J"":0.9178774008349467,""F"":0.8529318656697621,""J_and_F"":0.8854046332523544},{""track_id"":1,""confidence"":0.8947368264198303,""J"":0.23465901221458627,""F"":0.23586602950668917,""J_and_F"":0.2352625208606377},{""track_id"":2,""confidence"":0.7968254089355469,""J"":0.21875,""F"":0.21875,""J_and_F"":0.21875},{""track_id"":3,""confidence"":0.9609756469726562,""J"":0.25000461404441293,""F"":0.2507059487951807,""J_and_F"":0.2503552814197968},{""track_id"":4,""confidence"":0.976608157157898,""J"":0.28125,""F"":0.28125,""J_and_F"":0.28125},{""track_id"":5,""confidence"":0.9804878830909729,""J"":0.265625,""F"":0.265625,""J_and_F"":0.265625},{""track_id"":6,""confidence"":0.976608157157898,""J"":0.265625,""F"":0.265625,""J_and_F"":0.265625},{""track_id"":7,""confidence"":0.9843749403953552,""J"":0.265625,""F"":0.265625,""J_and_F"":0.265625}]"
long_rvos/9c1297ecd3/2/7/qwen_concept,long_rvos,9c1297ecd3,2,7,dynamic,"The man draws a card from the deck and put it back, then raises his hands and shake hands with another person.",qwen_concept,man,8,0,0.9178774008349467,0.8529318656697621,0.8854046332523544,1,1,1,"[{""track_id"":0,""confidence"":0.8750000596046448,""J"":0.9178774008349467,""F"":0.8529318656697621,""J_and_F"":0.8854046332523544},{""track_id"":1,""confidence"":0.8947368264198303,""J"":0.23465901221458627,""F"":0.23586602950668917,""J_and_F"":0.2352625208606377},{""track_id"":2,""confidence"":0.7968254089355469,""J"":0.21875,""F"":0.21875,""J_and_F"":0.21875},{""track_id"":3,""confidence"":0.9609756469726562,""J"":0.25000461404441293,""F"":0.2507059487951807,""J_and_F"":0.2503552814197968},{""track_id"":4,""confidence"":0.976608157157898,""J"":0.28125,""F"":0.28125,""J_and_F"":0.28125},{""track_id"":5,""confidence"":0.9804878830909729,""J"":0.265625,""F"":0.265625,""J_and_F"":0.265625},{""track_id"":6,""confidence"":0.976608157157898,""J"":0.265625,""F"":0.265625,""J_and_F"":0.265625},{""track_id"":7,""confidence"":0.9843749403953552,""J"":0.265625,""F"":0.265625,""J_and_F"":0.265625}]"
long_rvos/9c1297ecd3/2/10/raw_expression,long_rvos,9c1297ecd3,2,10,hybrid,"A man in a white hat watches a card trick with a bespectacled man, and talks with him.",raw_expression,"A man in a white hat watches a card trick with a bespectacled man, and talks with him.",3,0,0.5205336402543275,0.49058840758464023,0.5055610239194839,1,1,0,"[{""track_id"":0,""confidence"":0.9375000596046448,""J"":0.5205336402543275,""F"":0.49058840758464023,""J_and_F"":0.5055610239194839},{""track_id"":1,""confidence"":0.8518518805503845,""J"":0.28125,""F"":0.28125,""J_and_F"":0.28125},{""track_id"":2,""confidence"":0.7229437232017517,""J"":0.4190626703117633,""F"":0.42036800451215284,""J_and_F"":0.4197153374119581}]"
long_rvos/9c1297ecd3/2/10/concept,long_rvos,9c1297ecd3,2,10,hybrid,"A man in a white hat watches a card trick with a bespectacled man, and talks with him.",concept,man,8,0,0.9178774008349467,0.8529318656697621,0.8854046332523544,1,1,1,"[{""track_id"":0,""confidence"":0.8750000596046448,""J"":0.9178774008349467,""F"":0.8529318656697621,""J_and_F"":0.8854046332523544},{""track_id"":1,""confidence"":0.8947368264198303,""J"":0.23465901221458627,""F"":0.23586602950668917,""J_and_F"":0.2352625208606377},{""track_id"":2,""confidence"":0.7968254089355469,""J"":0.21875,""F"":0.21875,""J_and_F"":0.21875},{""track_id"":3,""confidence"":0.9609756469726562,""J"":0.25000461404441293,""F"":0.2507059487951807,""J_and_F"":0.2503552814197968},{""track_id"":4,""confidence"":0.976608157157898,""J"":0.28125,""F"":0.28125,""J_and_F"":0.28125},{""track_id"":5,""confidence"":0.9804878830909729,""J"":0.265625,""F"":0.265625,""J_and_F"":0.265625},{""track_id"":6,""confidence"":0.976608157157898,""J"":0.265625,""F"":0.265625,""J_and_F"":0.265625},{""track_id"":7,""confidence"":0.9843749403953552,""J"":0.265625,""F"":0.265625,""J_and_F"":0.265625}]"
long_rvos/9c1297ecd3/2/10/qwen_concept,long_rvos,9c1297ecd3,2,10,hybrid,"A man in a white hat watches a card trick with a bespectacled man, and talks with him.",qwen_concept,man in a white hat,3,2,0.5083713783180591,0.5065213448073247,0.5074463615626919,1,1,0,"[{""track_id"":0,""confidence"":0.827957034111023,""J"":0.5204665239494306,""F"":0.49026939897617805,""J_and_F"":0.5053679614628044},{""track_id"":1,""confidence"":0.6717948913574219,""J"":0.31160062157420126,""F"":0.3107639517977335,""J_and_F"":0.31118228668596737},{""track_id"":2,""confidence"":0.7419355511665344,""J"":0.5083713783180591,""F"":0.5065213448073247,""J_and_F"":0.5074463615626919}]"
long_rvos/9c1297ecd3/2/11/raw_expression,long_rvos,9c1297ecd3,2,11,hybrid,A man wearing red clothes assists another man in performing magic.,raw_expression,A man wearing red clothes assists another man in performing magic.,1,0,0.8670159600531895,0.8002789615525245,0.833647460802857,1,1,1,"[{""track_id"":0,""confidence"":0.6717948913574219,""J"":0.8670159600531895,""F"":0.8002789615525245,""J_and_F"":0.833647460802857}]"
long_rvos/9c1297ecd3/2/11/concept,long_rvos,9c1297ecd3,2,11,hybrid,A man wearing red clothes assists another man in performing magic.,concept,man,8,0,0.9178774008349467,0.8529318656697621,0.8854046332523544,1,1,1,"[{""track_id"":0,""confidence"":0.8750000596046448,""J"":0.9178774008349467,""F"":0.8529318656697621,""J_and_F"":0.8854046332523544},{""track_id"":1,""confidence"":0.8947368264198303,""J"":0.23465901221458627,""F"":0.23586602950668917,""J_and_F"":0.2352625208606377},{""track_id"":2,""confidence"":0.7968254089355469,""J"":0.21875,""F"":0.21875,""J_and_F"":0.21875},{""track_id"":3,""confidence"":0.9609756469726562,""J"":0.25000461404441293,""F"":0.2507059487951807,""J_and_F"":0.2503552814197968},{""track_id"":4,""confidence"":0.976608157157898,""J"":0.28125,""F"":0.28125,""J_and_F"":0.28125},{""track_id"":5,""confidence"":0.9804878830909729,""J"":0.265625,""F"":0.265625,""J_and_F"":0.265625},{""track_id"":6,""confidence"":0.976608157157898,""J"":0.265625,""F"":0.265625,""J_and_F"":0.265625},{""track_id"":7,""confidence"":0.9843749403953552,""J"":0.265625,""F"":0.265625,""J_and_F"":0.265625}]"
long_rvos/9c1297ecd3/2/11/qwen_concept,long_rvos,9c1297ecd3,2,11,hybrid,A man wearing red clothes assists another man in performing magic.,qwen_concept,man wearing red clothes,1,0,0.9125329080768467,0.8448868983916887,0.8787099032342678,1,1,1,"[{""track_id"":0,""confidence"":0.6559139490127563,""J"":0.9125329080768467,""F"":0.8448868983916887,""J_and_F"":0.8787099032342678}]"
long_rvos/9c1297ecd3/2/4/raw_expression,long_rvos,9c1297ecd3,2,4,static,"A man wearing a white hat and a red shirt. In front of him stands a man wearing glasses, a black jacket, holding a deck of cards.",raw_expression,"A man wearing a white hat and a red shirt. In front of him stands a man wearing glasses, a black jacket, holding a deck of cards.",1,0,0.32415126852930576,0.3039952725032822,0.31407327051629397,1,0,0,"[{""track_id"":0,""confidence"":0.7852349281311035,""J"":0.32415126852930576,""F"":0.3039952725032822,""J_and_F"":0.31407327051629397}]"
long_rvos/9c1297ecd3/2/4/concept,long_rvos,9c1297ecd3,2,4,static,"A man wearing a white hat and a red shirt. In front of him stands a man wearing glasses, a black jacket, holding a deck of cards.",concept,man,8,0,0.9178774008349467,0.8529318656697621,0.8854046332523544,1,1,1,"[{""track_id"":0,""confidence"":0.8750000596046448,""J"":0.9178774008349467,""F"":0.8529318656697621,""J_and_F"":0.8854046332523544},{""track_id"":1,""confidence"":0.8947368264198303,""J"":0.23465901221458627,""F"":0.23586602950668917,""J_and_F"":0.2352625208606377},{""track_id"":2,""confidence"":0.7968254089355469,""J"":0.21875,""F"":0.21875,""J_and_F"":0.21875},{""track_id"":3,""confidence"":0.9609756469726562,""J"":0.25000461404441293,""F"":0.2507059487951807,""J_and_F"":0.2503552814197968},{""track_id"":4,""confidence"":0.976608157157898,""J"":0.28125,""F"":0.28125,""J_and_F"":0.28125},{""track_id"":5,""confidence"":0.9804878830909729,""J"":0.265625,""F"":0.265625,""J_and_F"":0.265625},{""track_id"":6,""confidence"":0.976608157157898,""J"":0.265625,""F"":0.265625,""J_and_F"":0.265625},{""track_id"":7,""confidence"":0.9843749403953552,""J"":0.265625,""F"":0.265625,""J_and_F"":0.265625}]"
long_rvos/9c1297ecd3/2/4/qwen_concept,long_rvos,9c1297ecd3,2,4,static,"A man wearing a white hat and a red shirt. In front of him stands a man wearing glasses, a black jacket, holding a deck of cards.",qwen_concept,man wearing a white hat and a red shirt,4,3,0.5088696728184585,0.5105841569383257,0.5097269148783921,1,1,0,"[{""track_id"":0,""confidence"":null,""J"":0.296875,""F"":0.296875,""J_and_F"":0.296875},{""track_id"":1,""confidence"":0.941605806350708,""J"":0.5204806954878414,""F"":0.49049486648171337,""J_and_F"":0.5054877809847773},{""track_id"":2,""confidence"":0.941605806350708,""J"":0.2959821671403511,""F"":0.2951799706746161,""J_and_F"":0.2955810689074836},{""track_id"":3,""confidence"":0.9298245906829834,""J"":0.5088696728184585,""F"":0.5105841569383257,""J_and_F"":0.5097269148783921}]"
long_rvos/9c1297ecd3/2/6/raw_expression,long_rvos,9c1297ecd3,2,6,static,A man wearing red clothes.,raw_expression,A man wearing red clothes.,1,0,0.9372086506844926,0.868938191284667,0.9030734209845798,1,1,1,"[{""track_id"":0,""confidence"":0.6604774594306946,""J"":0.9372086506844926,""F"":0.868938191284667,""J_and_F"":0.9030734209845798}]"
long_rvos/9c1297ecd3/2/6/concept,long_rvos,9c1297ecd3,2,6,static,A man wearing red clothes.,concept,man,8,0,0.9178774008349467,0.8529318656697621,0.8854046332523544,1,1,1,"[{""track_id"":0,""confidence"":0.8750000596046448,""J"":0.9178774008349467,""F"":0.8529318656697621,""J_and_F"":0.8854046332523544},{""track_id"":1,""confidence"":0.8947368264198303,""J"":0.23465901221458627,""F"":0.23586602950668917,""J_and_F"":0.2352625208606377},{""track_id"":2,""confidence"":0.7968254089355469,""J"":0.21875,""F"":0.21875,""J_and_F"":0.21875},{""track_id"":3,""confidence"":0.9609756469726562,""J"":0.25000461404441293,""F"":0.2507059487951807,""J_and_F"":0.2503552814197968},{""track_id"":4,""confidence"":0.976608157157898,""J"":0.28125,""F"":0.28125,""J_and_F"":0.28125},{""track_id"":5,""confidence"":0.9804878830909729,""J"":0.265625,""F"":0.265625,""J_and_F"":0.265625},{""track_id"":6,""confidence"":0.976608157157898,""J"":0.265625,""F"":0.265625,""J_and_F"":0.265625},{""track_id"":7,""confidence"":0.9843749403953552,""J"":0.265625,""F"":0.265625,""J_and_F"":0.265625}]"
long_rvos/9c1297ecd3/2/6/qwen_concept,long_rvos,9c1297ecd3,2,6,static,A man wearing red clothes.,qwen_concept,man,8,0,0.9178774008349467,0.8529318656697621,0.8854046332523544,1,1,1,"[{""track_id"":0,""confidence"":0.8750000596046448,""J"":0.9178774008349467,""F"":0.8529318656697621,""J_and_F"":0.8854046332523544},{""track_id"":1,""confidence"":0.8947368264198303,""J"":0.23465901221458627,""F"":0.23586602950668917,""J_and_F"":0.2352625208606377},{""track_id"":2,""confidence"":0.7968254089355469,""J"":0.21875,""F"":0.21875,""J_and_F"":0.21875},{""track_id"":3,""confidence"":0.9609756469726562,""J"":0.25000461404441293,""F"":0.2507059487951807,""J_and_F"":0.2503552814197968},{""track_id"":4,""confidence"":0.976608157157898,""J"":0.28125,""F"":0.28125,""J_and_F"":0.28125},{""track_id"":5,""confidence"":0.9804878830909729,""J"":0.265625,""F"":0.265625,""J_and_F"":0.265625},{""track_id"":6,""confidence"":0.976608157157898,""J"":0.265625,""F"":0.265625,""J_and_F"":0.265625},{""track_id"":7,""confidence"":0.9843749403953552,""J"":0.265625,""F"":0.265625,""J_and_F"":0.265625}]"
long_rvos/af7297f0db/1/1/raw_expression,long_rvos,af7297f0db,1,1,dynamic,"The baby is being held by the man, playing with the dog in the living room, then placed next to the dog on the floor and crawls.",raw_expression,"The baby is being held by the man, playing with the dog in the living room, then placed next to the dog on the floor and crawls.",0,,0.0,0.0,0.0,0,0,0,[]
long_rvos/af7297f0db/1/1/concept,long_rvos,af7297f0db,1,1,dynamic,"The baby is being held by the man, playing with the dog in the living room, then placed next to the dog on the floor and crawls.",concept,baby,8,16,0.13834660685998762,0.15039964822152133,0.1443731275407545,0,0,0,"[{""track_id"":0,""confidence"":0.7264957427978516,""J"":0.11692125404336978,""F"":0.10825944376841137,""J_and_F"":0.11259034890589058},{""track_id"":2,""confidence"":0.7655677795410156,""J"":0.1289381881504043,""F"":0.13616257443292967,""J_and_F"":0.132550381291667},{""track_id"":4,""confidence"":null,""J"":0.046875,""F"":0.046875,""J_and_F"":0.046875},{""track_id"":5,""confidence"":0.7419355511665344,""J"":0.05682651564537158,""F"":0.06025391048726515,""J_and_F"":0.05854021306631836},{""track_id"":6,""confidence"":0.6878048777580261,""J"":0.058536022167487683,""F"":0.05876256629325505,""J_and_F"":0.058649294230371365},{""track_id"":11,""confidence"":0.7697842121124268,""J"":0.0673424944378305,""F"":0.06455213915493074,""J_and_F"":0.06594731679638062},{""track_id"":12,""confidence"":null,""J"":0.046875,""F"":0.046875,""J_and_F"":0.046875},{""track_id"":16,""confidence"":0.8750000596046448,""J"":0.13834660685998762,""F"":0.15039964822152133,""J_and_F"":0.1443731275407545}]"
long_rvos/af7297f0db/1/1/qwen_concept,long_rvos,af7297f0db,1,1,dynamic,"The baby is being held by the man, playing with the dog in the living room, then placed next to the dog on the floor and crawls.",qwen_concept,baby,8,16,0.13834660685998762,0.15039964822152133,0.1443731275407545,0,0,0,"[{""track_id"":0,""confidence"":0.7264957427978516,""J"":0.11692125404336978,""F"":0.10825944376841137,""J_and_F"":0.11259034890589058},{""track_id"":2,""confidence"":0.7655677795410156,""J"":0.1289381881504043,""F"":0.13616257443292967,""J_and_F"":0.132550381291667},{""track_id"":4,""confidence"":null,""J"":0.046875,""F"":0.046875,""J_and_F"":0.046875},{""track_id"":5,""confidence"":0.7419355511665344,""J"":0.05682651564537158,""F"":0.06025391048726515,""J_and_F"":0.05854021306631836},{""track_id"":6,""confidence"":0.6878048777580261,""J"":0.058536022167487683,""F"":0.05876256629325505,""J_and_F"":0.058649294230371365},{""track_id"":11,""confidence"":0.7697842121124268,""J"":0.0673424944378305,""F"":0.06455213915493074,""J_and_F"":0.06594731679638062},{""track_id"":12,""confidence"":null,""J"":0.046875,""F"":0.046875,""J_and_F"":0.046875},{""track_id"":16,""confidence"":0.8750000596046448,""J"":0.13834660685998762,""F"":0.15039964822152133,""J_and_F"":0.1443731275407545}]"
long_rvos/af7297f0db/1/6/raw_expression,long_rvos,af7297f0db,1,6,hybrid,"A baby in white and gray is held by a man, plays with a dog, and crawls on the floor.",raw_expression,"A baby in white and gray is held by a man, plays with a dog, and crawls on the floor.",0,,0.0,0.0,0.0,0,0,0,[]
long_rvos/af7297f0db/1/6/concept,long_rvos,af7297f0db,1,6,hybrid,"A baby in white and gray is held by a man, plays with a dog, and crawls on the floor.",concept,baby,8,16,0.13834660685998762,0.15039964822152133,0.1443731275407545,0,0,0,"[{""track_id"":0,""confidence"":0.7264957427978516,""J"":0.11692125404336978,""F"":0.10825944376841137,""J_and_F"":0.11259034890589058},{""track_id"":2,""confidence"":0.7655677795410156,""J"":0.1289381881504043,""F"":0.13616257443292967,""J_and_F"":0.132550381291667},{""track_id"":4,""confidence"":null,""J"":0.046875,""F"":0.046875,""J_and_F"":0.046875},{""track_id"":5,""confidence"":0.7419355511665344,""J"":0.05682651564537158,""F"":0.06025391048726515,""J_and_F"":0.05854021306631836},{""track_id"":6,""confidence"":0.6878048777580261,""J"":0.058536022167487683,""F"":0.05876256629325505,""J_and_F"":0.058649294230371365},{""track_id"":11,""confidence"":0.7697842121124268,""J"":0.0673424944378305,""F"":0.06455213915493074,""J_and_F"":0.06594731679638062},{""track_id"":12,""confidence"":null,""J"":0.046875,""F"":0.046875,""J_and_F"":0.046875},{""track_id"":16,""confidence"":0.8750000596046448,""J"":0.13834660685998762,""F"":0.15039964822152133,""J_and_F"":0.1443731275407545}]"
long_rvos/af7297f0db/1/6/qwen_concept,long_rvos,af7297f0db,1,6,hybrid,"A baby in white and gray is held by a man, plays with a dog, and crawls on the floor.",qwen_concept,baby,8,16,0.13834660685998762,0.15039964822152133,0.1443731275407545,0,0,0,"[{""track_id"":0,""confidence"":0.7264957427978516,""J"":0.11692125404336978,""F"":0.10825944376841137,""J_and_F"":0.11259034890589058},{""track_id"":2,""confidence"":0.7655677795410156,""J"":0.1289381881504043,""F"":0.13616257443292967,""J_and_F"":0.132550381291667},{""track_id"":4,""confidence"":null,""J"":0.046875,""F"":0.046875,""J_and_F"":0.046875},{""track_id"":5,""confidence"":0.7419355511665344,""J"":0.05682651564537158,""F"":0.06025391048726515,""J_and_F"":0.05854021306631836},{""track_id"":6,""confidence"":0.6878048777580261,""J"":0.058536022167487683,""F"":0.05876256629325505,""J_and_F"":0.058649294230371365},{""track_id"":11,""confidence"":0.7697842121124268,""J"":0.0673424944378305,""F"":0.06455213915493074,""J_and_F"":0.06594731679638062},{""track_id"":12,""confidence"":null,""J"":0.046875,""F"":0.046875,""J_and_F"":0.046875},{""track_id"":16,""confidence"":0.8750000596046448,""J"":0.13834660685998762,""F"":0.15039964822152133,""J_and_F"":0.1443731275407545}]"
long_rvos/af7297f0db/1/0/raw_expression,long_rvos,af7297f0db,1,0,static,"A baby wearing a white short-sleeve shirt and gray pants, in the living room, with a man wearing a gray short-sleeve shirt and blue jeans, and a dog beside them.",raw_expression,"A baby wearing a white short-sleeve shirt and gray pants, in the living room, with a man wearing a gray short-sleeve shirt and blue jeans, and a dog beside them.",0,,0.0,0.0,0.0,0,0,0,[]
long_rvos/af7297f0db/1/0/concept,long_rvos,af7297f0db,1,0,static,"A baby wearing a white short-sleeve shirt and gray pants, in the living room, with a man wearing a gray short-sleeve shirt and blue jeans, and a dog beside them.",concept,baby,8,16,0.13834660685998762,0.15039964822152133,0.1443731275407545,0,0,0,"[{""track_id"":0,""confidence"":0.7264957427978516,""J"":0.11692125404336978,""F"":0.10825944376841137,""J_and_F"":0.11259034890589058},{""track_id"":2,""confidence"":0.7655677795410156,""J"":0.1289381881504043,""F"":0.13616257443292967,""J_and_F"":0.132550381291667},{""track_id"":4,""confidence"":null,""J"":0.046875,""F"":0.046875,""J_and_F"":0.046875},{""track_id"":5,""confidence"":0.7419355511665344,""J"":0.05682651564537158,""F"":0.06025391048726515,""J_and_F"":0.05854021306631836},{""track_id"":6,""confidence"":0.6878048777580261,""J"":0.058536022167487683,""F"":0.05876256629325505,""J_and_F"":0.058649294230371365},{""track_id"":11,""confidence"":0.7697842121124268,""J"":0.0673424944378305,""F"":0.06455213915493074,""J_and_F"":0.06594731679638062},{""track_id"":12,""confidence"":null,""J"":0.046875,""F"":0.046875,""J_and_F"":0.046875},{""track_id"":16,""confidence"":0.8750000596046448,""J"":0.13834660685998762,""F"":0.15039964822152133,""J_and_F"":0.1443731275407545}]"
long_rvos/af7297f0db/1/0/qwen_concept,long_rvos,af7297f0db,1,0,static,"A baby wearing a white short-sleeve shirt and gray pants, in the living room, with a man wearing a gray short-sleeve shirt and blue jeans, and a dog beside them.",qwen_concept,baby,8,16,0.13834660685998762,0.15039964822152133,0.1443731275407545,0,0,0,"[{""track_id"":0,""confidence"":0.7264957427978516,""J"":0.11692125404336978,""F"":0.10825944376841137,""J_and_F"":0.11259034890589058},{""track_id"":2,""confidence"":0.7655677795410156,""J"":0.1289381881504043,""F"":0.13616257443292967,""J_and_F"":0.132550381291667},{""track_id"":4,""confidence"":null,""J"":0.046875,""F"":0.046875,""J_and_F"":0.046875},{""track_id"":5,""confidence"":0.7419355511665344,""J"":0.05682651564537158,""F"":0.06025391048726515,""J_and_F"":0.05854021306631836},{""track_id"":6,""confidence"":0.6878048777580261,""J"":0.058536022167487683,""F"":0.05876256629325505,""J_and_F"":0.058649294230371365},{""track_id"":11,""confidence"":0.7697842121124268,""J"":0.0673424944378305,""F"":0.06455213915493074,""J_and_F"":0.06594731679638062},{""track_id"":12,""confidence"":null,""J"":0.046875,""F"":0.046875,""J_and_F"":0.046875},{""track_id"":16,""confidence"":0.8750000596046448,""J"":0.13834660685998762,""F"":0.15039964822152133,""J_and_F"":0.1443731275407545}]"
long_rvos/c5c9b749d4/2/5/raw_expression,long_rvos,c5c9b749d4,2,5,dynamic,A man is playing a motion game with his friends with a serious expression.,raw_expression,A man is playing a motion game with his friends with a serious expression.,0,,0.0,0.0,0.0,0,0,0,[]
long_rvos/c5c9b749d4/2/5/concept,long_rvos,c5c9b749d4,2,5,dynamic,A man is playing a motion game with his friends with a serious expression.,concept,man,11,0,0.8031234057111807,0.7256122719885714,0.764367838849876,1,1,1,"[{""track_id"":0,""confidence"":0.96875,""J"":0.8031234057111807,""F"":0.7256122719885714,""J_and_F"":0.764367838849876},{""track_id"":1,""confidence"":0.96875,""J"":0.47095147535196136,""F"":0.49468735488487603,""J_and_F"":0.4828194151184187},{""track_id"":3,""confidence"":0.7620818018913269,""J"":0.5,""F"":0.5,""J_and_F"":0.5},{""track_id"":4,""confidence"":0.9336099624633789,""J"":0.484375,""F"":0.484375,""J_and_F"":0.484375},{""track_id"":5,""confidence"":0.9024390578269958,""J"":0.484375,""F"":0.484375,""J_and_F"":0.484375},{""track_id"":6,""confidence"":0.9375000596046448,""J"":0.5001990956742944,""F"":0.5005628688094086,""J_and_F"":0.5003809822418515},{""track_id"":7,""confidence"":0.949367105960846,""J"":0.453125,""F"":0.453125,""J_and_F"":0.453125},{""track_id"":8,""confidence"":0.859649121761322,""J"":0.5000808629756383,""F"":0.5004808101136653,""J_and_F"":0.5002808365446518},{""track_id"":9,""confidence"":-4999.629032224417,""J"":0.46875,""F"":0.46875,""J_and_F"":0.46875},{""track_id"":10,""confidence"":0.9259259104728699,""J"":0.521580749060138,""F"":0.5150337594431709,""J_and_F"":0.5183072542516545},{""track_id"":14,""confidence"":0.8400000333786011,""J"":0.5529718814388169,""F"":0.5448268713782644,""J_and_F"":0.5488993764085406}]"
long_rvos/c5c9b749d4/2/5/qwen_concept,long_rvos,c5c9b749d4,2,5,dynamic,A man is playing a motion game with his friends with a serious expression.,qwen_concept,man,11,0,0.8031234057111807,0.7256122719885714,0.764367838849876,1,1,1,"[{""track_id"":0,""confidence"":0.96875,""J"":0.8031234057111807,""F"":0.7256122719885714,""J_and_F"":0.764367838849876},{""track_id"":1,""confidence"":0.96875,""J"":0.47095147535196136,""F"":0.49468735488487603,""J_and_F"":0.4828194151184187},{""track_id"":3,""confidence"":0.7620818018913269,""J"":0.5,""F"":0.5,""J_and_F"":0.5},{""track_id"":4,""confidence"":0.9336099624633789,""J"":0.484375,""F"":0.484375,""J_and_F"":0.484375},{""track_id"":5,""confidence"":0.9024390578269958,""J"":0.484375,""F"":0.484375,""J_and_F"":0.484375},{""track_id"":6,""confidence"":0.9375000596046448,""J"":0.5001990956742944,""F"":0.5005628688094086,""J_and_F"":0.5003809822418515},{""track_id"":7,""confidence"":0.949367105960846,""J"":0.453125,""F"":0.453125,""J_and_F"":0.453125},{""track_id"":8,""confidence"":0.859649121761322,""J"":0.5000808629756383,""F"":0.5004808101136653,""J_and_F"":0.5002808365446518},{""track_id"":9,""confidence"":-4999.629032224417,""J"":0.46875,""F"":0.46875,""J_and_F"":0.46875},{""track_id"":10,""confidence"":0.9259259104728699,""J"":0.521580749060138,""F"":0.5150337594431709,""J_and_F"":0.5183072542516545},{""track_id"":14,""confidence"":0.8400000333786011,""J"":0.5529718814388169,""F"":0.5448268713782644,""J_and_F"":0.5488993764085406}]"
long_rvos/c5c9b749d4/2/7/raw_expression,long_rvos,c5c9b749d4,2,7,dynamic,"The man in black is holding a controller and swinging his fists, playing a fighting game.",raw_expression,"The man in black is holding a controller and swinging his fists, playing a fighting game.",1,0,0.5211253220527976,0.5132551723002542,0.517190247176526,1,1,0,"[{""track_id"":0,""confidence"":0.7387754917144775,""J"":0.5211253220527976,""F"":0.5132551723002542,""J_and_F"":0.517190247176526}]"
long_rvos/c5c9b749d4/2/7/concept,long_rvos,c5c9b749d4,2,7,dynamic,"The man in black is holding a controller and swinging his fists, playing a fighting game.",concept,man,11,0,0.8031234057111807,0.7256122719885714,0.764367838849876,1,1,1,"[{""track_id"":0,""confidence"":0.96875,""J"":0.8031234057111807,""F"":0.7256122719885714,""J_and_F"":0.764367838849876},{""track_id"":1,""confidence"":0.96875,""J"":0.47095147535196136,""F"":0.49468735488487603,""J_and_F"":0.4828194151184187},{""track_id"":3,""confidence"":0.7620818018913269,""J"":0.5,""F"":0.5,""J_and_F"":0.5},{""track_id"":4,""confidence"":0.9336099624633789,""J"":0.484375,""F"":0.484375,""J_and_F"":0.484375},{""track_id"":5,""confidence"":0.9024390578269958,""J"":0.484375,""F"":0.484375,""J_and_F"":0.484375},{""track_id"":6,""confidence"":0.9375000596046448,""J"":0.5001990956742944,""F"":0.5005628688094086,""J_and_F"":0.5003809822418515},{""track_id"":7,""confidence"":0.949367105960846,""J"":0.453125,""F"":0.453125,""J_and_F"":0.453125},{""track_id"":8,""confidence"":0.859649121761322,""J"":0.5000808629756383,""F"":0.5004808101136653,""J_and_F"":0.5002808365446518},{""track_id"":9,""confidence"":-4999.629032224417,""J"":0.46875,""F"":0.46875,""J_and_F"":0.46875},{""track_id"":10,""confidence"":0.9259259104728699,""J"":0.521580749060138,""F"":0.5150337594431709,""J_and_F"":0.5183072542516545},{""track_id"":14,""confidence"":0.8400000333786011,""J"":0.5529718814388169,""F"":0.5448268713782644,""J_and_F"":0.5488993764085406}]"
long_rvos/c5c9b749d4/2/7/qwen_concept,long_rvos,c5c9b749d4,2,7,dynamic,"The man in black is holding a controller and swinging his fists, playing a fighting game.",qwen_concept,man in black,9,1,0.7464643928122382,0.6812644975487756,0.713864445180507,1,1,1,"[{""track_id"":0,""confidence"":0.9259259104728699,""J"":0.5215913662620325,""F"":0.5127402668824391,""J_and_F"":0.5171658165722358},{""track_id"":1,""confidence"":0.6521739363670349,""J"":0.7464643928122382,""F"":0.6812644975487756,""J_and_F"":0.713864445180507},{""track_id"":5,""confidence"":0.7852349281311035,""J"":0.5145977433857859,""F"":0.5130839938194571,""J_and_F"":0.5138408686026215},{""track_id"":6,""confidence"":0.7815700173377991,""J"":0.529023409945385,""F"":0.5264921072850064,""J_and_F"":0.5277577586151957},{""track_id"":8,""confidence"":0.7460317611694336,""J"":0.5149281875110919,""F"":0.513101279788173,""J_and_F"":0.5140147336496325},{""track_id"":9,""confidence"":0.8672199249267578,""J"":0.5122470844607323,""F"":0.5113909917846405,""J_and_F"":0.5118190381226864},{""track_id"":10,""confidence"":0.719298243522644,""J"":0.46875,""F"":0.46875,""J_and_F"":0.46875},{""track_id"":11,""confidence"":0.7387754917144775,""J"":0.484375,""F"":0.484375,""J_and_F"":0.484375},{""track_id"":12,""confidence"":0.675126850605011,""J"":0.484375,""F"":0.484375,""J_and_F"":0.484375}]"
long_rvos/c5c9b749d4/2/10/raw_expression,long_rvos,c5c9b749d4,2,10,hybrid,A man wearing black clothes plays motion-sensing games with friends.,raw_expression,A man wearing black clothes plays motion-sensing games with friends.,0,,0.0,0.0,0.0,0,0,0,[]
long_rvos/c5c9b749d4/2/10/concept,long_rvos,c5c9b749d4,2,10,hybrid,A man wearing black clothes plays motion-sensing games with friends.,concept,man,11,0,0.8031234057111807,0.7256122719885714,0.764367838849876,1,1,1,"[{""track_id"":0,""confidence"":0.96875,""J"":0.8031234057111807,""F"":0.7256122719885714,""J_and_F"":0.764367838849876},{""track_id"":1,""confidence"":0.96875,""J"":0.47095147535196136,""F"":0.49468735488487603,""J_and_F"":0.4828194151184187},{""track_id"":3,""confidence"":0.7620818018913269,""J"":0.5,""F"":0.5,""J_and_F"":0.5},{""track_id"":4,""confidence"":0.9336099624633789,""J"":0.484375,""F"":0.484375,""J_and_F"":0.484375},{""track_id"":5,""confidence"":0.9024390578269958,""J"":0.484375,""F"":0.484375,""J_and_F"":0.484375},{""track_id"":6,""confidence"":0.9375000596046448,""J"":0.5001990956742944,""F"":0.5005628688094086,""J_and_F"":0.5003809822418515},{""track_id"":7,""confidence"":0.949367105960846,""J"":0.453125,""F"":0.453125,""J_and_F"":0.453125},{""track_id"":8,""confidence"":0.859649121761322,""J"":0.5000808629756383,""F"":0.5004808101136653,""J_and_F"":0.5002808365446518},{""track_id"":9,""confidence"":-4999.629032224417,""J"":0.46875,""F"":0.46875,""J_and_F"":0.46875},{""track_id"":10,""confidence"":0.9259259104728699,""J"":0.521580749060138,""F"":0.5150337594431709,""J_and_F"":0.5183072542516545},{""track_id"":14,""confidence"":0.8400000333786011,""J"":0.5529718814388169,""F"":0.5448268713782644,""J_and_F"":0.5488993764085406}]"
long_rvos/c5c9b749d4/2/10/qwen_concept,long_rvos,c5c9b749d4,2,10,hybrid,A man wearing black clothes plays motion-sensing games with friends.,qwen_concept,man,11,0,0.8031234057111807,0.7256122719885714,0.764367838849876,1,1,1,"[{""track_id"":0,""confidence"":0.96875,""J"":0.8031234057111807,""F"":0.7256122719885714,""J_and_F"":0.764367838849876},{""track_id"":1,""confidence"":0.96875,""J"":0.47095147535196136,""F"":0.49468735488487603,""J_and_F"":0.4828194151184187},{""track_id"":3,""confidence"":0.7620818018913269,""J"":0.5,""F"":0.5,""J_and_F"":0.5},{""track_id"":4,""confidence"":0.9336099624633789,""J"":0.484375,""F"":0.484375,""J_and_F"":0.484375},{""track_id"":5,""confidence"":0.9024390578269958,""J"":0.484375,""F"":0.484375,""J_and_F"":0.484375},{""track_id"":6,""confidence"":0.9375000596046448,""J"":0.5001990956742944,""F"":0.5005628688094086,""J_and_F"":0.5003809822418515},{""track_id"":7,""confidence"":0.949367105960846,""J"":0.453125,""F"":0.453125,""J_and_F"":0.453125},{""track_id"":8,""confidence"":0.859649121761322,""J"":0.5000808629756383,""F"":0.5004808101136653,""J_and_F"":0.5002808365446518},{""track_id"":9,""confidence"":-4999.629032224417,""J"":0.46875,""F"":0.46875,""J_and_F"":0.46875},{""track_id"":10,""confidence"":0.9259259104728699,""J"":0.521580749060138,""F"":0.5150337594431709,""J_and_F"":0.5183072542516545},{""track_id"":14,""confidence"":0.8400000333786011,""J"":0.5529718814388169,""F"":0.5448268713782644,""J_and_F"":0.5488993764085406}]"
long_rvos/c5c9b749d4/2/11/raw_expression,long_rvos,c5c9b749d4,2,11,hybrid,A man in a black shirt swings his fists while playing a fighting game.,raw_expression,A man in a black shirt swings his fists while playing a fighting game.,2,0,0.5138909310121743,0.5136861158690252,0.5137885234405998,1,1,0,"[{""track_id"":0,""confidence"":0.6521739363670349,""J"":0.5138909310121743,""F"":0.5136861158690252,""J_and_F"":0.5137885234405998},{""track_id"":1,""confidence"":0.7575758099555969,""J"":0.4375,""F"":0.4375,""J_and_F"":0.4375}]"
long_rvos/c5c9b749d4/2/11/concept,long_rvos,c5c9b749d4,2,11,hybrid,A man in a black shirt swings his fists while playing a fighting game.,concept,man,11,0,0.8031234057111807,0.7256122719885714,0.764367838849876,1,1,1,"[{""track_id"":0,""confidence"":0.96875,""J"":0.8031234057111807,""F"":0.7256122719885714,""J_and_F"":0.764367838849876},{""track_id"":1,""confidence"":0.96875,""J"":0.47095147535196136,""F"":0.49468735488487603,""J_and_F"":0.4828194151184187},{""track_id"":3,""confidence"":0.7620818018913269,""J"":0.5,""F"":0.5,""J_and_F"":0.5},{""track_id"":4,""confidence"":0.9336099624633789,""J"":0.484375,""F"":0.484375,""J_and_F"":0.484375},{""track_id"":5,""confidence"":0.9024390578269958,""J"":0.484375,""F"":0.484375,""J_and_F"":0.484375},{""track_id"":6,""confidence"":0.9375000596046448,""J"":0.5001990956742944,""F"":0.5005628688094086,""J_and_F"":0.5003809822418515},{""track_id"":7,""confidence"":0.949367105960846,""J"":0.453125,""F"":0.453125,""J_and_F"":0.453125},{""track_id"":8,""confidence"":0.859649121761322,""J"":0.5000808629756383,""F"":0.5004808101136653,""J_and_F"":0.5002808365446518},{""track_id"":9,""confidence"":-4999.629032224417,""J"":0.46875,""F"":0.46875,""J_and_F"":0.46875},{""track_id"":10,""confidence"":0.9259259104728699,""J"":0.521580749060138,""F"":0.5150337594431709,""J_and_F"":0.5183072542516545},{""track_id"":14,""confidence"":0.8400000333786011,""J"":0.5529718814388169,""F"":0.5448268713782644,""J_and_F"":0.5488993764085406}]"
long_rvos/c5c9b749d4/2/11/qwen_concept,long_rvos,c5c9b749d4,2,11,hybrid,A man in a black shirt swings his fists while playing a fighting game.,qwen_concept,man,11,0,0.8031234057111807,0.7256122719885714,0.764367838849876,1,1,1,"[{""track_id"":0,""confidence"":0.96875,""J"":0.8031234057111807,""F"":0.7256122719885714,""J_and_F"":0.764367838849876},{""track_id"":1,""confidence"":0.96875,""J"":0.47095147535196136,""F"":0.49468735488487603,""J_and_F"":0.4828194151184187},{""track_id"":3,""confidence"":0.7620818018913269,""J"":0.5,""F"":0.5,""J_and_F"":0.5},{""track_id"":4,""confidence"":0.9336099624633789,""J"":0.484375,""F"":0.484375,""J_and_F"":0.484375},{""track_id"":5,""confidence"":0.9024390578269958,""J"":0.484375,""F"":0.484375,""J_and_F"":0.484375},{""track_id"":6,""confidence"":0.9375000596046448,""J"":0.5001990956742944,""F"":0.5005628688094086,""J_and_F"":0.5003809822418515},{""track_id"":7,""confidence"":0.949367105960846,""J"":0.453125,""F"":0.453125,""J_and_F"":0.453125},{""track_id"":8,""confidence"":0.859649121761322,""J"":0.5000808629756383,""F"":0.5004808101136653,""J_and_F"":0.5002808365446518},{""track_id"":9,""confidence"":-4999.629032224417,""J"":0.46875,""F"":0.46875,""J_and_F"":0.46875},{""track_id"":10,""confidence"":0.9259259104728699,""J"":0.521580749060138,""F"":0.5150337594431709,""J_and_F"":0.5183072542516545},{""track_id"":14,""confidence"":0.8400000333786011,""J"":0.5529718814388169,""F"":0.5448268713782644,""J_and_F"":0.5488993764085406}]"
long_rvos/c5c9b749d4/2/4/raw_expression,long_rvos,c5c9b749d4,2,4,static,A man wearing black clothes.,raw_expression,A man wearing black clothes.,3,0,0.8608442919975778,0.7782934515517435,0.8195688717746606,1,1,1,"[{""track_id"":0,""confidence"":0.921951174736023,""J"":0.8608442919975778,""F"":0.7782934515517435,""J_and_F"":0.8195688717746606},{""track_id"":1,""confidence"":null,""J"":0.5,""F"":0.5,""J_and_F"":0.5},{""track_id"":5,""confidence"":0.6800000071525574,""J"":0.4375,""F"":0.4375,""J_and_F"":0.4375}]"
long_rvos/c5c9b749d4/2/4/concept,long_rvos,c5c9b749d4,2,4,static,A man wearing black clothes.,concept,man,11,0,0.8031234057111807,0.7256122719885714,0.764367838849876,1,1,1,"[{""track_id"":0,""confidence"":0.96875,""J"":0.8031234057111807,""F"":0.7256122719885714,""J_and_F"":0.764367838849876},{""track_id"":1,""confidence"":0.96875,""J"":0.47095147535196136,""F"":0.49468735488487603,""J_and_F"":0.4828194151184187},{""track_id"":3,""confidence"":0.7620818018913269,""J"":0.5,""F"":0.5,""J_and_F"":0.5},{""track_id"":4,""confidence"":0.9336099624633789,""J"":0.484375,""F"":0.484375,""J_and_F"":0.484375},{""track_id"":5,""confidence"":0.9024390578269958,""J"":0.484375,""F"":0.484375,""J_and_F"":0.484375},{""track_id"":6,""confidence"":0.9375000596046448,""J"":0.5001990956742944,""F"":0.5005628688094086,""J_and_F"":0.5003809822418515},{""track_id"":7,""confidence"":0.949367105960846,""J"":0.453125,""F"":0.453125,""J_and_F"":0.453125},{""track_id"":8,""confidence"":0.859649121761322,""J"":0.5000808629756383,""F"":0.5004808101136653,""J_and_F"":0.5002808365446518},{""track_id"":9,""confidence"":-4999.629032224417,""J"":0.46875,""F"":0.46875,""J_and_F"":0.46875},{""track_id"":10,""confidence"":0.9259259104728699,""J"":0.521580749060138,""F"":0.5150337594431709,""J_and_F"":0.5183072542516545},{""track_id"":14,""confidence"":0.8400000333786011,""J"":0.5529718814388169,""F"":0.5448268713782644,""J_and_F"":0.5488993764085406}]"
long_rvos/c5c9b749d4/2/4/qwen_concept,long_rvos,c5c9b749d4,2,4,static,A man wearing black clothes.,qwen_concept,man,11,0,0.8031234057111807,0.7256122719885714,0.764367838849876,1,1,1,"[{""track_id"":0,""confidence"":0.96875,""J"":0.8031234057111807,""F"":0.7256122719885714,""J_and_F"":0.764367838849876},{""track_id"":1,""confidence"":0.96875,""J"":0.47095147535196136,""F"":0.49468735488487603,""J_and_F"":0.4828194151184187},{""track_id"":3,""confidence"":0.7620818018913269,""J"":0.5,""F"":0.5,""J_and_F"":0.5},{""track_id"":4,""confidence"":0.9336099624633789,""J"":0.484375,""F"":0.484375,""J_and_F"":0.484375},{""track_id"":5,""confidence"":0.9024390578269958,""J"":0.484375,""F"":0.484375,""J_and_F"":0.484375},{""track_id"":6,""confidence"":0.9375000596046448,""J"":0.5001990956742944,""F"":0.5005628688094086,""J_and_F"":0.5003809822418515},{""track_id"":7,""confidence"":0.949367105960846,""J"":0.453125,""F"":0.453125,""J_and_F"":0.453125},{""track_id"":8,""confidence"":0.859649121761322,""J"":0.5000808629756383,""F"":0.5004808101136653,""J_and_F"":0.5002808365446518},{""track_id"":9,""confidence"":-4999.629032224417,""J"":0.46875,""F"":0.46875,""J_and_F"":0.46875},{""track_id"":10,""confidence"":0.9259259104728699,""J"":0.521580749060138,""F"":0.5150337594431709,""J_and_F"":0.5183072542516545},{""track_id"":14,""confidence"":0.8400000333786011,""J"":0.5529718814388169,""F"":0.5448268713782644,""J_and_F"":0.5488993764085406}]"
long_rvos/c5c9b749d4/2/6/raw_expression,long_rvos,c5c9b749d4,2,6,static,"A man wearing a black long-sleeve shirt, to the left of a man wearing a plaid shirt, with a TV in front of them.",raw_expression,"A man wearing a black long-sleeve shirt, to the left of a man wearing a plaid shirt, with a TV in front of them.",0,,0.0,0.0,0.0,0,0,0,[]
long_rvos/c5c9b749d4/2/6/concept,long_rvos,c5c9b749d4,2,6,static,"A man wearing a black long-sleeve shirt, to the left of a man wearing a plaid shirt, with a TV in front of them.",concept,man,11,0,0.8031234057111807,0.7256122719885714,0.764367838849876,1,1,1,"[{""track_id"":0,""confidence"":0.96875,""J"":0.8031234057111807,""F"":0.7256122719885714,""J_and_F"":0.764367838849876},{""track_id"":1,""confidence"":0.96875,""J"":0.47095147535196136,""F"":0.49468735488487603,""J_and_F"":0.4828194151184187},{""track_id"":3,""confidence"":0.7620818018913269,""J"":0.5,""F"":0.5,""J_and_F"":0.5},{""track_id"":4,""confidence"":0.9336099624633789,""J"":0.484375,""F"":0.484375,""J_and_F"":0.484375},{""track_id"":5,""confidence"":0.9024390578269958,""J"":0.484375,""F"":0.484375,""J_and_F"":0.484375},{""track_id"":6,""confidence"":0.9375000596046448,""J"":0.5001990956742944,""F"":0.5005628688094086,""J_and_F"":0.5003809822418515},{""track_id"":7,""confidence"":0.949367105960846,""J"":0.453125,""F"":0.453125,""J_and_F"":0.453125},{""track_id"":8,""confidence"":0.859649121761322,""J"":0.5000808629756383,""F"":0.5004808101136653,""J_and_F"":0.5002808365446518},{""track_id"":9,""confidence"":-4999.629032224417,""J"":0.46875,""F"":0.46875,""J_and_F"":0.46875},{""track_id"":10,""confidence"":0.9259259104728699,""J"":0.521580749060138,""F"":0.5150337594431709,""J_and_F"":0.5183072542516545},{""track_id"":14,""confidence"":0.8400000333786011,""J"":0.5529718814388169,""F"":0.5448268713782644,""J_and_F"":0.5488993764085406}]"
long_rvos/c5c9b749d4/2/6/qwen_concept,long_rvos,c5c9b749d4,2,6,static,"A man wearing a black long-sleeve shirt, to the left of a man wearing a plaid shirt, with a TV in front of them.",qwen_concept,man wearing a black long-sleeve shirt,8,1,0.7476031953870008,0.6913520941487007,0.7194776447678508,1,1,1,"[{""track_id"":0,""confidence"":-3332.724014321963,""J"":0.530095737916196,""F"":0.5211175020898828,""J_and_F"":0.5256066200030394},{""track_id"":1,""confidence"":0.8048780560493469,""J"":0.7476031953870008,""F"":0.6913520941487007,""J_and_F"":0.7194776447678508},{""track_id"":3,""confidence"":0.6995305418968201,""J"":0.5130657134459324,""F"":0.5055423047904058,""J_and_F"":0.5093040091181691},{""track_id"":4,""confidence"":0.6995305418968201,""J"":0.5146673857780237,""F"":0.5140725684417599,""J_and_F"":0.5143699771098917},{""track_id"":5,""confidence"":0.8518518805503845,""J"":0.5125387389107573,""F"":0.5087104825900144,""J_and_F"":0.5106246107503858},{""track_id"":7,""confidence"":0.7419355511665344,""J"":0.5298125463199848,""F"":0.526737983327421,""J_and_F"":0.5282752648237029},{""track_id"":8,""confidence"":0.7575758099555969,""J"":0.5121845395414293,""F"":0.5112625456204379,""J_and_F"":0.5117235425809337},{""track_id"":9,""confidence"":0.675126850605011,""J"":0.4375,""F"":0.4375,""J_and_F"":0.4375}]"
long_rvos/6fb7a04167/12/5/raw_expression,long_rvos,6fb7a04167,12,5,dynamic,"The man is sitting in a chair, crossing his arms in front of him, watching the men in front of him chat and drink.",raw_expression,"The man is sitting in a chair, crossing his arms in front of him, watching the men in front of him chat and drink.",7,0,0.5625,0.5625,0.5625,1,1,0,"[{""track_id"":0,""confidence"":0.7299578189849854,""J"":0.5625,""F"":0.5625,""J_and_F"":0.5625},{""track_id"":1,""confidence"":0.6683937907218933,""J"":0.109375,""F"":0.109375,""J_and_F"":0.109375},{""track_id"":2,""confidence"":0.6717948913574219,""J"":0.21875,""F"":0.21875,""J_and_F"":0.21875},{""track_id"":3,""confidence"":0.7264957427978516,""J"":0.265625,""F"":0.265625,""J_and_F"":0.265625},{""track_id"":4,""confidence"":0.6640419960021973,""J"":0.5051306557950063,""F"":0.5341719593349283,""J_and_F"":0.5196513075649674},{""track_id"":5,""confidence"":0.6800000071525574,""J"":0.40625,""F"":0.40625,""J_and_F"":0.40625},{""track_id"":6,""confidence"":0.7142857313156128,""J"":0.421875,""F"":0.421875,""J_and_F"":0.421875}]"
long_rvos/6fb7a04167/12/5/concept,long_rvos,6fb7a04167,12,5,dynamic,"The man is sitting in a chair, crossing his arms in front of him, watching the men in front of him chat and drink.",concept,man,10,2,0.8903318102227258,0.9028987976512053,0.8966153039369655,1,1,1,"[{""track_id"":0,""confidence"":0.96875,""J"":0.125,""F"":0.125,""J_and_F"":0.125},{""track_id"":1,""confidence"":0.8012422323226929,""J"":0.0625,""F"":0.0625,""J_and_F"":0.0625},{""track_id"":2,""confidence"":0.8552036285400391,""J"":0.8903318102227258,""F"":0.9028987976512053,""J_and_F"":0.8966153039369655},{""track_id"":3,""confidence"":0.9649122953414917,""J"":0.3907583922958791,""F"":0.44475784295601617,""J_and_F"":0.4177581176259476},{""track_id"":4,""confidence"":0.7264957427978516,""J"":0.5730667562246251,""F"":0.6266565683337046,""J_and_F"":0.5998616622791648},{""track_id"":5,""confidence"":0.6831682920455933,""J"":0.5631778900232176,""F"":0.6329666176617355,""J_and_F"":0.5980722538424765},{""track_id"":6,""confidence"":0.7064220309257507,""J"":0.25,""F"":0.25,""J_and_F"":0.25},{""track_id"":7,""confidence"":0.949367105960846,""J"":0.5626924981336794,""F"":0.5791253820396278,""J_and_F"":0.5709089400866536},{""track_id"":8,""confidence"":0.7229437232017517,""J"":0.563454545046697,""F"":0.6265986530573628,""J_and_F"":0.5950265990520299},{""track_id"":10,""confidence"":0.8632478713989258,""J"":0.40625,""F"":0.40625,""J_and_F"":0.40625}]"
long_rvos/6fb7a04167/12/5/qwen_concept,long_rvos,6fb7a04167,12,5,dynamic,"The man is sitting in a chair, crossing his arms in front of him, watching the men in front of him chat and drink.",qwen_concept,man,10,2,0.8903318102227258,0.9028987976512053,0.8966153039369655,1,1,1,"[{""track_id"":0,""confidence"":0.96875,""J"":0.125,""F"":0.125,""J_and_F"":0.125},{""track_id"":1,""confidence"":0.8012422323226929,""J"":0.0625,""F"":0.0625,""J_and_F"":0.0625},{""track_id"":2,""confidence"":0.8552036285400391,""J"":0.8903318102227258,""F"":0.9028987976512053,""J_and_F"":0.8966153039369655},{""track_id"":3,""confidence"":0.9649122953414917,""J"":0.3907583922958791,""F"":0.44475784295601617,""J_and_F"":0.4177581176259476},{""track_id"":4,""confidence"":0.7264957427978516,""J"":0.5730667562246251,""F"":0.6266565683337046,""J_and_F"":0.5998616622791648},{""track_id"":5,""confidence"":0.6831682920455933,""J"":0.5631778900232176,""F"":0.6329666176617355,""J_and_F"":0.5980722538424765},{""track_id"":6,""confidence"":0.7064220309257507,""J"":0.25,""F"":0.25,""J_and_F"":0.25},{""track_id"":7,""confidence"":0.949367105960846,""J"":0.5626924981336794,""F"":0.5791253820396278,""J_and_F"":0.5709089400866536},{""track_id"":8,""confidence"":0.7229437232017517,""J"":0.563454545046697,""F"":0.6265986530573628,""J_and_F"":0.5950265990520299},{""track_id"":10,""confidence"":0.8632478713989258,""J"":0.40625,""F"":0.40625,""J_and_F"":0.40625}]"
long_rvos/6fb7a04167/12/7/raw_expression,long_rvos,6fb7a04167,12,7,dynamic,"The man is sitting with the group, crossing his arms and looking at the people in front of him.",raw_expression,"The man is sitting with the group, crossing his arms and looking at the people in front of him.",0,,0.0,0.0,0.0,0,0,0,[]
long_rvos/6fb7a04167/12/7/concept,long_rvos,6fb7a04167,12,7,dynamic,"The man is sitting with the group, crossing his arms and looking at the people in front of him.",concept,man,10,2,0.8903318102227258,0.9028987976512053,0.8966153039369655,1,1,1,"[{""track_id"":0,""confidence"":0.96875,""J"":0.125,""F"":0.125,""J_and_F"":0.125},{""track_id"":1,""confidence"":0.8012422323226929,""J"":0.0625,""F"":0.0625,""J_and_F"":0.0625},{""track_id"":2,""confidence"":0.8552036285400391,""J"":0.8903318102227258,""F"":0.9028987976512053,""J_and_F"":0.8966153039369655},{""track_id"":3,""confidence"":0.9649122953414917,""J"":0.3907583922958791,""F"":0.44475784295601617,""J_and_F"":0.4177581176259476},{""track_id"":4,""confidence"":0.7264957427978516,""J"":0.5730667562246251,""F"":0.6266565683337046,""J_and_F"":0.5998616622791648},{""track_id"":5,""confidence"":0.6831682920455933,""J"":0.5631778900232176,""F"":0.6329666176617355,""J_and_F"":0.5980722538424765},{""track_id"":6,""confidence"":0.7064220309257507,""J"":0.25,""F"":0.25,""J_and_F"":0.25},{""track_id"":7,""confidence"":0.949367105960846,""J"":0.5626924981336794,""F"":0.5791253820396278,""J_and_F"":0.5709089400866536},{""track_id"":8,""confidence"":0.7229437232017517,""J"":0.563454545046697,""F"":0.6265986530573628,""J_and_F"":0.5950265990520299},{""track_id"":10,""confidence"":0.8632478713989258,""J"":0.40625,""F"":0.40625,""J_and_F"":0.40625}]"
long_rvos/6fb7a04167/12/7/qwen_concept,long_rvos,6fb7a04167,12,7,dynamic,"The man is sitting with the group, crossing his arms and looking at the people in front of him.",qwen_concept,man,10,2,0.8903318102227258,0.9028987976512053,0.8966153039369655,1,1,1,"[{""track_id"":0,""confidence"":0.96875,""J"":0.125,""F"":0.125,""J_and_F"":0.125},{""track_id"":1,""confidence"":0.8012422323226929,""J"":0.0625,""F"":0.0625,""J_and_F"":0.0625},{""track_id"":2,""confidence"":0.8552036285400391,""J"":0.8903318102227258,""F"":0.9028987976512053,""J_and_F"":0.8966153039369655},{""track_id"":3,""confidence"":0.9649122953414917,""J"":0.3907583922958791,""F"":0.44475784295601617,""J_and_F"":0.4177581176259476},{""track_id"":4,""confidence"":0.7264957427978516,""J"":0.5730667562246251,""F"":0.6266565683337046,""J_and_F"":0.5998616622791648},{""track_id"":5,""confidence"":0.6831682920455933,""J"":0.5631778900232176,""F"":0.6329666176617355,""J_and_F"":0.5980722538424765},{""track_id"":6,""confidence"":0.7064220309257507,""J"":0.25,""F"":0.25,""J_and_F"":0.25},{""track_id"":7,""confidence"":0.949367105960846,""J"":0.5626924981336794,""F"":0.5791253820396278,""J_and_F"":0.5709089400866536},{""track_id"":8,""confidence"":0.7229437232017517,""J"":0.563454545046697,""F"":0.6265986530573628,""J_and_F"":0.5950265990520299},{""track_id"":10,""confidence"":0.8632478713989258,""J"":0.40625,""F"":0.40625,""J_and_F"":0.40625}]"
long_rvos/6fb7a04167/12/25/raw_expression,long_rvos,6fb7a04167,12,25,hybrid,"A man in a black coat sits surrounded by a group, crossing his arms and watching others chat.",raw_expression,"A man in a black coat sits surrounded by a group, crossing his arms and watching others chat.",1,0,0.6710702273301141,0.6777697696416659,0.6744199984858901,1,1,0,"[{""track_id"":0,""confidence"":0.8400000333786011,""J"":0.6710702273301141,""F"":0.6777697696416659,""J_and_F"":0.6744199984858901}]"
long_rvos/6fb7a04167/12/25/concept,long_rvos,6fb7a04167,12,25,hybrid,"A man in a black coat sits surrounded by a group, crossing his arms and watching others chat.",concept,man,10,2,0.8903318102227258,0.9028987976512053,0.8966153039369655,1,1,1,"[{""track_id"":0,""confidence"":0.96875,""J"":0.125,""F"":0.125,""J_and_F"":0.125},{""track_id"":1,""confidence"":0.8012422323226929,""J"":0.0625,""F"":0.0625,""J_and_F"":0.0625},{""track_id"":2,""confidence"":0.8552036285400391,""J"":0.8903318102227258,""F"":0.9028987976512053,""J_and_F"":0.8966153039369655},{""track_id"":3,""confidence"":0.9649122953414917,""J"":0.3907583922958791,""F"":0.44475784295601617,""J_and_F"":0.4177581176259476},{""track_id"":4,""confidence"":0.7264957427978516,""J"":0.5730667562246251,""F"":0.6266565683337046,""J_and_F"":0.5998616622791648},{""track_id"":5,""confidence"":0.6831682920455933,""J"":0.5631778900232176,""F"":0.6329666176617355,""J_and_F"":0.5980722538424765},{""track_id"":6,""confidence"":0.7064220309257507,""J"":0.25,""F"":0.25,""J_and_F"":0.25},{""track_id"":7,""confidence"":0.949367105960846,""J"":0.5626924981336794,""F"":0.5791253820396278,""J_and_F"":0.5709089400866536},{""track_id"":8,""confidence"":0.7229437232017517,""J"":0.563454545046697,""F"":0.6265986530573628,""J_and_F"":0.5950265990520299},{""track_id"":10,""confidence"":0.8632478713989258,""J"":0.40625,""F"":0.40625,""J_and_F"":0.40625}]"
long_rvos/6fb7a04167/12/4/raw_expression,long_rvos,6fb7a04167,12,4,static,"A man in a black coat and blue jeans, with another man in a blue coat and gray inner lining to his left.",raw_expression,"A man in a black coat and blue jeans, with another man in a blue coat and gray inner lining to his left.",0,,0.0,0.0,0.0,0,0,0,[]
long_rvos/6fb7a04167/12/4/concept,long_rvos,6fb7a04167,12,4,static,"A man in a black coat and blue jeans, with another man in a blue coat and gray inner lining to his left.",concept,man,10,2,0.8903318102227258,0.9028987976512053,0.8966153039369655,1,1,1,"[{""track_id"":0,""confidence"":0.96875,""J"":0.125,""F"":0.125,""J_and_F"":0.125},{""track_id"":1,""confidence"":0.8012422323226929,""J"":0.0625,""F"":0.0625,""J_and_F"":0.0625},{""track_id"":2,""confidence"":0.8552036285400391,""J"":0.8903318102227258,""F"":0.9028987976512053,""J_and_F"":0.8966153039369655},{""track_id"":3,""confidence"":0.9649122953414917,""J"":0.3907583922958791,""F"":0.44475784295601617,""J_and_F"":0.4177581176259476},{""track_id"":4,""confidence"":0.7264957427978516,""J"":0.5730667562246251,""F"":0.6266565683337046,""J_and_F"":0.5998616622791648},{""track_id"":5,""confidence"":0.6831682920455933,""J"":0.5631778900232176,""F"":0.6329666176617355,""J_and_F"":0.5980722538424765},{""track_id"":6,""confidence"":0.7064220309257507,""J"":0.25,""F"":0.25,""J_and_F"":0.25},{""track_id"":7,""confidence"":0.949367105960846,""J"":0.5626924981336794,""F"":0.5791253820396278,""J_and_F"":0.5709089400866536},{""track_id"":8,""confidence"":0.7229437232017517,""J"":0.563454545046697,""F"":0.6265986530573628,""J_and_F"":0.5950265990520299},{""track_id"":10,""confidence"":0.8632478713989258,""J"":0.40625,""F"":0.40625,""J_and_F"":0.40625}]"
long_rvos/6fb7a04167/12/4/qwen_concept,long_rvos,6fb7a04167,12,4,static,"A man in a black coat and blue jeans, with another man in a blue coat and gray inner lining to his left.",qwen_concept,man in a black coat and blue jeans,4,0,0.5617316148192106,0.612776587773005,0.5872541012961079,1,1,0,"[{""track_id"":0,""confidence"":0.7500000596046448,""J"":0.5617316148192106,""F"":0.612776587773005,""J_and_F"":0.5872541012961079},{""track_id"":1,""confidence"":0.6878048777580261,""J"":0.421875,""F"":0.421875,""J_and_F"":0.421875},{""track_id"":2,""confidence"":0.8632478713989258,""J"":0.265625,""F"":0.265625,""J_and_F"":0.265625},{""track_id"":3,""confidence"":0.7104072570800781,""J"":0.5766087107208873,""F"":0.5773988048079448,""J_and_F"":0.577003757764416}]"
long_rvos/6fb7a04167/12/6/raw_expression,long_rvos,6fb7a04167,12,6,static,"A man wearing a black coat, surrounded by a group of people, with a man in a blue coat beside him.",raw_expression,"A man wearing a black coat, surrounded by a group of people, with a man in a blue coat beside him.",0,,0.0,0.0,0.0,0,0,0,[]
long_rvos/6fb7a04167/12/6/concept,long_rvos,6fb7a04167,12,6,static,"A man wearing a black coat, surrounded by a group of people, with a man in a blue coat beside him.",concept,man,10,2,0.8903318102227258,0.9028987976512053,0.8966153039369655,1,1,1,"[{""track_id"":0,""confidence"":0.96875,""J"":0.125,""F"":0.125,""J_and_F"":0.125},{""track_id"":1,""confidence"":0.8012422323226929,""J"":0.0625,""F"":0.0625,""J_and_F"":0.0625},{""track_id"":2,""confidence"":0.8552036285400391,""J"":0.8903318102227258,""F"":0.9028987976512053,""J_and_F"":0.8966153039369655},{""track_id"":3,""confidence"":0.9649122953414917,""J"":0.3907583922958791,""F"":0.44475784295601617,""J_and_F"":0.4177581176259476},{""track_id"":4,""confidence"":0.7264957427978516,""J"":0.5730667562246251,""F"":0.6266565683337046,""J_and_F"":0.5998616622791648},{""track_id"":5,""confidence"":0.6831682920455933,""J"":0.5631778900232176,""F"":0.6329666176617355,""J_and_F"":0.5980722538424765},{""track_id"":6,""confidence"":0.7064220309257507,""J"":0.25,""F"":0.25,""J_and_F"":0.25},{""track_id"":7,""confidence"":0.949367105960846,""J"":0.5626924981336794,""F"":0.5791253820396278,""J_and_F"":0.5709089400866536},{""track_id"":8,""confidence"":0.7229437232017517,""J"":0.563454545046697,""F"":0.6265986530573628,""J_and_F"":0.5950265990520299},{""track_id"":10,""confidence"":0.8632478713989258,""J"":0.40625,""F"":0.40625,""J_and_F"":0.40625}]"
long_rvos/6fb7a04167/12/6/qwen_concept,long_rvos,6fb7a04167,12,6,static,"A man wearing a black coat, surrounded by a group of people, with a man in a blue coat beside him.",qwen_concept,man wearing a black coat,0,,0.0,0.0,0.0,0,0,0,[]
