identity,dataset,video_id,object_id,expression_id,description_type,expression,condition,ORACLE,J,F,J_and_F,selected_track_ids,prompt_updates,cache_hit,reused_prior_tgi,reused_tracking_signature,reused_source_identity,reused_source_condition,latency_seconds_synchronized,peak_memory_bytes,status,gt_entered_model
long_rvos/0310d3743b/3/12,long_rvos,0310d3743b,3,12,dynamic,A snowboard splits left and right before stopping in the snow.,ORACLE_CANDIDATE,True,0.73128476108886,0.822018472448904,0.776651616768882,[1],,,,,,,,,,
long_rvos/0310d3743b/3/12,long_rvos,0310d3743b,3,12,dynamic,A snowboard splits left and right before stopping in the snow.,ORACLE_ID_POINT,True,0.671875,0.671875,0.671875,"[1, 1, 1, 1]",1,False,,,,,39.16984258592129,10289438720,success,False
long_rvos/0310d3743b/3/12,long_rvos,0310d3743b,3,12,dynamic,A snowboard splits left and right before stopping in the snow.,PREDICTED_CANDIDATE_DIRECT_STATIC,False,0.675054260412117,0.7266540359921525,0.7008541482021348,"[0, 0, 0, 0]",,,,,,,,,,
long_rvos/0310d3743b/3/12,long_rvos,0310d3743b,3,12,dynamic,A snowboard splits left and right before stopping in the snow.,PREDICTED_CANDIDATE_DIRECT_TEMPORAL,False,0.675054260412117,0.7266540359921525,0.7008541482021348,"[0, 0, 0, 0]",,,,,,,,,,
long_rvos/0310d3743b/3/12,long_rvos,0310d3743b,3,12,dynamic,A snowboard splits left and right before stopping in the snow.,PREDICTED_CANDIDATE_POINT_STATIC,False,0.671875,0.671875,0.671875,"[0, 0, 0, 0]",0,False,,,,,20.269016347825527,5956988928,success,False
long_rvos/0310d3743b/3/12,long_rvos,0310d3743b,3,12,dynamic,A snowboard splits left and right before stopping in the snow.,PREDICTED_CANDIDATE_POINT_TEMPORAL,False,0.671875,0.671875,0.671875,"[0, 0, 0, 0]",0,True,,,,,20.269016347825527,5956988928,success,False
long_rvos/0310d3743b/3/8,long_rvos,0310d3743b,3,8,static,"A black and white snowboard, with a person wearing a blue hat on it.",ORACLE_CANDIDATE,True,0.7053946928382113,0.7931567304029288,0.74927571162057,[0],,,,,,,,,,
long_rvos/0310d3743b/3/8,long_rvos,0310d3743b,3,8,static,"A black and white snowboard, with a person wearing a blue hat on it.",ORACLE_ID_POINT,True,0.671875,0.671875,0.671875,"[0, 0, 0, 0]",1,True,,,,,39.16984258592129,10289438720,success,False
long_rvos/0310d3743b/3/8,long_rvos,0310d3743b,3,8,static,"A black and white snowboard, with a person wearing a blue hat on it.",PREDICTED_CANDIDATE_DIRECT_STATIC,False,0.6953623155986923,0.762616677233928,0.7289894964163102,"[0, 0, 1, 0]",,,,,,,,,,
long_rvos/0310d3743b/3/8,long_rvos,0310d3743b,3,8,static,"A black and white snowboard, with a person wearing a blue hat on it.",PREDICTED_CANDIDATE_DIRECT_TEMPORAL,False,0.7053946928382113,0.7931567304029288,0.74927571162057,"[0, 0, 0, 0]",,,,,,,,,,
long_rvos/0310d3743b/3/8,long_rvos,0310d3743b,3,8,static,"A black and white snowboard, with a person wearing a blue hat on it.",PREDICTED_CANDIDATE_POINT_STATIC,False,0.671875,0.671875,0.671875,"[0, 0, 1, 0]",1,False,,,,,38.56002903729677,10292552704,success,False
long_rvos/0310d3743b/3/8,long_rvos,0310d3743b,3,8,static,"A black and white snowboard, with a person wearing a blue hat on it.",PREDICTED_CANDIDATE_POINT_TEMPORAL,False,0.671875,0.671875,0.671875,"[0, 0, 0, 0]",1,True,,,,,39.16984258592129,10289438720,success,False
long_rvos/0310d3743b/3/9,long_rvos,0310d3743b,3,9,dynamic,The snowboard of the second person skiing in from a distance.,ORACLE_CANDIDATE,True,0.6830786265675526,0.6930263994910941,0.6880525130293234,[1],,,,,,,,,,
long_rvos/0310d3743b/3/9,long_rvos,0310d3743b,3,9,dynamic,The snowboard of the second person skiing in from a distance.,ORACLE_ID_POINT,True,0.671875,0.671875,0.671875,"[1, 1, 1, 1]",1,True,,,,,39.16984258592129,10289438720,success,False
long_rvos/0310d3743b/3/9,long_rvos,0310d3743b,3,9,dynamic,The snowboard of the second person skiing in from a distance.,PREDICTED_CANDIDATE_DIRECT_STATIC,False,0.6603932584269663,0.6662738616804882,0.6633335600537272,"[0, 0, 2, 0]",,,,,,,,,,
long_rvos/0310d3743b/3/9,long_rvos,0310d3743b,3,9,dynamic,The snowboard of the second person skiing in from a distance.,PREDICTED_CANDIDATE_DIRECT_TEMPORAL,False,0.65625,0.65625,0.65625,"[0, 0, 0, 0]",,,,,,,,,,
long_rvos/0310d3743b/3/9,long_rvos,0310d3743b,3,9,dynamic,The snowboard of the second person skiing in from a distance.,PREDICTED_CANDIDATE_POINT_STATIC,False,0.671875,0.671875,0.671875,"[0, 0, 2, 0]",1,False,,,,,38.51128105819225,10292552704,success,False
long_rvos/0310d3743b/3/9,long_rvos,0310d3743b,3,9,dynamic,The snowboard of the second person skiing in from a distance.,PREDICTED_CANDIDATE_POINT_TEMPORAL,False,0.671875,0.671875,0.671875,"[0, 0, 0, 0]",0,True,,,,,20.269016347825527,5956988928,success,False
long_rvos/046ee6aa1a/2/2,long_rvos,046ee6aa1a,2,2,static,A child wearing a blue bib around the neck.,ORACLE_CANDIDATE,True,0.9021231512435883,0.7988169663949699,0.8504700588192791,[0],,,,,,,,,,
long_rvos/046ee6aa1a/2/2,long_rvos,046ee6aa1a,2,2,static,A child wearing a blue bib around the neck.,ORACLE_ID_POINT,True,0.7155513591742206,0.6866096250992928,0.7010804921367567,"[0, 0, 0, 0]",2,True,,"2:046ee6aa1a:[{""frame"":115,""point"":[0.64609375,0.9986111111111111],""update"":true},{""frame"":230,""point"":null,""update"":false},{""frame"":345,""point"":null,""update"":false},{""frame"":460,""point"":[0.38046875,0.5069444444444444],""update"":true}]",long_rvos/046ee6aa1a/2/3,PREDICTED_CANDIDATE_POINT_STATIC,95.80365193635225,54369766400,success,False
long_rvos/046ee6aa1a/2/2,long_rvos,046ee6aa1a,2,2,static,A child wearing a blue bib around the neck.,PREDICTED_CANDIDATE_DIRECT_STATIC,False,0.9021231512435883,0.7988169663949699,0.8504700588192791,"[0, 0, 0, 0]",,,,,,,,,,
long_rvos/046ee6aa1a/2/2,long_rvos,046ee6aa1a,2,2,static,A child wearing a blue bib around the neck.,PREDICTED_CANDIDATE_DIRECT_TEMPORAL,False,0.9021231512435883,0.7988169663949699,0.8504700588192791,"[0, 0, 0, 0]",,,,,,,,,,
long_rvos/046ee6aa1a/2/2,long_rvos,046ee6aa1a,2,2,static,A child wearing a blue bib around the neck.,PREDICTED_CANDIDATE_POINT_STATIC,False,0.7155513591742206,0.6866096250992928,0.7010804921367567,"[0, 0, 0, 0]",2,True,,"2:046ee6aa1a:[{""frame"":115,""point"":[0.64609375,0.9986111111111111],""update"":true},{""frame"":230,""point"":null,""update"":false},{""frame"":345,""point"":null,""update"":false},{""frame"":460,""point"":[0.38046875,0.5069444444444444],""update"":true}]",long_rvos/046ee6aa1a/2/3,PREDICTED_CANDIDATE_POINT_STATIC,95.80365193635225,54369766400,success,False
long_rvos/046ee6aa1a/2/2,long_rvos,046ee6aa1a,2,2,static,A child wearing a blue bib around the neck.,PREDICTED_CANDIDATE_POINT_TEMPORAL,False,0.7155513591742206,0.6866096250992928,0.7010804921367567,"[0, 0, 0, 0]",2,True,,"2:046ee6aa1a:[{""frame"":115,""point"":[0.64609375,0.9986111111111111],""update"":true},{""frame"":230,""point"":null,""update"":false},{""frame"":345,""point"":null,""update"":false},{""frame"":460,""point"":[0.38046875,0.5069444444444444],""update"":true}]",long_rvos/046ee6aa1a/2/3,PREDICTED_CANDIDATE_POINT_STATIC,95.80365193635225,54369766400,success,False
long_rvos/046ee6aa1a/2/3,long_rvos,046ee6aa1a,2,3,dynamic,"A child is being held by someone, watching the rain outside the house.",ORACLE_CANDIDATE,True,0.9021231512435883,0.7988169663949699,0.8504700588192791,[0],,,,,,,,,,
long_rvos/046ee6aa1a/2/3,long_rvos,046ee6aa1a,2,3,dynamic,"A child is being held by someone, watching the rain outside the house.",ORACLE_ID_POINT,True,0.7155513591742206,0.6866096250992928,0.7010804921367567,"[0, 0, 0, 0]",2,True,,"2:046ee6aa1a:[{""frame"":115,""point"":[0.64609375,0.9986111111111111],""update"":true},{""frame"":230,""point"":null,""update"":false},{""frame"":345,""point"":null,""update"":false},{""frame"":460,""point"":[0.38046875,0.5069444444444444],""update"":true}]",long_rvos/046ee6aa1a/2/3,PREDICTED_CANDIDATE_POINT_STATIC,95.80365193635225,54369766400,success,False
long_rvos/046ee6aa1a/2/3,long_rvos,046ee6aa1a,2,3,dynamic,"A child is being held by someone, watching the rain outside the house.",PREDICTED_CANDIDATE_DIRECT_STATIC,False,0.9021231512435883,0.7988169663949699,0.8504700588192791,"[0, 0, 0, 0]",,,,,,,,,,
long_rvos/046ee6aa1a/2/3,long_rvos,046ee6aa1a,2,3,dynamic,"A child is being held by someone, watching the rain outside the house.",PREDICTED_CANDIDATE_DIRECT_TEMPORAL,False,0.9021231512435883,0.7988169663949699,0.8504700588192791,"[0, 0, 0, 0]",,,,,,,,,,
long_rvos/046ee6aa1a/2/3,long_rvos,046ee6aa1a,2,3,dynamic,"A child is being held by someone, watching the rain outside the house.",PREDICTED_CANDIDATE_POINT_STATIC,False,0.7155513591742206,0.6866096250992928,0.7010804921367567,"[0, 0, 0, 0]",2,False,,,,,95.80365193635225,54369766400,success,False
long_rvos/046ee6aa1a/2/3,long_rvos,046ee6aa1a,2,3,dynamic,"A child is being held by someone, watching the rain outside the house.",PREDICTED_CANDIDATE_POINT_TEMPORAL,False,0.7155513591742206,0.6866096250992928,0.7010804921367567,"[0, 0, 0, 0]",2,True,,"2:046ee6aa1a:[{""frame"":115,""point"":[0.64609375,0.9986111111111111],""update"":true},{""frame"":230,""point"":null,""update"":false},{""frame"":345,""point"":null,""update"":false},{""frame"":460,""point"":[0.38046875,0.5069444444444444],""update"":true}]",long_rvos/046ee6aa1a/2/3,PREDICTED_CANDIDATE_POINT_STATIC,95.80365193635225,54369766400,success,False
long_rvos/046ee6aa1a/2/5,long_rvos,046ee6aa1a,2,5,dynamic,"A child, held by someone, watches the rain outside.",ORACLE_CANDIDATE,True,0.9021231512435883,0.7988169663949699,0.8504700588192791,[0],,,,,,,,,,
long_rvos/046ee6aa1a/2/5,long_rvos,046ee6aa1a,2,5,dynamic,"A child, held by someone, watches the rain outside.",ORACLE_ID_POINT,True,0.7155513591742206,0.6866096250992928,0.7010804921367567,"[0, 0, 0, 0]",2,True,,"2:046ee6aa1a:[{""frame"":115,""point"":[0.64609375,0.9986111111111111],""update"":true},{""frame"":230,""point"":null,""update"":false},{""frame"":345,""point"":null,""update"":false},{""frame"":460,""point"":[0.38046875,0.5069444444444444],""update"":true}]",long_rvos/046ee6aa1a/2/3,PREDICTED_CANDIDATE_POINT_STATIC,95.80365193635225,54369766400,success,False
long_rvos/046ee6aa1a/2/5,long_rvos,046ee6aa1a,2,5,dynamic,"A child, held by someone, watches the rain outside.",PREDICTED_CANDIDATE_DIRECT_STATIC,False,0.9021231512435883,0.7988169663949699,0.8504700588192791,"[0, 0, 0, 0]",,,,,,,,,,
long_rvos/046ee6aa1a/2/5,long_rvos,046ee6aa1a,2,5,dynamic,"A child, held by someone, watches the rain outside.",PREDICTED_CANDIDATE_DIRECT_TEMPORAL,False,0.9021231512435883,0.7988169663949699,0.8504700588192791,"[0, 0, 0, 0]",,,,,,,,,,
long_rvos/046ee6aa1a/2/5,long_rvos,046ee6aa1a,2,5,dynamic,"A child, held by someone, watches the rain outside.",PREDICTED_CANDIDATE_POINT_STATIC,False,0.7155513591742206,0.6866096250992928,0.7010804921367567,"[0, 0, 0, 0]",2,True,,"2:046ee6aa1a:[{""frame"":115,""point"":[0.64609375,0.9986111111111111],""update"":true},{""frame"":230,""point"":null,""update"":false},{""frame"":345,""point"":null,""update"":false},{""frame"":460,""point"":[0.38046875,0.5069444444444444],""update"":true}]",long_rvos/046ee6aa1a/2/3,PREDICTED_CANDIDATE_POINT_STATIC,95.80365193635225,54369766400,success,False
long_rvos/046ee6aa1a/2/5,long_rvos,046ee6aa1a,2,5,dynamic,"A child, held by someone, watches the rain outside.",PREDICTED_CANDIDATE_POINT_TEMPORAL,False,0.7155513591742206,0.6866096250992928,0.7010804921367567,"[0, 0, 0, 0]",2,True,,"2:046ee6aa1a:[{""frame"":115,""point"":[0.64609375,0.9986111111111111],""update"":true},{""frame"":230,""point"":null,""update"":false},{""frame"":345,""point"":null,""update"":false},{""frame"":460,""point"":[0.38046875,0.5069444444444444],""update"":true}]",long_rvos/046ee6aa1a/2/3,PREDICTED_CANDIDATE_POINT_STATIC,95.80365193635225,54369766400,success,False
long_rvos/0d0ebe00cc/2/14,long_rvos,0d0ebe00cc,2,14,hybrid,A white puppy lying next to another puppy sleeps.,ORACLE_CANDIDATE,True,0.7005145367346486,0.6080571585778121,0.6542858476562303,[0],,,,,,,,,,
long_rvos/0d0ebe00cc/2/14,long_rvos,0d0ebe00cc,2,14,hybrid,A white puppy lying next to another puppy sleeps.,ORACLE_ID_POINT,True,0.48080732229425915,0.42645152654619134,0.45362942442022525,"[0, 0, 0, 0]",4,True,,"2:0d0ebe00cc:[{""frame"":64,""point"":[0.85703125,0.24305555555555555],""update"":true},{""frame"":129,""point"":[0.99921875,0.9986111111111111],""update"":true},{""frame"":193,""point"":[0.33671875,0.35694444444444445],""update"":true},{""frame"":258,""point"":[0.64609375,0.2513888888888889],""update"":true}]",long_rvos/0d0ebe00cc/2/14,PREDICTED_CANDIDATE_POINT_STATIC,94.6553381755948,34027362304,success,False
long_rvos/0d0ebe00cc/2/14,long_rvos,0d0ebe00cc,2,14,hybrid,A white puppy lying next to another puppy sleeps.,PREDICTED_CANDIDATE_DIRECT_STATIC,False,0.7005145367346486,0.6080571585778121,0.6542858476562303,"[0, 0, 0, 0]",,,,,,,,,,
long_rvos/0d0ebe00cc/2/14,long_rvos,0d0ebe00cc,2,14,hybrid,A white puppy lying next to another puppy sleeps.,PREDICTED_CANDIDATE_DIRECT_TEMPORAL,False,0.7005145367346486,0.6080571585778121,0.6542858476562303,"[0, 0, 0, 0]",,,,,,,,,,
long_rvos/0d0ebe00cc/2/14,long_rvos,0d0ebe00cc,2,14,hybrid,A white puppy lying next to another puppy sleeps.,PREDICTED_CANDIDATE_POINT_STATIC,False,0.48080732229425915,0.42645152654619134,0.45362942442022525,"[0, 0, 0, 0]",4,False,,,,,94.6553381755948,34027362304,success,False
long_rvos/0d0ebe00cc/2/14,long_rvos,0d0ebe00cc,2,14,hybrid,A white puppy lying next to another puppy sleeps.,PREDICTED_CANDIDATE_POINT_TEMPORAL,False,0.48080732229425915,0.42645152654619134,0.45362942442022525,"[0, 0, 0, 0]",4,True,,"2:0d0ebe00cc:[{""frame"":64,""point"":[0.85703125,0.24305555555555555],""update"":true},{""frame"":129,""point"":[0.99921875,0.9986111111111111],""update"":true},{""frame"":193,""point"":[0.33671875,0.35694444444444445],""update"":true},{""frame"":258,""point"":[0.64609375,0.2513888888888889],""update"":true}]",long_rvos/0d0ebe00cc/2/14,PREDICTED_CANDIDATE_POINT_STATIC,94.6553381755948,34027362304,success,False
long_rvos/0d0ebe00cc/2/15,long_rvos,0d0ebe00cc,2,15,hybrid,"A white dog in a black collar lies near a man in red, grabs his hand, and bares its teeth as another dog approaches.",ORACLE_CANDIDATE,True,0.7787358299465585,0.6854502784984804,0.7320930542225195,[0],,,,,,,,,,
long_rvos/0d0ebe00cc/2/15,long_rvos,0d0ebe00cc,2,15,hybrid,"A white dog in a black collar lies near a man in red, grabs his hand, and bares its teeth as another dog approaches.",ORACLE_ID_POINT,True,0.5941084226279161,0.5355540153436823,0.5648312189857991,"[0, 0, 0, 0]",3,True,,"2:0d0ebe00cc:[{""frame"":64,""point"":[0.85703125,0.24305555555555555],""update"":true},{""frame"":129,""point"":null,""update"":false},{""frame"":193,""point"":[0.33671875,0.35694444444444445],""update"":true},{""frame"":258,""point"":[0.64609375,0.2513888888888889],""update"":true}]",long_rvos/0d0ebe00cc/2/15,PREDICTED_CANDIDATE_POINT_STATIC,76.92378693073988,33625375744,success,False
long_rvos/0d0ebe00cc/2/15,long_rvos,0d0ebe00cc,2,15,hybrid,"A white dog in a black collar lies near a man in red, grabs his hand, and bares its teeth as another dog approaches.",PREDICTED_CANDIDATE_DIRECT_STATIC,False,0.7787358299465585,0.6854502784984804,0.7320930542225195,"[0, 0, 0, 0]",,,,,,,,,,
long_rvos/0d0ebe00cc/2/15,long_rvos,0d0ebe00cc,2,15,hybrid,"A white dog in a black collar lies near a man in red, grabs his hand, and bares its teeth as another dog approaches.",PREDICTED_CANDIDATE_DIRECT_TEMPORAL,False,0.7787358299465585,0.6854502784984804,0.7320930542225195,"[0, 0, 0, 0]",,,,,,,,,,
long_rvos/0d0ebe00cc/2/15,long_rvos,0d0ebe00cc,2,15,hybrid,"A white dog in a black collar lies near a man in red, grabs his hand, and bares its teeth as another dog approaches.",PREDICTED_CANDIDATE_POINT_STATIC,False,0.5941084226279161,0.5355540153436823,0.5648312189857991,"[0, 0, 0, 0]",3,False,,,,,76.92378693073988,33625375744,success,False
long_rvos/0d0ebe00cc/2/15,long_rvos,0d0ebe00cc,2,15,hybrid,"A white dog in a black collar lies near a man in red, grabs his hand, and bares its teeth as another dog approaches.",PREDICTED_CANDIDATE_POINT_TEMPORAL,False,0.5941084226279161,0.5355540153436823,0.5648312189857991,"[0, 0, 0, 0]",3,True,,"2:0d0ebe00cc:[{""frame"":64,""point"":[0.85703125,0.24305555555555555],""update"":true},{""frame"":129,""point"":null,""update"":false},{""frame"":193,""point"":[0.33671875,0.35694444444444445],""update"":true},{""frame"":258,""point"":[0.64609375,0.2513888888888889],""update"":true}]",long_rvos/0d0ebe00cc/2/15,PREDICTED_CANDIDATE_POINT_STATIC,76.92378693073988,33625375744,success,False
long_rvos/0d0ebe00cc/2/4,long_rvos,0d0ebe00cc,2,4,static,A white puppy lying next to another puppy.,ORACLE_CANDIDATE,True,0.7005145367346486,0.6080571585778121,0.6542858476562303,[0],,,,,,,,,,
long_rvos/0d0ebe00cc/2/4,long_rvos,0d0ebe00cc,2,4,static,A white puppy lying next to another puppy.,ORACLE_ID_POINT,True,0.48080732229425915,0.42645152654619134,0.45362942442022525,"[0, 0, 0, 0]",4,True,,"2:0d0ebe00cc:[{""frame"":64,""point"":[0.85703125,0.24305555555555555],""update"":true},{""frame"":129,""point"":[0.99921875,0.9986111111111111],""update"":true},{""frame"":193,""point"":[0.33671875,0.35694444444444445],""update"":true},{""frame"":258,""point"":[0.64609375,0.2513888888888889],""update"":true}]",long_rvos/0d0ebe00cc/2/14,PREDICTED_CANDIDATE_POINT_STATIC,94.6553381755948,34027362304,success,False
long_rvos/0d0ebe00cc/2/4,long_rvos,0d0ebe00cc,2,4,static,A white puppy lying next to another puppy.,PREDICTED_CANDIDATE_DIRECT_STATIC,False,0.7005145367346486,0.6080571585778121,0.6542858476562303,"[0, 0, 0, 0]",,,,,,,,,,
long_rvos/0d0ebe00cc/2/4,long_rvos,0d0ebe00cc,2,4,static,A white puppy lying next to another puppy.,PREDICTED_CANDIDATE_DIRECT_TEMPORAL,False,0.7005145367346486,0.6080571585778121,0.6542858476562303,"[0, 0, 0, 0]",,,,,,,,,,
long_rvos/0d0ebe00cc/2/4,long_rvos,0d0ebe00cc,2,4,static,A white puppy lying next to another puppy.,PREDICTED_CANDIDATE_POINT_STATIC,False,0.48080732229425915,0.42645152654619134,0.45362942442022525,"[0, 0, 0, 0]",4,True,,"2:0d0ebe00cc:[{""frame"":64,""point"":[0.85703125,0.24305555555555555],""update"":true},{""frame"":129,""point"":[0.99921875,0.9986111111111111],""update"":true},{""frame"":193,""point"":[0.33671875,0.35694444444444445],""update"":true},{""frame"":258,""point"":[0.64609375,0.2513888888888889],""update"":true}]",long_rvos/0d0ebe00cc/2/14,PREDICTED_CANDIDATE_POINT_STATIC,94.6553381755948,34027362304,success,False
long_rvos/0d0ebe00cc/2/4,long_rvos,0d0ebe00cc,2,4,static,A white puppy lying next to another puppy.,PREDICTED_CANDIDATE_POINT_TEMPORAL,False,0.48080732229425915,0.42645152654619134,0.45362942442022525,"[0, 0, 0, 0]",4,True,,"2:0d0ebe00cc:[{""frame"":64,""point"":[0.85703125,0.24305555555555555],""update"":true},{""frame"":129,""point"":[0.99921875,0.9986111111111111],""update"":true},{""frame"":193,""point"":[0.33671875,0.35694444444444445],""update"":true},{""frame"":258,""point"":[0.64609375,0.2513888888888889],""update"":true}]",long_rvos/0d0ebe00cc/2/14,PREDICTED_CANDIDATE_POINT_STATIC,94.6553381755948,34027362304,success,False
long_rvos/0d0ebe00cc/2/5,long_rvos,0d0ebe00cc,2,5,dynamic,A dog lies in a person's arms and is held by the mouth.,ORACLE_CANDIDATE,True,0.7818941015168313,0.6858275658028323,0.7338608336598318,[0],,,,,,,,,,
long_rvos/0d0ebe00cc/2/5,long_rvos,0d0ebe00cc,2,5,dynamic,A dog lies in a person's arms and is held by the mouth.,ORACLE_ID_POINT,True,0.5941122573052613,0.5355744979313112,0.5648433776182862,"[0, 0, 0, 0]",3,False,,,,,69.34343164414167,33625375744,success,False
long_rvos/0d0ebe00cc/2/5,long_rvos,0d0ebe00cc,2,5,dynamic,A dog lies in a person's arms and is held by the mouth.,PREDICTED_CANDIDATE_DIRECT_STATIC,False,0.5713897527587805,0.48949998345018414,0.5304448681044823,"[0, 1, 0, 0]",,,,,,,,,,
long_rvos/0d0ebe00cc/2/5,long_rvos,0d0ebe00cc,2,5,dynamic,A dog lies in a person's arms and is held by the mouth.,PREDICTED_CANDIDATE_DIRECT_TEMPORAL,False,0.5713897527587805,0.48949998345018414,0.5304448681044823,"[0, 1, 0, 0]",,,,,,,,,,
long_rvos/0d0ebe00cc/2/5,long_rvos,0d0ebe00cc,2,5,dynamic,A dog lies in a person's arms and is held by the mouth.,PREDICTED_CANDIDATE_POINT_STATIC,False,0.48082231494557015,0.42649055596855023,0.4536564354570602,"[0, 1, 0, 0]",4,False,,,,,95.8844820484519,34027362304,success,False
long_rvos/0d0ebe00cc/2/5,long_rvos,0d0ebe00cc,2,5,dynamic,A dog lies in a person's arms and is held by the mouth.,PREDICTED_CANDIDATE_POINT_TEMPORAL,False,0.48082231494557015,0.42649055596855023,0.4536564354570602,"[0, 1, 0, 0]",4,True,,"2:0d0ebe00cc:[{""frame"":64,""point"":[0.85703125,0.24027777777777778],""update"":true},{""frame"":129,""point"":[0.99921875,0.9986111111111111],""update"":true},{""frame"":193,""point"":[0.33671875,0.3597222222222222],""update"":true},{""frame"":258,""point"":[0.64453125,0.2513888888888889],""update"":true}]",long_rvos/0d0ebe00cc/2/5,PREDICTED_CANDIDATE_POINT_STATIC,95.8844820484519,34027362304,success,False
long_rvos/0d0ebe00cc/2/6,long_rvos,0d0ebe00cc,2,6,static,"A white dog wearing a black collar, lying in front of a man wearing a red long-sleeve shirt, with a brown dog in front of it.",ORACLE_CANDIDATE,True,0.7787358299465585,0.6854502784984804,0.7320930542225195,[0],,,,,,,,,,
long_rvos/0d0ebe00cc/2/6,long_rvos,0d0ebe00cc,2,6,static,"A white dog wearing a black collar, lying in front of a man wearing a red long-sleeve shirt, with a brown dog in front of it.",ORACLE_ID_POINT,True,0.5941084226279161,0.5355540153436823,0.5648312189857991,"[0, 0, 0, 0]",3,True,,"2:0d0ebe00cc:[{""frame"":64,""point"":[0.85703125,0.24305555555555555],""update"":true},{""frame"":129,""point"":null,""update"":false},{""frame"":193,""point"":[0.33671875,0.35694444444444445],""update"":true},{""frame"":258,""point"":[0.64609375,0.2513888888888889],""update"":true}]",long_rvos/0d0ebe00cc/2/15,PREDICTED_CANDIDATE_POINT_STATIC,76.92378693073988,33625375744,success,False
long_rvos/0d0ebe00cc/2/6,long_rvos,0d0ebe00cc,2,6,static,"A white dog wearing a black collar, lying in front of a man wearing a red long-sleeve shirt, with a brown dog in front of it.",PREDICTED_CANDIDATE_DIRECT_STATIC,False,0.7787358299465585,0.6854502784984804,0.7320930542225195,"[0, 0, 0, 0]",,,,,,,,,,
long_rvos/0d0ebe00cc/2/6,long_rvos,0d0ebe00cc,2,6,static,"A white dog wearing a black collar, lying in front of a man wearing a red long-sleeve shirt, with a brown dog in front of it.",PREDICTED_CANDIDATE_DIRECT_TEMPORAL,False,0.7787358299465585,0.6854502784984804,0.7320930542225195,"[0, 0, 0, 0]",,,,,,,,,,
long_rvos/0d0ebe00cc/2/6,long_rvos,0d0ebe00cc,2,6,static,"A white dog wearing a black collar, lying in front of a man wearing a red long-sleeve shirt, with a brown dog in front of it.",PREDICTED_CANDIDATE_POINT_STATIC,False,0.5941084226279161,0.5355540153436823,0.5648312189857991,"[0, 0, 0, 0]",3,True,,"2:0d0ebe00cc:[{""frame"":64,""point"":[0.85703125,0.24305555555555555],""update"":true},{""frame"":129,""point"":null,""update"":false},{""frame"":193,""point"":[0.33671875,0.35694444444444445],""update"":true},{""frame"":258,""point"":[0.64609375,0.2513888888888889],""update"":true}]",long_rvos/0d0ebe00cc/2/15,PREDICTED_CANDIDATE_POINT_STATIC,76.92378693073988,33625375744,success,False
long_rvos/0d0ebe00cc/2/6,long_rvos,0d0ebe00cc,2,6,static,"A white dog wearing a black collar, lying in front of a man wearing a red long-sleeve shirt, with a brown dog in front of it.",PREDICTED_CANDIDATE_POINT_TEMPORAL,False,0.5941084226279161,0.5355540153436823,0.5648312189857991,"[0, 0, 0, 0]",3,True,,"2:0d0ebe00cc:[{""frame"":64,""point"":[0.85703125,0.24305555555555555],""update"":true},{""frame"":129,""point"":null,""update"":false},{""frame"":193,""point"":[0.33671875,0.35694444444444445],""update"":true},{""frame"":258,""point"":[0.64609375,0.2513888888888889],""update"":true}]",long_rvos/0d0ebe00cc/2/15,PREDICTED_CANDIDATE_POINT_STATIC,76.92378693073988,33625375744,success,False
long_rvos/0d0ebe00cc/2/7,long_rvos,0d0ebe00cc,2,7,dynamic,"The dog grabs the man's hand, then the man holds the dog's mouth, the dog occasionally sticks out its tongue, and it starts baring its teeth when another dog gets closer.",ORACLE_CANDIDATE,True,0.7818941015168313,0.6858275658028323,0.7338608336598318,[0],,,,,,,,,,
long_rvos/0d0ebe00cc/2/7,long_rvos,0d0ebe00cc,2,7,dynamic,"The dog grabs the man's hand, then the man holds the dog's mouth, the dog occasionally sticks out its tongue, and it starts baring its teeth when another dog gets closer.",ORACLE_ID_POINT,True,0.5941122573052613,0.5355744979313112,0.5648433776182862,"[0, 0, 0, 0]",3,True,,"2:0d0ebe00cc:[{""frame"":64,""point"":[0.85703125,0.24027777777777778],""update"":true},{""frame"":129,""point"":null,""update"":false},{""frame"":193,""point"":[0.33671875,0.3597222222222222],""update"":true},{""frame"":258,""point"":[0.64453125,0.2513888888888889],""update"":true}]",long_rvos/0d0ebe00cc/2/5,ORACLE_ID_POINT,69.34343164414167,33625375744,success,False
long_rvos/0d0ebe00cc/2/7,long_rvos,0d0ebe00cc,2,7,dynamic,"The dog grabs the man's hand, then the man holds the dog's mouth, the dog occasionally sticks out its tongue, and it starts baring its teeth when another dog gets closer.",PREDICTED_CANDIDATE_DIRECT_STATIC,False,0.4004599001344608,0.3610451363452306,0.3807525182398457,"[1, 1, 0, 0]",,,,,,,,,,
long_rvos/0d0ebe00cc/2/7,long_rvos,0d0ebe00cc,2,7,dynamic,"The dog grabs the man's hand, then the man holds the dog's mouth, the dog occasionally sticks out its tongue, and it starts baring its teeth when another dog gets closer.",PREDICTED_CANDIDATE_DIRECT_TEMPORAL,False,0.4004599001344608,0.3610451363452306,0.3807525182398457,"[1, 1, 0, 0]",,,,,,,,,,
long_rvos/0d0ebe00cc/2/7,long_rvos,0d0ebe00cc,2,7,dynamic,"The dog grabs the man's hand, then the man holds the dog's mouth, the dog occasionally sticks out its tongue, and it starts baring its teeth when another dog gets closer.",PREDICTED_CANDIDATE_POINT_STATIC,False,0.4149641313456723,0.37498428831098096,0.39497420982832665,"[1, 1, 0, 0]",4,False,,,,,95.26610159873962,34027362304,success,False
long_rvos/0d0ebe00cc/2/7,long_rvos,0d0ebe00cc,2,7,dynamic,"The dog grabs the man's hand, then the man holds the dog's mouth, the dog occasionally sticks out its tongue, and it starts baring its teeth when another dog gets closer.",PREDICTED_CANDIDATE_POINT_TEMPORAL,False,0.4149641313456723,0.37498428831098096,0.39497420982832665,"[1, 1, 0, 0]",4,True,,"2:0d0ebe00cc:[{""frame"":64,""point"":[0.63671875,0.7763888888888889],""update"":true},{""frame"":129,""point"":[0.99921875,0.9986111111111111],""update"":true},{""frame"":193,""point"":[0.33671875,0.3597222222222222],""update"":true},{""frame"":258,""point"":[0.64453125,0.2513888888888889],""update"":true}]",long_rvos/0d0ebe00cc/2/7,PREDICTED_CANDIDATE_POINT_STATIC,95.26610159873962,34027362304,success,False
long_rvos/1088228079/1/0,long_rvos,1088228079,1,0,static,"A man wearing white sportswear and black pants, to the left of a woman wearing blue clothes.",ORACLE_CANDIDATE,True,0.8919775277664084,0.9229884622908787,0.9074829950286436,[1],,,,,,,,,,
long_rvos/1088228079/1/0,long_rvos,1088228079,1,0,static,"A man wearing white sportswear and black pants, to the left of a woman wearing blue clothes.",ORACLE_ID_POINT,True,0.26275142488796704,0.3044301442365853,0.28359078456227615,"[1, 1, 1, 1]",3,True,,"1:1088228079:[{""frame"":58,""point"":[0.405859375,0.7506944444444444],""update"":true},{""frame"":117,""point"":[0.326171875,0.63125],""update"":true},{""frame"":175,""point"":[0.387890625,0.64375],""update"":true},{""frame"":234,""point"":null,""update"":false}]",long_rvos/1088228079/1/1,ORACLE_ID_POINT,80.81394293159246,31638141952,success,False
long_rvos/1088228079/1/0,long_rvos,1088228079,1,0,static,"A man wearing white sportswear and black pants, to the left of a woman wearing blue clothes.",PREDICTED_CANDIDATE_DIRECT_STATIC,False,0.75517971380919,0.7837461158142641,0.7694629148117271,"[1, 1, 1, 6]",,,,,,,,,,
long_rvos/1088228079/1/0,long_rvos,1088228079,1,0,static,"A man wearing white sportswear and black pants, to the left of a woman wearing blue clothes.",PREDICTED_CANDIDATE_DIRECT_TEMPORAL,False,0.75517971380919,0.7837461158142641,0.7694629148117271,"[1, 1, 1, 6]",,,,,,,,,,
long_rvos/1088228079/1/0,long_rvos,1088228079,1,0,static,"A man wearing white sportswear and black pants, to the left of a woman wearing blue clothes.",PREDICTED_CANDIDATE_POINT_STATIC,False,0.2966087002856838,0.3715643911428318,0.3340865457142578,"[1, 1, 1, 6]",4,True,,"1:1088228079:[{""frame"":58,""point"":[0.405859375,0.7506944444444444],""update"":true},{""frame"":117,""point"":[0.326171875,0.63125],""update"":true},{""frame"":175,""point"":[0.387890625,0.64375],""update"":true},{""frame"":234,""point"":[0.345703125,0.7048611111111112],""update"":true}]",long_rvos/1088228079/1/1,PREDICTED_CANDIDATE_POINT_STATIC,89.09864630550146,31638141952,success,False
long_rvos/1088228079/1/0,long_rvos,1088228079,1,0,static,"A man wearing white sportswear and black pants, to the left of a woman wearing blue clothes.",PREDICTED_CANDIDATE_POINT_TEMPORAL,False,0.2966087002856838,0.3715643911428318,0.3340865457142578,"[1, 1, 1, 6]",4,True,,"1:1088228079:[{""frame"":58,""point"":[0.405859375,0.7506944444444444],""update"":true},{""frame"":117,""point"":[0.326171875,0.63125],""update"":true},{""frame"":175,""point"":[0.387890625,0.64375],""update"":true},{""frame"":234,""point"":[0.345703125,0.7048611111111112],""update"":true}]",long_rvos/1088228079/1/1,PREDICTED_CANDIDATE_POINT_STATIC,89.09864630550146,31638141952,success,False
long_rvos/1088228079/1/1,long_rvos,1088228079,1,1,dynamic,"The man in white sportswear and black pants grabs the rocks in front of him, continuously attempting to climb upwards.",ORACLE_CANDIDATE,True,0.8919775277664084,0.9229884622908787,0.9074829950286436,[1],,,,,,,,,,
long_rvos/1088228079/1/1,long_rvos,1088228079,1,1,dynamic,"The man in white sportswear and black pants grabs the rocks in front of him, continuously attempting to climb upwards.",ORACLE_ID_POINT,True,0.26275142488796704,0.3044301442365853,0.28359078456227615,"[1, 1, 1, 1]",3,False,,,,,80.81394293159246,31638141952,success,False
long_rvos/1088228079/1/1,long_rvos,1088228079,1,1,dynamic,"The man in white sportswear and black pants grabs the rocks in front of him, continuously attempting to climb upwards.",PREDICTED_CANDIDATE_DIRECT_STATIC,False,0.75517971380919,0.7837461158142641,0.7694629148117271,"[1, 1, 1, 6]",,,,,,,,,,
long_rvos/1088228079/1/1,long_rvos,1088228079,1,1,dynamic,"The man in white sportswear and black pants grabs the rocks in front of him, continuously attempting to climb upwards.",PREDICTED_CANDIDATE_DIRECT_TEMPORAL,False,0.75517971380919,0.7837461158142641,0.7694629148117271,"[1, 1, 1, 6]",,,,,,,,,,
long_rvos/1088228079/1/1,long_rvos,1088228079,1,1,dynamic,"The man in white sportswear and black pants grabs the rocks in front of him, continuously attempting to climb upwards.",PREDICTED_CANDIDATE_POINT_STATIC,False,0.2966087002856838,0.3715643911428318,0.3340865457142578,"[1, 1, 1, 6]",4,False,,,,,89.09864630550146,31638141952,success,False
long_rvos/1088228079/1/1,long_rvos,1088228079,1,1,dynamic,"The man in white sportswear and black pants grabs the rocks in front of him, continuously attempting to climb upwards.",PREDICTED_CANDIDATE_POINT_TEMPORAL,False,0.2966087002856838,0.3715643911428318,0.3340865457142578,"[1, 1, 1, 6]",4,True,,"1:1088228079:[{""frame"":58,""point"":[0.405859375,0.7506944444444444],""update"":true},{""frame"":117,""point"":[0.326171875,0.63125],""update"":true},{""frame"":175,""point"":[0.387890625,0.64375],""update"":true},{""frame"":234,""point"":[0.345703125,0.7048611111111112],""update"":true}]",long_rvos/1088228079/1/1,PREDICTED_CANDIDATE_POINT_STATIC,89.09864630550146,31638141952,success,False
long_rvos/1088228079/1/8,long_rvos,1088228079,1,8,hybrid,A man in white sportswear grabs rocks and climbs left of a woman in blue.,ORACLE_CANDIDATE,True,0.8919775277664084,0.9229884622908787,0.9074829950286436,[1],,,,,,,,,,
long_rvos/1088228079/1/8,long_rvos,1088228079,1,8,hybrid,A man in white sportswear grabs rocks and climbs left of a woman in blue.,ORACLE_ID_POINT,True,0.26275142488796704,0.3044301442365853,0.28359078456227615,"[1, 1, 1, 1]",3,True,,"1:1088228079:[{""frame"":58,""point"":[0.405859375,0.7506944444444444],""update"":true},{""frame"":117,""point"":[0.326171875,0.63125],""update"":true},{""frame"":175,""point"":[0.387890625,0.64375],""update"":true},{""frame"":234,""point"":null,""update"":false}]",long_rvos/1088228079/1/1,ORACLE_ID_POINT,80.81394293159246,31638141952,success,False
long_rvos/1088228079/1/8,long_rvos,1088228079,1,8,hybrid,A man in white sportswear grabs rocks and climbs left of a woman in blue.,PREDICTED_CANDIDATE_DIRECT_STATIC,False,0.75517971380919,0.7837461158142641,0.7694629148117271,"[1, 1, 1, 6]",,,,,,,,,,
long_rvos/1088228079/1/8,long_rvos,1088228079,1,8,hybrid,A man in white sportswear grabs rocks and climbs left of a woman in blue.,PREDICTED_CANDIDATE_DIRECT_TEMPORAL,False,0.75517971380919,0.7837461158142641,0.7694629148117271,"[1, 1, 1, 6]",,,,,,,,,,
long_rvos/1088228079/1/8,long_rvos,1088228079,1,8,hybrid,A man in white sportswear grabs rocks and climbs left of a woman in blue.,PREDICTED_CANDIDATE_POINT_STATIC,False,0.2966087002856838,0.3715643911428318,0.3340865457142578,"[1, 1, 1, 6]",4,True,,"1:1088228079:[{""frame"":58,""point"":[0.405859375,0.7506944444444444],""update"":true},{""frame"":117,""point"":[0.326171875,0.63125],""update"":true},{""frame"":175,""point"":[0.387890625,0.64375],""update"":true},{""frame"":234,""point"":[0.345703125,0.7048611111111112],""update"":true}]",long_rvos/1088228079/1/1,PREDICTED_CANDIDATE_POINT_STATIC,89.09864630550146,31638141952,success,False
long_rvos/1088228079/1/8,long_rvos,1088228079,1,8,hybrid,A man in white sportswear grabs rocks and climbs left of a woman in blue.,PREDICTED_CANDIDATE_POINT_TEMPORAL,False,0.2966087002856838,0.3715643911428318,0.3340865457142578,"[1, 1, 1, 6]",4,True,,"1:1088228079:[{""frame"":58,""point"":[0.405859375,0.7506944444444444],""update"":true},{""frame"":117,""point"":[0.326171875,0.63125],""update"":true},{""frame"":175,""point"":[0.387890625,0.64375],""update"":true},{""frame"":234,""point"":[0.345703125,0.7048611111111112],""update"":true}]",long_rvos/1088228079/1/1,PREDICTED_CANDIDATE_POINT_STATIC,89.09864630550146,31638141952,success,False
long_rvos/119777f4c0/1/0,long_rvos,119777f4c0,1,0,static,"A man wearing dark gray clothes, a hat, and sunglasses, standing next to a man and a child, with a steering wheel in front of him.",ORACLE_CANDIDATE,True,0.7167106460627306,0.6877754935232692,0.7022430697929999,[4],,,,,,,,,,
long_rvos/119777f4c0/1/0,long_rvos,119777f4c0,1,0,static,"A man wearing dark gray clothes, a hat, and sunglasses, standing next to a man and a child, with a steering wheel in front of him.",ORACLE_ID_POINT,True,0.5625,0.5625,0.5625,"[4, 4, 4, 4]",1,True,,"1:119777f4c0:[{""frame"":105,""point"":null,""update"":false},{""frame"":211,""point"":[0.99921875,0.9986111111111111],""update"":true},{""frame"":317,""point"":null,""update"":false},{""frame"":423,""point"":null,""update"":false}]",long_rvos/119777f4c0/1/1,ORACLE_ID_POINT,60.179837338626385,12107888128,success,False
long_rvos/119777f4c0/1/0,long_rvos,119777f4c0,1,0,static,"A man wearing dark gray clothes, a hat, and sunglasses, standing next to a man and a child, with a steering wheel in front of him.",PREDICTED_CANDIDATE_DIRECT_STATIC,False,0.48686391520033545,0.4855144654876643,0.4861891903439999,"[0, 4, 0, 5]",,,,,,,,,,
long_rvos/119777f4c0/1/0,long_rvos,119777f4c0,1,0,static,"A man wearing dark gray clothes, a hat, and sunglasses, standing next to a man and a child, with a steering wheel in front of him.",PREDICTED_CANDIDATE_DIRECT_TEMPORAL,False,0.26224246077689783,0.2760804151664621,0.26916143797167996,"[0, 0, 0, 5]",,,,,,,,,,
long_rvos/119777f4c0/1/0,long_rvos,119777f4c0,1,0,static,"A man wearing dark gray clothes, a hat, and sunglasses, standing next to a man and a child, with a steering wheel in front of him.",PREDICTED_CANDIDATE_POINT_STATIC,False,0.6850306772981898,0.6889201942899407,0.6869754357940652,"[0, 4, 0, 5]",2,True,,"1:119777f4c0:[{""frame"":105,""point"":null,""update"":false},{""frame"":211,""point"":[0.99921875,0.9986111111111111],""update"":true},{""frame"":317,""point"":null,""update"":false},{""frame"":423,""point"":[0.99921875,0.6097222222222223],""update"":true}]",long_rvos/119777f4c0/1/1,PREDICTED_CANDIDATE_POINT_STATIC,74.79600245505571,40312673280,success,False
long_rvos/119777f4c0/1/0,long_rvos,119777f4c0,1,0,static,"A man wearing dark gray clothes, a hat, and sunglasses, standing next to a man and a child, with a steering wheel in front of him.",PREDICTED_CANDIDATE_POINT_TEMPORAL,False,0.5625,0.5625,0.5625,"[0, 0, 0, 5]",1,False,,,,,34.176734521985054,9828039168,success,False
long_rvos/119777f4c0/1/1,long_rvos,119777f4c0,1,1,dynamic,"The man looks forward and holds the steering wheel. Then, the child sits next to him and holds the steering wheel.",ORACLE_CANDIDATE,True,0.7167106460627306,0.6877754935232692,0.7022430697929999,[4],,,,,,,,,,
long_rvos/119777f4c0/1/1,long_rvos,119777f4c0,1,1,dynamic,"The man looks forward and holds the steering wheel. Then, the child sits next to him and holds the steering wheel.",ORACLE_ID_POINT,True,0.5625,0.5625,0.5625,"[4, 4, 4, 4]",1,False,,,,,60.179837338626385,12107888128,success,False
long_rvos/119777f4c0/1/1,long_rvos,119777f4c0,1,1,dynamic,"The man looks forward and holds the steering wheel. Then, the child sits next to him and holds the steering wheel.",PREDICTED_CANDIDATE_DIRECT_STATIC,False,0.48686391520033545,0.4855144654876643,0.4861891903439999,"[0, 4, 0, 5]",,,,,,,,,,
long_rvos/119777f4c0/1/1,long_rvos,119777f4c0,1,1,dynamic,"The man looks forward and holds the steering wheel. Then, the child sits next to him and holds the steering wheel.",PREDICTED_CANDIDATE_DIRECT_TEMPORAL,False,0.4304822320002135,0.4283085869092958,0.42939540945475463,"[0, 4, 3, 5]",,,,,,,,,,
long_rvos/119777f4c0/1/1,long_rvos,119777f4c0,1,1,dynamic,"The man looks forward and holds the steering wheel. Then, the child sits next to him and holds the steering wheel.",PREDICTED_CANDIDATE_POINT_STATIC,False,0.6850306772981898,0.6889201942899407,0.6869754357940652,"[0, 4, 0, 5]",2,False,,,,,74.79600245505571,40312673280,success,False
long_rvos/119777f4c0/1/1,long_rvos,119777f4c0,1,1,dynamic,"The man looks forward and holds the steering wheel. Then, the child sits next to him and holds the steering wheel.",PREDICTED_CANDIDATE_POINT_TEMPORAL,False,0.6845028434463194,0.687014558114426,0.6857587007803727,"[0, 4, 3, 5]",3,False,,,,,100.0057615339756,40841198592,success,False
long_rvos/119777f4c0/1/12,long_rvos,119777f4c0,1,12,hybrid,A bearded man in gray steers a boat with a child in front.,ORACLE_CANDIDATE,True,0.5625,0.5625,0.5625,[0],,,,,,,,,,
long_rvos/119777f4c0/1/12,long_rvos,119777f4c0,1,12,hybrid,A bearded man in gray steers a boat with a child in front.,ORACLE_ID_POINT,True,0.5625,0.5625,0.5625,"[0, 0, 0, 0]",0,True,True,"119777f4c0:[{""frame"":105,""point"":null,""update"":false},{""frame"":211,""point"":null,""update"":false},{""frame"":317,""point"":null,""update"":false},{""frame"":423,""point"":null,""update"":false}]",,temporal_update_k4,19.76757476478815,7850822144,success,False
long_rvos/119777f4c0/1/12,long_rvos,119777f4c0,1,12,hybrid,A bearded man in gray steers a boat with a child in front.,PREDICTED_CANDIDATE_DIRECT_STATIC,False,0.5625,0.5625,0.5625,"[0, 0, 0, 0]",,,,,,,,,,
long_rvos/119777f4c0/1/12,long_rvos,119777f4c0,1,12,hybrid,A bearded man in gray steers a boat with a child in front.,PREDICTED_CANDIDATE_DIRECT_TEMPORAL,False,0.5625,0.5625,0.5625,"[0, 0, 0, 0]",,,,,,,,,,
long_rvos/119777f4c0/1/12,long_rvos,119777f4c0,1,12,hybrid,A bearded man in gray steers a boat with a child in front.,PREDICTED_CANDIDATE_POINT_STATIC,False,0.5625,0.5625,0.5625,"[0, 0, 0, 0]",0,True,True,"119777f4c0:[{""frame"":105,""point"":null,""update"":false},{""frame"":211,""point"":null,""update"":false},{""frame"":317,""point"":null,""update"":false},{""frame"":423,""point"":null,""update"":false}]",,temporal_update_k4,19.76757476478815,7850822144,success,False
long_rvos/119777f4c0/1/12,long_rvos,119777f4c0,1,12,hybrid,A bearded man in gray steers a boat with a child in front.,PREDICTED_CANDIDATE_POINT_TEMPORAL,False,0.5625,0.5625,0.5625,"[0, 0, 0, 0]",0,True,True,"119777f4c0:[{""frame"":105,""point"":null,""update"":false},{""frame"":211,""point"":null,""update"":false},{""frame"":317,""point"":null,""update"":false},{""frame"":423,""point"":null,""update"":false}]",,temporal_update_k4,19.76757476478815,7850822144,success,False
long_rvos/119777f4c0/1/2,long_rvos,119777f4c0,1,2,static,"A man wearing a gray top and a beard, with a boy in red clothes and black sunglasses in front of him, on a boat.",ORACLE_CANDIDATE,True,0.7167106460627306,0.6877754935232692,0.7022430697929999,[4],,,,,,,,,,
long_rvos/119777f4c0/1/2,long_rvos,119777f4c0,1,2,static,"A man wearing a gray top and a beard, with a boy in red clothes and black sunglasses in front of him, on a boat.",ORACLE_ID_POINT,True,0.5625,0.5625,0.5625,"[4, 4, 4, 4]",1,True,,"1:119777f4c0:[{""frame"":105,""point"":null,""update"":false},{""frame"":211,""point"":[0.99921875,0.9986111111111111],""update"":true},{""frame"":317,""point"":null,""update"":false},{""frame"":423,""point"":null,""update"":false}]",long_rvos/119777f4c0/1/1,ORACLE_ID_POINT,60.179837338626385,12107888128,success,False
long_rvos/119777f4c0/1/2,long_rvos,119777f4c0,1,2,static,"A man wearing a gray top and a beard, with a boy in red clothes and black sunglasses in front of him, on a boat.",PREDICTED_CANDIDATE_DIRECT_STATIC,False,0.48686391520033545,0.4855144654876643,0.4861891903439999,"[0, 4, 0, 5]",,,,,,,,,,
long_rvos/119777f4c0/1/2,long_rvos,119777f4c0,1,2,static,"A man wearing a gray top and a beard, with a boy in red clothes and black sunglasses in front of him, on a boat.",PREDICTED_CANDIDATE_DIRECT_TEMPORAL,False,0.4304822320002135,0.4283085869092958,0.42939540945475463,"[0, 4, 3, 5]",,,,,,,,,,
long_rvos/119777f4c0/1/2,long_rvos,119777f4c0,1,2,static,"A man wearing a gray top and a beard, with a boy in red clothes and black sunglasses in front of him, on a boat.",PREDICTED_CANDIDATE_POINT_STATIC,False,0.6850306772981898,0.6889201942899407,0.6869754357940652,"[0, 4, 0, 5]",2,True,,"1:119777f4c0:[{""frame"":105,""point"":null,""update"":false},{""frame"":211,""point"":[0.99921875,0.9986111111111111],""update"":true},{""frame"":317,""point"":null,""update"":false},{""frame"":423,""point"":[0.99921875,0.6097222222222223],""update"":true}]",long_rvos/119777f4c0/1/1,PREDICTED_CANDIDATE_POINT_STATIC,74.79600245505571,40312673280,success,False
long_rvos/119777f4c0/1/2,long_rvos,119777f4c0,1,2,static,"A man wearing a gray top and a beard, with a boy in red clothes and black sunglasses in front of him, on a boat.",PREDICTED_CANDIDATE_POINT_TEMPORAL,False,0.6845028434463194,0.687014558114426,0.6857587007803727,"[0, 4, 3, 5]",3,True,,"1:119777f4c0:[{""frame"":105,""point"":null,""update"":false},{""frame"":211,""point"":[0.99921875,0.9986111111111111],""update"":true},{""frame"":317,""point"":[0.67578125,0.2652777777777778],""update"":true},{""frame"":423,""point"":[0.99921875,0.6097222222222223],""update"":true}]",long_rvos/119777f4c0/1/1,PREDICTED_CANDIDATE_POINT_TEMPORAL,100.0057615339756,40841198592,success,False
long_rvos/119777f4c0/1/3,long_rvos,119777f4c0,1,3,dynamic,"The man extends one hand to hold the steering wheel, with the boy sitting in front of him.",ORACLE_CANDIDATE,True,0.7167106460627306,0.6877754935232692,0.7022430697929999,[4],,,,,,,,,,
long_rvos/119777f4c0/1/3,long_rvos,119777f4c0,1,3,dynamic,"The man extends one hand to hold the steering wheel, with the boy sitting in front of him.",ORACLE_ID_POINT,True,0.5625,0.5625,0.5625,"[4, 4, 4, 4]",1,True,,"1:119777f4c0:[{""frame"":105,""point"":null,""update"":false},{""frame"":211,""point"":[0.99921875,0.9986111111111111],""update"":true},{""frame"":317,""point"":null,""update"":false},{""frame"":423,""point"":null,""update"":false}]",long_rvos/119777f4c0/1/1,ORACLE_ID_POINT,60.179837338626385,12107888128,success,False
long_rvos/119777f4c0/1/3,long_rvos,119777f4c0,1,3,dynamic,"The man extends one hand to hold the steering wheel, with the boy sitting in front of him.",PREDICTED_CANDIDATE_DIRECT_STATIC,False,0.48686391520033545,0.4855144654876643,0.4861891903439999,"[0, 4, 0, 5]",,,,,,,,,,
long_rvos/119777f4c0/1/3,long_rvos,119777f4c0,1,3,dynamic,"The man extends one hand to hold the steering wheel, with the boy sitting in front of him.",PREDICTED_CANDIDATE_DIRECT_TEMPORAL,False,0.48686391520033545,0.4855144654876643,0.4861891903439999,"[0, 4, 0, 5]",,,,,,,,,,
long_rvos/119777f4c0/1/3,long_rvos,119777f4c0,1,3,dynamic,"The man extends one hand to hold the steering wheel, with the boy sitting in front of him.",PREDICTED_CANDIDATE_POINT_STATIC,False,0.6850306772981898,0.6889201942899407,0.6869754357940652,"[0, 4, 0, 5]",2,True,,"1:119777f4c0:[{""frame"":105,""point"":null,""update"":false},{""frame"":211,""point"":[0.99921875,0.9986111111111111],""update"":true},{""frame"":317,""point"":null,""update"":false},{""frame"":423,""point"":[0.99921875,0.6097222222222223],""update"":true}]",long_rvos/119777f4c0/1/1,PREDICTED_CANDIDATE_POINT_STATIC,74.79600245505571,40312673280,success,False
long_rvos/119777f4c0/1/3,long_rvos,119777f4c0,1,3,dynamic,"The man extends one hand to hold the steering wheel, with the boy sitting in front of him.",PREDICTED_CANDIDATE_POINT_TEMPORAL,False,0.6850306772981898,0.6889201942899407,0.6869754357940652,"[0, 4, 0, 5]",2,True,,"1:119777f4c0:[{""frame"":105,""point"":null,""update"":false},{""frame"":211,""point"":[0.99921875,0.9986111111111111],""update"":true},{""frame"":317,""point"":null,""update"":false},{""frame"":423,""point"":[0.99921875,0.6097222222222223],""update"":true}]",long_rvos/119777f4c0/1/1,PREDICTED_CANDIDATE_POINT_STATIC,74.79600245505571,40312673280,success,False
long_rvos/18b160d3a7/2/13,long_rvos,18b160d3a7,2,13,hybrid,"A woman in a black shirt sits at a desk, laughing at the camera.",ORACLE_CANDIDATE,True,0.9735726610602082,0.9519632698858307,0.9627679654730195,[0],,,,,,,,,,
long_rvos/18b160d3a7/2/13,long_rvos,18b160d3a7,2,13,hybrid,"A woman in a black shirt sits at a desk, laughing at the camera.",ORACLE_ID_POINT,True,0.08903584497465183,0.07348374470711455,0.08125979484088319,"[0, 0, 0, 0]",4,True,,"2:18b160d3a7:[{""frame"":58,""point"":[0.00078125,0.9989583333333333],""update"":true},{""frame"":117,""point"":[0.87578125,0.7114583333333333],""update"":true},{""frame"":175,""point"":[0.99921875,0.759375],""update"":true},{""frame"":234,""point"":[0.99921875,0.709375],""update"":true}]",long_rvos/18b160d3a7/2/5,ORACLE_ID_POINT,87.86184526234865,31542295552,success,False
long_rvos/18b160d3a7/2/13,long_rvos,18b160d3a7,2,13,hybrid,"A woman in a black shirt sits at a desk, laughing at the camera.",PREDICTED_CANDIDATE_DIRECT_STATIC,False,0.9735726610602082,0.9519632698858307,0.9627679654730195,"[0, 0, 0, 0]",,,,,,,,,,
long_rvos/18b160d3a7/2/13,long_rvos,18b160d3a7,2,13,hybrid,"A woman in a black shirt sits at a desk, laughing at the camera.",PREDICTED_CANDIDATE_DIRECT_TEMPORAL,False,0.9735726610602082,0.9519632698858307,0.9627679654730195,"[0, 0, 0, 0]",,,,,,,,,,
long_rvos/18b160d3a7/2/13,long_rvos,18b160d3a7,2,13,hybrid,"A woman in a black shirt sits at a desk, laughing at the camera.",PREDICTED_CANDIDATE_POINT_STATIC,False,0.08903584497465183,0.07348374470711455,0.08125979484088319,"[0, 0, 0, 0]",4,True,,"2:18b160d3a7:[{""frame"":58,""point"":[0.00078125,0.9989583333333333],""update"":true},{""frame"":117,""point"":[0.87578125,0.7114583333333333],""update"":true},{""frame"":175,""point"":[0.99921875,0.759375],""update"":true},{""frame"":234,""point"":[0.99921875,0.709375],""update"":true}]",long_rvos/18b160d3a7/2/5,ORACLE_ID_POINT,87.86184526234865,31542295552,success,False
long_rvos/18b160d3a7/2/13,long_rvos,18b160d3a7,2,13,hybrid,"A woman in a black shirt sits at a desk, laughing at the camera.",PREDICTED_CANDIDATE_POINT_TEMPORAL,False,0.08903584497465183,0.07348374470711455,0.08125979484088319,"[0, 0, 0, 0]",4,True,,"2:18b160d3a7:[{""frame"":58,""point"":[0.00078125,0.9989583333333333],""update"":true},{""frame"":117,""point"":[0.87578125,0.7114583333333333],""update"":true},{""frame"":175,""point"":[0.99921875,0.759375],""update"":true},{""frame"":234,""point"":[0.99921875,0.709375],""update"":true}]",long_rvos/18b160d3a7/2/5,ORACLE_ID_POINT,87.86184526234865,31542295552,success,False
long_rvos/18b160d3a7/2/4,long_rvos,18b160d3a7,2,4,static,"A woman wearing a black long-sleeve shirt with a pearl necklace, with black hair, to the left of a woman in a black short-sleeve shirt with white stripes.",ORACLE_CANDIDATE,True,0.9735726610602082,0.9519632698858307,0.9627679654730195,[0],,,,,,,,,,
long_rvos/18b160d3a7/2/4,long_rvos,18b160d3a7,2,4,static,"A woman wearing a black long-sleeve shirt with a pearl necklace, with black hair, to the left of a woman in a black short-sleeve shirt with white stripes.",ORACLE_ID_POINT,True,0.08903584497465183,0.07348374470711455,0.08125979484088319,"[0, 0, 0, 0]",4,True,,"2:18b160d3a7:[{""frame"":58,""point"":[0.00078125,0.9989583333333333],""update"":true},{""frame"":117,""point"":[0.87578125,0.7114583333333333],""update"":true},{""frame"":175,""point"":[0.99921875,0.759375],""update"":true},{""frame"":234,""point"":[0.99921875,0.709375],""update"":true}]",long_rvos/18b160d3a7/2/5,ORACLE_ID_POINT,87.86184526234865,31542295552,success,False
long_rvos/18b160d3a7/2/4,long_rvos,18b160d3a7,2,4,static,"A woman wearing a black long-sleeve shirt with a pearl necklace, with black hair, to the left of a woman in a black short-sleeve shirt with white stripes.",PREDICTED_CANDIDATE_DIRECT_STATIC,False,0.9735726610602082,0.9519632698858307,0.9627679654730195,"[0, 0, 0, 0]",,,,,,,,,,
long_rvos/18b160d3a7/2/4,long_rvos,18b160d3a7,2,4,static,"A woman wearing a black long-sleeve shirt with a pearl necklace, with black hair, to the left of a woman in a black short-sleeve shirt with white stripes.",PREDICTED_CANDIDATE_DIRECT_TEMPORAL,False,0.9735726610602082,0.9519632698858307,0.9627679654730195,"[0, 0, 0, 0]",,,,,,,,,,
long_rvos/18b160d3a7/2/4,long_rvos,18b160d3a7,2,4,static,"A woman wearing a black long-sleeve shirt with a pearl necklace, with black hair, to the left of a woman in a black short-sleeve shirt with white stripes.",PREDICTED_CANDIDATE_POINT_STATIC,False,0.08903584497465183,0.07348374470711455,0.08125979484088319,"[0, 0, 0, 0]",4,True,,"2:18b160d3a7:[{""frame"":58,""point"":[0.00078125,0.9989583333333333],""update"":true},{""frame"":117,""point"":[0.87578125,0.7114583333333333],""update"":true},{""frame"":175,""point"":[0.99921875,0.759375],""update"":true},{""frame"":234,""point"":[0.99921875,0.709375],""update"":true}]",long_rvos/18b160d3a7/2/5,ORACLE_ID_POINT,87.86184526234865,31542295552,success,False
long_rvos/18b160d3a7/2/4,long_rvos,18b160d3a7,2,4,static,"A woman wearing a black long-sleeve shirt with a pearl necklace, with black hair, to the left of a woman in a black short-sleeve shirt with white stripes.",PREDICTED_CANDIDATE_POINT_TEMPORAL,False,0.08903584497465183,0.07348374470711455,0.08125979484088319,"[0, 0, 0, 0]",4,True,,"2:18b160d3a7:[{""frame"":58,""point"":[0.00078125,0.9989583333333333],""update"":true},{""frame"":117,""point"":[0.87578125,0.7114583333333333],""update"":true},{""frame"":175,""point"":[0.99921875,0.759375],""update"":true},{""frame"":234,""point"":[0.99921875,0.709375],""update"":true}]",long_rvos/18b160d3a7/2/5,ORACLE_ID_POINT,87.86184526234865,31542295552,success,False
long_rvos/18b160d3a7/2/5,long_rvos,18b160d3a7,2,5,dynamic,"The woman is sitting at the desk, chatting and laughing with the woman in a black short-sleeve shirt with white stripes, while looking at the camera.",ORACLE_CANDIDATE,True,0.9735726610602082,0.9519632698858307,0.9627679654730195,[0],,,,,,,,,,
long_rvos/18b160d3a7/2/5,long_rvos,18b160d3a7,2,5,dynamic,"The woman is sitting at the desk, chatting and laughing with the woman in a black short-sleeve shirt with white stripes, while looking at the camera.",ORACLE_ID_POINT,True,0.08903584497465183,0.07348374470711455,0.08125979484088319,"[0, 0, 0, 0]",4,False,,,,,87.86184526234865,31542295552,success,False
long_rvos/18b160d3a7/2/5,long_rvos,18b160d3a7,2,5,dynamic,"The woman is sitting at the desk, chatting and laughing with the woman in a black short-sleeve shirt with white stripes, while looking at the camera.",PREDICTED_CANDIDATE_DIRECT_STATIC,False,0.015497705231864197,0.08410441583338055,0.04980106053262237,"[3, 1, 1, 1]",,,,,,,,,,
long_rvos/18b160d3a7/2/5,long_rvos,18b160d3a7,2,5,dynamic,"The woman is sitting at the desk, chatting and laughing with the woman in a black short-sleeve shirt with white stripes, while looking at the camera.",PREDICTED_CANDIDATE_DIRECT_TEMPORAL,False,0.0,0.037819663393563324,0.018909831696781662,"[1, 2, 1, 2]",,,,,,,,,,
long_rvos/18b160d3a7/2/5,long_rvos,18b160d3a7,2,5,dynamic,"The woman is sitting at the desk, chatting and laughing with the woman in a black short-sleeve shirt with white stripes, while looking at the camera.",PREDICTED_CANDIDATE_POINT_STATIC,False,0.0021017683224638724,0.0013326684104330378,0.001717218366448455,"[3, 1, 1, 1]",4,False,,,,,87.17857244610786,31536115712,success,False
long_rvos/18b160d3a7/2/5,long_rvos,18b160d3a7,2,5,dynamic,"The woman is sitting at the desk, chatting and laughing with the woman in a black short-sleeve shirt with white stripes, while looking at the camera.",PREDICTED_CANDIDATE_POINT_TEMPORAL,False,0.0,0.0,0.0,"[1, 2, 1, 2]",1,False,,,,,27.180999018251896,9283367936,success,False
long_rvos/1a5dead3e3/1/0,long_rvos,1a5dead3e3,1,0,static,"A baby wearing a blue bib, sitting in a stroller, with a man in front.",ORACLE_CANDIDATE,True,0.8713188656589098,0.8456780752189471,0.8584984704389285,[0],,,,,,,,,,
long_rvos/1a5dead3e3/1/0,long_rvos,1a5dead3e3,1,0,static,"A baby wearing a blue bib, sitting in a stroller, with a man in front.",ORACLE_ID_POINT,True,0.36577980095447105,0.3551845813904292,0.3604821911724501,"[0, 0, 0, 0]",4,True,,"1:1a5dead3e3:[{""frame"":107,""point"":[0.39140625,0.4749560632688928],""update"":true},{""frame"":214,""point"":[0.34609375,0.46177504393673113],""update"":true},{""frame"":321,""point"":[0.31796875,0.30360281195079086],""update"":true},{""frame"":428,""point"":[0.70234375,0.3633567662565905],""update"":true}]",long_rvos/1a5dead3e3/1/1,PREDICTED_CANDIDATE_POINT_STATIC,161.41068045794964,52010278912,success,False
long_rvos/1a5dead3e3/1/0,long_rvos,1a5dead3e3,1,0,static,"A baby wearing a blue bib, sitting in a stroller, with a man in front.",PREDICTED_CANDIDATE_DIRECT_STATIC,False,0.8713188656589098,0.8456780752189471,0.8584984704389285,"[0, 0, 0, 0]",,,,,,,,,,
long_rvos/1a5dead3e3/1/0,long_rvos,1a5dead3e3,1,0,static,"A baby wearing a blue bib, sitting in a stroller, with a man in front.",PREDICTED_CANDIDATE_DIRECT_TEMPORAL,False,0.8713188656589098,0.8456780752189471,0.8584984704389285,"[0, 0, 0, 0]",,,,,,,,,,
long_rvos/1a5dead3e3/1/0,long_rvos,1a5dead3e3,1,0,static,"A baby wearing a blue bib, sitting in a stroller, with a man in front.",PREDICTED_CANDIDATE_POINT_STATIC,False,0.36577980095447105,0.3551845813904292,0.3604821911724501,"[0, 0, 0, 0]",4,True,,"1:1a5dead3e3:[{""frame"":107,""point"":[0.39140625,0.4749560632688928],""update"":true},{""frame"":214,""point"":[0.34609375,0.46177504393673113],""update"":true},{""frame"":321,""point"":[0.31796875,0.30360281195079086],""update"":true},{""frame"":428,""point"":[0.70234375,0.3633567662565905],""update"":true}]",long_rvos/1a5dead3e3/1/1,PREDICTED_CANDIDATE_POINT_STATIC,161.41068045794964,52010278912,success,False
long_rvos/1a5dead3e3/1/0,long_rvos,1a5dead3e3,1,0,static,"A baby wearing a blue bib, sitting in a stroller, with a man in front.",PREDICTED_CANDIDATE_POINT_TEMPORAL,False,0.36577980095447105,0.3551845813904292,0.3604821911724501,"[0, 0, 0, 0]",4,True,,"1:1a5dead3e3:[{""frame"":107,""point"":[0.39140625,0.4749560632688928],""update"":true},{""frame"":214,""point"":[0.34609375,0.46177504393673113],""update"":true},{""frame"":321,""point"":[0.31796875,0.30360281195079086],""update"":true},{""frame"":428,""point"":[0.70234375,0.3633567662565905],""update"":true}]",long_rvos/1a5dead3e3/1/1,PREDICTED_CANDIDATE_POINT_STATIC,161.41068045794964,52010278912,success,False
long_rvos/1a5dead3e3/1/1,long_rvos,1a5dead3e3,1,1,dynamic,"The baby is eating and playing with a string in its hand, occasionally opens his mouth to eat.",ORACLE_CANDIDATE,True,0.8713188656589098,0.8456780752189471,0.8584984704389285,[0],,,,,,,,,,
long_rvos/1a5dead3e3/1/1,long_rvos,1a5dead3e3,1,1,dynamic,"The baby is eating and playing with a string in its hand, occasionally opens his mouth to eat.",ORACLE_ID_POINT,True,0.36577980095447105,0.3551845813904292,0.3604821911724501,"[0, 0, 0, 0]",4,True,,"1:1a5dead3e3:[{""frame"":107,""point"":[0.39140625,0.4749560632688928],""update"":true},{""frame"":214,""point"":[0.34609375,0.46177504393673113],""update"":true},{""frame"":321,""point"":[0.31796875,0.30360281195079086],""update"":true},{""frame"":428,""point"":[0.70234375,0.3633567662565905],""update"":true}]",long_rvos/1a5dead3e3/1/1,PREDICTED_CANDIDATE_POINT_STATIC,161.41068045794964,52010278912,success,False
long_rvos/1a5dead3e3/1/1,long_rvos,1a5dead3e3,1,1,dynamic,"The baby is eating and playing with a string in its hand, occasionally opens his mouth to eat.",PREDICTED_CANDIDATE_DIRECT_STATIC,False,0.8713188656589098,0.8456780752189471,0.8584984704389285,"[0, 0, 0, 0]",,,,,,,,,,
long_rvos/1a5dead3e3/1/1,long_rvos,1a5dead3e3,1,1,dynamic,"The baby is eating and playing with a string in its hand, occasionally opens his mouth to eat.",PREDICTED_CANDIDATE_DIRECT_TEMPORAL,False,0.8713188656589098,0.8456780752189471,0.8584984704389285,"[0, 0, 0, 0]",,,,,,,,,,
long_rvos/1a5dead3e3/1/1,long_rvos,1a5dead3e3,1,1,dynamic,"The baby is eating and playing with a string in its hand, occasionally opens his mouth to eat.",PREDICTED_CANDIDATE_POINT_STATIC,False,0.36577980095447105,0.3551845813904292,0.3604821911724501,"[0, 0, 0, 0]",4,False,,,,,161.41068045794964,52010278912,success,False
long_rvos/1a5dead3e3/1/1,long_rvos,1a5dead3e3,1,1,dynamic,"The baby is eating and playing with a string in its hand, occasionally opens his mouth to eat.",PREDICTED_CANDIDATE_POINT_TEMPORAL,False,0.36577980095447105,0.3551845813904292,0.3604821911724501,"[0, 0, 0, 0]",4,True,,"1:1a5dead3e3:[{""frame"":107,""point"":[0.39140625,0.4749560632688928],""update"":true},{""frame"":214,""point"":[0.34609375,0.46177504393673113],""update"":true},{""frame"":321,""point"":[0.31796875,0.30360281195079086],""update"":true},{""frame"":428,""point"":[0.70234375,0.3633567662565905],""update"":true}]",long_rvos/1a5dead3e3/1/1,PREDICTED_CANDIDATE_POINT_STATIC,161.41068045794964,52010278912,success,False
long_rvos/1a5dead3e3/1/4,long_rvos,1a5dead3e3,1,4,hybrid,"A baby in a blue bib sits in a stroller, eating and playing with a string.",ORACLE_CANDIDATE,True,0.8713188656589098,0.8456780752189471,0.8584984704389285,[0],,,,,,,,,,
long_rvos/1a5dead3e3/1/4,long_rvos,1a5dead3e3,1,4,hybrid,"A baby in a blue bib sits in a stroller, eating and playing with a string.",ORACLE_ID_POINT,True,0.36577980095447105,0.3551845813904292,0.3604821911724501,"[0, 0, 0, 0]",4,True,,"1:1a5dead3e3:[{""frame"":107,""point"":[0.39140625,0.4749560632688928],""update"":true},{""frame"":214,""point"":[0.34609375,0.46177504393673113],""update"":true},{""frame"":321,""point"":[0.31796875,0.30360281195079086],""update"":true},{""frame"":428,""point"":[0.70234375,0.3633567662565905],""update"":true}]",long_rvos/1a5dead3e3/1/1,PREDICTED_CANDIDATE_POINT_STATIC,161.41068045794964,52010278912,success,False
long_rvos/1a5dead3e3/1/4,long_rvos,1a5dead3e3,1,4,hybrid,"A baby in a blue bib sits in a stroller, eating and playing with a string.",PREDICTED_CANDIDATE_DIRECT_STATIC,False,0.8713188656589098,0.8456780752189471,0.8584984704389285,"[0, 0, 0, 0]",,,,,,,,,,
long_rvos/1a5dead3e3/1/4,long_rvos,1a5dead3e3,1,4,hybrid,"A baby in a blue bib sits in a stroller, eating and playing with a string.",PREDICTED_CANDIDATE_DIRECT_TEMPORAL,False,0.8713188656589098,0.8456780752189471,0.8584984704389285,"[0, 0, 0, 0]",,,,,,,,,,
long_rvos/1a5dead3e3/1/4,long_rvos,1a5dead3e3,1,4,hybrid,"A baby in a blue bib sits in a stroller, eating and playing with a string.",PREDICTED_CANDIDATE_POINT_STATIC,False,0.36577980095447105,0.3551845813904292,0.3604821911724501,"[0, 0, 0, 0]",4,True,,"1:1a5dead3e3:[{""frame"":107,""point"":[0.39140625,0.4749560632688928],""update"":true},{""frame"":214,""point"":[0.34609375,0.46177504393673113],""update"":true},{""frame"":321,""point"":[0.31796875,0.30360281195079086],""update"":true},{""frame"":428,""point"":[0.70234375,0.3633567662565905],""update"":true}]",long_rvos/1a5dead3e3/1/1,PREDICTED_CANDIDATE_POINT_STATIC,161.41068045794964,52010278912,success,False
long_rvos/1a5dead3e3/1/4,long_rvos,1a5dead3e3,1,4,hybrid,"A baby in a blue bib sits in a stroller, eating and playing with a string.",PREDICTED_CANDIDATE_POINT_TEMPORAL,False,0.36577980095447105,0.3551845813904292,0.3604821911724501,"[0, 0, 0, 0]",4,True,,"1:1a5dead3e3:[{""frame"":107,""point"":[0.39140625,0.4749560632688928],""update"":true},{""frame"":214,""point"":[0.34609375,0.46177504393673113],""update"":true},{""frame"":321,""point"":[0.31796875,0.30360281195079086],""update"":true},{""frame"":428,""point"":[0.70234375,0.3633567662565905],""update"":true}]",long_rvos/1a5dead3e3/1/1,PREDICTED_CANDIDATE_POINT_STATIC,161.41068045794964,52010278912,success,False
long_rvos/20eaede0fb/2/4,long_rvos,20eaede0fb,2,4,static,A black four-wheeled vehicle next to the wall.,ORACLE_CANDIDATE,True,0.0,0.0,0.0,[null],,,,,,,,,,
long_rvos/20eaede0fb/2/4,long_rvos,20eaede0fb,2,4,static,A black four-wheeled vehicle next to the wall.,ORACLE_ID_POINT,True,0.625,0.625,0.625,"[None, None, None, None]",0,True,,,,,14.558180317282677,6698121728,success,False
long_rvos/20eaede0fb/2/4,long_rvos,20eaede0fb,2,4,static,A black four-wheeled vehicle next to the wall.,PREDICTED_CANDIDATE_DIRECT_STATIC,False,0.625,0.625,0.625,"[null, null, null, null]",,,,,,,,,,
long_rvos/20eaede0fb/2/4,long_rvos,20eaede0fb,2,4,static,A black four-wheeled vehicle next to the wall.,PREDICTED_CANDIDATE_DIRECT_TEMPORAL,False,0.625,0.625,0.625,"[null, null, null, null]",,,,,,,,,,
long_rvos/20eaede0fb/2/4,long_rvos,20eaede0fb,2,4,static,A black four-wheeled vehicle next to the wall.,PREDICTED_CANDIDATE_POINT_STATIC,False,0.625,0.625,0.625,"[None, None, None, None]",0,True,,,,,14.420457489788532,6698121728,success,False
long_rvos/20eaede0fb/2/4,long_rvos,20eaede0fb,2,4,static,A black four-wheeled vehicle next to the wall.,PREDICTED_CANDIDATE_POINT_TEMPORAL,False,0.625,0.625,0.625,"[None, None, None, None]",0,True,,,,,14.343086197972298,6698121728,success,False
long_rvos/20eaede0fb/2/5,long_rvos,20eaede0fb,2,5,dynamic,"The vehicle drives over, then turns and drives away.",ORACLE_CANDIDATE,True,0.609375,0.609375,0.609375,[0],,,,,,,,,,
long_rvos/20eaede0fb/2/5,long_rvos,20eaede0fb,2,5,dynamic,"The vehicle drives over, then turns and drives away.",ORACLE_ID_POINT,True,0.625,0.625,0.625,"[0, 0, 0, 0]",0,False,,,,,15.638373762369156,6698121728,success,False
long_rvos/20eaede0fb/2/5,long_rvos,20eaede0fb,2,5,dynamic,"The vehicle drives over, then turns and drives away.",PREDICTED_CANDIDATE_DIRECT_STATIC,False,0.28125,0.28125,0.28125,"[0, 2, 3, 3]",,,,,,,,,,
long_rvos/20eaede0fb/2/5,long_rvos,20eaede0fb,2,5,dynamic,"The vehicle drives over, then turns and drives away.",PREDICTED_CANDIDATE_DIRECT_TEMPORAL,False,0.28125,0.28125,0.28125,"[0, 2, 3, 3]",,,,,,,,,,
long_rvos/20eaede0fb/2/5,long_rvos,20eaede0fb,2,5,dynamic,"The vehicle drives over, then turns and drives away.",PREDICTED_CANDIDATE_POINT_STATIC,False,0.28125,0.28125,0.28125,"[0, 2, 3, 3]",3,False,,,,,77.88016586750746,25606117376,success,False
long_rvos/20eaede0fb/2/5,long_rvos,20eaede0fb,2,5,dynamic,"The vehicle drives over, then turns and drives away.",PREDICTED_CANDIDATE_POINT_TEMPORAL,False,0.28125,0.28125,0.28125,"[0, 2, 3, 3]",3,False,,,,,65.73365696519613,25613772800,success,False
long_rvos/20eaede0fb/2/8,long_rvos,20eaede0fb,2,8,hybrid,"A black four-wheeled vehicle near the wall, drives over, turns, and drives away.",ORACLE_CANDIDATE,True,0.0,0.0,0.0,[null],,,,,,,,,,
long_rvos/20eaede0fb/2/8,long_rvos,20eaede0fb,2,8,hybrid,"A black four-wheeled vehicle near the wall, drives over, turns, and drives away.",ORACLE_ID_POINT,True,0.625,0.625,0.625,"[None, None, None, None]",0,False,,,,,14.558180317282677,6698121728,success,False
long_rvos/20eaede0fb/2/8,long_rvos,20eaede0fb,2,8,hybrid,"A black four-wheeled vehicle near the wall, drives over, turns, and drives away.",PREDICTED_CANDIDATE_DIRECT_STATIC,False,0.625,0.625,0.625,"[null, null, null, null]",,,,,,,,,,
long_rvos/20eaede0fb/2/8,long_rvos,20eaede0fb,2,8,hybrid,"A black four-wheeled vehicle near the wall, drives over, turns, and drives away.",PREDICTED_CANDIDATE_DIRECT_TEMPORAL,False,0.625,0.625,0.625,"[null, null, null, null]",,,,,,,,,,
long_rvos/20eaede0fb/2/8,long_rvos,20eaede0fb,2,8,hybrid,"A black four-wheeled vehicle near the wall, drives over, turns, and drives away.",PREDICTED_CANDIDATE_POINT_STATIC,False,0.625,0.625,0.625,"[None, None, None, None]",0,False,,,,,14.420457489788532,6698121728,success,False
long_rvos/20eaede0fb/2/8,long_rvos,20eaede0fb,2,8,hybrid,"A black four-wheeled vehicle near the wall, drives over, turns, and drives away.",PREDICTED_CANDIDATE_POINT_TEMPORAL,False,0.625,0.625,0.625,"[None, None, None, None]",0,False,,,,,14.343086197972298,6698121728,success,False
long_rvos/22680d3b50/4/3,long_rvos,22680d3b50,4,3,static,A green bird on the car window.,ORACLE_CANDIDATE,True,0.6834723338916759,0.7257375074215209,0.7046049206565984,[1],,,,,,,,,,
long_rvos/22680d3b50/4/3,long_rvos,22680d3b50,4,3,static,A green bird on the car window.,ORACLE_ID_POINT,True,0.6026299520228093,0.6300511729832492,0.6163405625030293,"[1, 1, 1, 1]",4,True,,"4:22680d3b50:[{""frame"":134,""point"":[0.52734375,0.46770833333333334],""update"":true},{""frame"":269,""point"":[0.35859375,0.4552083333333333],""update"":true},{""frame"":404,""point"":[0.52421875,0.48020833333333335],""update"":true},{""frame"":539,""point"":[0.43984375,0.48854166666666665],""update"":true}]",long_rvos/22680d3b50/4/8,PREDICTED_CANDIDATE_POINT_STATIC,208.4670757651329,63534099456,success,False
long_rvos/22680d3b50/4/3,long_rvos,22680d3b50,4,3,static,A green bird on the car window.,PREDICTED_CANDIDATE_DIRECT_STATIC,False,0.6834723338916759,0.7257375074215209,0.7046049206565984,"[1, 1, 1, 1]",,,,,,,,,,
long_rvos/22680d3b50/4/3,long_rvos,22680d3b50,4,3,static,A green bird on the car window.,PREDICTED_CANDIDATE_DIRECT_TEMPORAL,False,0.6834723338916759,0.7257375074215209,0.7046049206565984,"[1, 1, 1, 1]",,,,,,,,,,
long_rvos/22680d3b50/4/3,long_rvos,22680d3b50,4,3,static,A green bird on the car window.,PREDICTED_CANDIDATE_POINT_STATIC,False,0.6026299520228093,0.6300511729832492,0.6163405625030293,"[1, 1, 1, 1]",4,True,,"4:22680d3b50:[{""frame"":134,""point"":[0.52734375,0.46770833333333334],""update"":true},{""frame"":269,""point"":[0.35859375,0.4552083333333333],""update"":true},{""frame"":404,""point"":[0.52421875,0.48020833333333335],""update"":true},{""frame"":539,""point"":[0.43984375,0.48854166666666665],""update"":true}]",long_rvos/22680d3b50/4/8,PREDICTED_CANDIDATE_POINT_STATIC,208.4670757651329,63534099456,success,False
long_rvos/22680d3b50/4/3,long_rvos,22680d3b50,4,3,static,A green bird on the car window.,PREDICTED_CANDIDATE_POINT_TEMPORAL,False,0.6026299520228093,0.6300511729832492,0.6163405625030293,"[1, 1, 1, 1]",4,True,,"4:22680d3b50:[{""frame"":134,""point"":[0.52734375,0.46770833333333334],""update"":true},{""frame"":269,""point"":[0.35859375,0.4552083333333333],""update"":true},{""frame"":404,""point"":[0.52421875,0.48020833333333335],""update"":true},{""frame"":539,""point"":[0.43984375,0.48854166666666665],""update"":true}]",long_rvos/22680d3b50/4/8,PREDICTED_CANDIDATE_POINT_STATIC,208.4670757651329,63534099456,success,False
long_rvos/22680d3b50/4/4,long_rvos,22680d3b50,4,4,dynamic,"The bird pecks around on the car window, then flies to the car roof and looks around.",ORACLE_CANDIDATE,True,0.6284640511699615,0.6604736873246865,0.6444688692473239,[3],,,,,,,,,,
long_rvos/22680d3b50/4/4,long_rvos,22680d3b50,4,4,dynamic,"The bird pecks around on the car window, then flies to the car roof and looks around.",ORACLE_ID_POINT,True,0.6026751543834212,0.6303302866945055,0.6165027205389634,"[3, 3, 3, 3]",4,True,,"4:22680d3b50:[{""frame"":134,""point"":[0.52734375,0.465625],""update"":true},{""frame"":269,""point"":[0.35859375,0.4552083333333333],""update"":true},{""frame"":404,""point"":[0.52421875,0.48020833333333335],""update"":true},{""frame"":539,""point"":[0.43984375,0.48854166666666665],""update"":true}]",long_rvos/22680d3b50/4/4,PREDICTED_CANDIDATE_POINT_STATIC,202.92277488857508,63534099456,success,False
long_rvos/22680d3b50/4/4,long_rvos,22680d3b50,4,4,dynamic,"The bird pecks around on the car window, then flies to the car roof and looks around.",PREDICTED_CANDIDATE_DIRECT_STATIC,False,0.6284640511699615,0.6604736873246865,0.6444688692473239,"[3, 3, 3, 3]",,,,,,,,,,
long_rvos/22680d3b50/4/4,long_rvos,22680d3b50,4,4,dynamic,"The bird pecks around on the car window, then flies to the car roof and looks around.",PREDICTED_CANDIDATE_DIRECT_TEMPORAL,False,0.6284640511699615,0.6604736873246865,0.6444688692473239,"[3, 3, 3, 3]",,,,,,,,,,
long_rvos/22680d3b50/4/4,long_rvos,22680d3b50,4,4,dynamic,"The bird pecks around on the car window, then flies to the car roof and looks around.",PREDICTED_CANDIDATE_POINT_STATIC,False,0.6026751543834212,0.6303302866945055,0.6165027205389634,"[3, 3, 3, 3]",4,False,,,,,202.92277488857508,63534099456,success,False
long_rvos/22680d3b50/4/4,long_rvos,22680d3b50,4,4,dynamic,"The bird pecks around on the car window, then flies to the car roof and looks around.",PREDICTED_CANDIDATE_POINT_TEMPORAL,False,0.6026751543834212,0.6303302866945055,0.6165027205389634,"[3, 3, 3, 3]",4,True,,"4:22680d3b50:[{""frame"":134,""point"":[0.52734375,0.465625],""update"":true},{""frame"":269,""point"":[0.35859375,0.4552083333333333],""update"":true},{""frame"":404,""point"":[0.52421875,0.48020833333333335],""update"":true},{""frame"":539,""point"":[0.43984375,0.48854166666666665],""update"":true}]",long_rvos/22680d3b50/4/4,PREDICTED_CANDIDATE_POINT_STATIC,202.92277488857508,63534099456,success,False
long_rvos/22680d3b50/4/5,long_rvos,22680d3b50,4,5,static,"A dark green bird, sitting on a white car.",ORACLE_CANDIDATE,True,0.6842904848234381,0.7254711836566441,0.7048808342400411,[1],,,,,,,,,,
long_rvos/22680d3b50/4/5,long_rvos,22680d3b50,4,5,static,"A dark green bird, sitting on a white car.",ORACLE_ID_POINT,True,0.6026299520228093,0.6300511729832492,0.6163405625030293,"[1, 1, 1, 1]",4,True,,"4:22680d3b50:[{""frame"":134,""point"":[0.52734375,0.46770833333333334],""update"":true},{""frame"":269,""point"":[0.35859375,0.4552083333333333],""update"":true},{""frame"":404,""point"":[0.52421875,0.48020833333333335],""update"":true},{""frame"":539,""point"":[0.43984375,0.48854166666666665],""update"":true}]",long_rvos/22680d3b50/4/8,PREDICTED_CANDIDATE_POINT_STATIC,208.4670757651329,63534099456,success,False
long_rvos/22680d3b50/4/5,long_rvos,22680d3b50,4,5,static,"A dark green bird, sitting on a white car.",PREDICTED_CANDIDATE_DIRECT_STATIC,False,0.6842904848234381,0.7254711836566441,0.7048808342400411,"[1, 1, 1, 1]",,,,,,,,,,
long_rvos/22680d3b50/4/5,long_rvos,22680d3b50,4,5,static,"A dark green bird, sitting on a white car.",PREDICTED_CANDIDATE_DIRECT_TEMPORAL,False,0.6842904848234381,0.7254711836566441,0.7048808342400411,"[1, 1, 1, 1]",,,,,,,,,,
long_rvos/22680d3b50/4/5,long_rvos,22680d3b50,4,5,static,"A dark green bird, sitting on a white car.",PREDICTED_CANDIDATE_POINT_STATIC,False,0.6026299520228093,0.6300511729832492,0.6163405625030293,"[1, 1, 1, 1]",4,True,,"4:22680d3b50:[{""frame"":134,""point"":[0.52734375,0.46770833333333334],""update"":true},{""frame"":269,""point"":[0.35859375,0.4552083333333333],""update"":true},{""frame"":404,""point"":[0.52421875,0.48020833333333335],""update"":true},{""frame"":539,""point"":[0.43984375,0.48854166666666665],""update"":true}]",long_rvos/22680d3b50/4/8,PREDICTED_CANDIDATE_POINT_STATIC,208.4670757651329,63534099456,success,False
long_rvos/22680d3b50/4/5,long_rvos,22680d3b50,4,5,static,"A dark green bird, sitting on a white car.",PREDICTED_CANDIDATE_POINT_TEMPORAL,False,0.6026299520228093,0.6300511729832492,0.6163405625030293,"[1, 1, 1, 1]",4,True,,"4:22680d3b50:[{""frame"":134,""point"":[0.52734375,0.46770833333333334],""update"":true},{""frame"":269,""point"":[0.35859375,0.4552083333333333],""update"":true},{""frame"":404,""point"":[0.52421875,0.48020833333333335],""update"":true},{""frame"":539,""point"":[0.43984375,0.48854166666666665],""update"":true}]",long_rvos/22680d3b50/4/8,PREDICTED_CANDIDATE_POINT_STATIC,208.4670757651329,63534099456,success,False
long_rvos/22680d3b50/4/6,long_rvos,22680d3b50,4,6,dynamic,"The bird moves around the window of the car, then hops onto the roof and walks there, finally standing still.",ORACLE_CANDIDATE,True,0.6284640511699615,0.6604736873246865,0.6444688692473239,[3],,,,,,,,,,
long_rvos/22680d3b50/4/6,long_rvos,22680d3b50,4,6,dynamic,"The bird moves around the window of the car, then hops onto the roof and walks there, finally standing still.",ORACLE_ID_POINT,True,0.6026751543834212,0.6303302866945055,0.6165027205389634,"[3, 3, 3, 3]",4,True,,"4:22680d3b50:[{""frame"":134,""point"":[0.52734375,0.465625],""update"":true},{""frame"":269,""point"":[0.35859375,0.4552083333333333],""update"":true},{""frame"":404,""point"":[0.52421875,0.48020833333333335],""update"":true},{""frame"":539,""point"":[0.43984375,0.48854166666666665],""update"":true}]",long_rvos/22680d3b50/4/4,PREDICTED_CANDIDATE_POINT_STATIC,202.92277488857508,63534099456,success,False
long_rvos/22680d3b50/4/6,long_rvos,22680d3b50,4,6,dynamic,"The bird moves around the window of the car, then hops onto the roof and walks there, finally standing still.",PREDICTED_CANDIDATE_DIRECT_STATIC,False,0.6284640511699615,0.6604736873246865,0.6444688692473239,"[3, 3, 3, 3]",,,,,,,,,,
long_rvos/22680d3b50/4/6,long_rvos,22680d3b50,4,6,dynamic,"The bird moves around the window of the car, then hops onto the roof and walks there, finally standing still.",PREDICTED_CANDIDATE_DIRECT_TEMPORAL,False,0.6284640511699615,0.6604736873246865,0.6444688692473239,"[3, 3, 3, 3]",,,,,,,,,,
long_rvos/22680d3b50/4/6,long_rvos,22680d3b50,4,6,dynamic,"The bird moves around the window of the car, then hops onto the roof and walks there, finally standing still.",PREDICTED_CANDIDATE_POINT_STATIC,False,0.6026751543834212,0.6303302866945055,0.6165027205389634,"[3, 3, 3, 3]",4,True,,"4:22680d3b50:[{""frame"":134,""point"":[0.52734375,0.465625],""update"":true},{""frame"":269,""point"":[0.35859375,0.4552083333333333],""update"":true},{""frame"":404,""point"":[0.52421875,0.48020833333333335],""update"":true},{""frame"":539,""point"":[0.43984375,0.48854166666666665],""update"":true}]",long_rvos/22680d3b50/4/4,PREDICTED_CANDIDATE_POINT_STATIC,202.92277488857508,63534099456,success,False
long_rvos/22680d3b50/4/6,long_rvos,22680d3b50,4,6,dynamic,"The bird moves around the window of the car, then hops onto the roof and walks there, finally standing still.",PREDICTED_CANDIDATE_POINT_TEMPORAL,False,0.6026751543834212,0.6303302866945055,0.6165027205389634,"[3, 3, 3, 3]",4,True,,"4:22680d3b50:[{""frame"":134,""point"":[0.52734375,0.465625],""update"":true},{""frame"":269,""point"":[0.35859375,0.4552083333333333],""update"":true},{""frame"":404,""point"":[0.52421875,0.48020833333333335],""update"":true},{""frame"":539,""point"":[0.43984375,0.48854166666666665],""update"":true}]",long_rvos/22680d3b50/4/4,PREDICTED_CANDIDATE_POINT_STATIC,202.92277488857508,63534099456,success,False
long_rvos/22680d3b50/4/8,long_rvos,22680d3b50,4,8,hybrid,A green bird pecks around car window then flies to roof to look around.,ORACLE_CANDIDATE,True,0.6834723338916759,0.7257375074215209,0.7046049206565984,[1],,,,,,,,,,
long_rvos/22680d3b50/4/8,long_rvos,22680d3b50,4,8,hybrid,A green bird pecks around car window then flies to roof to look around.,ORACLE_ID_POINT,True,0.6026299520228093,0.6300511729832492,0.6163405625030293,"[1, 1, 1, 1]",4,True,,"4:22680d3b50:[{""frame"":134,""point"":[0.52734375,0.46770833333333334],""update"":true},{""frame"":269,""point"":[0.35859375,0.4552083333333333],""update"":true},{""frame"":404,""point"":[0.52421875,0.48020833333333335],""update"":true},{""frame"":539,""point"":[0.43984375,0.48854166666666665],""update"":true}]",long_rvos/22680d3b50/4/8,PREDICTED_CANDIDATE_POINT_STATIC,208.4670757651329,63534099456,success,False
long_rvos/22680d3b50/4/8,long_rvos,22680d3b50,4,8,hybrid,A green bird pecks around car window then flies to roof to look around.,PREDICTED_CANDIDATE_DIRECT_STATIC,False,0.6834723338916759,0.7257375074215209,0.7046049206565984,"[1, 1, 1, 1]",,,,,,,,,,
long_rvos/22680d3b50/4/8,long_rvos,22680d3b50,4,8,hybrid,A green bird pecks around car window then flies to roof to look around.,PREDICTED_CANDIDATE_DIRECT_TEMPORAL,False,0.6834723338916759,0.7257375074215209,0.7046049206565984,"[1, 1, 1, 1]",,,,,,,,,,
long_rvos/22680d3b50/4/8,long_rvos,22680d3b50,4,8,hybrid,A green bird pecks around car window then flies to roof to look around.,PREDICTED_CANDIDATE_POINT_STATIC,False,0.6026299520228093,0.6300511729832492,0.6163405625030293,"[1, 1, 1, 1]",4,False,,,,,208.4670757651329,63534099456,success,False
long_rvos/22680d3b50/4/8,long_rvos,22680d3b50,4,8,hybrid,A green bird pecks around car window then flies to roof to look around.,PREDICTED_CANDIDATE_POINT_TEMPORAL,False,0.6026299520228093,0.6300511729832492,0.6163405625030293,"[1, 1, 1, 1]",4,True,,"4:22680d3b50:[{""frame"":134,""point"":[0.52734375,0.46770833333333334],""update"":true},{""frame"":269,""point"":[0.35859375,0.4552083333333333],""update"":true},{""frame"":404,""point"":[0.52421875,0.48020833333333335],""update"":true},{""frame"":539,""point"":[0.43984375,0.48854166666666665],""update"":true}]",long_rvos/22680d3b50/4/8,PREDICTED_CANDIDATE_POINT_STATIC,208.4670757651329,63534099456,success,False
long_rvos/22680d3b50/4/9,long_rvos,22680d3b50,4,9,hybrid,A dark green bird moves around car window then hops onto roof before standing still.,ORACLE_CANDIDATE,True,0.6842904848234381,0.7254711836566441,0.7048808342400411,[1],,,,,,,,,,
long_rvos/22680d3b50/4/9,long_rvos,22680d3b50,4,9,hybrid,A dark green bird moves around car window then hops onto roof before standing still.,ORACLE_ID_POINT,True,0.6026299520228093,0.6300511729832492,0.6163405625030293,"[1, 1, 1, 1]",4,True,,"4:22680d3b50:[{""frame"":134,""point"":[0.52734375,0.46770833333333334],""update"":true},{""frame"":269,""point"":[0.35859375,0.4552083333333333],""update"":true},{""frame"":404,""point"":[0.52421875,0.48020833333333335],""update"":true},{""frame"":539,""point"":[0.43984375,0.48854166666666665],""update"":true}]",long_rvos/22680d3b50/4/8,PREDICTED_CANDIDATE_POINT_STATIC,208.4670757651329,63534099456,success,False
long_rvos/22680d3b50/4/9,long_rvos,22680d3b50,4,9,hybrid,A dark green bird moves around car window then hops onto roof before standing still.,PREDICTED_CANDIDATE_DIRECT_STATIC,False,0.6842904848234381,0.7254711836566441,0.7048808342400411,"[1, 1, 1, 1]",,,,,,,,,,
long_rvos/22680d3b50/4/9,long_rvos,22680d3b50,4,9,hybrid,A dark green bird moves around car window then hops onto roof before standing still.,PREDICTED_CANDIDATE_DIRECT_TEMPORAL,False,0.6842904848234381,0.7254711836566441,0.7048808342400411,"[1, 1, 1, 1]",,,,,,,,,,
long_rvos/22680d3b50/4/9,long_rvos,22680d3b50,4,9,hybrid,A dark green bird moves around car window then hops onto roof before standing still.,PREDICTED_CANDIDATE_POINT_STATIC,False,0.6026299520228093,0.6300511729832492,0.6163405625030293,"[1, 1, 1, 1]",4,True,,"4:22680d3b50:[{""frame"":134,""point"":[0.52734375,0.46770833333333334],""update"":true},{""frame"":269,""point"":[0.35859375,0.4552083333333333],""update"":true},{""frame"":404,""point"":[0.52421875,0.48020833333333335],""update"":true},{""frame"":539,""point"":[0.43984375,0.48854166666666665],""update"":true}]",long_rvos/22680d3b50/4/8,PREDICTED_CANDIDATE_POINT_STATIC,208.4670757651329,63534099456,success,False
long_rvos/22680d3b50/4/9,long_rvos,22680d3b50,4,9,hybrid,A dark green bird moves around car window then hops onto roof before standing still.,PREDICTED_CANDIDATE_POINT_TEMPORAL,False,0.6026299520228093,0.6300511729832492,0.6163405625030293,"[1, 1, 1, 1]",4,True,,"4:22680d3b50:[{""frame"":134,""point"":[0.52734375,0.46770833333333334],""update"":true},{""frame"":269,""point"":[0.35859375,0.4552083333333333],""update"":true},{""frame"":404,""point"":[0.52421875,0.48020833333333335],""update"":true},{""frame"":539,""point"":[0.43984375,0.48854166666666665],""update"":true}]",long_rvos/22680d3b50/4/8,PREDICTED_CANDIDATE_POINT_STATIC,208.4670757651329,63534099456,success,False
long_rvos/2683deffcb/1/0,long_rvos,2683deffcb,1,0,static,A blonde girl.,ORACLE_CANDIDATE,True,0.5405876492543533,0.5439207538213048,0.5422542015378291,[2],,,,,,,,,,
long_rvos/2683deffcb/1/0,long_rvos,2683deffcb,1,0,static,A blonde girl.,ORACLE_ID_POINT,True,0.40272087321221206,0.4293267511536988,0.4160238121829554,"[2, 2, 2, 2]",3,True,,"1:2683deffcb:[{""frame"":168,""point"":null,""update"":false},{""frame"":337,""point"":[0.82578125,0.46805555555555556],""update"":true},{""frame"":505,""point"":[0.51796875,0.2902777777777778],""update"":true},{""frame"":674,""point"":[0.52578125,0.3236111111111111],""update"":true}]",long_rvos/2683deffcb/1/5,PREDICTED_CANDIDATE_POINT_STATIC,160.92952036857605,61034914816,success,False
long_rvos/2683deffcb/1/0,long_rvos,2683deffcb,1,0,static,A blonde girl.,PREDICTED_CANDIDATE_DIRECT_STATIC,False,0.5527302060247486,0.553430516767121,0.5530803613959347,"[0, 2, 2, 2]",,,,,,,,,,
long_rvos/2683deffcb/1/0,long_rvos,2683deffcb,1,0,static,A blonde girl.,PREDICTED_CANDIDATE_DIRECT_TEMPORAL,False,0.5527302060247486,0.553430516767121,0.5530803613959347,"[0, 2, 2, 2]",,,,,,,,,,
long_rvos/2683deffcb/1/0,long_rvos,2683deffcb,1,0,static,A blonde girl.,PREDICTED_CANDIDATE_POINT_STATIC,False,0.40272087321221206,0.4293267511536988,0.4160238121829554,"[0, 2, 2, 2]",3,True,,"1:2683deffcb:[{""frame"":168,""point"":null,""update"":false},{""frame"":337,""point"":[0.82578125,0.46805555555555556],""update"":true},{""frame"":505,""point"":[0.51796875,0.2902777777777778],""update"":true},{""frame"":674,""point"":[0.52578125,0.3236111111111111],""update"":true}]",long_rvos/2683deffcb/1/5,PREDICTED_CANDIDATE_POINT_STATIC,160.92952036857605,61034914816,success,False
long_rvos/2683deffcb/1/0,long_rvos,2683deffcb,1,0,static,A blonde girl.,PREDICTED_CANDIDATE_POINT_TEMPORAL,False,0.40272087321221206,0.4293267511536988,0.4160238121829554,"[0, 2, 2, 2]",3,True,,"1:2683deffcb:[{""frame"":168,""point"":null,""update"":false},{""frame"":337,""point"":[0.82578125,0.46805555555555556],""update"":true},{""frame"":505,""point"":[0.51796875,0.2902777777777778],""update"":true},{""frame"":674,""point"":[0.52578125,0.3236111111111111],""update"":true}]",long_rvos/2683deffcb/1/5,PREDICTED_CANDIDATE_POINT_STATIC,160.92952036857605,61034914816,success,False
long_rvos/2683deffcb/1/1,long_rvos,2683deffcb,1,1,dynamic,A girl is playing with a ball in the yard.,ORACLE_CANDIDATE,True,0.8392407698907711,0.8654270923928672,0.8523339311418192,[0],,,,,,,,,,
long_rvos/2683deffcb/1/1,long_rvos,2683deffcb,1,1,dynamic,A girl is playing with a ball in the yard.,ORACLE_ID_POINT,True,0.6139267671713435,0.6196510481235786,0.6167889076474611,"[0, 0, 0, 0]",4,True,,"1:2683deffcb:[{""frame"":168,""point"":[0.60703125,0.6513888888888889],""update"":true},{""frame"":337,""point"":[0.82578125,0.46805555555555556],""update"":true},{""frame"":505,""point"":[0.51796875,0.29305555555555557],""update"":true},{""frame"":674,""point"":[0.52578125,0.3236111111111111],""update"":true}]",long_rvos/2683deffcb/1/1,PREDICTED_CANDIDATE_POINT_STATIC,247.99218006432056,77647969280,success,False
long_rvos/2683deffcb/1/1,long_rvos,2683deffcb,1,1,dynamic,A girl is playing with a ball in the yard.,PREDICTED_CANDIDATE_DIRECT_STATIC,False,0.8392407698907711,0.8654270923928672,0.8523339311418192,"[0, 0, 0, 0]",,,,,,,,,,
long_rvos/2683deffcb/1/1,long_rvos,2683deffcb,1,1,dynamic,A girl is playing with a ball in the yard.,PREDICTED_CANDIDATE_DIRECT_TEMPORAL,False,0.8392407698907711,0.8654270923928672,0.8523339311418192,"[0, 0, 0, 0]",,,,,,,,,,
long_rvos/2683deffcb/1/1,long_rvos,2683deffcb,1,1,dynamic,A girl is playing with a ball in the yard.,PREDICTED_CANDIDATE_POINT_STATIC,False,0.6139267671713435,0.6196510481235786,0.6167889076474611,"[0, 0, 0, 0]",4,False,,,,,247.99218006432056,77647969280,success,False
long_rvos/2683deffcb/1/1,long_rvos,2683deffcb,1,1,dynamic,A girl is playing with a ball in the yard.,PREDICTED_CANDIDATE_POINT_TEMPORAL,False,0.6139267671713435,0.6196510481235786,0.6167889076474611,"[0, 0, 0, 0]",4,True,,"1:2683deffcb:[{""frame"":168,""point"":[0.60703125,0.6513888888888889],""update"":true},{""frame"":337,""point"":[0.82578125,0.46805555555555556],""update"":true},{""frame"":505,""point"":[0.51796875,0.29305555555555557],""update"":true},{""frame"":674,""point"":[0.52578125,0.3236111111111111],""update"":true}]",long_rvos/2683deffcb/1/1,PREDICTED_CANDIDATE_POINT_STATIC,247.99218006432056,77647969280,success,False
long_rvos/2683deffcb/1/5,long_rvos,2683deffcb,1,5,hybrid,A blonde girl plays with a ball in the yard.,ORACLE_CANDIDATE,True,0.5405876492543533,0.5439207538213048,0.5422542015378291,[2],,,,,,,,,,
long_rvos/2683deffcb/1/5,long_rvos,2683deffcb,1,5,hybrid,A blonde girl plays with a ball in the yard.,ORACLE_ID_POINT,True,0.40272087321221206,0.4293267511536988,0.4160238121829554,"[2, 2, 2, 2]",3,True,,"1:2683deffcb:[{""frame"":168,""point"":null,""update"":false},{""frame"":337,""point"":[0.82578125,0.46805555555555556],""update"":true},{""frame"":505,""point"":[0.51796875,0.2902777777777778],""update"":true},{""frame"":674,""point"":[0.52578125,0.3236111111111111],""update"":true}]",long_rvos/2683deffcb/1/5,PREDICTED_CANDIDATE_POINT_STATIC,160.92952036857605,61034914816,success,False
long_rvos/2683deffcb/1/5,long_rvos,2683deffcb,1,5,hybrid,A blonde girl plays with a ball in the yard.,PREDICTED_CANDIDATE_DIRECT_STATIC,False,0.5527302060247486,0.553430516767121,0.5530803613959347,"[0, 2, 2, 2]",,,,,,,,,,
long_rvos/2683deffcb/1/5,long_rvos,2683deffcb,1,5,hybrid,A blonde girl plays with a ball in the yard.,PREDICTED_CANDIDATE_DIRECT_TEMPORAL,False,0.5527302060247486,0.553430516767121,0.5530803613959347,"[0, 2, 2, 2]",,,,,,,,,,
long_rvos/2683deffcb/1/5,long_rvos,2683deffcb,1,5,hybrid,A blonde girl plays with a ball in the yard.,PREDICTED_CANDIDATE_POINT_STATIC,False,0.40272087321221206,0.4293267511536988,0.4160238121829554,"[0, 2, 2, 2]",3,False,,,,,160.92952036857605,61034914816,success,False
long_rvos/2683deffcb/1/5,long_rvos,2683deffcb,1,5,hybrid,A blonde girl plays with a ball in the yard.,PREDICTED_CANDIDATE_POINT_TEMPORAL,False,0.40272087321221206,0.4293267511536988,0.4160238121829554,"[0, 2, 2, 2]",3,True,,"1:2683deffcb:[{""frame"":168,""point"":null,""update"":false},{""frame"":337,""point"":[0.82578125,0.46805555555555556],""update"":true},{""frame"":505,""point"":[0.51796875,0.2902777777777778],""update"":true},{""frame"":674,""point"":[0.52578125,0.3236111111111111],""update"":true}]",long_rvos/2683deffcb/1/5,PREDICTED_CANDIDATE_POINT_STATIC,160.92952036857605,61034914816,success,False
long_rvos/28ff632792/1/0,long_rvos,28ff632792,1,0,static,"A slightly chubby woman in a skirt, standing to the right of a person wearing a Santa Claus outfit.",ORACLE_CANDIDATE,True,0.9135766248224221,0.9197624766169122,0.9166695507196672,[0],,,,,,,,,,
long_rvos/28ff632792/1/0,long_rvos,28ff632792,1,0,static,"A slightly chubby woman in a skirt, standing to the right of a person wearing a Santa Claus outfit.",ORACLE_ID_POINT,True,0.6549217897543971,0.6564706861767169,0.655696237965557,"[0, 0, 0, 0]",2,True,,"1:28ff632792:[{""frame"":134,""point"":null,""update"":false},{""frame"":269,""point"":null,""update"":false},{""frame"":403,""point"":[0.00078125,0.0010416666666666667],""update"":true},{""frame"":538,""point"":[0.16484375,0.05520833333333333],""update"":true}]",long_rvos/28ff632792/1/0,PREDICTED_CANDIDATE_POINT_STATIC,76.7517646253109,36152558080,success,False
long_rvos/28ff632792/1/0,long_rvos,28ff632792,1,0,static,"A slightly chubby woman in a skirt, standing to the right of a person wearing a Santa Claus outfit.",PREDICTED_CANDIDATE_DIRECT_STATIC,False,0.9135766248224221,0.9197624766169122,0.9166695507196672,"[0, 0, 0, 0]",,,,,,,,,,
long_rvos/28ff632792/1/0,long_rvos,28ff632792,1,0,static,"A slightly chubby woman in a skirt, standing to the right of a person wearing a Santa Claus outfit.",PREDICTED_CANDIDATE_DIRECT_TEMPORAL,False,0.9135766248224221,0.9197624766169122,0.9166695507196672,"[0, 0, 0, 0]",,,,,,,,,,
long_rvos/28ff632792/1/0,long_rvos,28ff632792,1,0,static,"A slightly chubby woman in a skirt, standing to the right of a person wearing a Santa Claus outfit.",PREDICTED_CANDIDATE_POINT_STATIC,False,0.6549217897543971,0.6564706861767169,0.655696237965557,"[0, 0, 0, 0]",2,False,,,,,76.7517646253109,36152558080,success,False
long_rvos/28ff632792/1/0,long_rvos,28ff632792,1,0,static,"A slightly chubby woman in a skirt, standing to the right of a person wearing a Santa Claus outfit.",PREDICTED_CANDIDATE_POINT_TEMPORAL,False,0.6549217897543971,0.6564706861767169,0.655696237965557,"[0, 0, 0, 0]",2,True,,"1:28ff632792:[{""frame"":134,""point"":null,""update"":false},{""frame"":269,""point"":null,""update"":false},{""frame"":403,""point"":[0.00078125,0.0010416666666666667],""update"":true},{""frame"":538,""point"":[0.16484375,0.05520833333333333],""update"":true}]",long_rvos/28ff632792/1/0,PREDICTED_CANDIDATE_POINT_STATIC,76.7517646253109,36152558080,success,False
long_rvos/28ff632792/1/1,long_rvos,28ff632792,1,1,dynamic,"The woman stands nearby, watching Santa Claus hold the little boy.",ORACLE_CANDIDATE,True,0.9434236068470406,0.9502396892178128,0.9468316480324267,[0],,,,,,,,,,
long_rvos/28ff632792/1/1,long_rvos,28ff632792,1,1,dynamic,"The woman stands nearby, watching Santa Claus hold the little boy.",ORACLE_ID_POINT,True,0.6549069497704894,0.6564952984135914,0.6557011240920404,"[0, 0, 0, 0]",2,True,,"1:28ff632792:[{""frame"":134,""point"":null,""update"":false},{""frame"":269,""point"":null,""update"":false},{""frame"":403,""point"":[0.00078125,0.0010416666666666667],""update"":true},{""frame"":538,""point"":[0.16484375,0.053125],""update"":true}]",long_rvos/28ff632792/1/1,PREDICTED_CANDIDATE_POINT_STATIC,84.37643000483513,36152558080,success,False
long_rvos/28ff632792/1/1,long_rvos,28ff632792,1,1,dynamic,"The woman stands nearby, watching Santa Claus hold the little boy.",PREDICTED_CANDIDATE_DIRECT_STATIC,False,0.9434236068470406,0.9502396892178128,0.9468316480324267,"[0, 0, 0, 0]",,,,,,,,,,
long_rvos/28ff632792/1/1,long_rvos,28ff632792,1,1,dynamic,"The woman stands nearby, watching Santa Claus hold the little boy.",PREDICTED_CANDIDATE_DIRECT_TEMPORAL,False,0.9434236068470406,0.9502396892178128,0.9468316480324267,"[0, 0, 0, 0]",,,,,,,,,,
long_rvos/28ff632792/1/1,long_rvos,28ff632792,1,1,dynamic,"The woman stands nearby, watching Santa Claus hold the little boy.",PREDICTED_CANDIDATE_POINT_STATIC,False,0.6549069497704894,0.6564952984135914,0.6557011240920404,"[0, 0, 0, 0]",2,False,,,,,84.37643000483513,36152558080,success,False
long_rvos/28ff632792/1/1,long_rvos,28ff632792,1,1,dynamic,"The woman stands nearby, watching Santa Claus hold the little boy.",PREDICTED_CANDIDATE_POINT_TEMPORAL,False,0.6549069497704894,0.6564952984135914,0.6557011240920404,"[0, 0, 0, 0]",2,True,,"1:28ff632792:[{""frame"":134,""point"":null,""update"":false},{""frame"":269,""point"":null,""update"":false},{""frame"":403,""point"":[0.00078125,0.0010416666666666667],""update"":true},{""frame"":538,""point"":[0.16484375,0.053125],""update"":true}]",long_rvos/28ff632792/1/1,PREDICTED_CANDIDATE_POINT_STATIC,84.37643000483513,36152558080,success,False
long_rvos/28ff632792/1/6,long_rvos,28ff632792,1,6,dynamic,A  woman in a skirt watches Santa hold the boy.,ORACLE_CANDIDATE,True,0.9434236068470406,0.9502396892178128,0.9468316480324267,[0],,,,,,,,,,
long_rvos/28ff632792/1/6,long_rvos,28ff632792,1,6,dynamic,A  woman in a skirt watches Santa hold the boy.,ORACLE_ID_POINT,True,0.6549069497704894,0.6564952984135914,0.6557011240920404,"[0, 0, 0, 0]",2,True,,"1:28ff632792:[{""frame"":134,""point"":null,""update"":false},{""frame"":269,""point"":null,""update"":false},{""frame"":403,""point"":[0.00078125,0.0010416666666666667],""update"":true},{""frame"":538,""point"":[0.16484375,0.053125],""update"":true}]",long_rvos/28ff632792/1/1,PREDICTED_CANDIDATE_POINT_STATIC,84.37643000483513,36152558080,success,False
long_rvos/28ff632792/1/6,long_rvos,28ff632792,1,6,dynamic,A  woman in a skirt watches Santa hold the boy.,PREDICTED_CANDIDATE_DIRECT_STATIC,False,0.9434236068470406,0.9502396892178128,0.9468316480324267,"[0, 0, 0, 0]",,,,,,,,,,
long_rvos/28ff632792/1/6,long_rvos,28ff632792,1,6,dynamic,A  woman in a skirt watches Santa hold the boy.,PREDICTED_CANDIDATE_DIRECT_TEMPORAL,False,0.9434236068470406,0.9502396892178128,0.9468316480324267,"[0, 0, 0, 0]",,,,,,,,,,
long_rvos/28ff632792/1/6,long_rvos,28ff632792,1,6,dynamic,A  woman in a skirt watches Santa hold the boy.,PREDICTED_CANDIDATE_POINT_STATIC,False,0.6549069497704894,0.6564952984135914,0.6557011240920404,"[0, 0, 0, 0]",2,True,,"1:28ff632792:[{""frame"":134,""point"":null,""update"":false},{""frame"":269,""point"":null,""update"":false},{""frame"":403,""point"":[0.00078125,0.0010416666666666667],""update"":true},{""frame"":538,""point"":[0.16484375,0.053125],""update"":true}]",long_rvos/28ff632792/1/1,PREDICTED_CANDIDATE_POINT_STATIC,84.37643000483513,36152558080,success,False
long_rvos/28ff632792/1/6,long_rvos,28ff632792,1,6,dynamic,A  woman in a skirt watches Santa hold the boy.,PREDICTED_CANDIDATE_POINT_TEMPORAL,False,0.6549069497704894,0.6564952984135914,0.6557011240920404,"[0, 0, 0, 0]",2,True,,"1:28ff632792:[{""frame"":134,""point"":null,""update"":false},{""frame"":269,""point"":null,""update"":false},{""frame"":403,""point"":[0.00078125,0.0010416666666666667],""update"":true},{""frame"":538,""point"":[0.16484375,0.053125],""update"":true}]",long_rvos/28ff632792/1/1,PREDICTED_CANDIDATE_POINT_STATIC,84.37643000483513,36152558080,success,False
long_rvos/2a87bea97e/1/0,long_rvos,2a87bea97e,1,0,static,"A woman wearing a blue shirt, to the right of the boy.",ORACLE_CANDIDATE,True,0.6990159676923166,0.5852001655585981,0.6421080666254573,[1],,,,,,,,,,
long_rvos/2a87bea97e/1/0,long_rvos,2a87bea97e,1,0,static,"A woman wearing a blue shirt, to the right of the boy.",ORACLE_ID_POINT,True,0.623002583931462,0.5052549695286594,0.5641287767300607,"[1, 1, 1, 1]",2,True,,"1:2a87bea97e:[{""frame"":84,""point"":[0.68828125,0.5447916666666667],""update"":true},{""frame"":169,""point"":[0.57421875,0.9989583333333333],""update"":true},{""frame"":253,""point"":null,""update"":false},{""frame"":338,""point"":null,""update"":false}]",long_rvos/2a87bea97e/1/1,ORACLE_ID_POINT,101.66981592029333,42050839552,success,False
long_rvos/2a87bea97e/1/0,long_rvos,2a87bea97e,1,0,static,"A woman wearing a blue shirt, to the right of the boy.",PREDICTED_CANDIDATE_DIRECT_STATIC,False,0.5869440005169619,0.49914124108265845,0.5430426207998102,"[1, 1, 8, 0]",,,,,,,,,,
long_rvos/2a87bea97e/1/0,long_rvos,2a87bea97e,1,0,static,"A woman wearing a blue shirt, to the right of the boy.",PREDICTED_CANDIDATE_DIRECT_TEMPORAL,False,0.5713190005169619,0.48351624108265845,0.5274176207998102,"[1, 1, 8, 16]",,,,,,,,,,
long_rvos/2a87bea97e/1/0,long_rvos,2a87bea97e,1,0,static,"A woman wearing a blue shirt, to the right of the boy.",PREDICTED_CANDIDATE_POINT_STATIC,False,0.6047872825796464,0.5057704129222153,0.5552788477509308,"[1, 1, 8, 0]",3,False,,,,,114.47099294513464,42433477632,success,False
long_rvos/2a87bea97e/1/0,long_rvos,2a87bea97e,1,0,static,"A woman wearing a blue shirt, to the right of the boy.",PREDICTED_CANDIDATE_POINT_TEMPORAL,False,0.4763331214977166,0.41267351142201775,0.4445033164598672,"[1, 1, 8, 16]",4,True,,"1:2a87bea97e:[{""frame"":84,""point"":[0.68828125,0.5447916666666667],""update"":true},{""frame"":169,""point"":[0.57421875,0.9989583333333333],""update"":true},{""frame"":253,""point"":[0.31328125,0.528125],""update"":true},{""frame"":338,""point"":[0.42734375,0.8552083333333333],""update"":true}]",long_rvos/2a87bea97e/1/1,PREDICTED_CANDIDATE_POINT_STATIC,132.12393959611654,42433477632,success,False
long_rvos/2a87bea97e/1/1,long_rvos,2a87bea97e,1,1,dynamic,The woman is dancing.,ORACLE_CANDIDATE,True,0.6990159676923166,0.5852001655585981,0.6421080666254573,[1],,,,,,,,,,
long_rvos/2a87bea97e/1/1,long_rvos,2a87bea97e,1,1,dynamic,The woman is dancing.,ORACLE_ID_POINT,True,0.623002583931462,0.5052549695286594,0.5641287767300607,"[1, 1, 1, 1]",2,False,,,,,101.66981592029333,42050839552,success,False
long_rvos/2a87bea97e/1/1,long_rvos,2a87bea97e,1,1,dynamic,The woman is dancing.,PREDICTED_CANDIDATE_DIRECT_STATIC,False,0.5713190005169619,0.48351624108265845,0.5274176207998102,"[1, 1, 8, 16]",,,,,,,,,,
long_rvos/2a87bea97e/1/1,long_rvos,2a87bea97e,1,1,dynamic,The woman is dancing.,PREDICTED_CANDIDATE_DIRECT_TEMPORAL,False,0.5713190005169619,0.48351624108265845,0.5274176207998102,"[1, 1, 8, 16]",,,,,,,,,,
long_rvos/2a87bea97e/1/1,long_rvos,2a87bea97e,1,1,dynamic,The woman is dancing.,PREDICTED_CANDIDATE_POINT_STATIC,False,0.4763331214977166,0.41267351142201775,0.4445033164598672,"[1, 1, 8, 16]",4,False,,,,,132.12393959611654,42433477632,success,False
long_rvos/2a87bea97e/1/1,long_rvos,2a87bea97e,1,1,dynamic,The woman is dancing.,PREDICTED_CANDIDATE_POINT_TEMPORAL,False,0.4763331214977166,0.41267351142201775,0.4445033164598672,"[1, 1, 8, 16]",4,True,,"1:2a87bea97e:[{""frame"":84,""point"":[0.68828125,0.5447916666666667],""update"":true},{""frame"":169,""point"":[0.57421875,0.9989583333333333],""update"":true},{""frame"":253,""point"":[0.31328125,0.528125],""update"":true},{""frame"":338,""point"":[0.42734375,0.8552083333333333],""update"":true}]",long_rvos/2a87bea97e/1/1,PREDICTED_CANDIDATE_POINT_STATIC,132.12393959611654,42433477632,success,False
long_rvos/2a87bea97e/1/12,long_rvos,2a87bea97e,1,12,hybrid,"A woman wearing a blue shirt, to the right of a boy, is dancing.",ORACLE_CANDIDATE,True,0.6990159676923166,0.5852001655585981,0.6421080666254573,[1],,,,,,,,,,
long_rvos/2a87bea97e/1/12,long_rvos,2a87bea97e,1,12,hybrid,"A woman wearing a blue shirt, to the right of a boy, is dancing.",ORACLE_ID_POINT,True,0.623002583931462,0.5052549695286594,0.5641287767300607,"[1, 1, 1, 1]",2,True,,"1:2a87bea97e:[{""frame"":84,""point"":[0.68828125,0.5447916666666667],""update"":true},{""frame"":169,""point"":[0.57421875,0.9989583333333333],""update"":true},{""frame"":253,""point"":null,""update"":false},{""frame"":338,""point"":null,""update"":false}]",long_rvos/2a87bea97e/1/1,ORACLE_ID_POINT,101.66981592029333,42050839552,success,False
long_rvos/2a87bea97e/1/12,long_rvos,2a87bea97e,1,12,hybrid,"A woman wearing a blue shirt, to the right of a boy, is dancing.",PREDICTED_CANDIDATE_DIRECT_STATIC,False,0.5713190005169619,0.48351624108265845,0.5274176207998102,"[1, 1, 8, 16]",,,,,,,,,,
long_rvos/2a87bea97e/1/12,long_rvos,2a87bea97e,1,12,hybrid,"A woman wearing a blue shirt, to the right of a boy, is dancing.",PREDICTED_CANDIDATE_DIRECT_TEMPORAL,False,0.5713190005169619,0.48351624108265845,0.5274176207998102,"[1, 1, 8, 16]",,,,,,,,,,
long_rvos/2a87bea97e/1/12,long_rvos,2a87bea97e,1,12,hybrid,"A woman wearing a blue shirt, to the right of a boy, is dancing.",PREDICTED_CANDIDATE_POINT_STATIC,False,0.4763331214977166,0.41267351142201775,0.4445033164598672,"[1, 1, 8, 16]",4,True,,"1:2a87bea97e:[{""frame"":84,""point"":[0.68828125,0.5447916666666667],""update"":true},{""frame"":169,""point"":[0.57421875,0.9989583333333333],""update"":true},{""frame"":253,""point"":[0.31328125,0.528125],""update"":true},{""frame"":338,""point"":[0.42734375,0.8552083333333333],""update"":true}]",long_rvos/2a87bea97e/1/1,PREDICTED_CANDIDATE_POINT_STATIC,132.12393959611654,42433477632,success,False
long_rvos/2a87bea97e/1/12,long_rvos,2a87bea97e,1,12,hybrid,"A woman wearing a blue shirt, to the right of a boy, is dancing.",PREDICTED_CANDIDATE_POINT_TEMPORAL,False,0.4763331214977166,0.41267351142201775,0.4445033164598672,"[1, 1, 8, 16]",4,True,,"1:2a87bea97e:[{""frame"":84,""point"":[0.68828125,0.5447916666666667],""update"":true},{""frame"":169,""point"":[0.57421875,0.9989583333333333],""update"":true},{""frame"":253,""point"":[0.31328125,0.528125],""update"":true},{""frame"":338,""point"":[0.42734375,0.8552083333333333],""update"":true}]",long_rvos/2a87bea97e/1/1,PREDICTED_CANDIDATE_POINT_STATIC,132.12393959611654,42433477632,success,False
long_rvos/2a87bea97e/1/13,long_rvos,2a87bea97e,1,13,hybrid,"A golden-haired woman in a blue shirt sits in the car's back seat, swinging her hands and shaking her head.",ORACLE_CANDIDATE,True,0.0,0.0,0.0,[null],,,,,,,,,,
long_rvos/2a87bea97e/1/13,long_rvos,2a87bea97e,1,13,hybrid,"A golden-haired woman in a blue shirt sits in the car's back seat, swinging her hands and shaking her head.",ORACLE_ID_POINT,True,0.21875,0.21875,0.21875,"[None, None, None, None]",0,True,,"1:2a87bea97e:[{""frame"":84,""point"":null,""update"":false},{""frame"":169,""point"":null,""update"":false},{""frame"":253,""point"":null,""update"":false},{""frame"":338,""point"":null,""update"":false}]",long_rvos/2a87bea97e/1/13,PREDICTED_CANDIDATE_POINT_STATIC,17.751424074172974,7332411904,success,False
long_rvos/2a87bea97e/1/13,long_rvos,2a87bea97e,1,13,hybrid,"A golden-haired woman in a blue shirt sits in the car's back seat, swinging her hands and shaking her head.",PREDICTED_CANDIDATE_DIRECT_STATIC,False,0.21875,0.21875,0.21875,"[null, null, null, null]",,,,,,,,,,
long_rvos/2a87bea97e/1/13,long_rvos,2a87bea97e,1,13,hybrid,"A golden-haired woman in a blue shirt sits in the car's back seat, swinging her hands and shaking her head.",PREDICTED_CANDIDATE_DIRECT_TEMPORAL,False,0.21875,0.21875,0.21875,"[null, null, null, null]",,,,,,,,,,
long_rvos/2a87bea97e/1/13,long_rvos,2a87bea97e,1,13,hybrid,"A golden-haired woman in a blue shirt sits in the car's back seat, swinging her hands and shaking her head.",PREDICTED_CANDIDATE_POINT_STATIC,False,0.21875,0.21875,0.21875,"[None, None, None, None]",0,False,,,,,17.751424074172974,7332411904,success,False
long_rvos/2a87bea97e/1/13,long_rvos,2a87bea97e,1,13,hybrid,"A golden-haired woman in a blue shirt sits in the car's back seat, swinging her hands and shaking her head.",PREDICTED_CANDIDATE_POINT_TEMPORAL,False,0.21875,0.21875,0.21875,"[None, None, None, None]",0,True,,"1:2a87bea97e:[{""frame"":84,""point"":null,""update"":false},{""frame"":169,""point"":null,""update"":false},{""frame"":253,""point"":null,""update"":false},{""frame"":338,""point"":null,""update"":false}]",long_rvos/2a87bea97e/1/13,PREDICTED_CANDIDATE_POINT_STATIC,17.751424074172974,7332411904,success,False
long_rvos/2a87bea97e/1/2,long_rvos,2a87bea97e,1,2,static,"A woman wearing a blue long-sleeve shirt and golden hair, sitting on the far right in the back seat of the car.",ORACLE_CANDIDATE,True,0.6990159676923166,0.5852001655585981,0.6421080666254573,[1],,,,,,,,,,
long_rvos/2a87bea97e/1/2,long_rvos,2a87bea97e,1,2,static,"A woman wearing a blue long-sleeve shirt and golden hair, sitting on the far right in the back seat of the car.",ORACLE_ID_POINT,True,0.623002583931462,0.5052549695286594,0.5641287767300607,"[1, 1, 1, 1]",2,True,,"1:2a87bea97e:[{""frame"":84,""point"":[0.68828125,0.5447916666666667],""update"":true},{""frame"":169,""point"":[0.57421875,0.9989583333333333],""update"":true},{""frame"":253,""point"":null,""update"":false},{""frame"":338,""point"":null,""update"":false}]",long_rvos/2a87bea97e/1/1,ORACLE_ID_POINT,101.66981592029333,42050839552,success,False
long_rvos/2a87bea97e/1/2,long_rvos,2a87bea97e,1,2,static,"A woman wearing a blue long-sleeve shirt and golden hair, sitting on the far right in the back seat of the car.",PREDICTED_CANDIDATE_DIRECT_STATIC,False,0.5713190005169619,0.48351624108265845,0.5274176207998102,"[1, 1, 8, 16]",,,,,,,,,,
long_rvos/2a87bea97e/1/2,long_rvos,2a87bea97e,1,2,static,"A woman wearing a blue long-sleeve shirt and golden hair, sitting on the far right in the back seat of the car.",PREDICTED_CANDIDATE_DIRECT_TEMPORAL,False,0.5713190005169619,0.48351624108265845,0.5274176207998102,"[1, 1, 8, 16]",,,,,,,,,,
long_rvos/2a87bea97e/1/2,long_rvos,2a87bea97e,1,2,static,"A woman wearing a blue long-sleeve shirt and golden hair, sitting on the far right in the back seat of the car.",PREDICTED_CANDIDATE_POINT_STATIC,False,0.4763331214977166,0.41267351142201775,0.4445033164598672,"[1, 1, 8, 16]",4,True,,"1:2a87bea97e:[{""frame"":84,""point"":[0.68828125,0.5447916666666667],""update"":true},{""frame"":169,""point"":[0.57421875,0.9989583333333333],""update"":true},{""frame"":253,""point"":[0.31328125,0.528125],""update"":true},{""frame"":338,""point"":[0.42734375,0.8552083333333333],""update"":true}]",long_rvos/2a87bea97e/1/1,PREDICTED_CANDIDATE_POINT_STATIC,132.12393959611654,42433477632,success,False
long_rvos/2a87bea97e/1/2,long_rvos,2a87bea97e,1,2,static,"A woman wearing a blue long-sleeve shirt and golden hair, sitting on the far right in the back seat of the car.",PREDICTED_CANDIDATE_POINT_TEMPORAL,False,0.4763331214977166,0.41267351142201775,0.4445033164598672,"[1, 1, 8, 16]",4,True,,"1:2a87bea97e:[{""frame"":84,""point"":[0.68828125,0.5447916666666667],""update"":true},{""frame"":169,""point"":[0.57421875,0.9989583333333333],""update"":true},{""frame"":253,""point"":[0.31328125,0.528125],""update"":true},{""frame"":338,""point"":[0.42734375,0.8552083333333333],""update"":true}]",long_rvos/2a87bea97e/1/1,PREDICTED_CANDIDATE_POINT_STATIC,132.12393959611654,42433477632,success,False
long_rvos/2a87bea97e/1/3,long_rvos,2a87bea97e,1,3,dynamic,"The woman sits in the car, swinging her hands, shaking her body and head, then turns her head and points at another woman, before looking out the window.",ORACLE_CANDIDATE,True,0.6990159676923166,0.5852001655585981,0.6421080666254573,[1],,,,,,,,,,
long_rvos/2a87bea97e/1/3,long_rvos,2a87bea97e,1,3,dynamic,"The woman sits in the car, swinging her hands, shaking her body and head, then turns her head and points at another woman, before looking out the window.",ORACLE_ID_POINT,True,0.623002583931462,0.5052549695286594,0.5641287767300607,"[1, 1, 1, 1]",2,True,,"1:2a87bea97e:[{""frame"":84,""point"":[0.68828125,0.5447916666666667],""update"":true},{""frame"":169,""point"":[0.57421875,0.9989583333333333],""update"":true},{""frame"":253,""point"":null,""update"":false},{""frame"":338,""point"":null,""update"":false}]",long_rvos/2a87bea97e/1/1,ORACLE_ID_POINT,101.66981592029333,42050839552,success,False
long_rvos/2a87bea97e/1/3,long_rvos,2a87bea97e,1,3,dynamic,"The woman sits in the car, swinging her hands, shaking her body and head, then turns her head and points at another woman, before looking out the window.",PREDICTED_CANDIDATE_DIRECT_STATIC,False,0.5713190005169619,0.48351624108265845,0.5274176207998102,"[1, 1, 8, 16]",,,,,,,,,,
long_rvos/2a87bea97e/1/3,long_rvos,2a87bea97e,1,3,dynamic,"The woman sits in the car, swinging her hands, shaking her body and head, then turns her head and points at another woman, before looking out the window.",PREDICTED_CANDIDATE_DIRECT_TEMPORAL,False,0.5432986210268962,0.4697278268831456,0.506513223955021,"[1, 1, 0, 16]",,,,,,,,,,
long_rvos/2a87bea97e/1/3,long_rvos,2a87bea97e,1,3,dynamic,"The woman sits in the car, swinging her hands, shaking her body and head, then turns her head and points at another woman, before looking out the window.",PREDICTED_CANDIDATE_POINT_STATIC,False,0.4763331214977166,0.41267351142201775,0.4445033164598672,"[1, 1, 8, 16]",4,True,,"1:2a87bea97e:[{""frame"":84,""point"":[0.68828125,0.5447916666666667],""update"":true},{""frame"":169,""point"":[0.57421875,0.9989583333333333],""update"":true},{""frame"":253,""point"":[0.31328125,0.528125],""update"":true},{""frame"":338,""point"":[0.42734375,0.8552083333333333],""update"":true}]",long_rvos/2a87bea97e/1/1,PREDICTED_CANDIDATE_POINT_STATIC,132.12393959611654,42433477632,success,False
long_rvos/2a87bea97e/1/3,long_rvos,2a87bea97e,1,3,dynamic,"The woman sits in the car, swinging her hands, shaking her body and head, then turns her head and points at another woman, before looking out the window.",PREDICTED_CANDIDATE_POINT_TEMPORAL,False,0.44773814304480675,0.36623846094234247,0.4069883019935746,"[1, 1, 0, 16]",3,False,,,,,102.85782887041569,42050839552,success,False
long_rvos/2abb12f2f7/1/0,long_rvos,2abb12f2f7,1,0,static,"A light-spotted cat on the bed, next to another cat.",ORACLE_CANDIDATE,True,0.9656392872458243,0.9061891978543863,0.9359142425501052,[0],,,,,,,,,,
long_rvos/2abb12f2f7/1/0,long_rvos,2abb12f2f7,1,0,static,"A light-spotted cat on the bed, next to another cat.",ORACLE_ID_POINT,True,0.7039697089188419,0.6344750783541923,0.6692223936365171,"[0, 0, 0, 0]",4,True,,"1:2abb12f2f7:[{""frame"":134,""point"":[0.46484375,0.6614583333333334],""update"":true},{""frame"":269,""point"":[0.19921875,0.6239583333333333],""update"":true},{""frame"":404,""point"":[0.28046875,0.540625],""update"":true},{""frame"":539,""point"":[0.00390625,0.6072916666666667],""update"":true}]",long_rvos/2abb12f2f7/1/0,PREDICTED_CANDIDATE_POINT_STATIC,209.1107150092721,63533662208,success,False
long_rvos/2abb12f2f7/1/0,long_rvos,2abb12f2f7,1,0,static,"A light-spotted cat on the bed, next to another cat.",PREDICTED_CANDIDATE_DIRECT_STATIC,False,0.9656392872458243,0.9061891978543863,0.9359142425501052,"[0, 0, 0, 0]",,,,,,,,,,
long_rvos/2abb12f2f7/1/0,long_rvos,2abb12f2f7,1,0,static,"A light-spotted cat on the bed, next to another cat.",PREDICTED_CANDIDATE_DIRECT_TEMPORAL,False,0.9656392872458243,0.9061891978543863,0.9359142425501052,"[0, 0, 0, 0]",,,,,,,,,,
long_rvos/2abb12f2f7/1/0,long_rvos,2abb12f2f7,1,0,static,"A light-spotted cat on the bed, next to another cat.",PREDICTED_CANDIDATE_POINT_STATIC,False,0.7039697089188419,0.6344750783541923,0.6692223936365171,"[0, 0, 0, 0]",4,False,,,,,209.1107150092721,63533662208,success,False
long_rvos/2abb12f2f7/1/0,long_rvos,2abb12f2f7,1,0,static,"A light-spotted cat on the bed, next to another cat.",PREDICTED_CANDIDATE_POINT_TEMPORAL,False,0.7039697089188419,0.6344750783541923,0.6692223936365171,"[0, 0, 0, 0]",4,True,,"1:2abb12f2f7:[{""frame"":134,""point"":[0.46484375,0.6614583333333334],""update"":true},{""frame"":269,""point"":[0.19921875,0.6239583333333333],""update"":true},{""frame"":404,""point"":[0.28046875,0.540625],""update"":true},{""frame"":539,""point"":[0.00390625,0.6072916666666667],""update"":true}]",long_rvos/2abb12f2f7/1/0,PREDICTED_CANDIDATE_POINT_STATIC,209.1107150092721,63533662208,success,False
long_rvos/2abb12f2f7/1/1,long_rvos,2abb12f2f7,1,1,dynamic,"A cat places its paw on another cat while sleeping, then moves its head next to the other cat's head.",ORACLE_CANDIDATE,True,0.9676237660413882,0.9060226535543665,0.9368232097978774,[0],,,,,,,,,,
long_rvos/2abb12f2f7/1/1,long_rvos,2abb12f2f7,1,1,dynamic,"A cat places its paw on another cat while sleeping, then moves its head next to the other cat's head.",ORACLE_ID_POINT,True,0.7037697186634281,0.6311535747688712,0.6674616467161496,"[0, 0, 0, 0]",4,False,,,,,212.5652427226305,63532846080,success,False
long_rvos/2abb12f2f7/1/1,long_rvos,2abb12f2f7,1,1,dynamic,"A cat places its paw on another cat while sleeping, then moves its head next to the other cat's head.",PREDICTED_CANDIDATE_DIRECT_STATIC,False,0.22670199101724312,0.5139836563874278,0.37034282370233546,"[1, 1, 1, 0]",,,,,,,,,,
long_rvos/2abb12f2f7/1/1,long_rvos,2abb12f2f7,1,1,dynamic,"A cat places its paw on another cat while sleeping, then moves its head next to the other cat's head.",PREDICTED_CANDIDATE_DIRECT_TEMPORAL,False,0.0007090504364224818,0.42307974347159905,0.21189439695401077,"[1, 1, 1, 1]",,,,,,,,,,
long_rvos/2abb12f2f7/1/1,long_rvos,2abb12f2f7,1,1,dynamic,"A cat places its paw on another cat while sleeping, then moves its head next to the other cat's head.",PREDICTED_CANDIDATE_POINT_STATIC,False,0.18383689568123307,0.32188879027472017,0.2528628429779766,"[1, 1, 1, 0]",4,False,,,,,199.6664790660143,63523571712,success,False
long_rvos/2abb12f2f7/1/1,long_rvos,2abb12f2f7,1,1,dynamic,"A cat places its paw on another cat while sleeping, then moves its head next to the other cat's head.",PREDICTED_CANDIDATE_POINT_TEMPORAL,False,0.0014222031507551238,0.1936401347127788,0.09753116893176696,"[1, 1, 1, 1]",4,False,,,,,225.78414291143417,63531420672,success,False
long_rvos/2abb12f2f7/1/4,long_rvos,2abb12f2f7,1,4,hybrid,A spotted cat rests on another cat sleeping on the left of the bed.,ORACLE_CANDIDATE,True,0.0,0.0,0.0,[null],,,,,,,,,,
long_rvos/2abb12f2f7/1/4,long_rvos,2abb12f2f7,1,4,hybrid,A spotted cat rests on another cat sleeping on the left of the bed.,ORACLE_ID_POINT,True,0.0,0.0,0.0,"[None, None, None, None]",0,True,True,"2abb12f2f7:[{""frame"":134,""point"":null,""update"":false},{""frame"":269,""point"":null,""update"":false},{""frame"":404,""point"":null,""update"":false},{""frame"":539,""point"":null,""update"":false}]",,temporal_update_k4,26.339148953557014,8558780928,success,False
long_rvos/2abb12f2f7/1/4,long_rvos,2abb12f2f7,1,4,hybrid,A spotted cat rests on another cat sleeping on the left of the bed.,PREDICTED_CANDIDATE_DIRECT_STATIC,False,0.0,0.0,0.0,"[null, null, null, null]",,,,,,,,,,
long_rvos/2abb12f2f7/1/4,long_rvos,2abb12f2f7,1,4,hybrid,A spotted cat rests on another cat sleeping on the left of the bed.,PREDICTED_CANDIDATE_DIRECT_TEMPORAL,False,0.0,0.0,0.0,"[null, null, null, null]",,,,,,,,,,
long_rvos/2abb12f2f7/1/4,long_rvos,2abb12f2f7,1,4,hybrid,A spotted cat rests on another cat sleeping on the left of the bed.,PREDICTED_CANDIDATE_POINT_STATIC,False,0.0,0.0,0.0,"[None, None, None, None]",0,True,True,"2abb12f2f7:[{""frame"":134,""point"":null,""update"":false},{""frame"":269,""point"":null,""update"":false},{""frame"":404,""point"":null,""update"":false},{""frame"":539,""point"":null,""update"":false}]",,temporal_update_k4,26.339148953557014,8558780928,success,False
long_rvos/2abb12f2f7/1/4,long_rvos,2abb12f2f7,1,4,hybrid,A spotted cat rests on another cat sleeping on the left of the bed.,PREDICTED_CANDIDATE_POINT_TEMPORAL,False,0.0,0.0,0.0,"[None, None, None, None]",0,True,True,"2abb12f2f7:[{""frame"":134,""point"":null,""update"":false},{""frame"":269,""point"":null,""update"":false},{""frame"":404,""point"":null,""update"":false},{""frame"":539,""point"":null,""update"":false}]",,temporal_update_k4,26.339148953557014,8558780928,success,False
long_rvos/2c4cbde1aa/1/0,long_rvos,2c4cbde1aa,1,0,static,A green tank.,ORACLE_CANDIDATE,True,0.45635175139213546,0.49809915493375667,0.47722545316294607,[0],,,,,,,,,,
long_rvos/2c4cbde1aa/1/0,long_rvos,2c4cbde1aa,1,0,static,A green tank.,ORACLE_ID_POINT,True,0.011281376516288641,0.02955263268594617,0.020417004601117405,"[0, 0, 0, 0]",2,True,,"1:2c4cbde1aa:[{""frame"":58,""point"":[0.320703125,0.5381944444444444],""update"":true},{""frame"":117,""point"":[0.357421875,0.4479166666666667],""update"":true},{""frame"":175,""point"":null,""update"":false},{""frame"":234,""point"":null,""update"":false}]",long_rvos/2c4cbde1aa/1/7,ORACLE_ID_POINT,66.25945404171944,31102290944,success,False
long_rvos/2c4cbde1aa/1/0,long_rvos,2c4cbde1aa,1,0,static,A green tank.,PREDICTED_CANDIDATE_DIRECT_STATIC,False,0.25459755057324684,0.27155858137002176,0.2630780659716343,"[0, 1, 3, 3]",,,,,,,,,,
long_rvos/2c4cbde1aa/1/0,long_rvos,2c4cbde1aa,1,0,static,A green tank.,PREDICTED_CANDIDATE_DIRECT_TEMPORAL,False,1.819121488435989e-05,0.006101999380562131,0.0030600952977232455,"[1, 1, 3, 0]",,,,,,,,,,
long_rvos/2c4cbde1aa/1/0,long_rvos,2c4cbde1aa,1,0,static,A green tank.,PREDICTED_CANDIDATE_POINT_STATIC,False,0.00014896946240662885,0.009560546362102441,0.004854757912254535,"[0, 1, 3, 3]",4,True,,"1:2c4cbde1aa:[{""frame"":58,""point"":[0.320703125,0.5381944444444444],""update"":true},{""frame"":117,""point"":[0.387109375,0.4798611111111111],""update"":true},{""frame"":175,""point"":[0.483203125,0.5006944444444444],""update"":true},{""frame"":234,""point"":[0.522265625,0.5354166666666667],""update"":true}]",long_rvos/2c4cbde1aa/1/7,PREDICTED_CANDIDATE_POINT_STATIC,88.23370703309774,31639174144,success,False
long_rvos/2c4cbde1aa/1/0,long_rvos,2c4cbde1aa,1,0,static,A green tank.,PREDICTED_CANDIDATE_POINT_TEMPORAL,False,6.736416008020217e-05,0.010162123250903748,0.005114743705491975,"[1, 1, 3, 0]",3,True,,"1:2c4cbde1aa:[{""frame"":58,""point"":[0.694921875,0.53125],""update"":true},{""frame"":117,""point"":[0.387109375,0.4798611111111111],""update"":true},{""frame"":175,""point"":[0.483203125,0.5006944444444444],""update"":true},{""frame"":234,""point"":null,""update"":false}]",long_rvos/2c4cbde1aa/1/7,PREDICTED_CANDIDATE_POINT_TEMPORAL,80.86620030552149,31639174144,success,False
long_rvos/2c4cbde1aa/1/1,long_rvos,2c4cbde1aa,1,1,dynamic,"The tank follows the one in front of it, driving around the field.",ORACLE_CANDIDATE,True,0.49963646256278804,0.5520269654830259,0.525831714022907,[0],,,,,,,,,,
long_rvos/2c4cbde1aa/1/1,long_rvos,2c4cbde1aa,1,1,dynamic,"The tank follows the one in front of it, driving around the field.",ORACLE_ID_POINT,True,0.0059925309341919844,0.021421385870826263,0.013706958402509123,"[0, 0, 0, 0]",2,False,,,,,65.604625813663,31102290944,success,False
long_rvos/2c4cbde1aa/1/1,long_rvos,2c4cbde1aa,1,1,dynamic,"The tank follows the one in front of it, driving around the field.",PREDICTED_CANDIDATE_DIRECT_STATIC,False,0.25505677676097077,0.2750732561401501,0.26506501645056046,"[0, 1, 4, 4]",,,,,,,,,,
long_rvos/2c4cbde1aa/1/1,long_rvos,2c4cbde1aa,1,1,dynamic,"The tank follows the one in front of it, driving around the field.",PREDICTED_CANDIDATE_DIRECT_TEMPORAL,False,0.4436516307463754,0.47198503531629954,0.45781833303133745,"[0, 1, 5, 0]",,,,,,,,,,
long_rvos/2c4cbde1aa/1/1,long_rvos,2c4cbde1aa,1,1,dynamic,"The tank follows the one in front of it, driving around the field.",PREDICTED_CANDIDATE_POINT_STATIC,False,0.000162134430128413,0.009934049638579754,0.0050480920343540835,"[0, 1, 4, 4]",4,False,,,,,89.5366548448801,31639174144,success,False
long_rvos/2c4cbde1aa/1/1,long_rvos,2c4cbde1aa,1,1,dynamic,"The tank follows the one in front of it, driving around the field.",PREDICTED_CANDIDATE_POINT_TEMPORAL,False,0.3166501481387385,0.3362215969176721,0.3264358725282053,"[0, 1, 5, 0]",3,False,,,,,83.12318558245897,31639174144,success,False
long_rvos/2c4cbde1aa/1/2,long_rvos,2c4cbde1aa,1,2,static,A green tank on a track.,ORACLE_CANDIDATE,True,0.45635175139213546,0.49809915493375667,0.47722545316294607,[0],,,,,,,,,,
long_rvos/2c4cbde1aa/1/2,long_rvos,2c4cbde1aa,1,2,static,A green tank on a track.,ORACLE_ID_POINT,True,0.011281376516288641,0.02955263268594617,0.020417004601117405,"[0, 0, 0, 0]",2,True,,"1:2c4cbde1aa:[{""frame"":58,""point"":[0.320703125,0.5381944444444444],""update"":true},{""frame"":117,""point"":[0.357421875,0.4479166666666667],""update"":true},{""frame"":175,""point"":null,""update"":false},{""frame"":234,""point"":null,""update"":false}]",long_rvos/2c4cbde1aa/1/7,ORACLE_ID_POINT,66.25945404171944,31102290944,success,False
long_rvos/2c4cbde1aa/1/2,long_rvos,2c4cbde1aa,1,2,static,A green tank on a track.,PREDICTED_CANDIDATE_DIRECT_STATIC,False,0.25459755057324684,0.27155858137002176,0.2630780659716343,"[0, 1, 3, 3]",,,,,,,,,,
long_rvos/2c4cbde1aa/1/2,long_rvos,2c4cbde1aa,1,2,static,A green tank on a track.,PREDICTED_CANDIDATE_DIRECT_TEMPORAL,False,1.819121488435989e-05,0.006101999380562131,0.0030600952977232455,"[1, 1, 3, 0]",,,,,,,,,,
long_rvos/2c4cbde1aa/1/2,long_rvos,2c4cbde1aa,1,2,static,A green tank on a track.,PREDICTED_CANDIDATE_POINT_STATIC,False,0.00014896946240662885,0.009560546362102441,0.004854757912254535,"[0, 1, 3, 3]",4,True,,"1:2c4cbde1aa:[{""frame"":58,""point"":[0.320703125,0.5381944444444444],""update"":true},{""frame"":117,""point"":[0.387109375,0.4798611111111111],""update"":true},{""frame"":175,""point"":[0.483203125,0.5006944444444444],""update"":true},{""frame"":234,""point"":[0.522265625,0.5354166666666667],""update"":true}]",long_rvos/2c4cbde1aa/1/7,PREDICTED_CANDIDATE_POINT_STATIC,88.23370703309774,31639174144,success,False
long_rvos/2c4cbde1aa/1/2,long_rvos,2c4cbde1aa,1,2,static,A green tank on a track.,PREDICTED_CANDIDATE_POINT_TEMPORAL,False,6.736416008020217e-05,0.010162123250903748,0.005114743705491975,"[1, 1, 3, 0]",3,True,,"1:2c4cbde1aa:[{""frame"":58,""point"":[0.694921875,0.53125],""update"":true},{""frame"":117,""point"":[0.387109375,0.4798611111111111],""update"":true},{""frame"":175,""point"":[0.483203125,0.5006944444444444],""update"":true},{""frame"":234,""point"":null,""update"":false}]",long_rvos/2c4cbde1aa/1/7,PREDICTED_CANDIDATE_POINT_TEMPORAL,80.86620030552149,31639174144,success,False
long_rvos/2c4cbde1aa/1/3,long_rvos,2c4cbde1aa,1,3,dynamic,The tank followed the tank in front of it and drove in circles on the track.,ORACLE_CANDIDATE,True,0.49963646256278804,0.5520269654830259,0.525831714022907,[0],,,,,,,,,,
long_rvos/2c4cbde1aa/1/3,long_rvos,2c4cbde1aa,1,3,dynamic,The tank followed the tank in front of it and drove in circles on the track.,ORACLE_ID_POINT,True,0.0059925309341919844,0.021421385870826263,0.013706958402509123,"[0, 0, 0, 0]",2,True,,"1:2c4cbde1aa:[{""frame"":58,""point"":[0.321484375,0.5381944444444444],""update"":true},{""frame"":117,""point"":[0.369140625,0.4395833333333333],""update"":true},{""frame"":175,""point"":null,""update"":false},{""frame"":234,""point"":null,""update"":false}]",long_rvos/2c4cbde1aa/1/1,ORACLE_ID_POINT,65.604625813663,31102290944,success,False
long_rvos/2c4cbde1aa/1/3,long_rvos,2c4cbde1aa,1,3,dynamic,The tank followed the tank in front of it and drove in circles on the track.,PREDICTED_CANDIDATE_DIRECT_STATIC,False,0.25505677676097077,0.2750732561401501,0.26506501645056046,"[0, 1, 4, 4]",,,,,,,,,,
long_rvos/2c4cbde1aa/1/3,long_rvos,2c4cbde1aa,1,3,dynamic,The tank followed the tank in front of it and drove in circles on the track.,PREDICTED_CANDIDATE_DIRECT_TEMPORAL,False,0.4436516307463754,0.47198503531629954,0.45781833303133745,"[0, 1, 5, 0]",,,,,,,,,,
long_rvos/2c4cbde1aa/1/3,long_rvos,2c4cbde1aa,1,3,dynamic,The tank followed the tank in front of it and drove in circles on the track.,PREDICTED_CANDIDATE_POINT_STATIC,False,0.000162134430128413,0.009934049638579754,0.0050480920343540835,"[0, 1, 4, 4]",4,True,,"1:2c4cbde1aa:[{""frame"":58,""point"":[0.321484375,0.5381944444444444],""update"":true},{""frame"":117,""point"":[0.385546875,0.48125],""update"":true},{""frame"":175,""point"":[0.482421875,0.5006944444444444],""update"":true},{""frame"":234,""point"":[0.524609375,0.5354166666666667],""update"":true}]",long_rvos/2c4cbde1aa/1/1,PREDICTED_CANDIDATE_POINT_STATIC,89.5366548448801,31639174144,success,False
long_rvos/2c4cbde1aa/1/3,long_rvos,2c4cbde1aa,1,3,dynamic,The tank followed the tank in front of it and drove in circles on the track.,PREDICTED_CANDIDATE_POINT_TEMPORAL,False,0.3166501481387385,0.3362215969176721,0.3264358725282053,"[0, 1, 5, 0]",3,True,,"1:2c4cbde1aa:[{""frame"":58,""point"":[0.321484375,0.5381944444444444],""update"":true},{""frame"":117,""point"":[0.385546875,0.48125],""update"":true},{""frame"":175,""point"":[0.145703125,0.4284722222222222],""update"":true},{""frame"":234,""point"":null,""update"":false}]",long_rvos/2c4cbde1aa/1/1,PREDICTED_CANDIDATE_POINT_TEMPORAL,83.12318558245897,31639174144,success,False
long_rvos/2c4cbde1aa/1/7,long_rvos,2c4cbde1aa,1,7,hybrid,"A green tank follows another, driving around the field and circling the track.",ORACLE_CANDIDATE,True,0.45635175139213546,0.49809915493375667,0.47722545316294607,[0],,,,,,,,,,
long_rvos/2c4cbde1aa/1/7,long_rvos,2c4cbde1aa,1,7,hybrid,"A green tank follows another, driving around the field and circling the track.",ORACLE_ID_POINT,True,0.011281376516288641,0.02955263268594617,0.020417004601117405,"[0, 0, 0, 0]",2,False,,,,,66.25945404171944,31102290944,success,False
long_rvos/2c4cbde1aa/1/7,long_rvos,2c4cbde1aa,1,7,hybrid,"A green tank follows another, driving around the field and circling the track.",PREDICTED_CANDIDATE_DIRECT_STATIC,False,0.25459755057324684,0.27155858137002176,0.2630780659716343,"[0, 1, 3, 3]",,,,,,,,,,
long_rvos/2c4cbde1aa/1/7,long_rvos,2c4cbde1aa,1,7,hybrid,"A green tank follows another, driving around the field and circling the track.",PREDICTED_CANDIDATE_DIRECT_TEMPORAL,False,1.819121488435989e-05,0.006101999380562131,0.0030600952977232455,"[1, 1, 3, 0]",,,,,,,,,,
long_rvos/2c4cbde1aa/1/7,long_rvos,2c4cbde1aa,1,7,hybrid,"A green tank follows another, driving around the field and circling the track.",PREDICTED_CANDIDATE_POINT_STATIC,False,0.00014896946240662885,0.009560546362102441,0.004854757912254535,"[0, 1, 3, 3]",4,False,,,,,88.23370703309774,31639174144,success,False
long_rvos/2c4cbde1aa/1/7,long_rvos,2c4cbde1aa,1,7,hybrid,"A green tank follows another, driving around the field and circling the track.",PREDICTED_CANDIDATE_POINT_TEMPORAL,False,6.736416008020217e-05,0.010162123250903748,0.005114743705491975,"[1, 1, 3, 0]",3,False,,,,,80.86620030552149,31639174144,success,False
long_rvos/2cfdc294c5/1/0,long_rvos,2cfdc294c5,1,0,static,"A man wearing a hat and gloves, on a boat",ORACLE_CANDIDATE,True,0.8761707279882102,0.8650007234570147,0.8705857257226124,[0],,,,,,,,,,
long_rvos/2cfdc294c5/1/0,long_rvos,2cfdc294c5,1,0,static,"A man wearing a hat and gloves, on a boat",ORACLE_ID_POINT,True,0.7582150557818961,0.7521563628542366,0.7551857093180663,"[0, 0, 0, 0]",3,True,,"1:2cfdc294c5:[{""frame"":102,""point"":[0.99921875,0.001388888888888889],""update"":true},{""frame"":204,""point"":[0.99921875,0.7152777777777778],""update"":true},{""frame"":306,""point"":[0.99921875,0.001388888888888889],""update"":true},{""frame"":409,""point"":null,""update"":false}]",long_rvos/2cfdc294c5/1/1,PREDICTED_CANDIDATE_POINT_STATIC,135.53007540106773,49858402304,success,False
long_rvos/2cfdc294c5/1/0,long_rvos,2cfdc294c5,1,0,static,"A man wearing a hat and gloves, on a boat",PREDICTED_CANDIDATE_DIRECT_STATIC,False,0.8761707279882102,0.8650007234570147,0.8705857257226124,"[0, 0, 0, 0]",,,,,,,,,,
long_rvos/2cfdc294c5/1/0,long_rvos,2cfdc294c5,1,0,static,"A man wearing a hat and gloves, on a boat",PREDICTED_CANDIDATE_DIRECT_TEMPORAL,False,0.8761707279882102,0.8650007234570147,0.8705857257226124,"[0, 0, 0, 0]",,,,,,,,,,
long_rvos/2cfdc294c5/1/0,long_rvos,2cfdc294c5,1,0,static,"A man wearing a hat and gloves, on a boat",PREDICTED_CANDIDATE_POINT_STATIC,False,0.7582150557818961,0.7521563628542366,0.7551857093180663,"[0, 0, 0, 0]",3,True,,"1:2cfdc294c5:[{""frame"":102,""point"":[0.99921875,0.001388888888888889],""update"":true},{""frame"":204,""point"":[0.99921875,0.7152777777777778],""update"":true},{""frame"":306,""point"":[0.99921875,0.001388888888888889],""update"":true},{""frame"":409,""point"":null,""update"":false}]",long_rvos/2cfdc294c5/1/1,PREDICTED_CANDIDATE_POINT_STATIC,135.53007540106773,49858402304,success,False
long_rvos/2cfdc294c5/1/0,long_rvos,2cfdc294c5,1,0,static,"A man wearing a hat and gloves, on a boat",PREDICTED_CANDIDATE_POINT_TEMPORAL,False,0.7582150557818961,0.7521563628542366,0.7551857093180663,"[0, 0, 0, 0]",3,True,,"1:2cfdc294c5:[{""frame"":102,""point"":[0.99921875,0.001388888888888889],""update"":true},{""frame"":204,""point"":[0.99921875,0.7152777777777778],""update"":true},{""frame"":306,""point"":[0.99921875,0.001388888888888889],""update"":true},{""frame"":409,""point"":null,""update"":false}]",long_rvos/2cfdc294c5/1/1,PREDICTED_CANDIDATE_POINT_STATIC,135.53007540106773,49858402304,success,False
long_rvos/2cfdc294c5/1/1,long_rvos,2cfdc294c5,1,1,dynamic,The man is fishing,ORACLE_CANDIDATE,True,0.8761707279882102,0.8650007234570147,0.8705857257226124,[0],,,,,,,,,,
long_rvos/2cfdc294c5/1/1,long_rvos,2cfdc294c5,1,1,dynamic,The man is fishing,ORACLE_ID_POINT,True,0.7582150557818961,0.7521563628542366,0.7551857093180663,"[0, 0, 0, 0]",3,True,,"1:2cfdc294c5:[{""frame"":102,""point"":[0.99921875,0.001388888888888889],""update"":true},{""frame"":204,""point"":[0.99921875,0.7152777777777778],""update"":true},{""frame"":306,""point"":[0.99921875,0.001388888888888889],""update"":true},{""frame"":409,""point"":null,""update"":false}]",long_rvos/2cfdc294c5/1/1,PREDICTED_CANDIDATE_POINT_STATIC,135.53007540106773,49858402304,success,False
long_rvos/2cfdc294c5/1/1,long_rvos,2cfdc294c5,1,1,dynamic,The man is fishing,PREDICTED_CANDIDATE_DIRECT_STATIC,False,0.8761707279882102,0.8650007234570147,0.8705857257226124,"[0, 0, 0, 0]",,,,,,,,,,
long_rvos/2cfdc294c5/1/1,long_rvos,2cfdc294c5,1,1,dynamic,The man is fishing,PREDICTED_CANDIDATE_DIRECT_TEMPORAL,False,0.8761707279882102,0.8650007234570147,0.8705857257226124,"[0, 0, 0, 0]",,,,,,,,,,
long_rvos/2cfdc294c5/1/1,long_rvos,2cfdc294c5,1,1,dynamic,The man is fishing,PREDICTED_CANDIDATE_POINT_STATIC,False,0.7582150557818961,0.7521563628542366,0.7551857093180663,"[0, 0, 0, 0]",3,False,,,,,135.53007540106773,49858402304,success,False
long_rvos/2cfdc294c5/1/1,long_rvos,2cfdc294c5,1,1,dynamic,The man is fishing,PREDICTED_CANDIDATE_POINT_TEMPORAL,False,0.7582150557818961,0.7521563628542366,0.7551857093180663,"[0, 0, 0, 0]",3,True,,"1:2cfdc294c5:[{""frame"":102,""point"":[0.99921875,0.001388888888888889],""update"":true},{""frame"":204,""point"":[0.99921875,0.7152777777777778],""update"":true},{""frame"":306,""point"":[0.99921875,0.001388888888888889],""update"":true},{""frame"":409,""point"":null,""update"":false}]",long_rvos/2cfdc294c5/1/1,PREDICTED_CANDIDATE_POINT_STATIC,135.53007540106773,49858402304,success,False
long_rvos/2cfdc294c5/1/2,long_rvos,2cfdc294c5,1,2,static,A man wearing gray clothes.,ORACLE_CANDIDATE,True,0.8761707279882102,0.8650007234570147,0.8705857257226124,[0],,,,,,,,,,
long_rvos/2cfdc294c5/1/2,long_rvos,2cfdc294c5,1,2,static,A man wearing gray clothes.,ORACLE_ID_POINT,True,0.7582150557818961,0.7521563628542366,0.7551857093180663,"[0, 0, 0, 0]",3,True,,"1:2cfdc294c5:[{""frame"":102,""point"":[0.99921875,0.001388888888888889],""update"":true},{""frame"":204,""point"":[0.99921875,0.7152777777777778],""update"":true},{""frame"":306,""point"":[0.99921875,0.001388888888888889],""update"":true},{""frame"":409,""point"":null,""update"":false}]",long_rvos/2cfdc294c5/1/1,PREDICTED_CANDIDATE_POINT_STATIC,135.53007540106773,49858402304,success,False
long_rvos/2cfdc294c5/1/2,long_rvos,2cfdc294c5,1,2,static,A man wearing gray clothes.,PREDICTED_CANDIDATE_DIRECT_STATIC,False,0.8761707279882102,0.8650007234570147,0.8705857257226124,"[0, 0, 0, 0]",,,,,,,,,,
long_rvos/2cfdc294c5/1/2,long_rvos,2cfdc294c5,1,2,static,A man wearing gray clothes.,PREDICTED_CANDIDATE_DIRECT_TEMPORAL,False,0.8761707279882102,0.8650007234570147,0.8705857257226124,"[0, 0, 0, 0]",,,,,,,,,,
long_rvos/2cfdc294c5/1/2,long_rvos,2cfdc294c5,1,2,static,A man wearing gray clothes.,PREDICTED_CANDIDATE_POINT_STATIC,False,0.7582150557818961,0.7521563628542366,0.7551857093180663,"[0, 0, 0, 0]",3,True,,"1:2cfdc294c5:[{""frame"":102,""point"":[0.99921875,0.001388888888888889],""update"":true},{""frame"":204,""point"":[0.99921875,0.7152777777777778],""update"":true},{""frame"":306,""point"":[0.99921875,0.001388888888888889],""update"":true},{""frame"":409,""point"":null,""update"":false}]",long_rvos/2cfdc294c5/1/1,PREDICTED_CANDIDATE_POINT_STATIC,135.53007540106773,49858402304,success,False
long_rvos/2cfdc294c5/1/2,long_rvos,2cfdc294c5,1,2,static,A man wearing gray clothes.,PREDICTED_CANDIDATE_POINT_TEMPORAL,False,0.7582150557818961,0.7521563628542366,0.7551857093180663,"[0, 0, 0, 0]",3,True,,"1:2cfdc294c5:[{""frame"":102,""point"":[0.99921875,0.001388888888888889],""update"":true},{""frame"":204,""point"":[0.99921875,0.7152777777777778],""update"":true},{""frame"":306,""point"":[0.99921875,0.001388888888888889],""update"":true},{""frame"":409,""point"":null,""update"":false}]",long_rvos/2cfdc294c5/1/1,PREDICTED_CANDIDATE_POINT_STATIC,135.53007540106773,49858402304,success,False
long_rvos/2cfdc294c5/1/3,long_rvos,2cfdc294c5,1,3,dynamic,The man is holding a fishing line and fishing.,ORACLE_CANDIDATE,True,0.8761707279882102,0.8650007234570147,0.8705857257226124,[0],,,,,,,,,,
long_rvos/2cfdc294c5/1/3,long_rvos,2cfdc294c5,1,3,dynamic,The man is holding a fishing line and fishing.,ORACLE_ID_POINT,True,0.7582150557818961,0.7521563628542366,0.7551857093180663,"[0, 0, 0, 0]",3,True,,"1:2cfdc294c5:[{""frame"":102,""point"":[0.99921875,0.001388888888888889],""update"":true},{""frame"":204,""point"":[0.99921875,0.7152777777777778],""update"":true},{""frame"":306,""point"":[0.99921875,0.001388888888888889],""update"":true},{""frame"":409,""point"":null,""update"":false}]",long_rvos/2cfdc294c5/1/1,PREDICTED_CANDIDATE_POINT_STATIC,135.53007540106773,49858402304,success,False
long_rvos/2cfdc294c5/1/3,long_rvos,2cfdc294c5,1,3,dynamic,The man is holding a fishing line and fishing.,PREDICTED_CANDIDATE_DIRECT_STATIC,False,0.8761707279882102,0.8650007234570147,0.8705857257226124,"[0, 0, 0, 0]",,,,,,,,,,
long_rvos/2cfdc294c5/1/3,long_rvos,2cfdc294c5,1,3,dynamic,The man is holding a fishing line and fishing.,PREDICTED_CANDIDATE_DIRECT_TEMPORAL,False,0.8761707279882102,0.8650007234570147,0.8705857257226124,"[0, 0, 0, 0]",,,,,,,,,,
long_rvos/2cfdc294c5/1/3,long_rvos,2cfdc294c5,1,3,dynamic,The man is holding a fishing line and fishing.,PREDICTED_CANDIDATE_POINT_STATIC,False,0.7582150557818961,0.7521563628542366,0.7551857093180663,"[0, 0, 0, 0]",3,True,,"1:2cfdc294c5:[{""frame"":102,""point"":[0.99921875,0.001388888888888889],""update"":true},{""frame"":204,""point"":[0.99921875,0.7152777777777778],""update"":true},{""frame"":306,""point"":[0.99921875,0.001388888888888889],""update"":true},{""frame"":409,""point"":null,""update"":false}]",long_rvos/2cfdc294c5/1/1,PREDICTED_CANDIDATE_POINT_STATIC,135.53007540106773,49858402304,success,False
long_rvos/2cfdc294c5/1/3,long_rvos,2cfdc294c5,1,3,dynamic,The man is holding a fishing line and fishing.,PREDICTED_CANDIDATE_POINT_TEMPORAL,False,0.7582150557818961,0.7521563628542366,0.7551857093180663,"[0, 0, 0, 0]",3,True,,"1:2cfdc294c5:[{""frame"":102,""point"":[0.99921875,0.001388888888888889],""update"":true},{""frame"":204,""point"":[0.99921875,0.7152777777777778],""update"":true},{""frame"":306,""point"":[0.99921875,0.001388888888888889],""update"":true},{""frame"":409,""point"":null,""update"":false}]",long_rvos/2cfdc294c5/1/1,PREDICTED_CANDIDATE_POINT_STATIC,135.53007540106773,49858402304,success,False
long_rvos/2cfdc294c5/1/8,long_rvos,2cfdc294c5,1,8,dynamic,A man is fishing with a line.,ORACLE_CANDIDATE,True,0.8761707279882102,0.8650007234570147,0.8705857257226124,[0],,,,,,,,,,
long_rvos/2cfdc294c5/1/8,long_rvos,2cfdc294c5,1,8,dynamic,A man is fishing with a line.,ORACLE_ID_POINT,True,0.7582150557818961,0.7521563628542366,0.7551857093180663,"[0, 0, 0, 0]",3,True,,"1:2cfdc294c5:[{""frame"":102,""point"":[0.99921875,0.001388888888888889],""update"":true},{""frame"":204,""point"":[0.99921875,0.7152777777777778],""update"":true},{""frame"":306,""point"":[0.99921875,0.001388888888888889],""update"":true},{""frame"":409,""point"":null,""update"":false}]",long_rvos/2cfdc294c5/1/1,PREDICTED_CANDIDATE_POINT_STATIC,135.53007540106773,49858402304,success,False
long_rvos/2cfdc294c5/1/8,long_rvos,2cfdc294c5,1,8,dynamic,A man is fishing with a line.,PREDICTED_CANDIDATE_DIRECT_STATIC,False,0.8761707279882102,0.8650007234570147,0.8705857257226124,"[0, 0, 0, 0]",,,,,,,,,,
long_rvos/2cfdc294c5/1/8,long_rvos,2cfdc294c5,1,8,dynamic,A man is fishing with a line.,PREDICTED_CANDIDATE_DIRECT_TEMPORAL,False,0.8761707279882102,0.8650007234570147,0.8705857257226124,"[0, 0, 0, 0]",,,,,,,,,,
long_rvos/2cfdc294c5/1/8,long_rvos,2cfdc294c5,1,8,dynamic,A man is fishing with a line.,PREDICTED_CANDIDATE_POINT_STATIC,False,0.7582150557818961,0.7521563628542366,0.7551857093180663,"[0, 0, 0, 0]",3,True,,"1:2cfdc294c5:[{""frame"":102,""point"":[0.99921875,0.001388888888888889],""update"":true},{""frame"":204,""point"":[0.99921875,0.7152777777777778],""update"":true},{""frame"":306,""point"":[0.99921875,0.001388888888888889],""update"":true},{""frame"":409,""point"":null,""update"":false}]",long_rvos/2cfdc294c5/1/1,PREDICTED_CANDIDATE_POINT_STATIC,135.53007540106773,49858402304,success,False
long_rvos/2cfdc294c5/1/8,long_rvos,2cfdc294c5,1,8,dynamic,A man is fishing with a line.,PREDICTED_CANDIDATE_POINT_TEMPORAL,False,0.7582150557818961,0.7521563628542366,0.7551857093180663,"[0, 0, 0, 0]",3,True,,"1:2cfdc294c5:[{""frame"":102,""point"":[0.99921875,0.001388888888888889],""update"":true},{""frame"":204,""point"":[0.99921875,0.7152777777777778],""update"":true},{""frame"":306,""point"":[0.99921875,0.001388888888888889],""update"":true},{""frame"":409,""point"":null,""update"":false}]",long_rvos/2cfdc294c5/1/1,PREDICTED_CANDIDATE_POINT_STATIC,135.53007540106773,49858402304,success,False
long_rvos/30c20fb4c1/3/10,long_rvos,30c20fb4c1,3,10,static,"A little girl wearing a red patterned outfit, standing next to a baby.",ORACLE_CANDIDATE,True,0.07552816394238963,0.08642606552429886,0.08097711473334425,[1],,,,,,,,,,
long_rvos/30c20fb4c1/3/10,long_rvos,30c20fb4c1,3,10,static,"A little girl wearing a red patterned outfit, standing next to a baby.",ORACLE_ID_POINT,True,0.078125,0.078125,0.078125,"[1, 1, 1, 1]",0,True,,"3:30c20fb4c1:[{""frame"":112,""point"":null,""update"":false},{""frame"":224,""point"":null,""update"":false},{""frame"":336,""point"":null,""update"":false},{""frame"":449,""point"":null,""update"":false}]",long_rvos/30c20fb4c1/3/11,PREDICTED_CANDIDATE_POINT_STATIC,30.61043544858694,8009394688,success,False
long_rvos/30c20fb4c1/3/10,long_rvos,30c20fb4c1,3,10,static,"A little girl wearing a red patterned outfit, standing next to a baby.",PREDICTED_CANDIDATE_DIRECT_STATIC,False,0.078125,0.078125,0.078125,"[0, 0, 0, 0]",,,,,,,,,,
long_rvos/30c20fb4c1/3/10,long_rvos,30c20fb4c1,3,10,static,"A little girl wearing a red patterned outfit, standing next to a baby.",PREDICTED_CANDIDATE_DIRECT_TEMPORAL,False,0.078125,0.078125,0.078125,"[0, 0, 0, 0]",,,,,,,,,,
long_rvos/30c20fb4c1/3/10,long_rvos,30c20fb4c1,3,10,static,"A little girl wearing a red patterned outfit, standing next to a baby.",PREDICTED_CANDIDATE_POINT_STATIC,False,0.078125,0.078125,0.078125,"[0, 0, 0, 0]",0,True,,"3:30c20fb4c1:[{""frame"":112,""point"":null,""update"":false},{""frame"":224,""point"":null,""update"":false},{""frame"":336,""point"":null,""update"":false},{""frame"":449,""point"":null,""update"":false}]",long_rvos/30c20fb4c1/3/11,PREDICTED_CANDIDATE_POINT_STATIC,30.61043544858694,8009394688,success,False
long_rvos/30c20fb4c1/3/10,long_rvos,30c20fb4c1,3,10,static,"A little girl wearing a red patterned outfit, standing next to a baby.",PREDICTED_CANDIDATE_POINT_TEMPORAL,False,0.078125,0.078125,0.078125,"[0, 0, 0, 0]",0,True,,"3:30c20fb4c1:[{""frame"":112,""point"":null,""update"":false},{""frame"":224,""point"":null,""update"":false},{""frame"":336,""point"":null,""update"":false},{""frame"":449,""point"":null,""update"":false}]",long_rvos/30c20fb4c1/3/11,PREDICTED_CANDIDATE_POINT_STATIC,30.61043544858694,8009394688,success,False
long_rvos/30c20fb4c1/3/11,long_rvos,30c20fb4c1,3,11,dynamic,"The little girl stands beside the baby, smiling while looking at it.",ORACLE_CANDIDATE,True,0.07552816394238963,0.08642606552429886,0.08097711473334425,[1],,,,,,,,,,
long_rvos/30c20fb4c1/3/11,long_rvos,30c20fb4c1,3,11,dynamic,"The little girl stands beside the baby, smiling while looking at it.",ORACLE_ID_POINT,True,0.078125,0.078125,0.078125,"[1, 1, 1, 1]",0,True,,"3:30c20fb4c1:[{""frame"":112,""point"":null,""update"":false},{""frame"":224,""point"":null,""update"":false},{""frame"":336,""point"":null,""update"":false},{""frame"":449,""point"":null,""update"":false}]",long_rvos/30c20fb4c1/3/11,PREDICTED_CANDIDATE_POINT_STATIC,30.61043544858694,8009394688,success,False
long_rvos/30c20fb4c1/3/11,long_rvos,30c20fb4c1,3,11,dynamic,"The little girl stands beside the baby, smiling while looking at it.",PREDICTED_CANDIDATE_DIRECT_STATIC,False,0.078125,0.078125,0.078125,"[0, 0, 0, 0]",,,,,,,,,,
long_rvos/30c20fb4c1/3/11,long_rvos,30c20fb4c1,3,11,dynamic,"The little girl stands beside the baby, smiling while looking at it.",PREDICTED_CANDIDATE_DIRECT_TEMPORAL,False,0.078125,0.078125,0.078125,"[0, 0, 0, 0]",,,,,,,,,,
long_rvos/30c20fb4c1/3/11,long_rvos,30c20fb4c1,3,11,dynamic,"The little girl stands beside the baby, smiling while looking at it.",PREDICTED_CANDIDATE_POINT_STATIC,False,0.078125,0.078125,0.078125,"[0, 0, 0, 0]",0,False,,,,,30.61043544858694,8009394688,success,False
long_rvos/30c20fb4c1/3/11,long_rvos,30c20fb4c1,3,11,dynamic,"The little girl stands beside the baby, smiling while looking at it.",PREDICTED_CANDIDATE_POINT_TEMPORAL,False,0.078125,0.078125,0.078125,"[0, 0, 0, 0]",0,True,,"3:30c20fb4c1:[{""frame"":112,""point"":null,""update"":false},{""frame"":224,""point"":null,""update"":false},{""frame"":336,""point"":null,""update"":false},{""frame"":449,""point"":null,""update"":false}]",long_rvos/30c20fb4c1/3/11,PREDICTED_CANDIDATE_POINT_STATIC,30.61043544858694,8009394688,success,False
long_rvos/30c20fb4c1/3/14,long_rvos,30c20fb4c1,3,14,hybrid,"A girl in red watches, touches, and helps feed a baby near a chair.",ORACLE_CANDIDATE,True,0.09809018389745192,0.17067648893932597,0.13438333641838895,[0],,,,,,,,,,
long_rvos/30c20fb4c1/3/14,long_rvos,30c20fb4c1,3,14,hybrid,"A girl in red watches, touches, and helps feed a baby near a chair.",ORACLE_ID_POINT,True,0.078125,0.078125,0.078125,"[0, 0, 0, 0]",1,True,,"3:30c20fb4c1:[{""frame"":112,""point"":null,""update"":false},{""frame"":224,""point"":[0.143,0.001336898395721925],""update"":true},{""frame"":336,""point"":null,""update"":false},{""frame"":449,""point"":null,""update"":false}]",long_rvos/30c20fb4c1/3/14,PREDICTED_CANDIDATE_POINT_STATIC,63.594094052910805,12421935104,success,False
long_rvos/30c20fb4c1/3/14,long_rvos,30c20fb4c1,3,14,hybrid,"A girl in red watches, touches, and helps feed a baby near a chair.",PREDICTED_CANDIDATE_DIRECT_STATIC,False,0.09809018389745192,0.17067648893932597,0.13438333641838895,"[0, 0, 0, 0]",,,,,,,,,,
long_rvos/30c20fb4c1/3/14,long_rvos,30c20fb4c1,3,14,hybrid,"A girl in red watches, touches, and helps feed a baby near a chair.",PREDICTED_CANDIDATE_DIRECT_TEMPORAL,False,0.09809018389745192,0.17067648893932597,0.13438333641838895,"[0, 0, 0, 0]",,,,,,,,,,
long_rvos/30c20fb4c1/3/14,long_rvos,30c20fb4c1,3,14,hybrid,"A girl in red watches, touches, and helps feed a baby near a chair.",PREDICTED_CANDIDATE_POINT_STATIC,False,0.078125,0.078125,0.078125,"[0, 0, 0, 0]",1,False,,,,,63.594094052910805,12421935104,success,False
long_rvos/30c20fb4c1/3/14,long_rvos,30c20fb4c1,3,14,hybrid,"A girl in red watches, touches, and helps feed a baby near a chair.",PREDICTED_CANDIDATE_POINT_TEMPORAL,False,0.078125,0.078125,0.078125,"[0, 0, 0, 0]",1,True,,"3:30c20fb4c1:[{""frame"":112,""point"":null,""update"":false},{""frame"":224,""point"":[0.143,0.001336898395721925],""update"":true},{""frame"":336,""point"":null,""update"":false},{""frame"":449,""point"":null,""update"":false}]",long_rvos/30c20fb4c1/3/14,PREDICTED_CANDIDATE_POINT_STATIC,63.594094052910805,12421935104,success,False
long_rvos/30c20fb4c1/3/8,long_rvos,30c20fb4c1,3,8,static,"A child wearing red clothes, with a person next to them and another child in front.",ORACLE_CANDIDATE,True,0.12263078684786556,0.21607897339437154,0.16935488012111855,[2],,,,,,,,,,
long_rvos/30c20fb4c1/3/8,long_rvos,30c20fb4c1,3,8,static,"A child wearing red clothes, with a person next to them and another child in front.",ORACLE_ID_POINT,True,0.0977283257293894,0.16462312351064295,0.13117572462001617,"[2, 2, 2, 2]",2,True,,"3:30c20fb4c1:[{""frame"":112,""point"":[0.039,0.001336898395721925],""update"":true},{""frame"":224,""point"":[0.157,0.03074866310160428],""update"":true},{""frame"":336,""point"":null,""update"":false},{""frame"":449,""point"":null,""update"":false}]",long_rvos/30c20fb4c1/3/9,ORACLE_ID_POINT,119.8175666257739,53739482112,success,False
long_rvos/30c20fb4c1/3/8,long_rvos,30c20fb4c1,3,8,static,"A child wearing red clothes, with a person next to them and another child in front.",PREDICTED_CANDIDATE_DIRECT_STATIC,False,0.0813529617668183,0.09313589305049678,0.08724442740865754,"[2, 1, 1, 1]",,,,,,,,,,
long_rvos/30c20fb4c1/3/8,long_rvos,30c20fb4c1,3,8,static,"A child wearing red clothes, with a person next to them and another child in front.",PREDICTED_CANDIDATE_DIRECT_TEMPORAL,False,0.048379828901369354,0.04690150177967532,0.04764066534052234,"[1, 1, 5, 0]",,,,,,,,,,
long_rvos/30c20fb4c1/3/8,long_rvos,30c20fb4c1,3,8,static,"A child wearing red clothes, with a person next to them and another child in front.",PREDICTED_CANDIDATE_POINT_STATIC,False,0.078125,0.078125,0.078125,"[2, 1, 1, 1]",1,False,,,,,77.0092965066433,13093961728,success,False
long_rvos/30c20fb4c1/3/8,long_rvos,30c20fb4c1,3,8,static,"A child wearing red clothes, with a person next to them and another child in front.",PREDICTED_CANDIDATE_POINT_TEMPORAL,False,0.15777124912441298,0.1666061612919006,0.16218870520815679,"[1, 1, 5, 0]",2,False,,,,,63.76434962451458,31243351040,success,False
long_rvos/30c20fb4c1/3/9,long_rvos,30c20fb4c1,3,9,dynamic,"The child stands next to a baby chair, watching as a person feeds another child, then reaches out to touch the child, walks behind the baby chair, and later helps feed the child.",ORACLE_CANDIDATE,True,0.12263078684786556,0.21607897339437154,0.16935488012111855,[2],,,,,,,,,,
long_rvos/30c20fb4c1/3/9,long_rvos,30c20fb4c1,3,9,dynamic,"The child stands next to a baby chair, watching as a person feeds another child, then reaches out to touch the child, walks behind the baby chair, and later helps feed the child.",ORACLE_ID_POINT,True,0.0977283257293894,0.16462312351064295,0.13117572462001617,"[2, 2, 2, 2]",2,False,,,,,119.8175666257739,53739482112,success,False
long_rvos/30c20fb4c1/3/9,long_rvos,30c20fb4c1,3,9,dynamic,"The child stands next to a baby chair, watching as a person feeds another child, then reaches out to touch the child, walks behind the baby chair, and later helps feed the child.",PREDICTED_CANDIDATE_DIRECT_STATIC,False,0.11452053322619518,0.1845058555422472,0.14951319438422117,"[2, 2, 5, 6]",,,,,,,,,,
long_rvos/30c20fb4c1/3/9,long_rvos,30c20fb4c1,3,9,dynamic,"The child stands next to a baby chair, watching as a person feeds another child, then reaches out to touch the child, walks behind the baby chair, and later helps feed the child.",PREDICTED_CANDIDATE_DIRECT_TEMPORAL,False,0.03897251662013014,0.11973460491855861,0.07935356076934438,"[2, 2, 5, 0]",,,,,,,,,,
long_rvos/30c20fb4c1/3/9,long_rvos,30c20fb4c1,3,9,dynamic,"The child stands next to a baby chair, watching as a person feeds another child, then reaches out to touch the child, walks behind the baby chair, and later helps feed the child.",PREDICTED_CANDIDATE_POINT_STATIC,False,0.1820399239182409,0.23947139466724685,0.21075565929274387,"[2, 2, 5, 6]",4,False,,,,,168.43008562922478,54033183744,success,False
long_rvos/30c20fb4c1/3/9,long_rvos,30c20fb4c1,3,9,dynamic,"The child stands next to a baby chair, watching as a person feeds another child, then reaches out to touch the child, walks behind the baby chair, and later helps feed the child.",PREDICTED_CANDIDATE_POINT_TEMPORAL,False,0.15474478630293723,0.21461018962477052,0.18467748796385386,"[2, 2, 5, 0]",4,False,,,,,165.09331473708153,54033183744,success,False
long_rvos/30f4d962f9/1/0,long_rvos,30f4d962f9,1,0,static,"A panda covered in mud, initially on the scene, on the floor beside the grass, with a white house on the right.",ORACLE_CANDIDATE,True,0.6349791713235635,0.6317213837734597,0.6333502775485116,[0],,,,,,,,,,
long_rvos/30f4d962f9/1/0,long_rvos,30f4d962f9,1,0,static,"A panda covered in mud, initially on the scene, on the floor beside the grass, with a white house on the right.",ORACLE_ID_POINT,True,0.5351223101577972,0.5152555316084276,0.5251889208831124,"[0, 0, 0, 0]",4,True,,"1:30f4d962f9:[{""frame"":113,""point"":[0.547,0.8382352941176471],""update"":true},{""frame"":227,""point"":[0.403,0.8997326203208557],""update"":true},{""frame"":340,""point"":[0.477,0.5628342245989305],""update"":true},{""frame"":454,""point"":[0.517,0.9986631016042781],""update"":true}]",long_rvos/30f4d962f9/1/0,PREDICTED_CANDIDATE_POINT_TEMPORAL,166.20829958468676,54557788160,success,False
long_rvos/30f4d962f9/1/0,long_rvos,30f4d962f9,1,0,static,"A panda covered in mud, initially on the scene, on the floor beside the grass, with a white house on the right.",PREDICTED_CANDIDATE_DIRECT_STATIC,False,0.3152938097165416,0.38380666424535903,0.34955023698095034,"[0, 4, 1, 4]",,,,,,,,,,
long_rvos/30f4d962f9/1/0,long_rvos,30f4d962f9,1,0,static,"A panda covered in mud, initially on the scene, on the floor beside the grass, with a white house on the right.",PREDICTED_CANDIDATE_DIRECT_TEMPORAL,False,0.6349791713235635,0.6317213837734597,0.6333502775485116,"[0, 0, 0, 0]",,,,,,,,,,
long_rvos/30f4d962f9/1/0,long_rvos,30f4d962f9,1,0,static,"A panda covered in mud, initially on the scene, on the floor beside the grass, with a white house on the right.",PREDICTED_CANDIDATE_POINT_STATIC,False,0.24654781851392316,0.2705286857907844,0.25853825215235376,"[0, 4, 1, 4]",4,False,,,,,165.74545001983643,54557788160,success,False
long_rvos/30f4d962f9/1/0,long_rvos,30f4d962f9,1,0,static,"A panda covered in mud, initially on the scene, on the floor beside the grass, with a white house on the right.",PREDICTED_CANDIDATE_POINT_TEMPORAL,False,0.5351223101577972,0.5152555316084276,0.5251889208831124,"[0, 0, 0, 0]",4,False,,,,,166.20829958468676,54557788160,success,False
long_rvos/30f4d962f9/1/1,long_rvos,30f4d962f9,1,1,dynamic,The muddy panda crawls from the floor beside the grass to the other side to eat bamboo.,ORACLE_CANDIDATE,True,0.7983130546237696,0.7763836310325121,0.7873483428281408,[1],,,,,,,,,,
long_rvos/30f4d962f9/1/1,long_rvos,30f4d962f9,1,1,dynamic,The muddy panda crawls from the floor beside the grass to the other side to eat bamboo.,ORACLE_ID_POINT,True,0.5345110802971244,0.5130471757985685,0.5237791280478464,"[1, 1, 1, 1]",4,False,,,,,167.90404643118382,54557788160,success,False
long_rvos/30f4d962f9/1/1,long_rvos,30f4d962f9,1,1,dynamic,The muddy panda crawls from the floor beside the grass to the other side to eat bamboo.,PREDICTED_CANDIDATE_DIRECT_STATIC,False,0.18251140036205915,0.23900347052989246,0.2107574354459758,"[1, 2, 3, 3]",,,,,,,,,,
long_rvos/30f4d962f9/1/1,long_rvos,30f4d962f9,1,1,dynamic,The muddy panda crawls from the floor beside the grass to the other side to eat bamboo.,PREDICTED_CANDIDATE_DIRECT_TEMPORAL,False,0.5871271141781127,0.5932232458980985,0.5901751800381057,"[1, 1, 1, 3]",,,,,,,,,,
long_rvos/30f4d962f9/1/1,long_rvos,30f4d962f9,1,1,dynamic,The muddy panda crawls from the floor beside the grass to the other side to eat bamboo.,PREDICTED_CANDIDATE_POINT_STATIC,False,0.034499322696809484,0.09091370097808951,0.06270651183744949,"[1, 2, 3, 3]",4,False,,,,,172.11605178564787,54557788160,success,False
long_rvos/30f4d962f9/1/1,long_rvos,30f4d962f9,1,1,dynamic,The muddy panda crawls from the floor beside the grass to the other side to eat bamboo.,PREDICTED_CANDIDATE_POINT_TEMPORAL,False,0.3228907166584546,0.3298282562509822,0.3263594864547184,"[1, 1, 1, 3]",4,False,,,,,165.5707082375884,54557788160,success,False
long_rvos/30f4d962f9/1/4,long_rvos,30f4d962f9,1,4,hybrid,A muddy panda crawls to eat bamboo near a white house.,ORACLE_CANDIDATE,True,0.7983130546237696,0.7763836310325121,0.7873483428281408,[1],,,,,,,,,,
long_rvos/30f4d962f9/1/4,long_rvos,30f4d962f9,1,4,hybrid,A muddy panda crawls to eat bamboo near a white house.,ORACLE_ID_POINT,True,0.5345110802971244,0.5130471757985685,0.5237791280478464,"[1, 1, 1, 1]",4,True,,"1:30f4d962f9:[{""frame"":113,""point"":[0.547,0.8409090909090909],""update"":true},{""frame"":227,""point"":[0.405,0.910427807486631],""update"":true},{""frame"":340,""point"":[0.567,0.7205882352941176],""update"":true},{""frame"":454,""point"":[0.545,0.9986631016042781],""update"":true}]",long_rvos/30f4d962f9/1/1,ORACLE_ID_POINT,167.90404643118382,54557788160,success,False
long_rvos/30f4d962f9/1/4,long_rvos,30f4d962f9,1,4,hybrid,A muddy panda crawls to eat bamboo near a white house.,PREDICTED_CANDIDATE_DIRECT_STATIC,False,0.39764386182131967,0.42670222223620236,0.41217304202876104,"[1, 2, 1, 3]",,,,,,,,,,
long_rvos/30f4d962f9/1/4,long_rvos,30f4d962f9,1,4,hybrid,A muddy panda crawls to eat bamboo near a white house.,PREDICTED_CANDIDATE_DIRECT_TEMPORAL,False,0.5871271141781127,0.5932232458980985,0.5901751800381057,"[1, 1, 1, 3]",,,,,,,,,,
long_rvos/30f4d962f9/1/4,long_rvos,30f4d962f9,1,4,hybrid,A muddy panda crawls to eat bamboo near a white house.,PREDICTED_CANDIDATE_POINT_STATIC,False,0.24670801431167202,0.2722220468551827,0.25946503058342735,"[1, 2, 1, 3]",4,False,,,,,164.86375579237938,54557788160,success,False
long_rvos/30f4d962f9/1/4,long_rvos,30f4d962f9,1,4,hybrid,A muddy panda crawls to eat bamboo near a white house.,PREDICTED_CANDIDATE_POINT_TEMPORAL,False,0.3228907166584546,0.3298282562509822,0.3263594864547184,"[1, 1, 1, 3]",4,True,,"1:30f4d962f9:[{""frame"":113,""point"":[0.547,0.8409090909090909],""update"":true},{""frame"":227,""point"":[0.405,0.910427807486631],""update"":true},{""frame"":340,""point"":[0.567,0.7205882352941176],""update"":true},{""frame"":454,""point"":[0.467,0.47459893048128343],""update"":true}]",long_rvos/30f4d962f9/1/1,PREDICTED_CANDIDATE_POINT_TEMPORAL,165.5707082375884,54557788160,success,False
long_rvos/31a352c169/1/0,long_rvos,31a352c169,1,0,static,A naked boy in a bathtub,ORACLE_CANDIDATE,True,0.0,0.0,0.0,[null],,,,,,,,,,
long_rvos/31a352c169/1/0,long_rvos,31a352c169,1,0,static,A naked boy in a bathtub,ORACLE_ID_POINT,True,0.0,0.0,0.0,"[None, None, None, None]",0,True,,"1:31a352c169:[{""frame"":83,""point"":null,""update"":false},{""frame"":166,""point"":null,""update"":false},{""frame"":249,""point"":null,""update"":false},{""frame"":333,""point"":null,""update"":false}]",long_rvos/31a352c169/1/10,PREDICTED_CANDIDATE_POINT_STATIC,21.60906806588173,7301917184,success,False
long_rvos/31a352c169/1/0,long_rvos,31a352c169,1,0,static,A naked boy in a bathtub,PREDICTED_CANDIDATE_DIRECT_STATIC,False,0.0,0.0,0.0,"[null, null, null, null]",,,,,,,,,,
long_rvos/31a352c169/1/0,long_rvos,31a352c169,1,0,static,A naked boy in a bathtub,PREDICTED_CANDIDATE_DIRECT_TEMPORAL,False,0.0,0.0,0.0,"[null, null, null, null]",,,,,,,,,,
long_rvos/31a352c169/1/0,long_rvos,31a352c169,1,0,static,A naked boy in a bathtub,PREDICTED_CANDIDATE_POINT_STATIC,False,0.0,0.0,0.0,"[None, None, None, None]",0,True,,"1:31a352c169:[{""frame"":83,""point"":null,""update"":false},{""frame"":166,""point"":null,""update"":false},{""frame"":249,""point"":null,""update"":false},{""frame"":333,""point"":null,""update"":false}]",long_rvos/31a352c169/1/10,PREDICTED_CANDIDATE_POINT_STATIC,21.60906806588173,7301917184,success,False
long_rvos/31a352c169/1/0,long_rvos,31a352c169,1,0,static,A naked boy in a bathtub,PREDICTED_CANDIDATE_POINT_TEMPORAL,False,0.0,0.0,0.0,"[None, None, None, None]",0,True,,"1:31a352c169:[{""frame"":83,""point"":null,""update"":false},{""frame"":166,""point"":null,""update"":false},{""frame"":249,""point"":null,""update"":false},{""frame"":333,""point"":null,""update"":false}]",long_rvos/31a352c169/1/10,PREDICTED_CANDIDATE_POINT_STATIC,21.60906806588173,7301917184,success,False
long_rvos/31a352c169/1/1,long_rvos,31a352c169,1,1,dynamic,"The boy is taking a bath, occasionally buries his face in the water.",ORACLE_CANDIDATE,True,0.8904833886192118,0.8320374886413346,0.8612604386302732,[0],,,,,,,,,,
long_rvos/31a352c169/1/1,long_rvos,31a352c169,1,1,dynamic,"The boy is taking a bath, occasionally buries his face in the water.",ORACLE_ID_POINT,True,0.6543015104326608,0.6108403426780264,0.6325709265553436,"[0, 0, 0, 0]",4,True,,"1:31a352c169:[{""frame"":83,""point"":[0.00078125,0.6058875219683656],""update"":true},{""frame"":166,""point"":[0.00078125,0.5364674868189807],""update"":true},{""frame"":249,""point"":[0.38671875,0.6454305799648506],""update"":true},{""frame"":333,""point"":[0.00078125,0.7095782073813708],""update"":true}]",long_rvos/31a352c169/1/1,PREDICTED_CANDIDATE_POINT_STATIC,127.47953180223703,42017666560,success,False
long_rvos/31a352c169/1/1,long_rvos,31a352c169,1,1,dynamic,"The boy is taking a bath, occasionally buries his face in the water.",PREDICTED_CANDIDATE_DIRECT_STATIC,False,0.8904833886192118,0.8320374886413346,0.8612604386302732,"[0, 0, 0, 0]",,,,,,,,,,
long_rvos/31a352c169/1/1,long_rvos,31a352c169,1,1,dynamic,"The boy is taking a bath, occasionally buries his face in the water.",PREDICTED_CANDIDATE_DIRECT_TEMPORAL,False,0.8904833886192118,0.8320374886413346,0.8612604386302732,"[0, 0, 0, 0]",,,,,,,,,,
long_rvos/31a352c169/1/1,long_rvos,31a352c169,1,1,dynamic,"The boy is taking a bath, occasionally buries his face in the water.",PREDICTED_CANDIDATE_POINT_STATIC,False,0.6543015104326608,0.6108403426780264,0.6325709265553436,"[0, 0, 0, 0]",4,False,,,,,127.47953180223703,42017666560,success,False
long_rvos/31a352c169/1/1,long_rvos,31a352c169,1,1,dynamic,"The boy is taking a bath, occasionally buries his face in the water.",PREDICTED_CANDIDATE_POINT_TEMPORAL,False,0.6543015104326608,0.6108403426780264,0.6325709265553436,"[0, 0, 0, 0]",4,True,,"1:31a352c169:[{""frame"":83,""point"":[0.00078125,0.6058875219683656],""update"":true},{""frame"":166,""point"":[0.00078125,0.5364674868189807],""update"":true},{""frame"":249,""point"":[0.38671875,0.6454305799648506],""update"":true},{""frame"":333,""point"":[0.00078125,0.7095782073813708],""update"":true}]",long_rvos/31a352c169/1/1,PREDICTED_CANDIDATE_POINT_STATIC,127.47953180223703,42017666560,success,False
long_rvos/31a352c169/1/10,long_rvos,31a352c169,1,10,hybrid,"A red-haired boy bathes, plays with water, pinches his nose, and splashes in a toy-filled tub.",ORACLE_CANDIDATE,True,0.0,0.0,0.0,[0],,,,,,,,,,
long_rvos/31a352c169/1/10,long_rvos,31a352c169,1,10,hybrid,"A red-haired boy bathes, plays with water, pinches his nose, and splashes in a toy-filled tub.",ORACLE_ID_POINT,True,0.0,0.0,0.0,"[0, 0, 0, 0]",0,True,,"1:31a352c169:[{""frame"":83,""point"":null,""update"":false},{""frame"":166,""point"":null,""update"":false},{""frame"":249,""point"":null,""update"":false},{""frame"":333,""point"":null,""update"":false}]",long_rvos/31a352c169/1/10,PREDICTED_CANDIDATE_POINT_STATIC,21.60906806588173,7301917184,success,False
long_rvos/31a352c169/1/10,long_rvos,31a352c169,1,10,hybrid,"A red-haired boy bathes, plays with water, pinches his nose, and splashes in a toy-filled tub.",PREDICTED_CANDIDATE_DIRECT_STATIC,False,0.0,0.0,0.0,"[0, 0, 0, 0]",,,,,,,,,,
long_rvos/31a352c169/1/10,long_rvos,31a352c169,1,10,hybrid,"A red-haired boy bathes, plays with water, pinches his nose, and splashes in a toy-filled tub.",PREDICTED_CANDIDATE_DIRECT_TEMPORAL,False,0.0,0.0,0.0,"[0, 0, 0, 0]",,,,,,,,,,
long_rvos/31a352c169/1/10,long_rvos,31a352c169,1,10,hybrid,"A red-haired boy bathes, plays with water, pinches his nose, and splashes in a toy-filled tub.",PREDICTED_CANDIDATE_POINT_STATIC,False,0.0,0.0,0.0,"[0, 0, 0, 0]",0,False,,,,,21.60906806588173,7301917184,success,False
long_rvos/31a352c169/1/10,long_rvos,31a352c169,1,10,hybrid,"A red-haired boy bathes, plays with water, pinches his nose, and splashes in a toy-filled tub.",PREDICTED_CANDIDATE_POINT_TEMPORAL,False,0.0,0.0,0.0,"[0, 0, 0, 0]",0,True,,"1:31a352c169:[{""frame"":83,""point"":null,""update"":false},{""frame"":166,""point"":null,""update"":false},{""frame"":249,""point"":null,""update"":false},{""frame"":333,""point"":null,""update"":false}]",long_rvos/31a352c169/1/10,PREDICTED_CANDIDATE_POINT_STATIC,21.60906806588173,7301917184,success,False
long_rvos/31a352c169/1/2,long_rvos,31a352c169,1,2,static,"A red-brown-haired boy in the bathtub, with toys around him.",ORACLE_CANDIDATE,True,0.4887075501298279,0.45199246851087177,0.47035000932034987,[1],,,,,,,,,,
long_rvos/31a352c169/1/2,long_rvos,31a352c169,1,2,static,"A red-brown-haired boy in the bathtub, with toys around him.",ORACLE_ID_POINT,True,0.4500814013906935,0.4059119694938263,0.4279966854422599,"[1, 1, 1, 1]",3,True,,"1:31a352c169:[{""frame"":83,""point"":null,""update"":false},{""frame"":166,""point"":[0.00078125,0.5364674868189807],""update"":true},{""frame"":249,""point"":[0.38984375,0.6427943760984183],""update"":true},{""frame"":333,""point"":[0.00078125,0.6858523725834798],""update"":true}]",long_rvos/31a352c169/1/2,PREDICTED_CANDIDATE_POINT_STATIC,83.69543306529522,33551131136,success,False
long_rvos/31a352c169/1/2,long_rvos,31a352c169,1,2,static,"A red-brown-haired boy in the bathtub, with toys around him.",PREDICTED_CANDIDATE_DIRECT_STATIC,False,0.5179688597845644,0.48031544541234217,0.4991421525984533,"[0, 1, 1, 1]",,,,,,,,,,
long_rvos/31a352c169/1/2,long_rvos,31a352c169,1,2,static,"A red-brown-haired boy in the bathtub, with toys around him.",PREDICTED_CANDIDATE_DIRECT_TEMPORAL,False,0.5179688597845644,0.48031544541234217,0.4991421525984533,"[0, 1, 1, 1]",,,,,,,,,,
long_rvos/31a352c169/1/2,long_rvos,31a352c169,1,2,static,"A red-brown-haired boy in the bathtub, with toys around him.",PREDICTED_CANDIDATE_POINT_STATIC,False,0.4500814013906935,0.4059119694938263,0.4279966854422599,"[0, 1, 1, 1]",3,False,,,,,83.69543306529522,33551131136,success,False
long_rvos/31a352c169/1/2,long_rvos,31a352c169,1,2,static,"A red-brown-haired boy in the bathtub, with toys around him.",PREDICTED_CANDIDATE_POINT_TEMPORAL,False,0.4500814013906935,0.4059119694938263,0.4279966854422599,"[0, 1, 1, 1]",3,True,,"1:31a352c169:[{""frame"":83,""point"":null,""update"":false},{""frame"":166,""point"":[0.00078125,0.5364674868189807],""update"":true},{""frame"":249,""point"":[0.38984375,0.6427943760984183],""update"":true},{""frame"":333,""point"":[0.00078125,0.6858523725834798],""update"":true}]",long_rvos/31a352c169/1/2,PREDICTED_CANDIDATE_POINT_STATIC,83.69543306529522,33551131136,success,False
long_rvos/31a352c169/1/3,long_rvos,31a352c169,1,3,dynamic,"The boy in the bathtub is playing with water, pinching his nose and dipping his face into the water to play with splashes.",ORACLE_CANDIDATE,True,0.8904833886192118,0.8320374886413346,0.8612604386302732,[0],,,,,,,,,,
long_rvos/31a352c169/1/3,long_rvos,31a352c169,1,3,dynamic,"The boy in the bathtub is playing with water, pinching his nose and dipping his face into the water to play with splashes.",ORACLE_ID_POINT,True,0.6543015104326608,0.6108403426780264,0.6325709265553436,"[0, 0, 0, 0]",4,True,,"1:31a352c169:[{""frame"":83,""point"":[0.00078125,0.6058875219683656],""update"":true},{""frame"":166,""point"":[0.00078125,0.5364674868189807],""update"":true},{""frame"":249,""point"":[0.38671875,0.6454305799648506],""update"":true},{""frame"":333,""point"":[0.00078125,0.7095782073813708],""update"":true}]",long_rvos/31a352c169/1/1,PREDICTED_CANDIDATE_POINT_STATIC,127.47953180223703,42017666560,success,False
long_rvos/31a352c169/1/3,long_rvos,31a352c169,1,3,dynamic,"The boy in the bathtub is playing with water, pinching his nose and dipping his face into the water to play with splashes.",PREDICTED_CANDIDATE_DIRECT_STATIC,False,0.8904833886192118,0.8320374886413346,0.8612604386302732,"[0, 0, 0, 0]",,,,,,,,,,
long_rvos/31a352c169/1/3,long_rvos,31a352c169,1,3,dynamic,"The boy in the bathtub is playing with water, pinching his nose and dipping his face into the water to play with splashes.",PREDICTED_CANDIDATE_DIRECT_TEMPORAL,False,0.8904833886192118,0.8320374886413346,0.8612604386302732,"[0, 0, 0, 0]",,,,,,,,,,
long_rvos/31a352c169/1/3,long_rvos,31a352c169,1,3,dynamic,"The boy in the bathtub is playing with water, pinching his nose and dipping his face into the water to play with splashes.",PREDICTED_CANDIDATE_POINT_STATIC,False,0.6543015104326608,0.6108403426780264,0.6325709265553436,"[0, 0, 0, 0]",4,True,,"1:31a352c169:[{""frame"":83,""point"":[0.00078125,0.6058875219683656],""update"":true},{""frame"":166,""point"":[0.00078125,0.5364674868189807],""update"":true},{""frame"":249,""point"":[0.38671875,0.6454305799648506],""update"":true},{""frame"":333,""point"":[0.00078125,0.7095782073813708],""update"":true}]",long_rvos/31a352c169/1/1,PREDICTED_CANDIDATE_POINT_STATIC,127.47953180223703,42017666560,success,False
long_rvos/31a352c169/1/3,long_rvos,31a352c169,1,3,dynamic,"The boy in the bathtub is playing with water, pinching his nose and dipping his face into the water to play with splashes.",PREDICTED_CANDIDATE_POINT_TEMPORAL,False,0.6543015104326608,0.6108403426780264,0.6325709265553436,"[0, 0, 0, 0]",4,True,,"1:31a352c169:[{""frame"":83,""point"":[0.00078125,0.6058875219683656],""update"":true},{""frame"":166,""point"":[0.00078125,0.5364674868189807],""update"":true},{""frame"":249,""point"":[0.38671875,0.6454305799648506],""update"":true},{""frame"":333,""point"":[0.00078125,0.7095782073813708],""update"":true}]",long_rvos/31a352c169/1/1,PREDICTED_CANDIDATE_POINT_STATIC,127.47953180223703,42017666560,success,False
long_rvos/39db436191/3/10,long_rvos,39db436191,3,10,hybrid,"A Border Collie stands by a fence, watching sheep graze and walking toward the camera.",ORACLE_CANDIDATE,True,0.8800919341360418,0.8883310516867442,0.884211492911393,[0],,,,,,,,,,
long_rvos/39db436191/3/10,long_rvos,39db436191,3,10,hybrid,"A Border Collie stands by a fence, watching sheep graze and walking toward the camera.",ORACLE_ID_POINT,True,0.603954168223805,0.6092777447969246,0.6066159565103648,"[0, 0, 0, 0]",3,True,,,,,155.4628911986947,40530806784,success,False
long_rvos/39db436191/3/10,long_rvos,39db436191,3,10,hybrid,"A Border Collie stands by a fence, watching sheep graze and walking toward the camera.",PREDICTED_CANDIDATE_DIRECT_STATIC,False,0.6597058637748381,0.6751824075537012,0.6674441356642696,"[0, 0, 0, 1]",,,,,,,,,,
long_rvos/39db436191/3/10,long_rvos,39db436191,3,10,hybrid,"A Border Collie stands by a fence, watching sheep graze and walking toward the camera.",PREDICTED_CANDIDATE_DIRECT_TEMPORAL,False,0.8800919341360418,0.8883310516867442,0.884211492911393,"[0, 0, 0, 0]",,,,,,,,,,
long_rvos/39db436191/3/10,long_rvos,39db436191,3,10,hybrid,"A Border Collie stands by a fence, watching sheep graze and walking toward the camera.",PREDICTED_CANDIDATE_POINT_STATIC,False,0.6042461221361797,0.6104633178169614,0.6073547199765705,"[0, 0, 0, 1]",2,False,,,,,177.69751477241516,40530806784,success,False
long_rvos/39db436191/3/10,long_rvos,39db436191,3,10,hybrid,"A Border Collie stands by a fence, watching sheep graze and walking toward the camera.",PREDICTED_CANDIDATE_POINT_TEMPORAL,False,0.603954168223805,0.6092777447969246,0.6066159565103648,"[0, 0, 0, 0]",3,True,,,,,155.4628911986947,40530806784,success,False
long_rvos/39db436191/3/4,long_rvos,39db436191,3,4,static,A black and white Border Collie standing next to a wire fence.,ORACLE_CANDIDATE,True,0.8802246798703067,0.8893711408840118,0.8847979103771593,[0],,,,,,,,,,
long_rvos/39db436191/3/4,long_rvos,39db436191,3,4,static,A black and white Border Collie standing next to a wire fence.,ORACLE_ID_POINT,True,0.6039797751236264,0.6092985260206294,0.6066391505721279,"[0, 0, 0, 0]",3,True,,,,,171.2989882901311,40530806784,success,False
long_rvos/39db436191/3/4,long_rvos,39db436191,3,4,static,A black and white Border Collie standing next to a wire fence.,PREDICTED_CANDIDATE_DIRECT_STATIC,False,0.8802246798703067,0.8893711408840118,0.8847979103771593,"[0, 0, 0, 0]",,,,,,,,,,
long_rvos/39db436191/3/4,long_rvos,39db436191,3,4,static,A black and white Border Collie standing next to a wire fence.,PREDICTED_CANDIDATE_DIRECT_TEMPORAL,False,0.8802246798703067,0.8893711408840118,0.8847979103771593,"[0, 0, 0, 0]",,,,,,,,,,
long_rvos/39db436191/3/4,long_rvos,39db436191,3,4,static,A black and white Border Collie standing next to a wire fence.,PREDICTED_CANDIDATE_POINT_STATIC,False,0.6039797751236264,0.6092985260206294,0.6066391505721279,"[0, 0, 0, 0]",3,False,,,,,171.2989882901311,40530806784,success,False
long_rvos/39db436191/3/4,long_rvos,39db436191,3,4,static,A black and white Border Collie standing next to a wire fence.,PREDICTED_CANDIDATE_POINT_TEMPORAL,False,0.6039797751236264,0.6092985260206294,0.6066391505721279,"[0, 0, 0, 0]",3,True,,,,,171.2989882901311,40530806784,success,False
long_rvos/39db436191/3/5,long_rvos,39db436191,3,5,dynamic,"The Border Collie stands still, watching the sheep graze, then walks toward the camera.",ORACLE_CANDIDATE,True,0.8800919341360418,0.8883310516867442,0.884211492911393,[0],,,,,,,,,,
long_rvos/39db436191/3/5,long_rvos,39db436191,3,5,dynamic,"The Border Collie stands still, watching the sheep graze, then walks toward the camera.",ORACLE_ID_POINT,True,0.603954168223805,0.6092777447969246,0.6066159565103648,"[0, 0, 0, 0]",3,True,,,,,155.4628911986947,40530806784,success,False
long_rvos/39db436191/3/5,long_rvos,39db436191,3,5,dynamic,"The Border Collie stands still, watching the sheep graze, then walks toward the camera.",PREDICTED_CANDIDATE_DIRECT_STATIC,False,0.8800919341360418,0.8883310516867442,0.884211492911393,"[0, 0, 0, 0]",,,,,,,,,,
long_rvos/39db436191/3/5,long_rvos,39db436191,3,5,dynamic,"The Border Collie stands still, watching the sheep graze, then walks toward the camera.",PREDICTED_CANDIDATE_DIRECT_TEMPORAL,False,0.8800919341360418,0.8883310516867442,0.884211492911393,"[0, 0, 0, 0]",,,,,,,,,,
long_rvos/39db436191/3/5,long_rvos,39db436191,3,5,dynamic,"The Border Collie stands still, watching the sheep graze, then walks toward the camera.",PREDICTED_CANDIDATE_POINT_STATIC,False,0.603954168223805,0.6092777447969246,0.6066159565103648,"[0, 0, 0, 0]",3,False,,,,,155.4628911986947,40530806784,success,False
long_rvos/39db436191/3/5,long_rvos,39db436191,3,5,dynamic,"The Border Collie stands still, watching the sheep graze, then walks toward the camera.",PREDICTED_CANDIDATE_POINT_TEMPORAL,False,0.603954168223805,0.6092777447969246,0.6066159565103648,"[0, 0, 0, 0]",3,True,,,,,155.4628911986947,40530806784,success,False
long_rvos/41c5109249/1/0,long_rvos,41c5109249,1,0,static,A woman with short hair wearing a black spaghetti-strap top with her friends,ORACLE_CANDIDATE,True,0.8602475199423056,0.8385981962098679,0.8494228580760868,[2],,,,,,,,,,
long_rvos/41c5109249/1/0,long_rvos,41c5109249,1,0,static,A woman with short hair wearing a black spaghetti-strap top with her friends,ORACLE_ID_POINT,True,0.6899608839582259,0.6746633896166585,0.6823121367874422,"[2, 2, 2, 2]",4,True,,"1:41c5109249:[{""frame"":100,""point"":[0.55546875,0.3072916666666667],""update"":true},{""frame"":200,""point"":[0.50234375,0.3260416666666667],""update"":true},{""frame"":300,""point"":[0.00078125,0.6239583333333333],""update"":true},{""frame"":401,""point"":[0.65234375,0.41354166666666664],""update"":true}]",long_rvos/41c5109249/1/1,PREDICTED_CANDIDATE_POINT_STATIC,154.9233186468482,49044277248,success,False
long_rvos/41c5109249/1/0,long_rvos,41c5109249,1,0,static,A woman with short hair wearing a black spaghetti-strap top with her friends,PREDICTED_CANDIDATE_DIRECT_STATIC,False,0.8602475199423056,0.8385981962098679,0.8494228580760868,"[2, 2, 2, 2]",,,,,,,,,,
long_rvos/41c5109249/1/0,long_rvos,41c5109249,1,0,static,A woman with short hair wearing a black spaghetti-strap top with her friends,PREDICTED_CANDIDATE_DIRECT_TEMPORAL,False,0.8602475199423056,0.8385981962098679,0.8494228580760868,"[2, 2, 2, 2]",,,,,,,,,,
long_rvos/41c5109249/1/0,long_rvos,41c5109249,1,0,static,A woman with short hair wearing a black spaghetti-strap top with her friends,PREDICTED_CANDIDATE_POINT_STATIC,False,0.6899608839582259,0.6746633896166585,0.6823121367874422,"[2, 2, 2, 2]",4,True,,"1:41c5109249:[{""frame"":100,""point"":[0.55546875,0.3072916666666667],""update"":true},{""frame"":200,""point"":[0.50234375,0.3260416666666667],""update"":true},{""frame"":300,""point"":[0.00078125,0.6239583333333333],""update"":true},{""frame"":401,""point"":[0.65234375,0.41354166666666664],""update"":true}]",long_rvos/41c5109249/1/1,PREDICTED_CANDIDATE_POINT_STATIC,154.9233186468482,49044277248,success,False
long_rvos/41c5109249/1/0,long_rvos,41c5109249,1,0,static,A woman with short hair wearing a black spaghetti-strap top with her friends,PREDICTED_CANDIDATE_POINT_TEMPORAL,False,0.6899608839582259,0.6746633896166585,0.6823121367874422,"[2, 2, 2, 2]",4,True,,"1:41c5109249:[{""frame"":100,""point"":[0.55546875,0.3072916666666667],""update"":true},{""frame"":200,""point"":[0.50234375,0.3260416666666667],""update"":true},{""frame"":300,""point"":[0.00078125,0.6239583333333333],""update"":true},{""frame"":401,""point"":[0.65234375,0.41354166666666664],""update"":true}]",long_rvos/41c5109249/1/1,PREDICTED_CANDIDATE_POINT_STATIC,154.9233186468482,49044277248,success,False
long_rvos/41c5109249/1/1,long_rvos,41c5109249,1,1,dynamic,The woman is pouring sauce on her hands and gives an orange slice to the woman next to her.,ORACLE_CANDIDATE,True,0.8602475199423056,0.8385981962098679,0.8494228580760868,[2],,,,,,,,,,
long_rvos/41c5109249/1/1,long_rvos,41c5109249,1,1,dynamic,The woman is pouring sauce on her hands and gives an orange slice to the woman next to her.,ORACLE_ID_POINT,True,0.6899608839582259,0.6746633896166585,0.6823121367874422,"[2, 2, 2, 2]",4,True,,"1:41c5109249:[{""frame"":100,""point"":[0.55546875,0.3072916666666667],""update"":true},{""frame"":200,""point"":[0.50234375,0.3260416666666667],""update"":true},{""frame"":300,""point"":[0.00078125,0.6239583333333333],""update"":true},{""frame"":401,""point"":[0.65234375,0.41354166666666664],""update"":true}]",long_rvos/41c5109249/1/1,PREDICTED_CANDIDATE_POINT_STATIC,154.9233186468482,49044277248,success,False
long_rvos/41c5109249/1/1,long_rvos,41c5109249,1,1,dynamic,The woman is pouring sauce on her hands and gives an orange slice to the woman next to her.,PREDICTED_CANDIDATE_DIRECT_STATIC,False,0.8602475199423056,0.8385981962098679,0.8494228580760868,"[2, 2, 2, 2]",,,,,,,,,,
long_rvos/41c5109249/1/1,long_rvos,41c5109249,1,1,dynamic,The woman is pouring sauce on her hands and gives an orange slice to the woman next to her.,PREDICTED_CANDIDATE_DIRECT_TEMPORAL,False,0.6255957124950924,0.6190001244846303,0.6222979184898614,"[2, 2, 0, 2]",,,,,,,,,,
long_rvos/41c5109249/1/1,long_rvos,41c5109249,1,1,dynamic,The woman is pouring sauce on her hands and gives an orange slice to the woman next to her.,PREDICTED_CANDIDATE_POINT_STATIC,False,0.6899608839582259,0.6746633896166585,0.6823121367874422,"[2, 2, 2, 2]",4,False,,,,,154.9233186468482,49044277248,success,False
long_rvos/41c5109249/1/1,long_rvos,41c5109249,1,1,dynamic,The woman is pouring sauce on her hands and gives an orange slice to the woman next to her.,PREDICTED_CANDIDATE_POINT_TEMPORAL,False,0.6775700706074155,0.6623082790861639,0.6699391748467897,"[2, 2, 0, 2]",4,False,,,,,162.8771928474307,49044277248,success,False
long_rvos/41c5109249/1/7,long_rvos,41c5109249,1,7,hybrid,A woman in a black top is pouring sauce on her hands and gives an orange slice to the woman next to her.,ORACLE_CANDIDATE,True,0.8602475199423056,0.8385981962098679,0.8494228580760868,[2],,,,,,,,,,
long_rvos/41c5109249/1/7,long_rvos,41c5109249,1,7,hybrid,A woman in a black top is pouring sauce on her hands and gives an orange slice to the woman next to her.,ORACLE_ID_POINT,True,0.6899608839582259,0.6746633896166585,0.6823121367874422,"[2, 2, 2, 2]",4,True,,"1:41c5109249:[{""frame"":100,""point"":[0.55546875,0.3072916666666667],""update"":true},{""frame"":200,""point"":[0.50234375,0.3260416666666667],""update"":true},{""frame"":300,""point"":[0.00078125,0.6239583333333333],""update"":true},{""frame"":401,""point"":[0.65234375,0.41354166666666664],""update"":true}]",long_rvos/41c5109249/1/1,PREDICTED_CANDIDATE_POINT_STATIC,154.9233186468482,49044277248,success,False
long_rvos/41c5109249/1/7,long_rvos,41c5109249,1,7,hybrid,A woman in a black top is pouring sauce on her hands and gives an orange slice to the woman next to her.,PREDICTED_CANDIDATE_DIRECT_STATIC,False,0.8602475199423056,0.8385981962098679,0.8494228580760868,"[2, 2, 2, 2]",,,,,,,,,,
long_rvos/41c5109249/1/7,long_rvos,41c5109249,1,7,hybrid,A woman in a black top is pouring sauce on her hands and gives an orange slice to the woman next to her.,PREDICTED_CANDIDATE_DIRECT_TEMPORAL,False,0.8602475199423056,0.8385981962098679,0.8494228580760868,"[2, 2, 2, 2]",,,,,,,,,,
long_rvos/41c5109249/1/7,long_rvos,41c5109249,1,7,hybrid,A woman in a black top is pouring sauce on her hands and gives an orange slice to the woman next to her.,PREDICTED_CANDIDATE_POINT_STATIC,False,0.6899608839582259,0.6746633896166585,0.6823121367874422,"[2, 2, 2, 2]",4,True,,"1:41c5109249:[{""frame"":100,""point"":[0.55546875,0.3072916666666667],""update"":true},{""frame"":200,""point"":[0.50234375,0.3260416666666667],""update"":true},{""frame"":300,""point"":[0.00078125,0.6239583333333333],""update"":true},{""frame"":401,""point"":[0.65234375,0.41354166666666664],""update"":true}]",long_rvos/41c5109249/1/1,PREDICTED_CANDIDATE_POINT_STATIC,154.9233186468482,49044277248,success,False
long_rvos/41c5109249/1/7,long_rvos,41c5109249,1,7,hybrid,A woman in a black top is pouring sauce on her hands and gives an orange slice to the woman next to her.,PREDICTED_CANDIDATE_POINT_TEMPORAL,False,0.6899608839582259,0.6746633896166585,0.6823121367874422,"[2, 2, 2, 2]",4,True,,"1:41c5109249:[{""frame"":100,""point"":[0.55546875,0.3072916666666667],""update"":true},{""frame"":200,""point"":[0.50234375,0.3260416666666667],""update"":true},{""frame"":300,""point"":[0.00078125,0.6239583333333333],""update"":true},{""frame"":401,""point"":[0.65234375,0.41354166666666664],""update"":true}]",long_rvos/41c5109249/1/1,PREDICTED_CANDIDATE_POINT_STATIC,154.9233186468482,49044277248,success,False
long_rvos/5c0c9c0098/3/12,long_rvos,5c0c9c0098,3,12,hybrid,"A bearded man wearing a black hat and an employee badge on his chest stands on the side of the stage, watching the performance.",ORACLE_CANDIDATE,True,0.0,0.0,0.0,[null],,,,,,,,,,
long_rvos/5c0c9c0098/3/12,long_rvos,5c0c9c0098,3,12,hybrid,"A bearded man wearing a black hat and an employee badge on his chest stands on the side of the stage, watching the performance.",ORACLE_ID_POINT,True,0.5625,0.5625,0.5625,"[None, None, None, None]",0,True,,"3:5c0c9c0098:[{""frame"":58,""point"":null,""update"":false},{""frame"":117,""point"":null,""update"":false},{""frame"":175,""point"":null,""update"":false},{""frame"":234,""point"":null,""update"":false}]",long_rvos/5c0c9c0098/3/9,ORACLE_ID_POINT,15.650626227259636,6698121728,success,False
long_rvos/5c0c9c0098/3/12,long_rvos,5c0c9c0098,3,12,hybrid,"A bearded man wearing a black hat and an employee badge on his chest stands on the side of the stage, watching the performance.",PREDICTED_CANDIDATE_DIRECT_STATIC,False,0.5625,0.5625,0.5625,"[null, null, null, null]",,,,,,,,,,
long_rvos/5c0c9c0098/3/12,long_rvos,5c0c9c0098,3,12,hybrid,"A bearded man wearing a black hat and an employee badge on his chest stands on the side of the stage, watching the performance.",PREDICTED_CANDIDATE_DIRECT_TEMPORAL,False,0.5625,0.5625,0.5625,"[null, null, null, null]",,,,,,,,,,
long_rvos/5c0c9c0098/3/12,long_rvos,5c0c9c0098,3,12,hybrid,"A bearded man wearing a black hat and an employee badge on his chest stands on the side of the stage, watching the performance.",PREDICTED_CANDIDATE_POINT_STATIC,False,0.5625,0.5625,0.5625,"[None, None, None, None]",0,True,,"3:5c0c9c0098:[{""frame"":58,""point"":null,""update"":false},{""frame"":117,""point"":null,""update"":false},{""frame"":175,""point"":null,""update"":false},{""frame"":234,""point"":null,""update"":false}]",long_rvos/5c0c9c0098/3/9,ORACLE_ID_POINT,15.650626227259636,6698121728,success,False
long_rvos/5c0c9c0098/3/12,long_rvos,5c0c9c0098,3,12,hybrid,"A bearded man wearing a black hat and an employee badge on his chest stands on the side of the stage, watching the performance.",PREDICTED_CANDIDATE_POINT_TEMPORAL,False,0.5625,0.5625,0.5625,"[None, None, None, None]",0,True,,"3:5c0c9c0098:[{""frame"":58,""point"":null,""update"":false},{""frame"":117,""point"":null,""update"":false},{""frame"":175,""point"":null,""update"":false},{""frame"":234,""point"":null,""update"":false}]",long_rvos/5c0c9c0098/3/9,ORACLE_ID_POINT,15.650626227259636,6698121728,success,False
long_rvos/5c0c9c0098/3/8,long_rvos,5c0c9c0098,3,8,static,"A woman in black clothes, standing offstage next to an elderly man with white hair.",ORACLE_CANDIDATE,True,0.6190632506200338,0.6165052638480759,0.6177842572340548,[8],,,,,,,,,,
long_rvos/5c0c9c0098/3/8,long_rvos,5c0c9c0098,3,8,static,"A woman in black clothes, standing offstage next to an elderly man with white hair.",ORACLE_ID_POINT,True,0.5625,0.5625,0.5625,"[8, 8, 8, 8]",0,True,,"3:5c0c9c0098:[{""frame"":58,""point"":null,""update"":false},{""frame"":117,""point"":null,""update"":false},{""frame"":175,""point"":null,""update"":false},{""frame"":234,""point"":null,""update"":false}]",long_rvos/5c0c9c0098/3/9,ORACLE_ID_POINT,15.650626227259636,6698121728,success,False
long_rvos/5c0c9c0098/3/8,long_rvos,5c0c9c0098,3,8,static,"A woman in black clothes, standing offstage next to an elderly man with white hair.",PREDICTED_CANDIDATE_DIRECT_STATIC,False,0.4375,0.446025028665951,0.44176251433297553,"[0, 0, 15, 0]",,,,,,,,,,
long_rvos/5c0c9c0098/3/8,long_rvos,5c0c9c0098,3,8,static,"A woman in black clothes, standing offstage next to an elderly man with white hair.",PREDICTED_CANDIDATE_DIRECT_TEMPORAL,False,0.4375,0.4375,0.4375,"[0, 0, 0, 0]",,,,,,,,,,
long_rvos/5c0c9c0098/3/8,long_rvos,5c0c9c0098,3,8,static,"A woman in black clothes, standing offstage next to an elderly man with white hair.",PREDICTED_CANDIDATE_POINT_STATIC,False,0.5625,0.5625,0.5625,"[0, 0, 15, 0]",1,False,,,,,47.56757998466492,9284945920,success,False
long_rvos/5c0c9c0098/3/8,long_rvos,5c0c9c0098,3,8,static,"A woman in black clothes, standing offstage next to an elderly man with white hair.",PREDICTED_CANDIDATE_POINT_TEMPORAL,False,0.5625,0.5625,0.5625,"[0, 0, 0, 0]",0,True,,"3:5c0c9c0098:[{""frame"":58,""point"":null,""update"":false},{""frame"":117,""point"":null,""update"":false},{""frame"":175,""point"":null,""update"":false},{""frame"":234,""point"":null,""update"":false}]",long_rvos/5c0c9c0098/3/9,ORACLE_ID_POINT,15.650626227259636,6698121728,success,False
long_rvos/5c0c9c0098/3/9,long_rvos,5c0c9c0098,3,9,dynamic,"A man stands on the side of the stage, wearing an employee badge on his chest, watching the man standing on the stage.",ORACLE_CANDIDATE,True,0.6033106279443627,0.6016140643600353,0.602462346152199,[12],,,,,,,,,,
long_rvos/5c0c9c0098/3/9,long_rvos,5c0c9c0098,3,9,dynamic,"A man stands on the side of the stage, wearing an employee badge on his chest, watching the man standing on the stage.",ORACLE_ID_POINT,True,0.5625,0.5625,0.5625,"[12, 12, 12, 12]",0,False,,,,,15.650626227259636,6698121728,success,False
long_rvos/5c0c9c0098/3/9,long_rvos,5c0c9c0098,3,9,dynamic,"A man stands on the side of the stage, wearing an employee badge on his chest, watching the man standing on the stage.",PREDICTED_CANDIDATE_DIRECT_STATIC,False,0.12501359122838218,0.13562160924501587,0.13031760023669903,"[0, 0, 1, 0]",,,,,,,,,,
long_rvos/5c0c9c0098/3/9,long_rvos,5c0c9c0098,3,9,dynamic,"A man stands on the side of the stage, wearing an employee badge on his chest, watching the man standing on the stage.",PREDICTED_CANDIDATE_DIRECT_TEMPORAL,False,0.2812582520426232,0.2894266428961656,0.2853424474693944,"[0, 1, 1, 0]",,,,,,,,,,
long_rvos/5c0c9c0098/3/9,long_rvos,5c0c9c0098,3,9,dynamic,"A man stands on the side of the stage, wearing an employee badge on his chest, watching the man standing on the stage.",PREDICTED_CANDIDATE_POINT_STATIC,False,0.1562745364373812,0.16694849052740715,0.16161151348239416,"[0, 0, 1, 0]",3,False,,,,,107.18547881394625,31110894592,success,False
long_rvos/5c0c9c0098/3/9,long_rvos,5c0c9c0098,3,9,dynamic,"A man stands on the side of the stage, wearing an employee badge on his chest, watching the man standing on the stage.",PREDICTED_CANDIDATE_POINT_TEMPORAL,False,0.4375,0.4406049442811369,0.4390524721405684,"[0, 1, 1, 0]",2,False,,,,,95.01062754541636,30587013120,success,False
long_rvos/5d262b025c/1/0,long_rvos,5d262b025c,1,0,static,"A woman wearing a helmet and glasses, holding a camera, in front of a crowd.",ORACLE_CANDIDATE,True,0.6699744012022798,0.6784771379907879,0.6742257695965339,[0],,,,,,,,,,
long_rvos/5d262b025c/1/0,long_rvos,5d262b025c,1,0,static,"A woman wearing a helmet and glasses, holding a camera, in front of a crowd.",ORACLE_ID_POINT,True,0.6212526277651385,0.6293221637742717,0.6252873957697052,"[0, 0, 0, 0]",2,True,,"1:5d262b025c:[{""frame"":46,""point"":[0.76953125,0.3885416666666667],""update"":true},{""frame"":93,""point"":[0.80234375,0.5489583333333333],""update"":true},{""frame"":140,""point"":null,""update"":false},{""frame"":187,""point"":null,""update"":false}]",long_rvos/5d262b025c/1/1,ORACLE_ID_POINT,53.45767438411713,26149226496,success,False
long_rvos/5d262b025c/1/0,long_rvos,5d262b025c,1,0,static,"A woman wearing a helmet and glasses, holding a camera, in front of a crowd.",PREDICTED_CANDIDATE_DIRECT_STATIC,False,0.5783661849122164,0.584997518460342,0.5816818516862792,"[0, 0, 14, 0]",,,,,,,,,,
long_rvos/5d262b025c/1/0,long_rvos,5d262b025c,1,0,static,"A woman wearing a helmet and glasses, holding a camera, in front of a crowd.",PREDICTED_CANDIDATE_DIRECT_TEMPORAL,False,0.5783661849122164,0.584997518460342,0.5816818516862792,"[0, 0, 14, 0]",,,,,,,,,,
long_rvos/5d262b025c/1/0,long_rvos,5d262b025c,1,0,static,"A woman wearing a helmet and glasses, holding a camera, in front of a crowd.",PREDICTED_CANDIDATE_POINT_STATIC,False,0.6212383870227616,0.6283875793667144,0.624812983194738,"[0, 0, 14, 0]",3,True,,"1:5d262b025c:[{""frame"":46,""point"":[0.76953125,0.3885416666666667],""update"":true},{""frame"":93,""point"":[0.80234375,0.5489583333333333],""update"":true},{""frame"":140,""point"":[0.99921875,0.5510416666666667],""update"":true},{""frame"":187,""point"":null,""update"":false}]",long_rvos/5d262b025c/1/1,PREDICTED_CANDIDATE_POINT_STATIC,69.89539774507284,26599331840,success,False
long_rvos/5d262b025c/1/0,long_rvos,5d262b025c,1,0,static,"A woman wearing a helmet and glasses, holding a camera, in front of a crowd.",PREDICTED_CANDIDATE_POINT_TEMPORAL,False,0.6212383870227616,0.6283875793667144,0.624812983194738,"[0, 0, 14, 0]",3,True,,"1:5d262b025c:[{""frame"":46,""point"":[0.76953125,0.3885416666666667],""update"":true},{""frame"":93,""point"":[0.80234375,0.5489583333333333],""update"":true},{""frame"":140,""point"":[0.99921875,0.5510416666666667],""update"":true},{""frame"":187,""point"":null,""update"":false}]",long_rvos/5d262b025c/1/1,PREDICTED_CANDIDATE_POINT_STATIC,69.89539774507284,26599331840,success,False
long_rvos/5d262b025c/1/1,long_rvos,5d262b025c,1,1,dynamic,"The woman is taking pictures of the crowd, then is shot with a toy gun by the crowd, falling to the ground.",ORACLE_CANDIDATE,True,0.6699744012022798,0.6784771379907879,0.6742257695965339,[0],,,,,,,,,,
long_rvos/5d262b025c/1/1,long_rvos,5d262b025c,1,1,dynamic,"The woman is taking pictures of the crowd, then is shot with a toy gun by the crowd, falling to the ground.",ORACLE_ID_POINT,True,0.6212526277651385,0.6293221637742717,0.6252873957697052,"[0, 0, 0, 0]",2,False,,,,,53.45767438411713,26149226496,success,False
long_rvos/5d262b025c/1/1,long_rvos,5d262b025c,1,1,dynamic,"The woman is taking pictures of the crowd, then is shot with a toy gun by the crowd, falling to the ground.",PREDICTED_CANDIDATE_DIRECT_STATIC,False,0.5783661849122164,0.584997518460342,0.5816818516862792,"[0, 0, 14, 0]",,,,,,,,,,
long_rvos/5d262b025c/1/1,long_rvos,5d262b025c,1,1,dynamic,"The woman is taking pictures of the crowd, then is shot with a toy gun by the crowd, falling to the ground.",PREDICTED_CANDIDATE_DIRECT_TEMPORAL,False,0.5783661849122164,0.584997518460342,0.5816818516862792,"[0, 0, 14, 0]",,,,,,,,,,
long_rvos/5d262b025c/1/1,long_rvos,5d262b025c,1,1,dynamic,"The woman is taking pictures of the crowd, then is shot with a toy gun by the crowd, falling to the ground.",PREDICTED_CANDIDATE_POINT_STATIC,False,0.6212383870227616,0.6283875793667144,0.624812983194738,"[0, 0, 14, 0]",3,False,,,,,69.89539774507284,26599331840,success,False
long_rvos/5d262b025c/1/1,long_rvos,5d262b025c,1,1,dynamic,"The woman is taking pictures of the crowd, then is shot with a toy gun by the crowd, falling to the ground.",PREDICTED_CANDIDATE_POINT_TEMPORAL,False,0.6212383870227616,0.6283875793667144,0.624812983194738,"[0, 0, 14, 0]",3,True,,"1:5d262b025c:[{""frame"":46,""point"":[0.76953125,0.3885416666666667],""update"":true},{""frame"":93,""point"":[0.80234375,0.5489583333333333],""update"":true},{""frame"":140,""point"":[0.99921875,0.5510416666666667],""update"":true},{""frame"":187,""point"":null,""update"":false}]",long_rvos/5d262b025c/1/1,PREDICTED_CANDIDATE_POINT_STATIC,69.89539774507284,26599331840,success,False
long_rvos/5d262b025c/1/20,long_rvos,5d262b025c,1,20,hybrid,A helmeted woman with glasses is shot by the crowd with a toy gun while photographing them and falls.,ORACLE_CANDIDATE,True,0.0,0.0,0.0,[null],,,,,,,,,,
long_rvos/5d262b025c/1/20,long_rvos,5d262b025c,1,20,hybrid,A helmeted woman with glasses is shot by the crowd with a toy gun while photographing them and falls.,ORACLE_ID_POINT,True,0.046875,0.046875,0.046875,"[None, None, None, None]",0,True,True,"5d262b025c:[{""frame"":46,""point"":null,""update"":false},{""frame"":93,""point"":null,""update"":false},{""frame"":140,""point"":null,""update"":false},{""frame"":187,""point"":null,""update"":false}]",,temporal_update_k4,9.231012240052223,6411471360,success,False
long_rvos/5d262b025c/1/20,long_rvos,5d262b025c,1,20,hybrid,A helmeted woman with glasses is shot by the crowd with a toy gun while photographing them and falls.,PREDICTED_CANDIDATE_DIRECT_STATIC,False,0.046875,0.046875,0.046875,"[null, null, null, null]",,,,,,,,,,
long_rvos/5d262b025c/1/20,long_rvos,5d262b025c,1,20,hybrid,A helmeted woman with glasses is shot by the crowd with a toy gun while photographing them and falls.,PREDICTED_CANDIDATE_DIRECT_TEMPORAL,False,0.046875,0.046875,0.046875,"[null, null, null, null]",,,,,,,,,,
long_rvos/5d262b025c/1/20,long_rvos,5d262b025c,1,20,hybrid,A helmeted woman with glasses is shot by the crowd with a toy gun while photographing them and falls.,PREDICTED_CANDIDATE_POINT_STATIC,False,0.046875,0.046875,0.046875,"[None, None, None, None]",0,True,True,"5d262b025c:[{""frame"":46,""point"":null,""update"":false},{""frame"":93,""point"":null,""update"":false},{""frame"":140,""point"":null,""update"":false},{""frame"":187,""point"":null,""update"":false}]",,temporal_update_k4,9.231012240052223,6411471360,success,False
long_rvos/5d262b025c/1/20,long_rvos,5d262b025c,1,20,hybrid,A helmeted woman with glasses is shot by the crowd with a toy gun while photographing them and falls.,PREDICTED_CANDIDATE_POINT_TEMPORAL,False,0.046875,0.046875,0.046875,"[None, None, None, None]",0,True,True,"5d262b025c:[{""frame"":46,""point"":null,""update"":false},{""frame"":93,""point"":null,""update"":false},{""frame"":140,""point"":null,""update"":false},{""frame"":187,""point"":null,""update"":false}]",,temporal_update_k4,9.231012240052223,6411471360,success,False
long_rvos/5d2c735adb/1/0,long_rvos,5d2c735adb,1,0,static,"A man wearing khaki-colored clothing with a white cloth around his neck, holding a rope, with a camel behind him.",ORACLE_CANDIDATE,True,0.5899693549034158,0.6397629897150432,0.6148661723092295,[3],,,,,,,,,,
long_rvos/5d2c735adb/1/0,long_rvos,5d2c735adb,1,0,static,"A man wearing khaki-colored clothing with a white cloth around his neck, holding a rope, with a camel behind him.",ORACLE_ID_POINT,True,0.5544118333415546,0.5709823035376058,0.5626970684395802,"[3, 3, 3, 3]",2,True,,"1:5d2c735adb:[{""frame"":58,""point"":[0.524609375,0.5673611111111111],""update"":true},{""frame"":117,""point"":[0.228515625,0.76875],""update"":true},{""frame"":175,""point"":null,""update"":false},{""frame"":234,""point"":null,""update"":false}]",long_rvos/5d2c735adb/1/1,PREDICTED_CANDIDATE_POINT_TEMPORAL,74.56377471238375,31105282048,success,False
long_rvos/5d2c735adb/1/0,long_rvos,5d2c735adb,1,0,static,"A man wearing khaki-colored clothing with a white cloth around his neck, holding a rope, with a camel behind him.",PREDICTED_CANDIDATE_DIRECT_STATIC,False,0.43198285482677995,0.45558931498031197,0.443786084903546,"[2, 3, 0, 0]",,,,,,,,,,
long_rvos/5d2c735adb/1/0,long_rvos,5d2c735adb,1,0,static,"A man wearing khaki-colored clothing with a white cloth around his neck, holding a rope, with a camel behind him.",PREDICTED_CANDIDATE_DIRECT_TEMPORAL,False,0.4319801105958956,0.4556673660363352,0.4438237383161154,"[1, 3, 0, 0]",,,,,,,,,,
long_rvos/5d2c735adb/1/0,long_rvos,5d2c735adb,1,0,static,"A man wearing khaki-colored clothing with a white cloth around his neck, holding a rope, with a camel behind him.",PREDICTED_CANDIDATE_POINT_STATIC,False,0.5158338302761387,0.5275880831421615,0.5217109567091501,"[2, 3, 0, 0]",2,True,,"1:5d2c735adb:[{""frame"":58,""point"":[0.588671875,0.4423611111111111],""update"":true},{""frame"":117,""point"":[0.228515625,0.76875],""update"":true},{""frame"":175,""point"":null,""update"":false},{""frame"":234,""point"":null,""update"":false}]",long_rvos/5d2c735adb/1/1,PREDICTED_CANDIDATE_POINT_STATIC,78.72388173639774,31105282048,success,False
long_rvos/5d2c735adb/1/0,long_rvos,5d2c735adb,1,0,static,"A man wearing khaki-colored clothing with a white cloth around his neck, holding a rope, with a camel behind him.",PREDICTED_CANDIDATE_POINT_TEMPORAL,False,0.5259947474265729,0.5411290217576606,0.5335618845921168,"[1, 3, 0, 0]",2,False,,,,,66.99353069067001,31105282048,success,False
long_rvos/5d2c735adb/1/1,long_rvos,5d2c735adb,1,1,dynamic,A man is holding a rope and leading a camel around.,ORACLE_CANDIDATE,True,0.5899693549034158,0.6397629897150432,0.6148661723092295,[3],,,,,,,,,,
long_rvos/5d2c735adb/1/1,long_rvos,5d2c735adb,1,1,dynamic,A man is holding a rope and leading a camel around.,ORACLE_ID_POINT,True,0.5544118333415546,0.5709823035376058,0.5626970684395802,"[3, 3, 3, 3]",2,True,,"1:5d2c735adb:[{""frame"":58,""point"":[0.524609375,0.5673611111111111],""update"":true},{""frame"":117,""point"":[0.228515625,0.76875],""update"":true},{""frame"":175,""point"":null,""update"":false},{""frame"":234,""point"":null,""update"":false}]",long_rvos/5d2c735adb/1/1,PREDICTED_CANDIDATE_POINT_TEMPORAL,74.56377471238375,31105282048,success,False
long_rvos/5d2c735adb/1/1,long_rvos,5d2c735adb,1,1,dynamic,A man is holding a rope and leading a camel around.,PREDICTED_CANDIDATE_DIRECT_STATIC,False,0.43198285482677995,0.45558931498031197,0.443786084903546,"[2, 3, 0, 0]",,,,,,,,,,
long_rvos/5d2c735adb/1/1,long_rvos,5d2c735adb,1,1,dynamic,A man is holding a rope and leading a camel around.,PREDICTED_CANDIDATE_DIRECT_TEMPORAL,False,0.5747726105507828,0.6248607728765937,0.5998166917136882,"[3, 3, 0, 0]",,,,,,,,,,
long_rvos/5d2c735adb/1/1,long_rvos,5d2c735adb,1,1,dynamic,A man is holding a rope and leading a camel around.,PREDICTED_CANDIDATE_POINT_STATIC,False,0.5158338302761387,0.5275880831421615,0.5217109567091501,"[2, 3, 0, 0]",2,False,,,,,78.72388173639774,31105282048,success,False
long_rvos/5d2c735adb/1/1,long_rvos,5d2c735adb,1,1,dynamic,A man is holding a rope and leading a camel around.,PREDICTED_CANDIDATE_POINT_TEMPORAL,False,0.5544118333415546,0.5709823035376058,0.5626970684395802,"[3, 3, 0, 0]",2,False,,,,,74.56377471238375,31105282048,success,False
long_rvos/5d2c735adb/1/8,long_rvos,5d2c735adb,1,8,hybrid,A man in khaki leads a camel with a rope.,ORACLE_CANDIDATE,True,0.5899693549034158,0.6397629897150432,0.6148661723092295,[3],,,,,,,,,,
long_rvos/5d2c735adb/1/8,long_rvos,5d2c735adb,1,8,hybrid,A man in khaki leads a camel with a rope.,ORACLE_ID_POINT,True,0.5544118333415546,0.5709823035376058,0.5626970684395802,"[3, 3, 3, 3]",2,True,,"1:5d2c735adb:[{""frame"":58,""point"":[0.524609375,0.5673611111111111],""update"":true},{""frame"":117,""point"":[0.228515625,0.76875],""update"":true},{""frame"":175,""point"":null,""update"":false},{""frame"":234,""point"":null,""update"":false}]",long_rvos/5d2c735adb/1/1,PREDICTED_CANDIDATE_POINT_TEMPORAL,74.56377471238375,31105282048,success,False
long_rvos/5d2c735adb/1/8,long_rvos,5d2c735adb,1,8,hybrid,A man in khaki leads a camel with a rope.,PREDICTED_CANDIDATE_DIRECT_STATIC,False,0.43198285482677995,0.45558931498031197,0.443786084903546,"[2, 3, 0, 0]",,,,,,,,,,
long_rvos/5d2c735adb/1/8,long_rvos,5d2c735adb,1,8,hybrid,A man in khaki leads a camel with a rope.,PREDICTED_CANDIDATE_DIRECT_TEMPORAL,False,0.5747726105507828,0.6248607728765937,0.5998166917136882,"[3, 3, 0, 0]",,,,,,,,,,
long_rvos/5d2c735adb/1/8,long_rvos,5d2c735adb,1,8,hybrid,A man in khaki leads a camel with a rope.,PREDICTED_CANDIDATE_POINT_STATIC,False,0.5158338302761387,0.5275880831421615,0.5217109567091501,"[2, 3, 0, 0]",2,True,,"1:5d2c735adb:[{""frame"":58,""point"":[0.588671875,0.4423611111111111],""update"":true},{""frame"":117,""point"":[0.228515625,0.76875],""update"":true},{""frame"":175,""point"":null,""update"":false},{""frame"":234,""point"":null,""update"":false}]",long_rvos/5d2c735adb/1/1,PREDICTED_CANDIDATE_POINT_STATIC,78.72388173639774,31105282048,success,False
long_rvos/5d2c735adb/1/8,long_rvos,5d2c735adb,1,8,hybrid,A man in khaki leads a camel with a rope.,PREDICTED_CANDIDATE_POINT_TEMPORAL,False,0.5544118333415546,0.5709823035376058,0.5626970684395802,"[3, 3, 0, 0]",2,True,,"1:5d2c735adb:[{""frame"":58,""point"":[0.524609375,0.5673611111111111],""update"":true},{""frame"":117,""point"":[0.228515625,0.76875],""update"":true},{""frame"":175,""point"":null,""update"":false},{""frame"":234,""point"":null,""update"":false}]",long_rvos/5d2c735adb/1/1,PREDICTED_CANDIDATE_POINT_TEMPORAL,74.56377471238375,31105282048,success,False
long_rvos/68170c3f7a/2/4,long_rvos,68170c3f7a,2,4,static,A male sitting inside a yellow helicopter.,ORACLE_CANDIDATE,True,0.65625,0.65625,0.65625,[0],,,,,,,,,,
long_rvos/68170c3f7a/2/4,long_rvos,68170c3f7a,2,4,static,A male sitting inside a yellow helicopter.,ORACLE_ID_POINT,True,0.671875,0.671875,0.671875,"[0, 0, 0, 0]",0,True,True,"68170c3f7a:[{""frame"":134,""point"":null,""update"":false},{""frame"":269,""point"":null,""update"":false},{""frame"":404,""point"":null,""update"":false},{""frame"":539,""point"":null,""update"":false}]",,temporal_update_k4,25.90091795474291,8558780928,success,False
long_rvos/68170c3f7a/2/4,long_rvos,68170c3f7a,2,4,static,A male sitting inside a yellow helicopter.,PREDICTED_CANDIDATE_DIRECT_STATIC,False,0.65625,0.65625,0.65625,"[0, 0, 0, 0]",,,,,,,,,,
long_rvos/68170c3f7a/2/4,long_rvos,68170c3f7a,2,4,static,A male sitting inside a yellow helicopter.,PREDICTED_CANDIDATE_DIRECT_TEMPORAL,False,0.65625,0.65625,0.65625,"[0, 0, 0, 0]",,,,,,,,,,
long_rvos/68170c3f7a/2/4,long_rvos,68170c3f7a,2,4,static,A male sitting inside a yellow helicopter.,PREDICTED_CANDIDATE_POINT_STATIC,False,0.671875,0.671875,0.671875,"[0, 0, 0, 0]",0,True,True,"68170c3f7a:[{""frame"":134,""point"":null,""update"":false},{""frame"":269,""point"":null,""update"":false},{""frame"":404,""point"":null,""update"":false},{""frame"":539,""point"":null,""update"":false}]",,temporal_update_k4,25.90091795474291,8558780928,success,False
long_rvos/68170c3f7a/2/4,long_rvos,68170c3f7a,2,4,static,A male sitting inside a yellow helicopter.,PREDICTED_CANDIDATE_POINT_TEMPORAL,False,0.671875,0.671875,0.671875,"[0, 0, 0, 0]",0,True,True,"68170c3f7a:[{""frame"":134,""point"":null,""update"":false},{""frame"":269,""point"":null,""update"":false},{""frame"":404,""point"":null,""update"":false},{""frame"":539,""point"":null,""update"":false}]",,temporal_update_k4,25.90091795474291,8558780928,success,False
long_rvos/68170c3f7a/2/5,long_rvos,68170c3f7a,2,5,dynamic,A man sits on the helicopter and controls the helicopter.,ORACLE_CANDIDATE,True,0.8257438237268141,0.8472980721736848,0.8365209479502494,[0],,,,,,,,,,
long_rvos/68170c3f7a/2/5,long_rvos,68170c3f7a,2,5,dynamic,A man sits on the helicopter and controls the helicopter.,ORACLE_ID_POINT,True,0.7900702974926634,0.8124564917523717,0.8012633946225176,"[0, 0, 0, 0]",2,False,,,,,124.88332710415125,50196195328,success,False
long_rvos/68170c3f7a/2/5,long_rvos,68170c3f7a,2,5,dynamic,A man sits on the helicopter and controls the helicopter.,PREDICTED_CANDIDATE_DIRECT_STATIC,False,0.6382438237268141,0.6597980721736848,0.6490209479502494,"[0, 0, 0, 1]",,,,,,,,,,
long_rvos/68170c3f7a/2/5,long_rvos,68170c3f7a,2,5,dynamic,A man sits on the helicopter and controls the helicopter.,PREDICTED_CANDIDATE_DIRECT_TEMPORAL,False,0.6382438237268141,0.6597980721736848,0.6490209479502494,"[0, 0, 0, 1]",,,,,,,,,,
long_rvos/68170c3f7a/2/5,long_rvos,68170c3f7a,2,5,dynamic,A man sits on the helicopter and controls the helicopter.,PREDICTED_CANDIDATE_POINT_STATIC,False,0.5713202974926634,0.5937064917523717,0.5825133946225176,"[0, 0, 0, 1]",3,False,,,,,135.49498195201159,50196195328,success,False
long_rvos/68170c3f7a/2/5,long_rvos,68170c3f7a,2,5,dynamic,A man sits on the helicopter and controls the helicopter.,PREDICTED_CANDIDATE_POINT_TEMPORAL,False,0.5713202974926634,0.5937064917523717,0.5825133946225176,"[0, 0, 0, 1]",3,True,,"2:68170c3f7a:[{""frame"":134,""point"":null,""update"":false},{""frame"":269,""point"":[0.55390625,0.5364583333333334],""update"":true},{""frame"":404,""point"":[0.90234375,0.9197916666666667],""update"":true},{""frame"":539,""point"":[0.60859375,0.396875],""update"":true}]",long_rvos/68170c3f7a/2/5,PREDICTED_CANDIDATE_POINT_STATIC,135.49498195201159,50196195328,success,False
long_rvos/68170c3f7a/2/6,long_rvos,68170c3f7a,2,6,static,"A male pilot wearing a white shirt and headphones, seated inside a yellow helicopter, with a passenger to his right.",ORACLE_CANDIDATE,True,0.8440495513702446,0.8658391918238064,0.8549443715970255,[0],,,,,,,,,,
long_rvos/68170c3f7a/2/6,long_rvos,68170c3f7a,2,6,static,"A male pilot wearing a white shirt and headphones, seated inside a yellow helicopter, with a passenger to his right.",ORACLE_ID_POINT,True,0.7895320651030617,0.8120240014205464,0.8007780332618041,"[0, 0, 0, 0]",2,True,,"2:68170c3f7a:[{""frame"":134,""point"":null,""update"":false},{""frame"":269,""point"":[0.55078125,0.528125],""update"":true},{""frame"":404,""point"":[0.90390625,0.915625],""update"":true},{""frame"":539,""point"":null,""update"":false}]",long_rvos/68170c3f7a/2/7,PREDICTED_CANDIDATE_POINT_STATIC,111.09579861909151,50196195328,success,False
long_rvos/68170c3f7a/2/6,long_rvos,68170c3f7a,2,6,static,"A male pilot wearing a white shirt and headphones, seated inside a yellow helicopter, with a passenger to his right.",PREDICTED_CANDIDATE_DIRECT_STATIC,False,0.8440495513702446,0.8658391918238064,0.8549443715970255,"[0, 0, 0, 0]",,,,,,,,,,
long_rvos/68170c3f7a/2/6,long_rvos,68170c3f7a,2,6,static,"A male pilot wearing a white shirt and headphones, seated inside a yellow helicopter, with a passenger to his right.",PREDICTED_CANDIDATE_DIRECT_TEMPORAL,False,0.8440495513702446,0.8658391918238064,0.8549443715970255,"[0, 0, 0, 0]",,,,,,,,,,
long_rvos/68170c3f7a/2/6,long_rvos,68170c3f7a,2,6,static,"A male pilot wearing a white shirt and headphones, seated inside a yellow helicopter, with a passenger to his right.",PREDICTED_CANDIDATE_POINT_STATIC,False,0.7895320651030617,0.8120240014205464,0.8007780332618041,"[0, 0, 0, 0]",2,True,,"2:68170c3f7a:[{""frame"":134,""point"":null,""update"":false},{""frame"":269,""point"":[0.55078125,0.528125],""update"":true},{""frame"":404,""point"":[0.90390625,0.915625],""update"":true},{""frame"":539,""point"":null,""update"":false}]",long_rvos/68170c3f7a/2/7,PREDICTED_CANDIDATE_POINT_STATIC,111.09579861909151,50196195328,success,False
long_rvos/68170c3f7a/2/6,long_rvos,68170c3f7a,2,6,static,"A male pilot wearing a white shirt and headphones, seated inside a yellow helicopter, with a passenger to his right.",PREDICTED_CANDIDATE_POINT_TEMPORAL,False,0.7895320651030617,0.8120240014205464,0.8007780332618041,"[0, 0, 0, 0]",2,True,,"2:68170c3f7a:[{""frame"":134,""point"":null,""update"":false},{""frame"":269,""point"":[0.55078125,0.528125],""update"":true},{""frame"":404,""point"":[0.90390625,0.915625],""update"":true},{""frame"":539,""point"":null,""update"":false}]",long_rvos/68170c3f7a/2/7,PREDICTED_CANDIDATE_POINT_STATIC,111.09579861909151,50196195328,success,False
long_rvos/68170c3f7a/2/7,long_rvos,68170c3f7a,2,7,dynamic,"The male pilot operates the helicopter, flying it before landing.",ORACLE_CANDIDATE,True,0.8440495513702446,0.8658391918238064,0.8549443715970255,[0],,,,,,,,,,
long_rvos/68170c3f7a/2/7,long_rvos,68170c3f7a,2,7,dynamic,"The male pilot operates the helicopter, flying it before landing.",ORACLE_ID_POINT,True,0.7895320651030617,0.8120240014205464,0.8007780332618041,"[0, 0, 0, 0]",2,True,,"2:68170c3f7a:[{""frame"":134,""point"":null,""update"":false},{""frame"":269,""point"":[0.55078125,0.528125],""update"":true},{""frame"":404,""point"":[0.90390625,0.915625],""update"":true},{""frame"":539,""point"":null,""update"":false}]",long_rvos/68170c3f7a/2/7,PREDICTED_CANDIDATE_POINT_STATIC,111.09579861909151,50196195328,success,False
long_rvos/68170c3f7a/2/7,long_rvos,68170c3f7a,2,7,dynamic,"The male pilot operates the helicopter, flying it before landing.",PREDICTED_CANDIDATE_DIRECT_STATIC,False,0.8440495513702446,0.8658391918238064,0.8549443715970255,"[0, 0, 0, 0]",,,,,,,,,,
long_rvos/68170c3f7a/2/7,long_rvos,68170c3f7a,2,7,dynamic,"The male pilot operates the helicopter, flying it before landing.",PREDICTED_CANDIDATE_DIRECT_TEMPORAL,False,0.8440495513702446,0.8658391918238064,0.8549443715970255,"[0, 0, 0, 0]",,,,,,,,,,
long_rvos/68170c3f7a/2/7,long_rvos,68170c3f7a,2,7,dynamic,"The male pilot operates the helicopter, flying it before landing.",PREDICTED_CANDIDATE_POINT_STATIC,False,0.7895320651030617,0.8120240014205464,0.8007780332618041,"[0, 0, 0, 0]",2,False,,,,,111.09579861909151,50196195328,success,False
long_rvos/68170c3f7a/2/7,long_rvos,68170c3f7a,2,7,dynamic,"The male pilot operates the helicopter, flying it before landing.",PREDICTED_CANDIDATE_POINT_TEMPORAL,False,0.7895320651030617,0.8120240014205464,0.8007780332618041,"[0, 0, 0, 0]",2,True,,"2:68170c3f7a:[{""frame"":134,""point"":null,""update"":false},{""frame"":269,""point"":[0.55078125,0.528125],""update"":true},{""frame"":404,""point"":[0.90390625,0.915625],""update"":true},{""frame"":539,""point"":null,""update"":false}]",long_rvos/68170c3f7a/2/7,PREDICTED_CANDIDATE_POINT_STATIC,111.09579861909151,50196195328,success,False
long_rvos/68170c3f7a/2/9,long_rvos,68170c3f7a,2,9,hybrid,"A male pilot in a white shirt operates a yellow helicopter with a passenger, flying before landing.",ORACLE_CANDIDATE,True,0.8440495513702446,0.8658391918238064,0.8549443715970255,[0],,,,,,,,,,
long_rvos/68170c3f7a/2/9,long_rvos,68170c3f7a,2,9,hybrid,"A male pilot in a white shirt operates a yellow helicopter with a passenger, flying before landing.",ORACLE_ID_POINT,True,0.7895320651030617,0.8120240014205464,0.8007780332618041,"[0, 0, 0, 0]",2,True,,"2:68170c3f7a:[{""frame"":134,""point"":null,""update"":false},{""frame"":269,""point"":[0.55078125,0.528125],""update"":true},{""frame"":404,""point"":[0.90390625,0.915625],""update"":true},{""frame"":539,""point"":null,""update"":false}]",long_rvos/68170c3f7a/2/7,PREDICTED_CANDIDATE_POINT_STATIC,111.09579861909151,50196195328,success,False
long_rvos/68170c3f7a/2/9,long_rvos,68170c3f7a,2,9,hybrid,"A male pilot in a white shirt operates a yellow helicopter with a passenger, flying before landing.",PREDICTED_CANDIDATE_DIRECT_STATIC,False,0.8440495513702446,0.8658391918238064,0.8549443715970255,"[0, 0, 0, 0]",,,,,,,,,,
long_rvos/68170c3f7a/2/9,long_rvos,68170c3f7a,2,9,hybrid,"A male pilot in a white shirt operates a yellow helicopter with a passenger, flying before landing.",PREDICTED_CANDIDATE_DIRECT_TEMPORAL,False,0.8440495513702446,0.8658391918238064,0.8549443715970255,"[0, 0, 0, 0]",,,,,,,,,,
long_rvos/68170c3f7a/2/9,long_rvos,68170c3f7a,2,9,hybrid,"A male pilot in a white shirt operates a yellow helicopter with a passenger, flying before landing.",PREDICTED_CANDIDATE_POINT_STATIC,False,0.7895320651030617,0.8120240014205464,0.8007780332618041,"[0, 0, 0, 0]",2,True,,"2:68170c3f7a:[{""frame"":134,""point"":null,""update"":false},{""frame"":269,""point"":[0.55078125,0.528125],""update"":true},{""frame"":404,""point"":[0.90390625,0.915625],""update"":true},{""frame"":539,""point"":null,""update"":false}]",long_rvos/68170c3f7a/2/7,PREDICTED_CANDIDATE_POINT_STATIC,111.09579861909151,50196195328,success,False
long_rvos/68170c3f7a/2/9,long_rvos,68170c3f7a,2,9,hybrid,"A male pilot in a white shirt operates a yellow helicopter with a passenger, flying before landing.",PREDICTED_CANDIDATE_POINT_TEMPORAL,False,0.7895320651030617,0.8120240014205464,0.8007780332618041,"[0, 0, 0, 0]",2,True,,"2:68170c3f7a:[{""frame"":134,""point"":null,""update"":false},{""frame"":269,""point"":[0.55078125,0.528125],""update"":true},{""frame"":404,""point"":[0.90390625,0.915625],""update"":true},{""frame"":539,""point"":null,""update"":false}]",long_rvos/68170c3f7a/2/7,PREDICTED_CANDIDATE_POINT_STATIC,111.09579861909151,50196195328,success,False
long_rvos/6a1db02e31/2/10,long_rvos,6a1db02e31,2,10,hybrid,A tall Black boy in white clothes catches a leaping girl and thumbs up on grass.,ORACLE_CANDIDATE,True,0.0,0.0,0.0,[null],,,,,,,,,,
long_rvos/6a1db02e31/2/10,long_rvos,6a1db02e31,2,10,hybrid,A tall Black boy in white clothes catches a leaping girl and thumbs up on grass.,ORACLE_ID_POINT,True,0.65625,0.65625,0.65625,"[None, None, None, None]",0,True,,"2:6a1db02e31:[{""frame"":97,""point"":null,""update"":false},{""frame"":194,""point"":null,""update"":false},{""frame"":291,""point"":null,""update"":false},{""frame"":389,""point"":null,""update"":false}]",long_rvos/6a1db02e31/2/10,PREDICTED_CANDIDATE_POINT_STATIC,19.85173024237156,7643458048,success,False
long_rvos/6a1db02e31/2/10,long_rvos,6a1db02e31,2,10,hybrid,A tall Black boy in white clothes catches a leaping girl and thumbs up on grass.,PREDICTED_CANDIDATE_DIRECT_STATIC,False,0.65625,0.65625,0.65625,"[null, null, null, null]",,,,,,,,,,
long_rvos/6a1db02e31/2/10,long_rvos,6a1db02e31,2,10,hybrid,A tall Black boy in white clothes catches a leaping girl and thumbs up on grass.,PREDICTED_CANDIDATE_DIRECT_TEMPORAL,False,0.65625,0.65625,0.65625,"[null, null, null, null]",,,,,,,,,,
long_rvos/6a1db02e31/2/10,long_rvos,6a1db02e31,2,10,hybrid,A tall Black boy in white clothes catches a leaping girl and thumbs up on grass.,PREDICTED_CANDIDATE_POINT_STATIC,False,0.65625,0.65625,0.65625,"[None, None, None, None]",0,False,,,,,19.85173024237156,7643458048,success,False
long_rvos/6a1db02e31/2/10,long_rvos,6a1db02e31,2,10,hybrid,A tall Black boy in white clothes catches a leaping girl and thumbs up on grass.,PREDICTED_CANDIDATE_POINT_TEMPORAL,False,0.65625,0.65625,0.65625,"[None, None, None, None]",0,True,,"2:6a1db02e31:[{""frame"":97,""point"":null,""update"":false},{""frame"":194,""point"":null,""update"":false},{""frame"":291,""point"":null,""update"":false},{""frame"":389,""point"":null,""update"":false}]",long_rvos/6a1db02e31/2/10,PREDICTED_CANDIDATE_POINT_STATIC,19.85173024237156,7643458048,success,False
long_rvos/6a1db02e31/2/11,long_rvos,6a1db02e31,2,11,hybrid,A boy in a white shirt lifts a girl on a grassy field near another girl in white.,ORACLE_CANDIDATE,True,0.8599391701516366,0.8568192308325026,0.8583792004920696,[6],,,,,,,,,,
long_rvos/6a1db02e31/2/11,long_rvos,6a1db02e31,2,11,hybrid,A boy in a white shirt lifts a girl on a grassy field near another girl in white.,ORACLE_ID_POINT,True,0.8497730696121615,0.8508179582903965,0.850295513951279,"[6, 6, 6, 6]",2,True,,"2:6a1db02e31:[{""frame"":97,""point"":null,""update"":false},{""frame"":194,""point"":null,""update"":false},{""frame"":291,""point"":[0.85546875,0.7912735849056604],""update"":true},{""frame"":389,""point"":[0.65859375,0.6969339622641509],""update"":true}]",long_rvos/6a1db02e31/2/5,ORACLE_ID_POINT,56.390703573822975,27901711360,success,False
long_rvos/6a1db02e31/2/11,long_rvos,6a1db02e31,2,11,hybrid,A boy in a white shirt lifts a girl on a grassy field near another girl in white.,PREDICTED_CANDIDATE_DIRECT_STATIC,False,0.5786891701516366,0.5755692308325026,0.5771292004920696,"[2, 2, 6, 6]",,,,,,,,,,
long_rvos/6a1db02e31/2/11,long_rvos,6a1db02e31,2,11,hybrid,A boy in a white shirt lifts a girl on a grassy field near another girl in white.,PREDICTED_CANDIDATE_DIRECT_TEMPORAL,False,0.5786891701516366,0.5755692308325026,0.5771292004920696,"[2, 2, 6, 6]",,,,,,,,,,
long_rvos/6a1db02e31/2/11,long_rvos,6a1db02e31,2,11,hybrid,A boy in a white shirt lifts a girl on a grassy field near another girl in white.,PREDICTED_CANDIDATE_POINT_STATIC,False,0.6232569763194373,0.6116334525865822,0.6174452144530098,"[2, 2, 6, 6]",4,False,,,,,150.66573271900415,47770285056,success,False
long_rvos/6a1db02e31/2/11,long_rvos,6a1db02e31,2,11,hybrid,A boy in a white shirt lifts a girl on a grassy field near another girl in white.,PREDICTED_CANDIDATE_POINT_TEMPORAL,False,0.6232569763194373,0.6116334525865822,0.6174452144530098,"[2, 2, 6, 6]",4,True,,"2:6a1db02e31:[{""frame"":97,""point"":[0.58671875,0.44221698113207547],""update"":true},{""frame"":194,""point"":[0.55546875,0.482311320754717],""update"":true},{""frame"":291,""point"":[0.85546875,0.7912735849056604],""update"":true},{""frame"":389,""point"":[0.65859375,0.6969339622641509],""update"":true}]",long_rvos/6a1db02e31/2/11,PREDICTED_CANDIDATE_POINT_STATIC,150.66573271900415,47770285056,success,False
long_rvos/6a1db02e31/2/4,long_rvos,6a1db02e31,2,4,static,"A tall Black boy wearing a white shirt, white pants, and black shoes.",ORACLE_CANDIDATE,True,0.0,0.0,0.0,[null],,,,,,,,,,
long_rvos/6a1db02e31/2/4,long_rvos,6a1db02e31,2,4,static,"A tall Black boy wearing a white shirt, white pants, and black shoes.",ORACLE_ID_POINT,True,0.65625,0.65625,0.65625,"[None, None, None, None]",0,True,,"2:6a1db02e31:[{""frame"":97,""point"":null,""update"":false},{""frame"":194,""point"":null,""update"":false},{""frame"":291,""point"":null,""update"":false},{""frame"":389,""point"":null,""update"":false}]",long_rvos/6a1db02e31/2/10,PREDICTED_CANDIDATE_POINT_STATIC,19.85173024237156,7643458048,success,False
long_rvos/6a1db02e31/2/4,long_rvos,6a1db02e31,2,4,static,"A tall Black boy wearing a white shirt, white pants, and black shoes.",PREDICTED_CANDIDATE_DIRECT_STATIC,False,0.65625,0.65625,0.65625,"[null, null, null, null]",,,,,,,,,,
long_rvos/6a1db02e31/2/4,long_rvos,6a1db02e31,2,4,static,"A tall Black boy wearing a white shirt, white pants, and black shoes.",PREDICTED_CANDIDATE_DIRECT_TEMPORAL,False,0.65625,0.65625,0.65625,"[null, null, null, null]",,,,,,,,,,
long_rvos/6a1db02e31/2/4,long_rvos,6a1db02e31,2,4,static,"A tall Black boy wearing a white shirt, white pants, and black shoes.",PREDICTED_CANDIDATE_POINT_STATIC,False,0.65625,0.65625,0.65625,"[None, None, None, None]",0,True,,"2:6a1db02e31:[{""frame"":97,""point"":null,""update"":false},{""frame"":194,""point"":null,""update"":false},{""frame"":291,""point"":null,""update"":false},{""frame"":389,""point"":null,""update"":false}]",long_rvos/6a1db02e31/2/10,PREDICTED_CANDIDATE_POINT_STATIC,19.85173024237156,7643458048,success,False
long_rvos/6a1db02e31/2/4,long_rvos,6a1db02e31,2,4,static,"A tall Black boy wearing a white shirt, white pants, and black shoes.",PREDICTED_CANDIDATE_POINT_TEMPORAL,False,0.65625,0.65625,0.65625,"[None, None, None, None]",0,True,,"2:6a1db02e31:[{""frame"":97,""point"":null,""update"":false},{""frame"":194,""point"":null,""update"":false},{""frame"":291,""point"":null,""update"":false},{""frame"":389,""point"":null,""update"":false}]",long_rvos/6a1db02e31/2/10,PREDICTED_CANDIDATE_POINT_STATIC,19.85173024237156,7643458048,success,False
long_rvos/6a1db02e31/2/5,long_rvos,6a1db02e31,2,5,dynamic,"The boy looks at the girl, holds the girl who is leaping toward him with his hands, and gives a thumbs up.",ORACLE_CANDIDATE,True,0.8599391701516366,0.8568192308325026,0.8583792004920696,[6],,,,,,,,,,
long_rvos/6a1db02e31/2/5,long_rvos,6a1db02e31,2,5,dynamic,"The boy looks at the girl, holds the girl who is leaping toward him with his hands, and gives a thumbs up.",ORACLE_ID_POINT,True,0.8497730696121615,0.8508179582903965,0.850295513951279,"[6, 6, 6, 6]",2,False,,,,,56.390703573822975,27901711360,success,False
long_rvos/6a1db02e31/2/5,long_rvos,6a1db02e31,2,5,dynamic,"The boy looks at the girl, holds the girl who is leaping toward him with his hands, and gives a thumbs up.",PREDICTED_CANDIDATE_DIRECT_STATIC,False,0.6411891701516366,0.6380692308325026,0.6396292004920696,"[0, 2, 6, 6]",,,,,,,,,,
long_rvos/6a1db02e31/2/5,long_rvos,6a1db02e31,2,5,dynamic,"The boy looks at the girl, holds the girl who is leaping toward him with his hands, and gives a thumbs up.",PREDICTED_CANDIDATE_DIRECT_TEMPORAL,False,0.6411891701516366,0.6380692308325026,0.6396292004920696,"[0, 2, 6, 6]",,,,,,,,,,
long_rvos/6a1db02e31/2/5,long_rvos,6a1db02e31,2,5,dynamic,"The boy looks at the girl, holds the girl who is leaping toward him with his hands, and gives a thumbs up.",PREDICTED_CANDIDATE_POINT_STATIC,False,0.869181394165705,0.8576017155242047,0.8633915548449549,"[0, 2, 6, 6]",3,False,,,,,93.9877845570445,38054523904,success,False
long_rvos/6a1db02e31/2/5,long_rvos,6a1db02e31,2,5,dynamic,"The boy looks at the girl, holds the girl who is leaping toward him with his hands, and gives a thumbs up.",PREDICTED_CANDIDATE_POINT_TEMPORAL,False,0.869181394165705,0.8576017155242047,0.8633915548449549,"[0, 2, 6, 6]",3,True,,"2:6a1db02e31:[{""frame"":97,""point"":null,""update"":false},{""frame"":194,""point"":[0.55546875,0.482311320754717],""update"":true},{""frame"":291,""point"":[0.85546875,0.7912735849056604],""update"":true},{""frame"":389,""point"":[0.65859375,0.6969339622641509],""update"":true}]",long_rvos/6a1db02e31/2/5,PREDICTED_CANDIDATE_POINT_STATIC,93.9877845570445,38054523904,success,False
long_rvos/6a1db02e31/2/6,long_rvos,6a1db02e31,2,6,static,"A boy wearing a white shirt, in front of a girl wearing a white shirt, on a grassy field.",ORACLE_CANDIDATE,True,0.681971260611749,0.6742007424809999,0.6780860015463744,[5],,,,,,,,,,
long_rvos/6a1db02e31/2/6,long_rvos,6a1db02e31,2,6,static,"A boy wearing a white shirt, in front of a girl wearing a white shirt, on a grassy field.",ORACLE_ID_POINT,True,0.65625,0.65625,0.65625,"[5, 5, 5, 5]",0,True,,"2:6a1db02e31:[{""frame"":97,""point"":null,""update"":false},{""frame"":194,""point"":null,""update"":false},{""frame"":291,""point"":null,""update"":false},{""frame"":389,""point"":null,""update"":false}]",long_rvos/6a1db02e31/2/10,PREDICTED_CANDIDATE_POINT_STATIC,19.85173024237156,7643458048,success,False
long_rvos/6a1db02e31/2/6,long_rvos,6a1db02e31,2,6,static,"A boy wearing a white shirt, in front of a girl wearing a white shirt, on a grassy field.",PREDICTED_CANDIDATE_DIRECT_STATIC,False,0.4578483978234583,0.45625662268708606,0.45705251025527216,"[0, 4, 0, 0]",,,,,,,,,,
long_rvos/6a1db02e31/2/6,long_rvos,6a1db02e31,2,6,static,"A boy wearing a white shirt, in front of a girl wearing a white shirt, on a grassy field.",PREDICTED_CANDIDATE_DIRECT_TEMPORAL,False,0.2859733978234583,0.28438162268708606,0.28517751025527216,"[1, 4, 0, 0]",,,,,,,,,,
long_rvos/6a1db02e31/2/6,long_rvos,6a1db02e31,2,6,static,"A boy wearing a white shirt, in front of a girl wearing a white shirt, on a grassy field.",PREDICTED_CANDIDATE_POINT_STATIC,False,0.65625,0.65625,0.65625,"[0, 4, 0, 0]",1,False,,,,,62.88803393393755,11680539136,success,False
long_rvos/6a1db02e31/2/6,long_rvos,6a1db02e31,2,6,static,"A boy wearing a white shirt, in front of a girl wearing a white shirt, on a grassy field.",PREDICTED_CANDIDATE_POINT_TEMPORAL,False,0.43078171312485525,0.48022470452840604,0.45550320882663065,"[1, 4, 0, 0]",2,False,,,,,104.61276867240667,47420618752,success,False
long_rvos/6a1db02e31/2/7,long_rvos,6a1db02e31,2,7,dynamic,The boy picks up the girl.,ORACLE_CANDIDATE,True,0.8599391701516366,0.8568192308325026,0.8583792004920696,[6],,,,,,,,,,
long_rvos/6a1db02e31/2/7,long_rvos,6a1db02e31,2,7,dynamic,The boy picks up the girl.,ORACLE_ID_POINT,True,0.8497730696121615,0.8508179582903965,0.850295513951279,"[6, 6, 6, 6]",2,True,,"2:6a1db02e31:[{""frame"":97,""point"":null,""update"":false},{""frame"":194,""point"":null,""update"":false},{""frame"":291,""point"":[0.85546875,0.7912735849056604],""update"":true},{""frame"":389,""point"":[0.65859375,0.6969339622641509],""update"":true}]",long_rvos/6a1db02e31/2/5,ORACLE_ID_POINT,56.390703573822975,27901711360,success,False
long_rvos/6a1db02e31/2/7,long_rvos,6a1db02e31,2,7,dynamic,The boy picks up the girl.,PREDICTED_CANDIDATE_DIRECT_STATIC,False,0.6411891701516366,0.6380692308325026,0.6396292004920696,"[0, 2, 6, 6]",,,,,,,,,,
long_rvos/6a1db02e31/2/7,long_rvos,6a1db02e31,2,7,dynamic,The boy picks up the girl.,PREDICTED_CANDIDATE_DIRECT_TEMPORAL,False,0.8599391701516366,0.8568192308325026,0.8583792004920696,"[0, 0, 6, 6]",,,,,,,,,,
long_rvos/6a1db02e31/2/7,long_rvos,6a1db02e31,2,7,dynamic,The boy picks up the girl.,PREDICTED_CANDIDATE_POINT_STATIC,False,0.869181394165705,0.8576017155242047,0.8633915548449549,"[0, 2, 6, 6]",3,True,,"2:6a1db02e31:[{""frame"":97,""point"":null,""update"":false},{""frame"":194,""point"":[0.55546875,0.482311320754717],""update"":true},{""frame"":291,""point"":[0.85546875,0.7912735849056604],""update"":true},{""frame"":389,""point"":[0.65859375,0.6969339622641509],""update"":true}]",long_rvos/6a1db02e31/2/5,PREDICTED_CANDIDATE_POINT_STATIC,93.9877845570445,38054523904,success,False
long_rvos/6a1db02e31/2/7,long_rvos,6a1db02e31,2,7,dynamic,The boy picks up the girl.,PREDICTED_CANDIDATE_POINT_TEMPORAL,False,0.8497730696121615,0.8508179582903965,0.850295513951279,"[0, 0, 6, 6]",2,True,,"2:6a1db02e31:[{""frame"":97,""point"":null,""update"":false},{""frame"":194,""point"":null,""update"":false},{""frame"":291,""point"":[0.85546875,0.7912735849056604],""update"":true},{""frame"":389,""point"":[0.65859375,0.6969339622641509],""update"":true}]",long_rvos/6a1db02e31/2/5,ORACLE_ID_POINT,56.390703573822975,27901711360,success,False
long_rvos/6bf32cc0d5/2/12,long_rvos,6bf32cc0d5,2,12,hybrid,A brown teddy bear is lying on the bed.,ORACLE_CANDIDATE,True,0.561803256811225,0.5775102504344098,0.5696567536228174,[12],,,,,,,,,,
long_rvos/6bf32cc0d5/2/12,long_rvos,6bf32cc0d5,2,12,hybrid,A brown teddy bear is lying on the bed.,ORACLE_ID_POINT,True,0.6275283281185167,0.6111949456831998,0.6193616369008582,"[12, 12, 12, 12]",2,False,,,,,66.73159131407738,31246276608,success,False
long_rvos/6bf32cc0d5/2/12,long_rvos,6bf32cc0d5,2,12,hybrid,A brown teddy bear is lying on the bed.,PREDICTED_CANDIDATE_DIRECT_STATIC,False,0.45618903161535307,0.45755816503790103,0.45687359832662705,"[0, 0, 12, 12]",,,,,,,,,,
long_rvos/6bf32cc0d5/2/12,long_rvos,6bf32cc0d5,2,12,hybrid,A brown teddy bear is lying on the bed.,PREDICTED_CANDIDATE_DIRECT_TEMPORAL,False,0.45618903161535307,0.45755816503790103,0.45687359832662705,"[0, 0, 12, 12]",,,,,,,,,,
long_rvos/6bf32cc0d5/2/12,long_rvos,6bf32cc0d5,2,12,hybrid,A brown teddy bear is lying on the bed.,PREDICTED_CANDIDATE_POINT_STATIC,False,0.6782821161635018,0.6272234350574655,0.6527527756104836,"[0, 0, 12, 12]",4,False,,,,,166.20397166907787,54095628288,success,False
long_rvos/6bf32cc0d5/2/12,long_rvos,6bf32cc0d5,2,12,hybrid,A brown teddy bear is lying on the bed.,PREDICTED_CANDIDATE_POINT_TEMPORAL,False,0.6782821161635018,0.6272234350574655,0.6527527756104836,"[0, 0, 12, 12]",4,True,,"2:6bf32cc0d5:[{""frame"":112,""point"":[0.99921875,0.7572916666666667],""update"":true},{""frame"":224,""point"":[0.89296875,0.859375],""update"":true},{""frame"":336,""point"":[0.00078125,0.609375],""update"":true},{""frame"":449,""point"":[0.12890625,0.9989583333333333],""update"":true}]",long_rvos/6bf32cc0d5/2/12,PREDICTED_CANDIDATE_POINT_STATIC,166.20397166907787,54095628288,success,False
long_rvos/6bf32cc0d5/2/4,long_rvos,6bf32cc0d5,2,4,static,"A brown teddy bear, to the right of a child and a pink towel, in a crib.",ORACLE_CANDIDATE,True,0.561803256811225,0.5775102504344098,0.5696567536228174,[12],,,,,,,,,,
long_rvos/6bf32cc0d5/2/4,long_rvos,6bf32cc0d5,2,4,static,"A brown teddy bear, to the right of a child and a pink towel, in a crib.",ORACLE_ID_POINT,True,0.6275283281185167,0.6111949456831998,0.6193616369008582,"[12, 12, 12, 12]",2,True,,"2:6bf32cc0d5:[{""frame"":112,""point"":null,""update"":false},{""frame"":224,""point"":null,""update"":false},{""frame"":336,""point"":[0.00078125,0.609375],""update"":true},{""frame"":449,""point"":[0.12890625,0.9989583333333333],""update"":true}]",long_rvos/6bf32cc0d5/2/12,ORACLE_ID_POINT,66.73159131407738,31246276608,success,False
long_rvos/6bf32cc0d5/2/4,long_rvos,6bf32cc0d5,2,4,static,"A brown teddy bear, to the right of a child and a pink towel, in a crib.",PREDICTED_CANDIDATE_DIRECT_STATIC,False,0.45618903161535307,0.45755816503790103,0.45687359832662705,"[0, 0, 12, 12]",,,,,,,,,,
long_rvos/6bf32cc0d5/2/4,long_rvos,6bf32cc0d5,2,4,static,"A brown teddy bear, to the right of a child and a pink towel, in a crib.",PREDICTED_CANDIDATE_DIRECT_TEMPORAL,False,0.5614804581685224,0.5469199314363145,0.5542001948024184,"[0, 0, 0, 12]",,,,,,,,,,
long_rvos/6bf32cc0d5/2/4,long_rvos,6bf32cc0d5,2,4,static,"A brown teddy bear, to the right of a child and a pink towel, in a crib.",PREDICTED_CANDIDATE_POINT_STATIC,False,0.6782821161635018,0.6272234350574655,0.6527527756104836,"[0, 0, 12, 12]",4,True,,"2:6bf32cc0d5:[{""frame"":112,""point"":[0.99921875,0.7572916666666667],""update"":true},{""frame"":224,""point"":[0.89296875,0.859375],""update"":true},{""frame"":336,""point"":[0.00078125,0.609375],""update"":true},{""frame"":449,""point"":[0.12890625,0.9989583333333333],""update"":true}]",long_rvos/6bf32cc0d5/2/12,PREDICTED_CANDIDATE_POINT_STATIC,166.20397166907787,54095628288,success,False
long_rvos/6bf32cc0d5/2/4,long_rvos,6bf32cc0d5,2,4,static,"A brown teddy bear, to the right of a child and a pink towel, in a crib.",PREDICTED_CANDIDATE_POINT_TEMPORAL,False,0.6730654131696014,0.6221911169596694,0.6476282650646354,"[0, 0, 0, 12]",3,False,,,,,137.6861108019948,53754620928,success,False
long_rvos/6bf32cc0d5/2/5,long_rvos,6bf32cc0d5,2,5,static,"A brown teddy bear, with a messy bed behind and a pink plush toy to its right.",ORACLE_CANDIDATE,True,0.561803256811225,0.5775102504344098,0.5696567536228174,[12],,,,,,,,,,
long_rvos/6bf32cc0d5/2/5,long_rvos,6bf32cc0d5,2,5,static,"A brown teddy bear, with a messy bed behind and a pink plush toy to its right.",ORACLE_ID_POINT,True,0.6275283281185167,0.6111949456831998,0.6193616369008582,"[12, 12, 12, 12]",2,True,,"2:6bf32cc0d5:[{""frame"":112,""point"":null,""update"":false},{""frame"":224,""point"":null,""update"":false},{""frame"":336,""point"":[0.00078125,0.609375],""update"":true},{""frame"":449,""point"":[0.12890625,0.9989583333333333],""update"":true}]",long_rvos/6bf32cc0d5/2/12,ORACLE_ID_POINT,66.73159131407738,31246276608,success,False
long_rvos/6bf32cc0d5/2/5,long_rvos,6bf32cc0d5,2,5,static,"A brown teddy bear, with a messy bed behind and a pink plush toy to its right.",PREDICTED_CANDIDATE_DIRECT_STATIC,False,0.45618903161535307,0.45755816503790103,0.45687359832662705,"[0, 0, 12, 12]",,,,,,,,,,
long_rvos/6bf32cc0d5/2/5,long_rvos,6bf32cc0d5,2,5,static,"A brown teddy bear, with a messy bed behind and a pink plush toy to its right.",PREDICTED_CANDIDATE_DIRECT_TEMPORAL,False,0.45618903161535307,0.45755816503790103,0.45687359832662705,"[0, 0, 12, 12]",,,,,,,,,,
long_rvos/6bf32cc0d5/2/5,long_rvos,6bf32cc0d5,2,5,static,"A brown teddy bear, with a messy bed behind and a pink plush toy to its right.",PREDICTED_CANDIDATE_POINT_STATIC,False,0.6782821161635018,0.6272234350574655,0.6527527756104836,"[0, 0, 12, 12]",4,True,,"2:6bf32cc0d5:[{""frame"":112,""point"":[0.99921875,0.7572916666666667],""update"":true},{""frame"":224,""point"":[0.89296875,0.859375],""update"":true},{""frame"":336,""point"":[0.00078125,0.609375],""update"":true},{""frame"":449,""point"":[0.12890625,0.9989583333333333],""update"":true}]",long_rvos/6bf32cc0d5/2/12,PREDICTED_CANDIDATE_POINT_STATIC,166.20397166907787,54095628288,success,False
long_rvos/6bf32cc0d5/2/5,long_rvos,6bf32cc0d5,2,5,static,"A brown teddy bear, with a messy bed behind and a pink plush toy to its right.",PREDICTED_CANDIDATE_POINT_TEMPORAL,False,0.6782821161635018,0.6272234350574655,0.6527527756104836,"[0, 0, 12, 12]",4,True,,"2:6bf32cc0d5:[{""frame"":112,""point"":[0.99921875,0.7572916666666667],""update"":true},{""frame"":224,""point"":[0.89296875,0.859375],""update"":true},{""frame"":336,""point"":[0.00078125,0.609375],""update"":true},{""frame"":449,""point"":[0.12890625,0.9989583333333333],""update"":true}]",long_rvos/6bf32cc0d5/2/12,PREDICTED_CANDIDATE_POINT_STATIC,166.20397166907787,54095628288,success,False
long_rvos/6bf32cc0d5/2/6,long_rvos,6bf32cc0d5,2,6,dynamic,The largest teddy bear is lying on the bed.,ORACLE_CANDIDATE,True,0.735399143787265,0.7179286531462472,0.7266638984667562,[3],,,,,,,,,,
long_rvos/6bf32cc0d5/2/6,long_rvos,6bf32cc0d5,2,6,dynamic,The largest teddy bear is lying on the bed.,ORACLE_ID_POINT,True,0.6274932492812566,0.6110920229927538,0.6192926361370052,"[3, 3, 3, 3]",2,False,,,,,67.0082135796547,31246276608,success,False
long_rvos/6bf32cc0d5/2/6,long_rvos,6bf32cc0d5,2,6,dynamic,The largest teddy bear is lying on the bed.,PREDICTED_CANDIDATE_DIRECT_STATIC,False,0.6799709579811191,0.6518486761131487,0.6659098170471338,"[1, 1, 3, 3]",,,,,,,,,,
long_rvos/6bf32cc0d5/2/6,long_rvos,6bf32cc0d5,2,6,dynamic,The largest teddy bear is lying on the bed.,PREDICTED_CANDIDATE_DIRECT_TEMPORAL,False,0.6799709579811191,0.6518486761131487,0.6659098170471338,"[1, 1, 3, 3]",,,,,,,,,,
long_rvos/6bf32cc0d5/2/6,long_rvos,6bf32cc0d5,2,6,dynamic,The largest teddy bear is lying on the bed.,PREDICTED_CANDIDATE_POINT_STATIC,False,0.6780807916680512,0.6282570060194796,0.6531688988437654,"[1, 1, 3, 3]",4,False,,,,,170.2835799306631,54095628288,success,False
long_rvos/6bf32cc0d5/2/6,long_rvos,6bf32cc0d5,2,6,dynamic,The largest teddy bear is lying on the bed.,PREDICTED_CANDIDATE_POINT_TEMPORAL,False,0.6780807916680512,0.6282570060194796,0.6531688988437654,"[1, 1, 3, 3]",4,True,,"2:6bf32cc0d5:[{""frame"":112,""point"":[0.99921875,0.7572916666666667],""update"":true},{""frame"":224,""point"":[0.89296875,0.859375],""update"":true},{""frame"":336,""point"":[0.00078125,0.6072916666666667],""update"":true},{""frame"":449,""point"":[0.13984375,0.9989583333333333],""update"":true}]",long_rvos/6bf32cc0d5/2/6,PREDICTED_CANDIDATE_POINT_STATIC,170.2835799306631,54095628288,success,False
long_rvos/6d76f5cbc2/1/0,long_rvos,6d76f5cbc2,1,0,static,"A man wearing a suit, standing in front of the screen.",ORACLE_CANDIDATE,True,0.9173700224010118,0.9621272854947225,0.9397486539478672,[3],,,,,,,,,,
long_rvos/6d76f5cbc2/1/0,long_rvos,6d76f5cbc2,1,0,static,"A man wearing a suit, standing in front of the screen.",ORACLE_ID_POINT,True,0.6594261390937477,0.6863728272722222,0.6728994831829849,"[3, 3, 3, 3]",3,True,,"1:6d76f5cbc2:[{""frame"":134,""point"":[0.30234375,0.5052083333333334],""update"":true},{""frame"":269,""point"":[0.29140625,0.6010416666666667],""update"":true},{""frame"":404,""point"":null,""update"":false},{""frame"":539,""point"":[0.27421875,0.665625],""update"":true}]",long_rvos/6d76f5cbc2/1/1,ORACLE_ID_POINT,180.38683962076902,63236608000,success,False
long_rvos/6d76f5cbc2/1/0,long_rvos,6d76f5cbc2,1,0,static,"A man wearing a suit, standing in front of the screen.",PREDICTED_CANDIDATE_DIRECT_STATIC,False,0.8041927051132359,0.8506521750394487,0.8274224400763424,"[3, 3, 0, 3]",,,,,,,,,,
long_rvos/6d76f5cbc2/1/0,long_rvos,6d76f5cbc2,1,0,static,"A man wearing a suit, standing in front of the screen.",PREDICTED_CANDIDATE_DIRECT_TEMPORAL,False,0.7573177051132359,0.8037771750394487,0.7805474400763424,"[3, 3, 5, 3]",,,,,,,,,,
long_rvos/6d76f5cbc2/1/0,long_rvos,6d76f5cbc2,1,0,static,"A man wearing a suit, standing in front of the screen.",PREDICTED_CANDIDATE_POINT_STATIC,False,0.6594261390937477,0.6863728272722222,0.6728994831829849,"[3, 3, 0, 3]",3,True,,"1:6d76f5cbc2:[{""frame"":134,""point"":[0.30234375,0.5052083333333334],""update"":true},{""frame"":269,""point"":[0.29140625,0.6010416666666667],""update"":true},{""frame"":404,""point"":null,""update"":false},{""frame"":539,""point"":[0.27421875,0.665625],""update"":true}]",long_rvos/6d76f5cbc2/1/1,ORACLE_ID_POINT,180.38683962076902,63236608000,success,False
long_rvos/6d76f5cbc2/1/0,long_rvos,6d76f5cbc2,1,0,static,"A man wearing a suit, standing in front of the screen.",PREDICTED_CANDIDATE_POINT_TEMPORAL,False,0.5560525591038695,0.5856794209791438,0.5708659900415067,"[3, 3, 5, 3]",4,True,,"1:6d76f5cbc2:[{""frame"":134,""point"":[0.30234375,0.5052083333333334],""update"":true},{""frame"":269,""point"":[0.29140625,0.6010416666666667],""update"":true},{""frame"":404,""point"":[0.56796875,0.7197916666666667],""update"":true},{""frame"":539,""point"":[0.27421875,0.665625],""update"":true}]",long_rvos/6d76f5cbc2/1/1,PREDICTED_CANDIDATE_POINT_STATIC,200.9432798922062,63535016960,success,False
long_rvos/6d76f5cbc2/1/1,long_rvos,6d76f5cbc2,1,1,dynamic,The man is holding a microphone and reading from a script.,ORACLE_CANDIDATE,True,0.9173700224010118,0.9621272854947225,0.9397486539478672,[3],,,,,,,,,,
long_rvos/6d76f5cbc2/1/1,long_rvos,6d76f5cbc2,1,1,dynamic,The man is holding a microphone and reading from a script.,ORACLE_ID_POINT,True,0.6594261390937477,0.6863728272722222,0.6728994831829849,"[3, 3, 3, 3]",3,False,,,,,180.38683962076902,63236608000,success,False
long_rvos/6d76f5cbc2/1/1,long_rvos,6d76f5cbc2,1,1,dynamic,The man is holding a microphone and reading from a script.,PREDICTED_CANDIDATE_DIRECT_STATIC,False,0.7573177051132359,0.8037771750394487,0.7805474400763424,"[3, 3, 5, 3]",,,,,,,,,,
long_rvos/6d76f5cbc2/1/1,long_rvos,6d76f5cbc2,1,1,dynamic,The man is holding a microphone and reading from a script.,PREDICTED_CANDIDATE_DIRECT_TEMPORAL,False,0.7573177051132359,0.8037771750394487,0.7805474400763424,"[3, 3, 5, 3]",,,,,,,,,,
long_rvos/6d76f5cbc2/1/1,long_rvos,6d76f5cbc2,1,1,dynamic,The man is holding a microphone and reading from a script.,PREDICTED_CANDIDATE_POINT_STATIC,False,0.5560525591038695,0.5856794209791438,0.5708659900415067,"[3, 3, 5, 3]",4,False,,,,,200.9432798922062,63535016960,success,False
long_rvos/6d76f5cbc2/1/1,long_rvos,6d76f5cbc2,1,1,dynamic,The man is holding a microphone and reading from a script.,PREDICTED_CANDIDATE_POINT_TEMPORAL,False,0.5560525591038695,0.5856794209791438,0.5708659900415067,"[3, 3, 5, 3]",4,True,,"1:6d76f5cbc2:[{""frame"":134,""point"":[0.30234375,0.5052083333333334],""update"":true},{""frame"":269,""point"":[0.29140625,0.6010416666666667],""update"":true},{""frame"":404,""point"":[0.56796875,0.7197916666666667],""update"":true},{""frame"":539,""point"":[0.27421875,0.665625],""update"":true}]",long_rvos/6d76f5cbc2/1/1,PREDICTED_CANDIDATE_POINT_STATIC,200.9432798922062,63535016960,success,False
long_rvos/6d76f5cbc2/1/2,long_rvos,6d76f5cbc2,1,2,static,"A man in a suit holding a microphone, with a piece of paper in his hand, with a screen behind him.",ORACLE_CANDIDATE,True,0.9173700224010118,0.9621272854947225,0.9397486539478672,[3],,,,,,,,,,
long_rvos/6d76f5cbc2/1/2,long_rvos,6d76f5cbc2,1,2,static,"A man in a suit holding a microphone, with a piece of paper in his hand, with a screen behind him.",ORACLE_ID_POINT,True,0.6594261390937477,0.6863728272722222,0.6728994831829849,"[3, 3, 3, 3]",3,True,,"1:6d76f5cbc2:[{""frame"":134,""point"":[0.30234375,0.5052083333333334],""update"":true},{""frame"":269,""point"":[0.29140625,0.6010416666666667],""update"":true},{""frame"":404,""point"":null,""update"":false},{""frame"":539,""point"":[0.27421875,0.665625],""update"":true}]",long_rvos/6d76f5cbc2/1/1,ORACLE_ID_POINT,180.38683962076902,63236608000,success,False
long_rvos/6d76f5cbc2/1/2,long_rvos,6d76f5cbc2,1,2,static,"A man in a suit holding a microphone, with a piece of paper in his hand, with a screen behind him.",PREDICTED_CANDIDATE_DIRECT_STATIC,False,0.8041927051132359,0.8506521750394487,0.8274224400763424,"[3, 3, 0, 3]",,,,,,,,,,
long_rvos/6d76f5cbc2/1/2,long_rvos,6d76f5cbc2,1,2,static,"A man in a suit holding a microphone, with a piece of paper in his hand, with a screen behind him.",PREDICTED_CANDIDATE_DIRECT_TEMPORAL,False,0.7573177051132359,0.8037771750394487,0.7805474400763424,"[3, 3, 5, 3]",,,,,,,,,,
long_rvos/6d76f5cbc2/1/2,long_rvos,6d76f5cbc2,1,2,static,"A man in a suit holding a microphone, with a piece of paper in his hand, with a screen behind him.",PREDICTED_CANDIDATE_POINT_STATIC,False,0.6594261390937477,0.6863728272722222,0.6728994831829849,"[3, 3, 0, 3]",3,True,,"1:6d76f5cbc2:[{""frame"":134,""point"":[0.30234375,0.5052083333333334],""update"":true},{""frame"":269,""point"":[0.29140625,0.6010416666666667],""update"":true},{""frame"":404,""point"":null,""update"":false},{""frame"":539,""point"":[0.27421875,0.665625],""update"":true}]",long_rvos/6d76f5cbc2/1/1,ORACLE_ID_POINT,180.38683962076902,63236608000,success,False
long_rvos/6d76f5cbc2/1/2,long_rvos,6d76f5cbc2,1,2,static,"A man in a suit holding a microphone, with a piece of paper in his hand, with a screen behind him.",PREDICTED_CANDIDATE_POINT_TEMPORAL,False,0.5560525591038695,0.5856794209791438,0.5708659900415067,"[3, 3, 5, 3]",4,True,,"1:6d76f5cbc2:[{""frame"":134,""point"":[0.30234375,0.5052083333333334],""update"":true},{""frame"":269,""point"":[0.29140625,0.6010416666666667],""update"":true},{""frame"":404,""point"":[0.56796875,0.7197916666666667],""update"":true},{""frame"":539,""point"":[0.27421875,0.665625],""update"":true}]",long_rvos/6d76f5cbc2/1/1,PREDICTED_CANDIDATE_POINT_STATIC,200.9432798922062,63535016960,success,False
long_rvos/6d76f5cbc2/1/3,long_rvos,6d76f5cbc2,1,3,dynamic,"The man is looking at the screen, speaking, and changing the content on the screen.",ORACLE_CANDIDATE,True,0.9173700224010118,0.9621272854947225,0.9397486539478672,[3],,,,,,,,,,
long_rvos/6d76f5cbc2/1/3,long_rvos,6d76f5cbc2,1,3,dynamic,"The man is looking at the screen, speaking, and changing the content on the screen.",ORACLE_ID_POINT,True,0.6594261390937477,0.6863728272722222,0.6728994831829849,"[3, 3, 3, 3]",3,True,,"1:6d76f5cbc2:[{""frame"":134,""point"":[0.30234375,0.5052083333333334],""update"":true},{""frame"":269,""point"":[0.29140625,0.6010416666666667],""update"":true},{""frame"":404,""point"":null,""update"":false},{""frame"":539,""point"":[0.27421875,0.665625],""update"":true}]",long_rvos/6d76f5cbc2/1/1,ORACLE_ID_POINT,180.38683962076902,63236608000,success,False
long_rvos/6d76f5cbc2/1/3,long_rvos,6d76f5cbc2,1,3,dynamic,"The man is looking at the screen, speaking, and changing the content on the screen.",PREDICTED_CANDIDATE_DIRECT_STATIC,False,0.7573177051132359,0.8037771750394487,0.7805474400763424,"[3, 3, 5, 3]",,,,,,,,,,
long_rvos/6d76f5cbc2/1/3,long_rvos,6d76f5cbc2,1,3,dynamic,"The man is looking at the screen, speaking, and changing the content on the screen.",PREDICTED_CANDIDATE_DIRECT_TEMPORAL,False,0.7573177051132359,0.8037771750394487,0.7805474400763424,"[3, 3, 5, 3]",,,,,,,,,,
long_rvos/6d76f5cbc2/1/3,long_rvos,6d76f5cbc2,1,3,dynamic,"The man is looking at the screen, speaking, and changing the content on the screen.",PREDICTED_CANDIDATE_POINT_STATIC,False,0.5560525591038695,0.5856794209791438,0.5708659900415067,"[3, 3, 5, 3]",4,True,,"1:6d76f5cbc2:[{""frame"":134,""point"":[0.30234375,0.5052083333333334],""update"":true},{""frame"":269,""point"":[0.29140625,0.6010416666666667],""update"":true},{""frame"":404,""point"":[0.56796875,0.7197916666666667],""update"":true},{""frame"":539,""point"":[0.27421875,0.665625],""update"":true}]",long_rvos/6d76f5cbc2/1/1,PREDICTED_CANDIDATE_POINT_STATIC,200.9432798922062,63535016960,success,False
long_rvos/6d76f5cbc2/1/3,long_rvos,6d76f5cbc2,1,3,dynamic,"The man is looking at the screen, speaking, and changing the content on the screen.",PREDICTED_CANDIDATE_POINT_TEMPORAL,False,0.5560525591038695,0.5856794209791438,0.5708659900415067,"[3, 3, 5, 3]",4,True,,"1:6d76f5cbc2:[{""frame"":134,""point"":[0.30234375,0.5052083333333334],""update"":true},{""frame"":269,""point"":[0.29140625,0.6010416666666667],""update"":true},{""frame"":404,""point"":[0.56796875,0.7197916666666667],""update"":true},{""frame"":539,""point"":[0.27421875,0.665625],""update"":true}]",long_rvos/6d76f5cbc2/1/1,PREDICTED_CANDIDATE_POINT_STATIC,200.9432798922062,63535016960,success,False
long_rvos/6d76f5cbc2/1/8,long_rvos,6d76f5cbc2,1,8,hybrid,"A man wearing a suit, holding a microphone and reading from a script.",ORACLE_CANDIDATE,True,0.9173700224010118,0.9621272854947225,0.9397486539478672,[3],,,,,,,,,,
long_rvos/6d76f5cbc2/1/8,long_rvos,6d76f5cbc2,1,8,hybrid,"A man wearing a suit, holding a microphone and reading from a script.",ORACLE_ID_POINT,True,0.6594261390937477,0.6863728272722222,0.6728994831829849,"[3, 3, 3, 3]",3,True,,"1:6d76f5cbc2:[{""frame"":134,""point"":[0.30234375,0.5052083333333334],""update"":true},{""frame"":269,""point"":[0.29140625,0.6010416666666667],""update"":true},{""frame"":404,""point"":null,""update"":false},{""frame"":539,""point"":[0.27421875,0.665625],""update"":true}]",long_rvos/6d76f5cbc2/1/1,ORACLE_ID_POINT,180.38683962076902,63236608000,success,False
long_rvos/6d76f5cbc2/1/8,long_rvos,6d76f5cbc2,1,8,hybrid,"A man wearing a suit, holding a microphone and reading from a script.",PREDICTED_CANDIDATE_DIRECT_STATIC,False,0.8041927051132359,0.8506521750394487,0.8274224400763424,"[3, 3, 0, 3]",,,,,,,,,,
long_rvos/6d76f5cbc2/1/8,long_rvos,6d76f5cbc2,1,8,hybrid,"A man wearing a suit, holding a microphone and reading from a script.",PREDICTED_CANDIDATE_DIRECT_TEMPORAL,False,0.7573177051132359,0.8037771750394487,0.7805474400763424,"[3, 3, 5, 3]",,,,,,,,,,
long_rvos/6d76f5cbc2/1/8,long_rvos,6d76f5cbc2,1,8,hybrid,"A man wearing a suit, holding a microphone and reading from a script.",PREDICTED_CANDIDATE_POINT_STATIC,False,0.6594261390937477,0.6863728272722222,0.6728994831829849,"[3, 3, 0, 3]",3,True,,"1:6d76f5cbc2:[{""frame"":134,""point"":[0.30234375,0.5052083333333334],""update"":true},{""frame"":269,""point"":[0.29140625,0.6010416666666667],""update"":true},{""frame"":404,""point"":null,""update"":false},{""frame"":539,""point"":[0.27421875,0.665625],""update"":true}]",long_rvos/6d76f5cbc2/1/1,ORACLE_ID_POINT,180.38683962076902,63236608000,success,False
long_rvos/6d76f5cbc2/1/8,long_rvos,6d76f5cbc2,1,8,hybrid,"A man wearing a suit, holding a microphone and reading from a script.",PREDICTED_CANDIDATE_POINT_TEMPORAL,False,0.5560525591038695,0.5856794209791438,0.5708659900415067,"[3, 3, 5, 3]",4,True,,"1:6d76f5cbc2:[{""frame"":134,""point"":[0.30234375,0.5052083333333334],""update"":true},{""frame"":269,""point"":[0.29140625,0.6010416666666667],""update"":true},{""frame"":404,""point"":[0.56796875,0.7197916666666667],""update"":true},{""frame"":539,""point"":[0.27421875,0.665625],""update"":true}]",long_rvos/6d76f5cbc2/1/1,PREDICTED_CANDIDATE_POINT_STATIC,200.9432798922062,63535016960,success,False
long_rvos/6d76f5cbc2/1/9,long_rvos,6d76f5cbc2,1,9,hybrid,"A suited man holds a microphone, looks at the screen, and changes its content.",ORACLE_CANDIDATE,True,0.8893359327010204,0.9327134819173186,0.9110247073091695,[1],,,,,,,,,,
long_rvos/6d76f5cbc2/1/9,long_rvos,6d76f5cbc2,1,9,hybrid,"A suited man holds a microphone, looks at the screen, and changes its content.",ORACLE_ID_POINT,True,0.6592312651694537,0.686093511711271,0.6726623884403624,"[1, 1, 1, 1]",3,True,,"1:6d76f5cbc2:[{""frame"":134,""point"":[0.30703125,0.503125],""update"":true},{""frame"":269,""point"":[0.29140625,0.6010416666666667],""update"":true},{""frame"":404,""point"":null,""update"":false},{""frame"":539,""point"":[0.24296875,0.6864583333333333],""update"":true}]",long_rvos/6d76f5cbc2/1/9,PREDICTED_CANDIDATE_POINT_STATIC,165.4162976667285,63236608000,success,False
long_rvos/6d76f5cbc2/1/9,long_rvos,6d76f5cbc2,1,9,hybrid,"A suited man holds a microphone, looks at the screen, and changes its content.",PREDICTED_CANDIDATE_DIRECT_STATIC,False,0.7888047043834712,0.8332199299786948,0.811012317181083,"[1, 1, 0, 1]",,,,,,,,,,
long_rvos/6d76f5cbc2/1/9,long_rvos,6d76f5cbc2,1,9,hybrid,"A suited man holds a microphone, looks at the screen, and changes its content.",PREDICTED_CANDIDATE_DIRECT_TEMPORAL,False,0.7888047043834712,0.8332199299786948,0.811012317181083,"[1, 1, 0, 1]",,,,,,,,,,
long_rvos/6d76f5cbc2/1/9,long_rvos,6d76f5cbc2,1,9,hybrid,"A suited man holds a microphone, looks at the screen, and changes its content.",PREDICTED_CANDIDATE_POINT_STATIC,False,0.6592312651694537,0.686093511711271,0.6726623884403624,"[1, 1, 0, 1]",3,False,,,,,165.4162976667285,63236608000,success,False
long_rvos/6d76f5cbc2/1/9,long_rvos,6d76f5cbc2,1,9,hybrid,"A suited man holds a microphone, looks at the screen, and changes its content.",PREDICTED_CANDIDATE_POINT_TEMPORAL,False,0.6592312651694537,0.686093511711271,0.6726623884403624,"[1, 1, 0, 1]",3,True,,"1:6d76f5cbc2:[{""frame"":134,""point"":[0.30703125,0.503125],""update"":true},{""frame"":269,""point"":[0.29140625,0.6010416666666667],""update"":true},{""frame"":404,""point"":null,""update"":false},{""frame"":539,""point"":[0.24296875,0.6864583333333333],""update"":true}]",long_rvos/6d76f5cbc2/1/9,PREDICTED_CANDIDATE_POINT_STATIC,165.4162976667285,63236608000,success,False
long_rvos/6db18ab93a/1/0,long_rvos,6db18ab93a,1,0,static,"A child in a blue striped shirt, next to a man, with a TV in front of them.",ORACLE_CANDIDATE,True,0.8161361125745993,0.7813232760909318,0.7987296943327655,[0],,,,,,,,,,
long_rvos/6db18ab93a/1/0,long_rvos,6db18ab93a,1,0,static,"A child in a blue striped shirt, next to a man, with a TV in front of them.",ORACLE_ID_POINT,True,0.7673928428966399,0.7245547197731996,0.7459737813349198,"[0, 0, 0, 0]",3,True,,"1:6db18ab93a:[{""frame"":72,""point"":[0.690625,0.5875],""update"":true},{""frame"":145,""point"":[0.615625,0.7041666666666667],""update"":true},{""frame"":218,""point"":null,""update"":false},{""frame"":291,""point"":[0.746875,0.6625],""update"":true}]",long_rvos/6db18ab93a/1/1,PREDICTED_CANDIDATE_POINT_STATIC,97.54642387479544,37109248000,success,False
long_rvos/6db18ab93a/1/0,long_rvos,6db18ab93a,1,0,static,"A child in a blue striped shirt, next to a man, with a TV in front of them.",PREDICTED_CANDIDATE_DIRECT_STATIC,False,0.8161361125745993,0.7813232760909318,0.7987296943327655,"[0, 0, 0, 0]",,,,,,,,,,
long_rvos/6db18ab93a/1/0,long_rvos,6db18ab93a,1,0,static,"A child in a blue striped shirt, next to a man, with a TV in front of them.",PREDICTED_CANDIDATE_DIRECT_TEMPORAL,False,0.8161361125745993,0.7813232760909318,0.7987296943327655,"[0, 0, 0, 0]",,,,,,,,,,
long_rvos/6db18ab93a/1/0,long_rvos,6db18ab93a,1,0,static,"A child in a blue striped shirt, next to a man, with a TV in front of them.",PREDICTED_CANDIDATE_POINT_STATIC,False,0.7673928428966399,0.7245547197731996,0.7459737813349198,"[0, 0, 0, 0]",3,True,,"1:6db18ab93a:[{""frame"":72,""point"":[0.690625,0.5875],""update"":true},{""frame"":145,""point"":[0.615625,0.7041666666666667],""update"":true},{""frame"":218,""point"":null,""update"":false},{""frame"":291,""point"":[0.746875,0.6625],""update"":true}]",long_rvos/6db18ab93a/1/1,PREDICTED_CANDIDATE_POINT_STATIC,97.54642387479544,37109248000,success,False
long_rvos/6db18ab93a/1/0,long_rvos,6db18ab93a,1,0,static,"A child in a blue striped shirt, next to a man, with a TV in front of them.",PREDICTED_CANDIDATE_POINT_TEMPORAL,False,0.7673928428966399,0.7245547197731996,0.7459737813349198,"[0, 0, 0, 0]",3,True,,"1:6db18ab93a:[{""frame"":72,""point"":[0.690625,0.5875],""update"":true},{""frame"":145,""point"":[0.615625,0.7041666666666667],""update"":true},{""frame"":218,""point"":null,""update"":false},{""frame"":291,""point"":[0.746875,0.6625],""update"":true}]",long_rvos/6db18ab93a/1/1,PREDICTED_CANDIDATE_POINT_STATIC,97.54642387479544,37109248000,success,False
long_rvos/6db18ab93a/1/1,long_rvos,6db18ab93a,1,1,dynamic,The child is watching TV and dancing around.,ORACLE_CANDIDATE,True,0.8161361125745993,0.7813232760909318,0.7987296943327655,[0],,,,,,,,,,
long_rvos/6db18ab93a/1/1,long_rvos,6db18ab93a,1,1,dynamic,The child is watching TV and dancing around.,ORACLE_ID_POINT,True,0.7673928428966399,0.7245547197731996,0.7459737813349198,"[0, 0, 0, 0]",3,True,,"1:6db18ab93a:[{""frame"":72,""point"":[0.690625,0.5875],""update"":true},{""frame"":145,""point"":[0.615625,0.7041666666666667],""update"":true},{""frame"":218,""point"":null,""update"":false},{""frame"":291,""point"":[0.746875,0.6625],""update"":true}]",long_rvos/6db18ab93a/1/1,PREDICTED_CANDIDATE_POINT_STATIC,97.54642387479544,37109248000,success,False
long_rvos/6db18ab93a/1/1,long_rvos,6db18ab93a,1,1,dynamic,The child is watching TV and dancing around.,PREDICTED_CANDIDATE_DIRECT_STATIC,False,0.8161361125745993,0.7813232760909318,0.7987296943327655,"[0, 0, 0, 0]",,,,,,,,,,
long_rvos/6db18ab93a/1/1,long_rvos,6db18ab93a,1,1,dynamic,The child is watching TV and dancing around.,PREDICTED_CANDIDATE_DIRECT_TEMPORAL,False,0.8161361125745993,0.7813232760909318,0.7987296943327655,"[0, 0, 0, 0]",,,,,,,,,,
long_rvos/6db18ab93a/1/1,long_rvos,6db18ab93a,1,1,dynamic,The child is watching TV and dancing around.,PREDICTED_CANDIDATE_POINT_STATIC,False,0.7673928428966399,0.7245547197731996,0.7459737813349198,"[0, 0, 0, 0]",3,False,,,,,97.54642387479544,37109248000,success,False
long_rvos/6db18ab93a/1/1,long_rvos,6db18ab93a,1,1,dynamic,The child is watching TV and dancing around.,PREDICTED_CANDIDATE_POINT_TEMPORAL,False,0.7673928428966399,0.7245547197731996,0.7459737813349198,"[0, 0, 0, 0]",3,True,,"1:6db18ab93a:[{""frame"":72,""point"":[0.690625,0.5875],""update"":true},{""frame"":145,""point"":[0.615625,0.7041666666666667],""update"":true},{""frame"":218,""point"":null,""update"":false},{""frame"":291,""point"":[0.746875,0.6625],""update"":true}]",long_rvos/6db18ab93a/1/1,PREDICTED_CANDIDATE_POINT_STATIC,97.54642387479544,37109248000,success,False
long_rvos/6db18ab93a/1/2,long_rvos,6db18ab93a,1,2,static,"A young boy wearing a green top and white spotted pants, standing on a table, to the right of a man.",ORACLE_CANDIDATE,True,0.9084338860092693,0.8689728138368724,0.8887033499230709,[0],,,,,,,,,,
long_rvos/6db18ab93a/1/2,long_rvos,6db18ab93a,1,2,static,"A young boy wearing a green top and white spotted pants, standing on a table, to the right of a man.",ORACLE_ID_POINT,True,0.7673928428966399,0.7245547197731996,0.7459737813349198,"[0, 0, 0, 0]",3,True,,"1:6db18ab93a:[{""frame"":72,""point"":[0.690625,0.5875],""update"":true},{""frame"":145,""point"":[0.615625,0.7041666666666667],""update"":true},{""frame"":218,""point"":null,""update"":false},{""frame"":291,""point"":[0.746875,0.6625],""update"":true}]",long_rvos/6db18ab93a/1/1,PREDICTED_CANDIDATE_POINT_STATIC,97.54642387479544,37109248000,success,False
long_rvos/6db18ab93a/1/2,long_rvos,6db18ab93a,1,2,static,"A young boy wearing a green top and white spotted pants, standing on a table, to the right of a man.",PREDICTED_CANDIDATE_DIRECT_STATIC,False,0.6537131253421616,0.6325025467695802,0.6431078360558709,"[1, 0, 0, 1]",,,,,,,,,,
long_rvos/6db18ab93a/1/2,long_rvos,6db18ab93a,1,2,static,"A young boy wearing a green top and white spotted pants, standing on a table, to the right of a man.",PREDICTED_CANDIDATE_DIRECT_TEMPORAL,False,0.6537131253421616,0.6325025467695802,0.6431078360558709,"[1, 0, 0, 1]",,,,,,,,,,
long_rvos/6db18ab93a/1/2,long_rvos,6db18ab93a,1,2,static,"A young boy wearing a green top and white spotted pants, standing on a table, to the right of a man.",PREDICTED_CANDIDATE_POINT_STATIC,False,0.328125,0.328125,0.328125,"[1, 0, 0, 1]",1,False,,,,,50.75695715099573,10479627776,success,False
long_rvos/6db18ab93a/1/2,long_rvos,6db18ab93a,1,2,static,"A young boy wearing a green top and white spotted pants, standing on a table, to the right of a man.",PREDICTED_CANDIDATE_POINT_TEMPORAL,False,0.328125,0.328125,0.328125,"[1, 0, 0, 1]",1,True,,"1:6db18ab93a:[{""frame"":72,""point"":null,""update"":false},{""frame"":145,""point"":[0.615625,0.7041666666666667],""update"":true},{""frame"":218,""point"":null,""update"":false},{""frame"":291,""point"":null,""update"":false}]",long_rvos/6db18ab93a/1/2,PREDICTED_CANDIDATE_POINT_STATIC,50.75695715099573,10479627776,success,False
long_rvos/6db18ab93a/1/3,long_rvos,6db18ab93a,1,3,dynamic,Little boy watching TV and jumping around.,ORACLE_CANDIDATE,True,0.8263044559925994,0.7895216177917544,0.807913036892177,[0],,,,,,,,,,
long_rvos/6db18ab93a/1/3,long_rvos,6db18ab93a,1,3,dynamic,Little boy watching TV and jumping around.,ORACLE_ID_POINT,True,0.7673928428966399,0.7245547197731996,0.7459737813349198,"[0, 0, 0, 0]",3,True,,"1:6db18ab93a:[{""frame"":72,""point"":[0.690625,0.5875],""update"":true},{""frame"":145,""point"":[0.615625,0.7041666666666667],""update"":true},{""frame"":218,""point"":null,""update"":false},{""frame"":291,""point"":[0.746875,0.6625],""update"":true}]",long_rvos/6db18ab93a/1/1,PREDICTED_CANDIDATE_POINT_STATIC,97.54642387479544,37109248000,success,False
long_rvos/6db18ab93a/1/3,long_rvos,6db18ab93a,1,3,dynamic,Little boy watching TV and jumping around.,PREDICTED_CANDIDATE_DIRECT_STATIC,False,0.8263044559925994,0.7895216177917544,0.807913036892177,"[0, 0, 0, 0]",,,,,,,,,,
long_rvos/6db18ab93a/1/3,long_rvos,6db18ab93a,1,3,dynamic,Little boy watching TV and jumping around.,PREDICTED_CANDIDATE_DIRECT_TEMPORAL,False,0.8263044559925994,0.7895216177917544,0.807913036892177,"[0, 0, 0, 0]",,,,,,,,,,
long_rvos/6db18ab93a/1/3,long_rvos,6db18ab93a,1,3,dynamic,Little boy watching TV and jumping around.,PREDICTED_CANDIDATE_POINT_STATIC,False,0.7673928428966399,0.7245547197731996,0.7459737813349198,"[0, 0, 0, 0]",3,True,,"1:6db18ab93a:[{""frame"":72,""point"":[0.690625,0.5875],""update"":true},{""frame"":145,""point"":[0.615625,0.7041666666666667],""update"":true},{""frame"":218,""point"":null,""update"":false},{""frame"":291,""point"":[0.746875,0.6625],""update"":true}]",long_rvos/6db18ab93a/1/1,PREDICTED_CANDIDATE_POINT_STATIC,97.54642387479544,37109248000,success,False
long_rvos/6db18ab93a/1/3,long_rvos,6db18ab93a,1,3,dynamic,Little boy watching TV and jumping around.,PREDICTED_CANDIDATE_POINT_TEMPORAL,False,0.7673928428966399,0.7245547197731996,0.7459737813349198,"[0, 0, 0, 0]",3,True,,"1:6db18ab93a:[{""frame"":72,""point"":[0.690625,0.5875],""update"":true},{""frame"":145,""point"":[0.615625,0.7041666666666667],""update"":true},{""frame"":218,""point"":null,""update"":false},{""frame"":291,""point"":[0.746875,0.6625],""update"":true}]",long_rvos/6db18ab93a/1/1,PREDICTED_CANDIDATE_POINT_STATIC,97.54642387479544,37109248000,success,False
long_rvos/6db18ab93a/1/8,long_rvos,6db18ab93a,1,8,hybrid,A child in a blue shirt dances near a man watching TV.,ORACLE_CANDIDATE,True,0.8161361125745993,0.7813232760909318,0.7987296943327655,[0],,,,,,,,,,
long_rvos/6db18ab93a/1/8,long_rvos,6db18ab93a,1,8,hybrid,A child in a blue shirt dances near a man watching TV.,ORACLE_ID_POINT,True,0.7673928428966399,0.7245547197731996,0.7459737813349198,"[0, 0, 0, 0]",3,True,,"1:6db18ab93a:[{""frame"":72,""point"":[0.690625,0.5875],""update"":true},{""frame"":145,""point"":[0.615625,0.7041666666666667],""update"":true},{""frame"":218,""point"":null,""update"":false},{""frame"":291,""point"":[0.746875,0.6625],""update"":true}]",long_rvos/6db18ab93a/1/1,PREDICTED_CANDIDATE_POINT_STATIC,97.54642387479544,37109248000,success,False
long_rvos/6db18ab93a/1/8,long_rvos,6db18ab93a,1,8,hybrid,A child in a blue shirt dances near a man watching TV.,PREDICTED_CANDIDATE_DIRECT_STATIC,False,0.8161361125745993,0.7813232760909318,0.7987296943327655,"[0, 0, 0, 0]",,,,,,,,,,
long_rvos/6db18ab93a/1/8,long_rvos,6db18ab93a,1,8,hybrid,A child in a blue shirt dances near a man watching TV.,PREDICTED_CANDIDATE_DIRECT_TEMPORAL,False,0.8161361125745993,0.7813232760909318,0.7987296943327655,"[0, 0, 0, 0]",,,,,,,,,,
long_rvos/6db18ab93a/1/8,long_rvos,6db18ab93a,1,8,hybrid,A child in a blue shirt dances near a man watching TV.,PREDICTED_CANDIDATE_POINT_STATIC,False,0.7673928428966399,0.7245547197731996,0.7459737813349198,"[0, 0, 0, 0]",3,True,,"1:6db18ab93a:[{""frame"":72,""point"":[0.690625,0.5875],""update"":true},{""frame"":145,""point"":[0.615625,0.7041666666666667],""update"":true},{""frame"":218,""point"":null,""update"":false},{""frame"":291,""point"":[0.746875,0.6625],""update"":true}]",long_rvos/6db18ab93a/1/1,PREDICTED_CANDIDATE_POINT_STATIC,97.54642387479544,37109248000,success,False
long_rvos/6db18ab93a/1/8,long_rvos,6db18ab93a,1,8,hybrid,A child in a blue shirt dances near a man watching TV.,PREDICTED_CANDIDATE_POINT_TEMPORAL,False,0.7673928428966399,0.7245547197731996,0.7459737813349198,"[0, 0, 0, 0]",3,True,,"1:6db18ab93a:[{""frame"":72,""point"":[0.690625,0.5875],""update"":true},{""frame"":145,""point"":[0.615625,0.7041666666666667],""update"":true},{""frame"":218,""point"":null,""update"":false},{""frame"":291,""point"":[0.746875,0.6625],""update"":true}]",long_rvos/6db18ab93a/1/1,PREDICTED_CANDIDATE_POINT_STATIC,97.54642387479544,37109248000,success,False
long_rvos/6db18ab93a/1/9,long_rvos,6db18ab93a,1,9,hybrid,A boy in green plays on a table near a man.,ORACLE_CANDIDATE,True,0.8146439424961562,0.7790196534298489,0.7968317979630026,[0],,,,,,,,,,
long_rvos/6db18ab93a/1/9,long_rvos,6db18ab93a,1,9,hybrid,A boy in green plays on a table near a man.,ORACLE_ID_POINT,True,0.7674002318808044,0.724334979068641,0.7458676054747226,"[0, 0, 0, 0]",3,True,,"1:6db18ab93a:[{""frame"":72,""point"":[0.690625,0.5875],""update"":true},{""frame"":145,""point"":[0.609375,0.6958333333333333],""update"":true},{""frame"":218,""point"":null,""update"":false},{""frame"":291,""point"":[0.746875,0.6625],""update"":true}]",long_rvos/6db18ab93a/1/9,PREDICTED_CANDIDATE_POINT_STATIC,89.02693393826485,37110555648,success,False
long_rvos/6db18ab93a/1/9,long_rvos,6db18ab93a,1,9,hybrid,A boy in green plays on a table near a man.,PREDICTED_CANDIDATE_DIRECT_STATIC,False,0.8146439424961562,0.7790196534298489,0.7968317979630026,"[0, 0, 0, 0]",,,,,,,,,,
long_rvos/6db18ab93a/1/9,long_rvos,6db18ab93a,1,9,hybrid,A boy in green plays on a table near a man.,PREDICTED_CANDIDATE_DIRECT_TEMPORAL,False,0.5935287791595223,0.5737923478526241,0.5836605635060732,"[1, 1, 0, 1]",,,,,,,,,,
long_rvos/6db18ab93a/1/9,long_rvos,6db18ab93a,1,9,hybrid,A boy in green plays on a table near a man.,PREDICTED_CANDIDATE_POINT_STATIC,False,0.7674002318808044,0.724334979068641,0.7458676054747226,"[0, 0, 0, 0]",3,False,,,,,89.02693393826485,37110555648,success,False
long_rvos/6db18ab93a/1/9,long_rvos,6db18ab93a,1,9,hybrid,A boy in green plays on a table near a man.,PREDICTED_CANDIDATE_POINT_TEMPORAL,False,0.328125,0.328125,0.328125,"[1, 1, 0, 1]",0,False,,,,,18.040112107992172,7046099456,success,False
long_rvos/6fb7a04167/12/25,long_rvos,6fb7a04167,12,25,hybrid,"A man in a black coat sits surrounded by a group, crossing his arms and watching others chat.",ORACLE_CANDIDATE,True,0.8903318102227258,0.9028987976512053,0.8966153039369655,[2],,,,,,,,,,
long_rvos/6fb7a04167/12/25,long_rvos,6fb7a04167,12,25,hybrid,"A man in a black coat sits surrounded by a group, crossing his arms and watching others chat.",ORACLE_ID_POINT,True,0.5625,0.5625,0.5625,"[2, 2, 2, 2]",1,True,,"12:6fb7a04167:[{""frame"":74,""point"":null,""update"":false},{""frame"":148,""point"":null,""update"":false},{""frame"":222,""point"":[0.00078125,0.6208333333333333],""update"":true},{""frame"":297,""point"":null,""update"":false}]",long_rvos/6fb7a04167/12/5,ORACLE_ID_POINT,39.61769839376211,9932195328,success,False
long_rvos/6fb7a04167/12/25,long_rvos,6fb7a04167,12,25,hybrid,"A man in a black coat sits surrounded by a group, crossing his arms and watching others chat.",PREDICTED_CANDIDATE_DIRECT_STATIC,False,0.3438509393620539,0.3662538399798206,0.3550523896709372,"[3, 2, 1, 0]",,,,,,,,,,
long_rvos/6fb7a04167/12/25,long_rvos,6fb7a04167,12,25,hybrid,"A man in a black coat sits surrounded by a group, crossing his arms and watching others chat.",PREDICTED_CANDIDATE_DIRECT_TEMPORAL,False,0.5277544894405467,0.5278915738696763,0.5278230316551116,"[0, 3, 2, 0]",,,,,,,,,,
long_rvos/6fb7a04167/12/25,long_rvos,6fb7a04167,12,25,hybrid,"A man in a black coat sits surrounded by a group, crossing his arms and watching others chat.",PREDICTED_CANDIDATE_POINT_STATIC,False,0.34375,0.34375,0.34375,"[3, 2, 1, 0]",2,False,,,,,70.04111327975988,37733342208,success,False
long_rvos/6fb7a04167/12/25,long_rvos,6fb7a04167,12,25,hybrid,"A man in a black coat sits surrounded by a group, crossing his arms and watching others chat.",PREDICTED_CANDIDATE_POINT_TEMPORAL,False,0.39329308692635984,0.39593366411552444,0.3946133755209421,"[0, 3, 2, 0]",3,False,,,,,101.66517843306065,38114520064,success,False
long_rvos/6fb7a04167/12/4,long_rvos,6fb7a04167,12,4,static,"A man in a black coat and blue jeans, with another man in a blue coat and gray inner lining to his left.",ORACLE_CANDIDATE,True,0.8903318102227258,0.9028987976512053,0.8966153039369655,[2],,,,,,,,,,
long_rvos/6fb7a04167/12/4,long_rvos,6fb7a04167,12,4,static,"A man in a black coat and blue jeans, with another man in a blue coat and gray inner lining to his left.",ORACLE_ID_POINT,True,0.5625,0.5625,0.5625,"[2, 2, 2, 2]",1,True,,"12:6fb7a04167:[{""frame"":74,""point"":null,""update"":false},{""frame"":148,""point"":null,""update"":false},{""frame"":222,""point"":[0.00078125,0.6208333333333333],""update"":true},{""frame"":297,""point"":null,""update"":false}]",long_rvos/6fb7a04167/12/5,ORACLE_ID_POINT,39.61769839376211,9932195328,success,False
long_rvos/6fb7a04167/12/4,long_rvos,6fb7a04167,12,4,static,"A man in a black coat and blue jeans, with another man in a blue coat and gray inner lining to his left.",PREDICTED_CANDIDATE_DIRECT_STATIC,False,0.09375,0.09375,0.09375,"[1, 1, 1, 0]",,,,,,,,,,
long_rvos/6fb7a04167/12/4,long_rvos,6fb7a04167,12,4,static,"A man in a black coat and blue jeans, with another man in a blue coat and gray inner lining to his left.",PREDICTED_CANDIDATE_DIRECT_TEMPORAL,False,0.5277544894405467,0.5278915738696763,0.5278230316551116,"[0, 3, 2, 0]",,,,,,,,,,
long_rvos/6fb7a04167/12/4,long_rvos,6fb7a04167,12,4,static,"A man in a black coat and blue jeans, with another man in a blue coat and gray inner lining to his left.",PREDICTED_CANDIDATE_POINT_STATIC,False,0.09375,0.09375,0.09375,"[1, 1, 1, 0]",3,False,,,,,97.98329866677523,38114520064,success,False
long_rvos/6fb7a04167/12/4,long_rvos,6fb7a04167,12,4,static,"A man in a black coat and blue jeans, with another man in a blue coat and gray inner lining to his left.",PREDICTED_CANDIDATE_POINT_TEMPORAL,False,0.39329308692635984,0.39593366411552444,0.3946133755209421,"[0, 3, 2, 0]",3,True,,"12:6fb7a04167:[{""frame"":74,""point"":[0.18359375,0.5597222222222222],""update"":true},{""frame"":148,""point"":[0.00078125,0.8375],""update"":true},{""frame"":222,""point"":[0.00078125,0.6208333333333333],""update"":true},{""frame"":297,""point"":null,""update"":false}]",long_rvos/6fb7a04167/12/25,PREDICTED_CANDIDATE_POINT_TEMPORAL,101.66517843306065,38114520064,success,False
long_rvos/6fb7a04167/12/5,long_rvos,6fb7a04167,12,5,dynamic,"The man is sitting in a chair, crossing his arms in front of him, watching the men in front of him chat and drink.",ORACLE_CANDIDATE,True,0.8903318102227258,0.9028987976512053,0.8966153039369655,[2],,,,,,,,,,
long_rvos/6fb7a04167/12/5,long_rvos,6fb7a04167,12,5,dynamic,"The man is sitting in a chair, crossing his arms in front of him, watching the men in front of him chat and drink.",ORACLE_ID_POINT,True,0.5625,0.5625,0.5625,"[2, 2, 2, 2]",1,False,,,,,39.61769839376211,9932195328,success,False
long_rvos/6fb7a04167/12/5,long_rvos,6fb7a04167,12,5,dynamic,"The man is sitting in a chair, crossing his arms in front of him, watching the men in front of him chat and drink.",PREDICTED_CANDIDATE_DIRECT_STATIC,False,0.3907259393620539,0.4131288399798206,0.4019273896709372,"[3, 3, 4, 0]",,,,,,,,,,
long_rvos/6fb7a04167/12/5,long_rvos,6fb7a04167,12,5,dynamic,"The man is sitting in a chair, crossing his arms in front of him, watching the men in front of him chat and drink.",PREDICTED_CANDIDATE_DIRECT_TEMPORAL,False,0.3246294894405467,0.32476657386967644,0.3246980316551116,"[0, 0, 2, 0]",,,,,,,,,,
long_rvos/6fb7a04167/12/5,long_rvos,6fb7a04167,12,5,dynamic,"The man is sitting in a chair, crossing his arms in front of him, watching the men in front of him chat and drink.",PREDICTED_CANDIDATE_POINT_STATIC,False,0.43750500447867563,0.4566191891141791,0.4470620967964274,"[3, 3, 4, 0]",2,False,,,,,80.04083870351315,37733342208,success,False
long_rvos/6fb7a04167/12/5,long_rvos,6fb7a04167,12,5,dynamic,"The man is sitting in a chair, crossing his arms in front of him, watching the men in front of him chat and drink.",PREDICTED_CANDIDATE_POINT_TEMPORAL,False,0.35686137588829336,0.3568145784186298,0.35683797715346155,"[0, 0, 2, 0]",3,False,,,,,98.3255702406168,38114520064,success,False
long_rvos/6fb7a04167/12/6,long_rvos,6fb7a04167,12,6,static,"A man wearing a black coat, surrounded by a group of people, with a man in a blue coat beside him.",ORACLE_CANDIDATE,True,0.8903318102227258,0.9028987976512053,0.8966153039369655,[2],,,,,,,,,,
long_rvos/6fb7a04167/12/6,long_rvos,6fb7a04167,12,6,static,"A man wearing a black coat, surrounded by a group of people, with a man in a blue coat beside him.",ORACLE_ID_POINT,True,0.5625,0.5625,0.5625,"[2, 2, 2, 2]",1,True,,"12:6fb7a04167:[{""frame"":74,""point"":null,""update"":false},{""frame"":148,""point"":null,""update"":false},{""frame"":222,""point"":[0.00078125,0.6208333333333333],""update"":true},{""frame"":297,""point"":null,""update"":false}]",long_rvos/6fb7a04167/12/5,ORACLE_ID_POINT,39.61769839376211,9932195328,success,False
long_rvos/6fb7a04167/12/6,long_rvos,6fb7a04167,12,6,static,"A man wearing a black coat, surrounded by a group of people, with a man in a blue coat beside him.",PREDICTED_CANDIDATE_DIRECT_STATIC,False,0.5534252687659538,0.5631174731869896,0.5582713709764717,"[2, 2, 1, 0]",,,,,,,,,,
long_rvos/6fb7a04167/12/6,long_rvos,6fb7a04167,12,6,static,"A man wearing a black coat, surrounded by a group of people, with a man in a blue coat beside him.",PREDICTED_CANDIDATE_DIRECT_TEMPORAL,False,0.5278554288026006,0.5503954138494971,0.5391254213260488,"[3, 3, 2, 0]",,,,,,,,,,
long_rvos/6fb7a04167/12/6,long_rvos,6fb7a04167,12,6,static,"A man wearing a black coat, surrounded by a group of people, with a man in a blue coat beside him.",PREDICTED_CANDIDATE_POINT_STATIC,False,0.5625,0.5625,0.5625,"[2, 2, 1, 0]",1,False,,,,,33.06216537952423,9932195328,success,False
long_rvos/6fb7a04167/12/6,long_rvos,6fb7a04167,12,6,static,"A man wearing a black coat, surrounded by a group of people, with a man in a blue coat beside him.",PREDICTED_CANDIDATE_POINT_TEMPORAL,False,0.6043900166753937,0.6032073669795841,0.6037986918274889,"[3, 3, 2, 0]",3,False,,,,,98.18296018242836,38114520064,success,False
long_rvos/6fb7a04167/12/7,long_rvos,6fb7a04167,12,7,dynamic,"The man is sitting with the group, crossing his arms and looking at the people in front of him.",ORACLE_CANDIDATE,True,0.8903318102227258,0.9028987976512053,0.8966153039369655,[2],,,,,,,,,,
long_rvos/6fb7a04167/12/7,long_rvos,6fb7a04167,12,7,dynamic,"The man is sitting with the group, crossing his arms and looking at the people in front of him.",ORACLE_ID_POINT,True,0.5625,0.5625,0.5625,"[2, 2, 2, 2]",1,True,,"12:6fb7a04167:[{""frame"":74,""point"":null,""update"":false},{""frame"":148,""point"":null,""update"":false},{""frame"":222,""point"":[0.00078125,0.6208333333333333],""update"":true},{""frame"":297,""point"":null,""update"":false}]",long_rvos/6fb7a04167/12/5,ORACLE_ID_POINT,39.61769839376211,9932195328,success,False
long_rvos/6fb7a04167/12/7,long_rvos,6fb7a04167,12,7,dynamic,"The man is sitting with the group, crossing his arms and looking at the people in front of him.",PREDICTED_CANDIDATE_DIRECT_STATIC,False,0.6003002687659538,0.6099924731869896,0.6051463709764717,"[2, 3, 4, 0]",,,,,,,,,,
long_rvos/6fb7a04167/12/7,long_rvos,6fb7a04167,12,7,dynamic,"The man is sitting with the group, crossing his arms and looking at the people in front of him.",PREDICTED_CANDIDATE_DIRECT_TEMPORAL,False,0.12503245293382517,0.15381108755155048,0.13942177024268781,"[0, 0, 3, 0]",,,,,,,,,,
long_rvos/6fb7a04167/12/7,long_rvos,6fb7a04167,12,7,dynamic,"The man is sitting with the group, crossing his arms and looking at the people in front of him.",PREDICTED_CANDIDATE_POINT_STATIC,False,0.5625,0.5625,0.5625,"[2, 3, 4, 0]",1,False,,,,,41.74763606488705,10546975232,success,False
long_rvos/6fb7a04167/12/7,long_rvos,6fb7a04167,12,7,dynamic,"The man is sitting with the group, crossing his arms and looking at the people in front of him.",PREDICTED_CANDIDATE_POINT_TEMPORAL,False,0.22319465647320016,0.24790997936648126,0.23555231791984071,"[0, 0, 3, 0]",3,False,,,,,98.5193940103054,38114520064,success,False
long_rvos/7bdbd4f32f/1/0,long_rvos,7bdbd4f32f,1,0,static,A baby wearing white clothes.,ORACLE_CANDIDATE,True,0.9491984411415914,0.9373951159882158,0.9432967785649036,[0],,,,,,,,,,
long_rvos/7bdbd4f32f/1/0,long_rvos,7bdbd4f32f,1,0,static,A baby wearing white clothes.,ORACLE_ID_POINT,True,0.6803231883087766,0.665755840711179,0.6730395145099778,"[0, 0, 0, 0]",4,True,,,,,279.19710739701986,47895541248,success,False
long_rvos/7bdbd4f32f/1/0,long_rvos,7bdbd4f32f,1,0,static,A baby wearing white clothes.,PREDICTED_CANDIDATE_DIRECT_STATIC,False,0.9491984411415914,0.9373951159882158,0.9432967785649036,"[0, 0, 0, 0]",,,,,,,,,,
long_rvos/7bdbd4f32f/1/0,long_rvos,7bdbd4f32f,1,0,static,A baby wearing white clothes.,PREDICTED_CANDIDATE_DIRECT_TEMPORAL,False,0.9491984411415914,0.9373951159882158,0.9432967785649036,"[0, 0, 0, 0]",,,,,,,,,,
long_rvos/7bdbd4f32f/1/0,long_rvos,7bdbd4f32f,1,0,static,A baby wearing white clothes.,PREDICTED_CANDIDATE_POINT_STATIC,False,0.6803231883087766,0.665755840711179,0.6730395145099778,"[0, 0, 0, 0]",4,False,,,,,279.19710739701986,47895541248,success,False
long_rvos/7bdbd4f32f/1/0,long_rvos,7bdbd4f32f,1,0,static,A baby wearing white clothes.,PREDICTED_CANDIDATE_POINT_TEMPORAL,False,0.6803231883087766,0.665755840711179,0.6730395145099778,"[0, 0, 0, 0]",4,True,,,,,279.19710739701986,47895541248,success,False
long_rvos/7bdbd4f32f/1/1,long_rvos,7bdbd4f32f,1,1,dynamic,The girl is sitting on the table and playing with her father.,ORACLE_CANDIDATE,True,0.7859257853128573,0.7738759840139979,0.7799008846634277,[1],,,,,,,,,,
long_rvos/7bdbd4f32f/1/1,long_rvos,7bdbd4f32f,1,1,dynamic,The girl is sitting on the table and playing with her father.,ORACLE_ID_POINT,True,0.6950619114520853,0.6793282072236059,0.6871950593378455,"[1, 1, 1, 1]",4,True,,,,,262.6547226458788,47904539136,success,False
long_rvos/7bdbd4f32f/1/1,long_rvos,7bdbd4f32f,1,1,dynamic,The girl is sitting on the table and playing with her father.,PREDICTED_CANDIDATE_DIRECT_STATIC,False,0.7859257853128573,0.7738759840139979,0.7799008846634277,"[1, 1, 1, 1]",,,,,,,,,,
long_rvos/7bdbd4f32f/1/1,long_rvos,7bdbd4f32f,1,1,dynamic,The girl is sitting on the table and playing with her father.,PREDICTED_CANDIDATE_DIRECT_TEMPORAL,False,0.7859257853128573,0.7738759840139979,0.7799008846634277,"[1, 1, 1, 1]",,,,,,,,,,
long_rvos/7bdbd4f32f/1/1,long_rvos,7bdbd4f32f,1,1,dynamic,The girl is sitting on the table and playing with her father.,PREDICTED_CANDIDATE_POINT_STATIC,False,0.6950619114520853,0.6793282072236059,0.6871950593378455,"[1, 1, 1, 1]",4,False,,,,,262.6547226458788,47904539136,success,False
long_rvos/7bdbd4f32f/1/1,long_rvos,7bdbd4f32f,1,1,dynamic,The girl is sitting on the table and playing with her father.,PREDICTED_CANDIDATE_POINT_TEMPORAL,False,0.6950619114520853,0.6793282072236059,0.6871950593378455,"[1, 1, 1, 1]",4,True,,,,,262.6547226458788,47904539136,success,False
long_rvos/7bdbd4f32f/1/12,long_rvos,7bdbd4f32f,1,12,hybrid,A girl in white clothes sitting on a table plays with her father.,ORACLE_CANDIDATE,True,0.7859257853128573,0.7738759840139979,0.7799008846634277,[1],,,,,,,,,,
long_rvos/7bdbd4f32f/1/12,long_rvos,7bdbd4f32f,1,12,hybrid,A girl in white clothes sitting on a table plays with her father.,ORACLE_ID_POINT,True,0.6950619114520853,0.6793282072236059,0.6871950593378455,"[1, 1, 1, 1]",4,True,,,,,262.6547226458788,47904539136,success,False
long_rvos/7bdbd4f32f/1/12,long_rvos,7bdbd4f32f,1,12,hybrid,A girl in white clothes sitting on a table plays with her father.,PREDICTED_CANDIDATE_DIRECT_STATIC,False,0.7859257853128573,0.7738759840139979,0.7799008846634277,"[1, 1, 1, 1]",,,,,,,,,,
long_rvos/7bdbd4f32f/1/12,long_rvos,7bdbd4f32f,1,12,hybrid,A girl in white clothes sitting on a table plays with her father.,PREDICTED_CANDIDATE_DIRECT_TEMPORAL,False,0.7859257853128573,0.7738759840139979,0.7799008846634277,"[1, 1, 1, 1]",,,,,,,,,,
long_rvos/7bdbd4f32f/1/12,long_rvos,7bdbd4f32f,1,12,hybrid,A girl in white clothes sitting on a table plays with her father.,PREDICTED_CANDIDATE_POINT_STATIC,False,0.6950619114520853,0.6793282072236059,0.6871950593378455,"[1, 1, 1, 1]",4,True,,,,,262.6547226458788,47904539136,success,False
long_rvos/7bdbd4f32f/1/12,long_rvos,7bdbd4f32f,1,12,hybrid,A girl in white clothes sitting on a table plays with her father.,PREDICTED_CANDIDATE_POINT_TEMPORAL,False,0.6950619114520853,0.6793282072236059,0.6871950593378455,"[1, 1, 1, 1]",4,True,,,,,262.6547226458788,47904539136,success,False
long_rvos/7bdbd4f32f/1/13,long_rvos,7bdbd4f32f,1,13,hybrid,A girl in a white shirt holds a spoon and laughs near a boy in gray.,ORACLE_CANDIDATE,True,0.7859257853128573,0.7738759840139979,0.7799008846634277,[1],,,,,,,,,,
long_rvos/7bdbd4f32f/1/13,long_rvos,7bdbd4f32f,1,13,hybrid,A girl in a white shirt holds a spoon and laughs near a boy in gray.,ORACLE_ID_POINT,True,0.6950619114520853,0.6793282072236059,0.6871950593378455,"[1, 1, 1, 1]",4,True,,,,,262.6547226458788,47904539136,success,False
long_rvos/7bdbd4f32f/1/13,long_rvos,7bdbd4f32f,1,13,hybrid,A girl in a white shirt holds a spoon and laughs near a boy in gray.,PREDICTED_CANDIDATE_DIRECT_STATIC,False,0.7859257853128573,0.7738759840139979,0.7799008846634277,"[1, 1, 1, 1]",,,,,,,,,,
long_rvos/7bdbd4f32f/1/13,long_rvos,7bdbd4f32f,1,13,hybrid,A girl in a white shirt holds a spoon and laughs near a boy in gray.,PREDICTED_CANDIDATE_DIRECT_TEMPORAL,False,0.7859257853128573,0.7738759840139979,0.7799008846634277,"[1, 1, 1, 1]",,,,,,,,,,
long_rvos/7bdbd4f32f/1/13,long_rvos,7bdbd4f32f,1,13,hybrid,A girl in a white shirt holds a spoon and laughs near a boy in gray.,PREDICTED_CANDIDATE_POINT_STATIC,False,0.6950619114520853,0.6793282072236059,0.6871950593378455,"[1, 1, 1, 1]",4,True,,,,,262.6547226458788,47904539136,success,False
long_rvos/7bdbd4f32f/1/13,long_rvos,7bdbd4f32f,1,13,hybrid,A girl in a white shirt holds a spoon and laughs near a boy in gray.,PREDICTED_CANDIDATE_POINT_TEMPORAL,False,0.6950619114520853,0.6793282072236059,0.6871950593378455,"[1, 1, 1, 1]",4,True,,,,,262.6547226458788,47904539136,success,False
long_rvos/7bdbd4f32f/1/2,long_rvos,7bdbd4f32f,1,2,static,"A baby wearing a white short-sleeved shirt, sitting to the right of a boy in a gray short-sleeved shirt",ORACLE_CANDIDATE,True,0.9491984411415914,0.9373951159882158,0.9432967785649036,[0],,,,,,,,,,
long_rvos/7bdbd4f32f/1/2,long_rvos,7bdbd4f32f,1,2,static,"A baby wearing a white short-sleeved shirt, sitting to the right of a boy in a gray short-sleeved shirt",ORACLE_ID_POINT,True,0.6803231883087766,0.665755840711179,0.6730395145099778,"[0, 0, 0, 0]",4,True,,,,,279.19710739701986,47895541248,success,False
long_rvos/7bdbd4f32f/1/2,long_rvos,7bdbd4f32f,1,2,static,"A baby wearing a white short-sleeved shirt, sitting to the right of a boy in a gray short-sleeved shirt",PREDICTED_CANDIDATE_DIRECT_STATIC,False,0.9491984411415914,0.9373951159882158,0.9432967785649036,"[0, 0, 0, 0]",,,,,,,,,,
long_rvos/7bdbd4f32f/1/2,long_rvos,7bdbd4f32f,1,2,static,"A baby wearing a white short-sleeved shirt, sitting to the right of a boy in a gray short-sleeved shirt",PREDICTED_CANDIDATE_DIRECT_TEMPORAL,False,0.9491984411415914,0.9373951159882158,0.9432967785649036,"[0, 0, 0, 0]",,,,,,,,,,
long_rvos/7bdbd4f32f/1/2,long_rvos,7bdbd4f32f,1,2,static,"A baby wearing a white short-sleeved shirt, sitting to the right of a boy in a gray short-sleeved shirt",PREDICTED_CANDIDATE_POINT_STATIC,False,0.6803231883087766,0.665755840711179,0.6730395145099778,"[0, 0, 0, 0]",4,True,,,,,279.19710739701986,47895541248,success,False
long_rvos/7bdbd4f32f/1/2,long_rvos,7bdbd4f32f,1,2,static,"A baby wearing a white short-sleeved shirt, sitting to the right of a boy in a gray short-sleeved shirt",PREDICTED_CANDIDATE_POINT_TEMPORAL,False,0.6803231883087766,0.665755840711179,0.6730395145099778,"[0, 0, 0, 0]",4,True,,,,,279.19710739701986,47895541248,success,False
long_rvos/7bdbd4f32f/1/3,long_rvos,7bdbd4f32f,1,3,dynamic,The girl in white is holding a spoon and laughing continuously,ORACLE_CANDIDATE,True,0.7859257853128573,0.7738759840139979,0.7799008846634277,[1],,,,,,,,,,
long_rvos/7bdbd4f32f/1/3,long_rvos,7bdbd4f32f,1,3,dynamic,The girl in white is holding a spoon and laughing continuously,ORACLE_ID_POINT,True,0.6950619114520853,0.6793282072236059,0.6871950593378455,"[1, 1, 1, 1]",4,True,,,,,262.6547226458788,47904539136,success,False
long_rvos/7bdbd4f32f/1/3,long_rvos,7bdbd4f32f,1,3,dynamic,The girl in white is holding a spoon and laughing continuously,PREDICTED_CANDIDATE_DIRECT_STATIC,False,0.7859257853128573,0.7738759840139979,0.7799008846634277,"[1, 1, 1, 1]",,,,,,,,,,
long_rvos/7bdbd4f32f/1/3,long_rvos,7bdbd4f32f,1,3,dynamic,The girl in white is holding a spoon and laughing continuously,PREDICTED_CANDIDATE_DIRECT_TEMPORAL,False,0.7859257853128573,0.7738759840139979,0.7799008846634277,"[1, 1, 1, 1]",,,,,,,,,,
long_rvos/7bdbd4f32f/1/3,long_rvos,7bdbd4f32f,1,3,dynamic,The girl in white is holding a spoon and laughing continuously,PREDICTED_CANDIDATE_POINT_STATIC,False,0.6950619114520853,0.6793282072236059,0.6871950593378455,"[1, 1, 1, 1]",4,True,,,,,262.6547226458788,47904539136,success,False
long_rvos/7bdbd4f32f/1/3,long_rvos,7bdbd4f32f,1,3,dynamic,The girl in white is holding a spoon and laughing continuously,PREDICTED_CANDIDATE_POINT_TEMPORAL,False,0.6950619114520853,0.6793282072236059,0.6871950593378455,"[1, 1, 1, 1]",4,True,,,,,262.6547226458788,47904539136,success,False
long_rvos/7caa203c75/2/2,long_rvos,7caa203c75,2,2,static,"A young boy wearing a blue sweater, on the floor.",ORACLE_CANDIDATE,True,0.3530300465421214,0.3461908110040257,0.3496104287730736,[4],,,,,,,,,,
long_rvos/7caa203c75/2/2,long_rvos,7caa203c75,2,2,static,"A young boy wearing a blue sweater, on the floor.",ORACLE_ID_POINT,True,0.03125,0.03125,0.03125,"[4, 4, 4, 4]",1,True,,"2:7caa203c75:[{""frame"":82,""point"":null,""update"":false},{""frame"":165,""point"":null,""update"":false},{""frame"":247,""point"":[0.54765625,0.001388888888888889],""update"":true},{""frame"":330,""point"":null,""update"":false}]",long_rvos/7caa203c75/2/3,ORACLE_ID_POINT,38.65617464482784,10269341696,success,False
long_rvos/7caa203c75/2/2,long_rvos,7caa203c75,2,2,static,"A young boy wearing a blue sweater, on the floor.",PREDICTED_CANDIDATE_DIRECT_STATIC,False,0.6345114066468374,0.6222556275212907,0.628383517084064,"[0, 3, 4, 9]",,,,,,,,,,
long_rvos/7caa203c75/2/2,long_rvos,7caa203c75,2,2,static,"A young boy wearing a blue sweater, on the floor.",PREDICTED_CANDIDATE_DIRECT_TEMPORAL,False,0.6345114066468374,0.6222556275212907,0.628383517084064,"[0, 3, 4, 9]",,,,,,,,,,
long_rvos/7caa203c75/2/2,long_rvos,7caa203c75,2,2,static,"A young boy wearing a blue sweater, on the floor.",PREDICTED_CANDIDATE_POINT_STATIC,False,0.2197972805616495,0.17242444966292259,0.19611086511228604,"[0, 3, 4, 9]",3,False,,,,,84.45331031829119,33342921728,success,False
long_rvos/7caa203c75/2/2,long_rvos,7caa203c75,2,2,static,"A young boy wearing a blue sweater, on the floor.",PREDICTED_CANDIDATE_POINT_TEMPORAL,False,0.2197972805616495,0.17242444966292259,0.19611086511228604,"[0, 3, 4, 9]",3,True,,"2:7caa203c75:[{""frame"":82,""point"":null,""update"":false},{""frame"":165,""point"":[0.64765625,0.3263888888888889],""update"":true},{""frame"":247,""point"":[0.54765625,0.001388888888888889],""update"":true},{""frame"":330,""point"":[0.45703125,0.7708333333333334],""update"":true}]",long_rvos/7caa203c75/2/2,PREDICTED_CANDIDATE_POINT_STATIC,84.45331031829119,33342921728,success,False
long_rvos/7caa203c75/2/3,long_rvos,7caa203c75,2,3,dynamic,A boy is lying on the floor playing with a toy.,ORACLE_CANDIDATE,True,0.35300679472441,0.34606778892992474,0.34953729182716736,[4],,,,,,,,,,
long_rvos/7caa203c75/2/3,long_rvos,7caa203c75,2,3,dynamic,A boy is lying on the floor playing with a toy.,ORACLE_ID_POINT,True,0.03125,0.03125,0.03125,"[4, 4, 4, 4]",1,False,,,,,38.65617464482784,10269341696,success,False
long_rvos/7caa203c75/2/3,long_rvos,7caa203c75,2,3,dynamic,A boy is lying on the floor playing with a toy.,PREDICTED_CANDIDATE_DIRECT_STATIC,False,0.6482960553067962,0.6313934834537991,0.6398447693802977,"[0, 3, 4, 6]",,,,,,,,,,
long_rvos/7caa203c75/2/3,long_rvos,7caa203c75,2,3,dynamic,A boy is lying on the floor playing with a toy.,PREDICTED_CANDIDATE_DIRECT_TEMPORAL,False,0.6482960553067962,0.6313934834537991,0.6398447693802977,"[0, 3, 4, 6]",,,,,,,,,,
long_rvos/7caa203c75/2/3,long_rvos,7caa203c75,2,3,dynamic,A boy is lying on the floor playing with a toy.,PREDICTED_CANDIDATE_POINT_STATIC,False,0.21982336454277762,0.1725017093545759,0.19616253694867675,"[0, 3, 4, 6]",3,False,,,,,85.9476905837655,33342921728,success,False
long_rvos/7caa203c75/2/3,long_rvos,7caa203c75,2,3,dynamic,A boy is lying on the floor playing with a toy.,PREDICTED_CANDIDATE_POINT_TEMPORAL,False,0.21982336454277762,0.1725017093545759,0.19616253694867675,"[0, 3, 4, 6]",3,True,,"2:7caa203c75:[{""frame"":82,""point"":null,""update"":false},{""frame"":165,""point"":[0.64609375,0.3236111111111111],""update"":true},{""frame"":247,""point"":[0.54765625,0.001388888888888889],""update"":true},{""frame"":330,""point"":[0.44140625,0.8347222222222223],""update"":true}]",long_rvos/7caa203c75/2/3,PREDICTED_CANDIDATE_POINT_STATIC,85.9476905837655,33342921728,success,False
long_rvos/7caa203c75/2/5,long_rvos,7caa203c75,2,5,hybrid,A boy in a blue sweater lies on the floor playing with a toy.,ORACLE_CANDIDATE,True,0.35300679472441,0.34606778892992474,0.34953729182716736,[4],,,,,,,,,,
long_rvos/7caa203c75/2/5,long_rvos,7caa203c75,2,5,hybrid,A boy in a blue sweater lies on the floor playing with a toy.,ORACLE_ID_POINT,True,0.03125,0.03125,0.03125,"[4, 4, 4, 4]",1,True,,"2:7caa203c75:[{""frame"":82,""point"":null,""update"":false},{""frame"":165,""point"":null,""update"":false},{""frame"":247,""point"":[0.54765625,0.001388888888888889],""update"":true},{""frame"":330,""point"":null,""update"":false}]",long_rvos/7caa203c75/2/3,ORACLE_ID_POINT,38.65617464482784,10269341696,success,False
long_rvos/7caa203c75/2/5,long_rvos,7caa203c75,2,5,hybrid,A boy in a blue sweater lies on the floor playing with a toy.,PREDICTED_CANDIDATE_DIRECT_STATIC,False,0.6482960553067962,0.6313934834537991,0.6398447693802977,"[0, 3, 4, 6]",,,,,,,,,,
long_rvos/7caa203c75/2/5,long_rvos,7caa203c75,2,5,hybrid,A boy in a blue sweater lies on the floor playing with a toy.,PREDICTED_CANDIDATE_DIRECT_TEMPORAL,False,0.6482960553067962,0.6313934834537991,0.6398447693802977,"[0, 3, 4, 6]",,,,,,,,,,
long_rvos/7caa203c75/2/5,long_rvos,7caa203c75,2,5,hybrid,A boy in a blue sweater lies on the floor playing with a toy.,PREDICTED_CANDIDATE_POINT_STATIC,False,0.21982336454277762,0.1725017093545759,0.19616253694867675,"[0, 3, 4, 6]",3,True,,"2:7caa203c75:[{""frame"":82,""point"":null,""update"":false},{""frame"":165,""point"":[0.64609375,0.3236111111111111],""update"":true},{""frame"":247,""point"":[0.54765625,0.001388888888888889],""update"":true},{""frame"":330,""point"":[0.44140625,0.8347222222222223],""update"":true}]",long_rvos/7caa203c75/2/3,PREDICTED_CANDIDATE_POINT_STATIC,85.9476905837655,33342921728,success,False
long_rvos/7caa203c75/2/5,long_rvos,7caa203c75,2,5,hybrid,A boy in a blue sweater lies on the floor playing with a toy.,PREDICTED_CANDIDATE_POINT_TEMPORAL,False,0.21982336454277762,0.1725017093545759,0.19616253694867675,"[0, 3, 4, 6]",3,True,,"2:7caa203c75:[{""frame"":82,""point"":null,""update"":false},{""frame"":165,""point"":[0.64609375,0.3236111111111111],""update"":true},{""frame"":247,""point"":[0.54765625,0.001388888888888889],""update"":true},{""frame"":330,""point"":[0.44140625,0.8347222222222223],""update"":true}]",long_rvos/7caa203c75/2/3,PREDICTED_CANDIDATE_POINT_STATIC,85.9476905837655,33342921728,success,False
long_rvos/8086f00d3d/2/10,long_rvos,8086f00d3d,2,10,hybrid,"A little boy covered with a red blanket, lying on a woman.",ORACLE_CANDIDATE,True,0.9844634566734007,0.9643431458411595,0.9744033012572801,[0],,,,,,,,,,
long_rvos/8086f00d3d/2/10,long_rvos,8086f00d3d,2,10,hybrid,"A little boy covered with a red blanket, lying on a woman.",ORACLE_ID_POINT,True,0.14091502567454683,0.15371731097860586,0.14731616832657635,"[0, 0, 0, 0]",4,True,,"2:8086f00d3d:[{""frame"":134,""point"":[0.44140625,0.001388888888888889],""update"":true},{""frame"":269,""point"":[0.00078125,0.001388888888888889],""update"":true},{""frame"":404,""point"":[0.00078125,0.001388888888888889],""update"":true},{""frame"":539,""point"":[0.00078125,0.03194444444444444],""update"":true}]",long_rvos/8086f00d3d/2/10,PREDICTED_CANDIDATE_POINT_STATIC,197.48369143903255,63499881472,success,False
long_rvos/8086f00d3d/2/10,long_rvos,8086f00d3d,2,10,hybrid,"A little boy covered with a red blanket, lying on a woman.",PREDICTED_CANDIDATE_DIRECT_STATIC,False,0.9844634566734007,0.9643431458411595,0.9744033012572801,"[0, 0, 0, 0]",,,,,,,,,,
long_rvos/8086f00d3d/2/10,long_rvos,8086f00d3d,2,10,hybrid,"A little boy covered with a red blanket, lying on a woman.",PREDICTED_CANDIDATE_DIRECT_TEMPORAL,False,0.9844634566734007,0.9643431458411595,0.9744033012572801,"[0, 0, 0, 0]",,,,,,,,,,
long_rvos/8086f00d3d/2/10,long_rvos,8086f00d3d,2,10,hybrid,"A little boy covered with a red blanket, lying on a woman.",PREDICTED_CANDIDATE_POINT_STATIC,False,0.14091502567454683,0.15371731097860586,0.14731616832657635,"[0, 0, 0, 0]",4,False,,,,,197.48369143903255,63499881472,success,False
long_rvos/8086f00d3d/2/10,long_rvos,8086f00d3d,2,10,hybrid,"A little boy covered with a red blanket, lying on a woman.",PREDICTED_CANDIDATE_POINT_TEMPORAL,False,0.14091502567454683,0.15371731097860586,0.14731616832657635,"[0, 0, 0, 0]",4,True,,"2:8086f00d3d:[{""frame"":134,""point"":[0.44140625,0.001388888888888889],""update"":true},{""frame"":269,""point"":[0.00078125,0.001388888888888889],""update"":true},{""frame"":404,""point"":[0.00078125,0.001388888888888889],""update"":true},{""frame"":539,""point"":[0.00078125,0.03194444444444444],""update"":true}]",long_rvos/8086f00d3d/2/10,PREDICTED_CANDIDATE_POINT_STATIC,197.48369143903255,63499881472,success,False
long_rvos/8086f00d3d/2/11,long_rvos,8086f00d3d,2,11,hybrid,"A baby in a red blanket lies on a woman, with his eyes constantly turning.",ORACLE_CANDIDATE,True,0.9824829648651052,0.9663154530034499,0.9743992089342776,[0],,,,,,,,,,
long_rvos/8086f00d3d/2/11,long_rvos,8086f00d3d,2,11,hybrid,"A baby in a red blanket lies on a woman, with his eyes constantly turning.",ORACLE_ID_POINT,True,0.3809257501180121,0.38885438479053813,0.3848900674542751,"[0, 0, 0, 0]",4,True,,"2:8086f00d3d:[{""frame"":134,""point"":[0.44140625,0.001388888888888889],""update"":true},{""frame"":269,""point"":[0.00078125,0.001388888888888889],""update"":true},{""frame"":404,""point"":[0.43203125,0.001388888888888889],""update"":true},{""frame"":539,""point"":[0.00078125,0.029166666666666667],""update"":true}]",long_rvos/8086f00d3d/2/7,PREDICTED_CANDIDATE_POINT_STATIC,195.7410470545292,63499881472,success,False
long_rvos/8086f00d3d/2/11,long_rvos,8086f00d3d,2,11,hybrid,"A baby in a red blanket lies on a woman, with his eyes constantly turning.",PREDICTED_CANDIDATE_DIRECT_STATIC,False,0.9824829648651052,0.9663154530034499,0.9743992089342776,"[0, 0, 0, 0]",,,,,,,,,,
long_rvos/8086f00d3d/2/11,long_rvos,8086f00d3d,2,11,hybrid,"A baby in a red blanket lies on a woman, with his eyes constantly turning.",PREDICTED_CANDIDATE_DIRECT_TEMPORAL,False,0.9824829648651052,0.9663154530034499,0.9743992089342776,"[0, 0, 0, 0]",,,,,,,,,,
long_rvos/8086f00d3d/2/11,long_rvos,8086f00d3d,2,11,hybrid,"A baby in a red blanket lies on a woman, with his eyes constantly turning.",PREDICTED_CANDIDATE_POINT_STATIC,False,0.3809257501180121,0.38885438479053813,0.3848900674542751,"[0, 0, 0, 0]",4,True,,"2:8086f00d3d:[{""frame"":134,""point"":[0.44140625,0.001388888888888889],""update"":true},{""frame"":269,""point"":[0.00078125,0.001388888888888889],""update"":true},{""frame"":404,""point"":[0.43203125,0.001388888888888889],""update"":true},{""frame"":539,""point"":[0.00078125,0.029166666666666667],""update"":true}]",long_rvos/8086f00d3d/2/7,PREDICTED_CANDIDATE_POINT_STATIC,195.7410470545292,63499881472,success,False
long_rvos/8086f00d3d/2/11,long_rvos,8086f00d3d,2,11,hybrid,"A baby in a red blanket lies on a woman, with his eyes constantly turning.",PREDICTED_CANDIDATE_POINT_TEMPORAL,False,0.3809257501180121,0.38885438479053813,0.3848900674542751,"[0, 0, 0, 0]",4,True,,"2:8086f00d3d:[{""frame"":134,""point"":[0.44140625,0.001388888888888889],""update"":true},{""frame"":269,""point"":[0.00078125,0.001388888888888889],""update"":true},{""frame"":404,""point"":[0.43203125,0.001388888888888889],""update"":true},{""frame"":539,""point"":[0.00078125,0.029166666666666667],""update"":true}]",long_rvos/8086f00d3d/2/7,PREDICTED_CANDIDATE_POINT_STATIC,195.7410470545292,63499881472,success,False
long_rvos/8086f00d3d/2/4,long_rvos,8086f00d3d,2,4,static,A little boy covered with a red blanket.,ORACLE_CANDIDATE,True,0.9844634566734007,0.9643431458411595,0.9744033012572801,[0],,,,,,,,,,
long_rvos/8086f00d3d/2/4,long_rvos,8086f00d3d,2,4,static,A little boy covered with a red blanket.,ORACLE_ID_POINT,True,0.14091502567454683,0.15371731097860586,0.14731616832657635,"[0, 0, 0, 0]",4,True,,"2:8086f00d3d:[{""frame"":134,""point"":[0.44140625,0.001388888888888889],""update"":true},{""frame"":269,""point"":[0.00078125,0.001388888888888889],""update"":true},{""frame"":404,""point"":[0.00078125,0.001388888888888889],""update"":true},{""frame"":539,""point"":[0.00078125,0.03194444444444444],""update"":true}]",long_rvos/8086f00d3d/2/10,PREDICTED_CANDIDATE_POINT_STATIC,197.48369143903255,63499881472,success,False
long_rvos/8086f00d3d/2/4,long_rvos,8086f00d3d,2,4,static,A little boy covered with a red blanket.,PREDICTED_CANDIDATE_DIRECT_STATIC,False,0.9844634566734007,0.9643431458411595,0.9744033012572801,"[0, 0, 0, 0]",,,,,,,,,,
long_rvos/8086f00d3d/2/4,long_rvos,8086f00d3d,2,4,static,A little boy covered with a red blanket.,PREDICTED_CANDIDATE_DIRECT_TEMPORAL,False,0.9844634566734007,0.9643431458411595,0.9744033012572801,"[0, 0, 0, 0]",,,,,,,,,,
long_rvos/8086f00d3d/2/4,long_rvos,8086f00d3d,2,4,static,A little boy covered with a red blanket.,PREDICTED_CANDIDATE_POINT_STATIC,False,0.14091502567454683,0.15371731097860586,0.14731616832657635,"[0, 0, 0, 0]",4,True,,"2:8086f00d3d:[{""frame"":134,""point"":[0.44140625,0.001388888888888889],""update"":true},{""frame"":269,""point"":[0.00078125,0.001388888888888889],""update"":true},{""frame"":404,""point"":[0.00078125,0.001388888888888889],""update"":true},{""frame"":539,""point"":[0.00078125,0.03194444444444444],""update"":true}]",long_rvos/8086f00d3d/2/10,PREDICTED_CANDIDATE_POINT_STATIC,197.48369143903255,63499881472,success,False
long_rvos/8086f00d3d/2/4,long_rvos,8086f00d3d,2,4,static,A little boy covered with a red blanket.,PREDICTED_CANDIDATE_POINT_TEMPORAL,False,0.14091502567454683,0.15371731097860586,0.14731616832657635,"[0, 0, 0, 0]",4,True,,"2:8086f00d3d:[{""frame"":134,""point"":[0.44140625,0.001388888888888889],""update"":true},{""frame"":269,""point"":[0.00078125,0.001388888888888889],""update"":true},{""frame"":404,""point"":[0.00078125,0.001388888888888889],""update"":true},{""frame"":539,""point"":[0.00078125,0.03194444444444444],""update"":true}]",long_rvos/8086f00d3d/2/10,PREDICTED_CANDIDATE_POINT_STATIC,197.48369143903255,63499881472,success,False
long_rvos/8086f00d3d/2/5,long_rvos,8086f00d3d,2,5,dynamic,The little baby is lying on the woman.,ORACLE_CANDIDATE,True,0.9568246891751004,0.9418032702341284,0.9493139797046144,[0],,,,,,,,,,
long_rvos/8086f00d3d/2/5,long_rvos,8086f00d3d,2,5,dynamic,The little baby is lying on the woman.,ORACLE_ID_POINT,True,0.040943707984244335,0.034558045251850744,0.03775087661804754,"[0, 0, 0, 0]",4,True,,"2:8086f00d3d:[{""frame"":134,""point"":[0.00078125,0.001388888888888889],""update"":true},{""frame"":269,""point"":[0.00078125,0.001388888888888889],""update"":true},{""frame"":404,""point"":[0.00078125,0.001388888888888889],""update"":true},{""frame"":539,""point"":[0.00078125,0.0375],""update"":true}]",long_rvos/8086f00d3d/2/5,PREDICTED_CANDIDATE_POINT_STATIC,196.79842370003462,63499881472,success,False
long_rvos/8086f00d3d/2/5,long_rvos,8086f00d3d,2,5,dynamic,The little baby is lying on the woman.,PREDICTED_CANDIDATE_DIRECT_STATIC,False,0.9568246891751004,0.9418032702341284,0.9493139797046144,"[0, 0, 0, 0]",,,,,,,,,,
long_rvos/8086f00d3d/2/5,long_rvos,8086f00d3d,2,5,dynamic,The little baby is lying on the woman.,PREDICTED_CANDIDATE_DIRECT_TEMPORAL,False,0.9568246891751004,0.9418032702341284,0.9493139797046144,"[0, 0, 0, 0]",,,,,,,,,,
long_rvos/8086f00d3d/2/5,long_rvos,8086f00d3d,2,5,dynamic,The little baby is lying on the woman.,PREDICTED_CANDIDATE_POINT_STATIC,False,0.040943707984244335,0.034558045251850744,0.03775087661804754,"[0, 0, 0, 0]",4,False,,,,,196.79842370003462,63499881472,success,False
long_rvos/8086f00d3d/2/5,long_rvos,8086f00d3d,2,5,dynamic,The little baby is lying on the woman.,PREDICTED_CANDIDATE_POINT_TEMPORAL,False,0.040943707984244335,0.034558045251850744,0.03775087661804754,"[0, 0, 0, 0]",4,True,,"2:8086f00d3d:[{""frame"":134,""point"":[0.00078125,0.001388888888888889],""update"":true},{""frame"":269,""point"":[0.00078125,0.001388888888888889],""update"":true},{""frame"":404,""point"":[0.00078125,0.001388888888888889],""update"":true},{""frame"":539,""point"":[0.00078125,0.0375],""update"":true}]",long_rvos/8086f00d3d/2/5,PREDICTED_CANDIDATE_POINT_STATIC,196.79842370003462,63499881472,success,False
long_rvos/8086f00d3d/2/6,long_rvos,8086f00d3d,2,6,static,"A baby covered with a red blanket, above a woman.",ORACLE_CANDIDATE,True,0.9824829648651052,0.9663154530034499,0.9743992089342776,[0],,,,,,,,,,
long_rvos/8086f00d3d/2/6,long_rvos,8086f00d3d,2,6,static,"A baby covered with a red blanket, above a woman.",ORACLE_ID_POINT,True,0.3809257501180121,0.38885438479053813,0.3848900674542751,"[0, 0, 0, 0]",4,True,,"2:8086f00d3d:[{""frame"":134,""point"":[0.44140625,0.001388888888888889],""update"":true},{""frame"":269,""point"":[0.00078125,0.001388888888888889],""update"":true},{""frame"":404,""point"":[0.43203125,0.001388888888888889],""update"":true},{""frame"":539,""point"":[0.00078125,0.029166666666666667],""update"":true}]",long_rvos/8086f00d3d/2/7,PREDICTED_CANDIDATE_POINT_STATIC,195.7410470545292,63499881472,success,False
long_rvos/8086f00d3d/2/6,long_rvos,8086f00d3d,2,6,static,"A baby covered with a red blanket, above a woman.",PREDICTED_CANDIDATE_DIRECT_STATIC,False,0.9824829648651052,0.9663154530034499,0.9743992089342776,"[0, 0, 0, 0]",,,,,,,,,,
long_rvos/8086f00d3d/2/6,long_rvos,8086f00d3d,2,6,static,"A baby covered with a red blanket, above a woman.",PREDICTED_CANDIDATE_DIRECT_TEMPORAL,False,0.9824829648651052,0.9663154530034499,0.9743992089342776,"[0, 0, 0, 0]",,,,,,,,,,
long_rvos/8086f00d3d/2/6,long_rvos,8086f00d3d,2,6,static,"A baby covered with a red blanket, above a woman.",PREDICTED_CANDIDATE_POINT_STATIC,False,0.3809257501180121,0.38885438479053813,0.3848900674542751,"[0, 0, 0, 0]",4,True,,"2:8086f00d3d:[{""frame"":134,""point"":[0.44140625,0.001388888888888889],""update"":true},{""frame"":269,""point"":[0.00078125,0.001388888888888889],""update"":true},{""frame"":404,""point"":[0.43203125,0.001388888888888889],""update"":true},{""frame"":539,""point"":[0.00078125,0.029166666666666667],""update"":true}]",long_rvos/8086f00d3d/2/7,PREDICTED_CANDIDATE_POINT_STATIC,195.7410470545292,63499881472,success,False
long_rvos/8086f00d3d/2/6,long_rvos,8086f00d3d,2,6,static,"A baby covered with a red blanket, above a woman.",PREDICTED_CANDIDATE_POINT_TEMPORAL,False,0.3809257501180121,0.38885438479053813,0.3848900674542751,"[0, 0, 0, 0]",4,True,,"2:8086f00d3d:[{""frame"":134,""point"":[0.44140625,0.001388888888888889],""update"":true},{""frame"":269,""point"":[0.00078125,0.001388888888888889],""update"":true},{""frame"":404,""point"":[0.43203125,0.001388888888888889],""update"":true},{""frame"":539,""point"":[0.00078125,0.029166666666666667],""update"":true}]",long_rvos/8086f00d3d/2/7,PREDICTED_CANDIDATE_POINT_STATIC,195.7410470545292,63499881472,success,False
long_rvos/8086f00d3d/2/7,long_rvos,8086f00d3d,2,7,dynamic,"The baby lies on the woman's body, with his eyes moving constantly",ORACLE_CANDIDATE,True,0.9824829648651052,0.9663154530034499,0.9743992089342776,[0],,,,,,,,,,
long_rvos/8086f00d3d/2/7,long_rvos,8086f00d3d,2,7,dynamic,"The baby lies on the woman's body, with his eyes moving constantly",ORACLE_ID_POINT,True,0.3809257501180121,0.38885438479053813,0.3848900674542751,"[0, 0, 0, 0]",4,True,,"2:8086f00d3d:[{""frame"":134,""point"":[0.44140625,0.001388888888888889],""update"":true},{""frame"":269,""point"":[0.00078125,0.001388888888888889],""update"":true},{""frame"":404,""point"":[0.43203125,0.001388888888888889],""update"":true},{""frame"":539,""point"":[0.00078125,0.029166666666666667],""update"":true}]",long_rvos/8086f00d3d/2/7,PREDICTED_CANDIDATE_POINT_STATIC,195.7410470545292,63499881472,success,False
long_rvos/8086f00d3d/2/7,long_rvos,8086f00d3d,2,7,dynamic,"The baby lies on the woman's body, with his eyes moving constantly",PREDICTED_CANDIDATE_DIRECT_STATIC,False,0.9824829648651052,0.9663154530034499,0.9743992089342776,"[0, 0, 0, 0]",,,,,,,,,,
long_rvos/8086f00d3d/2/7,long_rvos,8086f00d3d,2,7,dynamic,"The baby lies on the woman's body, with his eyes moving constantly",PREDICTED_CANDIDATE_DIRECT_TEMPORAL,False,0.9824829648651052,0.9663154530034499,0.9743992089342776,"[0, 0, 0, 0]",,,,,,,,,,
long_rvos/8086f00d3d/2/7,long_rvos,8086f00d3d,2,7,dynamic,"The baby lies on the woman's body, with his eyes moving constantly",PREDICTED_CANDIDATE_POINT_STATIC,False,0.3809257501180121,0.38885438479053813,0.3848900674542751,"[0, 0, 0, 0]",4,False,,,,,195.7410470545292,63499881472,success,False
long_rvos/8086f00d3d/2/7,long_rvos,8086f00d3d,2,7,dynamic,"The baby lies on the woman's body, with his eyes moving constantly",PREDICTED_CANDIDATE_POINT_TEMPORAL,False,0.3809257501180121,0.38885438479053813,0.3848900674542751,"[0, 0, 0, 0]",4,True,,"2:8086f00d3d:[{""frame"":134,""point"":[0.44140625,0.001388888888888889],""update"":true},{""frame"":269,""point"":[0.00078125,0.001388888888888889],""update"":true},{""frame"":404,""point"":[0.43203125,0.001388888888888889],""update"":true},{""frame"":539,""point"":[0.00078125,0.029166666666666667],""update"":true}]",long_rvos/8086f00d3d/2/7,PREDICTED_CANDIDATE_POINT_STATIC,195.7410470545292,63499881472,success,False
long_rvos/8093ebd9a3/3/14,long_rvos,8093ebd9a3,3,14,hybrid,"A man wearing camouflage clothing sits on the tank, looking around and chatting with friends.",ORACLE_CANDIDATE,True,0.5693639012736758,0.6522231909328684,0.6107935461032721,[1],,,,,,,,,,
long_rvos/8093ebd9a3/3/14,long_rvos,8093ebd9a3,3,14,hybrid,"A man wearing camouflage clothing sits on the tank, looking around and chatting with friends.",ORACLE_ID_POINT,True,0.5147541144458936,0.5769292049701019,0.5458416597079978,"[1, 1, 1, 1]",3,False,,,,,66.59191251546144,25605460992,success,False
long_rvos/8093ebd9a3/3/14,long_rvos,8093ebd9a3,3,14,hybrid,"A man wearing camouflage clothing sits on the tank, looking around and chatting with friends.",PREDICTED_CANDIDATE_DIRECT_STATIC,False,0.15276147760075284,0.34685176260757744,0.24980662010416516,"[0, 2, 2, 2]",,,,,,,,,,
long_rvos/8093ebd9a3/3/14,long_rvos,8093ebd9a3,3,14,hybrid,"A man wearing camouflage clothing sits on the tank, looking around and chatting with friends.",PREDICTED_CANDIDATE_DIRECT_TEMPORAL,False,0.3464901106879019,0.49863622807166286,0.4225631693797824,"[0, 2, 2, 1]",,,,,,,,,,
long_rvos/8093ebd9a3/3/14,long_rvos,8093ebd9a3,3,14,hybrid,"A man wearing camouflage clothing sits on the tank, looking around and chatting with friends.",PREDICTED_CANDIDATE_POINT_STATIC,False,0.09546454528949352,0.24234789804869097,0.16890622166909225,"[0, 2, 2, 2]",3,False,,,,,59.81883021444082,25605460992,success,False
long_rvos/8093ebd9a3/3/14,long_rvos,8093ebd9a3,3,14,hybrid,"A man wearing camouflage clothing sits on the tank, looking around and chatting with friends.",PREDICTED_CANDIDATE_POINT_TEMPORAL,False,0.10916166546241646,0.25848886364386037,0.1838252645531384,"[0, 2, 2, 1]",3,False,,,,,60.22603700309992,25605460992,success,False
long_rvos/8093ebd9a3/3/8,long_rvos,8093ebd9a3,3,8,static,A person on the right top of a tank.,ORACLE_CANDIDATE,True,0.537562627596758,0.6699645528328755,0.6037635902148167,[2],,,,,,,,,,
long_rvos/8093ebd9a3/3/8,long_rvos,8093ebd9a3,3,8,static,A person on the right top of a tank.,ORACLE_ID_POINT,True,0.5147795154158176,0.577088672875036,0.5459340941454267,"[2, 2, 2, 2]",3,True,,"3:8093ebd9a3:[{""frame"":58,""point"":null,""update"":false},{""frame"":117,""point"":[0.469140625,0.2826388888888889],""update"":true},{""frame"":175,""point"":[0.501171875,0.3229166666666667],""update"":true},{""frame"":234,""point"":[0.505859375,0.40069444444444446],""update"":true}]",long_rvos/8093ebd9a3/3/9,ORACLE_ID_POINT,61.460421837866306,25605460992,success,False
long_rvos/8093ebd9a3/3/8,long_rvos,8093ebd9a3,3,8,static,A person on the right top of a tank.,PREDICTED_CANDIDATE_DIRECT_STATIC,False,0.1646104238727865,0.49061508436139767,0.32761275411709206,"[0, 0, 0, 0]",,,,,,,,,,
long_rvos/8093ebd9a3/3/8,long_rvos,8093ebd9a3,3,8,static,A person on the right top of a tank.,PREDICTED_CANDIDATE_DIRECT_TEMPORAL,False,0.1646104238727865,0.49061508436139767,0.32761275411709206,"[0, 0, 0, 0]",,,,,,,,,,
long_rvos/8093ebd9a3/3/8,long_rvos,8093ebd9a3,3,8,static,A person on the right top of a tank.,PREDICTED_CANDIDATE_POINT_STATIC,False,0.10021737370026518,0.3007653609616656,0.2004913673309654,"[0, 0, 0, 0]",4,True,,"3:8093ebd9a3:[{""frame"":58,""point"":[0.298046875,0.3451388888888889],""update"":true},{""frame"":117,""point"":[0.439453125,0.27847222222222223],""update"":true},{""frame"":175,""point"":[0.467578125,0.3090277777777778],""update"":true},{""frame"":234,""point"":[0.480078125,0.3951388888888889],""update"":true}]",long_rvos/8093ebd9a3/3/9,PREDICTED_CANDIDATE_POINT_STATIC,90.03162608295679,31638141952,success,False
long_rvos/8093ebd9a3/3/8,long_rvos,8093ebd9a3,3,8,static,A person on the right top of a tank.,PREDICTED_CANDIDATE_POINT_TEMPORAL,False,0.10021737370026518,0.3007653609616656,0.2004913673309654,"[0, 0, 0, 0]",4,True,,"3:8093ebd9a3:[{""frame"":58,""point"":[0.298046875,0.3451388888888889],""update"":true},{""frame"":117,""point"":[0.439453125,0.27847222222222223],""update"":true},{""frame"":175,""point"":[0.467578125,0.3090277777777778],""update"":true},{""frame"":234,""point"":[0.480078125,0.3951388888888889],""update"":true}]",long_rvos/8093ebd9a3/3/9,PREDICTED_CANDIDATE_POINT_STATIC,90.03162608295679,31638141952,success,False
long_rvos/8093ebd9a3/3/9,long_rvos,8093ebd9a3,3,9,dynamic,"The person sits at the edge of the tank, observes the surroundings and talks with a man.",ORACLE_CANDIDATE,True,0.537562627596758,0.6699645528328755,0.6037635902148167,[2],,,,,,,,,,
long_rvos/8093ebd9a3/3/9,long_rvos,8093ebd9a3,3,9,dynamic,"The person sits at the edge of the tank, observes the surroundings and talks with a man.",ORACLE_ID_POINT,True,0.5147795154158176,0.577088672875036,0.5459340941454267,"[2, 2, 2, 2]",3,False,,,,,61.460421837866306,25605460992,success,False
long_rvos/8093ebd9a3/3/9,long_rvos,8093ebd9a3,3,9,dynamic,"The person sits at the edge of the tank, observes the surroundings and talks with a man.",PREDICTED_CANDIDATE_DIRECT_STATIC,False,0.1646104238727865,0.49061508436139767,0.32761275411709206,"[0, 0, 0, 0]",,,,,,,,,,
long_rvos/8093ebd9a3/3/9,long_rvos,8093ebd9a3,3,9,dynamic,"The person sits at the edge of the tank, observes the surroundings and talks with a man.",PREDICTED_CANDIDATE_DIRECT_TEMPORAL,False,0.2575982674155205,0.513052941550582,0.38532560448305125,"[1, 0, 0, 2]",,,,,,,,,,
long_rvos/8093ebd9a3/3/9,long_rvos,8093ebd9a3,3,9,dynamic,"The person sits at the edge of the tank, observes the surroundings and talks with a man.",PREDICTED_CANDIDATE_POINT_STATIC,False,0.10021737370026518,0.3007653609616656,0.2004913673309654,"[0, 0, 0, 0]",4,False,,,,,90.03162608295679,31638141952,success,False
long_rvos/8093ebd9a3/3/9,long_rvos,8093ebd9a3,3,9,dynamic,"The person sits at the edge of the tank, observes the surroundings and talks with a man.",PREDICTED_CANDIDATE_POINT_TEMPORAL,False,0.10908305063474982,0.2586200447969693,0.18385154771585957,"[1, 0, 0, 2]",3,False,,,,,60.245419934391975,25605460992,success,False
long_rvos/8290c48fcb/9/16,long_rvos,8290c48fcb,9,16,static,"A hand, to the left of the pile of mice.",ORACLE_CANDIDATE,True,0.8901884656752936,0.7920706114496436,0.8411295385624686,[1],,,,,,,,,,
long_rvos/8290c48fcb/9/16,long_rvos,8290c48fcb,9,16,static,"A hand, to the left of the pile of mice.",ORACLE_ID_POINT,True,0.8373124236165865,0.7388726129826595,0.788092518299623,"[1, 1, 1, 1]",3,True,,"9:8290c48fcb:[{""frame"":131,""point"":[0.00078125,0.334375],""update"":true},{""frame"":263,""point"":[0.07734375,0.9989583333333333],""update"":true},{""frame"":395,""point"":[0.00078125,0.28854166666666664],""update"":true},{""frame"":527,""point"":null,""update"":false}]",long_rvos/8290c48fcb/9/17,PREDICTED_CANDIDATE_POINT_STATIC,177.40962014347315,62273750016,success,False
long_rvos/8290c48fcb/9/16,long_rvos,8290c48fcb,9,16,static,"A hand, to the left of the pile of mice.",PREDICTED_CANDIDATE_DIRECT_STATIC,False,0.8901884656752936,0.7920706114496436,0.8411295385624686,"[1, 1, 1, 1]",,,,,,,,,,
long_rvos/8290c48fcb/9/16,long_rvos,8290c48fcb,9,16,static,"A hand, to the left of the pile of mice.",PREDICTED_CANDIDATE_DIRECT_TEMPORAL,False,0.8901884656752936,0.7920706114496436,0.8411295385624686,"[1, 1, 1, 1]",,,,,,,,,,
long_rvos/8290c48fcb/9/16,long_rvos,8290c48fcb,9,16,static,"A hand, to the left of the pile of mice.",PREDICTED_CANDIDATE_POINT_STATIC,False,0.8373124236165865,0.7388726129826595,0.788092518299623,"[1, 1, 1, 1]",3,True,,"9:8290c48fcb:[{""frame"":131,""point"":[0.00078125,0.334375],""update"":true},{""frame"":263,""point"":[0.07734375,0.9989583333333333],""update"":true},{""frame"":395,""point"":[0.00078125,0.28854166666666664],""update"":true},{""frame"":527,""point"":null,""update"":false}]",long_rvos/8290c48fcb/9/17,PREDICTED_CANDIDATE_POINT_STATIC,177.40962014347315,62273750016,success,False
long_rvos/8290c48fcb/9/16,long_rvos,8290c48fcb,9,16,static,"A hand, to the left of the pile of mice.",PREDICTED_CANDIDATE_POINT_TEMPORAL,False,0.8373124236165865,0.7388726129826595,0.788092518299623,"[1, 1, 1, 1]",3,True,,"9:8290c48fcb:[{""frame"":131,""point"":[0.00078125,0.334375],""update"":true},{""frame"":263,""point"":[0.07734375,0.9989583333333333],""update"":true},{""frame"":395,""point"":[0.00078125,0.28854166666666664],""update"":true},{""frame"":527,""point"":null,""update"":false}]",long_rvos/8290c48fcb/9/17,PREDICTED_CANDIDATE_POINT_STATIC,177.40962014347315,62273750016,success,False
long_rvos/8290c48fcb/9/17,long_rvos,8290c48fcb,9,17,dynamic,"The hand picks up a mouse from the pile, inspects it, and puts it back.",ORACLE_CANDIDATE,True,0.8901884656752936,0.7920706114496436,0.8411295385624686,[1],,,,,,,,,,
long_rvos/8290c48fcb/9/17,long_rvos,8290c48fcb,9,17,dynamic,"The hand picks up a mouse from the pile, inspects it, and puts it back.",ORACLE_ID_POINT,True,0.8373124236165865,0.7388726129826595,0.788092518299623,"[1, 1, 1, 1]",3,True,,"9:8290c48fcb:[{""frame"":131,""point"":[0.00078125,0.334375],""update"":true},{""frame"":263,""point"":[0.07734375,0.9989583333333333],""update"":true},{""frame"":395,""point"":[0.00078125,0.28854166666666664],""update"":true},{""frame"":527,""point"":null,""update"":false}]",long_rvos/8290c48fcb/9/17,PREDICTED_CANDIDATE_POINT_STATIC,177.40962014347315,62273750016,success,False
long_rvos/8290c48fcb/9/17,long_rvos,8290c48fcb,9,17,dynamic,"The hand picks up a mouse from the pile, inspects it, and puts it back.",PREDICTED_CANDIDATE_DIRECT_STATIC,False,0.8901884656752936,0.7920706114496436,0.8411295385624686,"[1, 1, 1, 1]",,,,,,,,,,
long_rvos/8290c48fcb/9/17,long_rvos,8290c48fcb,9,17,dynamic,"The hand picks up a mouse from the pile, inspects it, and puts it back.",PREDICTED_CANDIDATE_DIRECT_TEMPORAL,False,0.8901884656752936,0.7920706114496436,0.8411295385624686,"[1, 1, 1, 1]",,,,,,,,,,
long_rvos/8290c48fcb/9/17,long_rvos,8290c48fcb,9,17,dynamic,"The hand picks up a mouse from the pile, inspects it, and puts it back.",PREDICTED_CANDIDATE_POINT_STATIC,False,0.8373124236165865,0.7388726129826595,0.788092518299623,"[1, 1, 1, 1]",3,False,,,,,177.40962014347315,62273750016,success,False
long_rvos/8290c48fcb/9/17,long_rvos,8290c48fcb,9,17,dynamic,"The hand picks up a mouse from the pile, inspects it, and puts it back.",PREDICTED_CANDIDATE_POINT_TEMPORAL,False,0.8373124236165865,0.7388726129826595,0.788092518299623,"[1, 1, 1, 1]",3,True,,"9:8290c48fcb:[{""frame"":131,""point"":[0.00078125,0.334375],""update"":true},{""frame"":263,""point"":[0.07734375,0.9989583333333333],""update"":true},{""frame"":395,""point"":[0.00078125,0.28854166666666664],""update"":true},{""frame"":527,""point"":null,""update"":false}]",long_rvos/8290c48fcb/9/17,PREDICTED_CANDIDATE_POINT_STATIC,177.40962014347315,62273750016,success,False
long_rvos/8290c48fcb/9/25,long_rvos,8290c48fcb,9,25,hybrid,"A hand reaches out from the left of the shot, picks up a mouse, examines it, and then puts it back.",ORACLE_CANDIDATE,True,0.8901884656752936,0.7920706114496436,0.8411295385624686,[1],,,,,,,,,,
long_rvos/8290c48fcb/9/25,long_rvos,8290c48fcb,9,25,hybrid,"A hand reaches out from the left of the shot, picks up a mouse, examines it, and then puts it back.",ORACLE_ID_POINT,True,0.8373124236165865,0.7388726129826595,0.788092518299623,"[1, 1, 1, 1]",3,True,,"9:8290c48fcb:[{""frame"":131,""point"":[0.00078125,0.334375],""update"":true},{""frame"":263,""point"":[0.07734375,0.9989583333333333],""update"":true},{""frame"":395,""point"":[0.00078125,0.28854166666666664],""update"":true},{""frame"":527,""point"":null,""update"":false}]",long_rvos/8290c48fcb/9/17,PREDICTED_CANDIDATE_POINT_STATIC,177.40962014347315,62273750016,success,False
long_rvos/8290c48fcb/9/25,long_rvos,8290c48fcb,9,25,hybrid,"A hand reaches out from the left of the shot, picks up a mouse, examines it, and then puts it back.",PREDICTED_CANDIDATE_DIRECT_STATIC,False,0.8901884656752936,0.7920706114496436,0.8411295385624686,"[1, 1, 1, 1]",,,,,,,,,,
long_rvos/8290c48fcb/9/25,long_rvos,8290c48fcb,9,25,hybrid,"A hand reaches out from the left of the shot, picks up a mouse, examines it, and then puts it back.",PREDICTED_CANDIDATE_DIRECT_TEMPORAL,False,0.8901884656752936,0.7920706114496436,0.8411295385624686,"[1, 1, 1, 1]",,,,,,,,,,
long_rvos/8290c48fcb/9/25,long_rvos,8290c48fcb,9,25,hybrid,"A hand reaches out from the left of the shot, picks up a mouse, examines it, and then puts it back.",PREDICTED_CANDIDATE_POINT_STATIC,False,0.8373124236165865,0.7388726129826595,0.788092518299623,"[1, 1, 1, 1]",3,True,,"9:8290c48fcb:[{""frame"":131,""point"":[0.00078125,0.334375],""update"":true},{""frame"":263,""point"":[0.07734375,0.9989583333333333],""update"":true},{""frame"":395,""point"":[0.00078125,0.28854166666666664],""update"":true},{""frame"":527,""point"":null,""update"":false}]",long_rvos/8290c48fcb/9/17,PREDICTED_CANDIDATE_POINT_STATIC,177.40962014347315,62273750016,success,False
long_rvos/8290c48fcb/9/25,long_rvos,8290c48fcb,9,25,hybrid,"A hand reaches out from the left of the shot, picks up a mouse, examines it, and then puts it back.",PREDICTED_CANDIDATE_POINT_TEMPORAL,False,0.8373124236165865,0.7388726129826595,0.788092518299623,"[1, 1, 1, 1]",3,True,,"9:8290c48fcb:[{""frame"":131,""point"":[0.00078125,0.334375],""update"":true},{""frame"":263,""point"":[0.07734375,0.9989583333333333],""update"":true},{""frame"":395,""point"":[0.00078125,0.28854166666666664],""update"":true},{""frame"":527,""point"":null,""update"":false}]",long_rvos/8290c48fcb/9/17,PREDICTED_CANDIDATE_POINT_STATIC,177.40962014347315,62273750016,success,False
long_rvos/84dc481247/3/10,long_rvos,84dc481247,3,10,static,"A man with golden hair, wearing a navy short-sleeve shirt, surrounded by other men wearing headphones.",ORACLE_CANDIDATE,True,0.7466028486454709,0.730546067615718,0.7385744581305944,[10],,,,,,,,,,
long_rvos/84dc481247/3/10,long_rvos,84dc481247,3,10,static,"A man with golden hair, wearing a navy short-sleeve shirt, surrounded by other men wearing headphones.",ORACLE_ID_POINT,True,0.546875,0.546875,0.546875,"[10, 10, 10, 10]",1,True,,"3:84dc481247:[{""frame"":81,""point"":null,""update"":false},{""frame"":163,""point"":[0.843,0.5628342245989305],""update"":true},{""frame"":244,""point"":null,""update"":false},{""frame"":326,""point"":null,""update"":false}]",long_rvos/84dc481247/3/9,ORACLE_ID_POINT,47.82207594066858,10910620160,success,False
long_rvos/84dc481247/3/10,long_rvos,84dc481247,3,10,static,"A man with golden hair, wearing a navy short-sleeve shirt, surrounded by other men wearing headphones.",PREDICTED_CANDIDATE_DIRECT_STATIC,False,0.3910790614886471,0.39668379068310544,0.3938814260858763,"[5, 1, 0, 0]",,,,,,,,,,
long_rvos/84dc481247/3/10,long_rvos,84dc481247,3,10,static,"A man with golden hair, wearing a navy short-sleeve shirt, surrounded by other men wearing headphones.",PREDICTED_CANDIDATE_DIRECT_TEMPORAL,False,0.5827482945196101,0.5520344167398757,0.567391355629743,"[2, 1, 0, 1]",,,,,,,,,,
long_rvos/84dc481247/3/10,long_rvos,84dc481247,3,10,static,"A man with golden hair, wearing a navy short-sleeve shirt, surrounded by other men wearing headphones.",PREDICTED_CANDIDATE_POINT_STATIC,False,0.3125,0.3125,0.3125,"[5, 1, 0, 0]",2,False,,,,,67.1390693038702,40272064000,success,False
long_rvos/84dc481247/3/10,long_rvos,84dc481247,3,10,static,"A man with golden hair, wearing a navy short-sleeve shirt, surrounded by other men wearing headphones.",PREDICTED_CANDIDATE_POINT_TEMPORAL,False,0.546875,0.546875,0.546875,"[2, 1, 0, 1]",1,False,,,,,56.17795576900244,11325053440,success,False
long_rvos/84dc481247/3/15,long_rvos,84dc481247,3,15,hybrid,A slim man in yellow earplugs and a patterned T-shirt walks back and forth chatting.,ORACLE_CANDIDATE,True,0.0,0.0,0.0,[null],,,,,,,,,,
long_rvos/84dc481247/3/15,long_rvos,84dc481247,3,15,hybrid,A slim man in yellow earplugs and a patterned T-shirt walks back and forth chatting.,ORACLE_ID_POINT,True,0.546875,0.546875,0.546875,"[None, None, None, None]",0,True,,"3:84dc481247:[{""frame"":81,""point"":null,""update"":false},{""frame"":163,""point"":null,""update"":false},{""frame"":244,""point"":null,""update"":false},{""frame"":326,""point"":null,""update"":false}]",long_rvos/84dc481247/3/15,PREDICTED_CANDIDATE_POINT_STATIC,16.74017432332039,7260098560,success,False
long_rvos/84dc481247/3/15,long_rvos,84dc481247,3,15,hybrid,A slim man in yellow earplugs and a patterned T-shirt walks back and forth chatting.,PREDICTED_CANDIDATE_DIRECT_STATIC,False,0.546875,0.546875,0.546875,"[null, null, null, null]",,,,,,,,,,
long_rvos/84dc481247/3/15,long_rvos,84dc481247,3,15,hybrid,A slim man in yellow earplugs and a patterned T-shirt walks back and forth chatting.,PREDICTED_CANDIDATE_DIRECT_TEMPORAL,False,0.546875,0.546875,0.546875,"[null, null, null, null]",,,,,,,,,,
long_rvos/84dc481247/3/15,long_rvos,84dc481247,3,15,hybrid,A slim man in yellow earplugs and a patterned T-shirt walks back and forth chatting.,PREDICTED_CANDIDATE_POINT_STATIC,False,0.546875,0.546875,0.546875,"[None, None, None, None]",0,False,,,,,16.74017432332039,7260098560,success,False
long_rvos/84dc481247/3/15,long_rvos,84dc481247,3,15,hybrid,A slim man in yellow earplugs and a patterned T-shirt walks back and forth chatting.,PREDICTED_CANDIDATE_POINT_TEMPORAL,False,0.546875,0.546875,0.546875,"[None, None, None, None]",0,True,,"3:84dc481247:[{""frame"":81,""point"":null,""update"":false},{""frame"":163,""point"":null,""update"":false},{""frame"":244,""point"":null,""update"":false},{""frame"":326,""point"":null,""update"":false}]",long_rvos/84dc481247/3/15,PREDICTED_CANDIDATE_POINT_STATIC,16.74017432332039,7260098560,success,False
long_rvos/84dc481247/3/8,long_rvos,84dc481247,3,8,static,"A slim man wearing yellow earplugs, a T-shirt with a pattern on the front and black stripes on the sleeves, and glasses.",ORACLE_CANDIDATE,True,0.0,0.0,0.0,[null],,,,,,,,,,
long_rvos/84dc481247/3/8,long_rvos,84dc481247,3,8,static,"A slim man wearing yellow earplugs, a T-shirt with a pattern on the front and black stripes on the sleeves, and glasses.",ORACLE_ID_POINT,True,0.546875,0.546875,0.546875,"[None, None, None, None]",0,True,,"3:84dc481247:[{""frame"":81,""point"":null,""update"":false},{""frame"":163,""point"":null,""update"":false},{""frame"":244,""point"":null,""update"":false},{""frame"":326,""point"":null,""update"":false}]",long_rvos/84dc481247/3/15,PREDICTED_CANDIDATE_POINT_STATIC,16.74017432332039,7260098560,success,False
long_rvos/84dc481247/3/8,long_rvos,84dc481247,3,8,static,"A slim man wearing yellow earplugs, a T-shirt with a pattern on the front and black stripes on the sleeves, and glasses.",PREDICTED_CANDIDATE_DIRECT_STATIC,False,0.546875,0.546875,0.546875,"[null, null, null, null]",,,,,,,,,,
long_rvos/84dc481247/3/8,long_rvos,84dc481247,3,8,static,"A slim man wearing yellow earplugs, a T-shirt with a pattern on the front and black stripes on the sleeves, and glasses.",PREDICTED_CANDIDATE_DIRECT_TEMPORAL,False,0.546875,0.546875,0.546875,"[null, null, null, null]",,,,,,,,,,
long_rvos/84dc481247/3/8,long_rvos,84dc481247,3,8,static,"A slim man wearing yellow earplugs, a T-shirt with a pattern on the front and black stripes on the sleeves, and glasses.",PREDICTED_CANDIDATE_POINT_STATIC,False,0.546875,0.546875,0.546875,"[None, None, None, None]",0,True,,"3:84dc481247:[{""frame"":81,""point"":null,""update"":false},{""frame"":163,""point"":null,""update"":false},{""frame"":244,""point"":null,""update"":false},{""frame"":326,""point"":null,""update"":false}]",long_rvos/84dc481247/3/15,PREDICTED_CANDIDATE_POINT_STATIC,16.74017432332039,7260098560,success,False
long_rvos/84dc481247/3/8,long_rvos,84dc481247,3,8,static,"A slim man wearing yellow earplugs, a T-shirt with a pattern on the front and black stripes on the sleeves, and glasses.",PREDICTED_CANDIDATE_POINT_TEMPORAL,False,0.546875,0.546875,0.546875,"[None, None, None, None]",0,True,,"3:84dc481247:[{""frame"":81,""point"":null,""update"":false},{""frame"":163,""point"":null,""update"":false},{""frame"":244,""point"":null,""update"":false},{""frame"":326,""point"":null,""update"":false}]",long_rvos/84dc481247/3/15,PREDICTED_CANDIDATE_POINT_STATIC,16.74017432332039,7260098560,success,False
long_rvos/84dc481247/3/9,long_rvos,84dc481247,3,9,dynamic,"The man was walking back and forth, then turned around and talked to someone else.",ORACLE_CANDIDATE,True,0.7466028486454709,0.730546067615718,0.7385744581305944,[10],,,,,,,,,,
long_rvos/84dc481247/3/9,long_rvos,84dc481247,3,9,dynamic,"The man was walking back and forth, then turned around and talked to someone else.",ORACLE_ID_POINT,True,0.546875,0.546875,0.546875,"[10, 10, 10, 10]",1,False,,,,,47.82207594066858,10910620160,success,False
long_rvos/84dc481247/3/9,long_rvos,84dc481247,3,9,dynamic,"The man was walking back and forth, then turned around and talked to someone else.",PREDICTED_CANDIDATE_DIRECT_STATIC,False,0.4533249410922456,0.45740244863413493,0.4553636948631903,"[5, 0, 13, 0]",,,,,,,,,,
long_rvos/84dc481247/3/9,long_rvos,84dc481247,3,9,dynamic,"The man was walking back and forth, then turned around and talked to someone else.",PREDICTED_CANDIDATE_DIRECT_TEMPORAL,False,0.3440670218102586,0.3687785753801619,0.35642279859521026,"[0, 8, 13, 0]",,,,,,,,,,
long_rvos/84dc481247/3/9,long_rvos,84dc481247,3,9,dynamic,"The man was walking back and forth, then turned around and talked to someone else.",PREDICTED_CANDIDATE_POINT_STATIC,False,0.125,0.12506446621970088,0.12503223310985045,"[5, 0, 13, 0]",4,False,,,,,196.2112397029996,41153166848,success,False
long_rvos/84dc481247/3/9,long_rvos,84dc481247,3,9,dynamic,"The man was walking back and forth, then turned around and talked to someone else.",PREDICTED_CANDIDATE_POINT_TEMPORAL,False,0.265625,0.265625,0.265625,"[0, 8, 13, 0]",3,False,,,,,123.2345762848854,33005265408,success,False
long_rvos/882e8c62d3/2/2,long_rvos,882e8c62d3,2,2,static,A bald man wearing a black top.,ORACLE_CANDIDATE,True,0.2449260396196731,0.24419568700648558,0.24456086331307936,[2],,,,,,,,,,
long_rvos/882e8c62d3/2/2,long_rvos,882e8c62d3,2,2,static,A bald man wearing a black top.,ORACLE_ID_POINT,True,0.109375,0.109375,0.109375,"[2, 2, 2, 2]",0,True,,"2:882e8c62d3:[{""frame"":107,""point"":null,""update"":false},{""frame"":215,""point"":null,""update"":false},{""frame"":323,""point"":null,""update"":false},{""frame"":431,""point"":null,""update"":false}]",long_rvos/882e8c62d3/2/7,ORACLE_ID_POINT,23.44570368528366,7899998720,success,False
long_rvos/882e8c62d3/2/2,long_rvos,882e8c62d3,2,2,static,A bald man wearing a black top.,PREDICTED_CANDIDATE_DIRECT_STATIC,False,0.27693209464890606,0.2529626951126349,0.26494739488077046,"[0, 3, 0, 0]",,,,,,,,,,
long_rvos/882e8c62d3/2/2,long_rvos,882e8c62d3,2,2,static,A bald man wearing a black top.,PREDICTED_CANDIDATE_DIRECT_TEMPORAL,False,0.27693209464890606,0.2529626951126349,0.26494739488077046,"[0, 3, 0, 0]",,,,,,,,,,
long_rvos/882e8c62d3/2/2,long_rvos,882e8c62d3,2,2,static,A bald man wearing a black top.,PREDICTED_CANDIDATE_POINT_STATIC,False,0.109375,0.109375,0.109375,"[0, 3, 0, 0]",1,True,,"2:882e8c62d3:[{""frame"":107,""point"":null,""update"":false},{""frame"":215,""point"":[0.4247159090909091,0.5017361111111112],""update"":true},{""frame"":323,""point"":null,""update"":false},{""frame"":431,""point"":null,""update"":false}]",long_rvos/882e8c62d3/2/7,PREDICTED_CANDIDATE_POINT_STATIC,60.31569213420153,12207370752,success,False
long_rvos/882e8c62d3/2/2,long_rvos,882e8c62d3,2,2,static,A bald man wearing a black top.,PREDICTED_CANDIDATE_POINT_TEMPORAL,False,0.109375,0.109375,0.109375,"[0, 3, 0, 0]",1,True,,"2:882e8c62d3:[{""frame"":107,""point"":null,""update"":false},{""frame"":215,""point"":[0.4247159090909091,0.5017361111111112],""update"":true},{""frame"":323,""point"":null,""update"":false},{""frame"":431,""point"":null,""update"":false}]",long_rvos/882e8c62d3/2/7,PREDICTED_CANDIDATE_POINT_STATIC,60.31569213420153,12207370752,success,False
long_rvos/882e8c62d3/2/3,long_rvos,882e8c62d3,2,3,dynamic,The man walks onto the red inflatable mat and climbs onto the rocking cow toy.,ORACLE_CANDIDATE,True,0.28926705294243754,0.2877471151937523,0.2885070840680949,[8],,,,,,,,,,
long_rvos/882e8c62d3/2/3,long_rvos,882e8c62d3,2,3,dynamic,The man walks onto the red inflatable mat and climbs onto the rocking cow toy.,ORACLE_ID_POINT,True,0.109375,0.109375,0.109375,"[8, 8, 8, 8]",1,False,,,,,69.04879666864872,12207370752,success,False
long_rvos/882e8c62d3/2/3,long_rvos,882e8c62d3,2,3,dynamic,The man walks onto the red inflatable mat and climbs onto the rocking cow toy.,PREDICTED_CANDIDATE_DIRECT_STATIC,False,0.26046015399462,0.27885413969739303,0.2696571468460065,"[0, 8, 0, 0]",,,,,,,,,,
long_rvos/882e8c62d3/2/3,long_rvos,882e8c62d3,2,3,dynamic,The man walks onto the red inflatable mat and climbs onto the rocking cow toy.,PREDICTED_CANDIDATE_DIRECT_TEMPORAL,False,0.08357587931639286,0.166954399075863,0.12526513919612794,"[0, 9, 0, 0]",,,,,,,,,,
long_rvos/882e8c62d3/2/3,long_rvos,882e8c62d3,2,3,dynamic,The man walks onto the red inflatable mat and climbs onto the rocking cow toy.,PREDICTED_CANDIDATE_POINT_STATIC,False,0.4290624656590539,0.4100280292022008,0.4195452474306274,"[0, 8, 0, 0]",2,False,,,,,89.68645194917917,41486328832,success,False
long_rvos/882e8c62d3/2/3,long_rvos,882e8c62d3,2,3,dynamic,The man walks onto the red inflatable mat and climbs onto the rocking cow toy.,PREDICTED_CANDIDATE_POINT_TEMPORAL,False,0.3056710767909493,0.3110154637008612,0.30834327024590524,"[0, 9, 0, 0]",2,False,,,,,87.03439802676439,41486328832,success,False
long_rvos/882e8c62d3/2/7,long_rvos,882e8c62d3,2,7,hybrid,A bald man in black walks onto a red mat and climbs a rocking cow toy.,ORACLE_CANDIDATE,True,0.2449260396196731,0.24419568700648558,0.24456086331307936,[2],,,,,,,,,,
long_rvos/882e8c62d3/2/7,long_rvos,882e8c62d3,2,7,hybrid,A bald man in black walks onto a red mat and climbs a rocking cow toy.,ORACLE_ID_POINT,True,0.109375,0.109375,0.109375,"[2, 2, 2, 2]",0,False,,,,,23.44570368528366,7899998720,success,False
long_rvos/882e8c62d3/2/7,long_rvos,882e8c62d3,2,7,hybrid,A bald man in black walks onto a red mat and climbs a rocking cow toy.,PREDICTED_CANDIDATE_DIRECT_STATIC,False,0.27693209464890606,0.2529626951126349,0.26494739488077046,"[0, 3, 0, 0]",,,,,,,,,,
long_rvos/882e8c62d3/2/7,long_rvos,882e8c62d3,2,7,hybrid,A bald man in black walks onto a red mat and climbs a rocking cow toy.,PREDICTED_CANDIDATE_DIRECT_TEMPORAL,False,0.27693209464890606,0.2529626951126349,0.26494739488077046,"[0, 3, 0, 0]",,,,,,,,,,
long_rvos/882e8c62d3/2/7,long_rvos,882e8c62d3,2,7,hybrid,A bald man in black walks onto a red mat and climbs a rocking cow toy.,PREDICTED_CANDIDATE_POINT_STATIC,False,0.109375,0.109375,0.109375,"[0, 3, 0, 0]",1,False,,,,,60.31569213420153,12207370752,success,False
long_rvos/882e8c62d3/2/7,long_rvos,882e8c62d3,2,7,hybrid,A bald man in black walks onto a red mat and climbs a rocking cow toy.,PREDICTED_CANDIDATE_POINT_TEMPORAL,False,0.109375,0.109375,0.109375,"[0, 3, 0, 0]",1,True,,"2:882e8c62d3:[{""frame"":107,""point"":null,""update"":false},{""frame"":215,""point"":[0.4247159090909091,0.5017361111111112],""update"":true},{""frame"":323,""point"":null,""update"":false},{""frame"":431,""point"":null,""update"":false}]",long_rvos/882e8c62d3/2/7,PREDICTED_CANDIDATE_POINT_STATIC,60.31569213420153,12207370752,success,False
long_rvos/8847e5550e/2/2,long_rvos,8847e5550e,2,2,static,"A man wearing black clothes, standing to the left of a woman wearing a pink scarf.",ORACLE_CANDIDATE,True,0.8969066881378286,0.9210652669159062,0.9089859775268674,[2],,,,,,,,,,
long_rvos/8847e5550e/2/2,long_rvos,8847e5550e,2,2,static,"A man wearing black clothes, standing to the left of a woman wearing a pink scarf.",ORACLE_ID_POINT,True,0.6758717947373034,0.6875541111411367,0.6817129529392201,"[2, 2, 2, 2]",2,True,,"2:8847e5550e:[{""frame"":48,""point"":[0.351953125,0.2465277777777778],""update"":true},{""frame"":97,""point"":[0.467578125,0.26180555555555557],""update"":true},{""frame"":146,""point"":null,""update"":false},{""frame"":195,""point"":null,""update"":false}]",long_rvos/8847e5550e/2/3,ORACLE_ID_POINT,57.615893729031086,26997127168,success,False
long_rvos/8847e5550e/2/2,long_rvos,8847e5550e,2,2,static,"A man wearing black clothes, standing to the left of a woman wearing a pink scarf.",PREDICTED_CANDIDATE_DIRECT_STATIC,False,0.8375059463065374,0.8603312474333926,0.8489185968699651,"[2, 2, 0, 0]",,,,,,,,,,
long_rvos/8847e5550e/2/2,long_rvos,8847e5550e,2,2,static,"A man wearing black clothes, standing to the left of a woman wearing a pink scarf.",PREDICTED_CANDIDATE_DIRECT_TEMPORAL,False,0.6812559463065374,0.7040812474333926,0.6926685968699651,"[2, 2, 14, 0]",,,,,,,,,,
long_rvos/8847e5550e/2/2,long_rvos,8847e5550e,2,2,static,"A man wearing black clothes, standing to the left of a woman wearing a pink scarf.",PREDICTED_CANDIDATE_POINT_STATIC,False,0.6758717947373034,0.6875541111411367,0.6817129529392201,"[2, 2, 0, 0]",2,True,,"2:8847e5550e:[{""frame"":48,""point"":[0.351953125,0.2465277777777778],""update"":true},{""frame"":97,""point"":[0.467578125,0.26180555555555557],""update"":true},{""frame"":146,""point"":null,""update"":false},{""frame"":195,""point"":null,""update"":false}]",long_rvos/8847e5550e/2/3,ORACLE_ID_POINT,57.615893729031086,26997127168,success,False
long_rvos/8847e5550e/2/2,long_rvos,8847e5550e,2,2,static,"A man wearing black clothes, standing to the left of a woman wearing a pink scarf.",PREDICTED_CANDIDATE_POINT_TEMPORAL,False,0.3667914999652773,0.37566077150995014,0.37122613573761376,"[2, 2, 14, 0]",3,True,,"2:8847e5550e:[{""frame"":48,""point"":[0.351953125,0.2465277777777778],""update"":true},{""frame"":97,""point"":[0.467578125,0.26180555555555557],""update"":true},{""frame"":146,""point"":[0.732421875,0.22430555555555556],""update"":true},{""frame"":195,""point"":null,""update"":false}]",long_rvos/8847e5550e/2/3,PREDICTED_CANDIDATE_POINT_TEMPORAL,68.63152894377708,27533267968,success,False
long_rvos/8847e5550e/2/3,long_rvos,8847e5550e,2,3,dynamic,"The man first washed his hands with water, then tilted his head back to drink.",ORACLE_CANDIDATE,True,0.8969066881378286,0.9210652669159062,0.9089859775268674,[2],,,,,,,,,,
long_rvos/8847e5550e/2/3,long_rvos,8847e5550e,2,3,dynamic,"The man first washed his hands with water, then tilted his head back to drink.",ORACLE_ID_POINT,True,0.6758717947373034,0.6875541111411367,0.6817129529392201,"[2, 2, 2, 2]",2,False,,,,,57.615893729031086,26997127168,success,False
long_rvos/8847e5550e/2/3,long_rvos,8847e5550e,2,3,dynamic,"The man first washed his hands with water, then tilted his head back to drink.",PREDICTED_CANDIDATE_DIRECT_STATIC,False,0.6117367824953535,0.6270404155656728,0.6193885990305131,"[2, 14, 0, 0]",,,,,,,,,,
long_rvos/8847e5550e/2/3,long_rvos,8847e5550e,2,3,dynamic,"The man first washed his hands with water, then tilted his head back to drink.",PREDICTED_CANDIDATE_DIRECT_TEMPORAL,False,0.6812559463065374,0.7040812474333926,0.6926685968699651,"[2, 2, 14, 0]",,,,,,,,,,
long_rvos/8847e5550e/2/3,long_rvos,8847e5550e,2,3,dynamic,"The man first washed his hands with water, then tilted his head back to drink.",PREDICTED_CANDIDATE_POINT_STATIC,False,0.15056437734272066,0.15171732812599187,0.15114085273435626,"[2, 14, 0, 0]",2,False,,,,,56.26493587344885,26997127168,success,False
long_rvos/8847e5550e/2/3,long_rvos,8847e5550e,2,3,dynamic,"The man first washed his hands with water, then tilted his head back to drink.",PREDICTED_CANDIDATE_POINT_TEMPORAL,False,0.3667914999652773,0.37566077150995014,0.37122613573761376,"[2, 2, 14, 0]",3,False,,,,,68.63152894377708,27533267968,success,False
long_rvos/8847e5550e/2/5,long_rvos,8847e5550e,2,5,hybrid,"A man in black drinks water, his head tilted back, as he stands next to a woman wearing a pink scarf.",ORACLE_CANDIDATE,True,0.5581439171918452,0.6313082423907963,0.5947260797913207,[1],,,,,,,,,,
long_rvos/8847e5550e/2/5,long_rvos,8847e5550e,2,5,hybrid,"A man in black drinks water, his head tilted back, as he stands next to a woman wearing a pink scarf.",ORACLE_ID_POINT,True,0.4679887841263846,0.5109900837687613,0.48948943394757294,"[1, 1, 1, 1]",2,False,,,,,56.79511094093323,26997127168,success,False
long_rvos/8847e5550e/2/5,long_rvos,8847e5550e,2,5,hybrid,"A man in black drinks water, his head tilted back, as he stands next to a woman wearing a pink scarf.",PREDICTED_CANDIDATE_DIRECT_STATIC,False,0.2236850814041328,0.2535301483188256,0.2386076148614792,"[1, 0, 0, 15]",,,,,,,,,,
long_rvos/8847e5550e/2/5,long_rvos,8847e5550e,2,5,hybrid,"A man in black drinks water, his head tilted back, as he stands next to a woman wearing a pink scarf.",PREDICTED_CANDIDATE_DIRECT_TEMPORAL,False,0.2997649705773513,0.36073237563029004,0.33024867310382067,"[1, 1, 0, 11]",,,,,,,,,,
long_rvos/8847e5550e/2/5,long_rvos,8847e5550e,2,5,hybrid,"A man in black drinks water, his head tilted back, as he stands next to a woman wearing a pink scarf.",PREDICTED_CANDIDATE_POINT_STATIC,False,0.15625,0.15625,0.15625,"[1, 0, 0, 15]",2,False,,,,,43.635529302060604,26468356096,success,False
long_rvos/8847e5550e/2/5,long_rvos,8847e5550e,2,5,hybrid,"A man in black drinks water, his head tilted back, as he stands next to a woman wearing a pink scarf.",PREDICTED_CANDIDATE_POINT_TEMPORAL,False,0.23361378412638462,0.2766150837687614,0.25511443394757305,"[1, 1, 0, 11]",3,False,,,,,69.55964760482311,27003759616,success,False
long_rvos/8b0e20e373/1/0,long_rvos,8b0e20e373,1,0,static,"A man in black clothes, with a child and a dog",ORACLE_CANDIDATE,True,0.9467060049115721,0.9285312583230304,0.9376186316173012,[0],,,,,,,,,,
long_rvos/8b0e20e373/1/0,long_rvos,8b0e20e373,1,0,static,"A man in black clothes, with a child and a dog",ORACLE_ID_POINT,True,0.546875,0.546875,0.546875,"[0, 0, 0, 0]",1,True,,"1:8b0e20e373:[{""frame"":125,""point"":[0.71328125,0.8509389671361502],""update"":true},{""frame"":251,""point"":null,""update"":false},{""frame"":377,""point"":null,""update"":false},{""frame"":503,""point"":null,""update"":false}]",long_rvos/8b0e20e373/1/1,PREDICTED_CANDIDATE_POINT_STATIC,111.10626177489758,13877133312,success,False
long_rvos/8b0e20e373/1/0,long_rvos,8b0e20e373,1,0,static,"A man in black clothes, with a child and a dog",PREDICTED_CANDIDATE_DIRECT_STATIC,False,0.9467060049115721,0.9285312583230304,0.9376186316173012,"[0, 0, 0, 0]",,,,,,,,,,
long_rvos/8b0e20e373/1/0,long_rvos,8b0e20e373,1,0,static,"A man in black clothes, with a child and a dog",PREDICTED_CANDIDATE_DIRECT_TEMPORAL,False,0.9467060049115721,0.9285312583230304,0.9376186316173012,"[0, 0, 0, 0]",,,,,,,,,,
long_rvos/8b0e20e373/1/0,long_rvos,8b0e20e373,1,0,static,"A man in black clothes, with a child and a dog",PREDICTED_CANDIDATE_POINT_STATIC,False,0.546875,0.546875,0.546875,"[0, 0, 0, 0]",1,True,,"1:8b0e20e373:[{""frame"":125,""point"":[0.71328125,0.8509389671361502],""update"":true},{""frame"":251,""point"":null,""update"":false},{""frame"":377,""point"":null,""update"":false},{""frame"":503,""point"":null,""update"":false}]",long_rvos/8b0e20e373/1/1,PREDICTED_CANDIDATE_POINT_STATIC,111.10626177489758,13877133312,success,False
long_rvos/8b0e20e373/1/0,long_rvos,8b0e20e373,1,0,static,"A man in black clothes, with a child and a dog",PREDICTED_CANDIDATE_POINT_TEMPORAL,False,0.546875,0.546875,0.546875,"[0, 0, 0, 0]",1,True,,"1:8b0e20e373:[{""frame"":125,""point"":[0.71328125,0.8509389671361502],""update"":true},{""frame"":251,""point"":null,""update"":false},{""frame"":377,""point"":null,""update"":false},{""frame"":503,""point"":null,""update"":false}]",long_rvos/8b0e20e373/1/1,PREDICTED_CANDIDATE_POINT_STATIC,111.10626177489758,13877133312,success,False
long_rvos/8b0e20e373/1/1,long_rvos,8b0e20e373,1,1,dynamic,"A man sits on the ground, looking at a girl. He then hands the little girl something to eat and stretches his left hand toward the camera.",ORACLE_CANDIDATE,True,0.9467060049115721,0.9285312583230304,0.9376186316173012,[0],,,,,,,,,,
long_rvos/8b0e20e373/1/1,long_rvos,8b0e20e373,1,1,dynamic,"A man sits on the ground, looking at a girl. He then hands the little girl something to eat and stretches his left hand toward the camera.",ORACLE_ID_POINT,True,0.546875,0.546875,0.546875,"[0, 0, 0, 0]",1,True,,"1:8b0e20e373:[{""frame"":125,""point"":[0.71328125,0.8509389671361502],""update"":true},{""frame"":251,""point"":null,""update"":false},{""frame"":377,""point"":null,""update"":false},{""frame"":503,""point"":null,""update"":false}]",long_rvos/8b0e20e373/1/1,PREDICTED_CANDIDATE_POINT_STATIC,111.10626177489758,13877133312,success,False
long_rvos/8b0e20e373/1/1,long_rvos,8b0e20e373,1,1,dynamic,"A man sits on the ground, looking at a girl. He then hands the little girl something to eat and stretches his left hand toward the camera.",PREDICTED_CANDIDATE_DIRECT_STATIC,False,0.9467060049115721,0.9285312583230304,0.9376186316173012,"[0, 0, 0, 0]",,,,,,,,,,
long_rvos/8b0e20e373/1/1,long_rvos,8b0e20e373,1,1,dynamic,"A man sits on the ground, looking at a girl. He then hands the little girl something to eat and stretches his left hand toward the camera.",PREDICTED_CANDIDATE_DIRECT_TEMPORAL,False,0.9467060049115721,0.9285312583230304,0.9376186316173012,"[0, 0, 0, 0]",,,,,,,,,,
long_rvos/8b0e20e373/1/1,long_rvos,8b0e20e373,1,1,dynamic,"A man sits on the ground, looking at a girl. He then hands the little girl something to eat and stretches his left hand toward the camera.",PREDICTED_CANDIDATE_POINT_STATIC,False,0.546875,0.546875,0.546875,"[0, 0, 0, 0]",1,False,,,,,111.10626177489758,13877133312,success,False
long_rvos/8b0e20e373/1/1,long_rvos,8b0e20e373,1,1,dynamic,"A man sits on the ground, looking at a girl. He then hands the little girl something to eat and stretches his left hand toward the camera.",PREDICTED_CANDIDATE_POINT_TEMPORAL,False,0.546875,0.546875,0.546875,"[0, 0, 0, 0]",1,True,,"1:8b0e20e373:[{""frame"":125,""point"":[0.71328125,0.8509389671361502],""update"":true},{""frame"":251,""point"":null,""update"":false},{""frame"":377,""point"":null,""update"":false},{""frame"":503,""point"":null,""update"":false}]",long_rvos/8b0e20e373/1/1,PREDICTED_CANDIDATE_POINT_STATIC,111.10626177489758,13877133312,success,False
long_rvos/8b0e20e373/1/5,long_rvos,8b0e20e373,1,5,hybrid,"A man in black clothes with a child and a dog, watches the child play with the dog and hands snack to the girl.",ORACLE_CANDIDATE,True,0.9467060049115721,0.9285312583230304,0.9376186316173012,[0],,,,,,,,,,
long_rvos/8b0e20e373/1/5,long_rvos,8b0e20e373,1,5,hybrid,"A man in black clothes with a child and a dog, watches the child play with the dog and hands snack to the girl.",ORACLE_ID_POINT,True,0.546875,0.546875,0.546875,"[0, 0, 0, 0]",1,True,,"1:8b0e20e373:[{""frame"":125,""point"":[0.71328125,0.8509389671361502],""update"":true},{""frame"":251,""point"":null,""update"":false},{""frame"":377,""point"":null,""update"":false},{""frame"":503,""point"":null,""update"":false}]",long_rvos/8b0e20e373/1/1,PREDICTED_CANDIDATE_POINT_STATIC,111.10626177489758,13877133312,success,False
long_rvos/8b0e20e373/1/5,long_rvos,8b0e20e373,1,5,hybrid,"A man in black clothes with a child and a dog, watches the child play with the dog and hands snack to the girl.",PREDICTED_CANDIDATE_DIRECT_STATIC,False,0.9467060049115721,0.9285312583230304,0.9376186316173012,"[0, 0, 0, 0]",,,,,,,,,,
long_rvos/8b0e20e373/1/5,long_rvos,8b0e20e373,1,5,hybrid,"A man in black clothes with a child and a dog, watches the child play with the dog and hands snack to the girl.",PREDICTED_CANDIDATE_DIRECT_TEMPORAL,False,0.9467060049115721,0.9285312583230304,0.9376186316173012,"[0, 0, 0, 0]",,,,,,,,,,
long_rvos/8b0e20e373/1/5,long_rvos,8b0e20e373,1,5,hybrid,"A man in black clothes with a child and a dog, watches the child play with the dog and hands snack to the girl.",PREDICTED_CANDIDATE_POINT_STATIC,False,0.546875,0.546875,0.546875,"[0, 0, 0, 0]",1,True,,"1:8b0e20e373:[{""frame"":125,""point"":[0.71328125,0.8509389671361502],""update"":true},{""frame"":251,""point"":null,""update"":false},{""frame"":377,""point"":null,""update"":false},{""frame"":503,""point"":null,""update"":false}]",long_rvos/8b0e20e373/1/1,PREDICTED_CANDIDATE_POINT_STATIC,111.10626177489758,13877133312,success,False
long_rvos/8b0e20e373/1/5,long_rvos,8b0e20e373,1,5,hybrid,"A man in black clothes with a child and a dog, watches the child play with the dog and hands snack to the girl.",PREDICTED_CANDIDATE_POINT_TEMPORAL,False,0.546875,0.546875,0.546875,"[0, 0, 0, 0]",1,True,,"1:8b0e20e373:[{""frame"":125,""point"":[0.71328125,0.8509389671361502],""update"":true},{""frame"":251,""point"":null,""update"":false},{""frame"":377,""point"":null,""update"":false},{""frame"":503,""point"":null,""update"":false}]",long_rvos/8b0e20e373/1/1,PREDICTED_CANDIDATE_POINT_STATIC,111.10626177489758,13877133312,success,False
long_rvos/8b0e20e373/1/6,long_rvos,8b0e20e373,1,6,hybrid,"A man in black watches a child play with a dog, give the girl snack, finally stretches his left hand toward the camera.",ORACLE_CANDIDATE,True,0.9467060049115721,0.9285312583230304,0.9376186316173012,[0],,,,,,,,,,
long_rvos/8b0e20e373/1/6,long_rvos,8b0e20e373,1,6,hybrid,"A man in black watches a child play with a dog, give the girl snack, finally stretches his left hand toward the camera.",ORACLE_ID_POINT,True,0.546875,0.546875,0.546875,"[0, 0, 0, 0]",1,True,,"1:8b0e20e373:[{""frame"":125,""point"":[0.71328125,0.8509389671361502],""update"":true},{""frame"":251,""point"":null,""update"":false},{""frame"":377,""point"":null,""update"":false},{""frame"":503,""point"":null,""update"":false}]",long_rvos/8b0e20e373/1/1,PREDICTED_CANDIDATE_POINT_STATIC,111.10626177489758,13877133312,success,False
long_rvos/8b0e20e373/1/6,long_rvos,8b0e20e373,1,6,hybrid,"A man in black watches a child play with a dog, give the girl snack, finally stretches his left hand toward the camera.",PREDICTED_CANDIDATE_DIRECT_STATIC,False,0.9467060049115721,0.9285312583230304,0.9376186316173012,"[0, 0, 0, 0]",,,,,,,,,,
long_rvos/8b0e20e373/1/6,long_rvos,8b0e20e373,1,6,hybrid,"A man in black watches a child play with a dog, give the girl snack, finally stretches his left hand toward the camera.",PREDICTED_CANDIDATE_DIRECT_TEMPORAL,False,0.9467060049115721,0.9285312583230304,0.9376186316173012,"[0, 0, 0, 0]",,,,,,,,,,
long_rvos/8b0e20e373/1/6,long_rvos,8b0e20e373,1,6,hybrid,"A man in black watches a child play with a dog, give the girl snack, finally stretches his left hand toward the camera.",PREDICTED_CANDIDATE_POINT_STATIC,False,0.546875,0.546875,0.546875,"[0, 0, 0, 0]",1,True,,"1:8b0e20e373:[{""frame"":125,""point"":[0.71328125,0.8509389671361502],""update"":true},{""frame"":251,""point"":null,""update"":false},{""frame"":377,""point"":null,""update"":false},{""frame"":503,""point"":null,""update"":false}]",long_rvos/8b0e20e373/1/1,PREDICTED_CANDIDATE_POINT_STATIC,111.10626177489758,13877133312,success,False
long_rvos/8b0e20e373/1/6,long_rvos,8b0e20e373,1,6,hybrid,"A man in black watches a child play with a dog, give the girl snack, finally stretches his left hand toward the camera.",PREDICTED_CANDIDATE_POINT_TEMPORAL,False,0.546875,0.546875,0.546875,"[0, 0, 0, 0]",1,True,,"1:8b0e20e373:[{""frame"":125,""point"":[0.71328125,0.8509389671361502],""update"":true},{""frame"":251,""point"":null,""update"":false},{""frame"":377,""point"":null,""update"":false},{""frame"":503,""point"":null,""update"":false}]",long_rvos/8b0e20e373/1/1,PREDICTED_CANDIDATE_POINT_STATIC,111.10626177489758,13877133312,success,False
long_rvos/939b6aed6d/7/24,long_rvos,939b6aed6d,7,24,static,A man sitting in the audience.,ORACLE_CANDIDATE,True,0.821840357469651,0.7978386520828435,0.8098395047762472,[0],,,,,,,,,,
long_rvos/939b6aed6d/7/24,long_rvos,939b6aed6d,7,24,static,A man sitting in the audience.,ORACLE_ID_POINT,True,0.4354835473731353,0.42452245003683753,0.4300029987049864,"[0, 0, 0, 0]",3,True,,"7:939b6aed6d:[{""frame"":90,""point"":[0.00078125,0.9302083333333333],""update"":true},{""frame"":181,""point"":null,""update"":false},{""frame"":271,""point"":[0.23984375,0.9989583333333333],""update"":true},{""frame"":362,""point"":[0.00078125,0.9989583333333333],""update"":true}]",long_rvos/939b6aed6d/7/26,ORACLE_ID_POINT,105.11188600957394,44579188736,success,False
long_rvos/939b6aed6d/7/24,long_rvos,939b6aed6d,7,24,static,A man sitting in the audience.,PREDICTED_CANDIDATE_DIRECT_STATIC,False,0.821840357469651,0.7978386520828435,0.8098395047762472,"[0, 0, 0, 0]",,,,,,,,,,
long_rvos/939b6aed6d/7/24,long_rvos,939b6aed6d,7,24,static,A man sitting in the audience.,PREDICTED_CANDIDATE_DIRECT_TEMPORAL,False,0.6100202993432255,0.636919358480887,0.6234698289120563,"[0, 3, 0, 0]",,,,,,,,,,
long_rvos/939b6aed6d/7/24,long_rvos,939b6aed6d,7,24,static,A man sitting in the audience.,PREDICTED_CANDIDATE_POINT_STATIC,False,0.4354835473731353,0.42452245003683753,0.4300029987049864,"[0, 0, 0, 0]",3,True,,"7:939b6aed6d:[{""frame"":90,""point"":[0.00078125,0.9302083333333333],""update"":true},{""frame"":181,""point"":null,""update"":false},{""frame"":271,""point"":[0.23984375,0.9989583333333333],""update"":true},{""frame"":362,""point"":[0.00078125,0.9989583333333333],""update"":true}]",long_rvos/939b6aed6d/7/26,ORACLE_ID_POINT,105.11188600957394,44579188736,success,False
long_rvos/939b6aed6d/7/24,long_rvos,939b6aed6d,7,24,static,A man sitting in the audience.,PREDICTED_CANDIDATE_POINT_TEMPORAL,False,0.3656839293862384,0.3790100636347329,0.37234699651048564,"[0, 3, 0, 0]",4,True,,"7:939b6aed6d:[{""frame"":90,""point"":[0.00078125,0.9302083333333333],""update"":true},{""frame"":181,""point"":[0.36484375,0.496875],""update"":true},{""frame"":271,""point"":[0.23984375,0.9989583333333333],""update"":true},{""frame"":362,""point"":[0.00078125,0.9989583333333333],""update"":true}]",long_rvos/939b6aed6d/7/26,PREDICTED_CANDIDATE_POINT_TEMPORAL,137.54006861150265,44950315008,success,False
long_rvos/939b6aed6d/7/25,long_rvos,939b6aed6d,7,25,static,"A short-haired man in a black coat, with a band in front of him and a few people watching the performance on the right.",ORACLE_CANDIDATE,True,0.18651605154286477,0.18724167835264593,0.18687886494775535,[1],,,,,,,,,,
long_rvos/939b6aed6d/7/25,long_rvos,939b6aed6d,7,25,static,"A short-haired man in a black coat, with a band in front of him and a few people watching the performance on the right.",ORACLE_ID_POINT,True,0.15625,0.15625,0.15625,"[1, 1, 1, 1]",1,True,,"7:939b6aed6d:[{""frame"":90,""point"":null,""update"":false},{""frame"":181,""point"":null,""update"":false},{""frame"":271,""point"":null,""update"":false},{""frame"":362,""point"":[0.00078125,0.9989583333333333],""update"":true}]",long_rvos/939b6aed6d/7/25,PREDICTED_CANDIDATE_POINT_STATIC,34.05781525373459,9332507648,success,False
long_rvos/939b6aed6d/7/25,long_rvos,939b6aed6d,7,25,static,"A short-haired man in a black coat, with a band in front of him and a few people watching the performance on the right.",PREDICTED_CANDIDATE_DIRECT_STATIC,False,0.18651605154286477,0.18724167835264593,0.18687886494775535,"[0, 0, 0, 1]",,,,,,,,,,
long_rvos/939b6aed6d/7/25,long_rvos,939b6aed6d,7,25,static,"A short-haired man in a black coat, with a band in front of him and a few people watching the performance on the right.",PREDICTED_CANDIDATE_DIRECT_TEMPORAL,False,0.15625,0.15625,0.15625,"[0, 0, 0, 0]",,,,,,,,,,
long_rvos/939b6aed6d/7/25,long_rvos,939b6aed6d,7,25,static,"A short-haired man in a black coat, with a band in front of him and a few people watching the performance on the right.",PREDICTED_CANDIDATE_POINT_STATIC,False,0.15625,0.15625,0.15625,"[0, 0, 0, 1]",1,False,,,,,34.05781525373459,9332507648,success,False
long_rvos/939b6aed6d/7/25,long_rvos,939b6aed6d,7,25,static,"A short-haired man in a black coat, with a band in front of him and a few people watching the performance on the right.",PREDICTED_CANDIDATE_POINT_TEMPORAL,False,0.15625,0.15625,0.15625,"[0, 0, 0, 0]",1,False,,,,,30.179289273917675,9332507648,success,False
long_rvos/939b6aed6d/7/26,long_rvos,939b6aed6d,7,26,dynamic,"The man is watching a band perform, occasionally turning his head.",ORACLE_CANDIDATE,True,0.821840357469651,0.7978386520828435,0.8098395047762472,[0],,,,,,,,,,
long_rvos/939b6aed6d/7/26,long_rvos,939b6aed6d,7,26,dynamic,"The man is watching a band perform, occasionally turning his head.",ORACLE_ID_POINT,True,0.4354835473731353,0.42452245003683753,0.4300029987049864,"[0, 0, 0, 0]",3,False,,,,,105.11188600957394,44579188736,success,False
long_rvos/939b6aed6d/7/26,long_rvos,939b6aed6d,7,26,dynamic,"The man is watching a band perform, occasionally turning his head.",PREDICTED_CANDIDATE_DIRECT_STATIC,False,0.6096295115301087,0.592989200304246,0.6013093559171774,"[0, 1, 0, 0]",,,,,,,,,,
long_rvos/939b6aed6d/7/26,long_rvos,939b6aed6d,7,26,dynamic,"The man is watching a band perform, occasionally turning his head.",PREDICTED_CANDIDATE_DIRECT_TEMPORAL,False,0.6100202993432255,0.636919358480887,0.6234698289120563,"[0, 3, 0, 0]",,,,,,,,,,
long_rvos/939b6aed6d/7/26,long_rvos,939b6aed6d,7,26,dynamic,"The man is watching a band perform, occasionally turning his head.",PREDICTED_CANDIDATE_POINT_STATIC,False,0.40414318073427685,0.394612147581916,0.3993776641580964,"[0, 1, 0, 0]",4,False,,,,,135.3469113484025,44950315008,success,False
long_rvos/939b6aed6d/7/26,long_rvos,939b6aed6d,7,26,dynamic,"The man is watching a band perform, occasionally turning his head.",PREDICTED_CANDIDATE_POINT_TEMPORAL,False,0.3656839293862384,0.3790100636347329,0.37234699651048564,"[0, 3, 0, 0]",4,False,,,,,137.54006861150265,44950315008,success,False
long_rvos/939b6aed6d/7/33,long_rvos,939b6aed6d,7,33,hybrid,"A man in a black coat watches the band perform, occasionally turning his head.",ORACLE_CANDIDATE,True,0.821840357469651,0.7978386520828435,0.8098395047762472,[0],,,,,,,,,,
long_rvos/939b6aed6d/7/33,long_rvos,939b6aed6d,7,33,hybrid,"A man in a black coat watches the band perform, occasionally turning his head.",ORACLE_ID_POINT,True,0.4354835473731353,0.42452245003683753,0.4300029987049864,"[0, 0, 0, 0]",3,True,,"7:939b6aed6d:[{""frame"":90,""point"":[0.00078125,0.9302083333333333],""update"":true},{""frame"":181,""point"":null,""update"":false},{""frame"":271,""point"":[0.23984375,0.9989583333333333],""update"":true},{""frame"":362,""point"":[0.00078125,0.9989583333333333],""update"":true}]",long_rvos/939b6aed6d/7/26,ORACLE_ID_POINT,105.11188600957394,44579188736,success,False
long_rvos/939b6aed6d/7/33,long_rvos,939b6aed6d,7,33,hybrid,"A man in a black coat watches the band perform, occasionally turning his head.",PREDICTED_CANDIDATE_DIRECT_STATIC,False,0.633926015521999,0.6141870814217025,0.6240565484718508,"[6, 0, 0, 0]",,,,,,,,,,
long_rvos/939b6aed6d/7/33,long_rvos,939b6aed6d,7,33,hybrid,"A man in a black coat watches the band perform, occasionally turning his head.",PREDICTED_CANDIDATE_DIRECT_TEMPORAL,False,0.6076525583296608,0.5924781993028895,0.6000653788162751,"[0, 0, 0, 2]",,,,,,,,,,
long_rvos/939b6aed6d/7/33,long_rvos,939b6aed6d,7,33,hybrid,"A man in a black coat watches the band perform, occasionally turning his head.",PREDICTED_CANDIDATE_POINT_STATIC,False,0.3685631208854003,0.3603635196571549,0.3644633202712776,"[6, 0, 0, 0]",2,False,,,,,52.359443344175816,26348447744,success,False
long_rvos/939b6aed6d/7/33,long_rvos,939b6aed6d,7,33,hybrid,"A man in a black coat watches the band perform, occasionally turning his head.",PREDICTED_CANDIDATE_POINT_TEMPORAL,False,0.43638517781729114,0.42765517406334497,0.43202017594031805,"[0, 0, 0, 2]",2,False,,,,,85.6258694306016,44579188736,success,False
long_rvos/976257d833/1/0,long_rvos,976257d833,1,0,static,"A baby wearing a red shirt, with a boy wearing a blue shirt in front of it, with a yellow blanket underneath.",ORACLE_CANDIDATE,True,0.8184102915014104,0.7278942963569925,0.7731522939292015,[0],,,,,,,,,,
long_rvos/976257d833/1/0,long_rvos,976257d833,1,0,static,"A baby wearing a red shirt, with a boy wearing a blue shirt in front of it, with a yellow blanket underneath.",ORACLE_ID_POINT,True,0.667082171928265,0.5293510913710977,0.5982166316496813,"[0, 0, 0, 0]",4,True,,"1:976257d833:[{""frame"":94,""point"":[0.92890625,0.9986111111111111],""update"":true},{""frame"":189,""point"":[0.99921875,0.001388888888888889],""update"":true},{""frame"":283,""point"":[0.78984375,0.26805555555555555],""update"":true},{""frame"":378,""point"":[0.76640625,0.35694444444444445],""update"":true}]",long_rvos/976257d833/1/1,PREDICTED_CANDIDATE_POINT_STATIC,139.27289079874754,46605697024,success,False
long_rvos/976257d833/1/0,long_rvos,976257d833,1,0,static,"A baby wearing a red shirt, with a boy wearing a blue shirt in front of it, with a yellow blanket underneath.",PREDICTED_CANDIDATE_DIRECT_STATIC,False,0.8184102915014104,0.7278942963569925,0.7731522939292015,"[0, 0, 0, 0]",,,,,,,,,,
long_rvos/976257d833/1/0,long_rvos,976257d833,1,0,static,"A baby wearing a red shirt, with a boy wearing a blue shirt in front of it, with a yellow blanket underneath.",PREDICTED_CANDIDATE_DIRECT_TEMPORAL,False,0.6471976255631443,0.5842143453224312,0.6157059854427878,"[0, 2, 0, 1]",,,,,,,,,,
long_rvos/976257d833/1/0,long_rvos,976257d833,1,0,static,"A baby wearing a red shirt, with a boy wearing a blue shirt in front of it, with a yellow blanket underneath.",PREDICTED_CANDIDATE_POINT_STATIC,False,0.667082171928265,0.5293510913710977,0.5982166316496813,"[0, 0, 0, 0]",4,True,,"1:976257d833:[{""frame"":94,""point"":[0.92890625,0.9986111111111111],""update"":true},{""frame"":189,""point"":[0.99921875,0.001388888888888889],""update"":true},{""frame"":283,""point"":[0.78984375,0.26805555555555555],""update"":true},{""frame"":378,""point"":[0.76640625,0.35694444444444445],""update"":true}]",long_rvos/976257d833/1/1,PREDICTED_CANDIDATE_POINT_STATIC,139.27289079874754,46605697024,success,False
long_rvos/976257d833/1/0,long_rvos,976257d833,1,0,static,"A baby wearing a red shirt, with a boy wearing a blue shirt in front of it, with a yellow blanket underneath.",PREDICTED_CANDIDATE_POINT_TEMPORAL,False,0.5425390454590338,0.4545580882472634,0.4985485668531486,"[0, 2, 0, 1]",2,False,,,,,89.20364534854889,46261691392,success,False
long_rvos/976257d833/1/1,long_rvos,976257d833,1,1,dynamic,The baby constantly buries its head in the blanket.,ORACLE_CANDIDATE,True,0.8184102915014104,0.7278942963569925,0.7731522939292015,[0],,,,,,,,,,
long_rvos/976257d833/1/1,long_rvos,976257d833,1,1,dynamic,The baby constantly buries its head in the blanket.,ORACLE_ID_POINT,True,0.667082171928265,0.5293510913710977,0.5982166316496813,"[0, 0, 0, 0]",4,True,,"1:976257d833:[{""frame"":94,""point"":[0.92890625,0.9986111111111111],""update"":true},{""frame"":189,""point"":[0.99921875,0.001388888888888889],""update"":true},{""frame"":283,""point"":[0.78984375,0.26805555555555555],""update"":true},{""frame"":378,""point"":[0.76640625,0.35694444444444445],""update"":true}]",long_rvos/976257d833/1/1,PREDICTED_CANDIDATE_POINT_STATIC,139.27289079874754,46605697024,success,False
long_rvos/976257d833/1/1,long_rvos,976257d833,1,1,dynamic,The baby constantly buries its head in the blanket.,PREDICTED_CANDIDATE_DIRECT_STATIC,False,0.8184102915014104,0.7278942963569925,0.7731522939292015,"[0, 0, 0, 0]",,,,,,,,,,
long_rvos/976257d833/1/1,long_rvos,976257d833,1,1,dynamic,The baby constantly buries its head in the blanket.,PREDICTED_CANDIDATE_DIRECT_TEMPORAL,False,0.8184102915014104,0.7278942963569925,0.7731522939292015,"[0, 0, 0, 0]",,,,,,,,,,
long_rvos/976257d833/1/1,long_rvos,976257d833,1,1,dynamic,The baby constantly buries its head in the blanket.,PREDICTED_CANDIDATE_POINT_STATIC,False,0.667082171928265,0.5293510913710977,0.5982166316496813,"[0, 0, 0, 0]",4,False,,,,,139.27289079874754,46605697024,success,False
long_rvos/976257d833/1/1,long_rvos,976257d833,1,1,dynamic,The baby constantly buries its head in the blanket.,PREDICTED_CANDIDATE_POINT_TEMPORAL,False,0.667082171928265,0.5293510913710977,0.5982166316496813,"[0, 0, 0, 0]",4,True,,"1:976257d833:[{""frame"":94,""point"":[0.92890625,0.9986111111111111],""update"":true},{""frame"":189,""point"":[0.99921875,0.001388888888888889],""update"":true},{""frame"":283,""point"":[0.78984375,0.26805555555555555],""update"":true},{""frame"":378,""point"":[0.76640625,0.35694444444444445],""update"":true}]",long_rvos/976257d833/1/1,PREDICTED_CANDIDATE_POINT_STATIC,139.27289079874754,46605697024,success,False
long_rvos/976257d833/1/2,long_rvos,976257d833,1,2,static,A baby wearing a red and white striped shirt.,ORACLE_CANDIDATE,True,0.8184102915014104,0.7278942963569925,0.7731522939292015,[0],,,,,,,,,,
long_rvos/976257d833/1/2,long_rvos,976257d833,1,2,static,A baby wearing a red and white striped shirt.,ORACLE_ID_POINT,True,0.667082171928265,0.5293510913710977,0.5982166316496813,"[0, 0, 0, 0]",4,True,,"1:976257d833:[{""frame"":94,""point"":[0.92890625,0.9986111111111111],""update"":true},{""frame"":189,""point"":[0.99921875,0.001388888888888889],""update"":true},{""frame"":283,""point"":[0.78984375,0.26805555555555555],""update"":true},{""frame"":378,""point"":[0.76640625,0.35694444444444445],""update"":true}]",long_rvos/976257d833/1/1,PREDICTED_CANDIDATE_POINT_STATIC,139.27289079874754,46605697024,success,False
long_rvos/976257d833/1/2,long_rvos,976257d833,1,2,static,A baby wearing a red and white striped shirt.,PREDICTED_CANDIDATE_DIRECT_STATIC,False,0.8184102915014104,0.7278942963569925,0.7731522939292015,"[0, 0, 0, 0]",,,,,,,,,,
long_rvos/976257d833/1/2,long_rvos,976257d833,1,2,static,A baby wearing a red and white striped shirt.,PREDICTED_CANDIDATE_DIRECT_TEMPORAL,False,0.8184102915014104,0.7278942963569925,0.7731522939292015,"[0, 0, 0, 0]",,,,,,,,,,
long_rvos/976257d833/1/2,long_rvos,976257d833,1,2,static,A baby wearing a red and white striped shirt.,PREDICTED_CANDIDATE_POINT_STATIC,False,0.667082171928265,0.5293510913710977,0.5982166316496813,"[0, 0, 0, 0]",4,True,,"1:976257d833:[{""frame"":94,""point"":[0.92890625,0.9986111111111111],""update"":true},{""frame"":189,""point"":[0.99921875,0.001388888888888889],""update"":true},{""frame"":283,""point"":[0.78984375,0.26805555555555555],""update"":true},{""frame"":378,""point"":[0.76640625,0.35694444444444445],""update"":true}]",long_rvos/976257d833/1/1,PREDICTED_CANDIDATE_POINT_STATIC,139.27289079874754,46605697024,success,False
long_rvos/976257d833/1/2,long_rvos,976257d833,1,2,static,A baby wearing a red and white striped shirt.,PREDICTED_CANDIDATE_POINT_TEMPORAL,False,0.667082171928265,0.5293510913710977,0.5982166316496813,"[0, 0, 0, 0]",4,True,,"1:976257d833:[{""frame"":94,""point"":[0.92890625,0.9986111111111111],""update"":true},{""frame"":189,""point"":[0.99921875,0.001388888888888889],""update"":true},{""frame"":283,""point"":[0.78984375,0.26805555555555555],""update"":true},{""frame"":378,""point"":[0.76640625,0.35694444444444445],""update"":true}]",long_rvos/976257d833/1/1,PREDICTED_CANDIDATE_POINT_STATIC,139.27289079874754,46605697024,success,False
long_rvos/976257d833/1/3,long_rvos,976257d833,1,3,dynamic,"The baby lies on a mat, playing head-to-head with the child.",ORACLE_CANDIDATE,True,0.8184102915014104,0.7278942963569925,0.7731522939292015,[0],,,,,,,,,,
long_rvos/976257d833/1/3,long_rvos,976257d833,1,3,dynamic,"The baby lies on a mat, playing head-to-head with the child.",ORACLE_ID_POINT,True,0.667082171928265,0.5293510913710977,0.5982166316496813,"[0, 0, 0, 0]",4,True,,"1:976257d833:[{""frame"":94,""point"":[0.92890625,0.9986111111111111],""update"":true},{""frame"":189,""point"":[0.99921875,0.001388888888888889],""update"":true},{""frame"":283,""point"":[0.78984375,0.26805555555555555],""update"":true},{""frame"":378,""point"":[0.76640625,0.35694444444444445],""update"":true}]",long_rvos/976257d833/1/1,PREDICTED_CANDIDATE_POINT_STATIC,139.27289079874754,46605697024,success,False
long_rvos/976257d833/1/3,long_rvos,976257d833,1,3,dynamic,"The baby lies on a mat, playing head-to-head with the child.",PREDICTED_CANDIDATE_DIRECT_STATIC,False,0.8184102915014104,0.7278942963569925,0.7731522939292015,"[0, 0, 0, 0]",,,,,,,,,,
long_rvos/976257d833/1/3,long_rvos,976257d833,1,3,dynamic,"The baby lies on a mat, playing head-to-head with the child.",PREDICTED_CANDIDATE_DIRECT_TEMPORAL,False,0.8184102915014104,0.7278942963569925,0.7731522939292015,"[0, 0, 0, 0]",,,,,,,,,,
long_rvos/976257d833/1/3,long_rvos,976257d833,1,3,dynamic,"The baby lies on a mat, playing head-to-head with the child.",PREDICTED_CANDIDATE_POINT_STATIC,False,0.667082171928265,0.5293510913710977,0.5982166316496813,"[0, 0, 0, 0]",4,True,,"1:976257d833:[{""frame"":94,""point"":[0.92890625,0.9986111111111111],""update"":true},{""frame"":189,""point"":[0.99921875,0.001388888888888889],""update"":true},{""frame"":283,""point"":[0.78984375,0.26805555555555555],""update"":true},{""frame"":378,""point"":[0.76640625,0.35694444444444445],""update"":true}]",long_rvos/976257d833/1/1,PREDICTED_CANDIDATE_POINT_STATIC,139.27289079874754,46605697024,success,False
long_rvos/976257d833/1/3,long_rvos,976257d833,1,3,dynamic,"The baby lies on a mat, playing head-to-head with the child.",PREDICTED_CANDIDATE_POINT_TEMPORAL,False,0.667082171928265,0.5293510913710977,0.5982166316496813,"[0, 0, 0, 0]",4,True,,"1:976257d833:[{""frame"":94,""point"":[0.92890625,0.9986111111111111],""update"":true},{""frame"":189,""point"":[0.99921875,0.001388888888888889],""update"":true},{""frame"":283,""point"":[0.78984375,0.26805555555555555],""update"":true},{""frame"":378,""point"":[0.76640625,0.35694444444444445],""update"":true}]",long_rvos/976257d833/1/1,PREDICTED_CANDIDATE_POINT_STATIC,139.27289079874754,46605697024,success,False
long_rvos/976257d833/1/8,long_rvos,976257d833,1,8,hybrid,A baby in a red shirt buries its head in a yellow blanket.,ORACLE_CANDIDATE,True,0.8184102915014104,0.7278942963569925,0.7731522939292015,[0],,,,,,,,,,
long_rvos/976257d833/1/8,long_rvos,976257d833,1,8,hybrid,A baby in a red shirt buries its head in a yellow blanket.,ORACLE_ID_POINT,True,0.667082171928265,0.5293510913710977,0.5982166316496813,"[0, 0, 0, 0]",4,True,,"1:976257d833:[{""frame"":94,""point"":[0.92890625,0.9986111111111111],""update"":true},{""frame"":189,""point"":[0.99921875,0.001388888888888889],""update"":true},{""frame"":283,""point"":[0.78984375,0.26805555555555555],""update"":true},{""frame"":378,""point"":[0.76640625,0.35694444444444445],""update"":true}]",long_rvos/976257d833/1/1,PREDICTED_CANDIDATE_POINT_STATIC,139.27289079874754,46605697024,success,False
long_rvos/976257d833/1/8,long_rvos,976257d833,1,8,hybrid,A baby in a red shirt buries its head in a yellow blanket.,PREDICTED_CANDIDATE_DIRECT_STATIC,False,0.8184102915014104,0.7278942963569925,0.7731522939292015,"[0, 0, 0, 0]",,,,,,,,,,
long_rvos/976257d833/1/8,long_rvos,976257d833,1,8,hybrid,A baby in a red shirt buries its head in a yellow blanket.,PREDICTED_CANDIDATE_DIRECT_TEMPORAL,False,0.8113659862962056,0.7154365721034122,0.7634012791998088,"[0, 2, 0, 0]",,,,,,,,,,
long_rvos/976257d833/1/8,long_rvos,976257d833,1,8,hybrid,A baby in a red shirt buries its head in a yellow blanket.,PREDICTED_CANDIDATE_POINT_STATIC,False,0.667082171928265,0.5293510913710977,0.5982166316496813,"[0, 0, 0, 0]",4,True,,"1:976257d833:[{""frame"":94,""point"":[0.92890625,0.9986111111111111],""update"":true},{""frame"":189,""point"":[0.99921875,0.001388888888888889],""update"":true},{""frame"":283,""point"":[0.78984375,0.26805555555555555],""update"":true},{""frame"":378,""point"":[0.76640625,0.35694444444444445],""update"":true}]",long_rvos/976257d833/1/1,PREDICTED_CANDIDATE_POINT_STATIC,139.27289079874754,46605697024,success,False
long_rvos/976257d833/1/8,long_rvos,976257d833,1,8,hybrid,A baby in a red shirt buries its head in a yellow blanket.,PREDICTED_CANDIDATE_POINT_TEMPORAL,False,0.543414086413252,0.45493766250766765,0.4991758744604598,"[0, 2, 0, 0]",3,False,,,,,111.22006572037935,46261691392,success,False
long_rvos/976257d833/1/9,long_rvos,976257d833,1,9,hybrid,A baby in a striped shirt plays head-to-head with a child on a mat.,ORACLE_CANDIDATE,True,0.8184102915014104,0.7278942963569925,0.7731522939292015,[0],,,,,,,,,,
long_rvos/976257d833/1/9,long_rvos,976257d833,1,9,hybrid,A baby in a striped shirt plays head-to-head with a child on a mat.,ORACLE_ID_POINT,True,0.667082171928265,0.5293510913710977,0.5982166316496813,"[0, 0, 0, 0]",4,True,,"1:976257d833:[{""frame"":94,""point"":[0.92890625,0.9986111111111111],""update"":true},{""frame"":189,""point"":[0.99921875,0.001388888888888889],""update"":true},{""frame"":283,""point"":[0.78984375,0.26805555555555555],""update"":true},{""frame"":378,""point"":[0.76640625,0.35694444444444445],""update"":true}]",long_rvos/976257d833/1/1,PREDICTED_CANDIDATE_POINT_STATIC,139.27289079874754,46605697024,success,False
long_rvos/976257d833/1/9,long_rvos,976257d833,1,9,hybrid,A baby in a striped shirt plays head-to-head with a child on a mat.,PREDICTED_CANDIDATE_DIRECT_STATIC,False,0.5911719004642071,0.5316276467678727,0.5613997736160399,"[0, 0, 6, 0]",,,,,,,,,,
long_rvos/976257d833/1/9,long_rvos,976257d833,1,9,hybrid,A baby in a striped shirt plays head-to-head with a child on a mat.,PREDICTED_CANDIDATE_DIRECT_TEMPORAL,False,0.8184102915014104,0.7278942963569925,0.7731522939292015,"[0, 0, 0, 0]",,,,,,,,,,
long_rvos/976257d833/1/9,long_rvos,976257d833,1,9,hybrid,A baby in a striped shirt plays head-to-head with a child on a mat.,PREDICTED_CANDIDATE_POINT_STATIC,False,0.6505794355046848,0.514071678285248,0.5823255568949663,"[0, 0, 6, 0]",4,False,,,,,137.80851727724075,46605697024,success,False
long_rvos/976257d833/1/9,long_rvos,976257d833,1,9,hybrid,A baby in a striped shirt plays head-to-head with a child on a mat.,PREDICTED_CANDIDATE_POINT_TEMPORAL,False,0.667082171928265,0.5293510913710977,0.5982166316496813,"[0, 0, 0, 0]",4,True,,"1:976257d833:[{""frame"":94,""point"":[0.92890625,0.9986111111111111],""update"":true},{""frame"":189,""point"":[0.99921875,0.001388888888888889],""update"":true},{""frame"":283,""point"":[0.78984375,0.26805555555555555],""update"":true},{""frame"":378,""point"":[0.76640625,0.35694444444444445],""update"":true}]",long_rvos/976257d833/1/1,PREDICTED_CANDIDATE_POINT_STATIC,139.27289079874754,46605697024,success,False
long_rvos/9bc92f09e0/1/0,long_rvos,9bc92f09e0,1,0,static,"An elderly person wearing purple pants, standing next to another elderly person wearing black clothes, surrounded by snow and some trees.",ORACLE_CANDIDATE,True,0.3760569852036157,0.41440424102217266,0.3952306131128942,[2],,,,,,,,,,
long_rvos/9bc92f09e0/1/0,long_rvos,9bc92f09e0,1,0,static,"An elderly person wearing purple pants, standing next to another elderly person wearing black clothes, surrounded by snow and some trees.",ORACLE_ID_POINT,True,0.23523659939237737,0.24890092644434242,0.24206876291835988,"[2, 2, 2, 2]",3,True,,"1:9bc92f09e0:[{""frame"":134,""point"":null,""update"":false},{""frame"":269,""point"":[0.45546875,0.33194444444444443],""update"":true},{""frame"":404,""point"":[0.88984375,0.41805555555555557],""update"":true},{""frame"":539,""point"":[0.99921875,0.38472222222222224],""update"":true}]",long_rvos/9bc92f09e0/1/1,PREDICTED_CANDIDATE_POINT_TEMPORAL,128.69895113259554,50195294208,success,False
long_rvos/9bc92f09e0/1/0,long_rvos,9bc92f09e0,1,0,static,"An elderly person wearing purple pants, standing next to another elderly person wearing black clothes, surrounded by snow and some trees.",PREDICTED_CANDIDATE_DIRECT_STATIC,False,0.47575559910937426,0.5087794280111716,0.49226751356027293,"[0, 2, 2, 0]",,,,,,,,,,
long_rvos/9bc92f09e0/1/0,long_rvos,9bc92f09e0,1,0,static,"An elderly person wearing purple pants, standing next to another elderly person wearing black clothes, surrounded by snow and some trees.",PREDICTED_CANDIDATE_DIRECT_TEMPORAL,False,0.3903893636273161,0.43002924102217266,0.4102093023247444,"[0, 2, 2, 2]",,,,,,,,,,
long_rvos/9bc92f09e0/1/0,long_rvos,9bc92f09e0,1,0,static,"An elderly person wearing purple pants, standing next to another elderly person wearing black clothes, surrounded by snow and some trees.",PREDICTED_CANDIDATE_POINT_STATIC,False,0.4481531674187058,0.46701630783464837,0.45758473762667706,"[0, 2, 2, 0]",2,True,,"1:9bc92f09e0:[{""frame"":134,""point"":null,""update"":false},{""frame"":269,""point"":[0.45546875,0.33194444444444443],""update"":true},{""frame"":404,""point"":[0.88984375,0.41805555555555557],""update"":true},{""frame"":539,""point"":null,""update"":false}]",long_rvos/9bc92f09e0/1/1,PREDICTED_CANDIDATE_POINT_STATIC,111.69708713144064,50195294208,success,False
long_rvos/9bc92f09e0/1/0,long_rvos,9bc92f09e0,1,0,static,"An elderly person wearing purple pants, standing next to another elderly person wearing black clothes, surrounded by snow and some trees.",PREDICTED_CANDIDATE_POINT_TEMPORAL,False,0.23523659939237737,0.24890092644434242,0.24206876291835988,"[0, 2, 2, 2]",3,True,,"1:9bc92f09e0:[{""frame"":134,""point"":null,""update"":false},{""frame"":269,""point"":[0.45546875,0.33194444444444443],""update"":true},{""frame"":404,""point"":[0.88984375,0.41805555555555557],""update"":true},{""frame"":539,""point"":[0.99921875,0.38472222222222224],""update"":true}]",long_rvos/9bc92f09e0/1/1,PREDICTED_CANDIDATE_POINT_TEMPORAL,128.69895113259554,50195294208,success,False
long_rvos/9bc92f09e0/1/1,long_rvos,9bc92f09e0,1,1,dynamic,The elderly person shakes the snow off his ski board and then continues moving forward.,ORACLE_CANDIDATE,True,0.3760569852036157,0.41440424102217266,0.3952306131128942,[2],,,,,,,,,,
long_rvos/9bc92f09e0/1/1,long_rvos,9bc92f09e0,1,1,dynamic,The elderly person shakes the snow off his ski board and then continues moving forward.,ORACLE_ID_POINT,True,0.23523659939237737,0.24890092644434242,0.24206876291835988,"[2, 2, 2, 2]",3,True,,"1:9bc92f09e0:[{""frame"":134,""point"":null,""update"":false},{""frame"":269,""point"":[0.45546875,0.33194444444444443],""update"":true},{""frame"":404,""point"":[0.88984375,0.41805555555555557],""update"":true},{""frame"":539,""point"":[0.99921875,0.38472222222222224],""update"":true}]",long_rvos/9bc92f09e0/1/1,PREDICTED_CANDIDATE_POINT_TEMPORAL,128.69895113259554,50195294208,success,False
long_rvos/9bc92f09e0/1/1,long_rvos,9bc92f09e0,1,1,dynamic,The elderly person shakes the snow off his ski board and then continues moving forward.,PREDICTED_CANDIDATE_DIRECT_STATIC,False,0.47575559910937426,0.5087794280111716,0.49226751356027293,"[0, 2, 2, 0]",,,,,,,,,,
long_rvos/9bc92f09e0/1/1,long_rvos,9bc92f09e0,1,1,dynamic,The elderly person shakes the snow off his ski board and then continues moving forward.,PREDICTED_CANDIDATE_DIRECT_TEMPORAL,False,0.3903893636273161,0.43002924102217266,0.4102093023247444,"[0, 2, 2, 2]",,,,,,,,,,
long_rvos/9bc92f09e0/1/1,long_rvos,9bc92f09e0,1,1,dynamic,The elderly person shakes the snow off his ski board and then continues moving forward.,PREDICTED_CANDIDATE_POINT_STATIC,False,0.4481531674187058,0.46701630783464837,0.45758473762667706,"[0, 2, 2, 0]",2,False,,,,,111.69708713144064,50195294208,success,False
long_rvos/9bc92f09e0/1/1,long_rvos,9bc92f09e0,1,1,dynamic,The elderly person shakes the snow off his ski board and then continues moving forward.,PREDICTED_CANDIDATE_POINT_TEMPORAL,False,0.23523659939237737,0.24890092644434242,0.24206876291835988,"[0, 2, 2, 2]",3,False,,,,,128.69895113259554,50195294208,success,False
long_rvos/9bc92f09e0/1/2,long_rvos,9bc92f09e0,1,2,static,"A person wearing purple pants and ski equipment, to the right of a bald man.",ORACLE_CANDIDATE,True,0.7853540397058792,0.8671623736368692,0.8262582066713742,[1],,,,,,,,,,
long_rvos/9bc92f09e0/1/2,long_rvos,9bc92f09e0,1,2,static,"A person wearing purple pants and ski equipment, to the right of a bald man.",ORACLE_ID_POINT,True,0.4480753647451702,0.4669790522626506,0.4575272085039104,"[1, 1, 1, 1]",2,True,,"1:9bc92f09e0:[{""frame"":134,""point"":null,""update"":false},{""frame"":269,""point"":[0.45546875,0.33194444444444443],""update"":true},{""frame"":404,""point"":[0.89140625,0.41805555555555557],""update"":true},{""frame"":539,""point"":null,""update"":false}]",long_rvos/9bc92f09e0/1/3,ORACLE_ID_POINT,121.22731883078814,50181662720,success,False
long_rvos/9bc92f09e0/1/2,long_rvos,9bc92f09e0,1,2,static,"A person wearing purple pants and ski equipment, to the right of a bald man.",PREDICTED_CANDIDATE_DIRECT_STATIC,False,0.5584651293637902,0.6335136383459407,0.5959893838548654,"[1, 1, 1, 0]",,,,,,,,,,
long_rvos/9bc92f09e0/1/2,long_rvos,9bc92f09e0,1,2,static,"A person wearing purple pants and ski equipment, to the right of a bald man.",PREDICTED_CANDIDATE_DIRECT_TEMPORAL,False,0.5584651293637902,0.6335136383459407,0.5959893838548654,"[1, 1, 1, 6]",,,,,,,,,,
long_rvos/9bc92f09e0/1/2,long_rvos,9bc92f09e0,1,2,static,"A person wearing purple pants and ski equipment, to the right of a bald man.",PREDICTED_CANDIDATE_POINT_STATIC,False,0.2352243961739779,0.24890864150587538,0.24206651883992664,"[1, 1, 1, 0]",3,False,,,,,128.46571590006351,50181662720,success,False
long_rvos/9bc92f09e0/1/2,long_rvos,9bc92f09e0,1,2,static,"A person wearing purple pants and ski equipment, to the right of a bald man.",PREDICTED_CANDIDATE_POINT_TEMPORAL,False,0.27762570990848084,0.2951204690052341,0.28637308945685747,"[1, 1, 1, 6]",3,False,,,,,128.74905540794134,50181662720,success,False
long_rvos/9bc92f09e0/1/3,long_rvos,9bc92f09e0,1,3,dynamic,"A man lifts his left foot and swings it up and down, then walks to the right.",ORACLE_CANDIDATE,True,0.7674107795153084,0.8518514963291957,0.809631137922252,[1],,,,,,,,,,
long_rvos/9bc92f09e0/1/3,long_rvos,9bc92f09e0,1,3,dynamic,"A man lifts his left foot and swings it up and down, then walks to the right.",ORACLE_ID_POINT,True,0.4480753647451702,0.4669790522626506,0.4575272085039104,"[1, 1, 1, 1]",2,False,,,,,121.22731883078814,50181662720,success,False
long_rvos/9bc92f09e0/1/3,long_rvos,9bc92f09e0,1,3,dynamic,"A man lifts his left foot and swings it up and down, then walks to the right.",PREDICTED_CANDIDATE_DIRECT_STATIC,False,0.3103971780051299,0.3597695285496021,0.335083353277366,"[0, 1, 1, 4]",,,,,,,,,,
long_rvos/9bc92f09e0/1/3,long_rvos,9bc92f09e0,1,3,dynamic,"A man lifts his left foot and swings it up and down, then walks to the right.",PREDICTED_CANDIDATE_DIRECT_TEMPORAL,False,0.3103971780051299,0.3597695285496021,0.335083353277366,"[0, 1, 1, 4]",,,,,,,,,,
long_rvos/9bc92f09e0/1/3,long_rvos,9bc92f09e0,1,3,dynamic,"A man lifts his left foot and swings it up and down, then walks to the right.",PREDICTED_CANDIDATE_POINT_STATIC,False,0.43400915140461976,0.4806581286683245,0.45733364003647214,"[0, 1, 1, 4]",4,False,,,,,196.66588389128447,63500010496,success,False
long_rvos/9bc92f09e0/1/3,long_rvos,9bc92f09e0,1,3,dynamic,"A man lifts his left foot and swings it up and down, then walks to the right.",PREDICTED_CANDIDATE_POINT_TEMPORAL,False,0.43400915140461976,0.4806581286683245,0.45733364003647214,"[0, 1, 1, 4]",4,True,,"1:9bc92f09e0:[{""frame"":134,""point"":[0.18203125,0.4847222222222222],""update"":true},{""frame"":269,""point"":[0.45546875,0.33194444444444443],""update"":true},{""frame"":404,""point"":[0.89140625,0.41805555555555557],""update"":true},{""frame"":539,""point"":[0.68359375,0.4597222222222222],""update"":true}]",long_rvos/9bc92f09e0/1/3,PREDICTED_CANDIDATE_POINT_STATIC,196.66588389128447,63500010496,success,False
long_rvos/9bc92f09e0/1/8,long_rvos,9bc92f09e0,1,8,hybrid,An elderly bald man in black shakes snow off his ski board and continues skiing.,ORACLE_CANDIDATE,True,0.7613524104011855,0.8477778635480004,0.804565136974593,[1],,,,,,,,,,
long_rvos/9bc92f09e0/1/8,long_rvos,9bc92f09e0,1,8,hybrid,An elderly bald man in black shakes snow off his ski board and continues skiing.,ORACLE_ID_POINT,True,0.4480930219734692,0.46692293690068637,0.45750797943707777,"[1, 1, 1, 1]",2,False,,,,,110.52983295917511,50181662720,success,False
long_rvos/9bc92f09e0/1/8,long_rvos,9bc92f09e0,1,8,hybrid,An elderly bald man in black shakes snow off his ski board and continues skiing.,PREDICTED_CANDIDATE_DIRECT_STATIC,False,0.3050836916770712,0.3563367530809656,0.33071022237901837,"[0, 1, 1, 0]",,,,,,,,,,
long_rvos/9bc92f09e0/1/8,long_rvos,9bc92f09e0,1,8,hybrid,An elderly bald man in black shakes snow off his ski board and continues skiing.,PREDICTED_CANDIDATE_DIRECT_TEMPORAL,False,0.22375668423322378,0.2696075498857771,0.24668211705950044,"[0, 1, 0, 0]",,,,,,,,,,
long_rvos/9bc92f09e0/1/8,long_rvos,9bc92f09e0,1,8,hybrid,An elderly bald man in black shakes snow off his ski board and continues skiing.,PREDICTED_CANDIDATE_POINT_STATIC,False,0.39174598693118423,0.4344260218095863,0.41308600437038523,"[0, 1, 1, 0]",4,False,,,,,200.08592168986797,63500928000,success,False
long_rvos/9bc92f09e0/1/8,long_rvos,9bc92f09e0,1,8,hybrid,An elderly bald man in black shakes snow off his ski board and continues skiing.,PREDICTED_CANDIDATE_POINT_TEMPORAL,False,0.3524878176294058,0.39127703823891025,0.37188242793415804,"[0, 1, 0, 0]",4,False,,,,,205.5720048993826,63500928000,success,False
long_rvos/9c1297ecd3/2/10,long_rvos,9c1297ecd3,2,10,hybrid,"A man in a white hat watches a card trick with a bespectacled man, and talks with him.",ORACLE_CANDIDATE,True,0.9178774008349467,0.8529318656697621,0.8854046332523544,[0],,,,,,,,,,
long_rvos/9c1297ecd3/2/10,long_rvos,9c1297ecd3,2,10,hybrid,"A man in a white hat watches a card trick with a bespectacled man, and talks with him.",ORACLE_ID_POINT,True,0.776521992900276,0.7360676547265591,0.7562948238134175,"[0, 0, 0, 0]",4,True,,"2:9c1297ecd3:[{""frame"":109,""point"":[0.99921875,0.3489583333333333],""update"":true},{""frame"":218,""point"":[0.96171875,0.603125],""update"":true},{""frame"":327,""point"":[0.20234375,0.671875],""update"":true},{""frame"":436,""point"":[0.35390625,0.7864583333333334],""update"":true}]",long_rvos/9c1297ecd3/2/5,ORACLE_ID_POINT,162.18720197677612,52711980032,success,False
long_rvos/9c1297ecd3/2/10,long_rvos,9c1297ecd3,2,10,hybrid,"A man in a white hat watches a card trick with a bespectacled man, and talks with him.",PREDICTED_CANDIDATE_DIRECT_STATIC,False,0.9178774008349467,0.8529318656697621,0.8854046332523544,"[0, 0, 0, 0]",,,,,,,,,,
long_rvos/9c1297ecd3/2/10,long_rvos,9c1297ecd3,2,10,hybrid,"A man in a white hat watches a card trick with a bespectacled man, and talks with him.",PREDICTED_CANDIDATE_DIRECT_TEMPORAL,False,0.7375362438207198,0.6911529602306536,0.7143446020256867,"[0, 0, 7, 0]",,,,,,,,,,
long_rvos/9c1297ecd3/2/10,long_rvos,9c1297ecd3,2,10,hybrid,"A man in a white hat watches a card trick with a bespectacled man, and talks with him.",PREDICTED_CANDIDATE_POINT_STATIC,False,0.776521992900276,0.7360676547265591,0.7562948238134175,"[0, 0, 0, 0]",4,True,,"2:9c1297ecd3:[{""frame"":109,""point"":[0.99921875,0.3489583333333333],""update"":true},{""frame"":218,""point"":[0.96171875,0.603125],""update"":true},{""frame"":327,""point"":[0.20234375,0.671875],""update"":true},{""frame"":436,""point"":[0.35390625,0.7864583333333334],""update"":true}]",long_rvos/9c1297ecd3/2/5,ORACLE_ID_POINT,162.18720197677612,52711980032,success,False
long_rvos/9c1297ecd3/2/10,long_rvos,9c1297ecd3,2,10,hybrid,"A man in a white hat watches a card trick with a bespectacled man, and talks with him.",PREDICTED_CANDIDATE_POINT_TEMPORAL,False,0.7474135788194716,0.7101448392355277,0.7287792090274996,"[0, 0, 7, 0]",4,False,,,,,158.87393206357956,52711980032,success,False
long_rvos/9c1297ecd3/2/11,long_rvos,9c1297ecd3,2,11,hybrid,A man wearing red clothes assists another man in performing magic.,ORACLE_CANDIDATE,True,0.9178774008349467,0.8529318656697621,0.8854046332523544,[0],,,,,,,,,,
long_rvos/9c1297ecd3/2/11,long_rvos,9c1297ecd3,2,11,hybrid,A man wearing red clothes assists another man in performing magic.,ORACLE_ID_POINT,True,0.776521992900276,0.7360676547265591,0.7562948238134175,"[0, 0, 0, 0]",4,True,,"2:9c1297ecd3:[{""frame"":109,""point"":[0.99921875,0.3489583333333333],""update"":true},{""frame"":218,""point"":[0.96171875,0.603125],""update"":true},{""frame"":327,""point"":[0.20234375,0.671875],""update"":true},{""frame"":436,""point"":[0.35390625,0.7864583333333334],""update"":true}]",long_rvos/9c1297ecd3/2/5,ORACLE_ID_POINT,162.18720197677612,52711980032,success,False
long_rvos/9c1297ecd3/2/11,long_rvos,9c1297ecd3,2,11,hybrid,A man wearing red clothes assists another man in performing magic.,PREDICTED_CANDIDATE_DIRECT_STATIC,False,0.9178774008349467,0.8529318656697621,0.8854046332523544,"[0, 0, 0, 0]",,,,,,,,,,
long_rvos/9c1297ecd3/2/11,long_rvos,9c1297ecd3,2,11,hybrid,A man wearing red clothes assists another man in performing magic.,PREDICTED_CANDIDATE_DIRECT_TEMPORAL,False,0.7375362438207198,0.6911529602306536,0.7143446020256867,"[0, 0, 7, 0]",,,,,,,,,,
long_rvos/9c1297ecd3/2/11,long_rvos,9c1297ecd3,2,11,hybrid,A man wearing red clothes assists another man in performing magic.,PREDICTED_CANDIDATE_POINT_STATIC,False,0.776521992900276,0.7360676547265591,0.7562948238134175,"[0, 0, 0, 0]",4,True,,"2:9c1297ecd3:[{""frame"":109,""point"":[0.99921875,0.3489583333333333],""update"":true},{""frame"":218,""point"":[0.96171875,0.603125],""update"":true},{""frame"":327,""point"":[0.20234375,0.671875],""update"":true},{""frame"":436,""point"":[0.35390625,0.7864583333333334],""update"":true}]",long_rvos/9c1297ecd3/2/5,ORACLE_ID_POINT,162.18720197677612,52711980032,success,False
long_rvos/9c1297ecd3/2/11,long_rvos,9c1297ecd3,2,11,hybrid,A man wearing red clothes assists another man in performing magic.,PREDICTED_CANDIDATE_POINT_TEMPORAL,False,0.7474135788194716,0.7101448392355277,0.7287792090274996,"[0, 0, 7, 0]",4,True,,"2:9c1297ecd3:[{""frame"":109,""point"":[0.99921875,0.3489583333333333],""update"":true},{""frame"":218,""point"":[0.96171875,0.603125],""update"":true},{""frame"":327,""point"":[0.99921875,0.8697916666666666],""update"":true},{""frame"":436,""point"":[0.35390625,0.7864583333333334],""update"":true}]",long_rvos/9c1297ecd3/2/10,PREDICTED_CANDIDATE_POINT_TEMPORAL,158.87393206357956,52711980032,success,False
long_rvos/9c1297ecd3/2/4,long_rvos,9c1297ecd3,2,4,static,"A man wearing a white hat and a red shirt. In front of him stands a man wearing glasses, a black jacket, holding a deck of cards.",ORACLE_CANDIDATE,True,0.9178774008349467,0.8529318656697621,0.8854046332523544,[0],,,,,,,,,,
long_rvos/9c1297ecd3/2/4,long_rvos,9c1297ecd3,2,4,static,"A man wearing a white hat and a red shirt. In front of him stands a man wearing glasses, a black jacket, holding a deck of cards.",ORACLE_ID_POINT,True,0.776521992900276,0.7360676547265591,0.7562948238134175,"[0, 0, 0, 0]",4,True,,"2:9c1297ecd3:[{""frame"":109,""point"":[0.99921875,0.3489583333333333],""update"":true},{""frame"":218,""point"":[0.96171875,0.603125],""update"":true},{""frame"":327,""point"":[0.20234375,0.671875],""update"":true},{""frame"":436,""point"":[0.35390625,0.7864583333333334],""update"":true}]",long_rvos/9c1297ecd3/2/5,ORACLE_ID_POINT,162.18720197677612,52711980032,success,False
long_rvos/9c1297ecd3/2/4,long_rvos,9c1297ecd3,2,4,static,"A man wearing a white hat and a red shirt. In front of him stands a man wearing glasses, a black jacket, holding a deck of cards.",PREDICTED_CANDIDATE_DIRECT_STATIC,False,0.9178774008349467,0.8529318656697621,0.8854046332523544,"[0, 0, 0, 0]",,,,,,,,,,
long_rvos/9c1297ecd3/2/4,long_rvos,9c1297ecd3,2,4,static,"A man wearing a white hat and a red shirt. In front of him stands a man wearing glasses, a black jacket, holding a deck of cards.",PREDICTED_CANDIDATE_DIRECT_TEMPORAL,False,0.7375362438207198,0.6911529602306536,0.7143446020256867,"[0, 0, 7, 0]",,,,,,,,,,
long_rvos/9c1297ecd3/2/4,long_rvos,9c1297ecd3,2,4,static,"A man wearing a white hat and a red shirt. In front of him stands a man wearing glasses, a black jacket, holding a deck of cards.",PREDICTED_CANDIDATE_POINT_STATIC,False,0.776521992900276,0.7360676547265591,0.7562948238134175,"[0, 0, 0, 0]",4,True,,"2:9c1297ecd3:[{""frame"":109,""point"":[0.99921875,0.3489583333333333],""update"":true},{""frame"":218,""point"":[0.96171875,0.603125],""update"":true},{""frame"":327,""point"":[0.20234375,0.671875],""update"":true},{""frame"":436,""point"":[0.35390625,0.7864583333333334],""update"":true}]",long_rvos/9c1297ecd3/2/5,ORACLE_ID_POINT,162.18720197677612,52711980032,success,False
long_rvos/9c1297ecd3/2/4,long_rvos,9c1297ecd3,2,4,static,"A man wearing a white hat and a red shirt. In front of him stands a man wearing glasses, a black jacket, holding a deck of cards.",PREDICTED_CANDIDATE_POINT_TEMPORAL,False,0.7474135788194716,0.7101448392355277,0.7287792090274996,"[0, 0, 7, 0]",4,True,,"2:9c1297ecd3:[{""frame"":109,""point"":[0.99921875,0.3489583333333333],""update"":true},{""frame"":218,""point"":[0.96171875,0.603125],""update"":true},{""frame"":327,""point"":[0.99921875,0.8697916666666666],""update"":true},{""frame"":436,""point"":[0.35390625,0.7864583333333334],""update"":true}]",long_rvos/9c1297ecd3/2/10,PREDICTED_CANDIDATE_POINT_TEMPORAL,158.87393206357956,52711980032,success,False
long_rvos/9c1297ecd3/2/5,long_rvos,9c1297ecd3,2,5,dynamic,Man draws a card from a pile of playing cards and puts it in his hand before putting it back into the deck.,ORACLE_CANDIDATE,True,0.9178774008349467,0.8529318656697621,0.8854046332523544,[0],,,,,,,,,,
long_rvos/9c1297ecd3/2/5,long_rvos,9c1297ecd3,2,5,dynamic,Man draws a card from a pile of playing cards and puts it in his hand before putting it back into the deck.,ORACLE_ID_POINT,True,0.776521992900276,0.7360676547265591,0.7562948238134175,"[0, 0, 0, 0]",4,False,,,,,162.18720197677612,52711980032,success,False
long_rvos/9c1297ecd3/2/5,long_rvos,9c1297ecd3,2,5,dynamic,Man draws a card from a pile of playing cards and puts it in his hand before putting it back into the deck.,PREDICTED_CANDIDATE_DIRECT_STATIC,False,0.432138127150629,0.4353540819270458,0.4337461045388374,"[3, 1, 7, 0]",,,,,,,,,,
long_rvos/9c1297ecd3/2/5,long_rvos,9c1297ecd3,2,5,dynamic,Man draws a card from a pile of playing cards and puts it in his hand before putting it back into the deck.,PREDICTED_CANDIDATE_DIRECT_TEMPORAL,False,0.43213351310621606,0.43464813313186507,0.43339082311904054,"[1, 1, 7, 0]",,,,,,,,,,
long_rvos/9c1297ecd3/2/5,long_rvos,9c1297ecd3,2,5,dynamic,Man draws a card from a pile of playing cards and puts it in his hand before putting it back into the deck.,PREDICTED_CANDIDATE_POINT_STATIC,False,0.1801276269932638,0.2240734961435767,0.20210056156842024,"[3, 1, 7, 0]",4,False,,,,,160.52693259716034,52711980032,success,False
long_rvos/9c1297ecd3/2/5,long_rvos,9c1297ecd3,2,5,dynamic,Man draws a card from a pile of playing cards and puts it in his hand before putting it back into the deck.,PREDICTED_CANDIDATE_POINT_TEMPORAL,False,0.2738714943211287,0.31799715332685247,0.29593432382399054,"[1, 1, 7, 0]",3,False,,,,,104.32842120528221,41814528000,success,False
long_rvos/9c1297ecd3/2/6,long_rvos,9c1297ecd3,2,6,static,A man wearing red clothes.,ORACLE_CANDIDATE,True,0.9178774008349467,0.8529318656697621,0.8854046332523544,[0],,,,,,,,,,
long_rvos/9c1297ecd3/2/6,long_rvos,9c1297ecd3,2,6,static,A man wearing red clothes.,ORACLE_ID_POINT,True,0.776521992900276,0.7360676547265591,0.7562948238134175,"[0, 0, 0, 0]",4,True,,"2:9c1297ecd3:[{""frame"":109,""point"":[0.99921875,0.3489583333333333],""update"":true},{""frame"":218,""point"":[0.96171875,0.603125],""update"":true},{""frame"":327,""point"":[0.20234375,0.671875],""update"":true},{""frame"":436,""point"":[0.35390625,0.7864583333333334],""update"":true}]",long_rvos/9c1297ecd3/2/5,ORACLE_ID_POINT,162.18720197677612,52711980032,success,False
long_rvos/9c1297ecd3/2/6,long_rvos,9c1297ecd3,2,6,static,A man wearing red clothes.,PREDICTED_CANDIDATE_DIRECT_STATIC,False,0.9178774008349467,0.8529318656697621,0.8854046332523544,"[0, 0, 0, 0]",,,,,,,,,,
long_rvos/9c1297ecd3/2/6,long_rvos,9c1297ecd3,2,6,static,A man wearing red clothes.,PREDICTED_CANDIDATE_DIRECT_TEMPORAL,False,0.7375362438207198,0.6911529602306536,0.7143446020256867,"[0, 0, 7, 0]",,,,,,,,,,
long_rvos/9c1297ecd3/2/6,long_rvos,9c1297ecd3,2,6,static,A man wearing red clothes.,PREDICTED_CANDIDATE_POINT_STATIC,False,0.776521992900276,0.7360676547265591,0.7562948238134175,"[0, 0, 0, 0]",4,True,,"2:9c1297ecd3:[{""frame"":109,""point"":[0.99921875,0.3489583333333333],""update"":true},{""frame"":218,""point"":[0.96171875,0.603125],""update"":true},{""frame"":327,""point"":[0.20234375,0.671875],""update"":true},{""frame"":436,""point"":[0.35390625,0.7864583333333334],""update"":true}]",long_rvos/9c1297ecd3/2/5,ORACLE_ID_POINT,162.18720197677612,52711980032,success,False
long_rvos/9c1297ecd3/2/6,long_rvos,9c1297ecd3,2,6,static,A man wearing red clothes.,PREDICTED_CANDIDATE_POINT_TEMPORAL,False,0.7474135788194716,0.7101448392355277,0.7287792090274996,"[0, 0, 7, 0]",4,True,,"2:9c1297ecd3:[{""frame"":109,""point"":[0.99921875,0.3489583333333333],""update"":true},{""frame"":218,""point"":[0.96171875,0.603125],""update"":true},{""frame"":327,""point"":[0.99921875,0.8697916666666666],""update"":true},{""frame"":436,""point"":[0.35390625,0.7864583333333334],""update"":true}]",long_rvos/9c1297ecd3/2/10,PREDICTED_CANDIDATE_POINT_TEMPORAL,158.87393206357956,52711980032,success,False
long_rvos/9c1297ecd3/2/7,long_rvos,9c1297ecd3,2,7,dynamic,"The man draws a card from the deck and put it back, then raises his hands and shake hands with another person.",ORACLE_CANDIDATE,True,0.9178774008349467,0.8529318656697621,0.8854046332523544,[0],,,,,,,,,,
long_rvos/9c1297ecd3/2/7,long_rvos,9c1297ecd3,2,7,dynamic,"The man draws a card from the deck and put it back, then raises his hands and shake hands with another person.",ORACLE_ID_POINT,True,0.776521992900276,0.7360676547265591,0.7562948238134175,"[0, 0, 0, 0]",4,True,,"2:9c1297ecd3:[{""frame"":109,""point"":[0.99921875,0.3489583333333333],""update"":true},{""frame"":218,""point"":[0.96171875,0.603125],""update"":true},{""frame"":327,""point"":[0.20234375,0.671875],""update"":true},{""frame"":436,""point"":[0.35390625,0.7864583333333334],""update"":true}]",long_rvos/9c1297ecd3/2/5,ORACLE_ID_POINT,162.18720197677612,52711980032,success,False
long_rvos/9c1297ecd3/2/7,long_rvos,9c1297ecd3,2,7,dynamic,"The man draws a card from the deck and put it back, then raises his hands and shake hands with another person.",PREDICTED_CANDIDATE_DIRECT_STATIC,False,0.432138127150629,0.4353540819270458,0.4337461045388374,"[3, 1, 7, 0]",,,,,,,,,,
long_rvos/9c1297ecd3/2/7,long_rvos,9c1297ecd3,2,7,dynamic,"The man draws a card from the deck and put it back, then raises his hands and shake hands with another person.",PREDICTED_CANDIDATE_DIRECT_TEMPORAL,False,0.5586810836890497,0.5340917916441472,0.5463864376665984,"[0, 1, 7, 0]",,,,,,,,,,
long_rvos/9c1297ecd3/2/7,long_rvos,9c1297ecd3,2,7,dynamic,"The man draws a card from the deck and put it back, then raises his hands and shake hands with another person.",PREDICTED_CANDIDATE_POINT_STATIC,False,0.1801276269932638,0.2240734961435767,0.20210056156842024,"[3, 1, 7, 0]",4,True,,"2:9c1297ecd3:[{""frame"":109,""point"":[0.00078125,0.9989583333333333],""update"":true},{""frame"":218,""point"":[0.00078125,0.915625],""update"":true},{""frame"":327,""point"":[0.99921875,0.8697916666666666],""update"":true},{""frame"":436,""point"":[0.35390625,0.7864583333333334],""update"":true}]",long_rvos/9c1297ecd3/2/5,PREDICTED_CANDIDATE_POINT_STATIC,160.52693259716034,52711980032,success,False
long_rvos/9c1297ecd3/2/7,long_rvos,9c1297ecd3,2,7,dynamic,"The man draws a card from the deck and put it back, then raises his hands and shake hands with another person.",PREDICTED_CANDIDATE_POINT_TEMPORAL,False,0.6269694174234985,0.6076004978337952,0.6172849576286469,"[0, 1, 7, 0]",4,False,,,,,165.8494495600462,52711980032,success,False
long_rvos/a3f2b5d434/2/10,long_rvos,a3f2b5d434,2,10,static,"A black and white cat, standing on top of a black square object.",ORACLE_CANDIDATE,True,0.9180478064913578,0.9400342405364883,0.929041023513923,[0],,,,,,,,,,
long_rvos/a3f2b5d434/2/10,long_rvos,a3f2b5d434,2,10,static,"A black and white cat, standing on top of a black square object.",ORACLE_ID_POINT,True,0.6692556457560868,0.6757024197728894,0.6724790327644881,"[0, 0, 0, 0]",4,True,,,,,89.44264171272516,31655235584,success,False
long_rvos/a3f2b5d434/2/10,long_rvos,a3f2b5d434,2,10,static,"A black and white cat, standing on top of a black square object.",PREDICTED_CANDIDATE_DIRECT_STATIC,False,0.9180478064913578,0.9400342405364883,0.929041023513923,"[0, 0, 0, 0]",,,,,,,,,,
long_rvos/a3f2b5d434/2/10,long_rvos,a3f2b5d434,2,10,static,"A black and white cat, standing on top of a black square object.",PREDICTED_CANDIDATE_DIRECT_TEMPORAL,False,0.9180478064913578,0.9400342405364883,0.929041023513923,"[0, 0, 0, 0]",,,,,,,,,,
long_rvos/a3f2b5d434/2/10,long_rvos,a3f2b5d434,2,10,static,"A black and white cat, standing on top of a black square object.",PREDICTED_CANDIDATE_POINT_STATIC,False,0.6692556457560868,0.6757024197728894,0.6724790327644881,"[0, 0, 0, 0]",4,True,,,,,89.44264171272516,31655235584,success,False
long_rvos/a3f2b5d434/2/10,long_rvos,a3f2b5d434,2,10,static,"A black and white cat, standing on top of a black square object.",PREDICTED_CANDIDATE_POINT_TEMPORAL,False,0.6692556457560868,0.6757024197728894,0.6724790327644881,"[0, 0, 0, 0]",4,True,,,,,89.44264171272516,31655235584,success,False
long_rvos/a3f2b5d434/2/11,long_rvos,a3f2b5d434,2,11,dynamic,"The cat stands on the black square, watching the dog run in circles below.",ORACLE_CANDIDATE,True,0.9259132238833354,0.9436234878578702,0.9347683558706028,[2],,,,,,,,,,
long_rvos/a3f2b5d434/2/11,long_rvos,a3f2b5d434,2,11,dynamic,"The cat stands on the black square, watching the dog run in circles below.",ORACLE_ID_POINT,True,0.6716389899519463,0.678542834770242,0.6750909123610942,"[2, 2, 2, 2]",4,True,,,,,96.46753306686878,31651331072,success,False
long_rvos/a3f2b5d434/2/11,long_rvos,a3f2b5d434,2,11,dynamic,"The cat stands on the black square, watching the dog run in circles below.",PREDICTED_CANDIDATE_DIRECT_STATIC,False,0.9259132238833354,0.9436234878578702,0.9347683558706028,"[2, 2, 2, 2]",,,,,,,,,,
long_rvos/a3f2b5d434/2/11,long_rvos,a3f2b5d434,2,11,dynamic,"The cat stands on the black square, watching the dog run in circles below.",PREDICTED_CANDIDATE_DIRECT_TEMPORAL,False,0.9259132238833354,0.9436234878578702,0.9347683558706028,"[2, 2, 2, 2]",,,,,,,,,,
long_rvos/a3f2b5d434/2/11,long_rvos,a3f2b5d434,2,11,dynamic,"The cat stands on the black square, watching the dog run in circles below.",PREDICTED_CANDIDATE_POINT_STATIC,False,0.6716389899519463,0.678542834770242,0.6750909123610942,"[2, 2, 2, 2]",4,False,,,,,116.13834787905216,31651331072,success,False
long_rvos/a3f2b5d434/2/11,long_rvos,a3f2b5d434,2,11,dynamic,"The cat stands on the black square, watching the dog run in circles below.",PREDICTED_CANDIDATE_POINT_TEMPORAL,False,0.6716389899519463,0.678542834770242,0.6750909123610942,"[2, 2, 2, 2]",4,False,,,,,96.46753306686878,31651331072,success,False
long_rvos/a3f2b5d434/2/15,long_rvos,a3f2b5d434,2,15,hybrid,A black and white cat watches a dog spin in circles.,ORACLE_CANDIDATE,True,0.9180478064913578,0.9400342405364883,0.929041023513923,[0],,,,,,,,,,
long_rvos/a3f2b5d434/2/15,long_rvos,a3f2b5d434,2,15,hybrid,A black and white cat watches a dog spin in circles.,ORACLE_ID_POINT,True,0.6692556457560868,0.6757024197728894,0.6724790327644881,"[0, 0, 0, 0]",4,True,,,,,89.44264171272516,31655235584,success,False
long_rvos/a3f2b5d434/2/15,long_rvos,a3f2b5d434,2,15,hybrid,A black and white cat watches a dog spin in circles.,PREDICTED_CANDIDATE_DIRECT_STATIC,False,0.9180478064913578,0.9400342405364883,0.929041023513923,"[0, 0, 0, 0]",,,,,,,,,,
long_rvos/a3f2b5d434/2/15,long_rvos,a3f2b5d434,2,15,hybrid,A black and white cat watches a dog spin in circles.,PREDICTED_CANDIDATE_DIRECT_TEMPORAL,False,0.9180478064913578,0.9400342405364883,0.929041023513923,"[0, 0, 0, 0]",,,,,,,,,,
long_rvos/a3f2b5d434/2/15,long_rvos,a3f2b5d434,2,15,hybrid,A black and white cat watches a dog spin in circles.,PREDICTED_CANDIDATE_POINT_STATIC,False,0.6692556457560868,0.6757024197728894,0.6724790327644881,"[0, 0, 0, 0]",4,False,,,,,89.44264171272516,31655235584,success,False
long_rvos/a3f2b5d434/2/15,long_rvos,a3f2b5d434,2,15,hybrid,A black and white cat watches a dog spin in circles.,PREDICTED_CANDIDATE_POINT_TEMPORAL,False,0.6692556457560868,0.6757024197728894,0.6724790327644881,"[0, 0, 0, 0]",4,True,,,,,89.44264171272516,31655235584,success,False
long_rvos/a3f2b5d434/2/16,long_rvos,a3f2b5d434,2,16,hybrid,"A spotted white cat on a black chair stands, watches a spinning dog, and touches the carpet and dog.",ORACLE_CANDIDATE,True,0.5671340758740835,0.5767954551134153,0.5719647654937494,[1],,,,,,,,,,
long_rvos/a3f2b5d434/2/16,long_rvos,a3f2b5d434,2,16,hybrid,"A spotted white cat on a black chair stands, watches a spinning dog, and touches the carpet and dog.",ORACLE_ID_POINT,True,0.4422080695822665,0.4521965767127769,0.44720232314752173,"[1, 1, 1, 1]",3,True,,,,,65.78919360041618,25605567488,success,False
long_rvos/a3f2b5d434/2/16,long_rvos,a3f2b5d434,2,16,hybrid,"A spotted white cat on a black chair stands, watches a spinning dog, and touches the carpet and dog.",PREDICTED_CANDIDATE_DIRECT_STATIC,False,0.6122729966261489,0.6234503846908801,0.6178616906585145,"[0, 1, 1, 1]",,,,,,,,,,
long_rvos/a3f2b5d434/2/16,long_rvos,a3f2b5d434,2,16,hybrid,"A spotted white cat on a black chair stands, watches a spinning dog, and touches the carpet and dog.",PREDICTED_CANDIDATE_DIRECT_TEMPORAL,False,0.6122729966261489,0.6234503846908801,0.6178616906585145,"[0, 1, 1, 1]",,,,,,,,,,
long_rvos/a3f2b5d434/2/16,long_rvos,a3f2b5d434,2,16,hybrid,"A spotted white cat on a black chair stands, watches a spinning dog, and touches the carpet and dog.",PREDICTED_CANDIDATE_POINT_STATIC,False,0.4422080695822665,0.4521965767127769,0.44720232314752173,"[0, 1, 1, 1]",3,False,,,,,65.78919360041618,25605567488,success,False
long_rvos/a3f2b5d434/2/16,long_rvos,a3f2b5d434,2,16,hybrid,"A spotted white cat on a black chair stands, watches a spinning dog, and touches the carpet and dog.",PREDICTED_CANDIDATE_POINT_TEMPORAL,False,0.4422080695822665,0.4521965767127769,0.44720232314752173,"[0, 1, 1, 1]",3,True,,,,,65.78919360041618,25605567488,success,False
long_rvos/a3f2b5d434/2/17,long_rvos,a3f2b5d434,2,17,hybrid,A black and white cat on a black square watches a dog running below.,ORACLE_CANDIDATE,True,0.9180478064913578,0.9400342405364883,0.929041023513923,[0],,,,,,,,,,
long_rvos/a3f2b5d434/2/17,long_rvos,a3f2b5d434,2,17,hybrid,A black and white cat on a black square watches a dog running below.,ORACLE_ID_POINT,True,0.6692556457560868,0.6757024197728894,0.6724790327644881,"[0, 0, 0, 0]",4,True,,,,,89.44264171272516,31655235584,success,False
long_rvos/a3f2b5d434/2/17,long_rvos,a3f2b5d434,2,17,hybrid,A black and white cat on a black square watches a dog running below.,PREDICTED_CANDIDATE_DIRECT_STATIC,False,0.9180478064913578,0.9400342405364883,0.929041023513923,"[0, 0, 0, 0]",,,,,,,,,,
long_rvos/a3f2b5d434/2/17,long_rvos,a3f2b5d434,2,17,hybrid,A black and white cat on a black square watches a dog running below.,PREDICTED_CANDIDATE_DIRECT_TEMPORAL,False,0.9180478064913578,0.9400342405364883,0.929041023513923,"[0, 0, 0, 0]",,,,,,,,,,
long_rvos/a3f2b5d434/2/17,long_rvos,a3f2b5d434,2,17,hybrid,A black and white cat on a black square watches a dog running below.,PREDICTED_CANDIDATE_POINT_STATIC,False,0.6692556457560868,0.6757024197728894,0.6724790327644881,"[0, 0, 0, 0]",4,True,,,,,89.44264171272516,31655235584,success,False
long_rvos/a3f2b5d434/2/17,long_rvos,a3f2b5d434,2,17,hybrid,A black and white cat on a black square watches a dog running below.,PREDICTED_CANDIDATE_POINT_TEMPORAL,False,0.6692556457560868,0.6757024197728894,0.6724790327644881,"[0, 0, 0, 0]",4,True,,,,,89.44264171272516,31655235584,success,False
long_rvos/a3f2b5d434/2/6,long_rvos,a3f2b5d434,2,6,static,A black and white cat.,ORACLE_CANDIDATE,True,0.9180478064913578,0.9400342405364883,0.929041023513923,[0],,,,,,,,,,
long_rvos/a3f2b5d434/2/6,long_rvos,a3f2b5d434,2,6,static,A black and white cat.,ORACLE_ID_POINT,True,0.6692556457560868,0.6757024197728894,0.6724790327644881,"[0, 0, 0, 0]",4,True,,,,,89.44264171272516,31655235584,success,False
long_rvos/a3f2b5d434/2/6,long_rvos,a3f2b5d434,2,6,static,A black and white cat.,PREDICTED_CANDIDATE_DIRECT_STATIC,False,0.9180478064913578,0.9400342405364883,0.929041023513923,"[0, 0, 0, 0]",,,,,,,,,,
long_rvos/a3f2b5d434/2/6,long_rvos,a3f2b5d434,2,6,static,A black and white cat.,PREDICTED_CANDIDATE_DIRECT_TEMPORAL,False,0.9180478064913578,0.9400342405364883,0.929041023513923,"[0, 0, 0, 0]",,,,,,,,,,
long_rvos/a3f2b5d434/2/6,long_rvos,a3f2b5d434,2,6,static,A black and white cat.,PREDICTED_CANDIDATE_POINT_STATIC,False,0.6692556457560868,0.6757024197728894,0.6724790327644881,"[0, 0, 0, 0]",4,True,,,,,89.44264171272516,31655235584,success,False
long_rvos/a3f2b5d434/2/6,long_rvos,a3f2b5d434,2,6,static,A black and white cat.,PREDICTED_CANDIDATE_POINT_TEMPORAL,False,0.6692556457560868,0.6757024197728894,0.6724790327644881,"[0, 0, 0, 0]",4,True,,,,,89.44264171272516,31655235584,success,False
long_rvos/a3f2b5d434/2/7,long_rvos,a3f2b5d434,2,7,dynamic,The cat watches the dog spin in circles.,ORACLE_CANDIDATE,True,0.9259132238833354,0.9436234878578702,0.9347683558706028,[2],,,,,,,,,,
long_rvos/a3f2b5d434/2/7,long_rvos,a3f2b5d434,2,7,dynamic,The cat watches the dog spin in circles.,ORACLE_ID_POINT,True,0.6716389899519463,0.678542834770242,0.6750909123610942,"[2, 2, 2, 2]",4,True,,,,,96.46753306686878,31651331072,success,False
long_rvos/a3f2b5d434/2/7,long_rvos,a3f2b5d434,2,7,dynamic,The cat watches the dog spin in circles.,PREDICTED_CANDIDATE_DIRECT_STATIC,False,0.9259132238833354,0.9436234878578702,0.9347683558706028,"[2, 2, 2, 2]",,,,,,,,,,
long_rvos/a3f2b5d434/2/7,long_rvos,a3f2b5d434,2,7,dynamic,The cat watches the dog spin in circles.,PREDICTED_CANDIDATE_DIRECT_TEMPORAL,False,0.9259132238833354,0.9436234878578702,0.9347683558706028,"[2, 2, 2, 2]",,,,,,,,,,
long_rvos/a3f2b5d434/2/7,long_rvos,a3f2b5d434,2,7,dynamic,The cat watches the dog spin in circles.,PREDICTED_CANDIDATE_POINT_STATIC,False,0.6716389899519463,0.678542834770242,0.6750909123610942,"[2, 2, 2, 2]",4,True,,,,,96.46753306686878,31651331072,success,False
long_rvos/a3f2b5d434/2/7,long_rvos,a3f2b5d434,2,7,dynamic,The cat watches the dog spin in circles.,PREDICTED_CANDIDATE_POINT_TEMPORAL,False,0.6716389899519463,0.678542834770242,0.6750909123610942,"[2, 2, 2, 2]",4,True,,,,,96.46753306686878,31651331072,success,False
long_rvos/a3f2b5d434/2/8,long_rvos,a3f2b5d434,2,8,static,"A white cat with black spots and a black tail, sitting on a black chair.",ORACLE_CANDIDATE,True,0.9239058276706165,0.9408479624445698,0.9323768950575931,[1],,,,,,,,,,
long_rvos/a3f2b5d434/2/8,long_rvos,a3f2b5d434,2,8,static,"A white cat with black spots and a black tail, sitting on a black chair.",ORACLE_ID_POINT,True,0.6715876096779592,0.6781834997528815,0.6748855547154203,"[1, 1, 1, 1]",4,True,,,,,90.58582010120153,31655235584,success,False
long_rvos/a3f2b5d434/2/8,long_rvos,a3f2b5d434,2,8,static,"A white cat with black spots and a black tail, sitting on a black chair.",PREDICTED_CANDIDATE_DIRECT_STATIC,False,0.9239058276706165,0.9408479624445698,0.9323768950575931,"[1, 1, 1, 1]",,,,,,,,,,
long_rvos/a3f2b5d434/2/8,long_rvos,a3f2b5d434,2,8,static,"A white cat with black spots and a black tail, sitting on a black chair.",PREDICTED_CANDIDATE_DIRECT_TEMPORAL,False,0.9239058276706165,0.9408479624445698,0.9323768950575931,"[1, 1, 1, 1]",,,,,,,,,,
long_rvos/a3f2b5d434/2/8,long_rvos,a3f2b5d434,2,8,static,"A white cat with black spots and a black tail, sitting on a black chair.",PREDICTED_CANDIDATE_POINT_STATIC,False,0.6715876096779592,0.6781834997528815,0.6748855547154203,"[1, 1, 1, 1]",4,False,,,,,90.58582010120153,31655235584,success,False
long_rvos/a3f2b5d434/2/8,long_rvos,a3f2b5d434,2,8,static,"A white cat with black spots and a black tail, sitting on a black chair.",PREDICTED_CANDIDATE_POINT_TEMPORAL,False,0.6715876096779592,0.6781834997528815,0.6748855547154203,"[1, 1, 1, 1]",4,True,,,,,90.58582010120153,31655235584,success,False
long_rvos/a3f2b5d434/2/9,long_rvos,a3f2b5d434,2,9,dynamic,"The cat stands on the black chair, watching the dog spinning beside the chair, occasionally spinning around and reaching out to touch the carpet and the dog.",ORACLE_CANDIDATE,True,0.9259132238833354,0.9436234878578702,0.9347683558706028,[2],,,,,,,,,,
long_rvos/a3f2b5d434/2/9,long_rvos,a3f2b5d434,2,9,dynamic,"The cat stands on the black chair, watching the dog spinning beside the chair, occasionally spinning around and reaching out to touch the carpet and the dog.",ORACLE_ID_POINT,True,0.6716389899519463,0.678542834770242,0.6750909123610942,"[2, 2, 2, 2]",4,True,,,,,96.46753306686878,31651331072,success,False
long_rvos/a3f2b5d434/2/9,long_rvos,a3f2b5d434,2,9,dynamic,"The cat stands on the black chair, watching the dog spinning beside the chair, occasionally spinning around and reaching out to touch the carpet and the dog.",PREDICTED_CANDIDATE_DIRECT_STATIC,False,0.9259132238833354,0.9436234878578702,0.9347683558706028,"[2, 2, 2, 2]",,,,,,,,,,
long_rvos/a3f2b5d434/2/9,long_rvos,a3f2b5d434,2,9,dynamic,"The cat stands on the black chair, watching the dog spinning beside the chair, occasionally spinning around and reaching out to touch the carpet and the dog.",PREDICTED_CANDIDATE_DIRECT_TEMPORAL,False,0.9259132238833354,0.9436234878578702,0.9347683558706028,"[2, 2, 2, 2]",,,,,,,,,,
long_rvos/a3f2b5d434/2/9,long_rvos,a3f2b5d434,2,9,dynamic,"The cat stands on the black chair, watching the dog spinning beside the chair, occasionally spinning around and reaching out to touch the carpet and the dog.",PREDICTED_CANDIDATE_POINT_STATIC,False,0.6716389899519463,0.678542834770242,0.6750909123610942,"[2, 2, 2, 2]",4,True,,,,,96.46753306686878,31651331072,success,False
long_rvos/a3f2b5d434/2/9,long_rvos,a3f2b5d434,2,9,dynamic,"The cat stands on the black chair, watching the dog spinning beside the chair, occasionally spinning around and reaching out to touch the carpet and the dog.",PREDICTED_CANDIDATE_POINT_TEMPORAL,False,0.6716389899519463,0.678542834770242,0.6750909123610942,"[2, 2, 2, 2]",4,True,,,,,96.46753306686878,31651331072,success,False
long_rvos/a500f0e77c/1/0,long_rvos,a500f0e77c,1,0,static,A little girl wearing pink clothes.,ORACLE_CANDIDATE,True,0.838084990770637,0.8524063457079699,0.8452456682393035,[0],,,,,,,,,,
long_rvos/a500f0e77c/1/0,long_rvos,a500f0e77c,1,0,static,A little girl wearing pink clothes.,ORACLE_ID_POINT,True,0.63635107918905,0.6600677503894175,0.6482094147892337,"[0, 0, 0, 0]",4,True,,"1:a500f0e77c:[{""frame"":134,""point"":[0.61953125,0.45729166666666665],""update"":true},{""frame"":269,""point"":[0.43359375,0.346875],""update"":true},{""frame"":404,""point"":[0.54140625,0.5677083333333334],""update"":true},{""frame"":539,""point"":[0.37578125,0.33645833333333336],""update"":true}]",long_rvos/a500f0e77c/1/4,PREDICTED_CANDIDATE_POINT_STATIC,199.6633126065135,63532790784,success,False
long_rvos/a500f0e77c/1/0,long_rvos,a500f0e77c,1,0,static,A little girl wearing pink clothes.,PREDICTED_CANDIDATE_DIRECT_STATIC,False,0.838084990770637,0.8524063457079699,0.8452456682393035,"[0, 0, 0, 0]",,,,,,,,,,
long_rvos/a500f0e77c/1/0,long_rvos,a500f0e77c,1,0,static,A little girl wearing pink clothes.,PREDICTED_CANDIDATE_DIRECT_TEMPORAL,False,0.838084990770637,0.8524063457079699,0.8452456682393035,"[0, 0, 0, 0]",,,,,,,,,,
long_rvos/a500f0e77c/1/0,long_rvos,a500f0e77c,1,0,static,A little girl wearing pink clothes.,PREDICTED_CANDIDATE_POINT_STATIC,False,0.63635107918905,0.6600677503894175,0.6482094147892337,"[0, 0, 0, 0]",4,True,,"1:a500f0e77c:[{""frame"":134,""point"":[0.61953125,0.45729166666666665],""update"":true},{""frame"":269,""point"":[0.43359375,0.346875],""update"":true},{""frame"":404,""point"":[0.54140625,0.5677083333333334],""update"":true},{""frame"":539,""point"":[0.37578125,0.33645833333333336],""update"":true}]",long_rvos/a500f0e77c/1/4,PREDICTED_CANDIDATE_POINT_STATIC,199.6633126065135,63532790784,success,False
long_rvos/a500f0e77c/1/0,long_rvos,a500f0e77c,1,0,static,A little girl wearing pink clothes.,PREDICTED_CANDIDATE_POINT_TEMPORAL,False,0.63635107918905,0.6600677503894175,0.6482094147892337,"[0, 0, 0, 0]",4,True,,"1:a500f0e77c:[{""frame"":134,""point"":[0.61953125,0.45729166666666665],""update"":true},{""frame"":269,""point"":[0.43359375,0.346875],""update"":true},{""frame"":404,""point"":[0.54140625,0.5677083333333334],""update"":true},{""frame"":539,""point"":[0.37578125,0.33645833333333336],""update"":true}]",long_rvos/a500f0e77c/1/4,PREDICTED_CANDIDATE_POINT_STATIC,199.6633126065135,63532790784,success,False
long_rvos/a500f0e77c/1/1,long_rvos,a500f0e77c,1,1,dynamic,"A girl runs around the living room, then lies down on the floor before getting up and sitting on a toy car, and continues running around.",ORACLE_CANDIDATE,True,0.8474950233478946,0.8627815042143929,0.8551382637811438,[0],,,,,,,,,,
long_rvos/a500f0e77c/1/1,long_rvos,a500f0e77c,1,1,dynamic,"A girl runs around the living room, then lies down on the floor before getting up and sitting on a toy car, and continues running around.",ORACLE_ID_POINT,True,0.6363165924874629,0.6600713135413967,0.6481939530144298,"[0, 0, 0, 0]",4,True,,"1:a500f0e77c:[{""frame"":134,""point"":[0.61953125,0.45729166666666665],""update"":true},{""frame"":269,""point"":[0.43359375,0.3572916666666667],""update"":true},{""frame"":404,""point"":[0.54140625,0.5677083333333334],""update"":true},{""frame"":539,""point"":[0.37578125,0.33645833333333336],""update"":true}]",long_rvos/a500f0e77c/1/1,PREDICTED_CANDIDATE_POINT_STATIC,201.0669989809394,63530530816,success,False
long_rvos/a500f0e77c/1/1,long_rvos,a500f0e77c,1,1,dynamic,"A girl runs around the living room, then lies down on the floor before getting up and sitting on a toy car, and continues running around.",PREDICTED_CANDIDATE_DIRECT_STATIC,False,0.8474950233478946,0.8627815042143929,0.8551382637811438,"[0, 0, 0, 0]",,,,,,,,,,
long_rvos/a500f0e77c/1/1,long_rvos,a500f0e77c,1,1,dynamic,"A girl runs around the living room, then lies down on the floor before getting up and sitting on a toy car, and continues running around.",PREDICTED_CANDIDATE_DIRECT_TEMPORAL,False,0.8474950233478946,0.8627815042143929,0.8551382637811438,"[0, 0, 0, 0]",,,,,,,,,,
long_rvos/a500f0e77c/1/1,long_rvos,a500f0e77c,1,1,dynamic,"A girl runs around the living room, then lies down on the floor before getting up and sitting on a toy car, and continues running around.",PREDICTED_CANDIDATE_POINT_STATIC,False,0.6363165924874629,0.6600713135413967,0.6481939530144298,"[0, 0, 0, 0]",4,False,,,,,201.0669989809394,63530530816,success,False
long_rvos/a500f0e77c/1/1,long_rvos,a500f0e77c,1,1,dynamic,"A girl runs around the living room, then lies down on the floor before getting up and sitting on a toy car, and continues running around.",PREDICTED_CANDIDATE_POINT_TEMPORAL,False,0.6363165924874629,0.6600713135413967,0.6481939530144298,"[0, 0, 0, 0]",4,True,,"1:a500f0e77c:[{""frame"":134,""point"":[0.61953125,0.45729166666666665],""update"":true},{""frame"":269,""point"":[0.43359375,0.3572916666666667],""update"":true},{""frame"":404,""point"":[0.54140625,0.5677083333333334],""update"":true},{""frame"":539,""point"":[0.37578125,0.33645833333333336],""update"":true}]",long_rvos/a500f0e77c/1/1,PREDICTED_CANDIDATE_POINT_STATIC,201.0669989809394,63530530816,success,False
long_rvos/a500f0e77c/1/4,long_rvos,a500f0e77c,1,4,hybrid,"A little girl wearing red clothes, spinning in circles and running around.",ORACLE_CANDIDATE,True,0.838084990770637,0.8524063457079699,0.8452456682393035,[0],,,,,,,,,,
long_rvos/a500f0e77c/1/4,long_rvos,a500f0e77c,1,4,hybrid,"A little girl wearing red clothes, spinning in circles and running around.",ORACLE_ID_POINT,True,0.63635107918905,0.6600677503894175,0.6482094147892337,"[0, 0, 0, 0]",4,True,,"1:a500f0e77c:[{""frame"":134,""point"":[0.61953125,0.45729166666666665],""update"":true},{""frame"":269,""point"":[0.43359375,0.346875],""update"":true},{""frame"":404,""point"":[0.54140625,0.5677083333333334],""update"":true},{""frame"":539,""point"":[0.37578125,0.33645833333333336],""update"":true}]",long_rvos/a500f0e77c/1/4,PREDICTED_CANDIDATE_POINT_STATIC,199.6633126065135,63532790784,success,False
long_rvos/a500f0e77c/1/4,long_rvos,a500f0e77c,1,4,hybrid,"A little girl wearing red clothes, spinning in circles and running around.",PREDICTED_CANDIDATE_DIRECT_STATIC,False,0.838084990770637,0.8524063457079699,0.8452456682393035,"[0, 0, 0, 0]",,,,,,,,,,
long_rvos/a500f0e77c/1/4,long_rvos,a500f0e77c,1,4,hybrid,"A little girl wearing red clothes, spinning in circles and running around.",PREDICTED_CANDIDATE_DIRECT_TEMPORAL,False,0.838084990770637,0.8524063457079699,0.8452456682393035,"[0, 0, 0, 0]",,,,,,,,,,
long_rvos/a500f0e77c/1/4,long_rvos,a500f0e77c,1,4,hybrid,"A little girl wearing red clothes, spinning in circles and running around.",PREDICTED_CANDIDATE_POINT_STATIC,False,0.63635107918905,0.6600677503894175,0.6482094147892337,"[0, 0, 0, 0]",4,False,,,,,199.6633126065135,63532790784,success,False
long_rvos/a500f0e77c/1/4,long_rvos,a500f0e77c,1,4,hybrid,"A little girl wearing red clothes, spinning in circles and running around.",PREDICTED_CANDIDATE_POINT_TEMPORAL,False,0.63635107918905,0.6600677503894175,0.6482094147892337,"[0, 0, 0, 0]",4,True,,"1:a500f0e77c:[{""frame"":134,""point"":[0.61953125,0.45729166666666665],""update"":true},{""frame"":269,""point"":[0.43359375,0.346875],""update"":true},{""frame"":404,""point"":[0.54140625,0.5677083333333334],""update"":true},{""frame"":539,""point"":[0.37578125,0.33645833333333336],""update"":true}]",long_rvos/a500f0e77c/1/4,PREDICTED_CANDIDATE_POINT_STATIC,199.6633126065135,63532790784,success,False
long_rvos/a595411232/3/10,long_rvos,a595411232,3,10,static,"A woman wearing an orange life jacket on a sailboat with a red, white, and blue sail, later falling into the water, next to a man wearing a red life jacket and a black hat.",ORACLE_CANDIDATE,True,0.5968134384113811,0.6385623387137611,0.6176878885625712,[1],,,,,,,,,,
long_rvos/a595411232/3/10,long_rvos,a595411232,3,10,static,"A woman wearing an orange life jacket on a sailboat with a red, white, and blue sail, later falling into the water, next to a man wearing a red life jacket and a black hat.",ORACLE_ID_POINT,True,0.5014450983309571,0.53046846864318,0.5159567834870685,"[1, 1, 1, 1]",2,True,,"3:a595411232:[{""frame"":134,""point"":null,""update"":false},{""frame"":269,""point"":[0.60859375,0.6447916666666667],""update"":true},{""frame"":404,""point"":[0.61796875,0.5302083333333333],""update"":true},{""frame"":539,""point"":null,""update"":false}]",long_rvos/a595411232/3/11,PREDICTED_CANDIDATE_POINT_TEMPORAL,110.72000157088041,50182550528,success,False
long_rvos/a595411232/3/10,long_rvos,a595411232,3,10,static,"A woman wearing an orange life jacket on a sailboat with a red, white, and blue sail, later falling into the water, next to a man wearing a red life jacket and a black hat.",PREDICTED_CANDIDATE_DIRECT_STATIC,False,0.27936632749068324,0.3193783914667339,0.29937235947870855,"[0, 0, 0, 0]",,,,,,,,,,
long_rvos/a595411232/3/10,long_rvos,a595411232,3,10,static,"A woman wearing an orange life jacket on a sailboat with a red, white, and blue sail, later falling into the water, next to a man wearing a red life jacket and a black hat.",PREDICTED_CANDIDATE_DIRECT_TEMPORAL,False,0.5842581683348993,0.6229637769540318,0.6036109726444656,"[1, 1, 1, 0]",,,,,,,,,,
long_rvos/a595411232/3/10,long_rvos,a595411232,3,10,static,"A woman wearing an orange life jacket on a sailboat with a red, white, and blue sail, later falling into the water, next to a man wearing a red life jacket and a black hat.",PREDICTED_CANDIDATE_POINT_STATIC,False,0.20375597773918597,0.22292574662947606,0.21334086218433101,"[0, 0, 0, 0]",3,True,,"3:a595411232:[{""frame"":134,""point"":[0.58359375,0.4947916666666667],""update"":true},{""frame"":269,""point"":[0.70234375,0.7114583333333333],""update"":true},{""frame"":404,""point"":[0.80546875,0.534375],""update"":true},{""frame"":539,""point"":null,""update"":false}]",long_rvos/a595411232/3/20,PREDICTED_CANDIDATE_POINT_STATIC,179.84183044731617,63532919808,success,False
long_rvos/a595411232/3/10,long_rvos,a595411232,3,10,static,"A woman wearing an orange life jacket on a sailboat with a red, white, and blue sail, later falling into the water, next to a man wearing a red life jacket and a black hat.",PREDICTED_CANDIDATE_POINT_TEMPORAL,False,0.5014450983309571,0.53046846864318,0.5159567834870685,"[1, 1, 1, 0]",2,True,,"3:a595411232:[{""frame"":134,""point"":null,""update"":false},{""frame"":269,""point"":[0.60859375,0.6447916666666667],""update"":true},{""frame"":404,""point"":[0.61796875,0.5302083333333333],""update"":true},{""frame"":539,""point"":null,""update"":false}]",long_rvos/a595411232/3/11,PREDICTED_CANDIDATE_POINT_TEMPORAL,110.72000157088041,50182550528,success,False
long_rvos/a595411232/3/11,long_rvos,a595411232,3,11,dynamic,"The woman sits on the sailboat, then falls into the water, climbs back onto the boat, and falls again.",ORACLE_CANDIDATE,True,0.5968134384113811,0.6385623387137611,0.6176878885625712,[1],,,,,,,,,,
long_rvos/a595411232/3/11,long_rvos,a595411232,3,11,dynamic,"The woman sits on the sailboat, then falls into the water, climbs back onto the boat, and falls again.",ORACLE_ID_POINT,True,0.5014450983309571,0.53046846864318,0.5159567834870685,"[1, 1, 1, 1]",2,True,,"3:a595411232:[{""frame"":134,""point"":null,""update"":false},{""frame"":269,""point"":[0.60859375,0.6447916666666667],""update"":true},{""frame"":404,""point"":[0.61796875,0.5302083333333333],""update"":true},{""frame"":539,""point"":null,""update"":false}]",long_rvos/a595411232/3/11,PREDICTED_CANDIDATE_POINT_TEMPORAL,110.72000157088041,50182550528,success,False
long_rvos/a595411232/3/11,long_rvos,a595411232,3,11,dynamic,"The woman sits on the sailboat, then falls into the water, climbs back onto the boat, and falls again.",PREDICTED_CANDIDATE_DIRECT_STATIC,False,0.4525692815978783,0.4899639547072779,0.4712666181525781,"[0, 1, 0, 0]",,,,,,,,,,
long_rvos/a595411232/3/11,long_rvos,a595411232,3,11,dynamic,"The woman sits on the sailboat, then falls into the water, climbs back onto the boat, and falls again.",PREDICTED_CANDIDATE_DIRECT_TEMPORAL,False,0.5842581683348993,0.6229637769540318,0.6036109726444656,"[1, 1, 1, 0]",,,,,,,,,,
long_rvos/a595411232/3/11,long_rvos,a595411232,3,11,dynamic,"The woman sits on the sailboat, then falls into the water, climbs back onto the boat, and falls again.",PREDICTED_CANDIDATE_POINT_STATIC,False,0.43669714826260886,0.47419615015125494,0.4554466492069319,"[0, 1, 0, 0]",3,False,,,,,180.30900941044092,63532919808,success,False
long_rvos/a595411232/3/11,long_rvos,a595411232,3,11,dynamic,"The woman sits on the sailboat, then falls into the water, climbs back onto the boat, and falls again.",PREDICTED_CANDIDATE_POINT_TEMPORAL,False,0.5014450983309571,0.53046846864318,0.5159567834870685,"[1, 1, 1, 0]",2,False,,,,,110.72000157088041,50182550528,success,False
long_rvos/a595411232/3/20,long_rvos,a595411232,3,20,hybrid,"A woman in a red life jacket falls into the water as the sailboat capsizes, climbs back, and falls again.",ORACLE_CANDIDATE,True,0.5968134384113811,0.6385623387137611,0.6176878885625712,[1],,,,,,,,,,
long_rvos/a595411232/3/20,long_rvos,a595411232,3,20,hybrid,"A woman in a red life jacket falls into the water as the sailboat capsizes, climbs back, and falls again.",ORACLE_ID_POINT,True,0.5014450983309571,0.53046846864318,0.5159567834870685,"[1, 1, 1, 1]",2,True,,"3:a595411232:[{""frame"":134,""point"":null,""update"":false},{""frame"":269,""point"":[0.60859375,0.6447916666666667],""update"":true},{""frame"":404,""point"":[0.61796875,0.5302083333333333],""update"":true},{""frame"":539,""point"":null,""update"":false}]",long_rvos/a595411232/3/11,PREDICTED_CANDIDATE_POINT_TEMPORAL,110.72000157088041,50182550528,success,False
long_rvos/a595411232/3/20,long_rvos,a595411232,3,20,hybrid,"A woman in a red life jacket falls into the water as the sailboat capsizes, climbs back, and falls again.",PREDICTED_CANDIDATE_DIRECT_STATIC,False,0.27936632749068324,0.3193783914667339,0.29937235947870855,"[0, 0, 0, 0]",,,,,,,,,,
long_rvos/a595411232/3/20,long_rvos,a595411232,3,20,hybrid,"A woman in a red life jacket falls into the water as the sailboat capsizes, climbs back, and falls again.",PREDICTED_CANDIDATE_DIRECT_TEMPORAL,False,0.27936632749068324,0.3193783914667339,0.29937235947870855,"[0, 0, 0, 0]",,,,,,,,,,
long_rvos/a595411232/3/20,long_rvos,a595411232,3,20,hybrid,"A woman in a red life jacket falls into the water as the sailboat capsizes, climbs back, and falls again.",PREDICTED_CANDIDATE_POINT_STATIC,False,0.20375597773918597,0.22292574662947606,0.21334086218433101,"[0, 0, 0, 0]",3,False,,,,,179.84183044731617,63532919808,success,False
long_rvos/a595411232/3/20,long_rvos,a595411232,3,20,hybrid,"A woman in a red life jacket falls into the water as the sailboat capsizes, climbs back, and falls again.",PREDICTED_CANDIDATE_POINT_TEMPORAL,False,0.20375597773918597,0.22292574662947606,0.21334086218433101,"[0, 0, 0, 0]",3,True,,"3:a595411232:[{""frame"":134,""point"":[0.58359375,0.4947916666666667],""update"":true},{""frame"":269,""point"":[0.70234375,0.7114583333333333],""update"":true},{""frame"":404,""point"":[0.80546875,0.534375],""update"":true},{""frame"":539,""point"":null,""update"":false}]",long_rvos/a595411232/3/20,PREDICTED_CANDIDATE_POINT_STATIC,179.84183044731617,63532919808,success,False
long_rvos/a595411232/3/21,long_rvos,a595411232,3,21,hybrid,"A woman in an orange life jacket on a sailboat falls into the water, climbs back, and falls again.",ORACLE_CANDIDATE,True,0.5968134384113811,0.6385623387137611,0.6176878885625712,[1],,,,,,,,,,
long_rvos/a595411232/3/21,long_rvos,a595411232,3,21,hybrid,"A woman in an orange life jacket on a sailboat falls into the water, climbs back, and falls again.",ORACLE_ID_POINT,True,0.5014450983309571,0.53046846864318,0.5159567834870685,"[1, 1, 1, 1]",2,True,,"3:a595411232:[{""frame"":134,""point"":null,""update"":false},{""frame"":269,""point"":[0.60859375,0.6447916666666667],""update"":true},{""frame"":404,""point"":[0.61796875,0.5302083333333333],""update"":true},{""frame"":539,""point"":null,""update"":false}]",long_rvos/a595411232/3/11,PREDICTED_CANDIDATE_POINT_TEMPORAL,110.72000157088041,50182550528,success,False
long_rvos/a595411232/3/21,long_rvos,a595411232,3,21,hybrid,"A woman in an orange life jacket on a sailboat falls into the water, climbs back, and falls again.",PREDICTED_CANDIDATE_DIRECT_STATIC,False,0.27936632749068324,0.3193783914667339,0.29937235947870855,"[0, 0, 0, 0]",,,,,,,,,,
long_rvos/a595411232/3/21,long_rvos,a595411232,3,21,hybrid,"A woman in an orange life jacket on a sailboat falls into the water, climbs back, and falls again.",PREDICTED_CANDIDATE_DIRECT_TEMPORAL,False,0.3769140236780601,0.3935433266172732,0.3852286751476667,"[1, 1, 0, 0]",,,,,,,,,,
long_rvos/a595411232/3/21,long_rvos,a595411232,3,21,hybrid,"A woman in an orange life jacket on a sailboat falls into the water, climbs back, and falls again.",PREDICTED_CANDIDATE_POINT_STATIC,False,0.20375597773918597,0.22292574662947606,0.21334086218433101,"[0, 0, 0, 0]",3,True,,"3:a595411232:[{""frame"":134,""point"":[0.58359375,0.4947916666666667],""update"":true},{""frame"":269,""point"":[0.70234375,0.7114583333333333],""update"":true},{""frame"":404,""point"":[0.80546875,0.534375],""update"":true},{""frame"":539,""point"":null,""update"":false}]",long_rvos/a595411232/3/20,PREDICTED_CANDIDATE_POINT_STATIC,179.84183044731617,63532919808,success,False
long_rvos/a595411232/3/21,long_rvos,a595411232,3,21,hybrid,"A woman in an orange life jacket on a sailboat falls into the water, climbs back, and falls again.",PREDICTED_CANDIDATE_POINT_TEMPORAL,False,0.358564501685771,0.36898142964196246,0.36377296566386674,"[1, 1, 0, 0]",2,False,,,,,111.01241052895784,50182550528,success,False
long_rvos/a595411232/3/8,long_rvos,a595411232,3,8,static,"A woman wearing a red life jacket and a hat, on a white sailboat, next to a man wearing the same outfit.",ORACLE_CANDIDATE,True,0.5968134384113811,0.6385623387137611,0.6176878885625712,[1],,,,,,,,,,
long_rvos/a595411232/3/8,long_rvos,a595411232,3,8,static,"A woman wearing a red life jacket and a hat, on a white sailboat, next to a man wearing the same outfit.",ORACLE_ID_POINT,True,0.5014450983309571,0.53046846864318,0.5159567834870685,"[1, 1, 1, 1]",2,True,,"3:a595411232:[{""frame"":134,""point"":null,""update"":false},{""frame"":269,""point"":[0.60859375,0.6447916666666667],""update"":true},{""frame"":404,""point"":[0.61796875,0.5302083333333333],""update"":true},{""frame"":539,""point"":null,""update"":false}]",long_rvos/a595411232/3/11,PREDICTED_CANDIDATE_POINT_TEMPORAL,110.72000157088041,50182550528,success,False
long_rvos/a595411232/3/8,long_rvos,a595411232,3,8,static,"A woman wearing a red life jacket and a hat, on a white sailboat, next to a man wearing the same outfit.",PREDICTED_CANDIDATE_DIRECT_STATIC,False,0.27936632749068324,0.3193783914667339,0.29937235947870855,"[0, 0, 0, 0]",,,,,,,,,,
long_rvos/a595411232/3/8,long_rvos,a595411232,3,8,static,"A woman wearing a red life jacket and a hat, on a white sailboat, next to a man wearing the same outfit.",PREDICTED_CANDIDATE_DIRECT_TEMPORAL,False,0.3769140236780601,0.3935433266172732,0.3852286751476667,"[1, 1, 0, 0]",,,,,,,,,,
long_rvos/a595411232/3/8,long_rvos,a595411232,3,8,static,"A woman wearing a red life jacket and a hat, on a white sailboat, next to a man wearing the same outfit.",PREDICTED_CANDIDATE_POINT_STATIC,False,0.20375597773918597,0.22292574662947606,0.21334086218433101,"[0, 0, 0, 0]",3,True,,"3:a595411232:[{""frame"":134,""point"":[0.58359375,0.4947916666666667],""update"":true},{""frame"":269,""point"":[0.70234375,0.7114583333333333],""update"":true},{""frame"":404,""point"":[0.80546875,0.534375],""update"":true},{""frame"":539,""point"":null,""update"":false}]",long_rvos/a595411232/3/20,PREDICTED_CANDIDATE_POINT_STATIC,179.84183044731617,63532919808,success,False
long_rvos/a595411232/3/8,long_rvos,a595411232,3,8,static,"A woman wearing a red life jacket and a hat, on a white sailboat, next to a man wearing the same outfit.",PREDICTED_CANDIDATE_POINT_TEMPORAL,False,0.358564501685771,0.36898142964196246,0.36377296566386674,"[1, 1, 0, 0]",2,True,,"3:a595411232:[{""frame"":134,""point"":null,""update"":false},{""frame"":269,""point"":[0.60859375,0.6447916666666667],""update"":true},{""frame"":404,""point"":[0.80546875,0.534375],""update"":true},{""frame"":539,""point"":null,""update"":false}]",long_rvos/a595411232/3/21,PREDICTED_CANDIDATE_POINT_TEMPORAL,111.01241052895784,50182550528,success,False
long_rvos/a595411232/3/9,long_rvos,a595411232,3,9,dynamic,"The woman falls into the water when the sailboat capsizes, climbs back onto the sailboat, and falls back into the water when the sailboat capsizes again.",ORACLE_CANDIDATE,True,0.5968134384113811,0.6385623387137611,0.6176878885625712,[1],,,,,,,,,,
long_rvos/a595411232/3/9,long_rvos,a595411232,3,9,dynamic,"The woman falls into the water when the sailboat capsizes, climbs back onto the sailboat, and falls back into the water when the sailboat capsizes again.",ORACLE_ID_POINT,True,0.5014450983309571,0.53046846864318,0.5159567834870685,"[1, 1, 1, 1]",2,True,,"3:a595411232:[{""frame"":134,""point"":null,""update"":false},{""frame"":269,""point"":[0.60859375,0.6447916666666667],""update"":true},{""frame"":404,""point"":[0.61796875,0.5302083333333333],""update"":true},{""frame"":539,""point"":null,""update"":false}]",long_rvos/a595411232/3/11,PREDICTED_CANDIDATE_POINT_TEMPORAL,110.72000157088041,50182550528,success,False
long_rvos/a595411232/3/9,long_rvos,a595411232,3,9,dynamic,"The woman falls into the water when the sailboat capsizes, climbs back onto the sailboat, and falls back into the water when the sailboat capsizes again.",PREDICTED_CANDIDATE_DIRECT_STATIC,False,0.4525692815978783,0.4899639547072779,0.4712666181525781,"[0, 1, 0, 0]",,,,,,,,,,
long_rvos/a595411232/3/9,long_rvos,a595411232,3,9,dynamic,"The woman falls into the water when the sailboat capsizes, climbs back onto the sailboat, and falls back into the water when the sailboat capsizes again.",PREDICTED_CANDIDATE_DIRECT_TEMPORAL,False,0.5842581683348993,0.6229637769540318,0.6036109726444656,"[1, 1, 1, 0]",,,,,,,,,,
long_rvos/a595411232/3/9,long_rvos,a595411232,3,9,dynamic,"The woman falls into the water when the sailboat capsizes, climbs back onto the sailboat, and falls back into the water when the sailboat capsizes again.",PREDICTED_CANDIDATE_POINT_STATIC,False,0.43669714826260886,0.47419615015125494,0.4554466492069319,"[0, 1, 0, 0]",3,True,,"3:a595411232:[{""frame"":134,""point"":[0.58359375,0.4947916666666667],""update"":true},{""frame"":269,""point"":[0.60859375,0.6447916666666667],""update"":true},{""frame"":404,""point"":[0.80546875,0.534375],""update"":true},{""frame"":539,""point"":null,""update"":false}]",long_rvos/a595411232/3/11,PREDICTED_CANDIDATE_POINT_STATIC,180.30900941044092,63532919808,success,False
long_rvos/a595411232/3/9,long_rvos,a595411232,3,9,dynamic,"The woman falls into the water when the sailboat capsizes, climbs back onto the sailboat, and falls back into the water when the sailboat capsizes again.",PREDICTED_CANDIDATE_POINT_TEMPORAL,False,0.5014450983309571,0.53046846864318,0.5159567834870685,"[1, 1, 1, 0]",2,True,,"3:a595411232:[{""frame"":134,""point"":null,""update"":false},{""frame"":269,""point"":[0.60859375,0.6447916666666667],""update"":true},{""frame"":404,""point"":[0.61796875,0.5302083333333333],""update"":true},{""frame"":539,""point"":null,""update"":false}]",long_rvos/a595411232/3/11,PREDICTED_CANDIDATE_POINT_TEMPORAL,110.72000157088041,50182550528,success,False
long_rvos/a8b6fd5e4d/2/10,long_rvos,a8b6fd5e4d,2,10,hybrid,"A baby in green crawls on the floor and plays with a man, being caught and chased.",ORACLE_CANDIDATE,True,0.7752003915415069,0.5068717166686911,0.641036054105099,[0],,,,,,,,,,
long_rvos/a8b6fd5e4d/2/10,long_rvos,a8b6fd5e4d,2,10,hybrid,"A baby in green crawls on the floor and plays with a man, being caught and chased.",ORACLE_ID_POINT,True,0.519710450221075,0.2897425292996289,0.40472648976035197,"[0, 0, 0, 0]",3,True,,"2:a8b6fd5e4d:[{""frame"":95,""point"":[0.396875,0.6354166666666666],""update"":true},{""frame"":191,""point"":[0.2552083333333333,0.5006944444444444],""update"":true},{""frame"":286,""point"":[0.9989583333333333,0.9993055555555556],""update"":true},{""frame"":382,""point"":null,""update"":false}]",long_rvos/a8b6fd5e4d/2/5,PREDICTED_CANDIDATE_POINT_STATIC,136.74805918335915,47059324928,success,False
long_rvos/a8b6fd5e4d/2/10,long_rvos,a8b6fd5e4d,2,10,hybrid,"A baby in green crawls on the floor and plays with a man, being caught and chased.",PREDICTED_CANDIDATE_DIRECT_STATIC,False,0.7752003915415069,0.5068717166686911,0.641036054105099,"[0, 0, 0, 0]",,,,,,,,,,
long_rvos/a8b6fd5e4d/2/10,long_rvos,a8b6fd5e4d,2,10,hybrid,"A baby in green crawls on the floor and plays with a man, being caught and chased.",PREDICTED_CANDIDATE_DIRECT_TEMPORAL,False,0.7752003915415069,0.5068717166686911,0.641036054105099,"[0, 0, 0, 0]",,,,,,,,,,
long_rvos/a8b6fd5e4d/2/10,long_rvos,a8b6fd5e4d,2,10,hybrid,"A baby in green crawls on the floor and plays with a man, being caught and chased.",PREDICTED_CANDIDATE_POINT_STATIC,False,0.519710450221075,0.2897425292996289,0.40472648976035197,"[0, 0, 0, 0]",3,True,,"2:a8b6fd5e4d:[{""frame"":95,""point"":[0.396875,0.6354166666666666],""update"":true},{""frame"":191,""point"":[0.2552083333333333,0.5006944444444444],""update"":true},{""frame"":286,""point"":[0.9989583333333333,0.9993055555555556],""update"":true},{""frame"":382,""point"":null,""update"":false}]",long_rvos/a8b6fd5e4d/2/5,PREDICTED_CANDIDATE_POINT_STATIC,136.74805918335915,47059324928,success,False
long_rvos/a8b6fd5e4d/2/10,long_rvos,a8b6fd5e4d,2,10,hybrid,"A baby in green crawls on the floor and plays with a man, being caught and chased.",PREDICTED_CANDIDATE_POINT_TEMPORAL,False,0.519710450221075,0.2897425292996289,0.40472648976035197,"[0, 0, 0, 0]",3,True,,"2:a8b6fd5e4d:[{""frame"":95,""point"":[0.396875,0.6354166666666666],""update"":true},{""frame"":191,""point"":[0.2552083333333333,0.5006944444444444],""update"":true},{""frame"":286,""point"":[0.9989583333333333,0.9993055555555556],""update"":true},{""frame"":382,""point"":null,""update"":false}]",long_rvos/a8b6fd5e4d/2/5,PREDICTED_CANDIDATE_POINT_STATIC,136.74805918335915,47059324928,success,False
long_rvos/a8b6fd5e4d/2/11,long_rvos,a8b6fd5e4d,2,11,hybrid,"A child crawls on the floor, is picked up by a man, then continues crawling.",ORACLE_CANDIDATE,True,0.5784207180619961,0.4491492031892161,0.5137849606256061,[0],,,,,,,,,,
long_rvos/a8b6fd5e4d/2/11,long_rvos,a8b6fd5e4d,2,11,hybrid,"A child crawls on the floor, is picked up by a man, then continues crawling.",ORACLE_ID_POINT,True,0.5652731339873833,0.3145771549455996,0.43992514446649145,"[0, 0, 0, 0]",2,True,,"2:a8b6fd5e4d:[{""frame"":95,""point"":[0.38645833333333335,0.6381944444444444],""update"":true},{""frame"":191,""point"":[0.2552083333333333,0.5006944444444444],""update"":true},{""frame"":286,""point"":null,""update"":false},{""frame"":382,""point"":null,""update"":false}]",long_rvos/a8b6fd5e4d/2/7,ORACLE_ID_POINT,104.48584960401058,46684136960,success,False
long_rvos/a8b6fd5e4d/2/11,long_rvos,a8b6fd5e4d,2,11,hybrid,"A child crawls on the floor, is picked up by a man, then continues crawling.",PREDICTED_CANDIDATE_DIRECT_STATIC,False,0.5214006192870116,0.4181260001283289,0.4697633097076703,"[0, 0, 16, 0]",,,,,,,,,,
long_rvos/a8b6fd5e4d/2/11,long_rvos,a8b6fd5e4d,2,11,hybrid,"A child crawls on the floor, is picked up by a man, then continues crawling.",PREDICTED_CANDIDATE_DIRECT_TEMPORAL,False,0.5214006192870116,0.4181260001283289,0.4697633097076703,"[0, 0, 16, 0]",,,,,,,,,,
long_rvos/a8b6fd5e4d/2/11,long_rvos,a8b6fd5e4d,2,11,hybrid,"A child crawls on the floor, is picked up by a man, then continues crawling.",PREDICTED_CANDIDATE_POINT_STATIC,False,0.519714669847833,0.28955998792966475,0.40463732888874887,"[0, 0, 16, 0]",3,True,,"2:a8b6fd5e4d:[{""frame"":95,""point"":[0.38645833333333335,0.6381944444444444],""update"":true},{""frame"":191,""point"":[0.2552083333333333,0.5006944444444444],""update"":true},{""frame"":286,""point"":[0.6927083333333334,0.9993055555555556],""update"":true},{""frame"":382,""point"":null,""update"":false}]",long_rvos/a8b6fd5e4d/2/7,PREDICTED_CANDIDATE_POINT_STATIC,138.62424620985985,47059324928,success,False
long_rvos/a8b6fd5e4d/2/11,long_rvos,a8b6fd5e4d,2,11,hybrid,"A child crawls on the floor, is picked up by a man, then continues crawling.",PREDICTED_CANDIDATE_POINT_TEMPORAL,False,0.519714669847833,0.28955998792966475,0.40463732888874887,"[0, 0, 16, 0]",3,True,,"2:a8b6fd5e4d:[{""frame"":95,""point"":[0.38645833333333335,0.6381944444444444],""update"":true},{""frame"":191,""point"":[0.2552083333333333,0.5006944444444444],""update"":true},{""frame"":286,""point"":[0.6927083333333334,0.9993055555555556],""update"":true},{""frame"":382,""point"":null,""update"":false}]",long_rvos/a8b6fd5e4d/2/7,PREDICTED_CANDIDATE_POINT_STATIC,138.62424620985985,47059324928,success,False
long_rvos/a8b6fd5e4d/2/4,long_rvos,a8b6fd5e4d,2,4,static,"A baby in dark green clothes, next to a man, with the floor beneath.",ORACLE_CANDIDATE,True,0.09452619250328234,0.1850520594488816,0.13978912597608195,[0],,,,,,,,,,
long_rvos/a8b6fd5e4d/2/4,long_rvos,a8b6fd5e4d,2,4,static,"A baby in dark green clothes, next to a man, with the floor beneath.",ORACLE_ID_POINT,True,0.09375,0.09375,0.09375,"[0, 0, 0, 0]",1,True,,"2:a8b6fd5e4d:[{""frame"":95,""point"":[0.0010416666666666667,0.9993055555555556],""update"":true},{""frame"":191,""point"":null,""update"":false},{""frame"":286,""point"":null,""update"":false},{""frame"":382,""point"":null,""update"":false}]",long_rvos/a8b6fd5e4d/2/4,PREDICTED_CANDIDATE_POINT_STATIC,70.25731608271599,12128897024,success,False
long_rvos/a8b6fd5e4d/2/4,long_rvos,a8b6fd5e4d,2,4,static,"A baby in dark green clothes, next to a man, with the floor beneath.",PREDICTED_CANDIDATE_DIRECT_STATIC,False,0.09452619250328234,0.1850520594488816,0.13978912597608195,"[0, 0, 0, 0]",,,,,,,,,,
long_rvos/a8b6fd5e4d/2/4,long_rvos,a8b6fd5e4d,2,4,static,"A baby in dark green clothes, next to a man, with the floor beneath.",PREDICTED_CANDIDATE_DIRECT_TEMPORAL,False,0.09452619250328234,0.1850520594488816,0.13978912597608195,"[0, 0, 0, 0]",,,,,,,,,,
long_rvos/a8b6fd5e4d/2/4,long_rvos,a8b6fd5e4d,2,4,static,"A baby in dark green clothes, next to a man, with the floor beneath.",PREDICTED_CANDIDATE_POINT_STATIC,False,0.09375,0.09375,0.09375,"[0, 0, 0, 0]",1,False,,,,,70.25731608271599,12128897024,success,False
long_rvos/a8b6fd5e4d/2/4,long_rvos,a8b6fd5e4d,2,4,static,"A baby in dark green clothes, next to a man, with the floor beneath.",PREDICTED_CANDIDATE_POINT_TEMPORAL,False,0.09375,0.09375,0.09375,"[0, 0, 0, 0]",1,True,,"2:a8b6fd5e4d:[{""frame"":95,""point"":[0.0010416666666666667,0.9993055555555556],""update"":true},{""frame"":191,""point"":null,""update"":false},{""frame"":286,""point"":null,""update"":false},{""frame"":382,""point"":null,""update"":false}]",long_rvos/a8b6fd5e4d/2/4,PREDICTED_CANDIDATE_POINT_STATIC,70.25731608271599,12128897024,success,False
long_rvos/a8b6fd5e4d/2/5,long_rvos,a8b6fd5e4d,2,5,dynamic,"The baby and the man play together, with the man catching the baby once and then chasing after him.",ORACLE_CANDIDATE,True,0.7752003915415069,0.5068717166686911,0.641036054105099,[0],,,,,,,,,,
long_rvos/a8b6fd5e4d/2/5,long_rvos,a8b6fd5e4d,2,5,dynamic,"The baby and the man play together, with the man catching the baby once and then chasing after him.",ORACLE_ID_POINT,True,0.519710450221075,0.2897425292996289,0.40472648976035197,"[0, 0, 0, 0]",3,True,,"2:a8b6fd5e4d:[{""frame"":95,""point"":[0.396875,0.6354166666666666],""update"":true},{""frame"":191,""point"":[0.2552083333333333,0.5006944444444444],""update"":true},{""frame"":286,""point"":[0.9989583333333333,0.9993055555555556],""update"":true},{""frame"":382,""point"":null,""update"":false}]",long_rvos/a8b6fd5e4d/2/5,PREDICTED_CANDIDATE_POINT_STATIC,136.74805918335915,47059324928,success,False
long_rvos/a8b6fd5e4d/2/5,long_rvos,a8b6fd5e4d,2,5,dynamic,"The baby and the man play together, with the man catching the baby once and then chasing after him.",PREDICTED_CANDIDATE_DIRECT_STATIC,False,0.7752003915415069,0.5068717166686911,0.641036054105099,"[0, 0, 0, 0]",,,,,,,,,,
long_rvos/a8b6fd5e4d/2/5,long_rvos,a8b6fd5e4d,2,5,dynamic,"The baby and the man play together, with the man catching the baby once and then chasing after him.",PREDICTED_CANDIDATE_DIRECT_TEMPORAL,False,0.7752003915415069,0.5068717166686911,0.641036054105099,"[0, 0, 0, 0]",,,,,,,,,,
long_rvos/a8b6fd5e4d/2/5,long_rvos,a8b6fd5e4d,2,5,dynamic,"The baby and the man play together, with the man catching the baby once and then chasing after him.",PREDICTED_CANDIDATE_POINT_STATIC,False,0.519710450221075,0.2897425292996289,0.40472648976035197,"[0, 0, 0, 0]",3,False,,,,,136.74805918335915,47059324928,success,False
long_rvos/a8b6fd5e4d/2/5,long_rvos,a8b6fd5e4d,2,5,dynamic,"The baby and the man play together, with the man catching the baby once and then chasing after him.",PREDICTED_CANDIDATE_POINT_TEMPORAL,False,0.519710450221075,0.2897425292996289,0.40472648976035197,"[0, 0, 0, 0]",3,True,,"2:a8b6fd5e4d:[{""frame"":95,""point"":[0.396875,0.6354166666666666],""update"":true},{""frame"":191,""point"":[0.2552083333333333,0.5006944444444444],""update"":true},{""frame"":286,""point"":[0.9989583333333333,0.9993055555555556],""update"":true},{""frame"":382,""point"":null,""update"":false}]",long_rvos/a8b6fd5e4d/2/5,PREDICTED_CANDIDATE_POINT_STATIC,136.74805918335915,47059324928,success,False
long_rvos/a8b6fd5e4d/2/6,long_rvos,a8b6fd5e4d,2,6,static,"A short-haired child, next to a man wearing long sleeves and glasses.",ORACLE_CANDIDATE,True,0.7736639512394358,0.4953723296358868,0.6345181404376613,[0],,,,,,,,,,
long_rvos/a8b6fd5e4d/2/6,long_rvos,a8b6fd5e4d,2,6,static,"A short-haired child, next to a man wearing long sleeves and glasses.",ORACLE_ID_POINT,True,0.5464657410573481,0.29754821061920506,0.4220069758382766,"[0, 0, 0, 0]",4,True,,"2:a8b6fd5e4d:[{""frame"":95,""point"":[0.39895833333333336,0.6354166666666666],""update"":true},{""frame"":191,""point"":[0.26145833333333335,0.5020833333333333],""update"":true},{""frame"":286,""point"":[0.9989583333333333,0.9993055555555556],""update"":true},{""frame"":382,""point"":[0.0010416666666666667,0.10902777777777778],""update"":true}]",long_rvos/a8b6fd5e4d/2/6,PREDICTED_CANDIDATE_POINT_STATIC,140.6976303756237,47059324928,success,False
long_rvos/a8b6fd5e4d/2/6,long_rvos,a8b6fd5e4d,2,6,static,"A short-haired child, next to a man wearing long sleeves and glasses.",PREDICTED_CANDIDATE_DIRECT_STATIC,False,0.7736639512394358,0.4953723296358868,0.6345181404376613,"[0, 0, 0, 0]",,,,,,,,,,
long_rvos/a8b6fd5e4d/2/6,long_rvos,a8b6fd5e4d,2,6,static,"A short-haired child, next to a man wearing long sleeves and glasses.",PREDICTED_CANDIDATE_DIRECT_TEMPORAL,False,0.7736639512394358,0.4953723296358868,0.6345181404376613,"[0, 0, 0, 0]",,,,,,,,,,
long_rvos/a8b6fd5e4d/2/6,long_rvos,a8b6fd5e4d,2,6,static,"A short-haired child, next to a man wearing long sleeves and glasses.",PREDICTED_CANDIDATE_POINT_STATIC,False,0.5464657410573481,0.29754821061920506,0.4220069758382766,"[0, 0, 0, 0]",4,False,,,,,140.6976303756237,47059324928,success,False
long_rvos/a8b6fd5e4d/2/6,long_rvos,a8b6fd5e4d,2,6,static,"A short-haired child, next to a man wearing long sleeves and glasses.",PREDICTED_CANDIDATE_POINT_TEMPORAL,False,0.5464657410573481,0.29754821061920506,0.4220069758382766,"[0, 0, 0, 0]",4,True,,"2:a8b6fd5e4d:[{""frame"":95,""point"":[0.39895833333333336,0.6354166666666666],""update"":true},{""frame"":191,""point"":[0.26145833333333335,0.5020833333333333],""update"":true},{""frame"":286,""point"":[0.9989583333333333,0.9993055555555556],""update"":true},{""frame"":382,""point"":[0.0010416666666666667,0.10902777777777778],""update"":true}]",long_rvos/a8b6fd5e4d/2/6,PREDICTED_CANDIDATE_POINT_STATIC,140.6976303756237,47059324928,success,False
long_rvos/a8b6fd5e4d/2/7,long_rvos,a8b6fd5e4d,2,7,dynamic,"The child crawls on the floor, then is picked up by the man, continues crawling, sits up for a moment, and then resumes crawling.",ORACLE_CANDIDATE,True,0.5784207180619961,0.4491492031892161,0.5137849606256061,[0],,,,,,,,,,
long_rvos/a8b6fd5e4d/2/7,long_rvos,a8b6fd5e4d,2,7,dynamic,"The child crawls on the floor, then is picked up by the man, continues crawling, sits up for a moment, and then resumes crawling.",ORACLE_ID_POINT,True,0.5652731339873833,0.3145771549455996,0.43992514446649145,"[0, 0, 0, 0]",2,False,,,,,104.48584960401058,46684136960,success,False
long_rvos/a8b6fd5e4d/2/7,long_rvos,a8b6fd5e4d,2,7,dynamic,"The child crawls on the floor, then is picked up by the man, continues crawling, sits up for a moment, and then resumes crawling.",PREDICTED_CANDIDATE_DIRECT_STATIC,False,0.5214006192870116,0.4181260001283289,0.4697633097076703,"[0, 0, 16, 0]",,,,,,,,,,
long_rvos/a8b6fd5e4d/2/7,long_rvos,a8b6fd5e4d,2,7,dynamic,"The child crawls on the floor, then is picked up by the man, continues crawling, sits up for a moment, and then resumes crawling.",PREDICTED_CANDIDATE_DIRECT_TEMPORAL,False,0.5214006192870116,0.4181260001283289,0.4697633097076703,"[0, 0, 16, 0]",,,,,,,,,,
long_rvos/a8b6fd5e4d/2/7,long_rvos,a8b6fd5e4d,2,7,dynamic,"The child crawls on the floor, then is picked up by the man, continues crawling, sits up for a moment, and then resumes crawling.",PREDICTED_CANDIDATE_POINT_STATIC,False,0.519714669847833,0.28955998792966475,0.40463732888874887,"[0, 0, 16, 0]",3,False,,,,,138.62424620985985,47059324928,success,False
long_rvos/a8b6fd5e4d/2/7,long_rvos,a8b6fd5e4d,2,7,dynamic,"The child crawls on the floor, then is picked up by the man, continues crawling, sits up for a moment, and then resumes crawling.",PREDICTED_CANDIDATE_POINT_TEMPORAL,False,0.519714669847833,0.28955998792966475,0.40463732888874887,"[0, 0, 16, 0]",3,True,,"2:a8b6fd5e4d:[{""frame"":95,""point"":[0.38645833333333335,0.6381944444444444],""update"":true},{""frame"":191,""point"":[0.2552083333333333,0.5006944444444444],""update"":true},{""frame"":286,""point"":[0.6927083333333334,0.9993055555555556],""update"":true},{""frame"":382,""point"":null,""update"":false}]",long_rvos/a8b6fd5e4d/2/7,PREDICTED_CANDIDATE_POINT_STATIC,138.62424620985985,47059324928,success,False
long_rvos/af3ad95fe0/5/16,long_rvos,af3ad95fe0,5,16,hybrid,"A child in blue plays with a red triangular toy, then throws it on the carpet.",ORACLE_CANDIDATE,True,0.265625,0.265625,0.265625,[2],,,,,,,,,,
long_rvos/af3ad95fe0/5/16,long_rvos,af3ad95fe0,5,16,hybrid,"A child in blue plays with a red triangular toy, then throws it on the carpet.",ORACLE_ID_POINT,True,0.265625,0.265625,0.265625,"[2, 2, 2, 2]",0,False,,,,,29.701221399009228,8558780928,success,False
long_rvos/af3ad95fe0/5/16,long_rvos,af3ad95fe0,5,16,hybrid,"A child in blue plays with a red triangular toy, then throws it on the carpet.",PREDICTED_CANDIDATE_DIRECT_STATIC,False,0.047345554915130775,0.07763713133921654,0.06249134312717366,"[1, 0, 2, 0]",,,,,,,,,,
long_rvos/af3ad95fe0/5/16,long_rvos,af3ad95fe0,5,16,hybrid,"A child in blue plays with a red triangular toy, then throws it on the carpet.",PREDICTED_CANDIDATE_DIRECT_TEMPORAL,False,0.04922198717327482,0.14856277854653033,0.09889238285990257,"[0, 0, 0, 0]",,,,,,,,,,
long_rvos/af3ad95fe0/5/16,long_rvos,af3ad95fe0,5,16,hybrid,"A child in blue plays with a red triangular toy, then throws it on the carpet.",PREDICTED_CANDIDATE_POINT_STATIC,False,0.140809705609789,0.15622383801224704,0.14851677181101802,"[1, 0, 2, 0]",3,False,,,,,170.66736049950123,63237656576,success,False
long_rvos/af3ad95fe0/5/16,long_rvos,af3ad95fe0,5,16,hybrid,"A child in blue plays with a red triangular toy, then throws it on the carpet.",PREDICTED_CANDIDATE_POINT_TEMPORAL,False,0.23457431912649668,0.25675519254866896,0.24566475583758282,"[0, 0, 0, 0]",3,False,,,,,148.37096071243286,50185410560,success,False
long_rvos/af3ad95fe0/5/8,long_rvos,af3ad95fe0,5,8,static,"A red triangular toy, initially held by the child in blue clothes, later on the carpet.",ORACLE_CANDIDATE,True,0.4936894237800323,0.5687873745131408,0.5312383991465865,[1],,,,,,,,,,
long_rvos/af3ad95fe0/5/8,long_rvos,af3ad95fe0,5,8,static,"A red triangular toy, initially held by the child in blue clothes, later on the carpet.",ORACLE_ID_POINT,True,0.5720260638093745,0.6543930448475627,0.6132095543284686,"[1, 1, 1, 1]",2,True,,"5:af3ad95fe0:[{""frame"":134,""point"":null,""update"":false},{""frame"":269,""point"":[0.58359375,0.5322916666666667],""update"":true},{""frame"":404,""point"":[0.53828125,0.35520833333333335],""update"":true},{""frame"":539,""point"":null,""update"":false}]",long_rvos/af3ad95fe0/5/9,ORACLE_ID_POINT,113.89854402840137,50194847744,success,False
long_rvos/af3ad95fe0/5/8,long_rvos,af3ad95fe0,5,8,static,"A red triangular toy, initially held by the child in blue clothes, later on the carpet.",PREDICTED_CANDIDATE_DIRECT_STATIC,False,0.53335890415592,0.6156623745131408,0.5745106393345304,"[0, 1, 1, 0]",,,,,,,,,,
long_rvos/af3ad95fe0/5/8,long_rvos,af3ad95fe0,5,8,static,"A red triangular toy, initially held by the child in blue clothes, later on the carpet.",PREDICTED_CANDIDATE_DIRECT_TEMPORAL,False,0.46521348252396144,0.5151702832987034,0.4901918829113324,"[0, 0, 0, 4]",,,,,,,,,,
long_rvos/af3ad95fe0/5/8,long_rvos,af3ad95fe0,5,8,static,"A red triangular toy, initially held by the child in blue clothes, later on the carpet.",PREDICTED_CANDIDATE_POINT_STATIC,False,0.5720260638093745,0.6543930448475627,0.6132095543284686,"[0, 1, 1, 0]",2,True,,"5:af3ad95fe0:[{""frame"":134,""point"":null,""update"":false},{""frame"":269,""point"":[0.58359375,0.5322916666666667],""update"":true},{""frame"":404,""point"":[0.53828125,0.35520833333333335],""update"":true},{""frame"":539,""point"":null,""update"":false}]",long_rvos/af3ad95fe0/5/9,ORACLE_ID_POINT,113.89854402840137,50194847744,success,False
long_rvos/af3ad95fe0/5/8,long_rvos,af3ad95fe0,5,8,static,"A red triangular toy, initially held by the child in blue clothes, later on the carpet.",PREDICTED_CANDIDATE_POINT_TEMPORAL,False,0.265625,0.265625,0.265625,"[0, 0, 0, 4]",1,False,,,,,44.59443439543247,10779588096,success,False
long_rvos/af3ad95fe0/5/9,long_rvos,af3ad95fe0,5,9,dynamic,"The red triangular toy is played with by a child in blue clothes, then thrown onto the carpet.",ORACLE_CANDIDATE,True,0.4936894237800323,0.5687873745131408,0.5312383991465865,[1],,,,,,,,,,
long_rvos/af3ad95fe0/5/9,long_rvos,af3ad95fe0,5,9,dynamic,"The red triangular toy is played with by a child in blue clothes, then thrown onto the carpet.",ORACLE_ID_POINT,True,0.5720260638093745,0.6543930448475627,0.6132095543284686,"[1, 1, 1, 1]",2,False,,,,,113.89854402840137,50194847744,success,False
long_rvos/af3ad95fe0/5/9,long_rvos,af3ad95fe0,5,9,dynamic,"The red triangular toy is played with by a child in blue clothes, then thrown onto the carpet.",PREDICTED_CANDIDATE_DIRECT_STATIC,False,0.7089029063039938,0.8339576578118442,0.771430282057919,"[0, 1, 1, 4]",,,,,,,,,,
long_rvos/af3ad95fe0/5/9,long_rvos,af3ad95fe0,5,9,dynamic,"The red triangular toy is played with by a child in blue clothes, then thrown onto the carpet.",PREDICTED_CANDIDATE_DIRECT_TEMPORAL,False,0.7089029063039938,0.8339576578118442,0.771430282057919,"[0, 1, 1, 4]",,,,,,,,,,
long_rvos/af3ad95fe0/5/9,long_rvos,af3ad95fe0,5,9,dynamic,"The red triangular toy is played with by a child in blue clothes, then thrown onto the carpet.",PREDICTED_CANDIDATE_POINT_STATIC,False,0.5682503694746387,0.6507272851819663,0.6094888273283026,"[0, 1, 1, 4]",3,False,,,,,132.71093650907278,50194847744,success,False
long_rvos/af3ad95fe0/5/9,long_rvos,af3ad95fe0,5,9,dynamic,"The red triangular toy is played with by a child in blue clothes, then thrown onto the carpet.",PREDICTED_CANDIDATE_POINT_TEMPORAL,False,0.5682503694746387,0.6507272851819663,0.6094888273283026,"[0, 1, 1, 4]",3,True,,"5:af3ad95fe0:[{""frame"":134,""point"":null,""update"":false},{""frame"":269,""point"":[0.58359375,0.5322916666666667],""update"":true},{""frame"":404,""point"":[0.53828125,0.35520833333333335],""update"":true},{""frame"":539,""point"":[0.26328125,0.6239583333333333],""update"":true}]",long_rvos/af3ad95fe0/5/9,PREDICTED_CANDIDATE_POINT_STATIC,132.71093650907278,50194847744,success,False
long_rvos/af7297f0db/1/0,long_rvos,af7297f0db,1,0,static,"A baby wearing a white short-sleeve shirt and gray pants, in the living room, with a man wearing a gray short-sleeve shirt and blue jeans, and a dog beside them.",ORACLE_CANDIDATE,True,0.13834660685998762,0.15039964822152133,0.1443731275407545,[16],,,,,,,,,,
long_rvos/af7297f0db/1/0,long_rvos,af7297f0db,1,0,static,"A baby wearing a white short-sleeve shirt and gray pants, in the living room, with a man wearing a gray short-sleeve shirt and blue jeans, and a dog beside them.",ORACLE_ID_POINT,True,0.046875,0.046875,0.046875,"[16, 16, 16, 16]",1,True,,"1:af7297f0db:[{""frame"":114,""point"":null,""update"":false},{""frame"":228,""point"":[0.4859375,0.28125],""update"":true},{""frame"":342,""point"":null,""update"":false},{""frame"":457,""point"":null,""update"":false}]",long_rvos/af7297f0db/1/1,ORACLE_ID_POINT,65.56930031627417,12521647104,success,False
long_rvos/af7297f0db/1/0,long_rvos,af7297f0db,1,0,static,"A baby wearing a white short-sleeve shirt and gray pants, in the living room, with a man wearing a gray short-sleeve shirt and blue jeans, and a dog beside them.",PREDICTED_CANDIDATE_DIRECT_STATIC,False,0.12177290594318947,0.13059863631646978,0.12618577112982962,"[5, 16, 0, 0]",,,,,,,,,,
long_rvos/af7297f0db/1/0,long_rvos,af7297f0db,1,0,static,"A baby wearing a white short-sleeve shirt and gray pants, in the living room, with a man wearing a gray short-sleeve shirt and blue jeans, and a dog beside them.",PREDICTED_CANDIDATE_DIRECT_TEMPORAL,False,0.12177290594318947,0.13059863631646978,0.12618577112982962,"[5, 16, 0, 0]",,,,,,,,,,
long_rvos/af7297f0db/1/0,long_rvos,af7297f0db,1,0,static,"A baby wearing a white short-sleeve shirt and gray pants, in the living room, with a man wearing a gray short-sleeve shirt and blue jeans, and a dog beside them.",PREDICTED_CANDIDATE_POINT_STATIC,False,0.4354024925995743,0.46027467831332075,0.4478385854564475,"[5, 16, 0, 0]",3,True,,"1:af7297f0db:[{""frame"":114,""point"":[0.3296875,0.55625],""update"":true},{""frame"":228,""point"":[0.4859375,0.28125],""update"":true},{""frame"":342,""point"":null,""update"":false},{""frame"":457,""point"":[0.5796875,0.79375],""update"":true}]",long_rvos/af7297f0db/1/1,PREDICTED_CANDIDATE_POINT_STATIC,136.45391637086868,54581445632,success,False
long_rvos/af7297f0db/1/0,long_rvos,af7297f0db,1,0,static,"A baby wearing a white short-sleeve shirt and gray pants, in the living room, with a man wearing a gray short-sleeve shirt and blue jeans, and a dog beside them.",PREDICTED_CANDIDATE_POINT_TEMPORAL,False,0.4354024925995743,0.46027467831332075,0.4478385854564475,"[5, 16, 0, 0]",3,True,,"1:af7297f0db:[{""frame"":114,""point"":[0.3296875,0.55625],""update"":true},{""frame"":228,""point"":[0.4859375,0.28125],""update"":true},{""frame"":342,""point"":null,""update"":false},{""frame"":457,""point"":[0.5796875,0.79375],""update"":true}]",long_rvos/af7297f0db/1/1,PREDICTED_CANDIDATE_POINT_STATIC,136.45391637086868,54581445632,success,False
long_rvos/af7297f0db/1/1,long_rvos,af7297f0db,1,1,dynamic,"The baby is being held by the man, playing with the dog in the living room, then placed next to the dog on the floor and crawls.",ORACLE_CANDIDATE,True,0.13834660685998762,0.15039964822152133,0.1443731275407545,[16],,,,,,,,,,
long_rvos/af7297f0db/1/1,long_rvos,af7297f0db,1,1,dynamic,"The baby is being held by the man, playing with the dog in the living room, then placed next to the dog on the floor and crawls.",ORACLE_ID_POINT,True,0.046875,0.046875,0.046875,"[16, 16, 16, 16]",1,False,,,,,65.56930031627417,12521647104,success,False
long_rvos/af7297f0db/1/1,long_rvos,af7297f0db,1,1,dynamic,"The baby is being held by the man, playing with the dog in the living room, then placed next to the dog on the floor and crawls.",PREDICTED_CANDIDATE_DIRECT_STATIC,False,0.12177290594318947,0.13059863631646978,0.12618577112982962,"[5, 16, 0, 0]",,,,,,,,,,
long_rvos/af7297f0db/1/1,long_rvos,af7297f0db,1,1,dynamic,"The baby is being held by the man, playing with the dog in the living room, then placed next to the dog on the floor and crawls.",PREDICTED_CANDIDATE_DIRECT_TEMPORAL,False,0.12177290594318947,0.13059863631646978,0.12618577112982962,"[5, 16, 0, 0]",,,,,,,,,,
long_rvos/af7297f0db/1/1,long_rvos,af7297f0db,1,1,dynamic,"The baby is being held by the man, playing with the dog in the living room, then placed next to the dog on the floor and crawls.",PREDICTED_CANDIDATE_POINT_STATIC,False,0.4354024925995743,0.46027467831332075,0.4478385854564475,"[5, 16, 0, 0]",3,False,,,,,136.45391637086868,54581445632,success,False
long_rvos/af7297f0db/1/1,long_rvos,af7297f0db,1,1,dynamic,"The baby is being held by the man, playing with the dog in the living room, then placed next to the dog on the floor and crawls.",PREDICTED_CANDIDATE_POINT_TEMPORAL,False,0.4354024925995743,0.46027467831332075,0.4478385854564475,"[5, 16, 0, 0]",3,True,,"1:af7297f0db:[{""frame"":114,""point"":[0.3296875,0.55625],""update"":true},{""frame"":228,""point"":[0.4859375,0.28125],""update"":true},{""frame"":342,""point"":null,""update"":false},{""frame"":457,""point"":[0.5796875,0.79375],""update"":true}]",long_rvos/af7297f0db/1/1,PREDICTED_CANDIDATE_POINT_STATIC,136.45391637086868,54581445632,success,False
long_rvos/af7297f0db/1/6,long_rvos,af7297f0db,1,6,hybrid,"A baby in white and gray is held by a man, plays with a dog, and crawls on the floor.",ORACLE_CANDIDATE,True,0.13834660685998762,0.15039964822152133,0.1443731275407545,[16],,,,,,,,,,
long_rvos/af7297f0db/1/6,long_rvos,af7297f0db,1,6,hybrid,"A baby in white and gray is held by a man, plays with a dog, and crawls on the floor.",ORACLE_ID_POINT,True,0.046875,0.046875,0.046875,"[16, 16, 16, 16]",1,True,,"1:af7297f0db:[{""frame"":114,""point"":null,""update"":false},{""frame"":228,""point"":[0.4859375,0.28125],""update"":true},{""frame"":342,""point"":null,""update"":false},{""frame"":457,""point"":null,""update"":false}]",long_rvos/af7297f0db/1/1,ORACLE_ID_POINT,65.56930031627417,12521647104,success,False
long_rvos/af7297f0db/1/6,long_rvos,af7297f0db,1,6,hybrid,"A baby in white and gray is held by a man, plays with a dog, and crawls on the floor.",PREDICTED_CANDIDATE_DIRECT_STATIC,False,0.12177290594318947,0.13059863631646978,0.12618577112982962,"[5, 16, 0, 0]",,,,,,,,,,
long_rvos/af7297f0db/1/6,long_rvos,af7297f0db,1,6,hybrid,"A baby in white and gray is held by a man, plays with a dog, and crawls on the floor.",PREDICTED_CANDIDATE_DIRECT_TEMPORAL,False,0.12177290594318947,0.13059863631646978,0.12618577112982962,"[5, 16, 0, 0]",,,,,,,,,,
long_rvos/af7297f0db/1/6,long_rvos,af7297f0db,1,6,hybrid,"A baby in white and gray is held by a man, plays with a dog, and crawls on the floor.",PREDICTED_CANDIDATE_POINT_STATIC,False,0.4354024925995743,0.46027467831332075,0.4478385854564475,"[5, 16, 0, 0]",3,True,,"1:af7297f0db:[{""frame"":114,""point"":[0.3296875,0.55625],""update"":true},{""frame"":228,""point"":[0.4859375,0.28125],""update"":true},{""frame"":342,""point"":null,""update"":false},{""frame"":457,""point"":[0.5796875,0.79375],""update"":true}]",long_rvos/af7297f0db/1/1,PREDICTED_CANDIDATE_POINT_STATIC,136.45391637086868,54581445632,success,False
long_rvos/af7297f0db/1/6,long_rvos,af7297f0db,1,6,hybrid,"A baby in white and gray is held by a man, plays with a dog, and crawls on the floor.",PREDICTED_CANDIDATE_POINT_TEMPORAL,False,0.4354024925995743,0.46027467831332075,0.4478385854564475,"[5, 16, 0, 0]",3,True,,"1:af7297f0db:[{""frame"":114,""point"":[0.3296875,0.55625],""update"":true},{""frame"":228,""point"":[0.4859375,0.28125],""update"":true},{""frame"":342,""point"":null,""update"":false},{""frame"":457,""point"":[0.5796875,0.79375],""update"":true}]",long_rvos/af7297f0db/1/1,PREDICTED_CANDIDATE_POINT_STATIC,136.45391637086868,54581445632,success,False
long_rvos/b4a5ada352/1/0,long_rvos,b4a5ada352,1,0,static,"A man wearing an orange short-sleeve shirt and glasses, standing to the right of a man in black clothes, with a computer in front of them.",ORACLE_CANDIDATE,True,0.4790099974299258,0.4459641079556461,0.46248705269278595,[1],,,,,,,,,,
long_rvos/b4a5ada352/1/0,long_rvos,b4a5ada352,1,0,static,"A man wearing an orange short-sleeve shirt and glasses, standing to the right of a man in black clothes, with a computer in front of them.",ORACLE_ID_POINT,True,0.125,0.125,0.125,"[1, 1, 1, 1]",1,True,,"1:b4a5ada352:[{""frame"":80,""point"":null,""update"":false},{""frame"":161,""point"":[0.40198863636363635,0.2795138888888889],""update"":true},{""frame"":242,""point"":null,""update"":false},{""frame"":323,""point"":null,""update"":false}]",long_rvos/b4a5ada352/1/1,ORACLE_ID_POINT,49.42932105064392,10874644480,success,False
long_rvos/b4a5ada352/1/0,long_rvos,b4a5ada352,1,0,static,"A man wearing an orange short-sleeve shirt and glasses, standing to the right of a man in black clothes, with a computer in front of them.",PREDICTED_CANDIDATE_DIRECT_STATIC,False,0.4510541065693702,0.4516992163929568,0.4513766614811635,"[0, 1, 0, 5]",,,,,,,,,,
long_rvos/b4a5ada352/1/0,long_rvos,b4a5ada352,1,0,static,"A man wearing an orange short-sleeve shirt and glasses, standing to the right of a man in black clothes, with a computer in front of them.",PREDICTED_CANDIDATE_DIRECT_TEMPORAL,False,0.4510541065693702,0.4516992163929568,0.4513766614811635,"[0, 1, 0, 5]",,,,,,,,,,
long_rvos/b4a5ada352/1/0,long_rvos,b4a5ada352,1,0,static,"A man wearing an orange short-sleeve shirt and glasses, standing to the right of a man in black clothes, with a computer in front of them.",PREDICTED_CANDIDATE_POINT_STATIC,False,0.7698183916716639,0.6777918167556153,0.7238051042136395,"[0, 1, 0, 5]",3,True,,"1:b4a5ada352:[{""frame"":80,""point"":[0.7684659090909091,0.6197916666666666],""update"":true},{""frame"":161,""point"":[0.40198863636363635,0.2795138888888889],""update"":true},{""frame"":242,""point"":null,""update"":false},{""frame"":323,""point"":[0.11505681818181818,0.6302083333333334],""update"":true}]",long_rvos/b4a5ada352/1/1,PREDICTED_CANDIDATE_POINT_TEMPORAL,97.79001967608929,40471861248,success,False
long_rvos/b4a5ada352/1/0,long_rvos,b4a5ada352,1,0,static,"A man wearing an orange short-sleeve shirt and glasses, standing to the right of a man in black clothes, with a computer in front of them.",PREDICTED_CANDIDATE_POINT_TEMPORAL,False,0.7698183916716639,0.6777918167556153,0.7238051042136395,"[0, 1, 0, 5]",3,True,,"1:b4a5ada352:[{""frame"":80,""point"":[0.7684659090909091,0.6197916666666666],""update"":true},{""frame"":161,""point"":[0.40198863636363635,0.2795138888888889],""update"":true},{""frame"":242,""point"":null,""update"":false},{""frame"":323,""point"":[0.11505681818181818,0.6302083333333334],""update"":true}]",long_rvos/b4a5ada352/1/1,PREDICTED_CANDIDATE_POINT_TEMPORAL,97.79001967608929,40471861248,success,False
long_rvos/b4a5ada352/1/1,long_rvos,b4a5ada352,1,1,dynamic,"The man props up his face with his left hand, points at the computer screen with his right hand, and gestures while explaining the content to the other man. After a while, he places his left hand on his right arm and occasionally extends both hands.",ORACLE_CANDIDATE,True,0.4790099974299258,0.4459641079556461,0.46248705269278595,[1],,,,,,,,,,
long_rvos/b4a5ada352/1/1,long_rvos,b4a5ada352,1,1,dynamic,"The man props up his face with his left hand, points at the computer screen with his right hand, and gestures while explaining the content to the other man. After a while, he places his left hand on his right arm and occasionally extends both hands.",ORACLE_ID_POINT,True,0.125,0.125,0.125,"[1, 1, 1, 1]",1,False,,,,,49.42932105064392,10874644480,success,False
long_rvos/b4a5ada352/1/1,long_rvos,b4a5ada352,1,1,dynamic,"The man props up his face with his left hand, points at the computer screen with his right hand, and gestures while explaining the content to the other man. After a while, he places his left hand on his right arm and occasionally extends both hands.",PREDICTED_CANDIDATE_DIRECT_STATIC,False,0.2636465849163028,0.3077290897780225,0.28568783734716263,"[0, 1, 0, 7]",,,,,,,,,,
long_rvos/b4a5ada352/1/1,long_rvos,b4a5ada352,1,1,dynamic,"The man props up his face with his left hand, points at the computer screen with his right hand, and gestures while explaining the content to the other man. After a while, he places his left hand on his right arm and occasionally extends both hands.",PREDICTED_CANDIDATE_DIRECT_TEMPORAL,False,0.4510541065693702,0.4516992163929568,0.4513766614811635,"[0, 1, 0, 5]",,,,,,,,,,
long_rvos/b4a5ada352/1/1,long_rvos,b4a5ada352,1,1,dynamic,"The man props up his face with his left hand, points at the computer screen with his right hand, and gestures while explaining the content to the other man. After a while, he places his left hand on his right arm and occasionally extends both hands.",PREDICTED_CANDIDATE_POINT_STATIC,False,0.5689765657952391,0.5296370272993216,0.5493067965472804,"[0, 1, 0, 7]",3,False,,,,,98.87155596911907,40471861248,success,False
long_rvos/b4a5ada352/1/1,long_rvos,b4a5ada352,1,1,dynamic,"The man props up his face with his left hand, points at the computer screen with his right hand, and gestures while explaining the content to the other man. After a while, he places his left hand on his right arm and occasionally extends both hands.",PREDICTED_CANDIDATE_POINT_TEMPORAL,False,0.7698183916716639,0.6777918167556153,0.7238051042136395,"[0, 1, 0, 5]",3,False,,,,,97.79001967608929,40471861248,success,False
long_rvos/b4a5ada352/1/2,long_rvos,b4a5ada352,1,2,static,"A man wearing glasses and an orange short-sleeve shirt, next to another man wearing glasses.",ORACLE_CANDIDATE,True,0.4790099974299258,0.4459641079556461,0.46248705269278595,[1],,,,,,,,,,
long_rvos/b4a5ada352/1/2,long_rvos,b4a5ada352,1,2,static,"A man wearing glasses and an orange short-sleeve shirt, next to another man wearing glasses.",ORACLE_ID_POINT,True,0.125,0.125,0.125,"[1, 1, 1, 1]",1,True,,"1:b4a5ada352:[{""frame"":80,""point"":null,""update"":false},{""frame"":161,""point"":[0.40198863636363635,0.2795138888888889],""update"":true},{""frame"":242,""point"":null,""update"":false},{""frame"":323,""point"":null,""update"":false}]",long_rvos/b4a5ada352/1/1,ORACLE_ID_POINT,49.42932105064392,10874644480,success,False
long_rvos/b4a5ada352/1/2,long_rvos,b4a5ada352,1,2,static,"A man wearing glasses and an orange short-sleeve shirt, next to another man wearing glasses.",PREDICTED_CANDIDATE_DIRECT_STATIC,False,0.4510541065693702,0.4516992163929568,0.4513766614811635,"[0, 1, 0, 5]",,,,,,,,,,
long_rvos/b4a5ada352/1/2,long_rvos,b4a5ada352,1,2,static,"A man wearing glasses and an orange short-sleeve shirt, next to another man wearing glasses.",PREDICTED_CANDIDATE_DIRECT_TEMPORAL,False,0.4510541065693702,0.4516992163929568,0.4513766614811635,"[0, 1, 0, 5]",,,,,,,,,,
long_rvos/b4a5ada352/1/2,long_rvos,b4a5ada352,1,2,static,"A man wearing glasses and an orange short-sleeve shirt, next to another man wearing glasses.",PREDICTED_CANDIDATE_POINT_STATIC,False,0.7698183916716639,0.6777918167556153,0.7238051042136395,"[0, 1, 0, 5]",3,True,,"1:b4a5ada352:[{""frame"":80,""point"":[0.7684659090909091,0.6197916666666666],""update"":true},{""frame"":161,""point"":[0.40198863636363635,0.2795138888888889],""update"":true},{""frame"":242,""point"":null,""update"":false},{""frame"":323,""point"":[0.11505681818181818,0.6302083333333334],""update"":true}]",long_rvos/b4a5ada352/1/1,PREDICTED_CANDIDATE_POINT_TEMPORAL,97.79001967608929,40471861248,success,False
long_rvos/b4a5ada352/1/2,long_rvos,b4a5ada352,1,2,static,"A man wearing glasses and an orange short-sleeve shirt, next to another man wearing glasses.",PREDICTED_CANDIDATE_POINT_TEMPORAL,False,0.7698183916716639,0.6777918167556153,0.7238051042136395,"[0, 1, 0, 5]",3,True,,"1:b4a5ada352:[{""frame"":80,""point"":[0.7684659090909091,0.6197916666666666],""update"":true},{""frame"":161,""point"":[0.40198863636363635,0.2795138888888889],""update"":true},{""frame"":242,""point"":null,""update"":false},{""frame"":323,""point"":[0.11505681818181818,0.6302083333333334],""update"":true}]",long_rvos/b4a5ada352/1/1,PREDICTED_CANDIDATE_POINT_TEMPORAL,97.79001967608929,40471861248,success,False
long_rvos/b4a5ada352/1/3,long_rvos,b4a5ada352,1,3,dynamic,"A man points at the screen while speaking and discussing, occasionally turns his head.",ORACLE_CANDIDATE,True,0.4790099974299258,0.4459641079556461,0.46248705269278595,[1],,,,,,,,,,
long_rvos/b4a5ada352/1/3,long_rvos,b4a5ada352,1,3,dynamic,"A man points at the screen while speaking and discussing, occasionally turns his head.",ORACLE_ID_POINT,True,0.125,0.125,0.125,"[1, 1, 1, 1]",1,True,,"1:b4a5ada352:[{""frame"":80,""point"":null,""update"":false},{""frame"":161,""point"":[0.40198863636363635,0.2795138888888889],""update"":true},{""frame"":242,""point"":null,""update"":false},{""frame"":323,""point"":null,""update"":false}]",long_rvos/b4a5ada352/1/1,ORACLE_ID_POINT,49.42932105064392,10874644480,success,False
long_rvos/b4a5ada352/1/3,long_rvos,b4a5ada352,1,3,dynamic,"A man points at the screen while speaking and discussing, occasionally turns his head.",PREDICTED_CANDIDATE_DIRECT_STATIC,False,0.2636465849163028,0.3077290897780225,0.28568783734716263,"[0, 1, 0, 7]",,,,,,,,,,
long_rvos/b4a5ada352/1/3,long_rvos,b4a5ada352,1,3,dynamic,"A man points at the screen while speaking and discussing, occasionally turns his head.",PREDICTED_CANDIDATE_DIRECT_TEMPORAL,False,0.13038195963319255,0.20417017712176394,0.16727606837747824,"[0, 0, 0, 7]",,,,,,,,,,
long_rvos/b4a5ada352/1/3,long_rvos,b4a5ada352,1,3,dynamic,"A man points at the screen while speaking and discussing, occasionally turns his head.",PREDICTED_CANDIDATE_POINT_STATIC,False,0.5689765657952391,0.5296370272993216,0.5493067965472804,"[0, 1, 0, 7]",3,True,,"1:b4a5ada352:[{""frame"":80,""point"":[0.7684659090909091,0.6197916666666666],""update"":true},{""frame"":161,""point"":[0.40198863636363635,0.2795138888888889],""update"":true},{""frame"":242,""point"":null,""update"":false},{""frame"":323,""point"":[0.6803977272727273,0.5364583333333334],""update"":true}]",long_rvos/b4a5ada352/1/1,PREDICTED_CANDIDATE_POINT_STATIC,98.87155596911907,40471861248,success,False
long_rvos/b4a5ada352/1/3,long_rvos,b4a5ada352,1,3,dynamic,"A man points at the screen while speaking and discussing, occasionally turns his head.",PREDICTED_CANDIDATE_POINT_TEMPORAL,False,0.12981530222913534,0.1585703842957051,0.1441928432624202,"[0, 0, 0, 7]",3,False,,,,,97.11573438346386,40471861248,success,False
long_rvos/b4a5ada352/1/9,long_rvos,b4a5ada352,1,9,hybrid,A man in an orange shirt and glasses points at a computer screen while gesturing and explaining.,ORACLE_CANDIDATE,True,0.4790099974299258,0.4459641079556461,0.46248705269278595,[1],,,,,,,,,,
long_rvos/b4a5ada352/1/9,long_rvos,b4a5ada352,1,9,hybrid,A man in an orange shirt and glasses points at a computer screen while gesturing and explaining.,ORACLE_ID_POINT,True,0.125,0.125,0.125,"[1, 1, 1, 1]",1,True,,"1:b4a5ada352:[{""frame"":80,""point"":null,""update"":false},{""frame"":161,""point"":[0.40198863636363635,0.2795138888888889],""update"":true},{""frame"":242,""point"":null,""update"":false},{""frame"":323,""point"":null,""update"":false}]",long_rvos/b4a5ada352/1/1,ORACLE_ID_POINT,49.42932105064392,10874644480,success,False
long_rvos/b4a5ada352/1/9,long_rvos,b4a5ada352,1,9,hybrid,A man in an orange shirt and glasses points at a computer screen while gesturing and explaining.,PREDICTED_CANDIDATE_DIRECT_STATIC,False,0.4510541065693702,0.4516992163929568,0.4513766614811635,"[0, 1, 0, 5]",,,,,,,,,,
long_rvos/b4a5ada352/1/9,long_rvos,b4a5ada352,1,9,hybrid,A man in an orange shirt and glasses points at a computer screen while gesturing and explaining.,PREDICTED_CANDIDATE_DIRECT_TEMPORAL,False,0.4510541065693702,0.4516992163929568,0.4513766614811635,"[0, 1, 0, 5]",,,,,,,,,,
long_rvos/b4a5ada352/1/9,long_rvos,b4a5ada352,1,9,hybrid,A man in an orange shirt and glasses points at a computer screen while gesturing and explaining.,PREDICTED_CANDIDATE_POINT_STATIC,False,0.7698183916716639,0.6777918167556153,0.7238051042136395,"[0, 1, 0, 5]",3,True,,"1:b4a5ada352:[{""frame"":80,""point"":[0.7684659090909091,0.6197916666666666],""update"":true},{""frame"":161,""point"":[0.40198863636363635,0.2795138888888889],""update"":true},{""frame"":242,""point"":null,""update"":false},{""frame"":323,""point"":[0.11505681818181818,0.6302083333333334],""update"":true}]",long_rvos/b4a5ada352/1/1,PREDICTED_CANDIDATE_POINT_TEMPORAL,97.79001967608929,40471861248,success,False
long_rvos/b4a5ada352/1/9,long_rvos,b4a5ada352,1,9,hybrid,A man in an orange shirt and glasses points at a computer screen while gesturing and explaining.,PREDICTED_CANDIDATE_POINT_TEMPORAL,False,0.7698183916716639,0.6777918167556153,0.7238051042136395,"[0, 1, 0, 5]",3,True,,"1:b4a5ada352:[{""frame"":80,""point"":[0.7684659090909091,0.6197916666666666],""update"":true},{""frame"":161,""point"":[0.40198863636363635,0.2795138888888889],""update"":true},{""frame"":242,""point"":null,""update"":false},{""frame"":323,""point"":[0.11505681818181818,0.6302083333333334],""update"":true}]",long_rvos/b4a5ada352/1/1,PREDICTED_CANDIDATE_POINT_TEMPORAL,97.79001967608929,40471861248,success,False
long_rvos/b5c9c04bf9/5/2,long_rvos,b5c9c04bf9,5,2,static,"A woman wearing a white top and having blonde hair, standing off the court.",ORACLE_CANDIDATE,True,0.2641998001191444,0.2771439199012979,0.27067186001022114,[12],,,,,,,,,,
long_rvos/b5c9c04bf9/5/2,long_rvos,b5c9c04bf9,5,2,static,"A woman wearing a white top and having blonde hair, standing off the court.",ORACLE_ID_POINT,True,0.0,0.0,0.0,"[12, 12, 12, 12]",1,True,,,,,86.58402575552464,10000431104,success,False
long_rvos/b5c9c04bf9/5/2,long_rvos,b5c9c04bf9,5,2,static,"A woman wearing a white top and having blonde hair, standing off the court.",PREDICTED_CANDIDATE_DIRECT_STATIC,False,0.0,0.0,0.0,"[0, 0, 0, 0]",,,,,,,,,,
long_rvos/b5c9c04bf9/5/2,long_rvos,b5c9c04bf9,5,2,static,"A woman wearing a white top and having blonde hair, standing off the court.",PREDICTED_CANDIDATE_DIRECT_TEMPORAL,False,0.00018730642834015456,0.007843034887177748,0.004015170657758952,"[13, 0, 0, 0]",,,,,,,,,,
long_rvos/b5c9c04bf9/5/2,long_rvos,b5c9c04bf9,5,2,static,"A woman wearing a white top and having blonde hair, standing off the court.",PREDICTED_CANDIDATE_POINT_STATIC,False,0.0,0.0,0.0,"[0, 0, 0, 0]",0,True,,,,,22.051808774471283,6698121728,success,False
long_rvos/b5c9c04bf9/5/2,long_rvos,b5c9c04bf9,5,2,static,"A woman wearing a white top and having blonde hair, standing off the court.",PREDICTED_CANDIDATE_POINT_TEMPORAL,False,0.0,0.0,0.0,"[13, 0, 0, 0]",1,True,,,,,64.05363166332245,10000431104,success,False
long_rvos/b5c9c04bf9/5/3,long_rvos,b5c9c04bf9,5,3,dynamic,Women walking back and forth on the sidelines.,ORACLE_CANDIDATE,True,0.8295524053167432,0.8642882218559989,0.846920313586371,[2],,,,,,,,,,
long_rvos/b5c9c04bf9/5/3,long_rvos,b5c9c04bf9,5,3,dynamic,Women walking back and forth on the sidelines.,ORACLE_ID_POINT,True,0.5671921127881396,0.5878427814965405,0.5775174471423401,"[2, 2, 2, 2]",4,False,,,,,95.14662322402,31646844928,success,False
long_rvos/b5c9c04bf9/5/3,long_rvos,b5c9c04bf9,5,3,dynamic,Women walking back and forth on the sidelines.,PREDICTED_CANDIDATE_DIRECT_STATIC,False,0.2780889210863246,0.292166913845607,0.2851279174659658,"[0, 0, 2, 0]",,,,,,,,,,
long_rvos/b5c9c04bf9/5/3,long_rvos,b5c9c04bf9,5,3,dynamic,Women walking back and forth on the sidelines.,PREDICTED_CANDIDATE_DIRECT_TEMPORAL,False,0.2780889210863246,0.292166913845607,0.2851279174659658,"[0, 0, 2, 0]",,,,,,,,,,
long_rvos/b5c9c04bf9/5/3,long_rvos,b5c9c04bf9,5,3,dynamic,Women walking back and forth on the sidelines.,PREDICTED_CANDIDATE_POINT_STATIC,False,0.0,0.0,0.0,"[0, 0, 2, 0]",1,False,,,,,30.83224544674158,9283843072,success,False
long_rvos/b5c9c04bf9/5/3,long_rvos,b5c9c04bf9,5,3,dynamic,Women walking back and forth on the sidelines.,PREDICTED_CANDIDATE_POINT_TEMPORAL,False,0.0,0.0,0.0,"[0, 0, 2, 0]",1,True,,,,,30.83224544674158,9283843072,success,False
long_rvos/b5c9c04bf9/5/7,long_rvos,b5c9c04bf9,5,7,hybrid,A woman with blonde hair in a white top standing off the court gives instructions.,ORACLE_CANDIDATE,True,0.2641998001191444,0.2771439199012979,0.27067186001022114,[12],,,,,,,,,,
long_rvos/b5c9c04bf9/5/7,long_rvos,b5c9c04bf9,5,7,hybrid,A woman with blonde hair in a white top standing off the court gives instructions.,ORACLE_ID_POINT,True,0.0,0.0,0.0,"[12, 12, 12, 12]",1,False,,,,,86.58402575552464,10000431104,success,False
long_rvos/b5c9c04bf9/5/7,long_rvos,b5c9c04bf9,5,7,hybrid,A woman with blonde hair in a white top standing off the court gives instructions.,PREDICTED_CANDIDATE_DIRECT_STATIC,False,0.0,0.0,0.0,"[0, 0, 0, 0]",,,,,,,,,,
long_rvos/b5c9c04bf9/5/7,long_rvos,b5c9c04bf9,5,7,hybrid,A woman with blonde hair in a white top standing off the court gives instructions.,PREDICTED_CANDIDATE_DIRECT_TEMPORAL,False,0.00018730642834015456,0.007843034887177748,0.004015170657758952,"[13, 0, 0, 0]",,,,,,,,,,
long_rvos/b5c9c04bf9/5/7,long_rvos,b5c9c04bf9,5,7,hybrid,A woman with blonde hair in a white top standing off the court gives instructions.,PREDICTED_CANDIDATE_POINT_STATIC,False,0.0,0.0,0.0,"[0, 0, 0, 0]",0,False,,,,,22.051808774471283,6698121728,success,False
long_rvos/b5c9c04bf9/5/7,long_rvos,b5c9c04bf9,5,7,hybrid,A woman with blonde hair in a white top standing off the court gives instructions.,PREDICTED_CANDIDATE_POINT_TEMPORAL,False,0.0,0.0,0.0,"[13, 0, 0, 0]",1,False,,,,,64.05363166332245,10000431104,success,False
long_rvos/bd4aefda10/2/4,long_rvos,bd4aefda10,2,4,static,"A blonde woman, next to another woman.",ORACLE_CANDIDATE,True,0.0,0.0,0.0,[null],,,,,,,,,,
long_rvos/bd4aefda10/2/4,long_rvos,bd4aefda10,2,4,static,"A blonde woman, next to another woman.",ORACLE_ID_POINT,True,0.0,0.0,0.0,"[None, None, None, None]",0,True,True,"bd4aefda10:[{""frame"":107,""point"":null,""update"":false},{""frame"":215,""point"":null,""update"":false},{""frame"":323,""point"":null,""update"":false},{""frame"":431,""point"":null,""update"":false}]",,temporal_update_k4,34.60753584653139,7899998720,success,False
long_rvos/bd4aefda10/2/4,long_rvos,bd4aefda10,2,4,static,"A blonde woman, next to another woman.",PREDICTED_CANDIDATE_DIRECT_STATIC,False,0.0,0.0,0.0,"[null, null, null, null]",,,,,,,,,,
long_rvos/bd4aefda10/2/4,long_rvos,bd4aefda10,2,4,static,"A blonde woman, next to another woman.",PREDICTED_CANDIDATE_DIRECT_TEMPORAL,False,0.0,0.0,0.0,"[null, null, null, null]",,,,,,,,,,
long_rvos/bd4aefda10/2/4,long_rvos,bd4aefda10,2,4,static,"A blonde woman, next to another woman.",PREDICTED_CANDIDATE_POINT_STATIC,False,0.0,0.0,0.0,"[None, None, None, None]",0,True,True,"bd4aefda10:[{""frame"":107,""point"":null,""update"":false},{""frame"":215,""point"":null,""update"":false},{""frame"":323,""point"":null,""update"":false},{""frame"":431,""point"":null,""update"":false}]",,temporal_update_k4,34.60753584653139,7899998720,success,False
long_rvos/bd4aefda10/2/4,long_rvos,bd4aefda10,2,4,static,"A blonde woman, next to another woman.",PREDICTED_CANDIDATE_POINT_TEMPORAL,False,0.0,0.0,0.0,"[None, None, None, None]",0,True,True,"bd4aefda10:[{""frame"":107,""point"":null,""update"":false},{""frame"":215,""point"":null,""update"":false},{""frame"":323,""point"":null,""update"":false},{""frame"":431,""point"":null,""update"":false}]",,temporal_update_k4,34.60753584653139,7899998720,success,False
long_rvos/bd4aefda10/2/5,long_rvos,bd4aefda10,2,5,dynamic,A woman plays the accordion and moves the music stand in front of her with her right hand.,ORACLE_CANDIDATE,True,0.23898978042199717,0.2698645048154673,0.2544271426187322,[10],,,,,,,,,,
long_rvos/bd4aefda10/2/5,long_rvos,bd4aefda10,2,5,dynamic,A woman plays the accordion and moves the music stand in front of her with her right hand.,ORACLE_ID_POINT,True,0.1770747954808487,0.2040897058041905,0.1905822506425196,"[10, 10, 10, 10]",2,False,,,,,73.71687760204077,30241389568,success,False
long_rvos/bd4aefda10/2/5,long_rvos,bd4aefda10,2,5,dynamic,A woman plays the accordion and moves the music stand in front of her with her right hand.,PREDICTED_CANDIDATE_DIRECT_STATIC,False,0.3359485888858264,0.3836586029829018,0.35980359593436406,"[5, 6, 10, 10]",,,,,,,,,,
long_rvos/bd4aefda10/2/5,long_rvos,bd4aefda10,2,5,dynamic,A woman plays the accordion and moves the music stand in front of her with her right hand.,PREDICTED_CANDIDATE_DIRECT_TEMPORAL,False,0.3359485888858264,0.3836586029829018,0.35980359593436406,"[5, 6, 10, 10]",,,,,,,,,,
long_rvos/bd4aefda10/2/5,long_rvos,bd4aefda10,2,5,dynamic,A woman plays the accordion and moves the music stand in front of her with her right hand.,PREDICTED_CANDIDATE_POINT_STATIC,False,0.6090406622660096,0.6633388548621693,0.6361897585640894,"[5, 6, 10, 10]",4,False,,,,,158.91091439127922,52125724672,success,False
long_rvos/bd4aefda10/2/5,long_rvos,bd4aefda10,2,5,dynamic,A woman plays the accordion and moves the music stand in front of her with her right hand.,PREDICTED_CANDIDATE_POINT_TEMPORAL,False,0.6090406622660096,0.6633388548621693,0.6361897585640894,"[5, 6, 10, 10]",4,True,,"2:bd4aefda10:[{""frame"":107,""point"":[0.2671875,0.7520833333333333],""update"":true},{""frame"":215,""point"":[0.1234375,0.5729166666666666],""update"":true},{""frame"":323,""point"":[0.2640625,0.7604166666666666],""update"":true},{""frame"":431,""point"":[0.2703125,0.75625],""update"":true}]",long_rvos/bd4aefda10/2/5,PREDICTED_CANDIDATE_POINT_STATIC,158.91091439127922,52125724672,success,False
long_rvos/bd4aefda10/2/6,long_rvos,bd4aefda10,2,6,static,"A woman sits on the right of another woman, with a rack in front of them.",ORACLE_CANDIDATE,True,0.23898978042199717,0.2698645048154673,0.2544271426187322,[10],,,,,,,,,,
long_rvos/bd4aefda10/2/6,long_rvos,bd4aefda10,2,6,static,"A woman sits on the right of another woman, with a rack in front of them.",ORACLE_ID_POINT,True,0.1770747954808487,0.2040897058041905,0.1905822506425196,"[10, 10, 10, 10]",2,True,,"2:bd4aefda10:[{""frame"":107,""point"":null,""update"":false},{""frame"":215,""point"":null,""update"":false},{""frame"":323,""point"":[0.2640625,0.7604166666666666],""update"":true},{""frame"":431,""point"":[0.2703125,0.75625],""update"":true}]",long_rvos/bd4aefda10/2/5,ORACLE_ID_POINT,73.71687760204077,30241389568,success,False
long_rvos/bd4aefda10/2/6,long_rvos,bd4aefda10,2,6,static,"A woman sits on the right of another woman, with a rack in front of them.",PREDICTED_CANDIDATE_DIRECT_STATIC,False,4.111323896363619e-06,0.0023588037030528733,0.0011814575134746184,"[0, 0, 0, 0]",,,,,,,,,,
long_rvos/bd4aefda10/2/6,long_rvos,bd4aefda10,2,6,static,"A woman sits on the right of another woman, with a rack in front of them.",PREDICTED_CANDIDATE_DIRECT_TEMPORAL,False,4.111323896363619e-06,0.0023588037030528733,0.0011814575134746184,"[0, 0, 0, 0]",,,,,,,,,,
long_rvos/bd4aefda10/2/6,long_rvos,bd4aefda10,2,6,static,"A woman sits on the right of another woman, with a rack in front of them.",PREDICTED_CANDIDATE_POINT_STATIC,False,0.0,0.0009645917226942934,0.0004822958613471467,"[0, 0, 0, 0]",4,False,,,,,159.4024096056819,52126560256,success,False
long_rvos/bd4aefda10/2/6,long_rvos,bd4aefda10,2,6,static,"A woman sits on the right of another woman, with a rack in front of them.",PREDICTED_CANDIDATE_POINT_TEMPORAL,False,0.0,0.0009645917226942934,0.0004822958613471467,"[0, 0, 0, 0]",4,True,,"2:bd4aefda10:[{""frame"":107,""point"":[0.4921875,0.94375],""update"":true},{""frame"":215,""point"":[0.4984375,0.98125],""update"":true},{""frame"":323,""point"":[0.4953125,0.9604166666666667],""update"":true},{""frame"":431,""point"":[0.5046875,0.9479166666666666],""update"":true}]",long_rvos/bd4aefda10/2/6,PREDICTED_CANDIDATE_POINT_STATIC,159.4024096056819,52126560256,success,False
long_rvos/bd4aefda10/2/7,long_rvos,bd4aefda10,2,7,dynamic,"The woman, to the left of another woman, plays the accordion.",ORACLE_CANDIDATE,True,0.23898978042199717,0.2698645048154673,0.2544271426187322,[10],,,,,,,,,,
long_rvos/bd4aefda10/2/7,long_rvos,bd4aefda10,2,7,dynamic,"The woman, to the left of another woman, plays the accordion.",ORACLE_ID_POINT,True,0.1770747954808487,0.2040897058041905,0.1905822506425196,"[10, 10, 10, 10]",2,True,,"2:bd4aefda10:[{""frame"":107,""point"":null,""update"":false},{""frame"":215,""point"":null,""update"":false},{""frame"":323,""point"":[0.2640625,0.7604166666666666],""update"":true},{""frame"":431,""point"":[0.2703125,0.75625],""update"":true}]",long_rvos/bd4aefda10/2/5,ORACLE_ID_POINT,73.71687760204077,30241389568,success,False
long_rvos/bd4aefda10/2/7,long_rvos,bd4aefda10,2,7,dynamic,"The woman, to the left of another woman, plays the accordion.",PREDICTED_CANDIDATE_DIRECT_STATIC,False,0.3359485888858264,0.3836586029829018,0.35980359593436406,"[5, 6, 10, 10]",,,,,,,,,,
long_rvos/bd4aefda10/2/7,long_rvos,bd4aefda10,2,7,dynamic,"The woman, to the left of another woman, plays the accordion.",PREDICTED_CANDIDATE_DIRECT_TEMPORAL,False,0.3359485888858264,0.3836586029829018,0.35980359593436406,"[5, 6, 10, 10]",,,,,,,,,,
long_rvos/bd4aefda10/2/7,long_rvos,bd4aefda10,2,7,dynamic,"The woman, to the left of another woman, plays the accordion.",PREDICTED_CANDIDATE_POINT_STATIC,False,0.6090406622660096,0.6633388548621693,0.6361897585640894,"[5, 6, 10, 10]",4,True,,"2:bd4aefda10:[{""frame"":107,""point"":[0.2671875,0.7520833333333333],""update"":true},{""frame"":215,""point"":[0.1234375,0.5729166666666666],""update"":true},{""frame"":323,""point"":[0.2640625,0.7604166666666666],""update"":true},{""frame"":431,""point"":[0.2703125,0.75625],""update"":true}]",long_rvos/bd4aefda10/2/5,PREDICTED_CANDIDATE_POINT_STATIC,158.91091439127922,52125724672,success,False
long_rvos/bd4aefda10/2/7,long_rvos,bd4aefda10,2,7,dynamic,"The woman, to the left of another woman, plays the accordion.",PREDICTED_CANDIDATE_POINT_TEMPORAL,False,0.6090406622660096,0.6633388548621693,0.6361897585640894,"[5, 6, 10, 10]",4,True,,"2:bd4aefda10:[{""frame"":107,""point"":[0.2671875,0.7520833333333333],""update"":true},{""frame"":215,""point"":[0.1234375,0.5729166666666666],""update"":true},{""frame"":323,""point"":[0.2640625,0.7604166666666666],""update"":true},{""frame"":431,""point"":[0.2703125,0.75625],""update"":true}]",long_rvos/bd4aefda10/2/5,PREDICTED_CANDIDATE_POINT_STATIC,158.91091439127922,52125724672,success,False
long_rvos/bd4aefda10/2/9,long_rvos,bd4aefda10,2,9,hybrid,A blonde woman in black plays the accordion while reading music beside another woman.,ORACLE_CANDIDATE,True,0.0,0.0,0.0,[null],,,,,,,,,,
long_rvos/bd4aefda10/2/9,long_rvos,bd4aefda10,2,9,hybrid,A blonde woman in black plays the accordion while reading music beside another woman.,ORACLE_ID_POINT,True,0.0,0.0,0.0,"[None, None, None, None]",0,True,True,"bd4aefda10:[{""frame"":107,""point"":null,""update"":false},{""frame"":215,""point"":null,""update"":false},{""frame"":323,""point"":null,""update"":false},{""frame"":431,""point"":null,""update"":false}]",,temporal_update_k4,34.60753584653139,7899998720,success,False
long_rvos/bd4aefda10/2/9,long_rvos,bd4aefda10,2,9,hybrid,A blonde woman in black plays the accordion while reading music beside another woman.,PREDICTED_CANDIDATE_DIRECT_STATIC,False,0.0,0.0,0.0,"[null, null, null, null]",,,,,,,,,,
long_rvos/bd4aefda10/2/9,long_rvos,bd4aefda10,2,9,hybrid,A blonde woman in black plays the accordion while reading music beside another woman.,PREDICTED_CANDIDATE_DIRECT_TEMPORAL,False,0.0,0.0,0.0,"[null, null, null, null]",,,,,,,,,,
long_rvos/bd4aefda10/2/9,long_rvos,bd4aefda10,2,9,hybrid,A blonde woman in black plays the accordion while reading music beside another woman.,PREDICTED_CANDIDATE_POINT_STATIC,False,0.0,0.0,0.0,"[None, None, None, None]",0,True,True,"bd4aefda10:[{""frame"":107,""point"":null,""update"":false},{""frame"":215,""point"":null,""update"":false},{""frame"":323,""point"":null,""update"":false},{""frame"":431,""point"":null,""update"":false}]",,temporal_update_k4,34.60753584653139,7899998720,success,False
long_rvos/bd4aefda10/2/9,long_rvos,bd4aefda10,2,9,hybrid,A blonde woman in black plays the accordion while reading music beside another woman.,PREDICTED_CANDIDATE_POINT_TEMPORAL,False,0.0,0.0,0.0,"[None, None, None, None]",0,True,True,"bd4aefda10:[{""frame"":107,""point"":null,""update"":false},{""frame"":215,""point"":null,""update"":false},{""frame"":323,""point"":null,""update"":false},{""frame"":431,""point"":null,""update"":false}]",,temporal_update_k4,34.60753584653139,7899998720,success,False
long_rvos/bda2f20019/3/10,long_rvos,bda2f20019,3,10,static,"A light yellow dog, with a blonde woman wearing a black camisole and dark gray skirt beside it.",ORACLE_CANDIDATE,True,0.0,0.0,0.0,[null],,,,,,,,,,
long_rvos/bda2f20019/3/10,long_rvos,bda2f20019,3,10,static,"A light yellow dog, with a blonde woman wearing a black camisole and dark gray skirt beside it.",ORACLE_ID_POINT,True,0.34375,0.34375,0.34375,"[None, None, None, None]",0,True,,"3:bda2f20019:[{""frame"":58,""point"":null,""update"":false},{""frame"":117,""point"":null,""update"":false},{""frame"":175,""point"":null,""update"":false},{""frame"":234,""point"":null,""update"":false}]",long_rvos/bda2f20019/3/21,PREDICTED_CANDIDATE_POINT_STATIC,22.527970671653748,6698121728,success,False
long_rvos/bda2f20019/3/10,long_rvos,bda2f20019,3,10,static,"A light yellow dog, with a blonde woman wearing a black camisole and dark gray skirt beside it.",PREDICTED_CANDIDATE_DIRECT_STATIC,False,0.34375,0.34375,0.34375,"[null, null, null, null]",,,,,,,,,,
long_rvos/bda2f20019/3/10,long_rvos,bda2f20019,3,10,static,"A light yellow dog, with a blonde woman wearing a black camisole and dark gray skirt beside it.",PREDICTED_CANDIDATE_DIRECT_TEMPORAL,False,0.34375,0.34375,0.34375,"[null, null, null, null]",,,,,,,,,,
long_rvos/bda2f20019/3/10,long_rvos,bda2f20019,3,10,static,"A light yellow dog, with a blonde woman wearing a black camisole and dark gray skirt beside it.",PREDICTED_CANDIDATE_POINT_STATIC,False,0.34375,0.34375,0.34375,"[None, None, None, None]",0,True,,"3:bda2f20019:[{""frame"":58,""point"":null,""update"":false},{""frame"":117,""point"":null,""update"":false},{""frame"":175,""point"":null,""update"":false},{""frame"":234,""point"":null,""update"":false}]",long_rvos/bda2f20019/3/21,PREDICTED_CANDIDATE_POINT_STATIC,22.527970671653748,6698121728,success,False
long_rvos/bda2f20019/3/10,long_rvos,bda2f20019,3,10,static,"A light yellow dog, with a blonde woman wearing a black camisole and dark gray skirt beside it.",PREDICTED_CANDIDATE_POINT_TEMPORAL,False,0.34375,0.34375,0.34375,"[None, None, None, None]",0,True,,"3:bda2f20019:[{""frame"":58,""point"":null,""update"":false},{""frame"":117,""point"":null,""update"":false},{""frame"":175,""point"":null,""update"":false},{""frame"":234,""point"":null,""update"":false}]",long_rvos/bda2f20019/3/21,PREDICTED_CANDIDATE_POINT_STATIC,22.527970671653748,6698121728,success,False
long_rvos/bda2f20019/3/11,long_rvos,bda2f20019,3,11,dynamic,"The dog walks beside the woman, briefly sits down, then stands up, then sits again on the woman's command, and tilts its head to look around.",ORACLE_CANDIDATE,True,0.949367765760932,0.964148274925156,0.9567580203430439,[0],,,,,,,,,,
long_rvos/bda2f20019/3/11,long_rvos,bda2f20019,3,11,dynamic,"The dog walks beside the woman, briefly sits down, then stands up, then sits again on the woman's command, and tilts its head to look around.",ORACLE_ID_POINT,True,0.6777491664325488,0.6848086884300653,0.681278927431307,"[0, 0, 0, 0]",3,True,,"3:bda2f20019:[{""frame"":58,""point"":[0.458984375,0.9659722222222222],""update"":true},{""frame"":117,""point"":null,""update"":false},{""frame"":175,""point"":[0.416796875,0.5506944444444445],""update"":true},{""frame"":234,""point"":[0.559765625,0.9993055555555556],""update"":true}]",long_rvos/bda2f20019/3/11,PREDICTED_CANDIDATE_POINT_STATIC,67.20940106362104,31106740224,success,False
long_rvos/bda2f20019/3/11,long_rvos,bda2f20019,3,11,dynamic,"The dog walks beside the woman, briefly sits down, then stands up, then sits again on the woman's command, and tilts its head to look around.",PREDICTED_CANDIDATE_DIRECT_STATIC,False,0.949367765760932,0.964148274925156,0.9567580203430439,"[0, 0, 0, 0]",,,,,,,,,,
long_rvos/bda2f20019/3/11,long_rvos,bda2f20019,3,11,dynamic,"The dog walks beside the woman, briefly sits down, then stands up, then sits again on the woman's command, and tilts its head to look around.",PREDICTED_CANDIDATE_DIRECT_TEMPORAL,False,0.949367765760932,0.964148274925156,0.9567580203430439,"[0, 0, 0, 0]",,,,,,,,,,
long_rvos/bda2f20019/3/11,long_rvos,bda2f20019,3,11,dynamic,"The dog walks beside the woman, briefly sits down, then stands up, then sits again on the woman's command, and tilts its head to look around.",PREDICTED_CANDIDATE_POINT_STATIC,False,0.6777491664325488,0.6848086884300653,0.681278927431307,"[0, 0, 0, 0]",3,False,,,,,67.20940106362104,31106740224,success,False
long_rvos/bda2f20019/3/11,long_rvos,bda2f20019,3,11,dynamic,"The dog walks beside the woman, briefly sits down, then stands up, then sits again on the woman's command, and tilts its head to look around.",PREDICTED_CANDIDATE_POINT_TEMPORAL,False,0.6777491664325488,0.6848086884300653,0.681278927431307,"[0, 0, 0, 0]",3,True,,"3:bda2f20019:[{""frame"":58,""point"":[0.458984375,0.9659722222222222],""update"":true},{""frame"":117,""point"":null,""update"":false},{""frame"":175,""point"":[0.416796875,0.5506944444444445],""update"":true},{""frame"":234,""point"":[0.559765625,0.9993055555555556],""update"":true}]",long_rvos/bda2f20019/3/11,PREDICTED_CANDIDATE_POINT_STATIC,67.20940106362104,31106740224,success,False
long_rvos/bda2f20019/3/20,long_rvos,bda2f20019,3,20,hybrid,A light brown dog on a leash stands by a woman with its tongue out.,ORACLE_CANDIDATE,True,0.9487627592557,0.9640914281896698,0.9564270937226849,[0],,,,,,,,,,
long_rvos/bda2f20019/3/20,long_rvos,bda2f20019,3,20,hybrid,A light brown dog on a leash stands by a woman with its tongue out.,ORACLE_ID_POINT,True,0.6777424197448085,0.6848117741389923,0.6812770969419004,"[0, 0, 0, 0]",3,True,,"3:bda2f20019:[{""frame"":58,""point"":[0.458203125,0.9631944444444445],""update"":true},{""frame"":117,""point"":null,""update"":false},{""frame"":175,""point"":[0.416796875,0.5506944444444445],""update"":true},{""frame"":234,""point"":[0.559765625,0.9993055555555556],""update"":true}]",long_rvos/bda2f20019/3/20,PREDICTED_CANDIDATE_POINT_STATIC,65.85941003262997,31106740224,success,False
long_rvos/bda2f20019/3/20,long_rvos,bda2f20019,3,20,hybrid,A light brown dog on a leash stands by a woman with its tongue out.,PREDICTED_CANDIDATE_DIRECT_STATIC,False,0.9487627592557,0.9640914281896698,0.9564270937226849,"[0, 0, 0, 0]",,,,,,,,,,
long_rvos/bda2f20019/3/20,long_rvos,bda2f20019,3,20,hybrid,A light brown dog on a leash stands by a woman with its tongue out.,PREDICTED_CANDIDATE_DIRECT_TEMPORAL,False,0.9487627592557,0.9640914281896698,0.9564270937226849,"[0, 0, 0, 0]",,,,,,,,,,
long_rvos/bda2f20019/3/20,long_rvos,bda2f20019,3,20,hybrid,A light brown dog on a leash stands by a woman with its tongue out.,PREDICTED_CANDIDATE_POINT_STATIC,False,0.6777424197448085,0.6848117741389923,0.6812770969419004,"[0, 0, 0, 0]",3,False,,,,,65.85941003262997,31106740224,success,False
long_rvos/bda2f20019/3/20,long_rvos,bda2f20019,3,20,hybrid,A light brown dog on a leash stands by a woman with its tongue out.,PREDICTED_CANDIDATE_POINT_TEMPORAL,False,0.6777424197448085,0.6848117741389923,0.6812770969419004,"[0, 0, 0, 0]",3,True,,"3:bda2f20019:[{""frame"":58,""point"":[0.458203125,0.9631944444444445],""update"":true},{""frame"":117,""point"":null,""update"":false},{""frame"":175,""point"":[0.416796875,0.5506944444444445],""update"":true},{""frame"":234,""point"":[0.559765625,0.9993055555555556],""update"":true}]",long_rvos/bda2f20019/3/20,PREDICTED_CANDIDATE_POINT_STATIC,65.85941003262997,31106740224,success,False
long_rvos/bda2f20019/3/21,long_rvos,bda2f20019,3,21,hybrid,"A light brown dog walks, sits, stands, and tilts its head on command.",ORACLE_CANDIDATE,True,0.0,0.0,0.0,[null],,,,,,,,,,
long_rvos/bda2f20019/3/21,long_rvos,bda2f20019,3,21,hybrid,"A light brown dog walks, sits, stands, and tilts its head on command.",ORACLE_ID_POINT,True,0.34375,0.34375,0.34375,"[None, None, None, None]",0,True,,"3:bda2f20019:[{""frame"":58,""point"":null,""update"":false},{""frame"":117,""point"":null,""update"":false},{""frame"":175,""point"":null,""update"":false},{""frame"":234,""point"":null,""update"":false}]",long_rvos/bda2f20019/3/21,PREDICTED_CANDIDATE_POINT_STATIC,22.527970671653748,6698121728,success,False
long_rvos/bda2f20019/3/21,long_rvos,bda2f20019,3,21,hybrid,"A light brown dog walks, sits, stands, and tilts its head on command.",PREDICTED_CANDIDATE_DIRECT_STATIC,False,0.34375,0.34375,0.34375,"[null, null, null, null]",,,,,,,,,,
long_rvos/bda2f20019/3/21,long_rvos,bda2f20019,3,21,hybrid,"A light brown dog walks, sits, stands, and tilts its head on command.",PREDICTED_CANDIDATE_DIRECT_TEMPORAL,False,0.34375,0.34375,0.34375,"[null, null, null, null]",,,,,,,,,,
long_rvos/bda2f20019/3/21,long_rvos,bda2f20019,3,21,hybrid,"A light brown dog walks, sits, stands, and tilts its head on command.",PREDICTED_CANDIDATE_POINT_STATIC,False,0.34375,0.34375,0.34375,"[None, None, None, None]",0,False,,,,,22.527970671653748,6698121728,success,False
long_rvos/bda2f20019/3/21,long_rvos,bda2f20019,3,21,hybrid,"A light brown dog walks, sits, stands, and tilts its head on command.",PREDICTED_CANDIDATE_POINT_TEMPORAL,False,0.34375,0.34375,0.34375,"[None, None, None, None]",0,True,,"3:bda2f20019:[{""frame"":58,""point"":null,""update"":false},{""frame"":117,""point"":null,""update"":false},{""frame"":175,""point"":null,""update"":false},{""frame"":234,""point"":null,""update"":false}]",long_rvos/bda2f20019/3/21,PREDICTED_CANDIDATE_POINT_STATIC,22.527970671653748,6698121728,success,False
long_rvos/bda2f20019/3/8,long_rvos,bda2f20019,3,8,static,"A small light brown dog, positioned at the lower right side of a woman, held by a leash",ORACLE_CANDIDATE,True,0.9488975284553429,0.9641096634234299,0.9565035959393864,[0],,,,,,,,,,
long_rvos/bda2f20019/3/8,long_rvos,bda2f20019,3,8,static,"A small light brown dog, positioned at the lower right side of a woman, held by a leash",ORACLE_ID_POINT,True,0.6777424197448085,0.6848117741389923,0.6812770969419004,"[0, 0, 0, 0]",3,True,,"3:bda2f20019:[{""frame"":58,""point"":[0.458203125,0.9631944444444445],""update"":true},{""frame"":117,""point"":null,""update"":false},{""frame"":175,""point"":[0.416796875,0.5506944444444445],""update"":true},{""frame"":234,""point"":[0.559765625,0.9993055555555556],""update"":true}]",long_rvos/bda2f20019/3/20,PREDICTED_CANDIDATE_POINT_STATIC,65.85941003262997,31106740224,success,False
long_rvos/bda2f20019/3/8,long_rvos,bda2f20019,3,8,static,"A small light brown dog, positioned at the lower right side of a woman, held by a leash",PREDICTED_CANDIDATE_DIRECT_STATIC,False,0.9488975284553429,0.9641096634234299,0.9565035959393864,"[0, 0, 0, 0]",,,,,,,,,,
long_rvos/bda2f20019/3/8,long_rvos,bda2f20019,3,8,static,"A small light brown dog, positioned at the lower right side of a woman, held by a leash",PREDICTED_CANDIDATE_DIRECT_TEMPORAL,False,0.9488975284553429,0.9641096634234299,0.9565035959393864,"[0, 0, 0, 0]",,,,,,,,,,
long_rvos/bda2f20019/3/8,long_rvos,bda2f20019,3,8,static,"A small light brown dog, positioned at the lower right side of a woman, held by a leash",PREDICTED_CANDIDATE_POINT_STATIC,False,0.6777424197448085,0.6848117741389923,0.6812770969419004,"[0, 0, 0, 0]",3,True,,"3:bda2f20019:[{""frame"":58,""point"":[0.458203125,0.9631944444444445],""update"":true},{""frame"":117,""point"":null,""update"":false},{""frame"":175,""point"":[0.416796875,0.5506944444444445],""update"":true},{""frame"":234,""point"":[0.559765625,0.9993055555555556],""update"":true}]",long_rvos/bda2f20019/3/20,PREDICTED_CANDIDATE_POINT_STATIC,65.85941003262997,31106740224,success,False
long_rvos/bda2f20019/3/8,long_rvos,bda2f20019,3,8,static,"A small light brown dog, positioned at the lower right side of a woman, held by a leash",PREDICTED_CANDIDATE_POINT_TEMPORAL,False,0.6777424197448085,0.6848117741389923,0.6812770969419004,"[0, 0, 0, 0]",3,True,,"3:bda2f20019:[{""frame"":58,""point"":[0.458203125,0.9631944444444445],""update"":true},{""frame"":117,""point"":null,""update"":false},{""frame"":175,""point"":[0.416796875,0.5506944444444445],""update"":true},{""frame"":234,""point"":[0.559765625,0.9993055555555556],""update"":true}]",long_rvos/bda2f20019/3/20,PREDICTED_CANDIDATE_POINT_STATIC,65.85941003262997,31106740224,success,False
long_rvos/bda2f20019/3/9,long_rvos,bda2f20019,3,9,dynamic,The dog is standing on the ground with its tongue out,ORACLE_CANDIDATE,True,0.949367765760932,0.964148274925156,0.9567580203430439,[0],,,,,,,,,,
long_rvos/bda2f20019/3/9,long_rvos,bda2f20019,3,9,dynamic,The dog is standing on the ground with its tongue out,ORACLE_ID_POINT,True,0.6777491664325488,0.6848086884300653,0.681278927431307,"[0, 0, 0, 0]",3,True,,"3:bda2f20019:[{""frame"":58,""point"":[0.458984375,0.9659722222222222],""update"":true},{""frame"":117,""point"":null,""update"":false},{""frame"":175,""point"":[0.416796875,0.5506944444444445],""update"":true},{""frame"":234,""point"":[0.559765625,0.9993055555555556],""update"":true}]",long_rvos/bda2f20019/3/11,PREDICTED_CANDIDATE_POINT_STATIC,67.20940106362104,31106740224,success,False
long_rvos/bda2f20019/3/9,long_rvos,bda2f20019,3,9,dynamic,The dog is standing on the ground with its tongue out,PREDICTED_CANDIDATE_DIRECT_STATIC,False,0.949367765760932,0.964148274925156,0.9567580203430439,"[0, 0, 0, 0]",,,,,,,,,,
long_rvos/bda2f20019/3/9,long_rvos,bda2f20019,3,9,dynamic,The dog is standing on the ground with its tongue out,PREDICTED_CANDIDATE_DIRECT_TEMPORAL,False,0.949367765760932,0.964148274925156,0.9567580203430439,"[0, 0, 0, 0]",,,,,,,,,,
long_rvos/bda2f20019/3/9,long_rvos,bda2f20019,3,9,dynamic,The dog is standing on the ground with its tongue out,PREDICTED_CANDIDATE_POINT_STATIC,False,0.6777491664325488,0.6848086884300653,0.681278927431307,"[0, 0, 0, 0]",3,True,,"3:bda2f20019:[{""frame"":58,""point"":[0.458984375,0.9659722222222222],""update"":true},{""frame"":117,""point"":null,""update"":false},{""frame"":175,""point"":[0.416796875,0.5506944444444445],""update"":true},{""frame"":234,""point"":[0.559765625,0.9993055555555556],""update"":true}]",long_rvos/bda2f20019/3/11,PREDICTED_CANDIDATE_POINT_STATIC,67.20940106362104,31106740224,success,False
long_rvos/bda2f20019/3/9,long_rvos,bda2f20019,3,9,dynamic,The dog is standing on the ground with its tongue out,PREDICTED_CANDIDATE_POINT_TEMPORAL,False,0.6777491664325488,0.6848086884300653,0.681278927431307,"[0, 0, 0, 0]",3,True,,"3:bda2f20019:[{""frame"":58,""point"":[0.458984375,0.9659722222222222],""update"":true},{""frame"":117,""point"":null,""update"":false},{""frame"":175,""point"":[0.416796875,0.5506944444444445],""update"":true},{""frame"":234,""point"":[0.559765625,0.9993055555555556],""update"":true}]",long_rvos/bda2f20019/3/11,PREDICTED_CANDIDATE_POINT_STATIC,67.20940106362104,31106740224,success,False
long_rvos/c4638cc87e/1/0,long_rvos,c4638cc87e,1,0,static,"A woman with a ponytail wearing a black short-sleeve shirt and black pants with colorful letters on the chest, with a woman in a black vest and black pants and a man in a white vest and black pants beside her.",ORACLE_CANDIDATE,True,0.7825327243503188,0.833670865007482,0.8081017946789004,[1],,,,,,,,,,
long_rvos/c4638cc87e/1/0,long_rvos,c4638cc87e,1,0,static,"A woman with a ponytail wearing a black short-sleeve shirt and black pants with colorful letters on the chest, with a woman in a black vest and black pants and a man in a white vest and black pants beside her.",ORACLE_ID_POINT,True,0.2418209667613047,0.25209750002083253,0.24695923339106862,"[1, 1, 1, 1]",4,True,,"1:c4638cc87e:[{""frame"":46,""point"":[0.634765625,0.6326388888888889],""update"":true},{""frame"":93,""point"":[0.608203125,0.4909722222222222],""update"":true},{""frame"":140,""point"":[0.691015625,0.29930555555555555],""update"":true},{""frame"":187,""point"":[0.395703125,0.4840277777777778],""update"":true}]",long_rvos/c4638cc87e/1/1,ORACLE_ID_POINT,71.65069703757763,26688263168,success,False
long_rvos/c4638cc87e/1/0,long_rvos,c4638cc87e,1,0,static,"A woman with a ponytail wearing a black short-sleeve shirt and black pants with colorful letters on the chest, with a woman in a black vest and black pants and a man in a white vest and black pants beside her.",PREDICTED_CANDIDATE_DIRECT_STATIC,False,0.3331365383567543,0.4388332710359854,0.3859849046963698,"[0, 1, 1, 0]",,,,,,,,,,
long_rvos/c4638cc87e/1/0,long_rvos,c4638cc87e,1,0,static,"A woman with a ponytail wearing a black short-sleeve shirt and black pants with colorful letters on the chest, with a woman in a black vest and black pants and a man in a white vest and black pants beside her.",PREDICTED_CANDIDATE_DIRECT_TEMPORAL,False,0.24852157286434545,0.3815203846847174,0.3150209787745314,"[1, 0, 0, 0]",,,,,,,,,,
long_rvos/c4638cc87e/1/0,long_rvos,c4638cc87e,1,0,static,"A woman with a ponytail wearing a black short-sleeve shirt and black pants with colorful letters on the chest, with a woman in a black vest and black pants and a man in a white vest and black pants beside her.",PREDICTED_CANDIDATE_POINT_STATIC,False,0.15514306855359028,0.180096590546193,0.16761982954989163,"[0, 1, 1, 0]",4,True,,"1:c4638cc87e:[{""frame"":46,""point"":[0.500390625,0.60625],""update"":true},{""frame"":93,""point"":[0.608203125,0.4909722222222222],""update"":true},{""frame"":140,""point"":[0.691015625,0.29930555555555555],""update"":true},{""frame"":187,""point"":[0.662109375,0.7118055555555556],""update"":true}]",long_rvos/c4638cc87e/1/3,PREDICTED_CANDIDATE_POINT_STATIC,72.17671678960323,26688263168,success,False
long_rvos/c4638cc87e/1/0,long_rvos,c4638cc87e,1,0,static,"A woman with a ponytail wearing a black short-sleeve shirt and black pants with colorful letters on the chest, with a woman in a black vest and black pants and a man in a white vest and black pants beside her.",PREDICTED_CANDIDATE_POINT_TEMPORAL,False,0.08800179677083422,0.15199986969875456,0.1200008332347944,"[1, 0, 0, 0]",4,False,,,,,71.70212350040674,26688263168,success,False
long_rvos/c4638cc87e/1/1,long_rvos,c4638cc87e,1,1,dynamic,"The woman is performing ballet, lying on top of a man. She then rises, grabs the foot of another woman, spins around, and lies back on the bench.",ORACLE_CANDIDATE,True,0.7825327243503188,0.833670865007482,0.8081017946789004,[1],,,,,,,,,,
long_rvos/c4638cc87e/1/1,long_rvos,c4638cc87e,1,1,dynamic,"The woman is performing ballet, lying on top of a man. She then rises, grabs the foot of another woman, spins around, and lies back on the bench.",ORACLE_ID_POINT,True,0.2418209667613047,0.25209750002083253,0.24695923339106862,"[1, 1, 1, 1]",4,False,,,,,71.65069703757763,26688263168,success,False
long_rvos/c4638cc87e/1/1,long_rvos,c4638cc87e,1,1,dynamic,"The woman is performing ballet, lying on top of a man. She then rises, grabs the foot of another woman, spins around, and lies back on the bench.",PREDICTED_CANDIDATE_DIRECT_STATIC,False,0.4013002099310619,0.522856376522737,0.4620782932268994,"[0, 1, 0, 1]",,,,,,,,,,
long_rvos/c4638cc87e/1/1,long_rvos,c4638cc87e,1,1,dynamic,"The woman is performing ballet, lying on top of a man. She then rises, grabs the foot of another woman, spins around, and lies back on the bench.",PREDICTED_CANDIDATE_DIRECT_TEMPORAL,False,0.24969940603205934,0.4150950742584731,0.3323972401452662,"[0, 0, 0, 1]",,,,,,,,,,
long_rvos/c4638cc87e/1/1,long_rvos,c4638cc87e,1,1,dynamic,"The woman is performing ballet, lying on top of a man. She then rises, grabs the foot of another woman, spins around, and lies back on the bench.",PREDICTED_CANDIDATE_POINT_STATIC,False,0.13696590536576236,0.16432498695847064,0.1506454461621165,"[0, 1, 0, 1]",4,False,,,,,74.86531019210815,26688263168,success,False
long_rvos/c4638cc87e/1/1,long_rvos,c4638cc87e,1,1,dynamic,"The woman is performing ballet, lying on top of a man. She then rises, grabs the foot of another woman, spins around, and lies back on the bench.",PREDICTED_CANDIDATE_POINT_TEMPORAL,False,0.03543097859726667,0.14090804994229184,0.08816951426977926,"[0, 0, 0, 1]",4,False,,,,,72.83640031516552,26688263168,success,False
long_rvos/c4638cc87e/1/12,long_rvos,c4638cc87e,1,12,hybrid,"A woman with long hair in a black shirt performs ballet, spins, and rests on a bench.",ORACLE_CANDIDATE,True,0.7825327243503188,0.833670865007482,0.8081017946789004,[1],,,,,,,,,,
long_rvos/c4638cc87e/1/12,long_rvos,c4638cc87e,1,12,hybrid,"A woman with long hair in a black shirt performs ballet, spins, and rests on a bench.",ORACLE_ID_POINT,True,0.2418209667613047,0.25209750002083253,0.24695923339106862,"[1, 1, 1, 1]",4,True,,"1:c4638cc87e:[{""frame"":46,""point"":[0.634765625,0.6326388888888889],""update"":true},{""frame"":93,""point"":[0.608203125,0.4909722222222222],""update"":true},{""frame"":140,""point"":[0.691015625,0.29930555555555555],""update"":true},{""frame"":187,""point"":[0.395703125,0.4840277777777778],""update"":true}]",long_rvos/c4638cc87e/1/1,ORACLE_ID_POINT,71.65069703757763,26688263168,success,False
long_rvos/c4638cc87e/1/12,long_rvos,c4638cc87e,1,12,hybrid,"A woman with long hair in a black shirt performs ballet, spins, and rests on a bench.",PREDICTED_CANDIDATE_DIRECT_STATIC,False,0.5584235479373935,0.6530394128086114,0.6057314803730025,"[0, 1, 1, 1]",,,,,,,,,,
long_rvos/c4638cc87e/1/12,long_rvos,c4638cc87e,1,12,hybrid,"A woman with long hair in a black shirt performs ballet, spins, and rests on a bench.",PREDICTED_CANDIDATE_DIRECT_TEMPORAL,False,0.5572457147696797,0.6194647232348559,0.5883552190022678,"[1, 1, 1, 0]",,,,,,,,,,
long_rvos/c4638cc87e/1/12,long_rvos,c4638cc87e,1,12,hybrid,"A woman with long hair in a black shirt performs ballet, spins, and rests on a bench.",PREDICTED_CANDIDATE_POINT_STATIC,False,0.22948545334450213,0.24168795464683226,0.2355867039956672,"[0, 1, 1, 1]",4,False,,,,,71.59891775995493,26688263168,success,False
long_rvos/c4638cc87e/1/12,long_rvos,c4638cc87e,1,12,hybrid,"A woman with long hair in a black shirt performs ballet, spins, and rests on a bench.",PREDICTED_CANDIDATE_POINT_TEMPORAL,False,0.15214233761662616,0.17486545196025824,0.16350389478844218,"[1, 1, 1, 0]",4,False,,,,,71.63112957775593,26688263168,success,False
long_rvos/c4638cc87e/1/13,long_rvos,c4638cc87e,1,13,hybrid,A woman with long hair wearing black clothes lying on her side remains in that position.,ORACLE_CANDIDATE,True,0.7825327243503188,0.833670865007482,0.8081017946789004,[1],,,,,,,,,,
long_rvos/c4638cc87e/1/13,long_rvos,c4638cc87e,1,13,hybrid,A woman with long hair wearing black clothes lying on her side remains in that position.,ORACLE_ID_POINT,True,0.2418209667613047,0.25209750002083253,0.24695923339106862,"[1, 1, 1, 1]",4,True,,"1:c4638cc87e:[{""frame"":46,""point"":[0.634765625,0.6326388888888889],""update"":true},{""frame"":93,""point"":[0.608203125,0.4909722222222222],""update"":true},{""frame"":140,""point"":[0.691015625,0.29930555555555555],""update"":true},{""frame"":187,""point"":[0.395703125,0.4840277777777778],""update"":true}]",long_rvos/c4638cc87e/1/1,ORACLE_ID_POINT,71.65069703757763,26688263168,success,False
long_rvos/c4638cc87e/1/13,long_rvos,c4638cc87e,1,13,hybrid,A woman with long hair wearing black clothes lying on her side remains in that position.,PREDICTED_CANDIDATE_DIRECT_STATIC,False,0.4013002099310619,0.522856376522737,0.4620782932268994,"[0, 1, 0, 1]",,,,,,,,,,
long_rvos/c4638cc87e/1/13,long_rvos,c4638cc87e,1,13,hybrid,A woman with long hair wearing black clothes lying on her side remains in that position.,PREDICTED_CANDIDATE_DIRECT_TEMPORAL,False,0.024412396451420168,0.200888932485847,0.11265066446863359,"[0, 0, 0, 0]",,,,,,,,,,
long_rvos/c4638cc87e/1/13,long_rvos,c4638cc87e,1,13,hybrid,A woman with long hair wearing black clothes lying on her side remains in that position.,PREDICTED_CANDIDATE_POINT_STATIC,False,0.13696590536576236,0.16432498695847064,0.1506454461621165,"[0, 1, 0, 1]",4,True,,"1:c4638cc87e:[{""frame"":46,""point"":[0.500390625,0.60625],""update"":true},{""frame"":93,""point"":[0.608203125,0.4909722222222222],""update"":true},{""frame"":140,""point"":[0.530078125,0.5506944444444445],""update"":true},{""frame"":187,""point"":[0.395703125,0.4840277777777778],""update"":true}]",long_rvos/c4638cc87e/1/1,PREDICTED_CANDIDATE_POINT_STATIC,74.86531019210815,26688263168,success,False
long_rvos/c4638cc87e/1/13,long_rvos,c4638cc87e,1,13,hybrid,A woman with long hair wearing black clothes lying on her side remains in that position.,PREDICTED_CANDIDATE_POINT_TEMPORAL,False,0.00635056101483864,0.12455699563047859,0.06545377832265861,"[0, 0, 0, 0]",4,False,,,,,77.460693359375,26688263168,success,False
long_rvos/c4638cc87e/1/2,long_rvos,c4638cc87e,1,2,static,"A woman with a ponytail wearing black clothes, lying down on her side.",ORACLE_CANDIDATE,True,0.7825327243503188,0.833670865007482,0.8081017946789004,[1],,,,,,,,,,
long_rvos/c4638cc87e/1/2,long_rvos,c4638cc87e,1,2,static,"A woman with a ponytail wearing black clothes, lying down on her side.",ORACLE_ID_POINT,True,0.2418209667613047,0.25209750002083253,0.24695923339106862,"[1, 1, 1, 1]",4,True,,"1:c4638cc87e:[{""frame"":46,""point"":[0.634765625,0.6326388888888889],""update"":true},{""frame"":93,""point"":[0.608203125,0.4909722222222222],""update"":true},{""frame"":140,""point"":[0.691015625,0.29930555555555555],""update"":true},{""frame"":187,""point"":[0.395703125,0.4840277777777778],""update"":true}]",long_rvos/c4638cc87e/1/1,ORACLE_ID_POINT,71.65069703757763,26688263168,success,False
long_rvos/c4638cc87e/1/2,long_rvos,c4638cc87e,1,2,static,"A woman with a ponytail wearing black clothes, lying down on her side.",PREDICTED_CANDIDATE_DIRECT_STATIC,False,0.4013002099310619,0.522856376522737,0.4620782932268994,"[0, 1, 0, 1]",,,,,,,,,,
long_rvos/c4638cc87e/1/2,long_rvos,c4638cc87e,1,2,static,"A woman with a ponytail wearing black clothes, lying down on her side.",PREDICTED_CANDIDATE_DIRECT_TEMPORAL,False,0.5572457147696797,0.6194647232348559,0.5883552190022678,"[1, 1, 1, 0]",,,,,,,,,,
long_rvos/c4638cc87e/1/2,long_rvos,c4638cc87e,1,2,static,"A woman with a ponytail wearing black clothes, lying down on her side.",PREDICTED_CANDIDATE_POINT_STATIC,False,0.13696590536576236,0.16432498695847064,0.1506454461621165,"[0, 1, 0, 1]",4,True,,"1:c4638cc87e:[{""frame"":46,""point"":[0.500390625,0.60625],""update"":true},{""frame"":93,""point"":[0.608203125,0.4909722222222222],""update"":true},{""frame"":140,""point"":[0.530078125,0.5506944444444445],""update"":true},{""frame"":187,""point"":[0.395703125,0.4840277777777778],""update"":true}]",long_rvos/c4638cc87e/1/1,PREDICTED_CANDIDATE_POINT_STATIC,74.86531019210815,26688263168,success,False
long_rvos/c4638cc87e/1/2,long_rvos,c4638cc87e,1,2,static,"A woman with a ponytail wearing black clothes, lying down on her side.",PREDICTED_CANDIDATE_POINT_TEMPORAL,False,0.15214233761662616,0.17486545196025824,0.16350389478844218,"[1, 1, 1, 0]",4,True,,"1:c4638cc87e:[{""frame"":46,""point"":[0.634765625,0.6326388888888889],""update"":true},{""frame"":93,""point"":[0.608203125,0.4909722222222222],""update"":true},{""frame"":140,""point"":[0.691015625,0.29930555555555555],""update"":true},{""frame"":187,""point"":[0.662109375,0.7118055555555556],""update"":true}]",long_rvos/c4638cc87e/1/12,PREDICTED_CANDIDATE_POINT_TEMPORAL,71.63112957775593,26688263168,success,False
long_rvos/c4638cc87e/1/3,long_rvos,c4638cc87e,1,3,dynamic,This woman was the second to do the side-lying move.,ORACLE_CANDIDATE,True,0.7825327243503188,0.833670865007482,0.8081017946789004,[1],,,,,,,,,,
long_rvos/c4638cc87e/1/3,long_rvos,c4638cc87e,1,3,dynamic,This woman was the second to do the side-lying move.,ORACLE_ID_POINT,True,0.2418209667613047,0.25209750002083253,0.24695923339106862,"[1, 1, 1, 1]",4,True,,"1:c4638cc87e:[{""frame"":46,""point"":[0.634765625,0.6326388888888889],""update"":true},{""frame"":93,""point"":[0.608203125,0.4909722222222222],""update"":true},{""frame"":140,""point"":[0.691015625,0.29930555555555555],""update"":true},{""frame"":187,""point"":[0.395703125,0.4840277777777778],""update"":true}]",long_rvos/c4638cc87e/1/1,ORACLE_ID_POINT,71.65069703757763,26688263168,success,False
long_rvos/c4638cc87e/1/3,long_rvos,c4638cc87e,1,3,dynamic,This woman was the second to do the side-lying move.,PREDICTED_CANDIDATE_DIRECT_STATIC,False,0.3331365383567543,0.4388332710359854,0.3859849046963698,"[0, 1, 1, 0]",,,,,,,,,,
long_rvos/c4638cc87e/1/3,long_rvos,c4638cc87e,1,3,dynamic,This woman was the second to do the side-lying move.,PREDICTED_CANDIDATE_DIRECT_TEMPORAL,False,0.400122376763348,0.4892816869489814,0.4447020318561647,"[1, 1, 0, 0]",,,,,,,,,,
long_rvos/c4638cc87e/1/3,long_rvos,c4638cc87e,1,3,dynamic,This woman was the second to do the side-lying move.,PREDICTED_CANDIDATE_POINT_STATIC,False,0.15514306855359028,0.180096590546193,0.16761982954989163,"[0, 1, 1, 0]",4,False,,,,,72.17671678960323,26688263168,success,False
long_rvos/c4638cc87e/1/3,long_rvos,c4638cc87e,1,3,dynamic,This woman was the second to do the side-lying move.,PREDICTED_CANDIDATE_POINT_TEMPORAL,False,0.11079944784548118,0.1471983263425209,0.12899888709400104,"[1, 1, 0, 0]",4,False,,,,,71.84280042350292,26688263168,success,False
long_rvos/c5c9b749d4/2/10,long_rvos,c5c9b749d4,2,10,hybrid,A man wearing black clothes plays motion-sensing games with friends.,ORACLE_CANDIDATE,True,0.8031234057111807,0.7256122719885714,0.764367838849876,[0],,,,,,,,,,
long_rvos/c5c9b749d4/2/10,long_rvos,c5c9b749d4,2,10,hybrid,A man wearing black clothes plays motion-sensing games with friends.,ORACLE_ID_POINT,True,0.5,0.5,0.5,"[0, 0, 0, 0]",1,True,,"2:c5c9b749d4:[{""frame"":118,""point"":null,""update"":false},{""frame"":237,""point"":null,""update"":false},{""frame"":355,""point"":[0.8489583333333334,0.47638888888888886],""update"":true},{""frame"":474,""point"":null,""update"":false}]",long_rvos/c5c9b749d4/2/5,PREDICTED_CANDIDATE_POINT_STATIC,53.339700654149055,11742871552,success,False
long_rvos/c5c9b749d4/2/10,long_rvos,c5c9b749d4,2,10,hybrid,A man wearing black clothes plays motion-sensing games with friends.,PREDICTED_CANDIDATE_DIRECT_STATIC,False,0.8031234057111807,0.7256122719885714,0.764367838849876,"[0, 0, 0, 0]",,,,,,,,,,
long_rvos/c5c9b749d4/2/10,long_rvos,c5c9b749d4,2,10,hybrid,A man wearing black clothes plays motion-sensing games with friends.,PREDICTED_CANDIDATE_DIRECT_TEMPORAL,False,0.8031234057111807,0.7256122719885714,0.764367838849876,"[0, 0, 0, 0]",,,,,,,,,,
long_rvos/c5c9b749d4/2/10,long_rvos,c5c9b749d4,2,10,hybrid,A man wearing black clothes plays motion-sensing games with friends.,PREDICTED_CANDIDATE_POINT_STATIC,False,0.5,0.5,0.5,"[0, 0, 0, 0]",1,True,,"2:c5c9b749d4:[{""frame"":118,""point"":null,""update"":false},{""frame"":237,""point"":null,""update"":false},{""frame"":355,""point"":[0.8489583333333334,0.47638888888888886],""update"":true},{""frame"":474,""point"":null,""update"":false}]",long_rvos/c5c9b749d4/2/5,PREDICTED_CANDIDATE_POINT_STATIC,53.339700654149055,11742871552,success,False
long_rvos/c5c9b749d4/2/10,long_rvos,c5c9b749d4,2,10,hybrid,A man wearing black clothes plays motion-sensing games with friends.,PREDICTED_CANDIDATE_POINT_TEMPORAL,False,0.5,0.5,0.5,"[0, 0, 0, 0]",1,True,,"2:c5c9b749d4:[{""frame"":118,""point"":null,""update"":false},{""frame"":237,""point"":null,""update"":false},{""frame"":355,""point"":[0.8489583333333334,0.47638888888888886],""update"":true},{""frame"":474,""point"":null,""update"":false}]",long_rvos/c5c9b749d4/2/5,PREDICTED_CANDIDATE_POINT_STATIC,53.339700654149055,11742871552,success,False
long_rvos/c5c9b749d4/2/11,long_rvos,c5c9b749d4,2,11,hybrid,A man in a black shirt swings his fists while playing a fighting game.,ORACLE_CANDIDATE,True,0.8031234057111807,0.7256122719885714,0.764367838849876,[0],,,,,,,,,,
long_rvos/c5c9b749d4/2/11,long_rvos,c5c9b749d4,2,11,hybrid,A man in a black shirt swings his fists while playing a fighting game.,ORACLE_ID_POINT,True,0.5,0.5,0.5,"[0, 0, 0, 0]",1,True,,"2:c5c9b749d4:[{""frame"":118,""point"":null,""update"":false},{""frame"":237,""point"":null,""update"":false},{""frame"":355,""point"":[0.8489583333333334,0.47638888888888886],""update"":true},{""frame"":474,""point"":null,""update"":false}]",long_rvos/c5c9b749d4/2/5,PREDICTED_CANDIDATE_POINT_STATIC,53.339700654149055,11742871552,success,False
long_rvos/c5c9b749d4/2/11,long_rvos,c5c9b749d4,2,11,hybrid,A man in a black shirt swings his fists while playing a fighting game.,PREDICTED_CANDIDATE_DIRECT_STATIC,False,0.8031234057111807,0.7256122719885714,0.764367838849876,"[0, 0, 0, 0]",,,,,,,,,,
long_rvos/c5c9b749d4/2/11,long_rvos,c5c9b749d4,2,11,hybrid,A man in a black shirt swings his fists while playing a fighting game.,PREDICTED_CANDIDATE_DIRECT_TEMPORAL,False,0.8031234057111807,0.7256122719885714,0.764367838849876,"[0, 0, 0, 0]",,,,,,,,,,
long_rvos/c5c9b749d4/2/11,long_rvos,c5c9b749d4,2,11,hybrid,A man in a black shirt swings his fists while playing a fighting game.,PREDICTED_CANDIDATE_POINT_STATIC,False,0.5,0.5,0.5,"[0, 0, 0, 0]",1,True,,"2:c5c9b749d4:[{""frame"":118,""point"":null,""update"":false},{""frame"":237,""point"":null,""update"":false},{""frame"":355,""point"":[0.8489583333333334,0.47638888888888886],""update"":true},{""frame"":474,""point"":null,""update"":false}]",long_rvos/c5c9b749d4/2/5,PREDICTED_CANDIDATE_POINT_STATIC,53.339700654149055,11742871552,success,False
long_rvos/c5c9b749d4/2/11,long_rvos,c5c9b749d4,2,11,hybrid,A man in a black shirt swings his fists while playing a fighting game.,PREDICTED_CANDIDATE_POINT_TEMPORAL,False,0.5,0.5,0.5,"[0, 0, 0, 0]",1,True,,"2:c5c9b749d4:[{""frame"":118,""point"":null,""update"":false},{""frame"":237,""point"":null,""update"":false},{""frame"":355,""point"":[0.8489583333333334,0.47638888888888886],""update"":true},{""frame"":474,""point"":null,""update"":false}]",long_rvos/c5c9b749d4/2/5,PREDICTED_CANDIDATE_POINT_STATIC,53.339700654149055,11742871552,success,False
long_rvos/c5c9b749d4/2/4,long_rvos,c5c9b749d4,2,4,static,A man wearing black clothes.,ORACLE_CANDIDATE,True,0.8031234057111807,0.7256122719885714,0.764367838849876,[0],,,,,,,,,,
long_rvos/c5c9b749d4/2/4,long_rvos,c5c9b749d4,2,4,static,A man wearing black clothes.,ORACLE_ID_POINT,True,0.5,0.5,0.5,"[0, 0, 0, 0]",1,True,,"2:c5c9b749d4:[{""frame"":118,""point"":null,""update"":false},{""frame"":237,""point"":null,""update"":false},{""frame"":355,""point"":[0.8489583333333334,0.47638888888888886],""update"":true},{""frame"":474,""point"":null,""update"":false}]",long_rvos/c5c9b749d4/2/5,PREDICTED_CANDIDATE_POINT_STATIC,53.339700654149055,11742871552,success,False
long_rvos/c5c9b749d4/2/4,long_rvos,c5c9b749d4,2,4,static,A man wearing black clothes.,PREDICTED_CANDIDATE_DIRECT_STATIC,False,0.8031234057111807,0.7256122719885714,0.764367838849876,"[0, 0, 0, 0]",,,,,,,,,,
long_rvos/c5c9b749d4/2/4,long_rvos,c5c9b749d4,2,4,static,A man wearing black clothes.,PREDICTED_CANDIDATE_DIRECT_TEMPORAL,False,0.8031234057111807,0.7256122719885714,0.764367838849876,"[0, 0, 0, 0]",,,,,,,,,,
long_rvos/c5c9b749d4/2/4,long_rvos,c5c9b749d4,2,4,static,A man wearing black clothes.,PREDICTED_CANDIDATE_POINT_STATIC,False,0.5,0.5,0.5,"[0, 0, 0, 0]",1,True,,"2:c5c9b749d4:[{""frame"":118,""point"":null,""update"":false},{""frame"":237,""point"":null,""update"":false},{""frame"":355,""point"":[0.8489583333333334,0.47638888888888886],""update"":true},{""frame"":474,""point"":null,""update"":false}]",long_rvos/c5c9b749d4/2/5,PREDICTED_CANDIDATE_POINT_STATIC,53.339700654149055,11742871552,success,False
long_rvos/c5c9b749d4/2/4,long_rvos,c5c9b749d4,2,4,static,A man wearing black clothes.,PREDICTED_CANDIDATE_POINT_TEMPORAL,False,0.5,0.5,0.5,"[0, 0, 0, 0]",1,True,,"2:c5c9b749d4:[{""frame"":118,""point"":null,""update"":false},{""frame"":237,""point"":null,""update"":false},{""frame"":355,""point"":[0.8489583333333334,0.47638888888888886],""update"":true},{""frame"":474,""point"":null,""update"":false}]",long_rvos/c5c9b749d4/2/5,PREDICTED_CANDIDATE_POINT_STATIC,53.339700654149055,11742871552,success,False
long_rvos/c5c9b749d4/2/5,long_rvos,c5c9b749d4,2,5,dynamic,A man is playing a motion game with his friends with a serious expression.,ORACLE_CANDIDATE,True,0.8031234057111807,0.7256122719885714,0.764367838849876,[0],,,,,,,,,,
long_rvos/c5c9b749d4/2/5,long_rvos,c5c9b749d4,2,5,dynamic,A man is playing a motion game with his friends with a serious expression.,ORACLE_ID_POINT,True,0.5,0.5,0.5,"[0, 0, 0, 0]",1,True,,"2:c5c9b749d4:[{""frame"":118,""point"":null,""update"":false},{""frame"":237,""point"":null,""update"":false},{""frame"":355,""point"":[0.8489583333333334,0.47638888888888886],""update"":true},{""frame"":474,""point"":null,""update"":false}]",long_rvos/c5c9b749d4/2/5,PREDICTED_CANDIDATE_POINT_STATIC,53.339700654149055,11742871552,success,False
long_rvos/c5c9b749d4/2/5,long_rvos,c5c9b749d4,2,5,dynamic,A man is playing a motion game with his friends with a serious expression.,PREDICTED_CANDIDATE_DIRECT_STATIC,False,0.8031234057111807,0.7256122719885714,0.764367838849876,"[0, 0, 0, 0]",,,,,,,,,,
long_rvos/c5c9b749d4/2/5,long_rvos,c5c9b749d4,2,5,dynamic,A man is playing a motion game with his friends with a serious expression.,PREDICTED_CANDIDATE_DIRECT_TEMPORAL,False,0.8031234057111807,0.7256122719885714,0.764367838849876,"[0, 0, 0, 0]",,,,,,,,,,
long_rvos/c5c9b749d4/2/5,long_rvos,c5c9b749d4,2,5,dynamic,A man is playing a motion game with his friends with a serious expression.,PREDICTED_CANDIDATE_POINT_STATIC,False,0.5,0.5,0.5,"[0, 0, 0, 0]",1,False,,,,,53.339700654149055,11742871552,success,False
long_rvos/c5c9b749d4/2/5,long_rvos,c5c9b749d4,2,5,dynamic,A man is playing a motion game with his friends with a serious expression.,PREDICTED_CANDIDATE_POINT_TEMPORAL,False,0.5,0.5,0.5,"[0, 0, 0, 0]",1,True,,"2:c5c9b749d4:[{""frame"":118,""point"":null,""update"":false},{""frame"":237,""point"":null,""update"":false},{""frame"":355,""point"":[0.8489583333333334,0.47638888888888886],""update"":true},{""frame"":474,""point"":null,""update"":false}]",long_rvos/c5c9b749d4/2/5,PREDICTED_CANDIDATE_POINT_STATIC,53.339700654149055,11742871552,success,False
long_rvos/c5c9b749d4/2/6,long_rvos,c5c9b749d4,2,6,static,"A man wearing a black long-sleeve shirt, to the left of a man wearing a plaid shirt, with a TV in front of them.",ORACLE_CANDIDATE,True,0.8031234057111807,0.7256122719885714,0.764367838849876,[0],,,,,,,,,,
long_rvos/c5c9b749d4/2/6,long_rvos,c5c9b749d4,2,6,static,"A man wearing a black long-sleeve shirt, to the left of a man wearing a plaid shirt, with a TV in front of them.",ORACLE_ID_POINT,True,0.5,0.5,0.5,"[0, 0, 0, 0]",1,True,,"2:c5c9b749d4:[{""frame"":118,""point"":null,""update"":false},{""frame"":237,""point"":null,""update"":false},{""frame"":355,""point"":[0.8489583333333334,0.47638888888888886],""update"":true},{""frame"":474,""point"":null,""update"":false}]",long_rvos/c5c9b749d4/2/5,PREDICTED_CANDIDATE_POINT_STATIC,53.339700654149055,11742871552,success,False
long_rvos/c5c9b749d4/2/6,long_rvos,c5c9b749d4,2,6,static,"A man wearing a black long-sleeve shirt, to the left of a man wearing a plaid shirt, with a TV in front of them.",PREDICTED_CANDIDATE_DIRECT_STATIC,False,0.8031234057111807,0.7256122719885714,0.764367838849876,"[0, 0, 0, 0]",,,,,,,,,,
long_rvos/c5c9b749d4/2/6,long_rvos,c5c9b749d4,2,6,static,"A man wearing a black long-sleeve shirt, to the left of a man wearing a plaid shirt, with a TV in front of them.",PREDICTED_CANDIDATE_DIRECT_TEMPORAL,False,0.8031234057111807,0.7256122719885714,0.764367838849876,"[0, 0, 0, 0]",,,,,,,,,,
long_rvos/c5c9b749d4/2/6,long_rvos,c5c9b749d4,2,6,static,"A man wearing a black long-sleeve shirt, to the left of a man wearing a plaid shirt, with a TV in front of them.",PREDICTED_CANDIDATE_POINT_STATIC,False,0.5,0.5,0.5,"[0, 0, 0, 0]",1,True,,"2:c5c9b749d4:[{""frame"":118,""point"":null,""update"":false},{""frame"":237,""point"":null,""update"":false},{""frame"":355,""point"":[0.8489583333333334,0.47638888888888886],""update"":true},{""frame"":474,""point"":null,""update"":false}]",long_rvos/c5c9b749d4/2/5,PREDICTED_CANDIDATE_POINT_STATIC,53.339700654149055,11742871552,success,False
long_rvos/c5c9b749d4/2/6,long_rvos,c5c9b749d4,2,6,static,"A man wearing a black long-sleeve shirt, to the left of a man wearing a plaid shirt, with a TV in front of them.",PREDICTED_CANDIDATE_POINT_TEMPORAL,False,0.5,0.5,0.5,"[0, 0, 0, 0]",1,True,,"2:c5c9b749d4:[{""frame"":118,""point"":null,""update"":false},{""frame"":237,""point"":null,""update"":false},{""frame"":355,""point"":[0.8489583333333334,0.47638888888888886],""update"":true},{""frame"":474,""point"":null,""update"":false}]",long_rvos/c5c9b749d4/2/5,PREDICTED_CANDIDATE_POINT_STATIC,53.339700654149055,11742871552,success,False
long_rvos/c5c9b749d4/2/7,long_rvos,c5c9b749d4,2,7,dynamic,"The man in black is holding a controller and swinging his fists, playing a fighting game.",ORACLE_CANDIDATE,True,0.8031234057111807,0.7256122719885714,0.764367838849876,[0],,,,,,,,,,
long_rvos/c5c9b749d4/2/7,long_rvos,c5c9b749d4,2,7,dynamic,"The man in black is holding a controller and swinging his fists, playing a fighting game.",ORACLE_ID_POINT,True,0.5,0.5,0.5,"[0, 0, 0, 0]",1,True,,"2:c5c9b749d4:[{""frame"":118,""point"":null,""update"":false},{""frame"":237,""point"":null,""update"":false},{""frame"":355,""point"":[0.8489583333333334,0.47638888888888886],""update"":true},{""frame"":474,""point"":null,""update"":false}]",long_rvos/c5c9b749d4/2/5,PREDICTED_CANDIDATE_POINT_STATIC,53.339700654149055,11742871552,success,False
long_rvos/c5c9b749d4/2/7,long_rvos,c5c9b749d4,2,7,dynamic,"The man in black is holding a controller and swinging his fists, playing a fighting game.",PREDICTED_CANDIDATE_DIRECT_STATIC,False,0.8031234057111807,0.7256122719885714,0.764367838849876,"[0, 0, 0, 0]",,,,,,,,,,
long_rvos/c5c9b749d4/2/7,long_rvos,c5c9b749d4,2,7,dynamic,"The man in black is holding a controller and swinging his fists, playing a fighting game.",PREDICTED_CANDIDATE_DIRECT_TEMPORAL,False,0.8031234057111807,0.7256122719885714,0.764367838849876,"[0, 0, 0, 0]",,,,,,,,,,
long_rvos/c5c9b749d4/2/7,long_rvos,c5c9b749d4,2,7,dynamic,"The man in black is holding a controller and swinging his fists, playing a fighting game.",PREDICTED_CANDIDATE_POINT_STATIC,False,0.5,0.5,0.5,"[0, 0, 0, 0]",1,True,,"2:c5c9b749d4:[{""frame"":118,""point"":null,""update"":false},{""frame"":237,""point"":null,""update"":false},{""frame"":355,""point"":[0.8489583333333334,0.47638888888888886],""update"":true},{""frame"":474,""point"":null,""update"":false}]",long_rvos/c5c9b749d4/2/5,PREDICTED_CANDIDATE_POINT_STATIC,53.339700654149055,11742871552,success,False
long_rvos/c5c9b749d4/2/7,long_rvos,c5c9b749d4,2,7,dynamic,"The man in black is holding a controller and swinging his fists, playing a fighting game.",PREDICTED_CANDIDATE_POINT_TEMPORAL,False,0.5,0.5,0.5,"[0, 0, 0, 0]",1,True,,"2:c5c9b749d4:[{""frame"":118,""point"":null,""update"":false},{""frame"":237,""point"":null,""update"":false},{""frame"":355,""point"":[0.8489583333333334,0.47638888888888886],""update"":true},{""frame"":474,""point"":null,""update"":false}]",long_rvos/c5c9b749d4/2/5,PREDICTED_CANDIDATE_POINT_STATIC,53.339700654149055,11742871552,success,False
long_rvos/c6bb21356b/1/0,long_rvos,c6bb21356b,1,0,static,"A person wearing blue clothes, sitting in a white boat. He is sitting next to a person wearing black clothes.",ORACLE_CANDIDATE,True,0.0,0.0,0.0,[null],,,,,,,,,,
long_rvos/c6bb21356b/1/0,long_rvos,c6bb21356b,1,0,static,"A person wearing blue clothes, sitting in a white boat. He is sitting next to a person wearing black clothes.",ORACLE_ID_POINT,True,0.046875,0.046875,0.046875,"[None, None, None, None]",0,True,,"1:c6bb21356b:[{""frame"":58,""point"":null,""update"":false},{""frame"":117,""point"":null,""update"":false},{""frame"":175,""point"":null,""update"":false},{""frame"":234,""point"":null,""update"":false}]",long_rvos/c6bb21356b/1/0,PREDICTED_CANDIDATE_POINT_STATIC,21.56823381781578,6698121728,success,False
long_rvos/c6bb21356b/1/0,long_rvos,c6bb21356b,1,0,static,"A person wearing blue clothes, sitting in a white boat. He is sitting next to a person wearing black clothes.",PREDICTED_CANDIDATE_DIRECT_STATIC,False,0.046875,0.046875,0.046875,"[null, null, null, null]",,,,,,,,,,
long_rvos/c6bb21356b/1/0,long_rvos,c6bb21356b,1,0,static,"A person wearing blue clothes, sitting in a white boat. He is sitting next to a person wearing black clothes.",PREDICTED_CANDIDATE_DIRECT_TEMPORAL,False,0.046875,0.046875,0.046875,"[null, null, null, null]",,,,,,,,,,
long_rvos/c6bb21356b/1/0,long_rvos,c6bb21356b,1,0,static,"A person wearing blue clothes, sitting in a white boat. He is sitting next to a person wearing black clothes.",PREDICTED_CANDIDATE_POINT_STATIC,False,0.046875,0.046875,0.046875,"[None, None, None, None]",0,False,,,,,21.56823381781578,6698121728,success,False
long_rvos/c6bb21356b/1/0,long_rvos,c6bb21356b,1,0,static,"A person wearing blue clothes, sitting in a white boat. He is sitting next to a person wearing black clothes.",PREDICTED_CANDIDATE_POINT_TEMPORAL,False,0.046875,0.046875,0.046875,"[None, None, None, None]",0,True,,"1:c6bb21356b:[{""frame"":58,""point"":null,""update"":false},{""frame"":117,""point"":null,""update"":false},{""frame"":175,""point"":null,""update"":false},{""frame"":234,""point"":null,""update"":false}]",long_rvos/c6bb21356b/1/0,PREDICTED_CANDIDATE_POINT_STATIC,21.56823381781578,6698121728,success,False
long_rvos/c6bb21356b/1/1,long_rvos,c6bb21356b,1,1,dynamic,"One person sits on the left of another, both on the boat, moving forward with it.",ORACLE_CANDIDATE,True,0.8048804711730423,0.9626084894867764,0.8837444803299093,[0],,,,,,,,,,
long_rvos/c6bb21356b/1/1,long_rvos,c6bb21356b,1,1,dynamic,"One person sits on the left of another, both on the boat, moving forward with it.",ORACLE_ID_POINT,True,0.6615966761967012,0.78125,0.7214233380983506,"[0, 0, 0, 0]",4,False,,,,,90.4897597655654,31651331072,success,False
long_rvos/c6bb21356b/1/1,long_rvos,c6bb21356b,1,1,dynamic,"One person sits on the left of another, both on the boat, moving forward with it.",PREDICTED_CANDIDATE_DIRECT_STATIC,False,0.5945319779444971,0.7130307867840737,0.6537813823642854,"[0, 0, 1, 0]",,,,,,,,,,
long_rvos/c6bb21356b/1/1,long_rvos,c6bb21356b,1,1,dynamic,"One person sits on the left of another, both on the boat, moving forward with it.",PREDICTED_CANDIDATE_DIRECT_TEMPORAL,False,0.25514989070588867,0.46430238519836586,0.35972613795212727,"[3, 0, 4, 4]",,,,,,,,,,
long_rvos/c6bb21356b/1/1,long_rvos,c6bb21356b,1,1,dynamic,"One person sits on the left of another, both on the boat, moving forward with it.",PREDICTED_CANDIDATE_POINT_STATIC,False,0.42457503255633816,0.4937840304346809,0.4591795314955095,"[0, 0, 1, 0]",4,False,,,,,147.09105975925922,31649015808,success,False
long_rvos/c6bb21356b/1/1,long_rvos,c6bb21356b,1,1,dynamic,"One person sits on the left of another, both on the boat, moving forward with it.",PREDICTED_CANDIDATE_POINT_TEMPORAL,False,0.06335179303891551,0.3287836866322259,0.19606773983557071,"[3, 0, 4, 4]",3,False,,,,,113.80813190340996,25617601536,success,False
long_rvos/c6bb21356b/1/6,long_rvos,c6bb21356b,1,6,hybrid,"A person in blue sits left of another in a white boat, moving forward.",ORACLE_CANDIDATE,True,0.8247529222008813,0.9827967171717171,0.9037748196862991,[0],,,,,,,,,,
long_rvos/c6bb21356b/1/6,long_rvos,c6bb21356b,1,6,hybrid,"A person in blue sits left of another in a white boat, moving forward.",ORACLE_ID_POINT,True,0.6621865393392281,0.78125,0.721718269669614,"[0, 0, 0, 0]",4,False,,,,,98.0623116120696,31649012736,success,False
long_rvos/c6bb21356b/1/6,long_rvos,c6bb21356b,1,6,hybrid,"A person in blue sits left of another in a white boat, moving forward.",PREDICTED_CANDIDATE_DIRECT_STATIC,False,0.6678338744441545,0.7800775613275613,0.723955717885858,"[1, 0, 0, 0]",,,,,,,,,,
long_rvos/c6bb21356b/1/6,long_rvos,c6bb21356b,1,6,hybrid,"A person in blue sits left of another in a white boat, moving forward.",PREDICTED_CANDIDATE_DIRECT_TEMPORAL,False,0.6678338744441545,0.7796717171717171,0.7237527958079358,"[2, 0, 0, 0]",,,,,,,,,,
long_rvos/c6bb21356b/1/6,long_rvos,c6bb21356b,1,6,hybrid,"A person in blue sits left of another in a white boat, moving forward.",PREDICTED_CANDIDATE_POINT_STATIC,False,0.2863861626489229,0.34283496673345126,0.3146105646911871,"[1, 0, 0, 0]",4,False,,,,,89.43682863563299,31655235584,success,False
long_rvos/c6bb21356b/1/6,long_rvos,c6bb21356b,1,6,hybrid,"A person in blue sits left of another in a white boat, moving forward.",PREDICTED_CANDIDATE_POINT_TEMPORAL,False,0.45143773895146677,0.53125,0.4913438694757334,"[2, 0, 0, 0]",3,False,,,,,73.84534476697445,25605993472,success,False
long_rvos/c733601fcd/1/0,long_rvos,c733601fcd,1,0,static,A pair of hands holding a white drone remote control,ORACLE_CANDIDATE,True,0.0,0.0,0.0,[null],,,,,,,,,,
long_rvos/c733601fcd/1/0,long_rvos,c733601fcd,1,0,static,A pair of hands holding a white drone remote control,ORACLE_ID_POINT,True,0.546875,0.546875,0.546875,"[None, None, None, None]",0,True,,"1:c733601fcd:[{""frame"":58,""point"":null,""update"":false},{""frame"":117,""point"":null,""update"":false},{""frame"":175,""point"":null,""update"":false},{""frame"":234,""point"":null,""update"":false}]",long_rvos/c733601fcd/1/1,PREDICTED_CANDIDATE_POINT_STATIC,23.254243679344654,6698121728,success,False
long_rvos/c733601fcd/1/0,long_rvos,c733601fcd,1,0,static,A pair of hands holding a white drone remote control,PREDICTED_CANDIDATE_DIRECT_STATIC,False,0.546875,0.546875,0.546875,"[null, null, null, null]",,,,,,,,,,
long_rvos/c733601fcd/1/0,long_rvos,c733601fcd,1,0,static,A pair of hands holding a white drone remote control,PREDICTED_CANDIDATE_DIRECT_TEMPORAL,False,0.546875,0.546875,0.546875,"[null, null, null, null]",,,,,,,,,,
long_rvos/c733601fcd/1/0,long_rvos,c733601fcd,1,0,static,A pair of hands holding a white drone remote control,PREDICTED_CANDIDATE_POINT_STATIC,False,0.546875,0.546875,0.546875,"[None, None, None, None]",0,True,,"1:c733601fcd:[{""frame"":58,""point"":null,""update"":false},{""frame"":117,""point"":null,""update"":false},{""frame"":175,""point"":null,""update"":false},{""frame"":234,""point"":null,""update"":false}]",long_rvos/c733601fcd/1/1,PREDICTED_CANDIDATE_POINT_STATIC,23.254243679344654,6698121728,success,False
long_rvos/c733601fcd/1/0,long_rvos,c733601fcd,1,0,static,A pair of hands holding a white drone remote control,PREDICTED_CANDIDATE_POINT_TEMPORAL,False,0.546875,0.546875,0.546875,"[None, None, None, None]",0,True,,"1:c733601fcd:[{""frame"":58,""point"":null,""update"":false},{""frame"":117,""point"":null,""update"":false},{""frame"":175,""point"":null,""update"":false},{""frame"":234,""point"":null,""update"":false}]",long_rvos/c733601fcd/1/1,PREDICTED_CANDIDATE_POINT_STATIC,23.254243679344654,6698121728,success,False
long_rvos/c733601fcd/1/1,long_rvos,c733601fcd,1,1,dynamic,A pair of hands holds the drone remote control and presses buttons to control the drone's flight.,ORACLE_CANDIDATE,True,0.0,0.0,0.0,[null],,,,,,,,,,
long_rvos/c733601fcd/1/1,long_rvos,c733601fcd,1,1,dynamic,A pair of hands holds the drone remote control and presses buttons to control the drone's flight.,ORACLE_ID_POINT,True,0.546875,0.546875,0.546875,"[None, None, None, None]",0,True,,"1:c733601fcd:[{""frame"":58,""point"":null,""update"":false},{""frame"":117,""point"":null,""update"":false},{""frame"":175,""point"":null,""update"":false},{""frame"":234,""point"":null,""update"":false}]",long_rvos/c733601fcd/1/1,PREDICTED_CANDIDATE_POINT_STATIC,23.254243679344654,6698121728,success,False
long_rvos/c733601fcd/1/1,long_rvos,c733601fcd,1,1,dynamic,A pair of hands holds the drone remote control and presses buttons to control the drone's flight.,PREDICTED_CANDIDATE_DIRECT_STATIC,False,0.546875,0.546875,0.546875,"[null, null, null, null]",,,,,,,,,,
long_rvos/c733601fcd/1/1,long_rvos,c733601fcd,1,1,dynamic,A pair of hands holds the drone remote control and presses buttons to control the drone's flight.,PREDICTED_CANDIDATE_DIRECT_TEMPORAL,False,0.546875,0.546875,0.546875,"[null, null, null, null]",,,,,,,,,,
long_rvos/c733601fcd/1/1,long_rvos,c733601fcd,1,1,dynamic,A pair of hands holds the drone remote control and presses buttons to control the drone's flight.,PREDICTED_CANDIDATE_POINT_STATIC,False,0.546875,0.546875,0.546875,"[None, None, None, None]",0,False,,,,,23.254243679344654,6698121728,success,False
long_rvos/c733601fcd/1/1,long_rvos,c733601fcd,1,1,dynamic,A pair of hands holds the drone remote control and presses buttons to control the drone's flight.,PREDICTED_CANDIDATE_POINT_TEMPORAL,False,0.546875,0.546875,0.546875,"[None, None, None, None]",0,True,,"1:c733601fcd:[{""frame"":58,""point"":null,""update"":false},{""frame"":117,""point"":null,""update"":false},{""frame"":175,""point"":null,""update"":false},{""frame"":234,""point"":null,""update"":false}]",long_rvos/c733601fcd/1/1,PREDICTED_CANDIDATE_POINT_STATIC,23.254243679344654,6698121728,success,False
long_rvos/c733601fcd/1/4,long_rvos,c733601fcd,1,4,hybrid,Hands hold a white drone remote and press buttons to control its flight.,ORACLE_CANDIDATE,True,0.8476883921332302,0.9005195043575246,0.8741039482453774,[0],,,,,,,,,,
long_rvos/c733601fcd/1/4,long_rvos,c733601fcd,1,4,hybrid,Hands hold a white drone remote and press buttons to control its flight.,ORACLE_ID_POINT,True,0.546875,0.546875,0.546875,"[0, 0, 0, 0]",1,True,,"1:c733601fcd:[{""frame"":58,""point"":[0.573828125,0.9993055555555556],""update"":true},{""frame"":117,""point"":null,""update"":false},{""frame"":175,""point"":null,""update"":false},{""frame"":234,""point"":null,""update"":false}]",long_rvos/c733601fcd/1/4,PREDICTED_CANDIDATE_POINT_STATIC,48.74026679992676,10002243584,success,False
long_rvos/c733601fcd/1/4,long_rvos,c733601fcd,1,4,hybrid,Hands hold a white drone remote and press buttons to control its flight.,PREDICTED_CANDIDATE_DIRECT_STATIC,False,0.8476883921332302,0.9005195043575246,0.8741039482453774,"[0, 0, 0, 0]",,,,,,,,,,
long_rvos/c733601fcd/1/4,long_rvos,c733601fcd,1,4,hybrid,Hands hold a white drone remote and press buttons to control its flight.,PREDICTED_CANDIDATE_DIRECT_TEMPORAL,False,0.8476883921332302,0.9005195043575246,0.8741039482453774,"[0, 0, 0, 0]",,,,,,,,,,
long_rvos/c733601fcd/1/4,long_rvos,c733601fcd,1,4,hybrid,Hands hold a white drone remote and press buttons to control its flight.,PREDICTED_CANDIDATE_POINT_STATIC,False,0.546875,0.546875,0.546875,"[0, 0, 0, 0]",1,False,,,,,48.74026679992676,10002243584,success,False
long_rvos/c733601fcd/1/4,long_rvos,c733601fcd,1,4,hybrid,Hands hold a white drone remote and press buttons to control its flight.,PREDICTED_CANDIDATE_POINT_TEMPORAL,False,0.546875,0.546875,0.546875,"[0, 0, 0, 0]",1,True,,"1:c733601fcd:[{""frame"":58,""point"":[0.573828125,0.9993055555555556],""update"":true},{""frame"":117,""point"":null,""update"":false},{""frame"":175,""point"":null,""update"":false},{""frame"":234,""point"":null,""update"":false}]",long_rvos/c733601fcd/1/4,PREDICTED_CANDIDATE_POINT_STATIC,48.74026679992676,10002243584,success,False
long_rvos/c73c2a03a0/1/0,long_rvos,c73c2a03a0,1,0,static,"A diver wearing a diving suit and shorts with diving gear, in front of the camera.",ORACLE_CANDIDATE,True,0.8672922442883977,0.8344389911564676,0.8508656177224326,[0],,,,,,,,,,
long_rvos/c73c2a03a0/1/0,long_rvos,c73c2a03a0,1,0,static,"A diver wearing a diving suit and shorts with diving gear, in front of the camera.",ORACLE_ID_POINT,True,0.2915290254115884,0.27930958425148816,0.2854193048315383,"[0, 0, 0, 0]",4,True,,"1:c73c2a03a0:[{""frame"":46,""point"":[0.546484375,0.6131944444444445],""update"":true},{""frame"":93,""point"":[0.473828125,0.5173611111111112],""update"":true},{""frame"":140,""point"":[0.368359375,0.7270833333333333],""update"":true},{""frame"":187,""point"":[0.526171875,0.7756944444444445],""update"":true}]",long_rvos/c73c2a03a0/1/4,ORACLE_ID_POINT,73.28330063074827,26690529280,success,False
long_rvos/c73c2a03a0/1/0,long_rvos,c73c2a03a0,1,0,static,"A diver wearing a diving suit and shorts with diving gear, in front of the camera.",PREDICTED_CANDIDATE_DIRECT_STATIC,False,0.8672922442883977,0.8344389911564676,0.8508656177224326,"[0, 0, 0, 0]",,,,,,,,,,
long_rvos/c73c2a03a0/1/0,long_rvos,c73c2a03a0,1,0,static,"A diver wearing a diving suit and shorts with diving gear, in front of the camera.",PREDICTED_CANDIDATE_DIRECT_TEMPORAL,False,0.8672922442883977,0.8344389911564676,0.8508656177224326,"[0, 0, 0, 0]",,,,,,,,,,
long_rvos/c73c2a03a0/1/0,long_rvos,c73c2a03a0,1,0,static,"A diver wearing a diving suit and shorts with diving gear, in front of the camera.",PREDICTED_CANDIDATE_POINT_STATIC,False,0.2915290254115884,0.27930958425148816,0.2854193048315383,"[0, 0, 0, 0]",4,True,,"1:c73c2a03a0:[{""frame"":46,""point"":[0.546484375,0.6131944444444445],""update"":true},{""frame"":93,""point"":[0.473828125,0.5173611111111112],""update"":true},{""frame"":140,""point"":[0.368359375,0.7270833333333333],""update"":true},{""frame"":187,""point"":[0.526171875,0.7756944444444445],""update"":true}]",long_rvos/c73c2a03a0/1/4,ORACLE_ID_POINT,73.28330063074827,26690529280,success,False
long_rvos/c73c2a03a0/1/0,long_rvos,c73c2a03a0,1,0,static,"A diver wearing a diving suit and shorts with diving gear, in front of the camera.",PREDICTED_CANDIDATE_POINT_TEMPORAL,False,0.2915290254115884,0.27930958425148816,0.2854193048315383,"[0, 0, 0, 0]",4,True,,"1:c73c2a03a0:[{""frame"":46,""point"":[0.546484375,0.6131944444444445],""update"":true},{""frame"":93,""point"":[0.473828125,0.5173611111111112],""update"":true},{""frame"":140,""point"":[0.368359375,0.7270833333333333],""update"":true},{""frame"":187,""point"":[0.526171875,0.7756944444444445],""update"":true}]",long_rvos/c73c2a03a0/1/4,ORACLE_ID_POINT,73.28330063074827,26690529280,success,False
long_rvos/c73c2a03a0/1/1,long_rvos,c73c2a03a0,1,1,dynamic,The first diver to appear pulled up the diver next to him while diving.,ORACLE_CANDIDATE,True,0.8805514206089908,0.8531852863992637,0.8668683535041273,[0],,,,,,,,,,
long_rvos/c73c2a03a0/1/1,long_rvos,c73c2a03a0,1,1,dynamic,The first diver to appear pulled up the diver next to him while diving.,ORACLE_ID_POINT,True,0.2511274592683222,0.29400623848141816,0.27256684887487015,"[0, 0, 0, 0]",4,False,,,,,82.36028925329447,26690529280,success,False
long_rvos/c73c2a03a0/1/1,long_rvos,c73c2a03a0,1,1,dynamic,The first diver to appear pulled up the diver next to him while diving.,PREDICTED_CANDIDATE_DIRECT_STATIC,False,0.01839230209068357,0.03571659893153984,0.027054450511111706,"[1, 1, 1, 1]",,,,,,,,,,
long_rvos/c73c2a03a0/1/1,long_rvos,c73c2a03a0,1,1,dynamic,The first diver to appear pulled up the diver next to him while diving.,PREDICTED_CANDIDATE_DIRECT_TEMPORAL,False,0.01839230209068357,0.03571659893153984,0.027054450511111706,"[1, 1, 1, 1]",,,,,,,,,,
long_rvos/c73c2a03a0/1/1,long_rvos,c73c2a03a0,1,1,dynamic,The first diver to appear pulled up the diver next to him while diving.,PREDICTED_CANDIDATE_POINT_STATIC,False,0.017594966452788373,0.03296886971228326,0.025281918082535815,"[1, 1, 1, 1]",2,False,,,,,35.295990981161594,16656002048,success,False
long_rvos/c73c2a03a0/1/1,long_rvos,c73c2a03a0,1,1,dynamic,The first diver to appear pulled up the diver next to him while diving.,PREDICTED_CANDIDATE_POINT_TEMPORAL,False,0.017594966452788373,0.03296886971228326,0.025281918082535815,"[1, 1, 1, 1]",2,True,,"1:c73c2a03a0:[{""frame"":46,""point"":null,""update"":false},{""frame"":93,""point"":null,""update"":false},{""frame"":140,""point"":[0.466015625,0.0006944444444444445],""update"":true},{""frame"":187,""point"":[0.000390625,0.5006944444444444],""update"":true}]",long_rvos/c73c2a03a0/1/1,PREDICTED_CANDIDATE_POINT_STATIC,35.295990981161594,16656002048,success,False
long_rvos/c73c2a03a0/1/4,long_rvos,c73c2a03a0,1,4,hybrid,The diver wearing yellow glasses and holding a camera pulls up the diver next to him while diving.,ORACLE_CANDIDATE,True,0.8672922442883977,0.8344389911564676,0.8508656177224326,[0],,,,,,,,,,
long_rvos/c73c2a03a0/1/4,long_rvos,c73c2a03a0,1,4,hybrid,The diver wearing yellow glasses and holding a camera pulls up the diver next to him while diving.,ORACLE_ID_POINT,True,0.2915290254115884,0.27930958425148816,0.2854193048315383,"[0, 0, 0, 0]",4,False,,,,,73.28330063074827,26690529280,success,False
long_rvos/c73c2a03a0/1/4,long_rvos,c73c2a03a0,1,4,hybrid,The diver wearing yellow glasses and holding a camera pulls up the diver next to him while diving.,PREDICTED_CANDIDATE_DIRECT_STATIC,False,0.6281515952849828,0.6052725182353047,0.6167120567601437,"[2, 0, 0, 0]",,,,,,,,,,
long_rvos/c73c2a03a0/1/4,long_rvos,c73c2a03a0,1,4,hybrid,The diver wearing yellow glasses and holding a camera pulls up the diver next to him while diving.,PREDICTED_CANDIDATE_DIRECT_TEMPORAL,False,0.018295449242656844,0.036496678685968176,0.02739606396431251,"[2, 2, 2, 2]",,,,,,,,,,
long_rvos/c73c2a03a0/1/4,long_rvos,c73c2a03a0,1,4,hybrid,The diver wearing yellow glasses and holding a camera pulls up the diver next to him while diving.,PREDICTED_CANDIDATE_POINT_STATIC,False,0.18396371908929124,0.19406766143142873,0.18901569026035997,"[2, 0, 0, 0]",3,False,,,,,47.91867894679308,21848611840,success,False
long_rvos/c73c2a03a0/1/4,long_rvos,c73c2a03a0,1,4,hybrid,The diver wearing yellow glasses and holding a camera pulls up the diver next to him while diving.,PREDICTED_CANDIDATE_POINT_TEMPORAL,False,0.01760372432607249,0.034050906371619574,0.025827315348846032,"[2, 2, 2, 2]",2,False,,,,,31.74652525782585,16656002048,success,False
long_rvos/d33c8343bc/3/10,long_rvos,d33c8343bc,3,10,hybrid,"A cream-bordered pie with yellow jelly sits beside a blueberry pie, rotating on a shelf.",ORACLE_CANDIDATE,True,0.6425789219706327,0.652896412059575,0.6477376670151038,[2],,,,,,,,,,
long_rvos/d33c8343bc/3/10,long_rvos,d33c8343bc,3,10,hybrid,"A cream-bordered pie with yellow jelly sits beside a blueberry pie, rotating on a shelf.",ORACLE_ID_POINT,True,0.4347198268622696,0.42056157078179335,0.4276406988220315,"[2, 2, 2, 2]",3,False,,,,,87.23145377635956,34148529152,success,False
long_rvos/d33c8343bc/3/10,long_rvos,d33c8343bc,3,10,hybrid,"A cream-bordered pie with yellow jelly sits beside a blueberry pie, rotating on a shelf.",PREDICTED_CANDIDATE_DIRECT_STATIC,False,0.561812480422857,0.5868123062885751,0.574312393355716,"[2, 2, 1, 0]",,,,,,,,,,
long_rvos/d33c8343bc/3/10,long_rvos,d33c8343bc,3,10,hybrid,"A cream-bordered pie with yellow jelly sits beside a blueberry pie, rotating on a shelf.",PREDICTED_CANDIDATE_DIRECT_TEMPORAL,False,0.4002489481386826,0.42317308843003265,0.41171101828435763,"[2, 1, 0, 0]",,,,,,,,,,
long_rvos/d33c8343bc/3/10,long_rvos,d33c8343bc,3,10,hybrid,"A cream-bordered pie with yellow jelly sits beside a blueberry pie, rotating on a shelf.",PREDICTED_CANDIDATE_POINT_STATIC,False,0.3701542538217989,0.37228642983719656,0.3712203418294977,"[2, 2, 1, 0]",3,False,,,,,85.92635328322649,34148529152,success,False
long_rvos/d33c8343bc/3/10,long_rvos,d33c8343bc,3,10,hybrid,"A cream-bordered pie with yellow jelly sits beside a blueberry pie, rotating on a shelf.",PREDICTED_CANDIDATE_POINT_TEMPORAL,False,0.2607622467507238,0.26914642549483214,0.26495433612277797,"[2, 1, 0, 0]",3,False,,,,,93.52081833034754,34148529152,success,False
long_rvos/d33c8343bc/3/4,long_rvos,d33c8343bc,3,4,static,"A pie filled with yellow jelly, bordered with cream, surrounded by three other pies on a shelf. The pie is next to the blueberry pie and the square pie with red small fruits on top.",ORACLE_CANDIDATE,True,0.4725087004571179,0.4597082726033236,0.46610848653022074,[5],,,,,,,,,,
long_rvos/d33c8343bc/3/4,long_rvos,d33c8343bc,3,4,static,"A pie filled with yellow jelly, bordered with cream, surrounded by three other pies on a shelf. The pie is next to the blueberry pie and the square pie with red small fruits on top.",ORACLE_ID_POINT,True,0.43484429352080833,0.42057964576506524,0.4277119696429368,"[5, 5, 5, 5]",3,True,,"3:d33c8343bc:[{""frame"":64,""point"":[0.75234375,0.44479166666666664],""update"":true},{""frame"":129,""point"":[0.00078125,0.8072916666666666],""update"":true},{""frame"":194,""point"":[0.00546875,0.37395833333333334],""update"":true},{""frame"":259,""point"":null,""update"":false}]",long_rvos/d33c8343bc/3/5,PREDICTED_CANDIDATE_POINT_STATIC,88.19967398792505,34148529152,success,False
long_rvos/d33c8343bc/3/4,long_rvos,d33c8343bc,3,4,static,"A pie filled with yellow jelly, bordered with cream, surrounded by three other pies on a shelf. The pie is next to the blueberry pie and the square pie with red small fruits on top.",PREDICTED_CANDIDATE_DIRECT_STATIC,False,0.4614579212251565,0.4503013331906406,0.45587962720789854,"[5, 5, 5, 0]",,,,,,,,,,
long_rvos/d33c8343bc/3/4,long_rvos,d33c8343bc,3,4,static,"A pie filled with yellow jelly, bordered with cream, surrounded by three other pies on a shelf. The pie is next to the blueberry pie and the square pie with red small fruits on top.",PREDICTED_CANDIDATE_DIRECT_TEMPORAL,False,0.40625,0.40625,0.40625,"[0, 7, 8, 0]",,,,,,,,,,
long_rvos/d33c8343bc/3/4,long_rvos,d33c8343bc,3,4,static,"A pie filled with yellow jelly, bordered with cream, surrounded by three other pies on a shelf. The pie is next to the blueberry pie and the square pie with red small fruits on top.",PREDICTED_CANDIDATE_POINT_STATIC,False,0.43484429352080833,0.42057964576506524,0.4277119696429368,"[5, 5, 5, 0]",3,True,,"3:d33c8343bc:[{""frame"":64,""point"":[0.75234375,0.44479166666666664],""update"":true},{""frame"":129,""point"":[0.00078125,0.8072916666666666],""update"":true},{""frame"":194,""point"":[0.00546875,0.37395833333333334],""update"":true},{""frame"":259,""point"":null,""update"":false}]",long_rvos/d33c8343bc/3/5,PREDICTED_CANDIDATE_POINT_STATIC,88.19967398792505,34148529152,success,False
long_rvos/d33c8343bc/3/4,long_rvos,d33c8343bc,3,4,static,"A pie filled with yellow jelly, bordered with cream, surrounded by three other pies on a shelf. The pie is next to the blueberry pie and the square pie with red small fruits on top.",PREDICTED_CANDIDATE_POINT_TEMPORAL,False,0.234375,0.23996666956434054,0.23717083478217027,"[0, 7, 8, 0]",2,True,,"3:d33c8343bc:[{""frame"":64,""point"":null,""update"":false},{""frame"":129,""point"":[0.70546875,0.46770833333333334],""update"":true},{""frame"":194,""point"":[0.71171875,0.6322916666666667],""update"":true},{""frame"":259,""point"":null,""update"":false}]",long_rvos/d33c8343bc/3/5,PREDICTED_CANDIDATE_POINT_TEMPORAL,63.19574157893658,27636572160,success,False
long_rvos/d33c8343bc/3/5,long_rvos,d33c8343bc,3,5,dynamic,The pie filled with yellow jelly and bordered with cream is rotating on the freezer shelf with the other three pies.,ORACLE_CANDIDATE,True,0.4725087004571179,0.4597082726033236,0.46610848653022074,[5],,,,,,,,,,
long_rvos/d33c8343bc/3/5,long_rvos,d33c8343bc,3,5,dynamic,The pie filled with yellow jelly and bordered with cream is rotating on the freezer shelf with the other three pies.,ORACLE_ID_POINT,True,0.43484429352080833,0.42057964576506524,0.4277119696429368,"[5, 5, 5, 5]",3,True,,"3:d33c8343bc:[{""frame"":64,""point"":[0.75234375,0.44479166666666664],""update"":true},{""frame"":129,""point"":[0.00078125,0.8072916666666666],""update"":true},{""frame"":194,""point"":[0.00546875,0.37395833333333334],""update"":true},{""frame"":259,""point"":null,""update"":false}]",long_rvos/d33c8343bc/3/5,PREDICTED_CANDIDATE_POINT_STATIC,88.19967398792505,34148529152,success,False
long_rvos/d33c8343bc/3/5,long_rvos,d33c8343bc,3,5,dynamic,The pie filled with yellow jelly and bordered with cream is rotating on the freezer shelf with the other three pies.,PREDICTED_CANDIDATE_DIRECT_STATIC,False,0.4614579212251565,0.4503013331906406,0.45587962720789854,"[5, 5, 5, 0]",,,,,,,,,,
long_rvos/d33c8343bc/3/5,long_rvos,d33c8343bc,3,5,dynamic,The pie filled with yellow jelly and bordered with cream is rotating on the freezer shelf with the other three pies.,PREDICTED_CANDIDATE_DIRECT_TEMPORAL,False,0.40625,0.40625,0.40625,"[0, 7, 8, 0]",,,,,,,,,,
long_rvos/d33c8343bc/3/5,long_rvos,d33c8343bc,3,5,dynamic,The pie filled with yellow jelly and bordered with cream is rotating on the freezer shelf with the other three pies.,PREDICTED_CANDIDATE_POINT_STATIC,False,0.43484429352080833,0.42057964576506524,0.4277119696429368,"[5, 5, 5, 0]",3,False,,,,,88.19967398792505,34148529152,success,False
long_rvos/d33c8343bc/3/5,long_rvos,d33c8343bc,3,5,dynamic,The pie filled with yellow jelly and bordered with cream is rotating on the freezer shelf with the other three pies.,PREDICTED_CANDIDATE_POINT_TEMPORAL,False,0.234375,0.23996666956434054,0.23717083478217027,"[0, 7, 8, 0]",2,False,,,,,63.19574157893658,27636572160,success,False
long_rvos/dca31590b8/2/10,long_rvos,dca31590b8,2,10,hybrid,A woman in white picks up powder and pours it into a funnel.,ORACLE_CANDIDATE,True,0.9210068944459748,0.9104194278069468,0.9157131611264608,[0],,,,,,,,,,
long_rvos/dca31590b8/2/10,long_rvos,dca31590b8,2,10,hybrid,A woman in white picks up powder and pours it into a funnel.,ORACLE_ID_POINT,True,0.6875,0.6875,0.6875,"[0, 0, 0, 0]",1,True,,"2:dca31590b8:[{""frame"":80,""point"":[0.66328125,0.6239583333333333],""update"":true},{""frame"":160,""point"":null,""update"":false},{""frame"":240,""point"":null,""update"":false},{""frame"":320,""point"":null,""update"":false}]",long_rvos/dca31590b8/2/5,ORACLE_ID_POINT,57.68193583935499,11238571008,success,False
long_rvos/dca31590b8/2/10,long_rvos,dca31590b8,2,10,hybrid,A woman in white picks up powder and pours it into a funnel.,PREDICTED_CANDIDATE_DIRECT_STATIC,False,0.6702285765871023,0.6704966029723587,0.6703625897797305,"[0, 1, 3, 0]",,,,,,,,,,
long_rvos/dca31590b8/2/10,long_rvos,dca31590b8,2,10,hybrid,A woman in white picks up powder and pours it into a funnel.,PREDICTED_CANDIDATE_DIRECT_TEMPORAL,False,0.6702285765871023,0.6704966029723587,0.6703625897797305,"[0, 1, 3, 0]",,,,,,,,,,
long_rvos/dca31590b8/2/10,long_rvos,dca31590b8,2,10,hybrid,A woman in white picks up powder and pours it into a funnel.,PREDICTED_CANDIDATE_POINT_STATIC,False,0.35060969447238743,0.3515849469156135,0.35109732069400046,"[0, 1, 3, 0]",3,True,,"2:dca31590b8:[{""frame"":80,""point"":[0.66328125,0.6239583333333333],""update"":true},{""frame"":160,""point"":[0.90078125,0.6072916666666667],""update"":true},{""frame"":240,""point"":[0.99921875,0.353125],""update"":true},{""frame"":320,""point"":null,""update"":false}]",long_rvos/dca31590b8/2/5,PREDICTED_CANDIDATE_POINT_TEMPORAL,105.90231883525848,40544308224,success,False
long_rvos/dca31590b8/2/10,long_rvos,dca31590b8,2,10,hybrid,A woman in white picks up powder and pours it into a funnel.,PREDICTED_CANDIDATE_POINT_TEMPORAL,False,0.35060969447238743,0.3515849469156135,0.35109732069400046,"[0, 1, 3, 0]",3,True,,"2:dca31590b8:[{""frame"":80,""point"":[0.66328125,0.6239583333333333],""update"":true},{""frame"":160,""point"":[0.90078125,0.6072916666666667],""update"":true},{""frame"":240,""point"":[0.99921875,0.353125],""update"":true},{""frame"":320,""point"":null,""update"":false}]",long_rvos/dca31590b8/2/5,PREDICTED_CANDIDATE_POINT_TEMPORAL,105.90231883525848,40544308224,success,False
long_rvos/dca31590b8/2/11,long_rvos,dca31590b8,2,11,hybrid,A woman in a blue shirt and white jacket talks and helps from the side.,ORACLE_CANDIDATE,True,0.9210068944459748,0.9104194278069468,0.9157131611264608,[0],,,,,,,,,,
long_rvos/dca31590b8/2/11,long_rvos,dca31590b8,2,11,hybrid,A woman in a blue shirt and white jacket talks and helps from the side.,ORACLE_ID_POINT,True,0.6875,0.6875,0.6875,"[0, 0, 0, 0]",1,True,,"2:dca31590b8:[{""frame"":80,""point"":[0.66328125,0.6239583333333333],""update"":true},{""frame"":160,""point"":null,""update"":false},{""frame"":240,""point"":null,""update"":false},{""frame"":320,""point"":null,""update"":false}]",long_rvos/dca31590b8/2/5,ORACLE_ID_POINT,57.68193583935499,11238571008,success,False
long_rvos/dca31590b8/2/11,long_rvos,dca31590b8,2,11,hybrid,A woman in a blue shirt and white jacket talks and helps from the side.,PREDICTED_CANDIDATE_DIRECT_STATIC,False,0.6751682715871257,0.6902856076970718,0.6827269396420987,"[1, 0, 3, 0]",,,,,,,,,,
long_rvos/dca31590b8/2/11,long_rvos,dca31590b8,2,11,hybrid,A woman in a blue shirt and white jacket talks and helps from the side.,PREDICTED_CANDIDATE_DIRECT_TEMPORAL,False,0.45563995372825306,0.48161278286248366,0.46862636829536836,"[1, 1, 3, 0]",,,,,,,,,,
long_rvos/dca31590b8/2/11,long_rvos,dca31590b8,2,11,hybrid,A woman in a blue shirt and white jacket talks and helps from the side.,PREDICTED_CANDIDATE_POINT_STATIC,False,0.34375,0.34375,0.34375,"[1, 0, 3, 0]",2,False,,,,,75.5263883844018,40155832320,success,False
long_rvos/dca31590b8/2/11,long_rvos,dca31590b8,2,11,hybrid,A woman in a blue shirt and white jacket talks and helps from the side.,PREDICTED_CANDIDATE_POINT_TEMPORAL,False,0.15626744518722174,0.16374420962924183,0.16000582740823177,"[1, 1, 3, 0]",3,False,,,,,106.06324041634798,40544308224,success,False
long_rvos/dca31590b8/2/4,long_rvos,dca31590b8,2,4,static,"A woman wearing a white outer coat, an indigo inner shirt, and white pants, standing to the left of a girl in a gray short-sleeved shirt, with a gray road and green trees in the background.",ORACLE_CANDIDATE,True,0.9210068944459748,0.9104194278069468,0.9157131611264608,[0],,,,,,,,,,
long_rvos/dca31590b8/2/4,long_rvos,dca31590b8,2,4,static,"A woman wearing a white outer coat, an indigo inner shirt, and white pants, standing to the left of a girl in a gray short-sleeved shirt, with a gray road and green trees in the background.",ORACLE_ID_POINT,True,0.6875,0.6875,0.6875,"[0, 0, 0, 0]",1,True,,"2:dca31590b8:[{""frame"":80,""point"":[0.66328125,0.6239583333333333],""update"":true},{""frame"":160,""point"":null,""update"":false},{""frame"":240,""point"":null,""update"":false},{""frame"":320,""point"":null,""update"":false}]",long_rvos/dca31590b8/2/5,ORACLE_ID_POINT,57.68193583935499,11238571008,success,False
long_rvos/dca31590b8/2/4,long_rvos,dca31590b8,2,4,static,"A woman wearing a white outer coat, an indigo inner shirt, and white pants, standing to the left of a girl in a gray short-sleeved shirt, with a gray road and green trees in the background.",PREDICTED_CANDIDATE_DIRECT_STATIC,False,0.719597948130207,0.7176018460427188,0.7185998970864629,"[2, 0, 0, 0]",,,,,,,,,,
long_rvos/dca31590b8/2/4,long_rvos,dca31590b8,2,4,static,"A woman wearing a white outer coat, an indigo inner shirt, and white pants, standing to the left of a girl in a gray short-sleeved shirt, with a gray road and green trees in the background.",PREDICTED_CANDIDATE_DIRECT_TEMPORAL,False,0.45563995372825306,0.48161278286248366,0.46862636829536836,"[1, 1, 3, 0]",,,,,,,,,,
long_rvos/dca31590b8/2/4,long_rvos,dca31590b8,2,4,static,"A woman wearing a white outer coat, an indigo inner shirt, and white pants, standing to the left of a girl in a gray short-sleeved shirt, with a gray road and green trees in the background.",PREDICTED_CANDIDATE_POINT_STATIC,False,0.6875,0.6875,0.6875,"[2, 0, 0, 0]",0,True,True,"dca31590b8:[{""frame"":80,""point"":null,""update"":false},{""frame"":160,""point"":null,""update"":false},{""frame"":240,""point"":null,""update"":false},{""frame"":320,""point"":null,""update"":false}]",,temporal_update_k4,20.785136945545673,7222630912,success,False
long_rvos/dca31590b8/2/4,long_rvos,dca31590b8,2,4,static,"A woman wearing a white outer coat, an indigo inner shirt, and white pants, standing to the left of a girl in a gray short-sleeved shirt, with a gray road and green trees in the background.",PREDICTED_CANDIDATE_POINT_TEMPORAL,False,0.15626744518722174,0.16374420962924183,0.16000582740823177,"[1, 1, 3, 0]",3,True,,"2:dca31590b8:[{""frame"":80,""point"":[0.99921875,0.23229166666666667],""update"":true},{""frame"":160,""point"":[0.90078125,0.6072916666666667],""update"":true},{""frame"":240,""point"":[0.99921875,0.353125],""update"":true},{""frame"":320,""point"":null,""update"":false}]",long_rvos/dca31590b8/2/11,PREDICTED_CANDIDATE_POINT_TEMPORAL,106.06324041634798,40544308224,success,False
long_rvos/dca31590b8/2/5,long_rvos,dca31590b8,2,5,dynamic,The woman picks up white powder and pours it into a funnel.,ORACLE_CANDIDATE,True,0.9210068944459748,0.9104194278069468,0.9157131611264608,[0],,,,,,,,,,
long_rvos/dca31590b8/2/5,long_rvos,dca31590b8,2,5,dynamic,The woman picks up white powder and pours it into a funnel.,ORACLE_ID_POINT,True,0.6875,0.6875,0.6875,"[0, 0, 0, 0]",1,False,,,,,57.68193583935499,11238571008,success,False
long_rvos/dca31590b8/2/5,long_rvos,dca31590b8,2,5,dynamic,The woman picks up white powder and pours it into a funnel.,PREDICTED_CANDIDATE_DIRECT_STATIC,False,0.8897568944459748,0.8791694278069468,0.8844631611264608,"[0, 0, 3, 0]",,,,,,,,,,
long_rvos/dca31590b8/2/5,long_rvos,dca31590b8,2,5,dynamic,The woman picks up white powder and pours it into a funnel.,PREDICTED_CANDIDATE_DIRECT_TEMPORAL,False,0.6702285765871023,0.6704966029723587,0.6703625897797305,"[0, 1, 3, 0]",,,,,,,,,,
long_rvos/dca31590b8/2/5,long_rvos,dca31590b8,2,5,dynamic,The woman picks up white powder and pours it into a funnel.,PREDICTED_CANDIDATE_POINT_STATIC,False,0.375,0.375,0.375,"[0, 0, 3, 0]",2,False,,,,,76.49097262322903,40155832320,success,False
long_rvos/dca31590b8/2/5,long_rvos,dca31590b8,2,5,dynamic,The woman picks up white powder and pours it into a funnel.,PREDICTED_CANDIDATE_POINT_TEMPORAL,False,0.35060969447238743,0.3515849469156135,0.35109732069400046,"[0, 1, 3, 0]",3,False,,,,,105.90231883525848,40544308224,success,False
long_rvos/dca31590b8/2/6,long_rvos,dca31590b8,2,6,static,A woman wearing a blue shirt and white jacket.,ORACLE_CANDIDATE,True,0.9210068944459748,0.9104194278069468,0.9157131611264608,[0],,,,,,,,,,
long_rvos/dca31590b8/2/6,long_rvos,dca31590b8,2,6,static,A woman wearing a blue shirt and white jacket.,ORACLE_ID_POINT,True,0.6875,0.6875,0.6875,"[0, 0, 0, 0]",1,True,,"2:dca31590b8:[{""frame"":80,""point"":[0.66328125,0.6239583333333333],""update"":true},{""frame"":160,""point"":null,""update"":false},{""frame"":240,""point"":null,""update"":false},{""frame"":320,""point"":null,""update"":false}]",long_rvos/dca31590b8/2/5,ORACLE_ID_POINT,57.68193583935499,11238571008,success,False
long_rvos/dca31590b8/2/6,long_rvos,dca31590b8,2,6,static,A woman wearing a blue shirt and white jacket.,PREDICTED_CANDIDATE_DIRECT_STATIC,False,0.6751682715871257,0.6902856076970718,0.6827269396420987,"[1, 0, 3, 0]",,,,,,,,,,
long_rvos/dca31590b8/2/6,long_rvos,dca31590b8,2,6,static,A woman wearing a blue shirt and white jacket.,PREDICTED_CANDIDATE_DIRECT_TEMPORAL,False,0.45563995372825306,0.48161278286248366,0.46862636829536836,"[1, 1, 3, 0]",,,,,,,,,,
long_rvos/dca31590b8/2/6,long_rvos,dca31590b8,2,6,static,A woman wearing a blue shirt and white jacket.,PREDICTED_CANDIDATE_POINT_STATIC,False,0.34375,0.34375,0.34375,"[1, 0, 3, 0]",2,True,,"2:dca31590b8:[{""frame"":80,""point"":[0.99921875,0.23229166666666667],""update"":true},{""frame"":160,""point"":null,""update"":false},{""frame"":240,""point"":[0.99921875,0.353125],""update"":true},{""frame"":320,""point"":null,""update"":false}]",long_rvos/dca31590b8/2/11,PREDICTED_CANDIDATE_POINT_STATIC,75.5263883844018,40155832320,success,False
long_rvos/dca31590b8/2/6,long_rvos,dca31590b8,2,6,static,A woman wearing a blue shirt and white jacket.,PREDICTED_CANDIDATE_POINT_TEMPORAL,False,0.15626744518722174,0.16374420962924183,0.16000582740823177,"[1, 1, 3, 0]",3,True,,"2:dca31590b8:[{""frame"":80,""point"":[0.99921875,0.23229166666666667],""update"":true},{""frame"":160,""point"":[0.90078125,0.6072916666666667],""update"":true},{""frame"":240,""point"":[0.99921875,0.353125],""update"":true},{""frame"":320,""point"":null,""update"":false}]",long_rvos/dca31590b8/2/11,PREDICTED_CANDIDATE_POINT_TEMPORAL,106.06324041634798,40544308224,success,False
long_rvos/ddc213ba3f/2/19,long_rvos,ddc213ba3f,2,19,hybrid,"A baby in green pajamas crawls, plays with toys, is seated by a man, and lies down again.",ORACLE_CANDIDATE,True,0.9343576819562658,0.8858119992450076,0.9100848406006368,[0],,,,,,,,,,
long_rvos/ddc213ba3f/2/19,long_rvos,ddc213ba3f,2,19,hybrid,"A baby in green pajamas crawls, plays with toys, is seated by a man, and lies down again.",ORACLE_ID_POINT,True,0.6865733334135639,0.6352579827549696,0.6609156580842668,"[0, 0, 0, 0]",4,True,,"2:ddc213ba3f:[{""frame"":134,""point"":[0.984375,0.631875],""update"":true},{""frame"":269,""point"":[0.6989583333333333,0.811875],""update"":true},{""frame"":404,""point"":[0.446875,0.461875],""update"":true},{""frame"":539,""point"":[0.0010416666666666667,0.489375],""update"":true}]",long_rvos/ddc213ba3f/2/3,PREDICTED_CANDIDATE_POINT_STATIC,199.86259234696627,63563545600,success,False
long_rvos/ddc213ba3f/2/19,long_rvos,ddc213ba3f,2,19,hybrid,"A baby in green pajamas crawls, plays with toys, is seated by a man, and lies down again.",PREDICTED_CANDIDATE_DIRECT_STATIC,False,0.9343576819562658,0.8858119992450076,0.9100848406006368,"[0, 0, 0, 0]",,,,,,,,,,
long_rvos/ddc213ba3f/2/19,long_rvos,ddc213ba3f,2,19,hybrid,"A baby in green pajamas crawls, plays with toys, is seated by a man, and lies down again.",PREDICTED_CANDIDATE_DIRECT_TEMPORAL,False,0.9343576819562658,0.8858119992450076,0.9100848406006368,"[0, 0, 0, 0]",,,,,,,,,,
long_rvos/ddc213ba3f/2/19,long_rvos,ddc213ba3f,2,19,hybrid,"A baby in green pajamas crawls, plays with toys, is seated by a man, and lies down again.",PREDICTED_CANDIDATE_POINT_STATIC,False,0.6865733334135639,0.6352579827549696,0.6609156580842668,"[0, 0, 0, 0]",4,True,,"2:ddc213ba3f:[{""frame"":134,""point"":[0.984375,0.631875],""update"":true},{""frame"":269,""point"":[0.6989583333333333,0.811875],""update"":true},{""frame"":404,""point"":[0.446875,0.461875],""update"":true},{""frame"":539,""point"":[0.0010416666666666667,0.489375],""update"":true}]",long_rvos/ddc213ba3f/2/3,PREDICTED_CANDIDATE_POINT_STATIC,199.86259234696627,63563545600,success,False
long_rvos/ddc213ba3f/2/19,long_rvos,ddc213ba3f,2,19,hybrid,"A baby in green pajamas crawls, plays with toys, is seated by a man, and lies down again.",PREDICTED_CANDIDATE_POINT_TEMPORAL,False,0.6865733334135639,0.6352579827549696,0.6609156580842668,"[0, 0, 0, 0]",4,True,,"2:ddc213ba3f:[{""frame"":134,""point"":[0.984375,0.631875],""update"":true},{""frame"":269,""point"":[0.6989583333333333,0.811875],""update"":true},{""frame"":404,""point"":[0.446875,0.461875],""update"":true},{""frame"":539,""point"":[0.0010416666666666667,0.489375],""update"":true}]",long_rvos/ddc213ba3f/2/3,PREDICTED_CANDIDATE_POINT_STATIC,199.86259234696627,63563545600,success,False
long_rvos/ddc213ba3f/2/2,long_rvos,ddc213ba3f,2,2,static,"A baby in green pajamas on a carpet, with a man in a blue short-sleeve shirt and shorts and many toys in front.",ORACLE_CANDIDATE,True,0.9343576819562658,0.8858119992450076,0.9100848406006368,[0],,,,,,,,,,
long_rvos/ddc213ba3f/2/2,long_rvos,ddc213ba3f,2,2,static,"A baby in green pajamas on a carpet, with a man in a blue short-sleeve shirt and shorts and many toys in front.",ORACLE_ID_POINT,True,0.6865733334135639,0.6352579827549696,0.6609156580842668,"[0, 0, 0, 0]",4,True,,"2:ddc213ba3f:[{""frame"":134,""point"":[0.984375,0.631875],""update"":true},{""frame"":269,""point"":[0.6989583333333333,0.811875],""update"":true},{""frame"":404,""point"":[0.446875,0.461875],""update"":true},{""frame"":539,""point"":[0.0010416666666666667,0.489375],""update"":true}]",long_rvos/ddc213ba3f/2/3,PREDICTED_CANDIDATE_POINT_STATIC,199.86259234696627,63563545600,success,False
long_rvos/ddc213ba3f/2/2,long_rvos,ddc213ba3f,2,2,static,"A baby in green pajamas on a carpet, with a man in a blue short-sleeve shirt and shorts and many toys in front.",PREDICTED_CANDIDATE_DIRECT_STATIC,False,0.9343576819562658,0.8858119992450076,0.9100848406006368,"[0, 0, 0, 0]",,,,,,,,,,
long_rvos/ddc213ba3f/2/2,long_rvos,ddc213ba3f,2,2,static,"A baby in green pajamas on a carpet, with a man in a blue short-sleeve shirt and shorts and many toys in front.",PREDICTED_CANDIDATE_DIRECT_TEMPORAL,False,0.9343576819562658,0.8858119992450076,0.9100848406006368,"[0, 0, 0, 0]",,,,,,,,,,
long_rvos/ddc213ba3f/2/2,long_rvos,ddc213ba3f,2,2,static,"A baby in green pajamas on a carpet, with a man in a blue short-sleeve shirt and shorts and many toys in front.",PREDICTED_CANDIDATE_POINT_STATIC,False,0.6865733334135639,0.6352579827549696,0.6609156580842668,"[0, 0, 0, 0]",4,True,,"2:ddc213ba3f:[{""frame"":134,""point"":[0.984375,0.631875],""update"":true},{""frame"":269,""point"":[0.6989583333333333,0.811875],""update"":true},{""frame"":404,""point"":[0.446875,0.461875],""update"":true},{""frame"":539,""point"":[0.0010416666666666667,0.489375],""update"":true}]",long_rvos/ddc213ba3f/2/3,PREDICTED_CANDIDATE_POINT_STATIC,199.86259234696627,63563545600,success,False
long_rvos/ddc213ba3f/2/2,long_rvos,ddc213ba3f,2,2,static,"A baby in green pajamas on a carpet, with a man in a blue short-sleeve shirt and shorts and many toys in front.",PREDICTED_CANDIDATE_POINT_TEMPORAL,False,0.6865733334135639,0.6352579827549696,0.6609156580842668,"[0, 0, 0, 0]",4,True,,"2:ddc213ba3f:[{""frame"":134,""point"":[0.984375,0.631875],""update"":true},{""frame"":269,""point"":[0.6989583333333333,0.811875],""update"":true},{""frame"":404,""point"":[0.446875,0.461875],""update"":true},{""frame"":539,""point"":[0.0010416666666666667,0.489375],""update"":true}]",long_rvos/ddc213ba3f/2/3,PREDICTED_CANDIDATE_POINT_STATIC,199.86259234696627,63563545600,success,False
long_rvos/ddc213ba3f/2/3,long_rvos,ddc213ba3f,2,3,dynamic,"The baby is crawling on the carpet, playing with toys, then is picked up by the man and seated, before lying down again on the carpet.",ORACLE_CANDIDATE,True,0.9343576819562658,0.8858119992450076,0.9100848406006368,[0],,,,,,,,,,
long_rvos/ddc213ba3f/2/3,long_rvos,ddc213ba3f,2,3,dynamic,"The baby is crawling on the carpet, playing with toys, then is picked up by the man and seated, before lying down again on the carpet.",ORACLE_ID_POINT,True,0.6865733334135639,0.6352579827549696,0.6609156580842668,"[0, 0, 0, 0]",4,True,,"2:ddc213ba3f:[{""frame"":134,""point"":[0.984375,0.631875],""update"":true},{""frame"":269,""point"":[0.6989583333333333,0.811875],""update"":true},{""frame"":404,""point"":[0.446875,0.461875],""update"":true},{""frame"":539,""point"":[0.0010416666666666667,0.489375],""update"":true}]",long_rvos/ddc213ba3f/2/3,PREDICTED_CANDIDATE_POINT_STATIC,199.86259234696627,63563545600,success,False
long_rvos/ddc213ba3f/2/3,long_rvos,ddc213ba3f,2,3,dynamic,"The baby is crawling on the carpet, playing with toys, then is picked up by the man and seated, before lying down again on the carpet.",PREDICTED_CANDIDATE_DIRECT_STATIC,False,0.9343576819562658,0.8858119992450076,0.9100848406006368,"[0, 0, 0, 0]",,,,,,,,,,
long_rvos/ddc213ba3f/2/3,long_rvos,ddc213ba3f,2,3,dynamic,"The baby is crawling on the carpet, playing with toys, then is picked up by the man and seated, before lying down again on the carpet.",PREDICTED_CANDIDATE_DIRECT_TEMPORAL,False,0.9343576819562658,0.8858119992450076,0.9100848406006368,"[0, 0, 0, 0]",,,,,,,,,,
long_rvos/ddc213ba3f/2/3,long_rvos,ddc213ba3f,2,3,dynamic,"The baby is crawling on the carpet, playing with toys, then is picked up by the man and seated, before lying down again on the carpet.",PREDICTED_CANDIDATE_POINT_STATIC,False,0.6865733334135639,0.6352579827549696,0.6609156580842668,"[0, 0, 0, 0]",4,False,,,,,199.86259234696627,63563545600,success,False
long_rvos/ddc213ba3f/2/3,long_rvos,ddc213ba3f,2,3,dynamic,"The baby is crawling on the carpet, playing with toys, then is picked up by the man and seated, before lying down again on the carpet.",PREDICTED_CANDIDATE_POINT_TEMPORAL,False,0.6865733334135639,0.6352579827549696,0.6609156580842668,"[0, 0, 0, 0]",4,True,,"2:ddc213ba3f:[{""frame"":134,""point"":[0.984375,0.631875],""update"":true},{""frame"":269,""point"":[0.6989583333333333,0.811875],""update"":true},{""frame"":404,""point"":[0.446875,0.461875],""update"":true},{""frame"":539,""point"":[0.0010416666666666667,0.489375],""update"":true}]",long_rvos/ddc213ba3f/2/3,PREDICTED_CANDIDATE_POINT_STATIC,199.86259234696627,63563545600,success,False
long_rvos/e6f1a061ea/1/0,long_rvos,e6f1a061ea,1,0,static,"A little girl wearing a black outfit with a white butterfly print, along with a black skirt, sitting next to a girl in pink.",ORACLE_CANDIDATE,True,0.8014911321608256,0.7838123809587666,0.7926517565597961,[1],,,,,,,,,,
long_rvos/e6f1a061ea/1/0,long_rvos,e6f1a061ea,1,0,static,"A little girl wearing a black outfit with a white butterfly print, along with a black skirt, sitting next to a girl in pink.",ORACLE_ID_POINT,True,0.38782074262908345,0.40954832044209205,0.39868453153558775,"[1, 1, 1, 1]",2,True,,"1:e6f1a061ea:[{""frame"":133,""point"":[0.27265625,0.7510416666666667],""update"":true},{""frame"":266,""point"":[0.33984375,0.7135416666666666],""update"":true},{""frame"":399,""point"":null,""update"":false},{""frame"":533,""point"":null,""update"":false}]",long_rvos/e6f1a061ea/1/3,PREDICTED_CANDIDATE_POINT_TEMPORAL,146.66832833737135,62604813312,success,False
long_rvos/e6f1a061ea/1/0,long_rvos,e6f1a061ea,1,0,static,"A little girl wearing a black outfit with a white butterfly print, along with a black skirt, sitting next to a girl in pink.",PREDICTED_CANDIDATE_DIRECT_STATIC,False,0.6362018795305102,0.6549199484788941,0.6455609140047022,"[1, 1, 0, 0]",,,,,,,,,,
long_rvos/e6f1a061ea/1/0,long_rvos,e6f1a061ea,1,0,static,"A little girl wearing a black outfit with a white butterfly print, along with a black skirt, sitting next to a girl in pink.",PREDICTED_CANDIDATE_DIRECT_TEMPORAL,False,0.6362018795305102,0.6549199484788941,0.6455609140047022,"[1, 1, 0, 0]",,,,,,,,,,
long_rvos/e6f1a061ea/1/0,long_rvos,e6f1a061ea,1,0,static,"A little girl wearing a black outfit with a white butterfly print, along with a black skirt, sitting next to a girl in pink.",PREDICTED_CANDIDATE_POINT_STATIC,False,0.38782074262908345,0.40954832044209205,0.39868453153558775,"[1, 1, 0, 0]",2,True,,"1:e6f1a061ea:[{""frame"":133,""point"":[0.27265625,0.7510416666666667],""update"":true},{""frame"":266,""point"":[0.33984375,0.7135416666666666],""update"":true},{""frame"":399,""point"":null,""update"":false},{""frame"":533,""point"":null,""update"":false}]",long_rvos/e6f1a061ea/1/3,PREDICTED_CANDIDATE_POINT_TEMPORAL,146.66832833737135,62604813312,success,False
long_rvos/e6f1a061ea/1/0,long_rvos,e6f1a061ea,1,0,static,"A little girl wearing a black outfit with a white butterfly print, along with a black skirt, sitting next to a girl in pink.",PREDICTED_CANDIDATE_POINT_TEMPORAL,False,0.38782074262908345,0.40954832044209205,0.39868453153558775,"[1, 1, 0, 0]",2,True,,"1:e6f1a061ea:[{""frame"":133,""point"":[0.27265625,0.7510416666666667],""update"":true},{""frame"":266,""point"":[0.33984375,0.7135416666666666],""update"":true},{""frame"":399,""point"":null,""update"":false},{""frame"":533,""point"":null,""update"":false}]",long_rvos/e6f1a061ea/1/3,PREDICTED_CANDIDATE_POINT_TEMPORAL,146.66832833737135,62604813312,success,False
long_rvos/e6f1a061ea/1/1,long_rvos,e6f1a061ea,1,1,dynamic,"The girl initially holds onto the railing with one hand while tapping it with the other, then leans back against the woman beside her, sits on her lap, and finally has her head held by a hand.",ORACLE_CANDIDATE,True,0.7869578416258574,0.7681750943924797,0.7775664680091685,[1],,,,,,,,,,
long_rvos/e6f1a061ea/1/1,long_rvos,e6f1a061ea,1,1,dynamic,"The girl initially holds onto the railing with one hand while tapping it with the other, then leans back against the woman beside her, sits on her lap, and finally has her head held by a hand.",ORACLE_ID_POINT,True,0.3877078307283952,0.4093744796846684,0.39854115520653177,"[1, 1, 1, 1]",2,True,,"1:e6f1a061ea:[{""frame"":133,""point"":[0.27265625,0.7510416666666667],""update"":true},{""frame"":266,""point"":[0.34140625,0.7114583333333333],""update"":true},{""frame"":399,""point"":null,""update"":false},{""frame"":533,""point"":null,""update"":false}]",long_rvos/e6f1a061ea/1/1,PREDICTED_CANDIDATE_POINT_STATIC,145.2548795118928,62604813312,success,False
long_rvos/e6f1a061ea/1/1,long_rvos,e6f1a061ea,1,1,dynamic,"The girl initially holds onto the railing with one hand while tapping it with the other, then leans back against the woman beside her, sits on her lap, and finally has her head held by a hand.",PREDICTED_CANDIDATE_DIRECT_STATIC,False,0.6219362982336742,0.6391194356727916,0.6305278669532329,"[1, 1, 0, 0]",,,,,,,,,,
long_rvos/e6f1a061ea/1/1,long_rvos,e6f1a061ea,1,1,dynamic,"The girl initially holds onto the railing with one hand while tapping it with the other, then leans back against the woman beside her, sits on her lap, and finally has her head held by a hand.",PREDICTED_CANDIDATE_DIRECT_TEMPORAL,False,0.6219362982336742,0.6391194356727916,0.6305278669532329,"[1, 1, 0, 0]",,,,,,,,,,
long_rvos/e6f1a061ea/1/1,long_rvos,e6f1a061ea,1,1,dynamic,"The girl initially holds onto the railing with one hand while tapping it with the other, then leans back against the woman beside her, sits on her lap, and finally has her head held by a hand.",PREDICTED_CANDIDATE_POINT_STATIC,False,0.3877078307283952,0.4093744796846684,0.39854115520653177,"[1, 1, 0, 0]",2,False,,,,,145.2548795118928,62604813312,success,False
long_rvos/e6f1a061ea/1/1,long_rvos,e6f1a061ea,1,1,dynamic,"The girl initially holds onto the railing with one hand while tapping it with the other, then leans back against the woman beside her, sits on her lap, and finally has her head held by a hand.",PREDICTED_CANDIDATE_POINT_TEMPORAL,False,0.3877078307283952,0.4093744796846684,0.39854115520653177,"[1, 1, 0, 0]",2,True,,"1:e6f1a061ea:[{""frame"":133,""point"":[0.27265625,0.7510416666666667],""update"":true},{""frame"":266,""point"":[0.34140625,0.7114583333333333],""update"":true},{""frame"":399,""point"":null,""update"":false},{""frame"":533,""point"":null,""update"":false}]",long_rvos/e6f1a061ea/1/1,PREDICTED_CANDIDATE_POINT_STATIC,145.2548795118928,62604813312,success,False
long_rvos/e6f1a061ea/1/2,long_rvos,e6f1a061ea,1,2,static,A little girl with black hair wearing black clothes.,ORACLE_CANDIDATE,True,0.8014911321608256,0.7838123809587666,0.7926517565597961,[1],,,,,,,,,,
long_rvos/e6f1a061ea/1/2,long_rvos,e6f1a061ea,1,2,static,A little girl with black hair wearing black clothes.,ORACLE_ID_POINT,True,0.38782074262908345,0.40954832044209205,0.39868453153558775,"[1, 1, 1, 1]",2,True,,"1:e6f1a061ea:[{""frame"":133,""point"":[0.27265625,0.7510416666666667],""update"":true},{""frame"":266,""point"":[0.33984375,0.7135416666666666],""update"":true},{""frame"":399,""point"":null,""update"":false},{""frame"":533,""point"":null,""update"":false}]",long_rvos/e6f1a061ea/1/3,PREDICTED_CANDIDATE_POINT_TEMPORAL,146.66832833737135,62604813312,success,False
long_rvos/e6f1a061ea/1/2,long_rvos,e6f1a061ea,1,2,static,A little girl with black hair wearing black clothes.,PREDICTED_CANDIDATE_DIRECT_STATIC,False,0.6362018795305102,0.6549199484788941,0.6455609140047022,"[1, 1, 0, 0]",,,,,,,,,,
long_rvos/e6f1a061ea/1/2,long_rvos,e6f1a061ea,1,2,static,A little girl with black hair wearing black clothes.,PREDICTED_CANDIDATE_DIRECT_TEMPORAL,False,0.6362018795305102,0.6549199484788941,0.6455609140047022,"[1, 1, 0, 0]",,,,,,,,,,
long_rvos/e6f1a061ea/1/2,long_rvos,e6f1a061ea,1,2,static,A little girl with black hair wearing black clothes.,PREDICTED_CANDIDATE_POINT_STATIC,False,0.38782074262908345,0.40954832044209205,0.39868453153558775,"[1, 1, 0, 0]",2,True,,"1:e6f1a061ea:[{""frame"":133,""point"":[0.27265625,0.7510416666666667],""update"":true},{""frame"":266,""point"":[0.33984375,0.7135416666666666],""update"":true},{""frame"":399,""point"":null,""update"":false},{""frame"":533,""point"":null,""update"":false}]",long_rvos/e6f1a061ea/1/3,PREDICTED_CANDIDATE_POINT_TEMPORAL,146.66832833737135,62604813312,success,False
long_rvos/e6f1a061ea/1/2,long_rvos,e6f1a061ea,1,2,static,A little girl with black hair wearing black clothes.,PREDICTED_CANDIDATE_POINT_TEMPORAL,False,0.38782074262908345,0.40954832044209205,0.39868453153558775,"[1, 1, 0, 0]",2,True,,"1:e6f1a061ea:[{""frame"":133,""point"":[0.27265625,0.7510416666666667],""update"":true},{""frame"":266,""point"":[0.33984375,0.7135416666666666],""update"":true},{""frame"":399,""point"":null,""update"":false},{""frame"":533,""point"":null,""update"":false}]",long_rvos/e6f1a061ea/1/3,PREDICTED_CANDIDATE_POINT_TEMPORAL,146.66832833737135,62604813312,success,False
long_rvos/e6f1a061ea/1/20,long_rvos,e6f1a061ea,1,20,hybrid,"A girl in a black butterfly outfit sits by a girl in pink, holds the railing, and leans on a woman.",ORACLE_CANDIDATE,True,0.7869578416258574,0.7681750943924797,0.7775664680091685,[1],,,,,,,,,,
long_rvos/e6f1a061ea/1/20,long_rvos,e6f1a061ea,1,20,hybrid,"A girl in a black butterfly outfit sits by a girl in pink, holds the railing, and leans on a woman.",ORACLE_ID_POINT,True,0.3877078307283952,0.4093744796846684,0.39854115520653177,"[1, 1, 1, 1]",2,True,,"1:e6f1a061ea:[{""frame"":133,""point"":[0.27265625,0.7510416666666667],""update"":true},{""frame"":266,""point"":[0.34140625,0.7114583333333333],""update"":true},{""frame"":399,""point"":null,""update"":false},{""frame"":533,""point"":null,""update"":false}]",long_rvos/e6f1a061ea/1/1,PREDICTED_CANDIDATE_POINT_STATIC,145.2548795118928,62604813312,success,False
long_rvos/e6f1a061ea/1/20,long_rvos,e6f1a061ea,1,20,hybrid,"A girl in a black butterfly outfit sits by a girl in pink, holds the railing, and leans on a woman.",PREDICTED_CANDIDATE_DIRECT_STATIC,False,0.6219362982336742,0.6391194356727916,0.6305278669532329,"[1, 1, 0, 0]",,,,,,,,,,
long_rvos/e6f1a061ea/1/20,long_rvos,e6f1a061ea,1,20,hybrid,"A girl in a black butterfly outfit sits by a girl in pink, holds the railing, and leans on a woman.",PREDICTED_CANDIDATE_DIRECT_TEMPORAL,False,0.6219362982336742,0.6391194356727916,0.6305278669532329,"[1, 1, 0, 0]",,,,,,,,,,
long_rvos/e6f1a061ea/1/20,long_rvos,e6f1a061ea,1,20,hybrid,"A girl in a black butterfly outfit sits by a girl in pink, holds the railing, and leans on a woman.",PREDICTED_CANDIDATE_POINT_STATIC,False,0.3877078307283952,0.4093744796846684,0.39854115520653177,"[1, 1, 0, 0]",2,True,,"1:e6f1a061ea:[{""frame"":133,""point"":[0.27265625,0.7510416666666667],""update"":true},{""frame"":266,""point"":[0.34140625,0.7114583333333333],""update"":true},{""frame"":399,""point"":null,""update"":false},{""frame"":533,""point"":null,""update"":false}]",long_rvos/e6f1a061ea/1/1,PREDICTED_CANDIDATE_POINT_STATIC,145.2548795118928,62604813312,success,False
long_rvos/e6f1a061ea/1/20,long_rvos,e6f1a061ea,1,20,hybrid,"A girl in a black butterfly outfit sits by a girl in pink, holds the railing, and leans on a woman.",PREDICTED_CANDIDATE_POINT_TEMPORAL,False,0.3877078307283952,0.4093744796846684,0.39854115520653177,"[1, 1, 0, 0]",2,True,,"1:e6f1a061ea:[{""frame"":133,""point"":[0.27265625,0.7510416666666667],""update"":true},{""frame"":266,""point"":[0.34140625,0.7114583333333333],""update"":true},{""frame"":399,""point"":null,""update"":false},{""frame"":533,""point"":null,""update"":false}]",long_rvos/e6f1a061ea/1/1,PREDICTED_CANDIDATE_POINT_STATIC,145.2548795118928,62604813312,success,False
long_rvos/e6f1a061ea/1/21,long_rvos,e6f1a061ea,1,21,hybrid,"A black-haired girl in black holds the railing, plays with someone, and puts her foot on their leg.",ORACLE_CANDIDATE,True,0.0,0.0,0.0,[null],,,,,,,,,,
long_rvos/e6f1a061ea/1/21,long_rvos,e6f1a061ea,1,21,hybrid,"A black-haired girl in black holds the railing, plays with someone, and puts her foot on their leg.",ORACLE_ID_POINT,True,0.265625,0.265625,0.265625,"[None, None, None, None]",0,True,,"1:e6f1a061ea:[{""frame"":133,""point"":null,""update"":false},{""frame"":266,""point"":null,""update"":false},{""frame"":399,""point"":null,""update"":false},{""frame"":533,""point"":null,""update"":false}]",long_rvos/e6f1a061ea/1/21,PREDICTED_CANDIDATE_POINT_STATIC,29.794736303389072,8521705984,success,False
long_rvos/e6f1a061ea/1/21,long_rvos,e6f1a061ea,1,21,hybrid,"A black-haired girl in black holds the railing, plays with someone, and puts her foot on their leg.",PREDICTED_CANDIDATE_DIRECT_STATIC,False,0.265625,0.265625,0.265625,"[null, null, null, null]",,,,,,,,,,
long_rvos/e6f1a061ea/1/21,long_rvos,e6f1a061ea,1,21,hybrid,"A black-haired girl in black holds the railing, plays with someone, and puts her foot on their leg.",PREDICTED_CANDIDATE_DIRECT_TEMPORAL,False,0.265625,0.265625,0.265625,"[null, null, null, null]",,,,,,,,,,
long_rvos/e6f1a061ea/1/21,long_rvos,e6f1a061ea,1,21,hybrid,"A black-haired girl in black holds the railing, plays with someone, and puts her foot on their leg.",PREDICTED_CANDIDATE_POINT_STATIC,False,0.265625,0.265625,0.265625,"[None, None, None, None]",0,False,,,,,29.794736303389072,8521705984,success,False
long_rvos/e6f1a061ea/1/21,long_rvos,e6f1a061ea,1,21,hybrid,"A black-haired girl in black holds the railing, plays with someone, and puts her foot on their leg.",PREDICTED_CANDIDATE_POINT_TEMPORAL,False,0.265625,0.265625,0.265625,"[None, None, None, None]",0,True,,"1:e6f1a061ea:[{""frame"":133,""point"":null,""update"":false},{""frame"":266,""point"":null,""update"":false},{""frame"":399,""point"":null,""update"":false},{""frame"":533,""point"":null,""update"":false}]",long_rvos/e6f1a061ea/1/21,PREDICTED_CANDIDATE_POINT_STATIC,29.794736303389072,8521705984,success,False
long_rvos/e6f1a061ea/1/3,long_rvos,e6f1a061ea,1,3,dynamic,"The little girl is holding the railing and playing with a person beside her, putting her foot on their leg.",ORACLE_CANDIDATE,True,0.8014911321608256,0.7838123809587666,0.7926517565597961,[1],,,,,,,,,,
long_rvos/e6f1a061ea/1/3,long_rvos,e6f1a061ea,1,3,dynamic,"The little girl is holding the railing and playing with a person beside her, putting her foot on their leg.",ORACLE_ID_POINT,True,0.38782074262908345,0.40954832044209205,0.39868453153558775,"[1, 1, 1, 1]",2,True,,"1:e6f1a061ea:[{""frame"":133,""point"":[0.27265625,0.7510416666666667],""update"":true},{""frame"":266,""point"":[0.33984375,0.7135416666666666],""update"":true},{""frame"":399,""point"":null,""update"":false},{""frame"":533,""point"":null,""update"":false}]",long_rvos/e6f1a061ea/1/3,PREDICTED_CANDIDATE_POINT_TEMPORAL,146.66832833737135,62604813312,success,False
long_rvos/e6f1a061ea/1/3,long_rvos,e6f1a061ea,1,3,dynamic,"The little girl is holding the railing and playing with a person beside her, putting her foot on their leg.",PREDICTED_CANDIDATE_DIRECT_STATIC,False,0.45600020789551476,0.4753718054832455,0.4656860066893801,"[1, 0, 0, 0]",,,,,,,,,,
long_rvos/e6f1a061ea/1/3,long_rvos,e6f1a061ea,1,3,dynamic,"The little girl is holding the railing and playing with a person beside her, putting her foot on their leg.",PREDICTED_CANDIDATE_DIRECT_TEMPORAL,False,0.6362018795305102,0.6549199484788941,0.6455609140047022,"[1, 1, 0, 0]",,,,,,,,,,
long_rvos/e6f1a061ea/1/3,long_rvos,e6f1a061ea,1,3,dynamic,"The little girl is holding the railing and playing with a person beside her, putting her foot on their leg.",PREDICTED_CANDIDATE_POINT_STATIC,False,0.2806648824373239,0.27937312966371,0.28001900605051694,"[1, 0, 0, 0]",2,False,,,,,145.35364450514317,62604813312,success,False
long_rvos/e6f1a061ea/1/3,long_rvos,e6f1a061ea,1,3,dynamic,"The little girl is holding the railing and playing with a person beside her, putting her foot on their leg.",PREDICTED_CANDIDATE_POINT_TEMPORAL,False,0.38782074262908345,0.40954832044209205,0.39868453153558775,"[1, 1, 0, 0]",2,False,,,,,146.66832833737135,62604813312,success,False
long_rvos/e9b78ad8e7/1/0,long_rvos,e9b78ad8e7,1,0,static,"A man wearing a blue outfit, inside a house",ORACLE_CANDIDATE,True,0.5235571687528093,0.5684126775806013,0.5459849231667053,[0],,,,,,,,,,
long_rvos/e9b78ad8e7/1/0,long_rvos,e9b78ad8e7,1,0,static,"A man wearing a blue outfit, inside a house",ORACLE_ID_POINT,True,0.1816223000077794,0.20286976119504774,0.19224603060141357,"[0, 0, 0, 0]",2,True,,"1:e9b78ad8e7:[{""frame"":110,""point"":[0.53359375,0.5930555555555556],""update"":true},{""frame"":220,""point"":[0.50703125,0.6875],""update"":true},{""frame"":330,""point"":null,""update"":false},{""frame"":440,""point"":null,""update"":false}]",long_rvos/e9b78ad8e7/1/1,ORACLE_ID_POINT,116.55787562578917,52793152512,success,False
long_rvos/e9b78ad8e7/1/0,long_rvos,e9b78ad8e7,1,0,static,"A man wearing a blue outfit, inside a house",PREDICTED_CANDIDATE_DIRECT_STATIC,False,0.8610437159579404,0.9017551395245613,0.8813994277412509,"[0, 2, 3, 0]",,,,,,,,,,
long_rvos/e9b78ad8e7/1/0,long_rvos,e9b78ad8e7,1,0,static,"A man wearing a blue outfit, inside a house",PREDICTED_CANDIDATE_DIRECT_TEMPORAL,False,0.3479119924060573,0.4014325983625264,0.37467229538429186,"[1, 1, 4, 0]",,,,,,,,,,
long_rvos/e9b78ad8e7/1/0,long_rvos,e9b78ad8e7,1,0,static,"A man wearing a blue outfit, inside a house",PREDICTED_CANDIDATE_POINT_STATIC,False,0.3830218303208216,0.40411627976163644,0.393569055041229,"[0, 2, 3, 0]",2,False,,,,,111.84058931469917,52793152512,success,False
long_rvos/e9b78ad8e7/1/0,long_rvos,e9b78ad8e7,1,0,static,"A man wearing a blue outfit, inside a house",PREDICTED_CANDIDATE_POINT_TEMPORAL,False,0.0942447294431521,0.11561234328442899,0.10492853636379054,"[1, 1, 4, 0]",3,True,,"1:e9b78ad8e7:[{""frame"":110,""point"":[0.50390625,0.7041666666666667],""update"":true},{""frame"":220,""point"":[0.51796875,0.7569444444444444],""update"":true},{""frame"":330,""point"":[0.53828125,0.9125],""update"":true},{""frame"":440,""point"":null,""update"":false}]",long_rvos/e9b78ad8e7/1/1,PREDICTED_CANDIDATE_POINT_TEMPORAL,145.6395681500435,53104565248,success,False
long_rvos/e9b78ad8e7/1/1,long_rvos,e9b78ad8e7,1,1,dynamic,The man is carrying items into the house from the doorway,ORACLE_CANDIDATE,True,0.5235571687528093,0.5684126775806013,0.5459849231667053,[0],,,,,,,,,,
long_rvos/e9b78ad8e7/1/1,long_rvos,e9b78ad8e7,1,1,dynamic,The man is carrying items into the house from the doorway,ORACLE_ID_POINT,True,0.1816223000077794,0.20286976119504774,0.19224603060141357,"[0, 0, 0, 0]",2,False,,,,,116.55787562578917,52793152512,success,False
long_rvos/e9b78ad8e7/1/1,long_rvos,e9b78ad8e7,1,1,dynamic,The man is carrying items into the house from the doorway,PREDICTED_CANDIDATE_DIRECT_STATIC,False,0.7653948444301626,0.8080051395245613,0.786699991977362,"[0, 0, 3, 0]",,,,,,,,,,
long_rvos/e9b78ad8e7/1/1,long_rvos,e9b78ad8e7,1,1,dynamic,The man is carrying items into the house from the doorway,PREDICTED_CANDIDATE_DIRECT_TEMPORAL,False,0.3479119924060573,0.4014325983625264,0.37467229538429186,"[1, 1, 4, 0]",,,,,,,,,,
long_rvos/e9b78ad8e7/1/1,long_rvos,e9b78ad8e7,1,1,dynamic,The man is carrying items into the house from the doorway,PREDICTED_CANDIDATE_POINT_STATIC,False,0.19580109925394218,0.21826892737741985,0.20703501331568103,"[0, 0, 3, 0]",3,False,,,,,156.3811817765236,53104565248,success,False
long_rvos/e9b78ad8e7/1/1,long_rvos,e9b78ad8e7,1,1,dynamic,The man is carrying items into the house from the doorway,PREDICTED_CANDIDATE_POINT_TEMPORAL,False,0.0942447294431521,0.11561234328442899,0.10492853636379054,"[1, 1, 4, 0]",3,False,,,,,145.6395681500435,53104565248,success,False
long_rvos/e9b78ad8e7/1/6,long_rvos,e9b78ad8e7,1,6,hybrid,A man wearing a blue outfit is carrying items into the house from the doorway.,ORACLE_CANDIDATE,True,0.5235571687528093,0.5684126775806013,0.5459849231667053,[0],,,,,,,,,,
long_rvos/e9b78ad8e7/1/6,long_rvos,e9b78ad8e7,1,6,hybrid,A man wearing a blue outfit is carrying items into the house from the doorway.,ORACLE_ID_POINT,True,0.1816223000077794,0.20286976119504774,0.19224603060141357,"[0, 0, 0, 0]",2,True,,"1:e9b78ad8e7:[{""frame"":110,""point"":[0.53359375,0.5930555555555556],""update"":true},{""frame"":220,""point"":[0.50703125,0.6875],""update"":true},{""frame"":330,""point"":null,""update"":false},{""frame"":440,""point"":null,""update"":false}]",long_rvos/e9b78ad8e7/1/1,ORACLE_ID_POINT,116.55787562578917,52793152512,success,False
long_rvos/e9b78ad8e7/1/6,long_rvos,e9b78ad8e7,1,6,hybrid,A man wearing a blue outfit is carrying items into the house from the doorway.,PREDICTED_CANDIDATE_DIRECT_STATIC,False,0.7653948444301626,0.8080051395245613,0.786699991977362,"[0, 0, 3, 0]",,,,,,,,,,
long_rvos/e9b78ad8e7/1/6,long_rvos,e9b78ad8e7,1,6,hybrid,A man wearing a blue outfit is carrying items into the house from the doorway.,PREDICTED_CANDIDATE_DIRECT_TEMPORAL,False,0.3479119924060573,0.4014325983625264,0.37467229538429186,"[1, 1, 4, 0]",,,,,,,,,,
long_rvos/e9b78ad8e7/1/6,long_rvos,e9b78ad8e7,1,6,hybrid,A man wearing a blue outfit is carrying items into the house from the doorway.,PREDICTED_CANDIDATE_POINT_STATIC,False,0.19580109925394218,0.21826892737741985,0.20703501331568103,"[0, 0, 3, 0]",3,True,,"1:e9b78ad8e7:[{""frame"":110,""point"":[0.53359375,0.5930555555555556],""update"":true},{""frame"":220,""point"":[0.50703125,0.6875],""update"":true},{""frame"":330,""point"":[0.41796875,0.6541666666666667],""update"":true},{""frame"":440,""point"":null,""update"":false}]",long_rvos/e9b78ad8e7/1/1,PREDICTED_CANDIDATE_POINT_STATIC,156.3811817765236,53104565248,success,False
long_rvos/e9b78ad8e7/1/6,long_rvos,e9b78ad8e7,1,6,hybrid,A man wearing a blue outfit is carrying items into the house from the doorway.,PREDICTED_CANDIDATE_POINT_TEMPORAL,False,0.0942447294431521,0.11561234328442899,0.10492853636379054,"[1, 1, 4, 0]",3,True,,"1:e9b78ad8e7:[{""frame"":110,""point"":[0.50390625,0.7041666666666667],""update"":true},{""frame"":220,""point"":[0.51796875,0.7569444444444444],""update"":true},{""frame"":330,""point"":[0.53828125,0.9125],""update"":true},{""frame"":440,""point"":null,""update"":false}]",long_rvos/e9b78ad8e7/1/1,PREDICTED_CANDIDATE_POINT_TEMPORAL,145.6395681500435,53104565248,success,False
long_rvos/f3864705c4/3/13,long_rvos,f3864705c4,3,13,hybrid,A red toy car remains stationary on the ground.,ORACLE_CANDIDATE,True,0.8914998480120598,0.9511743216707875,0.9213370848414237,[0],,,,,,,,,,
long_rvos/f3864705c4/3/13,long_rvos,f3864705c4,3,13,hybrid,A red toy car remains stationary on the ground.,ORACLE_ID_POINT,True,0.5072431273705924,0.543024915221701,0.5251340212961467,"[0, 0, 0, 0]",4,True,,"3:f3864705c4:[{""frame"":155,""point"":[0.17578125,0.378125],""update"":true},{""frame"":311,""point"":[0.09453125,0.3302083333333333],""update"":true},{""frame"":467,""point"":[0.08046875,0.421875],""update"":true},{""frame"":623,""point"":[0.09140625,0.36354166666666665],""update"":true}]",long_rvos/f3864705c4/3/13,PREDICTED_CANDIDATE_POINT_STATIC,245.6345699802041,72343307264,success,False
long_rvos/f3864705c4/3/13,long_rvos,f3864705c4,3,13,hybrid,A red toy car remains stationary on the ground.,PREDICTED_CANDIDATE_DIRECT_STATIC,False,0.8914998480120598,0.9511743216707875,0.9213370848414237,"[0, 0, 0, 0]",,,,,,,,,,
long_rvos/f3864705c4/3/13,long_rvos,f3864705c4,3,13,hybrid,A red toy car remains stationary on the ground.,PREDICTED_CANDIDATE_DIRECT_TEMPORAL,False,0.8914998480120598,0.9511743216707875,0.9213370848414237,"[0, 0, 0, 0]",,,,,,,,,,
long_rvos/f3864705c4/3/13,long_rvos,f3864705c4,3,13,hybrid,A red toy car remains stationary on the ground.,PREDICTED_CANDIDATE_POINT_STATIC,False,0.5072431273705924,0.543024915221701,0.5251340212961467,"[0, 0, 0, 0]",4,False,,,,,245.6345699802041,72343307264,success,False
long_rvos/f3864705c4/3/13,long_rvos,f3864705c4,3,13,hybrid,A red toy car remains stationary on the ground.,PREDICTED_CANDIDATE_POINT_TEMPORAL,False,0.5072431273705924,0.543024915221701,0.5251340212961467,"[0, 0, 0, 0]",4,True,,"3:f3864705c4:[{""frame"":155,""point"":[0.17578125,0.378125],""update"":true},{""frame"":311,""point"":[0.09453125,0.3302083333333333],""update"":true},{""frame"":467,""point"":[0.08046875,0.421875],""update"":true},{""frame"":623,""point"":[0.09140625,0.36354166666666665],""update"":true}]",long_rvos/f3864705c4/3/13,PREDICTED_CANDIDATE_POINT_STATIC,245.6345699802041,72343307264,success,False
long_rvos/f3864705c4/3/7,long_rvos,f3864705c4,3,7,static,A red toy car.,ORACLE_CANDIDATE,True,0.8914998480120598,0.9511743216707875,0.9213370848414237,[0],,,,,,,,,,
long_rvos/f3864705c4/3/7,long_rvos,f3864705c4,3,7,static,A red toy car.,ORACLE_ID_POINT,True,0.5072431273705924,0.543024915221701,0.5251340212961467,"[0, 0, 0, 0]",4,True,,"3:f3864705c4:[{""frame"":155,""point"":[0.17578125,0.378125],""update"":true},{""frame"":311,""point"":[0.09453125,0.3302083333333333],""update"":true},{""frame"":467,""point"":[0.08046875,0.421875],""update"":true},{""frame"":623,""point"":[0.09140625,0.36354166666666665],""update"":true}]",long_rvos/f3864705c4/3/13,PREDICTED_CANDIDATE_POINT_STATIC,245.6345699802041,72343307264,success,False
long_rvos/f3864705c4/3/7,long_rvos,f3864705c4,3,7,static,A red toy car.,PREDICTED_CANDIDATE_DIRECT_STATIC,False,0.8914998480120598,0.9511743216707875,0.9213370848414237,"[0, 0, 0, 0]",,,,,,,,,,
long_rvos/f3864705c4/3/7,long_rvos,f3864705c4,3,7,static,A red toy car.,PREDICTED_CANDIDATE_DIRECT_TEMPORAL,False,0.8914998480120598,0.9511743216707875,0.9213370848414237,"[0, 0, 0, 0]",,,,,,,,,,
long_rvos/f3864705c4/3/7,long_rvos,f3864705c4,3,7,static,A red toy car.,PREDICTED_CANDIDATE_POINT_STATIC,False,0.5072431273705924,0.543024915221701,0.5251340212961467,"[0, 0, 0, 0]",4,True,,"3:f3864705c4:[{""frame"":155,""point"":[0.17578125,0.378125],""update"":true},{""frame"":311,""point"":[0.09453125,0.3302083333333333],""update"":true},{""frame"":467,""point"":[0.08046875,0.421875],""update"":true},{""frame"":623,""point"":[0.09140625,0.36354166666666665],""update"":true}]",long_rvos/f3864705c4/3/13,PREDICTED_CANDIDATE_POINT_STATIC,245.6345699802041,72343307264,success,False
long_rvos/f3864705c4/3/7,long_rvos,f3864705c4,3,7,static,A red toy car.,PREDICTED_CANDIDATE_POINT_TEMPORAL,False,0.5072431273705924,0.543024915221701,0.5251340212961467,"[0, 0, 0, 0]",4,True,,"3:f3864705c4:[{""frame"":155,""point"":[0.17578125,0.378125],""update"":true},{""frame"":311,""point"":[0.09453125,0.3302083333333333],""update"":true},{""frame"":467,""point"":[0.08046875,0.421875],""update"":true},{""frame"":623,""point"":[0.09140625,0.36354166666666665],""update"":true}]",long_rvos/f3864705c4/3/13,PREDICTED_CANDIDATE_POINT_STATIC,245.6345699802041,72343307264,success,False
long_rvos/f3864705c4/3/8,long_rvos,f3864705c4,3,8,dynamic,"The toy car is stationary on the ground, near a toy table.",ORACLE_CANDIDATE,True,0.06183403293509848,0.0625,0.06216701646754924,[0],,,,,,,,,,
long_rvos/f3864705c4/3/8,long_rvos,f3864705c4,3,8,dynamic,"The toy car is stationary on the ground, near a toy table.",ORACLE_ID_POINT,True,0.046875,0.046875,0.046875,"[0, 0, 0, 0]",0,True,True,"f3864705c4:[{""frame"":155,""point"":null,""update"":false},{""frame"":311,""point"":null,""update"":false},{""frame"":467,""point"":null,""update"":false},{""frame"":623,""point"":null,""update"":false}]",,temporal_update_k4,41.52459406107664,9070701056,success,False
long_rvos/f3864705c4/3/8,long_rvos,f3864705c4,3,8,dynamic,"The toy car is stationary on the ground, near a toy table.",PREDICTED_CANDIDATE_DIRECT_STATIC,False,0.06183403293509848,0.0625,0.06216701646754924,"[0, 0, 0, 0]",,,,,,,,,,
long_rvos/f3864705c4/3/8,long_rvos,f3864705c4,3,8,dynamic,"The toy car is stationary on the ground, near a toy table.",PREDICTED_CANDIDATE_DIRECT_TEMPORAL,False,0.06183403293509848,0.0625,0.06216701646754924,"[0, 0, 0, 0]",,,,,,,,,,
long_rvos/f3864705c4/3/8,long_rvos,f3864705c4,3,8,dynamic,"The toy car is stationary on the ground, near a toy table.",PREDICTED_CANDIDATE_POINT_STATIC,False,0.046875,0.046875,0.046875,"[0, 0, 0, 0]",0,True,True,"f3864705c4:[{""frame"":155,""point"":null,""update"":false},{""frame"":311,""point"":null,""update"":false},{""frame"":467,""point"":null,""update"":false},{""frame"":623,""point"":null,""update"":false}]",,temporal_update_k4,41.52459406107664,9070701056,success,False
long_rvos/f3864705c4/3/8,long_rvos,f3864705c4,3,8,dynamic,"The toy car is stationary on the ground, near a toy table.",PREDICTED_CANDIDATE_POINT_TEMPORAL,False,0.046875,0.046875,0.046875,"[0, 0, 0, 0]",0,True,True,"f3864705c4:[{""frame"":155,""point"":null,""update"":false},{""frame"":311,""point"":null,""update"":false},{""frame"":467,""point"":null,""update"":false},{""frame"":623,""point"":null,""update"":false}]",,temporal_update_k4,41.52459406107664,9070701056,success,False
long_rvos/f3864705c4/3/9,long_rvos,f3864705c4,3,9,static,A toy car which is under a toy table.,ORACLE_CANDIDATE,True,0.0,0.0,0.0,[null],,,,,,,,,,
long_rvos/f3864705c4/3/9,long_rvos,f3864705c4,3,9,static,A toy car which is under a toy table.,ORACLE_ID_POINT,True,0.046875,0.046875,0.046875,"[None, None, None, None]",0,True,True,"f3864705c4:[{""frame"":155,""point"":null,""update"":false},{""frame"":311,""point"":null,""update"":false},{""frame"":467,""point"":null,""update"":false},{""frame"":623,""point"":null,""update"":false}]",,temporal_update_k4,41.52459406107664,9070701056,success,False
long_rvos/f3864705c4/3/9,long_rvos,f3864705c4,3,9,static,A toy car which is under a toy table.,PREDICTED_CANDIDATE_DIRECT_STATIC,False,0.046875,0.046875,0.046875,"[null, null, null, null]",,,,,,,,,,
long_rvos/f3864705c4/3/9,long_rvos,f3864705c4,3,9,static,A toy car which is under a toy table.,PREDICTED_CANDIDATE_DIRECT_TEMPORAL,False,0.046875,0.046875,0.046875,"[null, null, null, null]",,,,,,,,,,
long_rvos/f3864705c4/3/9,long_rvos,f3864705c4,3,9,static,A toy car which is under a toy table.,PREDICTED_CANDIDATE_POINT_STATIC,False,0.046875,0.046875,0.046875,"[None, None, None, None]",0,True,True,"f3864705c4:[{""frame"":155,""point"":null,""update"":false},{""frame"":311,""point"":null,""update"":false},{""frame"":467,""point"":null,""update"":false},{""frame"":623,""point"":null,""update"":false}]",,temporal_update_k4,41.52459406107664,9070701056,success,False
long_rvos/f3864705c4/3/9,long_rvos,f3864705c4,3,9,static,A toy car which is under a toy table.,PREDICTED_CANDIDATE_POINT_TEMPORAL,False,0.046875,0.046875,0.046875,"[None, None, None, None]",0,True,True,"f3864705c4:[{""frame"":155,""point"":null,""update"":false},{""frame"":311,""point"":null,""update"":false},{""frame"":467,""point"":null,""update"":false},{""frame"":623,""point"":null,""update"":false}]",,temporal_update_k4,41.52459406107664,9070701056,success,False
long_rvos/f771c97b16/6/20,long_rvos,f771c97b16,6,20,static,"A dog with a leash, with grass on the left and a man with a hat on the right.",ORACLE_CANDIDATE,True,0.8810496349611571,0.9301067605268613,0.9055781977440092,[0],,,,,,,,,,
long_rvos/f771c97b16/6/20,long_rvos,f771c97b16,6,20,static,"A dog with a leash, with grass on the left and a man with a hat on the right.",ORACLE_ID_POINT,True,0.6875,0.6875,0.6875,"[0, 0, 0, 0]",1,True,True,"f771c97b16:[{""frame"":125,""point"":null,""update"":false},{""frame"":250,""point"":null,""update"":false},{""frame"":375,""point"":[0.72109375,0.471875],""update"":true},{""frame"":500,""point"":null,""update"":false}]",,temporal_update_k4,57.3589608669281,12012305920,success,False
long_rvos/f771c97b16/6/20,long_rvos,f771c97b16,6,20,static,"A dog with a leash, with grass on the left and a man with a hat on the right.",PREDICTED_CANDIDATE_DIRECT_STATIC,False,0.8810496349611571,0.9301067605268613,0.9055781977440092,"[0, 0, 0, 0]",,,,,,,,,,
long_rvos/f771c97b16/6/20,long_rvos,f771c97b16,6,20,static,"A dog with a leash, with grass on the left and a man with a hat on the right.",PREDICTED_CANDIDATE_DIRECT_TEMPORAL,False,0.8810496349611571,0.9301067605268613,0.9055781977440092,"[0, 0, 0, 0]",,,,,,,,,,
long_rvos/f771c97b16/6/20,long_rvos,f771c97b16,6,20,static,"A dog with a leash, with grass on the left and a man with a hat on the right.",PREDICTED_CANDIDATE_POINT_STATIC,False,0.6875,0.6875,0.6875,"[0, 0, 0, 0]",1,True,True,"f771c97b16:[{""frame"":125,""point"":null,""update"":false},{""frame"":250,""point"":null,""update"":false},{""frame"":375,""point"":[0.72109375,0.471875],""update"":true},{""frame"":500,""point"":null,""update"":false}]",,temporal_update_k4,57.3589608669281,12012305920,success,False
long_rvos/f771c97b16/6/20,long_rvos,f771c97b16,6,20,static,"A dog with a leash, with grass on the left and a man with a hat on the right.",PREDICTED_CANDIDATE_POINT_TEMPORAL,False,0.6875,0.6875,0.6875,"[0, 0, 0, 0]",1,True,True,"f771c97b16:[{""frame"":125,""point"":null,""update"":false},{""frame"":250,""point"":null,""update"":false},{""frame"":375,""point"":[0.72109375,0.471875],""update"":true},{""frame"":500,""point"":null,""update"":false}]",,temporal_update_k4,57.3589608669281,12012305920,success,False
long_rvos/f771c97b16/6/21,long_rvos,f771c97b16,6,21,dynamic,"The dog is being walked by the man with a leash, running along the edge of the grass.",ORACLE_CANDIDATE,True,0.8810496349611571,0.9301067605268613,0.9055781977440092,[0],,,,,,,,,,
long_rvos/f771c97b16/6/21,long_rvos,f771c97b16,6,21,dynamic,"The dog is being walked by the man with a leash, running along the edge of the grass.",ORACLE_ID_POINT,True,0.6875,0.6875,0.6875,"[0, 0, 0, 0]",1,True,True,"f771c97b16:[{""frame"":125,""point"":null,""update"":false},{""frame"":250,""point"":null,""update"":false},{""frame"":375,""point"":[0.72109375,0.471875],""update"":true},{""frame"":500,""point"":null,""update"":false}]",,temporal_update_k4,57.3589608669281,12012305920,success,False
long_rvos/f771c97b16/6/21,long_rvos,f771c97b16,6,21,dynamic,"The dog is being walked by the man with a leash, running along the edge of the grass.",PREDICTED_CANDIDATE_DIRECT_STATIC,False,0.8810496349611571,0.9301067605268613,0.9055781977440092,"[0, 0, 0, 0]",,,,,,,,,,
long_rvos/f771c97b16/6/21,long_rvos,f771c97b16,6,21,dynamic,"The dog is being walked by the man with a leash, running along the edge of the grass.",PREDICTED_CANDIDATE_DIRECT_TEMPORAL,False,0.8810496349611571,0.9301067605268613,0.9055781977440092,"[0, 0, 0, 0]",,,,,,,,,,
long_rvos/f771c97b16/6/21,long_rvos,f771c97b16,6,21,dynamic,"The dog is being walked by the man with a leash, running along the edge of the grass.",PREDICTED_CANDIDATE_POINT_STATIC,False,0.6875,0.6875,0.6875,"[0, 0, 0, 0]",1,True,True,"f771c97b16:[{""frame"":125,""point"":null,""update"":false},{""frame"":250,""point"":null,""update"":false},{""frame"":375,""point"":[0.72109375,0.471875],""update"":true},{""frame"":500,""point"":null,""update"":false}]",,temporal_update_k4,57.3589608669281,12012305920,success,False
long_rvos/f771c97b16/6/21,long_rvos,f771c97b16,6,21,dynamic,"The dog is being walked by the man with a leash, running along the edge of the grass.",PREDICTED_CANDIDATE_POINT_TEMPORAL,False,0.6875,0.6875,0.6875,"[0, 0, 0, 0]",1,True,True,"f771c97b16:[{""frame"":125,""point"":null,""update"":false},{""frame"":250,""point"":null,""update"":false},{""frame"":375,""point"":[0.72109375,0.471875],""update"":true},{""frame"":500,""point"":null,""update"":false}]",,temporal_update_k4,57.3589608669281,12012305920,success,False
long_rvos/f771c97b16/6/22,long_rvos,f771c97b16,6,22,static,"A brownish-yellow dog, with its owner and a leash beside it.",ORACLE_CANDIDATE,True,0.8575856308288485,0.8996623882940424,0.8786240095614455,[0],,,,,,,,,,
long_rvos/f771c97b16/6/22,long_rvos,f771c97b16,6,22,static,"A brownish-yellow dog, with its owner and a leash beside it.",ORACLE_ID_POINT,True,0.6875,0.6875,0.6875,"[0, 0, 0, 0]",1,True,,"6:f771c97b16:[{""frame"":125,""point"":null,""update"":false},{""frame"":250,""point"":null,""update"":false},{""frame"":375,""point"":[0.72109375,0.4739583333333333],""update"":true},{""frame"":500,""point"":null,""update"":false}]",long_rvos/f771c97b16/6/22,PREDICTED_CANDIDATE_POINT_STATIC,60.15766341984272,12012301312,success,False
long_rvos/f771c97b16/6/22,long_rvos,f771c97b16,6,22,static,"A brownish-yellow dog, with its owner and a leash beside it.",PREDICTED_CANDIDATE_DIRECT_STATIC,False,0.8575856308288485,0.8996623882940424,0.8786240095614455,"[0, 0, 0, 0]",,,,,,,,,,
long_rvos/f771c97b16/6/22,long_rvos,f771c97b16,6,22,static,"A brownish-yellow dog, with its owner and a leash beside it.",PREDICTED_CANDIDATE_DIRECT_TEMPORAL,False,0.8575856308288485,0.8996623882940424,0.8786240095614455,"[0, 0, 0, 0]",,,,,,,,,,
long_rvos/f771c97b16/6/22,long_rvos,f771c97b16,6,22,static,"A brownish-yellow dog, with its owner and a leash beside it.",PREDICTED_CANDIDATE_POINT_STATIC,False,0.6875,0.6875,0.6875,"[0, 0, 0, 0]",1,False,,,,,60.15766341984272,12012301312,success,False
long_rvos/f771c97b16/6/22,long_rvos,f771c97b16,6,22,static,"A brownish-yellow dog, with its owner and a leash beside it.",PREDICTED_CANDIDATE_POINT_TEMPORAL,False,0.6875,0.6875,0.6875,"[0, 0, 0, 0]",1,True,,"6:f771c97b16:[{""frame"":125,""point"":null,""update"":false},{""frame"":250,""point"":null,""update"":false},{""frame"":375,""point"":[0.72109375,0.4739583333333333],""update"":true},{""frame"":500,""point"":null,""update"":false}]",long_rvos/f771c97b16/6/22,PREDICTED_CANDIDATE_POINT_STATIC,60.15766341984272,12012301312,success,False
long_rvos/f771c97b16/6/23,long_rvos,f771c97b16,6,23,dynamic,The dog is being led on a leash.,ORACLE_CANDIDATE,True,0.8810496349611571,0.9301067605268613,0.9055781977440092,[0],,,,,,,,,,
long_rvos/f771c97b16/6/23,long_rvos,f771c97b16,6,23,dynamic,The dog is being led on a leash.,ORACLE_ID_POINT,True,0.6875,0.6875,0.6875,"[0, 0, 0, 0]",1,True,True,"f771c97b16:[{""frame"":125,""point"":null,""update"":false},{""frame"":250,""point"":null,""update"":false},{""frame"":375,""point"":[0.72109375,0.471875],""update"":true},{""frame"":500,""point"":null,""update"":false}]",,temporal_update_k4,57.3589608669281,12012305920,success,False
long_rvos/f771c97b16/6/23,long_rvos,f771c97b16,6,23,dynamic,The dog is being led on a leash.,PREDICTED_CANDIDATE_DIRECT_STATIC,False,0.8810496349611571,0.9301067605268613,0.9055781977440092,"[0, 0, 0, 0]",,,,,,,,,,
long_rvos/f771c97b16/6/23,long_rvos,f771c97b16,6,23,dynamic,The dog is being led on a leash.,PREDICTED_CANDIDATE_DIRECT_TEMPORAL,False,0.8810496349611571,0.9301067605268613,0.9055781977440092,"[0, 0, 0, 0]",,,,,,,,,,
long_rvos/f771c97b16/6/23,long_rvos,f771c97b16,6,23,dynamic,The dog is being led on a leash.,PREDICTED_CANDIDATE_POINT_STATIC,False,0.6875,0.6875,0.6875,"[0, 0, 0, 0]",1,True,True,"f771c97b16:[{""frame"":125,""point"":null,""update"":false},{""frame"":250,""point"":null,""update"":false},{""frame"":375,""point"":[0.72109375,0.471875],""update"":true},{""frame"":500,""point"":null,""update"":false}]",,temporal_update_k4,57.3589608669281,12012305920,success,False
long_rvos/f771c97b16/6/23,long_rvos,f771c97b16,6,23,dynamic,The dog is being led on a leash.,PREDICTED_CANDIDATE_POINT_TEMPORAL,False,0.6875,0.6875,0.6875,"[0, 0, 0, 0]",1,True,True,"f771c97b16:[{""frame"":125,""point"":null,""update"":false},{""frame"":250,""point"":null,""update"":false},{""frame"":375,""point"":[0.72109375,0.471875],""update"":true},{""frame"":500,""point"":null,""update"":false}]",,temporal_update_k4,57.3589608669281,12012305920,success,False
long_rvos/f771c97b16/6/33,long_rvos,f771c97b16,6,33,hybrid,"A leashed brownish-yellow dog runs along the grassy edge, led by a man with a hat.",ORACLE_CANDIDATE,True,0.86771547952469,0.9142598213868997,0.8909876504557948,[0],,,,,,,,,,
long_rvos/f771c97b16/6/33,long_rvos,f771c97b16,6,33,hybrid,"A leashed brownish-yellow dog runs along the grassy edge, led by a man with a hat.",ORACLE_ID_POINT,True,0.6875,0.6875,0.6875,"[0, 0, 0, 0]",1,True,,"6:f771c97b16:[{""frame"":125,""point"":null,""update"":false},{""frame"":250,""point"":null,""update"":false},{""frame"":375,""point"":[0.72109375,0.471875],""update"":true},{""frame"":500,""point"":null,""update"":false}]",long_rvos/f771c97b16/6/20,ORACLE_ID_POINT,57.3589608669281,12012305920,success,False
long_rvos/f771c97b16/6/33,long_rvos,f771c97b16,6,33,hybrid,"A leashed brownish-yellow dog runs along the grassy edge, led by a man with a hat.",PREDICTED_CANDIDATE_DIRECT_STATIC,False,0.86771547952469,0.9142598213868997,0.8909876504557948,"[0, 0, 0, 0]",,,,,,,,,,
long_rvos/f771c97b16/6/33,long_rvos,f771c97b16,6,33,hybrid,"A leashed brownish-yellow dog runs along the grassy edge, led by a man with a hat.",PREDICTED_CANDIDATE_DIRECT_TEMPORAL,False,0.86771547952469,0.9142598213868997,0.8909876504557948,"[0, 0, 0, 0]",,,,,,,,,,
long_rvos/f771c97b16/6/33,long_rvos,f771c97b16,6,33,hybrid,"A leashed brownish-yellow dog runs along the grassy edge, led by a man with a hat.",PREDICTED_CANDIDATE_POINT_STATIC,False,0.6875,0.6875,0.6875,"[0, 0, 0, 0]",1,True,,"6:f771c97b16:[{""frame"":125,""point"":null,""update"":false},{""frame"":250,""point"":null,""update"":false},{""frame"":375,""point"":[0.72109375,0.471875],""update"":true},{""frame"":500,""point"":null,""update"":false}]",long_rvos/f771c97b16/6/20,ORACLE_ID_POINT,57.3589608669281,12012305920,success,False
long_rvos/f771c97b16/6/33,long_rvos,f771c97b16,6,33,hybrid,"A leashed brownish-yellow dog runs along the grassy edge, led by a man with a hat.",PREDICTED_CANDIDATE_POINT_TEMPORAL,False,0.6875,0.6875,0.6875,"[0, 0, 0, 0]",1,True,,"6:f771c97b16:[{""frame"":125,""point"":null,""update"":false},{""frame"":250,""point"":null,""update"":false},{""frame"":375,""point"":[0.72109375,0.471875],""update"":true},{""frame"":500,""point"":null,""update"":false}]",long_rvos/f771c97b16/6/20,ORACLE_ID_POINT,57.3589608669281,12012305920,success,False
