identity,dataset,split,video_id,object_id,expression_id,description_type,expression,order_sensitive,method,seed,candidate_hit,candidate_count,oracle_track_id,selected_track_id,selection_correct,J,F,J_and_F
groundmore/11fWvQ2tVvw_0150_0205/1__exp1/1,groundmore,test,11fWvQ2tVvw_0150_0205,1__exp1,1,sequential,Who eats a cracker from the cracker box after placing one cracker on the cheese palette?,1,mean_pool,ensemble,1,6,3,1,0,0.5,0.5,0.5
groundmore/11fWvQ2tVvw_0150_0205/1__exp1/1,groundmore,test,11fWvQ2tVvw_0150_0205,1__exp1,1,sequential,Who eats a cracker from the cracker box after placing one cracker on the cheese palette?,1,mean_pool,11,1,6,3,1,0,0.5,0.5,0.5
groundmore/11fWvQ2tVvw_0150_0205/1__exp1/1,groundmore,test,11fWvQ2tVvw_0150_0205,1__exp1,1,sequential,Who eats a cracker from the cracker box after placing one cracker on the cheese palette?,1,mean_pool,23,1,6,3,1,0,0.5,0.5,0.5
groundmore/11fWvQ2tVvw_0150_0205/1__exp1/1,groundmore,test,11fWvQ2tVvw_0150_0205,1__exp1,1,sequential,Who eats a cracker from the cracker box after placing one cracker on the cheese palette?,1,mean_pool,42,1,6,3,2,0,0.5,0.5,0.5
groundmore/11fWvQ2tVvw_0150_0205/1__exp1/1,groundmore,test,11fWvQ2tVvw_0150_0205,1__exp1,1,sequential,Who eats a cracker from the cracker box after placing one cracker on the cheese palette?,1,opg_no_monotonic,ensemble,1,6,3,1,0,0.5,0.5,0.5
groundmore/11fWvQ2tVvw_0150_0205/1__exp1/1,groundmore,test,11fWvQ2tVvw_0150_0205,1__exp1,1,sequential,Who eats a cracker from the cracker box after placing one cracker on the cheese palette?,1,opg_no_monotonic,11,1,6,3,1,0,0.5,0.5,0.5
groundmore/11fWvQ2tVvw_0150_0205/1__exp1/1,groundmore,test,11fWvQ2tVvw_0150_0205,1__exp1,1,sequential,Who eats a cracker from the cracker box after placing one cracker on the cheese palette?,1,opg_no_monotonic,23,1,6,3,1,0,0.5,0.5,0.5
groundmore/11fWvQ2tVvw_0150_0205/1__exp1/1,groundmore,test,11fWvQ2tVvw_0150_0205,1__exp1,1,sequential,Who eats a cracker from the cracker box after placing one cracker on the cheese palette?,1,opg_no_monotonic,42,1,6,3,2,0,0.5,0.5,0.5
groundmore/11fWvQ2tVvw_0150_0205/1__exp1/1,groundmore,test,11fWvQ2tVvw_0150_0205,1__exp1,1,sequential,Who eats a cracker from the cracker box after placing one cracker on the cheese palette?,1,opg_no_order_loss,ensemble,1,6,3,1,0,0.5,0.5,0.5
groundmore/11fWvQ2tVvw_0150_0205/1__exp1/1,groundmore,test,11fWvQ2tVvw_0150_0205,1__exp1,1,sequential,Who eats a cracker from the cracker box after placing one cracker on the cheese palette?,1,opg_no_order_loss,11,1,6,3,1,0,0.5,0.5,0.5
groundmore/11fWvQ2tVvw_0150_0205/1__exp1/1,groundmore,test,11fWvQ2tVvw_0150_0205,1__exp1,1,sequential,Who eats a cracker from the cracker box after placing one cracker on the cheese palette?,1,opg_no_order_loss,23,1,6,3,1,0,0.5,0.5,0.5
groundmore/11fWvQ2tVvw_0150_0205/1__exp1/1,groundmore,test,11fWvQ2tVvw_0150_0205,1__exp1,1,sequential,Who eats a cracker from the cracker box after placing one cracker on the cheese palette?,1,opg_no_order_loss,42,1,6,3,2,0,0.5,0.5,0.5
groundmore/11fWvQ2tVvw_0150_0205/1__exp1/1,groundmore,test,11fWvQ2tVvw_0150_0205,1__exp1,1,sequential,Who eats a cracker from the cracker box after placing one cracker on the cheese palette?,1,opg_full,ensemble,1,6,3,1,0,0.5,0.5,0.5
groundmore/11fWvQ2tVvw_0150_0205/1__exp1/1,groundmore,test,11fWvQ2tVvw_0150_0205,1__exp1,1,sequential,Who eats a cracker from the cracker box after placing one cracker on the cheese palette?,1,opg_full,11,1,6,3,1,0,0.5,0.5,0.5
groundmore/11fWvQ2tVvw_0150_0205/1__exp1/1,groundmore,test,11fWvQ2tVvw_0150_0205,1__exp1,1,sequential,Who eats a cracker from the cracker box after placing one cracker on the cheese palette?,1,opg_full,23,1,6,3,1,0,0.5,0.5,0.5
groundmore/11fWvQ2tVvw_0150_0205/1__exp1/1,groundmore,test,11fWvQ2tVvw_0150_0205,1__exp1,1,sequential,Who eats a cracker from the cracker box after placing one cracker on the cheese palette?,1,opg_full,42,1,6,3,2,0,0.5,0.5,0.5
groundmore/11fWvQ2tVvw_0150_0205/2__exp2/2,groundmore,test,11fWvQ2tVvw_0150_0205,2__exp2,2,sequential,What does the girl eat from the cracker box after placing one on the cheese palette?,1,mean_pool,ensemble,0,0,,,0,0.0,0.0,0.0
groundmore/11fWvQ2tVvw_0150_0205/2__exp2/2,groundmore,test,11fWvQ2tVvw_0150_0205,2__exp2,2,sequential,What does the girl eat from the cracker box after placing one on the cheese palette?,1,opg_no_monotonic,ensemble,0,0,,,0,0.0,0.0,0.0
groundmore/11fWvQ2tVvw_0150_0205/2__exp2/2,groundmore,test,11fWvQ2tVvw_0150_0205,2__exp2,2,sequential,What does the girl eat from the cracker box after placing one on the cheese palette?,1,opg_no_order_loss,ensemble,0,0,,,0,0.0,0.0,0.0
groundmore/11fWvQ2tVvw_0150_0205/2__exp2/2,groundmore,test,11fWvQ2tVvw_0150_0205,2__exp2,2,sequential,What does the girl eat from the cracker box after placing one on the cheese palette?,1,opg_full,ensemble,0,0,,,0,0.0,0.0,0.0
groundmore/11fWvQ2tVvw_2100_2113/1__exp1/1,groundmore,test,11fWvQ2tVvw_2100_2113,1__exp1,1,sequential,Who blows out the candles on the cake before clapping?,1,mean_pool,ensemble,0,3,0,2,0,0.0,0.0,0.0
groundmore/11fWvQ2tVvw_2100_2113/1__exp1/1,groundmore,test,11fWvQ2tVvw_2100_2113,1__exp1,1,sequential,Who blows out the candles on the cake before clapping?,1,mean_pool,11,0,3,0,2,0,0.0,0.0,0.0
groundmore/11fWvQ2tVvw_2100_2113/1__exp1/1,groundmore,test,11fWvQ2tVvw_2100_2113,1__exp1,1,sequential,Who blows out the candles on the cake before clapping?,1,mean_pool,23,0,3,0,2,0,0.0,0.0,0.0
groundmore/11fWvQ2tVvw_2100_2113/1__exp1/1,groundmore,test,11fWvQ2tVvw_2100_2113,1__exp1,1,sequential,Who blows out the candles on the cake before clapping?,1,mean_pool,42,0,3,0,2,0,0.0,0.0,0.0
groundmore/11fWvQ2tVvw_2100_2113/1__exp1/1,groundmore,test,11fWvQ2tVvw_2100_2113,1__exp1,1,sequential,Who blows out the candles on the cake before clapping?,1,opg_no_monotonic,ensemble,0,3,0,2,0,0.0,0.0,0.0
groundmore/11fWvQ2tVvw_2100_2113/1__exp1/1,groundmore,test,11fWvQ2tVvw_2100_2113,1__exp1,1,sequential,Who blows out the candles on the cake before clapping?,1,opg_no_monotonic,11,0,3,0,2,0,0.0,0.0,0.0
groundmore/11fWvQ2tVvw_2100_2113/1__exp1/1,groundmore,test,11fWvQ2tVvw_2100_2113,1__exp1,1,sequential,Who blows out the candles on the cake before clapping?,1,opg_no_monotonic,23,0,3,0,2,0,0.0,0.0,0.0
groundmore/11fWvQ2tVvw_2100_2113/1__exp1/1,groundmore,test,11fWvQ2tVvw_2100_2113,1__exp1,1,sequential,Who blows out the candles on the cake before clapping?,1,opg_no_monotonic,42,0,3,0,2,0,0.0,0.0,0.0
groundmore/11fWvQ2tVvw_2100_2113/1__exp1/1,groundmore,test,11fWvQ2tVvw_2100_2113,1__exp1,1,sequential,Who blows out the candles on the cake before clapping?,1,opg_no_order_loss,ensemble,0,3,0,2,0,0.0,0.0,0.0
groundmore/11fWvQ2tVvw_2100_2113/1__exp1/1,groundmore,test,11fWvQ2tVvw_2100_2113,1__exp1,1,sequential,Who blows out the candles on the cake before clapping?,1,opg_no_order_loss,11,0,3,0,2,0,0.0,0.0,0.0
groundmore/11fWvQ2tVvw_2100_2113/1__exp1/1,groundmore,test,11fWvQ2tVvw_2100_2113,1__exp1,1,sequential,Who blows out the candles on the cake before clapping?,1,opg_no_order_loss,23,0,3,0,2,0,0.0,0.0,0.0
groundmore/11fWvQ2tVvw_2100_2113/1__exp1/1,groundmore,test,11fWvQ2tVvw_2100_2113,1__exp1,1,sequential,Who blows out the candles on the cake before clapping?,1,opg_no_order_loss,42,0,3,0,2,0,0.0,0.0,0.0
groundmore/11fWvQ2tVvw_2100_2113/1__exp1/1,groundmore,test,11fWvQ2tVvw_2100_2113,1__exp1,1,sequential,Who blows out the candles on the cake before clapping?,1,opg_full,ensemble,0,3,0,2,0,0.0,0.0,0.0
groundmore/11fWvQ2tVvw_2100_2113/1__exp1/1,groundmore,test,11fWvQ2tVvw_2100_2113,1__exp1,1,sequential,Who blows out the candles on the cake before clapping?,1,opg_full,11,0,3,0,2,0,0.0,0.0,0.0
groundmore/11fWvQ2tVvw_2100_2113/1__exp1/1,groundmore,test,11fWvQ2tVvw_2100_2113,1__exp1,1,sequential,Who blows out the candles on the cake before clapping?,1,opg_full,23,0,3,0,2,0,0.0,0.0,0.0
groundmore/11fWvQ2tVvw_2100_2113/1__exp1/1,groundmore,test,11fWvQ2tVvw_2100_2113,1__exp1,1,sequential,Who blows out the candles on the cake before clapping?,1,opg_full,42,0,3,0,2,0,0.0,0.0,0.0
groundmore/11fWvQ2tVvw_2100_2113/2__exp2/2,groundmore,test,11fWvQ2tVvw_2100_2113,2__exp2,2,sequential,What does the woman blow out on the cake before clapping?,1,mean_pool,ensemble,0,0,,,0,0.0,0.0,0.0
groundmore/11fWvQ2tVvw_2100_2113/2__exp2/2,groundmore,test,11fWvQ2tVvw_2100_2113,2__exp2,2,sequential,What does the woman blow out on the cake before clapping?,1,opg_no_monotonic,ensemble,0,0,,,0,0.0,0.0,0.0
groundmore/11fWvQ2tVvw_2100_2113/2__exp2/2,groundmore,test,11fWvQ2tVvw_2100_2113,2__exp2,2,sequential,What does the woman blow out on the cake before clapping?,1,opg_no_order_loss,ensemble,0,0,,,0,0.0,0.0,0.0
groundmore/11fWvQ2tVvw_2100_2113/2__exp2/2,groundmore,test,11fWvQ2tVvw_2100_2113,2__exp2,2,sequential,What does the woman blow out on the cake before clapping?,1,opg_full,ensemble,0,0,,,0,0.0,0.0,0.0
groundmore/12o2y0taU8Y_0433_0440/1__exp1/1,groundmore,test,12o2y0taU8Y_0433_0440,1__exp1,1,sequential,Who flips the canoe rightside up after dumping the water out?,1,mean_pool,ensemble,0,0,,,0,0.0,0.0,0.0
groundmore/12o2y0taU8Y_0433_0440/1__exp1/1,groundmore,test,12o2y0taU8Y_0433_0440,1__exp1,1,sequential,Who flips the canoe rightside up after dumping the water out?,1,opg_no_monotonic,ensemble,0,0,,,0,0.0,0.0,0.0
groundmore/12o2y0taU8Y_0433_0440/1__exp1/1,groundmore,test,12o2y0taU8Y_0433_0440,1__exp1,1,sequential,Who flips the canoe rightside up after dumping the water out?,1,opg_no_order_loss,ensemble,0,0,,,0,0.0,0.0,0.0
groundmore/12o2y0taU8Y_0433_0440/1__exp1/1,groundmore,test,12o2y0taU8Y_0433_0440,1__exp1,1,sequential,Who flips the canoe rightside up after dumping the water out?,1,opg_full,ensemble,0,0,,,0,0.0,0.0,0.0
groundmore/12o2y0taU8Y_0433_0440/2__exp2/2,groundmore,test,12o2y0taU8Y_0433_0440,2__exp2,2,sequential,What does the man in the yellow helmet flip rightside up after dumping the water out?,1,mean_pool,ensemble,0,0,,,0,0.0,0.0,0.0
groundmore/12o2y0taU8Y_0433_0440/2__exp2/2,groundmore,test,12o2y0taU8Y_0433_0440,2__exp2,2,sequential,What does the man in the yellow helmet flip rightside up after dumping the water out?,1,opg_no_monotonic,ensemble,0,0,,,0,0.0,0.0,0.0
groundmore/12o2y0taU8Y_0433_0440/2__exp2/2,groundmore,test,12o2y0taU8Y_0433_0440,2__exp2,2,sequential,What does the man in the yellow helmet flip rightside up after dumping the water out?,1,opg_no_order_loss,ensemble,0,0,,,0,0.0,0.0,0.0
groundmore/12o2y0taU8Y_0433_0440/2__exp2/2,groundmore,test,12o2y0taU8Y_0433_0440,2__exp2,2,sequential,What does the man in the yellow helmet flip rightside up after dumping the water out?,1,opg_full,ensemble,0,0,,,0,0.0,0.0,0.0
groundmore/7IHKuuS2fNI_0005_0020/1__exp3/3,groundmore,test,7IHKuuS2fNI_0005_0020,1__exp3,3,sequential,Who becomes curious about the water bottle after it knocks over the water bottle?,1,mean_pool,ensemble,0,0,,,0,0.0,0.0,0.0
groundmore/7IHKuuS2fNI_0005_0020/1__exp3/3,groundmore,test,7IHKuuS2fNI_0005_0020,1__exp3,3,sequential,Who becomes curious about the water bottle after it knocks over the water bottle?,1,opg_no_monotonic,ensemble,0,0,,,0,0.0,0.0,0.0
groundmore/7IHKuuS2fNI_0005_0020/1__exp3/3,groundmore,test,7IHKuuS2fNI_0005_0020,1__exp3,3,sequential,Who becomes curious about the water bottle after it knocks over the water bottle?,1,opg_no_order_loss,ensemble,0,0,,,0,0.0,0.0,0.0
groundmore/7IHKuuS2fNI_0005_0020/1__exp3/3,groundmore,test,7IHKuuS2fNI_0005_0020,1__exp3,3,sequential,Who becomes curious about the water bottle after it knocks over the water bottle?,1,opg_full,ensemble,0,0,,,0,0.0,0.0,0.0
groundmore/7IHKuuS2fNI_0005_0020/2__exp4/4,groundmore,test,7IHKuuS2fNI_0005_0020,2__exp4,4,sequential,What does the brown and white puppy become curious about after it knocks it over?,1,mean_pool,ensemble,0,0,,,0,0.0,0.0,0.0
groundmore/7IHKuuS2fNI_0005_0020/2__exp4/4,groundmore,test,7IHKuuS2fNI_0005_0020,2__exp4,4,sequential,What does the brown and white puppy become curious about after it knocks it over?,1,opg_no_monotonic,ensemble,0,0,,,0,0.0,0.0,0.0
groundmore/7IHKuuS2fNI_0005_0020/2__exp4/4,groundmore,test,7IHKuuS2fNI_0005_0020,2__exp4,4,sequential,What does the brown and white puppy become curious about after it knocks it over?,1,opg_no_order_loss,ensemble,0,0,,,0,0.0,0.0,0.0
groundmore/7IHKuuS2fNI_0005_0020/2__exp4/4,groundmore,test,7IHKuuS2fNI_0005_0020,2__exp4,4,sequential,What does the brown and white puppy become curious about after it knocks it over?,1,opg_full,ensemble,0,0,,,0,0.0,0.0,0.0
groundmore/987kkc_sq5I_0005_0015/1__exp1/1,groundmore,test,987kkc_sq5I_0005_0015,1__exp1,1,sequential,Who shoots a fadeaway after dribbling the ball next to the man in the white shirt?,1,mean_pool,ensemble,1,1,0,0,1,0.4,0.4,0.4
groundmore/987kkc_sq5I_0005_0015/1__exp1/1,groundmore,test,987kkc_sq5I_0005_0015,1__exp1,1,sequential,Who shoots a fadeaway after dribbling the ball next to the man in the white shirt?,1,mean_pool,11,1,1,0,0,1,0.4,0.4,0.4
groundmore/987kkc_sq5I_0005_0015/1__exp1/1,groundmore,test,987kkc_sq5I_0005_0015,1__exp1,1,sequential,Who shoots a fadeaway after dribbling the ball next to the man in the white shirt?,1,mean_pool,23,1,1,0,0,1,0.4,0.4,0.4
groundmore/987kkc_sq5I_0005_0015/1__exp1/1,groundmore,test,987kkc_sq5I_0005_0015,1__exp1,1,sequential,Who shoots a fadeaway after dribbling the ball next to the man in the white shirt?,1,mean_pool,42,1,1,0,0,1,0.4,0.4,0.4
groundmore/987kkc_sq5I_0005_0015/1__exp1/1,groundmore,test,987kkc_sq5I_0005_0015,1__exp1,1,sequential,Who shoots a fadeaway after dribbling the ball next to the man in the white shirt?,1,opg_no_monotonic,ensemble,1,1,0,0,1,0.4,0.4,0.4
groundmore/987kkc_sq5I_0005_0015/1__exp1/1,groundmore,test,987kkc_sq5I_0005_0015,1__exp1,1,sequential,Who shoots a fadeaway after dribbling the ball next to the man in the white shirt?,1,opg_no_monotonic,11,1,1,0,0,1,0.4,0.4,0.4
groundmore/987kkc_sq5I_0005_0015/1__exp1/1,groundmore,test,987kkc_sq5I_0005_0015,1__exp1,1,sequential,Who shoots a fadeaway after dribbling the ball next to the man in the white shirt?,1,opg_no_monotonic,23,1,1,0,0,1,0.4,0.4,0.4
groundmore/987kkc_sq5I_0005_0015/1__exp1/1,groundmore,test,987kkc_sq5I_0005_0015,1__exp1,1,sequential,Who shoots a fadeaway after dribbling the ball next to the man in the white shirt?,1,opg_no_monotonic,42,1,1,0,0,1,0.4,0.4,0.4
groundmore/987kkc_sq5I_0005_0015/1__exp1/1,groundmore,test,987kkc_sq5I_0005_0015,1__exp1,1,sequential,Who shoots a fadeaway after dribbling the ball next to the man in the white shirt?,1,opg_no_order_loss,ensemble,1,1,0,0,1,0.4,0.4,0.4
groundmore/987kkc_sq5I_0005_0015/1__exp1/1,groundmore,test,987kkc_sq5I_0005_0015,1__exp1,1,sequential,Who shoots a fadeaway after dribbling the ball next to the man in the white shirt?,1,opg_no_order_loss,11,1,1,0,0,1,0.4,0.4,0.4
groundmore/987kkc_sq5I_0005_0015/1__exp1/1,groundmore,test,987kkc_sq5I_0005_0015,1__exp1,1,sequential,Who shoots a fadeaway after dribbling the ball next to the man in the white shirt?,1,opg_no_order_loss,23,1,1,0,0,1,0.4,0.4,0.4
groundmore/987kkc_sq5I_0005_0015/1__exp1/1,groundmore,test,987kkc_sq5I_0005_0015,1__exp1,1,sequential,Who shoots a fadeaway after dribbling the ball next to the man in the white shirt?,1,opg_no_order_loss,42,1,1,0,0,1,0.4,0.4,0.4
groundmore/987kkc_sq5I_0005_0015/1__exp1/1,groundmore,test,987kkc_sq5I_0005_0015,1__exp1,1,sequential,Who shoots a fadeaway after dribbling the ball next to the man in the white shirt?,1,opg_full,ensemble,1,1,0,0,1,0.4,0.4,0.4
groundmore/987kkc_sq5I_0005_0015/1__exp1/1,groundmore,test,987kkc_sq5I_0005_0015,1__exp1,1,sequential,Who shoots a fadeaway after dribbling the ball next to the man in the white shirt?,1,opg_full,11,1,1,0,0,1,0.4,0.4,0.4
groundmore/987kkc_sq5I_0005_0015/1__exp1/1,groundmore,test,987kkc_sq5I_0005_0015,1__exp1,1,sequential,Who shoots a fadeaway after dribbling the ball next to the man in the white shirt?,1,opg_full,23,1,1,0,0,1,0.4,0.4,0.4
groundmore/987kkc_sq5I_0005_0015/1__exp1/1,groundmore,test,987kkc_sq5I_0005_0015,1__exp1,1,sequential,Who shoots a fadeaway after dribbling the ball next to the man in the white shirt?,1,opg_full,42,1,1,0,0,1,0.4,0.4,0.4
groundmore/987kkc_sq5I_0005_0015/2__exp2/2,groundmore,test,987kkc_sq5I_0005_0015,2__exp2,2,sequential,What does the police officer dribble next to the man in the white shirt before shooting a fadeaway?,1,mean_pool,ensemble,0,0,,,0,0.0,0.0,0.0
groundmore/987kkc_sq5I_0005_0015/2__exp2/2,groundmore,test,987kkc_sq5I_0005_0015,2__exp2,2,sequential,What does the police officer dribble next to the man in the white shirt before shooting a fadeaway?,1,opg_no_monotonic,ensemble,0,0,,,0,0.0,0.0,0.0
groundmore/987kkc_sq5I_0005_0015/2__exp2/2,groundmore,test,987kkc_sq5I_0005_0015,2__exp2,2,sequential,What does the police officer dribble next to the man in the white shirt before shooting a fadeaway?,1,opg_no_order_loss,ensemble,0,0,,,0,0.0,0.0,0.0
groundmore/987kkc_sq5I_0005_0015/2__exp2/2,groundmore,test,987kkc_sq5I_0005_0015,2__exp2,2,sequential,What does the police officer dribble next to the man in the white shirt before shooting a fadeaway?,1,opg_full,ensemble,0,0,,,0,0.0,0.0,0.0
groundmore/987kkc_sq5I_0020_0035/1__exp1/1,groundmore,test,987kkc_sq5I_0020_0035,1__exp1,1,sequential,Who shakes the little boy's hand after posing for a picture?,1,mean_pool,ensemble,0,0,,,0,0.0,0.0,0.0
groundmore/987kkc_sq5I_0020_0035/1__exp1/1,groundmore,test,987kkc_sq5I_0020_0035,1__exp1,1,sequential,Who shakes the little boy's hand after posing for a picture?,1,opg_no_monotonic,ensemble,0,0,,,0,0.0,0.0,0.0
groundmore/987kkc_sq5I_0020_0035/1__exp1/1,groundmore,test,987kkc_sq5I_0020_0035,1__exp1,1,sequential,Who shakes the little boy's hand after posing for a picture?,1,opg_no_order_loss,ensemble,0,0,,,0,0.0,0.0,0.0
groundmore/987kkc_sq5I_0020_0035/1__exp1/1,groundmore,test,987kkc_sq5I_0020_0035,1__exp1,1,sequential,Who shakes the little boy's hand after posing for a picture?,1,opg_full,ensemble,0,0,,,0,0.0,0.0,0.0
groundmore/987kkc_sq5I_0020_0035/2__exp2/2,groundmore,test,987kkc_sq5I_0020_0035,2__exp2,2,sequential,Whose hand does the man holding the basketball shake after posing for a picture?,1,mean_pool,ensemble,1,3,1,1,1,0.55,0.55,0.55
groundmore/987kkc_sq5I_0020_0035/2__exp2/2,groundmore,test,987kkc_sq5I_0020_0035,2__exp2,2,sequential,Whose hand does the man holding the basketball shake after posing for a picture?,1,mean_pool,11,1,3,1,1,1,0.55,0.55,0.55
groundmore/987kkc_sq5I_0020_0035/2__exp2/2,groundmore,test,987kkc_sq5I_0020_0035,2__exp2,2,sequential,Whose hand does the man holding the basketball shake after posing for a picture?,1,mean_pool,23,1,3,1,1,1,0.55,0.55,0.55
groundmore/987kkc_sq5I_0020_0035/2__exp2/2,groundmore,test,987kkc_sq5I_0020_0035,2__exp2,2,sequential,Whose hand does the man holding the basketball shake after posing for a picture?,1,mean_pool,42,1,3,1,1,1,0.55,0.55,0.55
groundmore/987kkc_sq5I_0020_0035/2__exp2/2,groundmore,test,987kkc_sq5I_0020_0035,2__exp2,2,sequential,Whose hand does the man holding the basketball shake after posing for a picture?,1,opg_no_monotonic,ensemble,1,3,1,1,1,0.55,0.55,0.55
groundmore/987kkc_sq5I_0020_0035/2__exp2/2,groundmore,test,987kkc_sq5I_0020_0035,2__exp2,2,sequential,Whose hand does the man holding the basketball shake after posing for a picture?,1,opg_no_monotonic,11,1,3,1,1,1,0.55,0.55,0.55
groundmore/987kkc_sq5I_0020_0035/2__exp2/2,groundmore,test,987kkc_sq5I_0020_0035,2__exp2,2,sequential,Whose hand does the man holding the basketball shake after posing for a picture?,1,opg_no_monotonic,23,1,3,1,1,1,0.55,0.55,0.55
groundmore/987kkc_sq5I_0020_0035/2__exp2/2,groundmore,test,987kkc_sq5I_0020_0035,2__exp2,2,sequential,Whose hand does the man holding the basketball shake after posing for a picture?,1,opg_no_monotonic,42,1,3,1,1,1,0.55,0.55,0.55
groundmore/987kkc_sq5I_0020_0035/2__exp2/2,groundmore,test,987kkc_sq5I_0020_0035,2__exp2,2,sequential,Whose hand does the man holding the basketball shake after posing for a picture?,1,opg_no_order_loss,ensemble,1,3,1,1,1,0.55,0.55,0.55
groundmore/987kkc_sq5I_0020_0035/2__exp2/2,groundmore,test,987kkc_sq5I_0020_0035,2__exp2,2,sequential,Whose hand does the man holding the basketball shake after posing for a picture?,1,opg_no_order_loss,11,1,3,1,1,1,0.55,0.55,0.55
groundmore/987kkc_sq5I_0020_0035/2__exp2/2,groundmore,test,987kkc_sq5I_0020_0035,2__exp2,2,sequential,Whose hand does the man holding the basketball shake after posing for a picture?,1,opg_no_order_loss,23,1,3,1,1,1,0.55,0.55,0.55
groundmore/987kkc_sq5I_0020_0035/2__exp2/2,groundmore,test,987kkc_sq5I_0020_0035,2__exp2,2,sequential,Whose hand does the man holding the basketball shake after posing for a picture?,1,opg_no_order_loss,42,1,3,1,1,1,0.55,0.55,0.55
groundmore/987kkc_sq5I_0020_0035/2__exp2/2,groundmore,test,987kkc_sq5I_0020_0035,2__exp2,2,sequential,Whose hand does the man holding the basketball shake after posing for a picture?,1,opg_full,ensemble,1,3,1,1,1,0.55,0.55,0.55
groundmore/987kkc_sq5I_0020_0035/2__exp2/2,groundmore,test,987kkc_sq5I_0020_0035,2__exp2,2,sequential,Whose hand does the man holding the basketball shake after posing for a picture?,1,opg_full,11,1,3,1,1,1,0.55,0.55,0.55
groundmore/987kkc_sq5I_0020_0035/2__exp2/2,groundmore,test,987kkc_sq5I_0020_0035,2__exp2,2,sequential,Whose hand does the man holding the basketball shake after posing for a picture?,1,opg_full,23,1,3,1,1,1,0.55,0.55,0.55
groundmore/987kkc_sq5I_0020_0035/2__exp2/2,groundmore,test,987kkc_sq5I_0020_0035,2__exp2,2,sequential,Whose hand does the man holding the basketball shake after posing for a picture?,1,opg_full,42,1,3,1,1,1,0.55,0.55,0.55
groundmore/987kkc_sq5I_0150_0200/1__exp1/1,groundmore,test,987kkc_sq5I_0150_0200,1__exp1,1,sequential,Who does a spin with the ball before scoring a point?,1,mean_pool,ensemble,1,4,1,1,1,0.65,0.65,0.65
groundmore/987kkc_sq5I_0150_0200/1__exp1/1,groundmore,test,987kkc_sq5I_0150_0200,1__exp1,1,sequential,Who does a spin with the ball before scoring a point?,1,mean_pool,11,1,4,1,1,1,0.65,0.65,0.65
groundmore/987kkc_sq5I_0150_0200/1__exp1/1,groundmore,test,987kkc_sq5I_0150_0200,1__exp1,1,sequential,Who does a spin with the ball before scoring a point?,1,mean_pool,23,1,4,1,1,1,0.65,0.65,0.65
groundmore/987kkc_sq5I_0150_0200/1__exp1/1,groundmore,test,987kkc_sq5I_0150_0200,1__exp1,1,sequential,Who does a spin with the ball before scoring a point?,1,mean_pool,42,1,4,1,1,1,0.65,0.65,0.65
groundmore/987kkc_sq5I_0150_0200/1__exp1/1,groundmore,test,987kkc_sq5I_0150_0200,1__exp1,1,sequential,Who does a spin with the ball before scoring a point?,1,opg_no_monotonic,ensemble,1,4,1,1,1,0.65,0.65,0.65
groundmore/987kkc_sq5I_0150_0200/1__exp1/1,groundmore,test,987kkc_sq5I_0150_0200,1__exp1,1,sequential,Who does a spin with the ball before scoring a point?,1,opg_no_monotonic,11,1,4,1,1,1,0.65,0.65,0.65
groundmore/987kkc_sq5I_0150_0200/1__exp1/1,groundmore,test,987kkc_sq5I_0150_0200,1__exp1,1,sequential,Who does a spin with the ball before scoring a point?,1,opg_no_monotonic,23,1,4,1,1,1,0.65,0.65,0.65
groundmore/987kkc_sq5I_0150_0200/1__exp1/1,groundmore,test,987kkc_sq5I_0150_0200,1__exp1,1,sequential,Who does a spin with the ball before scoring a point?,1,opg_no_monotonic,42,1,4,1,1,1,0.65,0.65,0.65
groundmore/987kkc_sq5I_0150_0200/1__exp1/1,groundmore,test,987kkc_sq5I_0150_0200,1__exp1,1,sequential,Who does a spin with the ball before scoring a point?,1,opg_no_order_loss,ensemble,1,4,1,1,1,0.65,0.65,0.65
groundmore/987kkc_sq5I_0150_0200/1__exp1/1,groundmore,test,987kkc_sq5I_0150_0200,1__exp1,1,sequential,Who does a spin with the ball before scoring a point?,1,opg_no_order_loss,11,1,4,1,1,1,0.65,0.65,0.65
groundmore/987kkc_sq5I_0150_0200/1__exp1/1,groundmore,test,987kkc_sq5I_0150_0200,1__exp1,1,sequential,Who does a spin with the ball before scoring a point?,1,opg_no_order_loss,23,1,4,1,1,1,0.65,0.65,0.65
groundmore/987kkc_sq5I_0150_0200/1__exp1/1,groundmore,test,987kkc_sq5I_0150_0200,1__exp1,1,sequential,Who does a spin with the ball before scoring a point?,1,opg_no_order_loss,42,1,4,1,1,1,0.65,0.65,0.65
groundmore/987kkc_sq5I_0150_0200/1__exp1/1,groundmore,test,987kkc_sq5I_0150_0200,1__exp1,1,sequential,Who does a spin with the ball before scoring a point?,1,opg_full,ensemble,1,4,1,1,1,0.65,0.65,0.65
groundmore/987kkc_sq5I_0150_0200/1__exp1/1,groundmore,test,987kkc_sq5I_0150_0200,1__exp1,1,sequential,Who does a spin with the ball before scoring a point?,1,opg_full,11,1,4,1,1,1,0.65,0.65,0.65
groundmore/987kkc_sq5I_0150_0200/1__exp1/1,groundmore,test,987kkc_sq5I_0150_0200,1__exp1,1,sequential,Who does a spin with the ball before scoring a point?,1,opg_full,23,1,4,1,1,1,0.65,0.65,0.65
groundmore/987kkc_sq5I_0150_0200/1__exp1/1,groundmore,test,987kkc_sq5I_0150_0200,1__exp1,1,sequential,Who does a spin with the ball before scoring a point?,1,opg_full,42,1,4,1,1,1,0.65,0.65,0.65
groundmore/987kkc_sq5I_0150_0200/2__exp2/2,groundmore,test,987kkc_sq5I_0150_0200,2__exp2,2,sequential,What does the man in white spin with before scoring a point?,1,mean_pool,ensemble,0,0,,,0,0.0,0.0,0.0
groundmore/987kkc_sq5I_0150_0200/2__exp2/2,groundmore,test,987kkc_sq5I_0150_0200,2__exp2,2,sequential,What does the man in white spin with before scoring a point?,1,opg_no_monotonic,ensemble,0,0,,,0,0.0,0.0,0.0
groundmore/987kkc_sq5I_0150_0200/2__exp2/2,groundmore,test,987kkc_sq5I_0150_0200,2__exp2,2,sequential,What does the man in white spin with before scoring a point?,1,opg_no_order_loss,ensemble,0,0,,,0,0.0,0.0,0.0
groundmore/987kkc_sq5I_0150_0200/2__exp2/2,groundmore,test,987kkc_sq5I_0150_0200,2__exp2,2,sequential,What does the man in white spin with before scoring a point?,1,opg_full,ensemble,0,0,,,0,0.0,0.0,0.0
groundmore/987kkc_sq5I_0240_0250/1__exp1/1,groundmore,test,987kkc_sq5I_0240_0250,1__exp1,1,sequential,Who skillfully dribbles the ball between the legs of the police officer before scoring the ball?,1,mean_pool,ensemble,0,0,,,0,0.0,0.0,0.0
groundmore/987kkc_sq5I_0240_0250/1__exp1/1,groundmore,test,987kkc_sq5I_0240_0250,1__exp1,1,sequential,Who skillfully dribbles the ball between the legs of the police officer before scoring the ball?,1,opg_no_monotonic,ensemble,0,0,,,0,0.0,0.0,0.0
groundmore/987kkc_sq5I_0240_0250/1__exp1/1,groundmore,test,987kkc_sq5I_0240_0250,1__exp1,1,sequential,Who skillfully dribbles the ball between the legs of the police officer before scoring the ball?,1,opg_no_order_loss,ensemble,0,0,,,0,0.0,0.0,0.0
groundmore/987kkc_sq5I_0240_0250/1__exp1/1,groundmore,test,987kkc_sq5I_0240_0250,1__exp1,1,sequential,Who skillfully dribbles the ball between the legs of the police officer before scoring the ball?,1,opg_full,ensemble,0,0,,,0,0.0,0.0,0.0
groundmore/987kkc_sq5I_0240_0250/2__exp2/2,groundmore,test,987kkc_sq5I_0240_0250,2__exp2,2,sequential,What does the man in white skillfully dribble between the legs of the police officer before scoring?,1,mean_pool,ensemble,0,0,,,0,0.0,0.0,0.0
groundmore/987kkc_sq5I_0240_0250/2__exp2/2,groundmore,test,987kkc_sq5I_0240_0250,2__exp2,2,sequential,What does the man in white skillfully dribble between the legs of the police officer before scoring?,1,opg_no_monotonic,ensemble,0,0,,,0,0.0,0.0,0.0
groundmore/987kkc_sq5I_0240_0250/2__exp2/2,groundmore,test,987kkc_sq5I_0240_0250,2__exp2,2,sequential,What does the man in white skillfully dribble between the legs of the police officer before scoring?,1,opg_no_order_loss,ensemble,0,0,,,0,0.0,0.0,0.0
groundmore/987kkc_sq5I_0240_0250/2__exp2/2,groundmore,test,987kkc_sq5I_0240_0250,2__exp2,2,sequential,What does the man in white skillfully dribble between the legs of the police officer before scoring?,1,opg_full,ensemble,0,0,,,0,0.0,0.0,0.0
groundmore/987kkc_sq5I_0240_0250/3__exp3/3,groundmore,test,987kkc_sq5I_0240_0250,3__exp3,3,sequential,Between whose legs does the man in white skillfully dribble the ball before scoring the ball?,1,mean_pool,ensemble,0,1,0,0,0,0.1004663756447115,0.1427316845249562,0.12159903008483385
groundmore/987kkc_sq5I_0240_0250/3__exp3/3,groundmore,test,987kkc_sq5I_0240_0250,3__exp3,3,sequential,Between whose legs does the man in white skillfully dribble the ball before scoring the ball?,1,mean_pool,11,0,1,0,0,0,0.1004663756447115,0.1427316845249562,0.12159903008483385
groundmore/987kkc_sq5I_0240_0250/3__exp3/3,groundmore,test,987kkc_sq5I_0240_0250,3__exp3,3,sequential,Between whose legs does the man in white skillfully dribble the ball before scoring the ball?,1,mean_pool,23,0,1,0,0,0,0.1004663756447115,0.1427316845249562,0.12159903008483385
groundmore/987kkc_sq5I_0240_0250/3__exp3/3,groundmore,test,987kkc_sq5I_0240_0250,3__exp3,3,sequential,Between whose legs does the man in white skillfully dribble the ball before scoring the ball?,1,mean_pool,42,0,1,0,0,0,0.1004663756447115,0.1427316845249562,0.12159903008483385
groundmore/987kkc_sq5I_0240_0250/3__exp3/3,groundmore,test,987kkc_sq5I_0240_0250,3__exp3,3,sequential,Between whose legs does the man in white skillfully dribble the ball before scoring the ball?,1,opg_no_monotonic,ensemble,0,1,0,0,0,0.1004663756447115,0.1427316845249562,0.12159903008483385
groundmore/987kkc_sq5I_0240_0250/3__exp3/3,groundmore,test,987kkc_sq5I_0240_0250,3__exp3,3,sequential,Between whose legs does the man in white skillfully dribble the ball before scoring the ball?,1,opg_no_monotonic,11,0,1,0,0,0,0.1004663756447115,0.1427316845249562,0.12159903008483385
groundmore/987kkc_sq5I_0240_0250/3__exp3/3,groundmore,test,987kkc_sq5I_0240_0250,3__exp3,3,sequential,Between whose legs does the man in white skillfully dribble the ball before scoring the ball?,1,opg_no_monotonic,23,0,1,0,0,0,0.1004663756447115,0.1427316845249562,0.12159903008483385
groundmore/987kkc_sq5I_0240_0250/3__exp3/3,groundmore,test,987kkc_sq5I_0240_0250,3__exp3,3,sequential,Between whose legs does the man in white skillfully dribble the ball before scoring the ball?,1,opg_no_monotonic,42,0,1,0,0,0,0.1004663756447115,0.1427316845249562,0.12159903008483385
groundmore/987kkc_sq5I_0240_0250/3__exp3/3,groundmore,test,987kkc_sq5I_0240_0250,3__exp3,3,sequential,Between whose legs does the man in white skillfully dribble the ball before scoring the ball?,1,opg_no_order_loss,ensemble,0,1,0,0,0,0.1004663756447115,0.1427316845249562,0.12159903008483385
groundmore/987kkc_sq5I_0240_0250/3__exp3/3,groundmore,test,987kkc_sq5I_0240_0250,3__exp3,3,sequential,Between whose legs does the man in white skillfully dribble the ball before scoring the ball?,1,opg_no_order_loss,11,0,1,0,0,0,0.1004663756447115,0.1427316845249562,0.12159903008483385
groundmore/987kkc_sq5I_0240_0250/3__exp3/3,groundmore,test,987kkc_sq5I_0240_0250,3__exp3,3,sequential,Between whose legs does the man in white skillfully dribble the ball before scoring the ball?,1,opg_no_order_loss,23,0,1,0,0,0,0.1004663756447115,0.1427316845249562,0.12159903008483385
groundmore/987kkc_sq5I_0240_0250/3__exp3/3,groundmore,test,987kkc_sq5I_0240_0250,3__exp3,3,sequential,Between whose legs does the man in white skillfully dribble the ball before scoring the ball?,1,opg_no_order_loss,42,0,1,0,0,0,0.1004663756447115,0.1427316845249562,0.12159903008483385
groundmore/987kkc_sq5I_0240_0250/3__exp3/3,groundmore,test,987kkc_sq5I_0240_0250,3__exp3,3,sequential,Between whose legs does the man in white skillfully dribble the ball before scoring the ball?,1,opg_full,ensemble,0,1,0,0,0,0.1004663756447115,0.1427316845249562,0.12159903008483385
groundmore/987kkc_sq5I_0240_0250/3__exp3/3,groundmore,test,987kkc_sq5I_0240_0250,3__exp3,3,sequential,Between whose legs does the man in white skillfully dribble the ball before scoring the ball?,1,opg_full,11,0,1,0,0,0,0.1004663756447115,0.1427316845249562,0.12159903008483385
groundmore/987kkc_sq5I_0240_0250/3__exp3/3,groundmore,test,987kkc_sq5I_0240_0250,3__exp3,3,sequential,Between whose legs does the man in white skillfully dribble the ball before scoring the ball?,1,opg_full,23,0,1,0,0,0,0.1004663756447115,0.1427316845249562,0.12159903008483385
groundmore/987kkc_sq5I_0240_0250/3__exp3/3,groundmore,test,987kkc_sq5I_0240_0250,3__exp3,3,sequential,Between whose legs does the man in white skillfully dribble the ball before scoring the ball?,1,opg_full,42,0,1,0,0,0,0.1004663756447115,0.1427316845249562,0.12159903008483385
groundmore/987kkc_sq5I_0312_0321/1__exp1/1,groundmore,test,987kkc_sq5I_0312_0321,1__exp1,1,sequential,Who misses the shot with the ball after dribbling it between the legs of the police officer?,1,mean_pool,ensemble,1,1,0,0,1,0.65,0.65,0.65
groundmore/987kkc_sq5I_0312_0321/1__exp1/1,groundmore,test,987kkc_sq5I_0312_0321,1__exp1,1,sequential,Who misses the shot with the ball after dribbling it between the legs of the police officer?,1,mean_pool,11,1,1,0,0,1,0.65,0.65,0.65
groundmore/987kkc_sq5I_0312_0321/1__exp1/1,groundmore,test,987kkc_sq5I_0312_0321,1__exp1,1,sequential,Who misses the shot with the ball after dribbling it between the legs of the police officer?,1,mean_pool,23,1,1,0,0,1,0.65,0.65,0.65
groundmore/987kkc_sq5I_0312_0321/1__exp1/1,groundmore,test,987kkc_sq5I_0312_0321,1__exp1,1,sequential,Who misses the shot with the ball after dribbling it between the legs of the police officer?,1,mean_pool,42,1,1,0,0,1,0.65,0.65,0.65
groundmore/987kkc_sq5I_0312_0321/1__exp1/1,groundmore,test,987kkc_sq5I_0312_0321,1__exp1,1,sequential,Who misses the shot with the ball after dribbling it between the legs of the police officer?,1,opg_no_monotonic,ensemble,1,1,0,0,1,0.65,0.65,0.65
groundmore/987kkc_sq5I_0312_0321/1__exp1/1,groundmore,test,987kkc_sq5I_0312_0321,1__exp1,1,sequential,Who misses the shot with the ball after dribbling it between the legs of the police officer?,1,opg_no_monotonic,11,1,1,0,0,1,0.65,0.65,0.65
groundmore/987kkc_sq5I_0312_0321/1__exp1/1,groundmore,test,987kkc_sq5I_0312_0321,1__exp1,1,sequential,Who misses the shot with the ball after dribbling it between the legs of the police officer?,1,opg_no_monotonic,23,1,1,0,0,1,0.65,0.65,0.65
groundmore/987kkc_sq5I_0312_0321/1__exp1/1,groundmore,test,987kkc_sq5I_0312_0321,1__exp1,1,sequential,Who misses the shot with the ball after dribbling it between the legs of the police officer?,1,opg_no_monotonic,42,1,1,0,0,1,0.65,0.65,0.65
groundmore/987kkc_sq5I_0312_0321/1__exp1/1,groundmore,test,987kkc_sq5I_0312_0321,1__exp1,1,sequential,Who misses the shot with the ball after dribbling it between the legs of the police officer?,1,opg_no_order_loss,ensemble,1,1,0,0,1,0.65,0.65,0.65
groundmore/987kkc_sq5I_0312_0321/1__exp1/1,groundmore,test,987kkc_sq5I_0312_0321,1__exp1,1,sequential,Who misses the shot with the ball after dribbling it between the legs of the police officer?,1,opg_no_order_loss,11,1,1,0,0,1,0.65,0.65,0.65
groundmore/987kkc_sq5I_0312_0321/1__exp1/1,groundmore,test,987kkc_sq5I_0312_0321,1__exp1,1,sequential,Who misses the shot with the ball after dribbling it between the legs of the police officer?,1,opg_no_order_loss,23,1,1,0,0,1,0.65,0.65,0.65
groundmore/987kkc_sq5I_0312_0321/1__exp1/1,groundmore,test,987kkc_sq5I_0312_0321,1__exp1,1,sequential,Who misses the shot with the ball after dribbling it between the legs of the police officer?,1,opg_no_order_loss,42,1,1,0,0,1,0.65,0.65,0.65
groundmore/987kkc_sq5I_0312_0321/1__exp1/1,groundmore,test,987kkc_sq5I_0312_0321,1__exp1,1,sequential,Who misses the shot with the ball after dribbling it between the legs of the police officer?,1,opg_full,ensemble,1,1,0,0,1,0.65,0.65,0.65
groundmore/987kkc_sq5I_0312_0321/1__exp1/1,groundmore,test,987kkc_sq5I_0312_0321,1__exp1,1,sequential,Who misses the shot with the ball after dribbling it between the legs of the police officer?,1,opg_full,11,1,1,0,0,1,0.65,0.65,0.65
groundmore/987kkc_sq5I_0312_0321/1__exp1/1,groundmore,test,987kkc_sq5I_0312_0321,1__exp1,1,sequential,Who misses the shot with the ball after dribbling it between the legs of the police officer?,1,opg_full,23,1,1,0,0,1,0.65,0.65,0.65
groundmore/987kkc_sq5I_0312_0321/1__exp1/1,groundmore,test,987kkc_sq5I_0312_0321,1__exp1,1,sequential,Who misses the shot with the ball after dribbling it between the legs of the police officer?,1,opg_full,42,1,1,0,0,1,0.65,0.65,0.65
groundmore/987kkc_sq5I_0312_0321/2__exp2/2,groundmore,test,987kkc_sq5I_0312_0321,2__exp2,2,sequential,What does the man in white miss the shot with after dribbling it between the legs of the police officer?,1,mean_pool,ensemble,0,0,,,0,0.0,0.0,0.0
groundmore/987kkc_sq5I_0312_0321/2__exp2/2,groundmore,test,987kkc_sq5I_0312_0321,2__exp2,2,sequential,What does the man in white miss the shot with after dribbling it between the legs of the police officer?,1,opg_no_monotonic,ensemble,0,0,,,0,0.0,0.0,0.0
groundmore/987kkc_sq5I_0312_0321/2__exp2/2,groundmore,test,987kkc_sq5I_0312_0321,2__exp2,2,sequential,What does the man in white miss the shot with after dribbling it between the legs of the police officer?,1,opg_no_order_loss,ensemble,0,0,,,0,0.0,0.0,0.0
groundmore/987kkc_sq5I_0312_0321/2__exp2/2,groundmore,test,987kkc_sq5I_0312_0321,2__exp2,2,sequential,What does the man in white miss the shot with after dribbling it between the legs of the police officer?,1,opg_full,ensemble,0,0,,,0,0.0,0.0,0.0
groundmore/987kkc_sq5I_0410_0420/1__exp1/1,groundmore,test,987kkc_sq5I_0410_0420,1__exp1,1,sequential,Who dribbles the ball before shooting it?,1,mean_pool,ensemble,1,1,0,0,1,0.45,0.45,0.45
groundmore/987kkc_sq5I_0410_0420/1__exp1/1,groundmore,test,987kkc_sq5I_0410_0420,1__exp1,1,sequential,Who dribbles the ball before shooting it?,1,mean_pool,11,1,1,0,0,1,0.45,0.45,0.45
groundmore/987kkc_sq5I_0410_0420/1__exp1/1,groundmore,test,987kkc_sq5I_0410_0420,1__exp1,1,sequential,Who dribbles the ball before shooting it?,1,mean_pool,23,1,1,0,0,1,0.45,0.45,0.45
groundmore/987kkc_sq5I_0410_0420/1__exp1/1,groundmore,test,987kkc_sq5I_0410_0420,1__exp1,1,sequential,Who dribbles the ball before shooting it?,1,mean_pool,42,1,1,0,0,1,0.45,0.45,0.45
groundmore/987kkc_sq5I_0410_0420/1__exp1/1,groundmore,test,987kkc_sq5I_0410_0420,1__exp1,1,sequential,Who dribbles the ball before shooting it?,1,opg_no_monotonic,ensemble,1,1,0,0,1,0.45,0.45,0.45
groundmore/987kkc_sq5I_0410_0420/1__exp1/1,groundmore,test,987kkc_sq5I_0410_0420,1__exp1,1,sequential,Who dribbles the ball before shooting it?,1,opg_no_monotonic,11,1,1,0,0,1,0.45,0.45,0.45
groundmore/987kkc_sq5I_0410_0420/1__exp1/1,groundmore,test,987kkc_sq5I_0410_0420,1__exp1,1,sequential,Who dribbles the ball before shooting it?,1,opg_no_monotonic,23,1,1,0,0,1,0.45,0.45,0.45
groundmore/987kkc_sq5I_0410_0420/1__exp1/1,groundmore,test,987kkc_sq5I_0410_0420,1__exp1,1,sequential,Who dribbles the ball before shooting it?,1,opg_no_monotonic,42,1,1,0,0,1,0.45,0.45,0.45
groundmore/987kkc_sq5I_0410_0420/1__exp1/1,groundmore,test,987kkc_sq5I_0410_0420,1__exp1,1,sequential,Who dribbles the ball before shooting it?,1,opg_no_order_loss,ensemble,1,1,0,0,1,0.45,0.45,0.45
groundmore/987kkc_sq5I_0410_0420/1__exp1/1,groundmore,test,987kkc_sq5I_0410_0420,1__exp1,1,sequential,Who dribbles the ball before shooting it?,1,opg_no_order_loss,11,1,1,0,0,1,0.45,0.45,0.45
groundmore/987kkc_sq5I_0410_0420/1__exp1/1,groundmore,test,987kkc_sq5I_0410_0420,1__exp1,1,sequential,Who dribbles the ball before shooting it?,1,opg_no_order_loss,23,1,1,0,0,1,0.45,0.45,0.45
groundmore/987kkc_sq5I_0410_0420/1__exp1/1,groundmore,test,987kkc_sq5I_0410_0420,1__exp1,1,sequential,Who dribbles the ball before shooting it?,1,opg_no_order_loss,42,1,1,0,0,1,0.45,0.45,0.45
groundmore/987kkc_sq5I_0410_0420/1__exp1/1,groundmore,test,987kkc_sq5I_0410_0420,1__exp1,1,sequential,Who dribbles the ball before shooting it?,1,opg_full,ensemble,1,1,0,0,1,0.45,0.45,0.45
groundmore/987kkc_sq5I_0410_0420/1__exp1/1,groundmore,test,987kkc_sq5I_0410_0420,1__exp1,1,sequential,Who dribbles the ball before shooting it?,1,opg_full,11,1,1,0,0,1,0.45,0.45,0.45
groundmore/987kkc_sq5I_0410_0420/1__exp1/1,groundmore,test,987kkc_sq5I_0410_0420,1__exp1,1,sequential,Who dribbles the ball before shooting it?,1,opg_full,23,1,1,0,0,1,0.45,0.45,0.45
groundmore/987kkc_sq5I_0410_0420/1__exp1/1,groundmore,test,987kkc_sq5I_0410_0420,1__exp1,1,sequential,Who dribbles the ball before shooting it?,1,opg_full,42,1,1,0,0,1,0.45,0.45,0.45
groundmore/987kkc_sq5I_0410_0420/2__exp2/2,groundmore,test,987kkc_sq5I_0410_0420,2__exp2,2,sequential,What does the man in white dribble before shooting?,1,mean_pool,ensemble,0,0,,,0,0.0,0.0,0.0
groundmore/987kkc_sq5I_0410_0420/2__exp2/2,groundmore,test,987kkc_sq5I_0410_0420,2__exp2,2,sequential,What does the man in white dribble before shooting?,1,opg_no_monotonic,ensemble,0,0,,,0,0.0,0.0,0.0
groundmore/987kkc_sq5I_0410_0420/2__exp2/2,groundmore,test,987kkc_sq5I_0410_0420,2__exp2,2,sequential,What does the man in white dribble before shooting?,1,opg_no_order_loss,ensemble,0,0,,,0,0.0,0.0,0.0
groundmore/987kkc_sq5I_0410_0420/2__exp2/2,groundmore,test,987kkc_sq5I_0410_0420,2__exp2,2,sequential,What does the man in white dribble before shooting?,1,opg_full,ensemble,0,0,,,0,0.0,0.0,0.0
groundmore/987kkc_sq5I_0440_0450/1__exp1/1,groundmore,test,987kkc_sq5I_0440_0450,1__exp1,1,sequential,Who dribbles the ball in between the police officers legs before the police officer shoots the ball?,1,mean_pool,ensemble,1,3,0,2,0,0.35,0.35,0.35
groundmore/987kkc_sq5I_0440_0450/1__exp1/1,groundmore,test,987kkc_sq5I_0440_0450,1__exp1,1,sequential,Who dribbles the ball in between the police officers legs before the police officer shoots the ball?,1,mean_pool,11,1,3,0,2,0,0.35,0.35,0.35
groundmore/987kkc_sq5I_0440_0450/1__exp1/1,groundmore,test,987kkc_sq5I_0440_0450,1__exp1,1,sequential,Who dribbles the ball in between the police officers legs before the police officer shoots the ball?,1,mean_pool,23,1,3,0,2,0,0.35,0.35,0.35
groundmore/987kkc_sq5I_0440_0450/1__exp1/1,groundmore,test,987kkc_sq5I_0440_0450,1__exp1,1,sequential,Who dribbles the ball in between the police officers legs before the police officer shoots the ball?,1,mean_pool,42,1,3,0,2,0,0.35,0.35,0.35
groundmore/987kkc_sq5I_0440_0450/1__exp1/1,groundmore,test,987kkc_sq5I_0440_0450,1__exp1,1,sequential,Who dribbles the ball in between the police officers legs before the police officer shoots the ball?,1,opg_no_monotonic,ensemble,1,3,0,2,0,0.35,0.35,0.35
groundmore/987kkc_sq5I_0440_0450/1__exp1/1,groundmore,test,987kkc_sq5I_0440_0450,1__exp1,1,sequential,Who dribbles the ball in between the police officers legs before the police officer shoots the ball?,1,opg_no_monotonic,11,1,3,0,2,0,0.35,0.35,0.35
groundmore/987kkc_sq5I_0440_0450/1__exp1/1,groundmore,test,987kkc_sq5I_0440_0450,1__exp1,1,sequential,Who dribbles the ball in between the police officers legs before the police officer shoots the ball?,1,opg_no_monotonic,23,1,3,0,2,0,0.35,0.35,0.35
groundmore/987kkc_sq5I_0440_0450/1__exp1/1,groundmore,test,987kkc_sq5I_0440_0450,1__exp1,1,sequential,Who dribbles the ball in between the police officers legs before the police officer shoots the ball?,1,opg_no_monotonic,42,1,3,0,2,0,0.35,0.35,0.35
groundmore/987kkc_sq5I_0440_0450/1__exp1/1,groundmore,test,987kkc_sq5I_0440_0450,1__exp1,1,sequential,Who dribbles the ball in between the police officers legs before the police officer shoots the ball?,1,opg_no_order_loss,ensemble,1,3,0,2,0,0.35,0.35,0.35
groundmore/987kkc_sq5I_0440_0450/1__exp1/1,groundmore,test,987kkc_sq5I_0440_0450,1__exp1,1,sequential,Who dribbles the ball in between the police officers legs before the police officer shoots the ball?,1,opg_no_order_loss,11,1,3,0,2,0,0.35,0.35,0.35
groundmore/987kkc_sq5I_0440_0450/1__exp1/1,groundmore,test,987kkc_sq5I_0440_0450,1__exp1,1,sequential,Who dribbles the ball in between the police officers legs before the police officer shoots the ball?,1,opg_no_order_loss,23,1,3,0,2,0,0.35,0.35,0.35
groundmore/987kkc_sq5I_0440_0450/1__exp1/1,groundmore,test,987kkc_sq5I_0440_0450,1__exp1,1,sequential,Who dribbles the ball in between the police officers legs before the police officer shoots the ball?,1,opg_no_order_loss,42,1,3,0,2,0,0.35,0.35,0.35
groundmore/987kkc_sq5I_0440_0450/1__exp1/1,groundmore,test,987kkc_sq5I_0440_0450,1__exp1,1,sequential,Who dribbles the ball in between the police officers legs before the police officer shoots the ball?,1,opg_full,ensemble,1,3,0,2,0,0.35,0.35,0.35
groundmore/987kkc_sq5I_0440_0450/1__exp1/1,groundmore,test,987kkc_sq5I_0440_0450,1__exp1,1,sequential,Who dribbles the ball in between the police officers legs before the police officer shoots the ball?,1,opg_full,11,1,3,0,2,0,0.35,0.35,0.35
groundmore/987kkc_sq5I_0440_0450/1__exp1/1,groundmore,test,987kkc_sq5I_0440_0450,1__exp1,1,sequential,Who dribbles the ball in between the police officers legs before the police officer shoots the ball?,1,opg_full,23,1,3,0,2,0,0.35,0.35,0.35
groundmore/987kkc_sq5I_0440_0450/1__exp1/1,groundmore,test,987kkc_sq5I_0440_0450,1__exp1,1,sequential,Who dribbles the ball in between the police officers legs before the police officer shoots the ball?,1,opg_full,42,1,3,0,2,0,0.35,0.35,0.35
groundmore/987kkc_sq5I_0440_0450/2__exp2/2,groundmore,test,987kkc_sq5I_0440_0450,2__exp2,2,sequential,What does the police officer dribble in between the police officers legs before the police officer shoots?,1,mean_pool,ensemble,0,0,,,0,0.0,0.0,0.0
groundmore/987kkc_sq5I_0440_0450/2__exp2/2,groundmore,test,987kkc_sq5I_0440_0450,2__exp2,2,sequential,What does the police officer dribble in between the police officers legs before the police officer shoots?,1,opg_no_monotonic,ensemble,0,0,,,0,0.0,0.0,0.0
groundmore/987kkc_sq5I_0440_0450/2__exp2/2,groundmore,test,987kkc_sq5I_0440_0450,2__exp2,2,sequential,What does the police officer dribble in between the police officers legs before the police officer shoots?,1,opg_no_order_loss,ensemble,0,0,,,0,0.0,0.0,0.0
groundmore/987kkc_sq5I_0440_0450/2__exp2/2,groundmore,test,987kkc_sq5I_0440_0450,2__exp2,2,sequential,What does the police officer dribble in between the police officers legs before the police officer shoots?,1,opg_full,ensemble,0,0,,,0,0.0,0.0,0.0
groundmore/987kkc_sq5I_0450_0500/1__exp1/1,groundmore,test,987kkc_sq5I_0450_0500,1__exp1,1,sequential,Who smacks the ball out of the hands of the police officer before picking up the basketball?,1,mean_pool,ensemble,0,0,,,0,0.0,0.0,0.0
groundmore/987kkc_sq5I_0450_0500/1__exp1/1,groundmore,test,987kkc_sq5I_0450_0500,1__exp1,1,sequential,Who smacks the ball out of the hands of the police officer before picking up the basketball?,1,opg_no_monotonic,ensemble,0,0,,,0,0.0,0.0,0.0
groundmore/987kkc_sq5I_0450_0500/1__exp1/1,groundmore,test,987kkc_sq5I_0450_0500,1__exp1,1,sequential,Who smacks the ball out of the hands of the police officer before picking up the basketball?,1,opg_no_order_loss,ensemble,0,0,,,0,0.0,0.0,0.0
groundmore/987kkc_sq5I_0450_0500/1__exp1/1,groundmore,test,987kkc_sq5I_0450_0500,1__exp1,1,sequential,Who smacks the ball out of the hands of the police officer before picking up the basketball?,1,opg_full,ensemble,0,0,,,0,0.0,0.0,0.0
groundmore/987kkc_sq5I_0450_0500/2__exp2/2,groundmore,test,987kkc_sq5I_0450_0500,2__exp2,2,sequential,What does the man in white smack out of the hands of the police officer before he picks up the basketball?,1,mean_pool,ensemble,0,0,,,0,0.0,0.0,0.0
groundmore/987kkc_sq5I_0450_0500/2__exp2/2,groundmore,test,987kkc_sq5I_0450_0500,2__exp2,2,sequential,What does the man in white smack out of the hands of the police officer before he picks up the basketball?,1,opg_no_monotonic,ensemble,0,0,,,0,0.0,0.0,0.0
groundmore/987kkc_sq5I_0450_0500/2__exp2/2,groundmore,test,987kkc_sq5I_0450_0500,2__exp2,2,sequential,What does the man in white smack out of the hands of the police officer before he picks up the basketball?,1,opg_no_order_loss,ensemble,0,0,,,0,0.0,0.0,0.0
groundmore/987kkc_sq5I_0450_0500/2__exp2/2,groundmore,test,987kkc_sq5I_0450_0500,2__exp2,2,sequential,What does the man in white smack out of the hands of the police officer before he picks up the basketball?,1,opg_full,ensemble,0,0,,,0,0.0,0.0,0.0
groundmore/987kkc_sq5I_0450_0500/3__exp3/3,groundmore,test,987kkc_sq5I_0450_0500,3__exp3,3,sequential,From whose hands does the man in white smack the ball out of before he picks up the basketball?,1,mean_pool,ensemble,0,0,,,0,0.0,0.0,0.0
groundmore/987kkc_sq5I_0450_0500/3__exp3/3,groundmore,test,987kkc_sq5I_0450_0500,3__exp3,3,sequential,From whose hands does the man in white smack the ball out of before he picks up the basketball?,1,opg_no_monotonic,ensemble,0,0,,,0,0.0,0.0,0.0
groundmore/987kkc_sq5I_0450_0500/3__exp3/3,groundmore,test,987kkc_sq5I_0450_0500,3__exp3,3,sequential,From whose hands does the man in white smack the ball out of before he picks up the basketball?,1,opg_no_order_loss,ensemble,0,0,,,0,0.0,0.0,0.0
groundmore/987kkc_sq5I_0450_0500/3__exp3/3,groundmore,test,987kkc_sq5I_0450_0500,3__exp3,3,sequential,From whose hands does the man in white smack the ball out of before he picks up the basketball?,1,opg_full,ensemble,0,0,,,0,0.0,0.0,0.0
groundmore/987kkc_sq5I_0550_0600/1__exp1/1,groundmore,test,987kkc_sq5I_0550_0600,1__exp1,1,sequential,Who scores a layup with the ball after skillfully dribbling past the police officer?,1,mean_pool,ensemble,1,1,0,0,1,0.7,0.7,0.7
groundmore/987kkc_sq5I_0550_0600/1__exp1/1,groundmore,test,987kkc_sq5I_0550_0600,1__exp1,1,sequential,Who scores a layup with the ball after skillfully dribbling past the police officer?,1,mean_pool,11,1,1,0,0,1,0.7,0.7,0.7
groundmore/987kkc_sq5I_0550_0600/1__exp1/1,groundmore,test,987kkc_sq5I_0550_0600,1__exp1,1,sequential,Who scores a layup with the ball after skillfully dribbling past the police officer?,1,mean_pool,23,1,1,0,0,1,0.7,0.7,0.7
groundmore/987kkc_sq5I_0550_0600/1__exp1/1,groundmore,test,987kkc_sq5I_0550_0600,1__exp1,1,sequential,Who scores a layup with the ball after skillfully dribbling past the police officer?,1,mean_pool,42,1,1,0,0,1,0.7,0.7,0.7
groundmore/987kkc_sq5I_0550_0600/1__exp1/1,groundmore,test,987kkc_sq5I_0550_0600,1__exp1,1,sequential,Who scores a layup with the ball after skillfully dribbling past the police officer?,1,opg_no_monotonic,ensemble,1,1,0,0,1,0.7,0.7,0.7
groundmore/987kkc_sq5I_0550_0600/1__exp1/1,groundmore,test,987kkc_sq5I_0550_0600,1__exp1,1,sequential,Who scores a layup with the ball after skillfully dribbling past the police officer?,1,opg_no_monotonic,11,1,1,0,0,1,0.7,0.7,0.7
groundmore/987kkc_sq5I_0550_0600/1__exp1/1,groundmore,test,987kkc_sq5I_0550_0600,1__exp1,1,sequential,Who scores a layup with the ball after skillfully dribbling past the police officer?,1,opg_no_monotonic,23,1,1,0,0,1,0.7,0.7,0.7
groundmore/987kkc_sq5I_0550_0600/1__exp1/1,groundmore,test,987kkc_sq5I_0550_0600,1__exp1,1,sequential,Who scores a layup with the ball after skillfully dribbling past the police officer?,1,opg_no_monotonic,42,1,1,0,0,1,0.7,0.7,0.7
groundmore/987kkc_sq5I_0550_0600/1__exp1/1,groundmore,test,987kkc_sq5I_0550_0600,1__exp1,1,sequential,Who scores a layup with the ball after skillfully dribbling past the police officer?,1,opg_no_order_loss,ensemble,1,1,0,0,1,0.7,0.7,0.7
groundmore/987kkc_sq5I_0550_0600/1__exp1/1,groundmore,test,987kkc_sq5I_0550_0600,1__exp1,1,sequential,Who scores a layup with the ball after skillfully dribbling past the police officer?,1,opg_no_order_loss,11,1,1,0,0,1,0.7,0.7,0.7
groundmore/987kkc_sq5I_0550_0600/1__exp1/1,groundmore,test,987kkc_sq5I_0550_0600,1__exp1,1,sequential,Who scores a layup with the ball after skillfully dribbling past the police officer?,1,opg_no_order_loss,23,1,1,0,0,1,0.7,0.7,0.7
groundmore/987kkc_sq5I_0550_0600/1__exp1/1,groundmore,test,987kkc_sq5I_0550_0600,1__exp1,1,sequential,Who scores a layup with the ball after skillfully dribbling past the police officer?,1,opg_no_order_loss,42,1,1,0,0,1,0.7,0.7,0.7
groundmore/987kkc_sq5I_0550_0600/1__exp1/1,groundmore,test,987kkc_sq5I_0550_0600,1__exp1,1,sequential,Who scores a layup with the ball after skillfully dribbling past the police officer?,1,opg_full,ensemble,1,1,0,0,1,0.7,0.7,0.7
groundmore/987kkc_sq5I_0550_0600/1__exp1/1,groundmore,test,987kkc_sq5I_0550_0600,1__exp1,1,sequential,Who scores a layup with the ball after skillfully dribbling past the police officer?,1,opg_full,11,1,1,0,0,1,0.7,0.7,0.7
groundmore/987kkc_sq5I_0550_0600/1__exp1/1,groundmore,test,987kkc_sq5I_0550_0600,1__exp1,1,sequential,Who scores a layup with the ball after skillfully dribbling past the police officer?,1,opg_full,23,1,1,0,0,1,0.7,0.7,0.7
groundmore/987kkc_sq5I_0550_0600/1__exp1/1,groundmore,test,987kkc_sq5I_0550_0600,1__exp1,1,sequential,Who scores a layup with the ball after skillfully dribbling past the police officer?,1,opg_full,42,1,1,0,0,1,0.7,0.7,0.7
groundmore/987kkc_sq5I_0550_0600/2__exp2/2,groundmore,test,987kkc_sq5I_0550_0600,2__exp2,2,sequential,What does the man in white score a layup with after skillfully dribbling past the police officer?,1,mean_pool,ensemble,0,0,,,0,0.0,0.0,0.0
groundmore/987kkc_sq5I_0550_0600/2__exp2/2,groundmore,test,987kkc_sq5I_0550_0600,2__exp2,2,sequential,What does the man in white score a layup with after skillfully dribbling past the police officer?,1,opg_no_monotonic,ensemble,0,0,,,0,0.0,0.0,0.0
groundmore/987kkc_sq5I_0550_0600/2__exp2/2,groundmore,test,987kkc_sq5I_0550_0600,2__exp2,2,sequential,What does the man in white score a layup with after skillfully dribbling past the police officer?,1,opg_no_order_loss,ensemble,0,0,,,0,0.0,0.0,0.0
groundmore/987kkc_sq5I_0550_0600/2__exp2/2,groundmore,test,987kkc_sq5I_0550_0600,2__exp2,2,sequential,What does the man in white score a layup with after skillfully dribbling past the police officer?,1,opg_full,ensemble,0,0,,,0,0.0,0.0,0.0
groundmore/9KhJO4UloIE_0404_0414/1__exp5/5,groundmore,test,9KhJO4UloIE_0404_0414,1__exp5,5,sequential,Who throws the ball off of the backboard before scoring?,1,mean_pool,ensemble,0,1,0,0,0,0.001431609719949568,0.017737241045210867,0.009584425382580218
groundmore/9KhJO4UloIE_0404_0414/1__exp5/5,groundmore,test,9KhJO4UloIE_0404_0414,1__exp5,5,sequential,Who throws the ball off of the backboard before scoring?,1,mean_pool,11,0,1,0,0,0,0.001431609719949568,0.017737241045210867,0.009584425382580218
groundmore/9KhJO4UloIE_0404_0414/1__exp5/5,groundmore,test,9KhJO4UloIE_0404_0414,1__exp5,5,sequential,Who throws the ball off of the backboard before scoring?,1,mean_pool,23,0,1,0,0,0,0.001431609719949568,0.017737241045210867,0.009584425382580218
groundmore/9KhJO4UloIE_0404_0414/1__exp5/5,groundmore,test,9KhJO4UloIE_0404_0414,1__exp5,5,sequential,Who throws the ball off of the backboard before scoring?,1,mean_pool,42,0,1,0,0,0,0.001431609719949568,0.017737241045210867,0.009584425382580218
groundmore/9KhJO4UloIE_0404_0414/1__exp5/5,groundmore,test,9KhJO4UloIE_0404_0414,1__exp5,5,sequential,Who throws the ball off of the backboard before scoring?,1,opg_no_monotonic,ensemble,0,1,0,0,0,0.001431609719949568,0.017737241045210867,0.009584425382580218
groundmore/9KhJO4UloIE_0404_0414/1__exp5/5,groundmore,test,9KhJO4UloIE_0404_0414,1__exp5,5,sequential,Who throws the ball off of the backboard before scoring?,1,opg_no_monotonic,11,0,1,0,0,0,0.001431609719949568,0.017737241045210867,0.009584425382580218
groundmore/9KhJO4UloIE_0404_0414/1__exp5/5,groundmore,test,9KhJO4UloIE_0404_0414,1__exp5,5,sequential,Who throws the ball off of the backboard before scoring?,1,opg_no_monotonic,23,0,1,0,0,0,0.001431609719949568,0.017737241045210867,0.009584425382580218
groundmore/9KhJO4UloIE_0404_0414/1__exp5/5,groundmore,test,9KhJO4UloIE_0404_0414,1__exp5,5,sequential,Who throws the ball off of the backboard before scoring?,1,opg_no_monotonic,42,0,1,0,0,0,0.001431609719949568,0.017737241045210867,0.009584425382580218
groundmore/9KhJO4UloIE_0404_0414/1__exp5/5,groundmore,test,9KhJO4UloIE_0404_0414,1__exp5,5,sequential,Who throws the ball off of the backboard before scoring?,1,opg_no_order_loss,ensemble,0,1,0,0,0,0.001431609719949568,0.017737241045210867,0.009584425382580218
groundmore/9KhJO4UloIE_0404_0414/1__exp5/5,groundmore,test,9KhJO4UloIE_0404_0414,1__exp5,5,sequential,Who throws the ball off of the backboard before scoring?,1,opg_no_order_loss,11,0,1,0,0,0,0.001431609719949568,0.017737241045210867,0.009584425382580218
groundmore/9KhJO4UloIE_0404_0414/1__exp5/5,groundmore,test,9KhJO4UloIE_0404_0414,1__exp5,5,sequential,Who throws the ball off of the backboard before scoring?,1,opg_no_order_loss,23,0,1,0,0,0,0.001431609719949568,0.017737241045210867,0.009584425382580218
groundmore/9KhJO4UloIE_0404_0414/1__exp5/5,groundmore,test,9KhJO4UloIE_0404_0414,1__exp5,5,sequential,Who throws the ball off of the backboard before scoring?,1,opg_no_order_loss,42,0,1,0,0,0,0.001431609719949568,0.017737241045210867,0.009584425382580218
groundmore/9KhJO4UloIE_0404_0414/1__exp5/5,groundmore,test,9KhJO4UloIE_0404_0414,1__exp5,5,sequential,Who throws the ball off of the backboard before scoring?,1,opg_full,ensemble,0,1,0,0,0,0.001431609719949568,0.017737241045210867,0.009584425382580218
groundmore/9KhJO4UloIE_0404_0414/1__exp5/5,groundmore,test,9KhJO4UloIE_0404_0414,1__exp5,5,sequential,Who throws the ball off of the backboard before scoring?,1,opg_full,11,0,1,0,0,0,0.001431609719949568,0.017737241045210867,0.009584425382580218
groundmore/9KhJO4UloIE_0404_0414/1__exp5/5,groundmore,test,9KhJO4UloIE_0404_0414,1__exp5,5,sequential,Who throws the ball off of the backboard before scoring?,1,opg_full,23,0,1,0,0,0,0.001431609719949568,0.017737241045210867,0.009584425382580218
groundmore/9KhJO4UloIE_0404_0414/1__exp5/5,groundmore,test,9KhJO4UloIE_0404_0414,1__exp5,5,sequential,Who throws the ball off of the backboard before scoring?,1,opg_full,42,0,1,0,0,0,0.001431609719949568,0.017737241045210867,0.009584425382580218
groundmore/9KhJO4UloIE_0404_0414/2__exp6/6,groundmore,test,9KhJO4UloIE_0404_0414,2__exp6,6,sequential,What does the man in white throw off of the backboard before he scores?,1,mean_pool,ensemble,0,0,,,0,0.0,0.0,0.0
groundmore/9KhJO4UloIE_0404_0414/2__exp6/6,groundmore,test,9KhJO4UloIE_0404_0414,2__exp6,6,sequential,What does the man in white throw off of the backboard before he scores?,1,opg_no_monotonic,ensemble,0,0,,,0,0.0,0.0,0.0
groundmore/9KhJO4UloIE_0404_0414/2__exp6/6,groundmore,test,9KhJO4UloIE_0404_0414,2__exp6,6,sequential,What does the man in white throw off of the backboard before he scores?,1,opg_no_order_loss,ensemble,0,0,,,0,0.0,0.0,0.0
groundmore/9KhJO4UloIE_0404_0414/2__exp6/6,groundmore,test,9KhJO4UloIE_0404_0414,2__exp6,6,sequential,What does the man in white throw off of the backboard before he scores?,1,opg_full,ensemble,0,0,,,0,0.0,0.0,0.0
groundmore/9KhJO4UloIE_0404_0414/3__exp7/7,groundmore,test,9KhJO4UloIE_0404_0414,3__exp7,7,sequential,What does the man in white throw the basketball off of before he scores?,1,mean_pool,ensemble,0,0,,,0,0.0,0.0,0.0
groundmore/9KhJO4UloIE_0404_0414/3__exp7/7,groundmore,test,9KhJO4UloIE_0404_0414,3__exp7,7,sequential,What does the man in white throw the basketball off of before he scores?,1,opg_no_monotonic,ensemble,0,0,,,0,0.0,0.0,0.0
groundmore/9KhJO4UloIE_0404_0414/3__exp7/7,groundmore,test,9KhJO4UloIE_0404_0414,3__exp7,7,sequential,What does the man in white throw the basketball off of before he scores?,1,opg_no_order_loss,ensemble,0,0,,,0,0.0,0.0,0.0
groundmore/9KhJO4UloIE_0404_0414/3__exp7/7,groundmore,test,9KhJO4UloIE_0404_0414,3__exp7,7,sequential,What does the man in white throw the basketball off of before he scores?,1,opg_full,ensemble,0,0,,,0,0.0,0.0,0.0
groundmore/9KhJO4UloIE_0434_0444/1__exp7/7,groundmore,test,9KhJO4UloIE_0434_0444,1__exp7,7,sequential,Who accelerates towards the man in white before he snatches the ball?,1,mean_pool,ensemble,0,0,,,0,0.0,0.0,0.0
groundmore/9KhJO4UloIE_0434_0444/1__exp7/7,groundmore,test,9KhJO4UloIE_0434_0444,1__exp7,7,sequential,Who accelerates towards the man in white before he snatches the ball?,1,opg_no_monotonic,ensemble,0,0,,,0,0.0,0.0,0.0
groundmore/9KhJO4UloIE_0434_0444/1__exp7/7,groundmore,test,9KhJO4UloIE_0434_0444,1__exp7,7,sequential,Who accelerates towards the man in white before he snatches the ball?,1,opg_no_order_loss,ensemble,0,0,,,0,0.0,0.0,0.0
groundmore/9KhJO4UloIE_0434_0444/1__exp7/7,groundmore,test,9KhJO4UloIE_0434_0444,1__exp7,7,sequential,Who accelerates towards the man in white before he snatches the ball?,1,opg_full,ensemble,0,0,,,0,0.0,0.0,0.0
groundmore/9KhJO4UloIE_0434_0444/2__exp6/6,groundmore,test,9KhJO4UloIE_0434_0444,2__exp6,6,sequential,What does the man in white snatch after the man in grey accelerates towards him?,1,mean_pool,ensemble,0,0,,,0,0.0,0.0,0.0
groundmore/9KhJO4UloIE_0434_0444/2__exp6/6,groundmore,test,9KhJO4UloIE_0434_0444,2__exp6,6,sequential,What does the man in white snatch after the man in grey accelerates towards him?,1,opg_no_monotonic,ensemble,0,0,,,0,0.0,0.0,0.0
groundmore/9KhJO4UloIE_0434_0444/2__exp6/6,groundmore,test,9KhJO4UloIE_0434_0444,2__exp6,6,sequential,What does the man in white snatch after the man in grey accelerates towards him?,1,opg_no_order_loss,ensemble,0,0,,,0,0.0,0.0,0.0
groundmore/9KhJO4UloIE_0434_0444/2__exp6/6,groundmore,test,9KhJO4UloIE_0434_0444,2__exp6,6,sequential,What does the man in white snatch after the man in grey accelerates towards him?,1,opg_full,ensemble,0,0,,,0,0.0,0.0,0.0
groundmore/9KhJO4UloIE_0434_0444/3__exp5/5,groundmore,test,9KhJO4UloIE_0434_0444,3__exp5,5,sequential,Who snatches the ball after the man in grey accelerates towards him?,1,mean_pool,ensemble,0,0,,,0,0.0,0.0,0.0
groundmore/9KhJO4UloIE_0434_0444/3__exp5/5,groundmore,test,9KhJO4UloIE_0434_0444,3__exp5,5,sequential,Who snatches the ball after the man in grey accelerates towards him?,1,opg_no_monotonic,ensemble,0,0,,,0,0.0,0.0,0.0
groundmore/9KhJO4UloIE_0434_0444/3__exp5/5,groundmore,test,9KhJO4UloIE_0434_0444,3__exp5,5,sequential,Who snatches the ball after the man in grey accelerates towards him?,1,opg_no_order_loss,ensemble,0,0,,,0,0.0,0.0,0.0
groundmore/9KhJO4UloIE_0434_0444/3__exp5/5,groundmore,test,9KhJO4UloIE_0434_0444,3__exp5,5,sequential,Who snatches the ball after the man in grey accelerates towards him?,1,opg_full,ensemble,0,0,,,0,0.0,0.0,0.0
groundmore/9KhJO4UloIE_0458_0508/1__exp5/5,groundmore,test,9KhJO4UloIE_0458_0508,1__exp5,5,sequential,Who does the man in white maneuver around before shooting the basketball?,1,mean_pool,ensemble,0,0,,,0,0.0,0.0,0.0
groundmore/9KhJO4UloIE_0458_0508/1__exp5/5,groundmore,test,9KhJO4UloIE_0458_0508,1__exp5,5,sequential,Who does the man in white maneuver around before shooting the basketball?,1,opg_no_monotonic,ensemble,0,0,,,0,0.0,0.0,0.0
groundmore/9KhJO4UloIE_0458_0508/1__exp5/5,groundmore,test,9KhJO4UloIE_0458_0508,1__exp5,5,sequential,Who does the man in white maneuver around before shooting the basketball?,1,opg_no_order_loss,ensemble,0,0,,,0,0.0,0.0,0.0
groundmore/9KhJO4UloIE_0458_0508/1__exp5/5,groundmore,test,9KhJO4UloIE_0458_0508,1__exp5,5,sequential,Who does the man in white maneuver around before shooting the basketball?,1,opg_full,ensemble,0,0,,,0,0.0,0.0,0.0
groundmore/9KhJO4UloIE_0458_0508/2__exp6/6,groundmore,test,9KhJO4UloIE_0458_0508,2__exp6,6,sequential,What does the man in white shoot after maneuvering around the man in grey?,1,mean_pool,ensemble,0,0,,,0,0.0,0.0,0.0
groundmore/9KhJO4UloIE_0458_0508/2__exp6/6,groundmore,test,9KhJO4UloIE_0458_0508,2__exp6,6,sequential,What does the man in white shoot after maneuvering around the man in grey?,1,opg_no_monotonic,ensemble,0,0,,,0,0.0,0.0,0.0
groundmore/9KhJO4UloIE_0458_0508/2__exp6/6,groundmore,test,9KhJO4UloIE_0458_0508,2__exp6,6,sequential,What does the man in white shoot after maneuvering around the man in grey?,1,opg_no_order_loss,ensemble,0,0,,,0,0.0,0.0,0.0
groundmore/9KhJO4UloIE_0458_0508/2__exp6/6,groundmore,test,9KhJO4UloIE_0458_0508,2__exp6,6,sequential,What does the man in white shoot after maneuvering around the man in grey?,1,opg_full,ensemble,0,0,,,0,0.0,0.0,0.0
groundmore/9KhJO4UloIE_0458_0508/3__exp4/4,groundmore,test,9KhJO4UloIE_0458_0508,3__exp4,4,sequential,Who maneuvers around the man in grey before shooting the basketball?,1,mean_pool,ensemble,0,0,,,0,0.0,0.0,0.0
groundmore/9KhJO4UloIE_0458_0508/3__exp4/4,groundmore,test,9KhJO4UloIE_0458_0508,3__exp4,4,sequential,Who maneuvers around the man in grey before shooting the basketball?,1,opg_no_monotonic,ensemble,0,0,,,0,0.0,0.0,0.0
groundmore/9KhJO4UloIE_0458_0508/3__exp4/4,groundmore,test,9KhJO4UloIE_0458_0508,3__exp4,4,sequential,Who maneuvers around the man in grey before shooting the basketball?,1,opg_no_order_loss,ensemble,0,0,,,0,0.0,0.0,0.0
groundmore/9KhJO4UloIE_0458_0508/3__exp4/4,groundmore,test,9KhJO4UloIE_0458_0508,3__exp4,4,sequential,Who maneuvers around the man in grey before shooting the basketball?,1,opg_full,ensemble,0,0,,,0,0.0,0.0,0.0
groundmore/9KhJO4UloIE_0514_0527/1__exp4/4,groundmore,test,9KhJO4UloIE_0514_0527,1__exp4,4,sequential,Whose defense does the man in white break by maneuvering around?,0,mean_pool,ensemble,0,0,,,0,0.0,0.0,0.0
groundmore/9KhJO4UloIE_0514_0527/1__exp4/4,groundmore,test,9KhJO4UloIE_0514_0527,1__exp4,4,sequential,Whose defense does the man in white break by maneuvering around?,0,opg_no_monotonic,ensemble,0,0,,,0,0.0,0.0,0.0
groundmore/9KhJO4UloIE_0514_0527/1__exp4/4,groundmore,test,9KhJO4UloIE_0514_0527,1__exp4,4,sequential,Whose defense does the man in white break by maneuvering around?,0,opg_no_order_loss,ensemble,0,0,,,0,0.0,0.0,0.0
groundmore/9KhJO4UloIE_0514_0527/1__exp4/4,groundmore,test,9KhJO4UloIE_0514_0527,1__exp4,4,sequential,Whose defense does the man in white break by maneuvering around?,0,opg_full,ensemble,0,0,,,0,0.0,0.0,0.0
groundmore/9KhJO4UloIE_0514_0527/2__exp3/3,groundmore,test,9KhJO4UloIE_0514_0527,2__exp3,3,sequential,Who maneuvers around to break the defense of the man in grey?,0,mean_pool,ensemble,0,0,,,0,0.0,0.0,0.0
groundmore/9KhJO4UloIE_0514_0527/2__exp3/3,groundmore,test,9KhJO4UloIE_0514_0527,2__exp3,3,sequential,Who maneuvers around to break the defense of the man in grey?,0,opg_no_monotonic,ensemble,0,0,,,0,0.0,0.0,0.0
groundmore/9KhJO4UloIE_0514_0527/2__exp3/3,groundmore,test,9KhJO4UloIE_0514_0527,2__exp3,3,sequential,Who maneuvers around to break the defense of the man in grey?,0,opg_no_order_loss,ensemble,0,0,,,0,0.0,0.0,0.0
groundmore/9KhJO4UloIE_0514_0527/2__exp3/3,groundmore,test,9KhJO4UloIE_0514_0527,2__exp3,3,sequential,Who maneuvers around to break the defense of the man in grey?,0,opg_full,ensemble,0,0,,,0,0.0,0.0,0.0
groundmore/9KhJO4UloIE_0700_0715/1__exp4/4,groundmore,test,9KhJO4UloIE_0700_0715,1__exp4,4,sequential,Around whom does the man wearing red pants spin before scoring a point?,1,mean_pool,ensemble,0,0,,,0,0.0,0.0,0.0
groundmore/9KhJO4UloIE_0700_0715/1__exp4/4,groundmore,test,9KhJO4UloIE_0700_0715,1__exp4,4,sequential,Around whom does the man wearing red pants spin before scoring a point?,1,opg_no_monotonic,ensemble,0,0,,,0,0.0,0.0,0.0
groundmore/9KhJO4UloIE_0700_0715/1__exp4/4,groundmore,test,9KhJO4UloIE_0700_0715,1__exp4,4,sequential,Around whom does the man wearing red pants spin before scoring a point?,1,opg_no_order_loss,ensemble,0,0,,,0,0.0,0.0,0.0
groundmore/9KhJO4UloIE_0700_0715/1__exp4/4,groundmore,test,9KhJO4UloIE_0700_0715,1__exp4,4,sequential,Around whom does the man wearing red pants spin before scoring a point?,1,opg_full,ensemble,0,0,,,0,0.0,0.0,0.0
groundmore/9KhJO4UloIE_0700_0715/3__exp3/3,groundmore,test,9KhJO4UloIE_0700_0715,3__exp3,3,sequential,Who spins around the man wearing all white before scoring a point?,1,mean_pool,ensemble,0,0,,,0,0.0,0.0,0.0
groundmore/9KhJO4UloIE_0700_0715/3__exp3/3,groundmore,test,9KhJO4UloIE_0700_0715,3__exp3,3,sequential,Who spins around the man wearing all white before scoring a point?,1,opg_no_monotonic,ensemble,0,0,,,0,0.0,0.0,0.0
groundmore/9KhJO4UloIE_0700_0715/3__exp3/3,groundmore,test,9KhJO4UloIE_0700_0715,3__exp3,3,sequential,Who spins around the man wearing all white before scoring a point?,1,opg_no_order_loss,ensemble,0,0,,,0,0.0,0.0,0.0
groundmore/9KhJO4UloIE_0700_0715/3__exp3/3,groundmore,test,9KhJO4UloIE_0700_0715,3__exp3,3,sequential,Who spins around the man wearing all white before scoring a point?,1,opg_full,ensemble,0,0,,,0,0.0,0.0,0.0
groundmore/9KhJO4UloIE_0902_0912/1__exp1/1,groundmore,test,9KhJO4UloIE_0902_0912,1__exp1,1,sequential,Who throws the ball off the backboard before scoring a point?,1,mean_pool,ensemble,0,0,,,0,0.0,0.0,0.0
groundmore/9KhJO4UloIE_0902_0912/1__exp1/1,groundmore,test,9KhJO4UloIE_0902_0912,1__exp1,1,sequential,Who throws the ball off the backboard before scoring a point?,1,opg_no_monotonic,ensemble,0,0,,,0,0.0,0.0,0.0
groundmore/9KhJO4UloIE_0902_0912/1__exp1/1,groundmore,test,9KhJO4UloIE_0902_0912,1__exp1,1,sequential,Who throws the ball off the backboard before scoring a point?,1,opg_no_order_loss,ensemble,0,0,,,0,0.0,0.0,0.0
groundmore/9KhJO4UloIE_0902_0912/1__exp1/1,groundmore,test,9KhJO4UloIE_0902_0912,1__exp1,1,sequential,Who throws the ball off the backboard before scoring a point?,1,opg_full,ensemble,0,0,,,0,0.0,0.0,0.0
groundmore/9KhJO4UloIE_0902_0912/2__exp2/2,groundmore,test,9KhJO4UloIE_0902_0912,2__exp2,2,sequential,What does the man wearing red pants throw off the backboard before scoring a point?,1,mean_pool,ensemble,0,0,,,0,0.0,0.0,0.0
groundmore/9KhJO4UloIE_0902_0912/2__exp2/2,groundmore,test,9KhJO4UloIE_0902_0912,2__exp2,2,sequential,What does the man wearing red pants throw off the backboard before scoring a point?,1,opg_no_monotonic,ensemble,0,0,,,0,0.0,0.0,0.0
groundmore/9KhJO4UloIE_0902_0912/2__exp2/2,groundmore,test,9KhJO4UloIE_0902_0912,2__exp2,2,sequential,What does the man wearing red pants throw off the backboard before scoring a point?,1,opg_no_order_loss,ensemble,0,0,,,0,0.0,0.0,0.0
groundmore/9KhJO4UloIE_0902_0912/2__exp2/2,groundmore,test,9KhJO4UloIE_0902_0912,2__exp2,2,sequential,What does the man wearing red pants throw off the backboard before scoring a point?,1,opg_full,ensemble,0,0,,,0,0.0,0.0,0.0
groundmore/BRPC8mq0_ks_1013_1019/1__exp1/1,groundmore,test,BRPC8mq0_ks_1013_1019,1__exp1,1,sequential,Who closes the box after filling it with bottles?,1,mean_pool,ensemble,0,0,,,0,0.0,0.0,0.0
groundmore/BRPC8mq0_ks_1013_1019/1__exp1/1,groundmore,test,BRPC8mq0_ks_1013_1019,1__exp1,1,sequential,Who closes the box after filling it with bottles?,1,opg_no_monotonic,ensemble,0,0,,,0,0.0,0.0,0.0
groundmore/BRPC8mq0_ks_1013_1019/1__exp1/1,groundmore,test,BRPC8mq0_ks_1013_1019,1__exp1,1,sequential,Who closes the box after filling it with bottles?,1,opg_no_order_loss,ensemble,0,0,,,0,0.0,0.0,0.0
groundmore/BRPC8mq0_ks_1013_1019/1__exp1/1,groundmore,test,BRPC8mq0_ks_1013_1019,1__exp1,1,sequential,Who closes the box after filling it with bottles?,1,opg_full,ensemble,0,0,,,0,0.0,0.0,0.0
groundmore/BRPC8mq0_ks_1013_1019/2__exp2/2,groundmore,test,BRPC8mq0_ks_1013_1019,2__exp2,2,sequential,What does the worker close after filling it with bottles?,1,mean_pool,ensemble,0,0,,,0,0.0,0.0,0.0
groundmore/BRPC8mq0_ks_1013_1019/2__exp2/2,groundmore,test,BRPC8mq0_ks_1013_1019,2__exp2,2,sequential,What does the worker close after filling it with bottles?,1,opg_no_monotonic,ensemble,0,0,,,0,0.0,0.0,0.0
groundmore/BRPC8mq0_ks_1013_1019/2__exp2/2,groundmore,test,BRPC8mq0_ks_1013_1019,2__exp2,2,sequential,What does the worker close after filling it with bottles?,1,opg_no_order_loss,ensemble,0,0,,,0,0.0,0.0,0.0
groundmore/BRPC8mq0_ks_1013_1019/2__exp2/2,groundmore,test,BRPC8mq0_ks_1013_1019,2__exp2,2,sequential,What does the worker close after filling it with bottles?,1,opg_full,ensemble,0,0,,,0,0.0,0.0,0.0
groundmore/BRPC8mq0_ks_1439_1453/1__exp1/1,groundmore,test,BRPC8mq0_ks_1439_1453,1__exp1,1,sequential,Who catches the bag from the conveyor belt before setting it down?,1,mean_pool,ensemble,0,1,0,0,0,0.1520626464758332,0.2214898822976193,0.18677626438672623
groundmore/BRPC8mq0_ks_1439_1453/1__exp1/1,groundmore,test,BRPC8mq0_ks_1439_1453,1__exp1,1,sequential,Who catches the bag from the conveyor belt before setting it down?,1,mean_pool,11,0,1,0,0,0,0.1520626464758332,0.2214898822976193,0.18677626438672623
groundmore/BRPC8mq0_ks_1439_1453/1__exp1/1,groundmore,test,BRPC8mq0_ks_1439_1453,1__exp1,1,sequential,Who catches the bag from the conveyor belt before setting it down?,1,mean_pool,23,0,1,0,0,0,0.1520626464758332,0.2214898822976193,0.18677626438672623
groundmore/BRPC8mq0_ks_1439_1453/1__exp1/1,groundmore,test,BRPC8mq0_ks_1439_1453,1__exp1,1,sequential,Who catches the bag from the conveyor belt before setting it down?,1,mean_pool,42,0,1,0,0,0,0.1520626464758332,0.2214898822976193,0.18677626438672623
groundmore/BRPC8mq0_ks_1439_1453/1__exp1/1,groundmore,test,BRPC8mq0_ks_1439_1453,1__exp1,1,sequential,Who catches the bag from the conveyor belt before setting it down?,1,opg_no_monotonic,ensemble,0,1,0,0,0,0.1520626464758332,0.2214898822976193,0.18677626438672623
groundmore/BRPC8mq0_ks_1439_1453/1__exp1/1,groundmore,test,BRPC8mq0_ks_1439_1453,1__exp1,1,sequential,Who catches the bag from the conveyor belt before setting it down?,1,opg_no_monotonic,11,0,1,0,0,0,0.1520626464758332,0.2214898822976193,0.18677626438672623
groundmore/BRPC8mq0_ks_1439_1453/1__exp1/1,groundmore,test,BRPC8mq0_ks_1439_1453,1__exp1,1,sequential,Who catches the bag from the conveyor belt before setting it down?,1,opg_no_monotonic,23,0,1,0,0,0,0.1520626464758332,0.2214898822976193,0.18677626438672623
groundmore/BRPC8mq0_ks_1439_1453/1__exp1/1,groundmore,test,BRPC8mq0_ks_1439_1453,1__exp1,1,sequential,Who catches the bag from the conveyor belt before setting it down?,1,opg_no_monotonic,42,0,1,0,0,0,0.1520626464758332,0.2214898822976193,0.18677626438672623
groundmore/BRPC8mq0_ks_1439_1453/1__exp1/1,groundmore,test,BRPC8mq0_ks_1439_1453,1__exp1,1,sequential,Who catches the bag from the conveyor belt before setting it down?,1,opg_no_order_loss,ensemble,0,1,0,0,0,0.1520626464758332,0.2214898822976193,0.18677626438672623
groundmore/BRPC8mq0_ks_1439_1453/1__exp1/1,groundmore,test,BRPC8mq0_ks_1439_1453,1__exp1,1,sequential,Who catches the bag from the conveyor belt before setting it down?,1,opg_no_order_loss,11,0,1,0,0,0,0.1520626464758332,0.2214898822976193,0.18677626438672623
groundmore/BRPC8mq0_ks_1439_1453/1__exp1/1,groundmore,test,BRPC8mq0_ks_1439_1453,1__exp1,1,sequential,Who catches the bag from the conveyor belt before setting it down?,1,opg_no_order_loss,23,0,1,0,0,0,0.1520626464758332,0.2214898822976193,0.18677626438672623
groundmore/BRPC8mq0_ks_1439_1453/1__exp1/1,groundmore,test,BRPC8mq0_ks_1439_1453,1__exp1,1,sequential,Who catches the bag from the conveyor belt before setting it down?,1,opg_no_order_loss,42,0,1,0,0,0,0.1520626464758332,0.2214898822976193,0.18677626438672623
groundmore/BRPC8mq0_ks_1439_1453/1__exp1/1,groundmore,test,BRPC8mq0_ks_1439_1453,1__exp1,1,sequential,Who catches the bag from the conveyor belt before setting it down?,1,opg_full,ensemble,0,1,0,0,0,0.1520626464758332,0.2214898822976193,0.18677626438672623
groundmore/BRPC8mq0_ks_1439_1453/1__exp1/1,groundmore,test,BRPC8mq0_ks_1439_1453,1__exp1,1,sequential,Who catches the bag from the conveyor belt before setting it down?,1,opg_full,11,0,1,0,0,0,0.1520626464758332,0.2214898822976193,0.18677626438672623
groundmore/BRPC8mq0_ks_1439_1453/1__exp1/1,groundmore,test,BRPC8mq0_ks_1439_1453,1__exp1,1,sequential,Who catches the bag from the conveyor belt before setting it down?,1,opg_full,23,0,1,0,0,0,0.1520626464758332,0.2214898822976193,0.18677626438672623
groundmore/BRPC8mq0_ks_1439_1453/1__exp1/1,groundmore,test,BRPC8mq0_ks_1439_1453,1__exp1,1,sequential,Who catches the bag from the conveyor belt before setting it down?,1,opg_full,42,0,1,0,0,0,0.1520626464758332,0.2214898822976193,0.18677626438672623
groundmore/BRPC8mq0_ks_1439_1453/2__exp2/2,groundmore,test,BRPC8mq0_ks_1439_1453,2__exp2,2,sequential,What does the worker in white catch from the conveyor belt before setting it down?,1,mean_pool,ensemble,0,0,,,0,0.0,0.0,0.0
groundmore/BRPC8mq0_ks_1439_1453/2__exp2/2,groundmore,test,BRPC8mq0_ks_1439_1453,2__exp2,2,sequential,What does the worker in white catch from the conveyor belt before setting it down?,1,opg_no_monotonic,ensemble,0,0,,,0,0.0,0.0,0.0
groundmore/BRPC8mq0_ks_1439_1453/2__exp2/2,groundmore,test,BRPC8mq0_ks_1439_1453,2__exp2,2,sequential,What does the worker in white catch from the conveyor belt before setting it down?,1,opg_no_order_loss,ensemble,0,0,,,0,0.0,0.0,0.0
groundmore/BRPC8mq0_ks_1439_1453/2__exp2/2,groundmore,test,BRPC8mq0_ks_1439_1453,2__exp2,2,sequential,What does the worker in white catch from the conveyor belt before setting it down?,1,opg_full,ensemble,0,0,,,0,0.0,0.0,0.0
groundmore/BRPC8mq0_ks_1439_1453/3__exp3/3,groundmore,test,BRPC8mq0_ks_1439_1453,3__exp3,3,sequential,From what does the worker in white catch the bag before setting it down?,1,mean_pool,ensemble,0,0,,,0,0.0,0.0,0.0
groundmore/BRPC8mq0_ks_1439_1453/3__exp3/3,groundmore,test,BRPC8mq0_ks_1439_1453,3__exp3,3,sequential,From what does the worker in white catch the bag before setting it down?,1,opg_no_monotonic,ensemble,0,0,,,0,0.0,0.0,0.0
groundmore/BRPC8mq0_ks_1439_1453/3__exp3/3,groundmore,test,BRPC8mq0_ks_1439_1453,3__exp3,3,sequential,From what does the worker in white catch the bag before setting it down?,1,opg_no_order_loss,ensemble,0,0,,,0,0.0,0.0,0.0
groundmore/BRPC8mq0_ks_1439_1453/3__exp3/3,groundmore,test,BRPC8mq0_ks_1439_1453,3__exp3,3,sequential,From what does the worker in white catch the bag before setting it down?,1,opg_full,ensemble,0,0,,,0,0.0,0.0,0.0
groundmore/GKLVOXU4w-U_0400_0410/1__exp1/1,groundmore,test,GKLVOXU4w-U_0400_0410,1__exp1,1,sequential,Who takes a bite of food after the man hands the little girl a piece of food?,1,mean_pool,ensemble,0,0,,,0,0.0,0.0,0.0
groundmore/GKLVOXU4w-U_0400_0410/1__exp1/1,groundmore,test,GKLVOXU4w-U_0400_0410,1__exp1,1,sequential,Who takes a bite of food after the man hands the little girl a piece of food?,1,opg_no_monotonic,ensemble,0,0,,,0,0.0,0.0,0.0
groundmore/GKLVOXU4w-U_0400_0410/1__exp1/1,groundmore,test,GKLVOXU4w-U_0400_0410,1__exp1,1,sequential,Who takes a bite of food after the man hands the little girl a piece of food?,1,opg_no_order_loss,ensemble,0,0,,,0,0.0,0.0,0.0
groundmore/GKLVOXU4w-U_0400_0410/1__exp1/1,groundmore,test,GKLVOXU4w-U_0400_0410,1__exp1,1,sequential,Who takes a bite of food after the man hands the little girl a piece of food?,1,opg_full,ensemble,0,0,,,0,0.0,0.0,0.0
groundmore/GKLVOXU4w-U_0400_0410/2__exp2/2,groundmore,test,GKLVOXU4w-U_0400_0410,2__exp2,2,sequential,What does the little girl take a bite of after the man hands her a piece of food?,1,mean_pool,ensemble,0,0,,,0,0.0,0.0,0.0
groundmore/GKLVOXU4w-U_0400_0410/2__exp2/2,groundmore,test,GKLVOXU4w-U_0400_0410,2__exp2,2,sequential,What does the little girl take a bite of after the man hands her a piece of food?,1,opg_no_monotonic,ensemble,0,0,,,0,0.0,0.0,0.0
groundmore/GKLVOXU4w-U_0400_0410/2__exp2/2,groundmore,test,GKLVOXU4w-U_0400_0410,2__exp2,2,sequential,What does the little girl take a bite of after the man hands her a piece of food?,1,opg_no_order_loss,ensemble,0,0,,,0,0.0,0.0,0.0
groundmore/GKLVOXU4w-U_0400_0410/2__exp2/2,groundmore,test,GKLVOXU4w-U_0400_0410,2__exp2,2,sequential,What does the little girl take a bite of after the man hands her a piece of food?,1,opg_full,ensemble,0,0,,,0,0.0,0.0,0.0
groundmore/GehSLnRjPZA_0340_0350/1__exp1/1,groundmore,test,GehSLnRjPZA_0340_0350,1__exp1,1,sequential,Who grabs two bags of chips after putting on a backpack?,1,mean_pool,ensemble,1,2,1,1,1,0.7373976646827115,0.7662870399190115,0.7518423523008615
groundmore/GehSLnRjPZA_0340_0350/1__exp1/1,groundmore,test,GehSLnRjPZA_0340_0350,1__exp1,1,sequential,Who grabs two bags of chips after putting on a backpack?,1,mean_pool,11,1,2,1,1,1,0.7373976646827115,0.7662870399190115,0.7518423523008615
groundmore/GehSLnRjPZA_0340_0350/1__exp1/1,groundmore,test,GehSLnRjPZA_0340_0350,1__exp1,1,sequential,Who grabs two bags of chips after putting on a backpack?,1,mean_pool,23,1,2,1,1,1,0.7373976646827115,0.7662870399190115,0.7518423523008615
groundmore/GehSLnRjPZA_0340_0350/1__exp1/1,groundmore,test,GehSLnRjPZA_0340_0350,1__exp1,1,sequential,Who grabs two bags of chips after putting on a backpack?,1,mean_pool,42,1,2,1,1,1,0.7373976646827115,0.7662870399190115,0.7518423523008615
groundmore/GehSLnRjPZA_0340_0350/1__exp1/1,groundmore,test,GehSLnRjPZA_0340_0350,1__exp1,1,sequential,Who grabs two bags of chips after putting on a backpack?,1,opg_no_monotonic,ensemble,1,2,1,1,1,0.7373976646827115,0.7662870399190115,0.7518423523008615
groundmore/GehSLnRjPZA_0340_0350/1__exp1/1,groundmore,test,GehSLnRjPZA_0340_0350,1__exp1,1,sequential,Who grabs two bags of chips after putting on a backpack?,1,opg_no_monotonic,11,1,2,1,1,1,0.7373976646827115,0.7662870399190115,0.7518423523008615
groundmore/GehSLnRjPZA_0340_0350/1__exp1/1,groundmore,test,GehSLnRjPZA_0340_0350,1__exp1,1,sequential,Who grabs two bags of chips after putting on a backpack?,1,opg_no_monotonic,23,1,2,1,1,1,0.7373976646827115,0.7662870399190115,0.7518423523008615
groundmore/GehSLnRjPZA_0340_0350/1__exp1/1,groundmore,test,GehSLnRjPZA_0340_0350,1__exp1,1,sequential,Who grabs two bags of chips after putting on a backpack?,1,opg_no_monotonic,42,1,2,1,1,1,0.7373976646827115,0.7662870399190115,0.7518423523008615
groundmore/GehSLnRjPZA_0340_0350/1__exp1/1,groundmore,test,GehSLnRjPZA_0340_0350,1__exp1,1,sequential,Who grabs two bags of chips after putting on a backpack?,1,opg_no_order_loss,ensemble,1,2,1,1,1,0.7373976646827115,0.7662870399190115,0.7518423523008615
groundmore/GehSLnRjPZA_0340_0350/1__exp1/1,groundmore,test,GehSLnRjPZA_0340_0350,1__exp1,1,sequential,Who grabs two bags of chips after putting on a backpack?,1,opg_no_order_loss,11,1,2,1,1,1,0.7373976646827115,0.7662870399190115,0.7518423523008615
groundmore/GehSLnRjPZA_0340_0350/1__exp1/1,groundmore,test,GehSLnRjPZA_0340_0350,1__exp1,1,sequential,Who grabs two bags of chips after putting on a backpack?,1,opg_no_order_loss,23,1,2,1,1,1,0.7373976646827115,0.7662870399190115,0.7518423523008615
groundmore/GehSLnRjPZA_0340_0350/1__exp1/1,groundmore,test,GehSLnRjPZA_0340_0350,1__exp1,1,sequential,Who grabs two bags of chips after putting on a backpack?,1,opg_no_order_loss,42,1,2,1,1,1,0.7373976646827115,0.7662870399190115,0.7518423523008615
groundmore/GehSLnRjPZA_0340_0350/1__exp1/1,groundmore,test,GehSLnRjPZA_0340_0350,1__exp1,1,sequential,Who grabs two bags of chips after putting on a backpack?,1,opg_full,ensemble,1,2,1,1,1,0.7373976646827115,0.7662870399190115,0.7518423523008615
groundmore/GehSLnRjPZA_0340_0350/1__exp1/1,groundmore,test,GehSLnRjPZA_0340_0350,1__exp1,1,sequential,Who grabs two bags of chips after putting on a backpack?,1,opg_full,11,1,2,1,1,1,0.7373976646827115,0.7662870399190115,0.7518423523008615
groundmore/GehSLnRjPZA_0340_0350/1__exp1/1,groundmore,test,GehSLnRjPZA_0340_0350,1__exp1,1,sequential,Who grabs two bags of chips after putting on a backpack?,1,opg_full,23,1,2,1,1,1,0.7373976646827115,0.7662870399190115,0.7518423523008615
groundmore/GehSLnRjPZA_0340_0350/1__exp1/1,groundmore,test,GehSLnRjPZA_0340_0350,1__exp1,1,sequential,Who grabs two bags of chips after putting on a backpack?,1,opg_full,42,1,2,1,1,1,0.7373976646827115,0.7662870399190115,0.7518423523008615
groundmore/GehSLnRjPZA_0340_0350/2__exp2/2,groundmore,test,GehSLnRjPZA_0340_0350,2__exp2,2,sequential,What does the man grab after putting on a backpack?,1,mean_pool,ensemble,0,0,,,0,0.0,0.0,0.0
groundmore/GehSLnRjPZA_0340_0350/2__exp2/2,groundmore,test,GehSLnRjPZA_0340_0350,2__exp2,2,sequential,What does the man grab after putting on a backpack?,1,opg_no_monotonic,ensemble,0,0,,,0,0.0,0.0,0.0
groundmore/GehSLnRjPZA_0340_0350/2__exp2/2,groundmore,test,GehSLnRjPZA_0340_0350,2__exp2,2,sequential,What does the man grab after putting on a backpack?,1,opg_no_order_loss,ensemble,0,0,,,0,0.0,0.0,0.0
groundmore/GehSLnRjPZA_0340_0350/2__exp2/2,groundmore,test,GehSLnRjPZA_0340_0350,2__exp2,2,sequential,What does the man grab after putting on a backpack?,1,opg_full,ensemble,0,0,,,0,0.0,0.0,0.0
groundmore/HWF476qqNGg_1030_1045/1__exp1/1,groundmore,test,HWF476qqNGg_1030_1045,1__exp1,1,sequential,Who manoeuvres around the man in the black shorts and white shoes before accelerating under the hoop?,1,mean_pool,ensemble,0,0,,,0,0.0,0.0,0.0
groundmore/HWF476qqNGg_1030_1045/1__exp1/1,groundmore,test,HWF476qqNGg_1030_1045,1__exp1,1,sequential,Who manoeuvres around the man in the black shorts and white shoes before accelerating under the hoop?,1,opg_no_monotonic,ensemble,0,0,,,0,0.0,0.0,0.0
groundmore/HWF476qqNGg_1030_1045/1__exp1/1,groundmore,test,HWF476qqNGg_1030_1045,1__exp1,1,sequential,Who manoeuvres around the man in the black shorts and white shoes before accelerating under the hoop?,1,opg_no_order_loss,ensemble,0,0,,,0,0.0,0.0,0.0
groundmore/HWF476qqNGg_1030_1045/1__exp1/1,groundmore,test,HWF476qqNGg_1030_1045,1__exp1,1,sequential,Who manoeuvres around the man in the black shorts and white shoes before accelerating under the hoop?,1,opg_full,ensemble,0,0,,,0,0.0,0.0,0.0
groundmore/HWF476qqNGg_1030_1045/1__exp10/10,groundmore,test,HWF476qqNGg_1030_1045,1__exp10,10,sequential,Who accelerates under the hoop before passing the ball to the man in the orange shorts?,1,mean_pool,ensemble,0,0,,,0,0.0,0.0,0.0
groundmore/HWF476qqNGg_1030_1045/1__exp10/10,groundmore,test,HWF476qqNGg_1030_1045,1__exp10,10,sequential,Who accelerates under the hoop before passing the ball to the man in the orange shorts?,1,opg_no_monotonic,ensemble,0,0,,,0,0.0,0.0,0.0
groundmore/HWF476qqNGg_1030_1045/1__exp10/10,groundmore,test,HWF476qqNGg_1030_1045,1__exp10,10,sequential,Who accelerates under the hoop before passing the ball to the man in the orange shorts?,1,opg_no_order_loss,ensemble,0,0,,,0,0.0,0.0,0.0
groundmore/HWF476qqNGg_1030_1045/1__exp10/10,groundmore,test,HWF476qqNGg_1030_1045,1__exp10,10,sequential,Who accelerates under the hoop before passing the ball to the man in the orange shorts?,1,opg_full,ensemble,0,0,,,0,0.0,0.0,0.0
groundmore/HWF476qqNGg_1030_1045/1__exp17/17,groundmore,test,HWF476qqNGg_1030_1045,1__exp17,17,sequential,Who passes the ball to the man in the orange shorts?,0,mean_pool,ensemble,0,0,,,0,0.0,0.0,0.0
groundmore/HWF476qqNGg_1030_1045/1__exp17/17,groundmore,test,HWF476qqNGg_1030_1045,1__exp17,17,sequential,Who passes the ball to the man in the orange shorts?,0,opg_no_monotonic,ensemble,0,0,,,0,0.0,0.0,0.0
groundmore/HWF476qqNGg_1030_1045/1__exp17/17,groundmore,test,HWF476qqNGg_1030_1045,1__exp17,17,sequential,Who passes the ball to the man in the orange shorts?,0,opg_no_order_loss,ensemble,0,0,,,0,0.0,0.0,0.0
groundmore/HWF476qqNGg_1030_1045/1__exp17/17,groundmore,test,HWF476qqNGg_1030_1045,1__exp17,17,sequential,Who passes the ball to the man in the orange shorts?,0,opg_full,ensemble,0,0,,,0,0.0,0.0,0.0
groundmore/HWF476qqNGg_1030_1045/2__exp2/2,groundmore,test,HWF476qqNGg_1030_1045,2__exp2,2,sequential,Who does the man in the orange shoes manoeuvre around before accelerating under the hoop?,1,mean_pool,ensemble,0,0,,,0,0.0,0.0,0.0
groundmore/HWF476qqNGg_1030_1045/2__exp2/2,groundmore,test,HWF476qqNGg_1030_1045,2__exp2,2,sequential,Who does the man in the orange shoes manoeuvre around before accelerating under the hoop?,1,opg_no_monotonic,ensemble,0,0,,,0,0.0,0.0,0.0
groundmore/HWF476qqNGg_1030_1045/2__exp2/2,groundmore,test,HWF476qqNGg_1030_1045,2__exp2,2,sequential,Who does the man in the orange shoes manoeuvre around before accelerating under the hoop?,1,opg_no_order_loss,ensemble,0,0,,,0,0.0,0.0,0.0
groundmore/HWF476qqNGg_1030_1045/2__exp2/2,groundmore,test,HWF476qqNGg_1030_1045,2__exp2,2,sequential,Who does the man in the orange shoes manoeuvre around before accelerating under the hoop?,1,opg_full,ensemble,0,0,,,0,0.0,0.0,0.0
groundmore/HWF476qqNGg_1030_1045/3__exp11/11,groundmore,test,HWF476qqNGg_1030_1045,3__exp11,11,sequential,Under what does the man in the orange shoes accelerate before passing the ball to the man in the orange shorts?,1,mean_pool,ensemble,0,0,,,0,0.0,0.0,0.0
groundmore/HWF476qqNGg_1030_1045/3__exp11/11,groundmore,test,HWF476qqNGg_1030_1045,3__exp11,11,sequential,Under what does the man in the orange shoes accelerate before passing the ball to the man in the orange shorts?,1,opg_no_monotonic,ensemble,0,0,,,0,0.0,0.0,0.0
groundmore/HWF476qqNGg_1030_1045/3__exp11/11,groundmore,test,HWF476qqNGg_1030_1045,3__exp11,11,sequential,Under what does the man in the orange shoes accelerate before passing the ball to the man in the orange shorts?,1,opg_no_order_loss,ensemble,0,0,,,0,0.0,0.0,0.0
groundmore/HWF476qqNGg_1030_1045/3__exp11/11,groundmore,test,HWF476qqNGg_1030_1045,3__exp11,11,sequential,Under what does the man in the orange shoes accelerate before passing the ball to the man in the orange shorts?,1,opg_full,ensemble,0,0,,,0,0.0,0.0,0.0
groundmore/HWF476qqNGg_1030_1045/3__exp3/3,groundmore,test,HWF476qqNGg_1030_1045,3__exp3,3,sequential,Where does the man in the orange shoes accelerate to after manoeuvring around the man in the black shorts and white shoes?,1,mean_pool,ensemble,0,0,,,0,0.0,0.0,0.0
groundmore/HWF476qqNGg_1030_1045/3__exp3/3,groundmore,test,HWF476qqNGg_1030_1045,3__exp3,3,sequential,Where does the man in the orange shoes accelerate to after manoeuvring around the man in the black shorts and white shoes?,1,opg_no_monotonic,ensemble,0,0,,,0,0.0,0.0,0.0
groundmore/HWF476qqNGg_1030_1045/3__exp3/3,groundmore,test,HWF476qqNGg_1030_1045,3__exp3,3,sequential,Where does the man in the orange shoes accelerate to after manoeuvring around the man in the black shorts and white shoes?,1,opg_no_order_loss,ensemble,0,0,,,0,0.0,0.0,0.0
groundmore/HWF476qqNGg_1030_1045/3__exp3/3,groundmore,test,HWF476qqNGg_1030_1045,3__exp3,3,sequential,Where does the man in the orange shoes accelerate to after manoeuvring around the man in the black shorts and white shoes?,1,opg_full,ensemble,0,0,,,0,0.0,0.0,0.0
groundmore/HWF476qqNGg_1030_1045/5__exp12/12,groundmore,test,HWF476qqNGg_1030_1045,5__exp12,12,sequential,To whom does the man in the orange shoes pass the ball after accelerating under the hoop?,1,mean_pool,ensemble,0,0,,,0,0.0,0.0,0.0
groundmore/HWF476qqNGg_1030_1045/5__exp12/12,groundmore,test,HWF476qqNGg_1030_1045,5__exp12,12,sequential,To whom does the man in the orange shoes pass the ball after accelerating under the hoop?,1,opg_no_monotonic,ensemble,0,0,,,0,0.0,0.0,0.0
groundmore/HWF476qqNGg_1030_1045/5__exp12/12,groundmore,test,HWF476qqNGg_1030_1045,5__exp12,12,sequential,To whom does the man in the orange shoes pass the ball after accelerating under the hoop?,1,opg_no_order_loss,ensemble,0,0,,,0,0.0,0.0,0.0
groundmore/HWF476qqNGg_1030_1045/5__exp12/12,groundmore,test,HWF476qqNGg_1030_1045,5__exp12,12,sequential,To whom does the man in the orange shoes pass the ball after accelerating under the hoop?,1,opg_full,ensemble,0,0,,,0,0.0,0.0,0.0
groundmore/HWF476qqNGg_1030_1045/5__exp18/18,groundmore,test,HWF476qqNGg_1030_1045,5__exp18,18,sequential,Who shoots the ball after the ball is passed?,1,mean_pool,ensemble,1,2,1,1,1,0.85,0.85,0.85
groundmore/HWF476qqNGg_1030_1045/5__exp18/18,groundmore,test,HWF476qqNGg_1030_1045,5__exp18,18,sequential,Who shoots the ball after the ball is passed?,1,mean_pool,11,1,2,1,1,1,0.85,0.85,0.85
groundmore/HWF476qqNGg_1030_1045/5__exp18/18,groundmore,test,HWF476qqNGg_1030_1045,5__exp18,18,sequential,Who shoots the ball after the ball is passed?,1,mean_pool,23,1,2,1,1,1,0.85,0.85,0.85
groundmore/HWF476qqNGg_1030_1045/5__exp18/18,groundmore,test,HWF476qqNGg_1030_1045,5__exp18,18,sequential,Who shoots the ball after the ball is passed?,1,mean_pool,42,1,2,1,1,1,0.85,0.85,0.85
groundmore/HWF476qqNGg_1030_1045/5__exp18/18,groundmore,test,HWF476qqNGg_1030_1045,5__exp18,18,sequential,Who shoots the ball after the ball is passed?,1,opg_no_monotonic,ensemble,1,2,1,1,1,0.85,0.85,0.85
groundmore/HWF476qqNGg_1030_1045/5__exp18/18,groundmore,test,HWF476qqNGg_1030_1045,5__exp18,18,sequential,Who shoots the ball after the ball is passed?,1,opg_no_monotonic,11,1,2,1,1,1,0.85,0.85,0.85
groundmore/HWF476qqNGg_1030_1045/5__exp18/18,groundmore,test,HWF476qqNGg_1030_1045,5__exp18,18,sequential,Who shoots the ball after the ball is passed?,1,opg_no_monotonic,23,1,2,1,1,1,0.85,0.85,0.85
groundmore/HWF476qqNGg_1030_1045/5__exp18/18,groundmore,test,HWF476qqNGg_1030_1045,5__exp18,18,sequential,Who shoots the ball after the ball is passed?,1,opg_no_monotonic,42,1,2,1,1,1,0.85,0.85,0.85
groundmore/HWF476qqNGg_1030_1045/5__exp18/18,groundmore,test,HWF476qqNGg_1030_1045,5__exp18,18,sequential,Who shoots the ball after the ball is passed?,1,opg_no_order_loss,ensemble,1,2,1,1,1,0.85,0.85,0.85
groundmore/HWF476qqNGg_1030_1045/5__exp18/18,groundmore,test,HWF476qqNGg_1030_1045,5__exp18,18,sequential,Who shoots the ball after the ball is passed?,1,opg_no_order_loss,11,1,2,1,1,1,0.85,0.85,0.85
groundmore/HWF476qqNGg_1030_1045/5__exp18/18,groundmore,test,HWF476qqNGg_1030_1045,5__exp18,18,sequential,Who shoots the ball after the ball is passed?,1,opg_no_order_loss,23,1,2,1,1,1,0.85,0.85,0.85
groundmore/HWF476qqNGg_1030_1045/5__exp18/18,groundmore,test,HWF476qqNGg_1030_1045,5__exp18,18,sequential,Who shoots the ball after the ball is passed?,1,opg_no_order_loss,42,1,2,1,1,1,0.85,0.85,0.85
groundmore/HWF476qqNGg_1030_1045/5__exp18/18,groundmore,test,HWF476qqNGg_1030_1045,5__exp18,18,sequential,Who shoots the ball after the ball is passed?,1,opg_full,ensemble,1,2,1,1,1,0.85,0.85,0.85
groundmore/HWF476qqNGg_1030_1045/5__exp18/18,groundmore,test,HWF476qqNGg_1030_1045,5__exp18,18,sequential,Who shoots the ball after the ball is passed?,1,opg_full,11,1,2,1,1,1,0.85,0.85,0.85
groundmore/HWF476qqNGg_1030_1045/5__exp18/18,groundmore,test,HWF476qqNGg_1030_1045,5__exp18,18,sequential,Who shoots the ball after the ball is passed?,1,opg_full,23,1,2,1,1,1,0.85,0.85,0.85
groundmore/HWF476qqNGg_1030_1045/5__exp18/18,groundmore,test,HWF476qqNGg_1030_1045,5__exp18,18,sequential,Who shoots the ball after the ball is passed?,1,opg_full,42,1,2,1,1,1,0.85,0.85,0.85
groundmore/HWF476qqNGg_1030_1045/6__exp13/13,groundmore,test,HWF476qqNGg_1030_1045,6__exp13,13,sequential,What does the man in the orange shoes pass to the man in orange shorts after accelerating under the hoop?,1,mean_pool,ensemble,0,0,,,0,0.0,0.0,0.0
groundmore/HWF476qqNGg_1030_1045/6__exp13/13,groundmore,test,HWF476qqNGg_1030_1045,6__exp13,13,sequential,What does the man in the orange shoes pass to the man in orange shorts after accelerating under the hoop?,1,opg_no_monotonic,ensemble,0,0,,,0,0.0,0.0,0.0
groundmore/HWF476qqNGg_1030_1045/6__exp13/13,groundmore,test,HWF476qqNGg_1030_1045,6__exp13,13,sequential,What does the man in the orange shoes pass to the man in orange shorts after accelerating under the hoop?,1,opg_no_order_loss,ensemble,0,0,,,0,0.0,0.0,0.0
groundmore/HWF476qqNGg_1030_1045/6__exp13/13,groundmore,test,HWF476qqNGg_1030_1045,6__exp13,13,sequential,What does the man in the orange shoes pass to the man in orange shorts after accelerating under the hoop?,1,opg_full,ensemble,0,0,,,0,0.0,0.0,0.0
groundmore/HWF476qqNGg_1030_1045/6__exp19/19,groundmore,test,HWF476qqNGg_1030_1045,6__exp19,19,sequential,What does the man in the orange shoes pass to the man in the orange shorts?,0,mean_pool,ensemble,0,0,,,0,0.0,0.0,0.0
groundmore/HWF476qqNGg_1030_1045/6__exp19/19,groundmore,test,HWF476qqNGg_1030_1045,6__exp19,19,sequential,What does the man in the orange shoes pass to the man in the orange shorts?,0,opg_no_monotonic,ensemble,0,0,,,0,0.0,0.0,0.0
groundmore/HWF476qqNGg_1030_1045/6__exp19/19,groundmore,test,HWF476qqNGg_1030_1045,6__exp19,19,sequential,What does the man in the orange shoes pass to the man in the orange shorts?,0,opg_no_order_loss,ensemble,0,0,,,0,0.0,0.0,0.0
groundmore/HWF476qqNGg_1030_1045/6__exp19/19,groundmore,test,HWF476qqNGg_1030_1045,6__exp19,19,sequential,What does the man in the orange shoes pass to the man in the orange shorts?,0,opg_full,ensemble,0,0,,,0,0.0,0.0,0.0
groundmore/HWF476qqNGg_1030_1045/6__exp20/20,groundmore,test,HWF476qqNGg_1030_1045,6__exp20,20,sequential,What does the man in the orange shorts shoot after the ball is passed to him?,1,mean_pool,ensemble,0,0,,,0,0.0,0.0,0.0
groundmore/HWF476qqNGg_1030_1045/6__exp20/20,groundmore,test,HWF476qqNGg_1030_1045,6__exp20,20,sequential,What does the man in the orange shorts shoot after the ball is passed to him?,1,opg_no_monotonic,ensemble,0,0,,,0,0.0,0.0,0.0
groundmore/HWF476qqNGg_1030_1045/6__exp20/20,groundmore,test,HWF476qqNGg_1030_1045,6__exp20,20,sequential,What does the man in the orange shorts shoot after the ball is passed to him?,1,opg_no_order_loss,ensemble,0,0,,,0,0.0,0.0,0.0
groundmore/HWF476qqNGg_1030_1045/6__exp20/20,groundmore,test,HWF476qqNGg_1030_1045,6__exp20,20,sequential,What does the man in the orange shorts shoot after the ball is passed to him?,1,opg_full,ensemble,0,0,,,0,0.0,0.0,0.0
groundmore/HWF476qqNGg_1045_1055/1__exp1/1,groundmore,test,HWF476qqNGg_1045_1055,1__exp1,1,sequential,Who dribbles near the hoop before shooting the ball?,1,mean_pool,ensemble,0,1,0,0,0,0.10235086284744228,0.16712814296437756,0.1347395029059099
groundmore/HWF476qqNGg_1045_1055/1__exp1/1,groundmore,test,HWF476qqNGg_1045_1055,1__exp1,1,sequential,Who dribbles near the hoop before shooting the ball?,1,mean_pool,11,0,1,0,0,0,0.10235086284744228,0.16712814296437756,0.1347395029059099
groundmore/HWF476qqNGg_1045_1055/1__exp1/1,groundmore,test,HWF476qqNGg_1045_1055,1__exp1,1,sequential,Who dribbles near the hoop before shooting the ball?,1,mean_pool,23,0,1,0,0,0,0.10235086284744228,0.16712814296437756,0.1347395029059099
groundmore/HWF476qqNGg_1045_1055/1__exp1/1,groundmore,test,HWF476qqNGg_1045_1055,1__exp1,1,sequential,Who dribbles near the hoop before shooting the ball?,1,mean_pool,42,0,1,0,0,0,0.10235086284744228,0.16712814296437756,0.1347395029059099
groundmore/HWF476qqNGg_1045_1055/1__exp1/1,groundmore,test,HWF476qqNGg_1045_1055,1__exp1,1,sequential,Who dribbles near the hoop before shooting the ball?,1,opg_no_monotonic,ensemble,0,1,0,0,0,0.10235086284744228,0.16712814296437756,0.1347395029059099
groundmore/HWF476qqNGg_1045_1055/1__exp1/1,groundmore,test,HWF476qqNGg_1045_1055,1__exp1,1,sequential,Who dribbles near the hoop before shooting the ball?,1,opg_no_monotonic,11,0,1,0,0,0,0.10235086284744228,0.16712814296437756,0.1347395029059099
groundmore/HWF476qqNGg_1045_1055/1__exp1/1,groundmore,test,HWF476qqNGg_1045_1055,1__exp1,1,sequential,Who dribbles near the hoop before shooting the ball?,1,opg_no_monotonic,23,0,1,0,0,0,0.10235086284744228,0.16712814296437756,0.1347395029059099
groundmore/HWF476qqNGg_1045_1055/1__exp1/1,groundmore,test,HWF476qqNGg_1045_1055,1__exp1,1,sequential,Who dribbles near the hoop before shooting the ball?,1,opg_no_monotonic,42,0,1,0,0,0,0.10235086284744228,0.16712814296437756,0.1347395029059099
groundmore/HWF476qqNGg_1045_1055/1__exp1/1,groundmore,test,HWF476qqNGg_1045_1055,1__exp1,1,sequential,Who dribbles near the hoop before shooting the ball?,1,opg_no_order_loss,ensemble,0,1,0,0,0,0.10235086284744228,0.16712814296437756,0.1347395029059099
groundmore/HWF476qqNGg_1045_1055/1__exp1/1,groundmore,test,HWF476qqNGg_1045_1055,1__exp1,1,sequential,Who dribbles near the hoop before shooting the ball?,1,opg_no_order_loss,11,0,1,0,0,0,0.10235086284744228,0.16712814296437756,0.1347395029059099
groundmore/HWF476qqNGg_1045_1055/1__exp1/1,groundmore,test,HWF476qqNGg_1045_1055,1__exp1,1,sequential,Who dribbles near the hoop before shooting the ball?,1,opg_no_order_loss,23,0,1,0,0,0,0.10235086284744228,0.16712814296437756,0.1347395029059099
groundmore/HWF476qqNGg_1045_1055/1__exp1/1,groundmore,test,HWF476qqNGg_1045_1055,1__exp1,1,sequential,Who dribbles near the hoop before shooting the ball?,1,opg_no_order_loss,42,0,1,0,0,0,0.10235086284744228,0.16712814296437756,0.1347395029059099
groundmore/HWF476qqNGg_1045_1055/1__exp1/1,groundmore,test,HWF476qqNGg_1045_1055,1__exp1,1,sequential,Who dribbles near the hoop before shooting the ball?,1,opg_full,ensemble,0,1,0,0,0,0.10235086284744228,0.16712814296437756,0.1347395029059099
groundmore/HWF476qqNGg_1045_1055/1__exp1/1,groundmore,test,HWF476qqNGg_1045_1055,1__exp1,1,sequential,Who dribbles near the hoop before shooting the ball?,1,opg_full,11,0,1,0,0,0,0.10235086284744228,0.16712814296437756,0.1347395029059099
groundmore/HWF476qqNGg_1045_1055/1__exp1/1,groundmore,test,HWF476qqNGg_1045_1055,1__exp1,1,sequential,Who dribbles near the hoop before shooting the ball?,1,opg_full,23,0,1,0,0,0,0.10235086284744228,0.16712814296437756,0.1347395029059099
groundmore/HWF476qqNGg_1045_1055/1__exp1/1,groundmore,test,HWF476qqNGg_1045_1055,1__exp1,1,sequential,Who dribbles near the hoop before shooting the ball?,1,opg_full,42,0,1,0,0,0,0.10235086284744228,0.16712814296437756,0.1347395029059099
groundmore/HWF476qqNGg_1045_1055/2__exp2/2,groundmore,test,HWF476qqNGg_1045_1055,2__exp2,2,sequential,Where does the man in the orange shoes dribble before shooting the ball?,1,mean_pool,ensemble,0,0,,,0,0.0,0.0,0.0
groundmore/HWF476qqNGg_1045_1055/2__exp2/2,groundmore,test,HWF476qqNGg_1045_1055,2__exp2,2,sequential,Where does the man in the orange shoes dribble before shooting the ball?,1,opg_no_monotonic,ensemble,0,0,,,0,0.0,0.0,0.0
groundmore/HWF476qqNGg_1045_1055/2__exp2/2,groundmore,test,HWF476qqNGg_1045_1055,2__exp2,2,sequential,Where does the man in the orange shoes dribble before shooting the ball?,1,opg_no_order_loss,ensemble,0,0,,,0,0.0,0.0,0.0
groundmore/HWF476qqNGg_1045_1055/2__exp2/2,groundmore,test,HWF476qqNGg_1045_1055,2__exp2,2,sequential,Where does the man in the orange shoes dribble before shooting the ball?,1,opg_full,ensemble,0,0,,,0,0.0,0.0,0.0
groundmore/HWF476qqNGg_1045_1055/3__exp3/3,groundmore,test,HWF476qqNGg_1045_1055,3__exp3,3,sequential,What does the man in the orange shoes shoot after dribbling near the hoop?,1,mean_pool,ensemble,0,0,,,0,0.0,0.0,0.0
groundmore/HWF476qqNGg_1045_1055/3__exp3/3,groundmore,test,HWF476qqNGg_1045_1055,3__exp3,3,sequential,What does the man in the orange shoes shoot after dribbling near the hoop?,1,opg_no_monotonic,ensemble,0,0,,,0,0.0,0.0,0.0
groundmore/HWF476qqNGg_1045_1055/3__exp3/3,groundmore,test,HWF476qqNGg_1045_1055,3__exp3,3,sequential,What does the man in the orange shoes shoot after dribbling near the hoop?,1,opg_no_order_loss,ensemble,0,0,,,0,0.0,0.0,0.0
groundmore/HWF476qqNGg_1045_1055/3__exp3/3,groundmore,test,HWF476qqNGg_1045_1055,3__exp3,3,sequential,What does the man in the orange shoes shoot after dribbling near the hoop?,1,opg_full,ensemble,0,0,,,0,0.0,0.0,0.0
groundmore/HWF476qqNGg_1103_1118/1__exp14/14,groundmore,test,HWF476qqNGg_1103_1118,1__exp14,14,sequential,Who tries to score with the ball after accelerating towards the hoop?,1,mean_pool,ensemble,0,0,,,0,0.0,0.0,0.0
groundmore/HWF476qqNGg_1103_1118/1__exp14/14,groundmore,test,HWF476qqNGg_1103_1118,1__exp14,14,sequential,Who tries to score with the ball after accelerating towards the hoop?,1,opg_no_monotonic,ensemble,0,0,,,0,0.0,0.0,0.0
groundmore/HWF476qqNGg_1103_1118/1__exp14/14,groundmore,test,HWF476qqNGg_1103_1118,1__exp14,14,sequential,Who tries to score with the ball after accelerating towards the hoop?,1,opg_no_order_loss,ensemble,0,0,,,0,0.0,0.0,0.0
groundmore/HWF476qqNGg_1103_1118/1__exp14/14,groundmore,test,HWF476qqNGg_1103_1118,1__exp14,14,sequential,Who tries to score with the ball after accelerating towards the hoop?,1,opg_full,ensemble,0,0,,,0,0.0,0.0,0.0
groundmore/HWF476qqNGg_1103_1118/1__exp21/21,groundmore,test,HWF476qqNGg_1103_1118,1__exp21,21,sequential,Who does the man in the orange shorts defend against after this person accelerates towards the hoop?,1,mean_pool,ensemble,0,0,,,0,0.0,0.0,0.0
groundmore/HWF476qqNGg_1103_1118/1__exp21/21,groundmore,test,HWF476qqNGg_1103_1118,1__exp21,21,sequential,Who does the man in the orange shorts defend against after this person accelerates towards the hoop?,1,opg_no_monotonic,ensemble,0,0,,,0,0.0,0.0,0.0
groundmore/HWF476qqNGg_1103_1118/1__exp21/21,groundmore,test,HWF476qqNGg_1103_1118,1__exp21,21,sequential,Who does the man in the orange shorts defend against after this person accelerates towards the hoop?,1,opg_no_order_loss,ensemble,0,0,,,0,0.0,0.0,0.0
groundmore/HWF476qqNGg_1103_1118/1__exp21/21,groundmore,test,HWF476qqNGg_1103_1118,1__exp21,21,sequential,Who does the man in the orange shorts defend against after this person accelerates towards the hoop?,1,opg_full,ensemble,0,0,,,0,0.0,0.0,0.0
groundmore/HWF476qqNGg_1103_1118/1__exp30/30,groundmore,test,HWF476qqNGg_1103_1118,1__exp30,30,sequential,Who may not be able to score because the man in the orange shorts jumps over him?,0,mean_pool,ensemble,1,2,0,0,1,0.75,0.75,0.75
groundmore/HWF476qqNGg_1103_1118/1__exp30/30,groundmore,test,HWF476qqNGg_1103_1118,1__exp30,30,sequential,Who may not be able to score because the man in the orange shorts jumps over him?,0,mean_pool,11,1,2,0,0,1,0.75,0.75,0.75
groundmore/HWF476qqNGg_1103_1118/1__exp30/30,groundmore,test,HWF476qqNGg_1103_1118,1__exp30,30,sequential,Who may not be able to score because the man in the orange shorts jumps over him?,0,mean_pool,23,1,2,0,0,1,0.75,0.75,0.75
groundmore/HWF476qqNGg_1103_1118/1__exp30/30,groundmore,test,HWF476qqNGg_1103_1118,1__exp30,30,sequential,Who may not be able to score because the man in the orange shorts jumps over him?,0,mean_pool,42,1,2,0,0,1,0.75,0.75,0.75
groundmore/HWF476qqNGg_1103_1118/1__exp30/30,groundmore,test,HWF476qqNGg_1103_1118,1__exp30,30,sequential,Who may not be able to score because the man in the orange shorts jumps over him?,0,opg_no_monotonic,ensemble,1,2,0,0,1,0.75,0.75,0.75
groundmore/HWF476qqNGg_1103_1118/1__exp30/30,groundmore,test,HWF476qqNGg_1103_1118,1__exp30,30,sequential,Who may not be able to score because the man in the orange shorts jumps over him?,0,opg_no_monotonic,11,1,2,0,0,1,0.75,0.75,0.75
groundmore/HWF476qqNGg_1103_1118/1__exp30/30,groundmore,test,HWF476qqNGg_1103_1118,1__exp30,30,sequential,Who may not be able to score because the man in the orange shorts jumps over him?,0,opg_no_monotonic,23,1,2,0,0,1,0.75,0.75,0.75
groundmore/HWF476qqNGg_1103_1118/1__exp30/30,groundmore,test,HWF476qqNGg_1103_1118,1__exp30,30,sequential,Who may not be able to score because the man in the orange shorts jumps over him?,0,opg_no_monotonic,42,1,2,0,0,1,0.75,0.75,0.75
groundmore/HWF476qqNGg_1103_1118/1__exp30/30,groundmore,test,HWF476qqNGg_1103_1118,1__exp30,30,sequential,Who may not be able to score because the man in the orange shorts jumps over him?,0,opg_no_order_loss,ensemble,1,2,0,0,1,0.75,0.75,0.75
groundmore/HWF476qqNGg_1103_1118/1__exp30/30,groundmore,test,HWF476qqNGg_1103_1118,1__exp30,30,sequential,Who may not be able to score because the man in the orange shorts jumps over him?,0,opg_no_order_loss,11,1,2,0,0,1,0.75,0.75,0.75
groundmore/HWF476qqNGg_1103_1118/1__exp30/30,groundmore,test,HWF476qqNGg_1103_1118,1__exp30,30,sequential,Who may not be able to score because the man in the orange shorts jumps over him?,0,opg_no_order_loss,23,1,2,0,0,1,0.75,0.75,0.75
groundmore/HWF476qqNGg_1103_1118/1__exp30/30,groundmore,test,HWF476qqNGg_1103_1118,1__exp30,30,sequential,Who may not be able to score because the man in the orange shorts jumps over him?,0,opg_no_order_loss,42,1,2,0,0,1,0.75,0.75,0.75
groundmore/HWF476qqNGg_1103_1118/1__exp30/30,groundmore,test,HWF476qqNGg_1103_1118,1__exp30,30,sequential,Who may not be able to score because the man in the orange shorts jumps over him?,0,opg_full,ensemble,1,2,0,0,1,0.75,0.75,0.75
groundmore/HWF476qqNGg_1103_1118/1__exp30/30,groundmore,test,HWF476qqNGg_1103_1118,1__exp30,30,sequential,Who may not be able to score because the man in the orange shorts jumps over him?,0,opg_full,11,1,2,0,0,1,0.75,0.75,0.75
groundmore/HWF476qqNGg_1103_1118/1__exp30/30,groundmore,test,HWF476qqNGg_1103_1118,1__exp30,30,sequential,Who may not be able to score because the man in the orange shorts jumps over him?,0,opg_full,23,1,2,0,0,1,0.75,0.75,0.75
groundmore/HWF476qqNGg_1103_1118/1__exp30/30,groundmore,test,HWF476qqNGg_1103_1118,1__exp30,30,sequential,Who may not be able to score because the man in the orange shorts jumps over him?,0,opg_full,42,1,2,0,0,1,0.75,0.75,0.75
groundmore/HWF476qqNGg_1103_1118/2__exp15/15,groundmore,test,HWF476qqNGg_1103_1118,2__exp15,15,sequential,What does the man in the yellow shorts try to score with after accelerating towards the hoop?,1,mean_pool,ensemble,0,0,,,0,0.0,0.0,0.0
groundmore/HWF476qqNGg_1103_1118/2__exp15/15,groundmore,test,HWF476qqNGg_1103_1118,2__exp15,15,sequential,What does the man in the yellow shorts try to score with after accelerating towards the hoop?,1,opg_no_monotonic,ensemble,0,0,,,0,0.0,0.0,0.0
groundmore/HWF476qqNGg_1103_1118/2__exp15/15,groundmore,test,HWF476qqNGg_1103_1118,2__exp15,15,sequential,What does the man in the yellow shorts try to score with after accelerating towards the hoop?,1,opg_no_order_loss,ensemble,0,0,,,0,0.0,0.0,0.0
groundmore/HWF476qqNGg_1103_1118/2__exp15/15,groundmore,test,HWF476qqNGg_1103_1118,2__exp15,15,sequential,What does the man in the yellow shorts try to score with after accelerating towards the hoop?,1,opg_full,ensemble,0,0,,,0,0.0,0.0,0.0
groundmore/HWF476qqNGg_1103_1118/5__exp20/20,groundmore,test,HWF476qqNGg_1103_1118,5__exp20,20,sequential,Who defends against the man in the yellow shorts after he accelerates towards the hoop?,1,mean_pool,ensemble,0,0,,,0,0.0,0.0,0.0
groundmore/HWF476qqNGg_1103_1118/5__exp20/20,groundmore,test,HWF476qqNGg_1103_1118,5__exp20,20,sequential,Who defends against the man in the yellow shorts after he accelerates towards the hoop?,1,opg_no_monotonic,ensemble,0,0,,,0,0.0,0.0,0.0
groundmore/HWF476qqNGg_1103_1118/5__exp20/20,groundmore,test,HWF476qqNGg_1103_1118,5__exp20,20,sequential,Who defends against the man in the yellow shorts after he accelerates towards the hoop?,1,opg_no_order_loss,ensemble,0,0,,,0,0.0,0.0,0.0
groundmore/HWF476qqNGg_1103_1118/5__exp20/20,groundmore,test,HWF476qqNGg_1103_1118,5__exp20,20,sequential,Who defends against the man in the yellow shorts after he accelerates towards the hoop?,1,opg_full,ensemble,0,0,,,0,0.0,0.0,0.0
groundmore/HWF476qqNGg_1200_1215/1__exp1/1,groundmore,test,HWF476qqNGg_1200_1215,1__exp1,1,sequential,Who guards the man in the yellow shorts after the man in the yellow shorts gains possession of the ball?,1,mean_pool,ensemble,0,0,,,0,0.0,0.0,0.0
groundmore/HWF476qqNGg_1200_1215/1__exp1/1,groundmore,test,HWF476qqNGg_1200_1215,1__exp1,1,sequential,Who guards the man in the yellow shorts after the man in the yellow shorts gains possession of the ball?,1,opg_no_monotonic,ensemble,0,0,,,0,0.0,0.0,0.0
groundmore/HWF476qqNGg_1200_1215/1__exp1/1,groundmore,test,HWF476qqNGg_1200_1215,1__exp1,1,sequential,Who guards the man in the yellow shorts after the man in the yellow shorts gains possession of the ball?,1,opg_no_order_loss,ensemble,0,0,,,0,0.0,0.0,0.0
groundmore/HWF476qqNGg_1200_1215/1__exp1/1,groundmore,test,HWF476qqNGg_1200_1215,1__exp1,1,sequential,Who guards the man in the yellow shorts after the man in the yellow shorts gains possession of the ball?,1,opg_full,ensemble,0,0,,,0,0.0,0.0,0.0
groundmore/HWF476qqNGg_1200_1215/1__exp6/6,groundmore,test,HWF476qqNGg_1200_1215,1__exp6,6,sequential,In front of whom does the man in the black shorts and the white shoes stand after the man in the yellow shorts gains possession of the ball?,1,mean_pool,ensemble,1,8,5,8,0,0.75,0.75,0.75
groundmore/HWF476qqNGg_1200_1215/1__exp6/6,groundmore,test,HWF476qqNGg_1200_1215,1__exp6,6,sequential,In front of whom does the man in the black shorts and the white shoes stand after the man in the yellow shorts gains possession of the ball?,1,mean_pool,11,1,8,5,8,0,0.75,0.75,0.75
groundmore/HWF476qqNGg_1200_1215/1__exp6/6,groundmore,test,HWF476qqNGg_1200_1215,1__exp6,6,sequential,In front of whom does the man in the black shorts and the white shoes stand after the man in the yellow shorts gains possession of the ball?,1,mean_pool,23,1,8,5,5,1,0.750039978334322,0.7548892980175188,0.7524646381759204
groundmore/HWF476qqNGg_1200_1215/1__exp6/6,groundmore,test,HWF476qqNGg_1200_1215,1__exp6,6,sequential,In front of whom does the man in the black shorts and the white shoes stand after the man in the yellow shorts gains possession of the ball?,1,mean_pool,42,1,8,5,8,0,0.75,0.75,0.75
groundmore/HWF476qqNGg_1200_1215/1__exp6/6,groundmore,test,HWF476qqNGg_1200_1215,1__exp6,6,sequential,In front of whom does the man in the black shorts and the white shoes stand after the man in the yellow shorts gains possession of the ball?,1,opg_no_monotonic,ensemble,1,8,5,8,0,0.75,0.75,0.75
groundmore/HWF476qqNGg_1200_1215/1__exp6/6,groundmore,test,HWF476qqNGg_1200_1215,1__exp6,6,sequential,In front of whom does the man in the black shorts and the white shoes stand after the man in the yellow shorts gains possession of the ball?,1,opg_no_monotonic,11,1,8,5,8,0,0.75,0.75,0.75
groundmore/HWF476qqNGg_1200_1215/1__exp6/6,groundmore,test,HWF476qqNGg_1200_1215,1__exp6,6,sequential,In front of whom does the man in the black shorts and the white shoes stand after the man in the yellow shorts gains possession of the ball?,1,opg_no_monotonic,23,1,8,5,5,1,0.750039978334322,0.7548892980175188,0.7524646381759204
groundmore/HWF476qqNGg_1200_1215/1__exp6/6,groundmore,test,HWF476qqNGg_1200_1215,1__exp6,6,sequential,In front of whom does the man in the black shorts and the white shoes stand after the man in the yellow shorts gains possession of the ball?,1,opg_no_monotonic,42,1,8,5,8,0,0.75,0.75,0.75
groundmore/HWF476qqNGg_1200_1215/1__exp6/6,groundmore,test,HWF476qqNGg_1200_1215,1__exp6,6,sequential,In front of whom does the man in the black shorts and the white shoes stand after the man in the yellow shorts gains possession of the ball?,1,opg_no_order_loss,ensemble,1,8,5,8,0,0.75,0.75,0.75
groundmore/HWF476qqNGg_1200_1215/1__exp6/6,groundmore,test,HWF476qqNGg_1200_1215,1__exp6,6,sequential,In front of whom does the man in the black shorts and the white shoes stand after the man in the yellow shorts gains possession of the ball?,1,opg_no_order_loss,11,1,8,5,8,0,0.75,0.75,0.75
groundmore/HWF476qqNGg_1200_1215/1__exp6/6,groundmore,test,HWF476qqNGg_1200_1215,1__exp6,6,sequential,In front of whom does the man in the black shorts and the white shoes stand after the man in the yellow shorts gains possession of the ball?,1,opg_no_order_loss,23,1,8,5,5,1,0.750039978334322,0.7548892980175188,0.7524646381759204
groundmore/HWF476qqNGg_1200_1215/1__exp6/6,groundmore,test,HWF476qqNGg_1200_1215,1__exp6,6,sequential,In front of whom does the man in the black shorts and the white shoes stand after the man in the yellow shorts gains possession of the ball?,1,opg_no_order_loss,42,1,8,5,8,0,0.75,0.75,0.75
groundmore/HWF476qqNGg_1200_1215/1__exp6/6,groundmore,test,HWF476qqNGg_1200_1215,1__exp6,6,sequential,In front of whom does the man in the black shorts and the white shoes stand after the man in the yellow shorts gains possession of the ball?,1,opg_full,ensemble,1,8,5,8,0,0.75,0.75,0.75
groundmore/HWF476qqNGg_1200_1215/1__exp6/6,groundmore,test,HWF476qqNGg_1200_1215,1__exp6,6,sequential,In front of whom does the man in the black shorts and the white shoes stand after the man in the yellow shorts gains possession of the ball?,1,opg_full,11,1,8,5,8,0,0.75,0.75,0.75
groundmore/HWF476qqNGg_1200_1215/1__exp6/6,groundmore,test,HWF476qqNGg_1200_1215,1__exp6,6,sequential,In front of whom does the man in the black shorts and the white shoes stand after the man in the yellow shorts gains possession of the ball?,1,opg_full,23,1,8,5,5,1,0.750039978334322,0.7548892980175188,0.7524646381759204
groundmore/HWF476qqNGg_1200_1215/1__exp6/6,groundmore,test,HWF476qqNGg_1200_1215,1__exp6,6,sequential,In front of whom does the man in the black shorts and the white shoes stand after the man in the yellow shorts gains possession of the ball?,1,opg_full,42,1,8,5,8,0,0.75,0.75,0.75
groundmore/HWF476qqNGg_1200_1215/2__exp2/2,groundmore,test,HWF476qqNGg_1200_1215,2__exp2,2,sequential,Who is guarded by the man in the orange shorts after gaining possession of the ball?,1,mean_pool,ensemble,0,0,,,0,0.0,0.0,0.0
groundmore/HWF476qqNGg_1200_1215/2__exp2/2,groundmore,test,HWF476qqNGg_1200_1215,2__exp2,2,sequential,Who is guarded by the man in the orange shorts after gaining possession of the ball?,1,opg_no_monotonic,ensemble,0,0,,,0,0.0,0.0,0.0
groundmore/HWF476qqNGg_1200_1215/2__exp2/2,groundmore,test,HWF476qqNGg_1200_1215,2__exp2,2,sequential,Who is guarded by the man in the orange shorts after gaining possession of the ball?,1,opg_no_order_loss,ensemble,0,0,,,0,0.0,0.0,0.0
groundmore/HWF476qqNGg_1200_1215/2__exp2/2,groundmore,test,HWF476qqNGg_1200_1215,2__exp2,2,sequential,Who is guarded by the man in the orange shorts after gaining possession of the ball?,1,opg_full,ensemble,0,0,,,0,0.0,0.0,0.0
groundmore/HWF476qqNGg_1200_1215/2__exp7/7,groundmore,test,HWF476qqNGg_1200_1215,2__exp7,7,sequential,Who gains possession of the ball before the man in the black shorts and the white shoes stands in front of the man in the orange shorts?,1,mean_pool,ensemble,1,5,4,4,1,0.7,0.7,0.7
groundmore/HWF476qqNGg_1200_1215/2__exp7/7,groundmore,test,HWF476qqNGg_1200_1215,2__exp7,7,sequential,Who gains possession of the ball before the man in the black shorts and the white shoes stands in front of the man in the orange shorts?,1,mean_pool,11,1,5,4,4,1,0.7,0.7,0.7
groundmore/HWF476qqNGg_1200_1215/2__exp7/7,groundmore,test,HWF476qqNGg_1200_1215,2__exp7,7,sequential,Who gains possession of the ball before the man in the black shorts and the white shoes stands in front of the man in the orange shorts?,1,mean_pool,23,1,5,4,4,1,0.7,0.7,0.7
groundmore/HWF476qqNGg_1200_1215/2__exp7/7,groundmore,test,HWF476qqNGg_1200_1215,2__exp7,7,sequential,Who gains possession of the ball before the man in the black shorts and the white shoes stands in front of the man in the orange shorts?,1,mean_pool,42,1,5,4,4,1,0.7,0.7,0.7
groundmore/HWF476qqNGg_1200_1215/2__exp7/7,groundmore,test,HWF476qqNGg_1200_1215,2__exp7,7,sequential,Who gains possession of the ball before the man in the black shorts and the white shoes stands in front of the man in the orange shorts?,1,opg_no_monotonic,ensemble,1,5,4,4,1,0.7,0.7,0.7
groundmore/HWF476qqNGg_1200_1215/2__exp7/7,groundmore,test,HWF476qqNGg_1200_1215,2__exp7,7,sequential,Who gains possession of the ball before the man in the black shorts and the white shoes stands in front of the man in the orange shorts?,1,opg_no_monotonic,11,1,5,4,4,1,0.7,0.7,0.7
groundmore/HWF476qqNGg_1200_1215/2__exp7/7,groundmore,test,HWF476qqNGg_1200_1215,2__exp7,7,sequential,Who gains possession of the ball before the man in the black shorts and the white shoes stands in front of the man in the orange shorts?,1,opg_no_monotonic,23,1,5,4,4,1,0.7,0.7,0.7
groundmore/HWF476qqNGg_1200_1215/2__exp7/7,groundmore,test,HWF476qqNGg_1200_1215,2__exp7,7,sequential,Who gains possession of the ball before the man in the black shorts and the white shoes stands in front of the man in the orange shorts?,1,opg_no_monotonic,42,1,5,4,4,1,0.7,0.7,0.7
groundmore/HWF476qqNGg_1200_1215/2__exp7/7,groundmore,test,HWF476qqNGg_1200_1215,2__exp7,7,sequential,Who gains possession of the ball before the man in the black shorts and the white shoes stands in front of the man in the orange shorts?,1,opg_no_order_loss,ensemble,1,5,4,4,1,0.7,0.7,0.7
groundmore/HWF476qqNGg_1200_1215/2__exp7/7,groundmore,test,HWF476qqNGg_1200_1215,2__exp7,7,sequential,Who gains possession of the ball before the man in the black shorts and the white shoes stands in front of the man in the orange shorts?,1,opg_no_order_loss,11,1,5,4,4,1,0.7,0.7,0.7
groundmore/HWF476qqNGg_1200_1215/2__exp7/7,groundmore,test,HWF476qqNGg_1200_1215,2__exp7,7,sequential,Who gains possession of the ball before the man in the black shorts and the white shoes stands in front of the man in the orange shorts?,1,opg_no_order_loss,23,1,5,4,4,1,0.7,0.7,0.7
groundmore/HWF476qqNGg_1200_1215/2__exp7/7,groundmore,test,HWF476qqNGg_1200_1215,2__exp7,7,sequential,Who gains possession of the ball before the man in the black shorts and the white shoes stands in front of the man in the orange shorts?,1,opg_no_order_loss,42,1,5,4,4,1,0.7,0.7,0.7
groundmore/HWF476qqNGg_1200_1215/2__exp7/7,groundmore,test,HWF476qqNGg_1200_1215,2__exp7,7,sequential,Who gains possession of the ball before the man in the black shorts and the white shoes stands in front of the man in the orange shorts?,1,opg_full,ensemble,1,5,4,4,1,0.7,0.7,0.7
groundmore/HWF476qqNGg_1200_1215/2__exp7/7,groundmore,test,HWF476qqNGg_1200_1215,2__exp7,7,sequential,Who gains possession of the ball before the man in the black shorts and the white shoes stands in front of the man in the orange shorts?,1,opg_full,11,1,5,4,4,1,0.7,0.7,0.7
groundmore/HWF476qqNGg_1200_1215/2__exp7/7,groundmore,test,HWF476qqNGg_1200_1215,2__exp7,7,sequential,Who gains possession of the ball before the man in the black shorts and the white shoes stands in front of the man in the orange shorts?,1,opg_full,23,1,5,4,4,1,0.7,0.7,0.7
groundmore/HWF476qqNGg_1200_1215/2__exp7/7,groundmore,test,HWF476qqNGg_1200_1215,2__exp7,7,sequential,Who gains possession of the ball before the man in the black shorts and the white shoes stands in front of the man in the orange shorts?,1,opg_full,42,1,5,4,4,1,0.7,0.7,0.7
groundmore/HWF476qqNGg_1200_1215/3__exp5/5,groundmore,test,HWF476qqNGg_1200_1215,3__exp5,5,sequential,Who stands in front of the man in the orange shorts after the man in the yellow shorts gains possession of the ball?,1,mean_pool,ensemble,0,0,,,0,0.0,0.0,0.0
groundmore/HWF476qqNGg_1200_1215/3__exp5/5,groundmore,test,HWF476qqNGg_1200_1215,3__exp5,5,sequential,Who stands in front of the man in the orange shorts after the man in the yellow shorts gains possession of the ball?,1,opg_no_monotonic,ensemble,0,0,,,0,0.0,0.0,0.0
groundmore/HWF476qqNGg_1200_1215/3__exp5/5,groundmore,test,HWF476qqNGg_1200_1215,3__exp5,5,sequential,Who stands in front of the man in the orange shorts after the man in the yellow shorts gains possession of the ball?,1,opg_no_order_loss,ensemble,0,0,,,0,0.0,0.0,0.0
groundmore/HWF476qqNGg_1200_1215/3__exp5/5,groundmore,test,HWF476qqNGg_1200_1215,3__exp5,5,sequential,Who stands in front of the man in the orange shorts after the man in the yellow shorts gains possession of the ball?,1,opg_full,ensemble,0,0,,,0,0.0,0.0,0.0
groundmore/HWF476qqNGg_1200_1215/4__exp8/8,groundmore,test,HWF476qqNGg_1200_1215,4__exp8,8,sequential,What does the man in the yellow shorts gain possession of before the man in the black shorts and the white shoes stands in front of the man in the orange shorts?,1,mean_pool,ensemble,0,0,,,0,0.0,0.0,0.0
groundmore/HWF476qqNGg_1200_1215/4__exp8/8,groundmore,test,HWF476qqNGg_1200_1215,4__exp8,8,sequential,What does the man in the yellow shorts gain possession of before the man in the black shorts and the white shoes stands in front of the man in the orange shorts?,1,opg_no_monotonic,ensemble,0,0,,,0,0.0,0.0,0.0
groundmore/HWF476qqNGg_1200_1215/4__exp8/8,groundmore,test,HWF476qqNGg_1200_1215,4__exp8,8,sequential,What does the man in the yellow shorts gain possession of before the man in the black shorts and the white shoes stands in front of the man in the orange shorts?,1,opg_no_order_loss,ensemble,0,0,,,0,0.0,0.0,0.0
groundmore/HWF476qqNGg_1200_1215/4__exp8/8,groundmore,test,HWF476qqNGg_1200_1215,4__exp8,8,sequential,What does the man in the yellow shorts gain possession of before the man in the black shorts and the white shoes stands in front of the man in the orange shorts?,1,opg_full,ensemble,0,0,,,0,0.0,0.0,0.0
groundmore/HWF476qqNGg_1230_1245/2__exp13/13,groundmore,test,HWF476qqNGg_1230_1245,2__exp13,13,sequential,Who holds the ball before passing it to the man in the black shorts and white shoes?,1,mean_pool,ensemble,0,1,0,0,0,0.20117465093872294,0.2537479519370107,0.22746130143786683
groundmore/HWF476qqNGg_1230_1245/2__exp13/13,groundmore,test,HWF476qqNGg_1230_1245,2__exp13,13,sequential,Who holds the ball before passing it to the man in the black shorts and white shoes?,1,mean_pool,11,0,1,0,0,0,0.20117465093872294,0.2537479519370107,0.22746130143786683
groundmore/HWF476qqNGg_1230_1245/2__exp13/13,groundmore,test,HWF476qqNGg_1230_1245,2__exp13,13,sequential,Who holds the ball before passing it to the man in the black shorts and white shoes?,1,mean_pool,23,0,1,0,0,0,0.20117465093872294,0.2537479519370107,0.22746130143786683
groundmore/HWF476qqNGg_1230_1245/2__exp13/13,groundmore,test,HWF476qqNGg_1230_1245,2__exp13,13,sequential,Who holds the ball before passing it to the man in the black shorts and white shoes?,1,mean_pool,42,0,1,0,0,0,0.20117465093872294,0.2537479519370107,0.22746130143786683
groundmore/HWF476qqNGg_1230_1245/2__exp13/13,groundmore,test,HWF476qqNGg_1230_1245,2__exp13,13,sequential,Who holds the ball before passing it to the man in the black shorts and white shoes?,1,opg_no_monotonic,ensemble,0,1,0,0,0,0.20117465093872294,0.2537479519370107,0.22746130143786683
groundmore/HWF476qqNGg_1230_1245/2__exp13/13,groundmore,test,HWF476qqNGg_1230_1245,2__exp13,13,sequential,Who holds the ball before passing it to the man in the black shorts and white shoes?,1,opg_no_monotonic,11,0,1,0,0,0,0.20117465093872294,0.2537479519370107,0.22746130143786683
groundmore/HWF476qqNGg_1230_1245/2__exp13/13,groundmore,test,HWF476qqNGg_1230_1245,2__exp13,13,sequential,Who holds the ball before passing it to the man in the black shorts and white shoes?,1,opg_no_monotonic,23,0,1,0,0,0,0.20117465093872294,0.2537479519370107,0.22746130143786683
groundmore/HWF476qqNGg_1230_1245/2__exp13/13,groundmore,test,HWF476qqNGg_1230_1245,2__exp13,13,sequential,Who holds the ball before passing it to the man in the black shorts and white shoes?,1,opg_no_monotonic,42,0,1,0,0,0,0.20117465093872294,0.2537479519370107,0.22746130143786683
groundmore/HWF476qqNGg_1230_1245/2__exp13/13,groundmore,test,HWF476qqNGg_1230_1245,2__exp13,13,sequential,Who holds the ball before passing it to the man in the black shorts and white shoes?,1,opg_no_order_loss,ensemble,0,1,0,0,0,0.20117465093872294,0.2537479519370107,0.22746130143786683
groundmore/HWF476qqNGg_1230_1245/2__exp13/13,groundmore,test,HWF476qqNGg_1230_1245,2__exp13,13,sequential,Who holds the ball before passing it to the man in the black shorts and white shoes?,1,opg_no_order_loss,11,0,1,0,0,0,0.20117465093872294,0.2537479519370107,0.22746130143786683
groundmore/HWF476qqNGg_1230_1245/2__exp13/13,groundmore,test,HWF476qqNGg_1230_1245,2__exp13,13,sequential,Who holds the ball before passing it to the man in the black shorts and white shoes?,1,opg_no_order_loss,23,0,1,0,0,0,0.20117465093872294,0.2537479519370107,0.22746130143786683
groundmore/HWF476qqNGg_1230_1245/2__exp13/13,groundmore,test,HWF476qqNGg_1230_1245,2__exp13,13,sequential,Who holds the ball before passing it to the man in the black shorts and white shoes?,1,opg_no_order_loss,42,0,1,0,0,0,0.20117465093872294,0.2537479519370107,0.22746130143786683
groundmore/HWF476qqNGg_1230_1245/2__exp13/13,groundmore,test,HWF476qqNGg_1230_1245,2__exp13,13,sequential,Who holds the ball before passing it to the man in the black shorts and white shoes?,1,opg_full,ensemble,0,1,0,0,0,0.20117465093872294,0.2537479519370107,0.22746130143786683
groundmore/HWF476qqNGg_1230_1245/2__exp13/13,groundmore,test,HWF476qqNGg_1230_1245,2__exp13,13,sequential,Who holds the ball before passing it to the man in the black shorts and white shoes?,1,opg_full,11,0,1,0,0,0,0.20117465093872294,0.2537479519370107,0.22746130143786683
groundmore/HWF476qqNGg_1230_1245/2__exp13/13,groundmore,test,HWF476qqNGg_1230_1245,2__exp13,13,sequential,Who holds the ball before passing it to the man in the black shorts and white shoes?,1,opg_full,23,0,1,0,0,0,0.20117465093872294,0.2537479519370107,0.22746130143786683
groundmore/HWF476qqNGg_1230_1245/2__exp13/13,groundmore,test,HWF476qqNGg_1230_1245,2__exp13,13,sequential,Who holds the ball before passing it to the man in the black shorts and white shoes?,1,opg_full,42,0,1,0,0,0,0.20117465093872294,0.2537479519370107,0.22746130143786683
groundmore/HWF476qqNGg_1230_1245/2__exp6/6,groundmore,test,HWF476qqNGg_1230_1245,2__exp6,6,sequential,Who holds the ball after getting rid of the man in the orange shorts defense?,1,mean_pool,ensemble,0,0,,,0,0.0,0.0,0.0
groundmore/HWF476qqNGg_1230_1245/2__exp6/6,groundmore,test,HWF476qqNGg_1230_1245,2__exp6,6,sequential,Who holds the ball after getting rid of the man in the orange shorts defense?,1,opg_no_monotonic,ensemble,0,0,,,0,0.0,0.0,0.0
groundmore/HWF476qqNGg_1230_1245/2__exp6/6,groundmore,test,HWF476qqNGg_1230_1245,2__exp6,6,sequential,Who holds the ball after getting rid of the man in the orange shorts defense?,1,opg_no_order_loss,ensemble,0,0,,,0,0.0,0.0,0.0
groundmore/HWF476qqNGg_1230_1245/2__exp6/6,groundmore,test,HWF476qqNGg_1230_1245,2__exp6,6,sequential,Who holds the ball after getting rid of the man in the orange shorts defense?,1,opg_full,ensemble,0,0,,,0,0.0,0.0,0.0
groundmore/HWF476qqNGg_1230_1245/3__exp14/14,groundmore,test,HWF476qqNGg_1230_1245,3__exp14,14,sequential,What does the man in the yellow shorts hold before passing it to the man in the black shorts and white shoes?,1,mean_pool,ensemble,0,0,,,0,0.0,0.0,0.0
groundmore/HWF476qqNGg_1230_1245/3__exp14/14,groundmore,test,HWF476qqNGg_1230_1245,3__exp14,14,sequential,What does the man in the yellow shorts hold before passing it to the man in the black shorts and white shoes?,1,opg_no_monotonic,ensemble,0,0,,,0,0.0,0.0,0.0
groundmore/HWF476qqNGg_1230_1245/3__exp14/14,groundmore,test,HWF476qqNGg_1230_1245,3__exp14,14,sequential,What does the man in the yellow shorts hold before passing it to the man in the black shorts and white shoes?,1,opg_no_order_loss,ensemble,0,0,,,0,0.0,0.0,0.0
groundmore/HWF476qqNGg_1230_1245/3__exp14/14,groundmore,test,HWF476qqNGg_1230_1245,3__exp14,14,sequential,What does the man in the yellow shorts hold before passing it to the man in the black shorts and white shoes?,1,opg_full,ensemble,0,0,,,0,0.0,0.0,0.0
groundmore/HWF476qqNGg_1230_1245/3__exp7/7,groundmore,test,HWF476qqNGg_1230_1245,3__exp7,7,sequential,What does the man in the yellow shorts hold after getting rid of the man in orange shorts defense?,1,mean_pool,ensemble,0,0,,,0,0.0,0.0,0.0
groundmore/HWF476qqNGg_1230_1245/3__exp7/7,groundmore,test,HWF476qqNGg_1230_1245,3__exp7,7,sequential,What does the man in the yellow shorts hold after getting rid of the man in orange shorts defense?,1,opg_no_monotonic,ensemble,0,0,,,0,0.0,0.0,0.0
groundmore/HWF476qqNGg_1230_1245/3__exp7/7,groundmore,test,HWF476qqNGg_1230_1245,3__exp7,7,sequential,What does the man in the yellow shorts hold after getting rid of the man in orange shorts defense?,1,opg_no_order_loss,ensemble,0,0,,,0,0.0,0.0,0.0
groundmore/HWF476qqNGg_1230_1245/3__exp7/7,groundmore,test,HWF476qqNGg_1230_1245,3__exp7,7,sequential,What does the man in the yellow shorts hold after getting rid of the man in orange shorts defense?,1,opg_full,ensemble,0,0,,,0,0.0,0.0,0.0
groundmore/HWF476qqNGg_1250_1302/1__exp1/1,groundmore,test,HWF476qqNGg_1250_1302,1__exp1,1,sequential,Who dribbles with the ball before accelerating towards the hoop?,1,mean_pool,ensemble,0,0,,,0,0.0,0.0,0.0
groundmore/HWF476qqNGg_1250_1302/1__exp1/1,groundmore,test,HWF476qqNGg_1250_1302,1__exp1,1,sequential,Who dribbles with the ball before accelerating towards the hoop?,1,opg_no_monotonic,ensemble,0,0,,,0,0.0,0.0,0.0
groundmore/HWF476qqNGg_1250_1302/1__exp1/1,groundmore,test,HWF476qqNGg_1250_1302,1__exp1,1,sequential,Who dribbles with the ball before accelerating towards the hoop?,1,opg_no_order_loss,ensemble,0,0,,,0,0.0,0.0,0.0
groundmore/HWF476qqNGg_1250_1302/1__exp1/1,groundmore,test,HWF476qqNGg_1250_1302,1__exp1,1,sequential,Who dribbles with the ball before accelerating towards the hoop?,1,opg_full,ensemble,0,0,,,0,0.0,0.0,0.0
groundmore/HWF476qqNGg_1250_1302/1__exp13/13,groundmore,test,HWF476qqNGg_1250_1302,1__exp13,13,sequential,Who accelerates towards the hoop before passing the ball to the man in the orange shorts?,1,mean_pool,ensemble,0,0,,,0,0.0,0.0,0.0
groundmore/HWF476qqNGg_1250_1302/1__exp13/13,groundmore,test,HWF476qqNGg_1250_1302,1__exp13,13,sequential,Who accelerates towards the hoop before passing the ball to the man in the orange shorts?,1,opg_no_monotonic,ensemble,0,0,,,0,0.0,0.0,0.0
groundmore/HWF476qqNGg_1250_1302/1__exp13/13,groundmore,test,HWF476qqNGg_1250_1302,1__exp13,13,sequential,Who accelerates towards the hoop before passing the ball to the man in the orange shorts?,1,opg_no_order_loss,ensemble,0,0,,,0,0.0,0.0,0.0
groundmore/HWF476qqNGg_1250_1302/1__exp13/13,groundmore,test,HWF476qqNGg_1250_1302,1__exp13,13,sequential,Who accelerates towards the hoop before passing the ball to the man in the orange shorts?,1,opg_full,ensemble,0,0,,,0,0.0,0.0,0.0
groundmore/HWF476qqNGg_1250_1302/1__exp7/7,groundmore,test,HWF476qqNGg_1250_1302,1__exp7,7,sequential,Who accelerates towards the hoop after dribbling with the ball?,1,mean_pool,ensemble,0,0,,,0,0.0,0.0,0.0
groundmore/HWF476qqNGg_1250_1302/1__exp7/7,groundmore,test,HWF476qqNGg_1250_1302,1__exp7,7,sequential,Who accelerates towards the hoop after dribbling with the ball?,1,opg_no_monotonic,ensemble,0,0,,,0,0.0,0.0,0.0
groundmore/HWF476qqNGg_1250_1302/1__exp7/7,groundmore,test,HWF476qqNGg_1250_1302,1__exp7,7,sequential,Who accelerates towards the hoop after dribbling with the ball?,1,opg_no_order_loss,ensemble,0,0,,,0,0.0,0.0,0.0
groundmore/HWF476qqNGg_1250_1302/1__exp7/7,groundmore,test,HWF476qqNGg_1250_1302,1__exp7,7,sequential,Who accelerates towards the hoop after dribbling with the ball?,1,opg_full,ensemble,0,0,,,0,0.0,0.0,0.0
groundmore/HWF476qqNGg_1250_1302/2__exp14/14,groundmore,test,HWF476qqNGg_1250_1302,2__exp14,14,sequential,What does the man in the orange shoes pass to the man in the orange shorts after accelerating towards the hoop?,1,mean_pool,ensemble,0,0,,,0,0.0,0.0,0.0
groundmore/HWF476qqNGg_1250_1302/2__exp14/14,groundmore,test,HWF476qqNGg_1250_1302,2__exp14,14,sequential,What does the man in the orange shoes pass to the man in the orange shorts after accelerating towards the hoop?,1,opg_no_monotonic,ensemble,0,0,,,0,0.0,0.0,0.0
groundmore/HWF476qqNGg_1250_1302/2__exp14/14,groundmore,test,HWF476qqNGg_1250_1302,2__exp14,14,sequential,What does the man in the orange shoes pass to the man in the orange shorts after accelerating towards the hoop?,1,opg_no_order_loss,ensemble,0,0,,,0,0.0,0.0,0.0
groundmore/HWF476qqNGg_1250_1302/2__exp14/14,groundmore,test,HWF476qqNGg_1250_1302,2__exp14,14,sequential,What does the man in the orange shoes pass to the man in the orange shorts after accelerating towards the hoop?,1,opg_full,ensemble,0,0,,,0,0.0,0.0,0.0
groundmore/HWF476qqNGg_1250_1302/2__exp2/2,groundmore,test,HWF476qqNGg_1250_1302,2__exp2,2,sequential,What does the man in the orange shoes dribble with before he accelerates towards the hoop?,1,mean_pool,ensemble,0,0,,,0,0.0,0.0,0.0
groundmore/HWF476qqNGg_1250_1302/2__exp2/2,groundmore,test,HWF476qqNGg_1250_1302,2__exp2,2,sequential,What does the man in the orange shoes dribble with before he accelerates towards the hoop?,1,opg_no_monotonic,ensemble,0,0,,,0,0.0,0.0,0.0
groundmore/HWF476qqNGg_1250_1302/2__exp2/2,groundmore,test,HWF476qqNGg_1250_1302,2__exp2,2,sequential,What does the man in the orange shoes dribble with before he accelerates towards the hoop?,1,opg_no_order_loss,ensemble,0,0,,,0,0.0,0.0,0.0
groundmore/HWF476qqNGg_1250_1302/2__exp2/2,groundmore,test,HWF476qqNGg_1250_1302,2__exp2,2,sequential,What does the man in the orange shoes dribble with before he accelerates towards the hoop?,1,opg_full,ensemble,0,0,,,0,0.0,0.0,0.0
groundmore/HWF476qqNGg_1250_1302/2__exp8/8,groundmore,test,HWF476qqNGg_1250_1302,2__exp8,8,sequential,What does the man in the orange shoes dribble with before accelerating towards the hoop?,1,mean_pool,ensemble,0,0,,,0,0.0,0.0,0.0
groundmore/HWF476qqNGg_1250_1302/2__exp8/8,groundmore,test,HWF476qqNGg_1250_1302,2__exp8,8,sequential,What does the man in the orange shoes dribble with before accelerating towards the hoop?,1,opg_no_monotonic,ensemble,0,0,,,0,0.0,0.0,0.0
groundmore/HWF476qqNGg_1250_1302/2__exp8/8,groundmore,test,HWF476qqNGg_1250_1302,2__exp8,8,sequential,What does the man in the orange shoes dribble with before accelerating towards the hoop?,1,opg_no_order_loss,ensemble,0,0,,,0,0.0,0.0,0.0
groundmore/HWF476qqNGg_1250_1302/2__exp8/8,groundmore,test,HWF476qqNGg_1250_1302,2__exp8,8,sequential,What does the man in the orange shoes dribble with before accelerating towards the hoop?,1,opg_full,ensemble,0,0,,,0,0.0,0.0,0.0
groundmore/HWF476qqNGg_1250_1302/3__exp15/15,groundmore,test,HWF476qqNGg_1250_1302,3__exp15,15,sequential,Who receives the ball from the man in the orange shoes after he accelerates towards the hoop?,1,mean_pool,ensemble,0,0,,,0,0.0,0.0,0.0
groundmore/HWF476qqNGg_1250_1302/3__exp15/15,groundmore,test,HWF476qqNGg_1250_1302,3__exp15,15,sequential,Who receives the ball from the man in the orange shoes after he accelerates towards the hoop?,1,opg_no_monotonic,ensemble,0,0,,,0,0.0,0.0,0.0
groundmore/HWF476qqNGg_1250_1302/3__exp15/15,groundmore,test,HWF476qqNGg_1250_1302,3__exp15,15,sequential,Who receives the ball from the man in the orange shoes after he accelerates towards the hoop?,1,opg_no_order_loss,ensemble,0,0,,,0,0.0,0.0,0.0
groundmore/HWF476qqNGg_1250_1302/3__exp15/15,groundmore,test,HWF476qqNGg_1250_1302,3__exp15,15,sequential,Who receives the ball from the man in the orange shoes after he accelerates towards the hoop?,1,opg_full,ensemble,0,0,,,0,0.0,0.0,0.0
groundmore/HWF476qqNGg_1250_1302/4__exp16/16,groundmore,test,HWF476qqNGg_1250_1302,4__exp16,16,sequential,Towards what does the man in the orange shoes accelerate before passing the ball to the man in the orange shorts?,1,mean_pool,ensemble,0,0,,,0,0.0,0.0,0.0
groundmore/HWF476qqNGg_1250_1302/4__exp16/16,groundmore,test,HWF476qqNGg_1250_1302,4__exp16,16,sequential,Towards what does the man in the orange shoes accelerate before passing the ball to the man in the orange shorts?,1,opg_no_monotonic,ensemble,0,0,,,0,0.0,0.0,0.0
groundmore/HWF476qqNGg_1250_1302/4__exp16/16,groundmore,test,HWF476qqNGg_1250_1302,4__exp16,16,sequential,Towards what does the man in the orange shoes accelerate before passing the ball to the man in the orange shorts?,1,opg_no_order_loss,ensemble,0,0,,,0,0.0,0.0,0.0
groundmore/HWF476qqNGg_1250_1302/4__exp16/16,groundmore,test,HWF476qqNGg_1250_1302,4__exp16,16,sequential,Towards what does the man in the orange shoes accelerate before passing the ball to the man in the orange shorts?,1,opg_full,ensemble,0,0,,,0,0.0,0.0,0.0
groundmore/HWF476qqNGg_1250_1302/4__exp5/5,groundmore,test,HWF476qqNGg_1250_1302,4__exp5,5,sequential,Towards what does the man in the orange shoes accelerate after dribbling with the ball?,1,mean_pool,ensemble,0,0,,,0,0.0,0.0,0.0
groundmore/HWF476qqNGg_1250_1302/4__exp5/5,groundmore,test,HWF476qqNGg_1250_1302,4__exp5,5,sequential,Towards what does the man in the orange shoes accelerate after dribbling with the ball?,1,opg_no_monotonic,ensemble,0,0,,,0,0.0,0.0,0.0
groundmore/HWF476qqNGg_1250_1302/4__exp5/5,groundmore,test,HWF476qqNGg_1250_1302,4__exp5,5,sequential,Towards what does the man in the orange shoes accelerate after dribbling with the ball?,1,opg_no_order_loss,ensemble,0,0,,,0,0.0,0.0,0.0
groundmore/HWF476qqNGg_1250_1302/4__exp5/5,groundmore,test,HWF476qqNGg_1250_1302,4__exp5,5,sequential,Towards what does the man in the orange shoes accelerate after dribbling with the ball?,1,opg_full,ensemble,0,0,,,0,0.0,0.0,0.0
groundmore/HWF476qqNGg_1315_1330/1__exp19/19,groundmore,test,HWF476qqNGg_1315_1330,1__exp19,19,sequential,Who receives the ball after the man in the yellow shorts is not able to score a point?,1,mean_pool,ensemble,1,1,0,0,1,0.8,0.8,0.8
groundmore/HWF476qqNGg_1315_1330/1__exp19/19,groundmore,test,HWF476qqNGg_1315_1330,1__exp19,19,sequential,Who receives the ball after the man in the yellow shorts is not able to score a point?,1,mean_pool,11,1,1,0,0,1,0.8,0.8,0.8
groundmore/HWF476qqNGg_1315_1330/1__exp19/19,groundmore,test,HWF476qqNGg_1315_1330,1__exp19,19,sequential,Who receives the ball after the man in the yellow shorts is not able to score a point?,1,mean_pool,23,1,1,0,0,1,0.8,0.8,0.8
groundmore/HWF476qqNGg_1315_1330/1__exp19/19,groundmore,test,HWF476qqNGg_1315_1330,1__exp19,19,sequential,Who receives the ball after the man in the yellow shorts is not able to score a point?,1,mean_pool,42,1,1,0,0,1,0.8,0.8,0.8
groundmore/HWF476qqNGg_1315_1330/1__exp19/19,groundmore,test,HWF476qqNGg_1315_1330,1__exp19,19,sequential,Who receives the ball after the man in the yellow shorts is not able to score a point?,1,opg_no_monotonic,ensemble,1,1,0,0,1,0.8,0.8,0.8
groundmore/HWF476qqNGg_1315_1330/1__exp19/19,groundmore,test,HWF476qqNGg_1315_1330,1__exp19,19,sequential,Who receives the ball after the man in the yellow shorts is not able to score a point?,1,opg_no_monotonic,11,1,1,0,0,1,0.8,0.8,0.8
groundmore/HWF476qqNGg_1315_1330/1__exp19/19,groundmore,test,HWF476qqNGg_1315_1330,1__exp19,19,sequential,Who receives the ball after the man in the yellow shorts is not able to score a point?,1,opg_no_monotonic,23,1,1,0,0,1,0.8,0.8,0.8
groundmore/HWF476qqNGg_1315_1330/1__exp19/19,groundmore,test,HWF476qqNGg_1315_1330,1__exp19,19,sequential,Who receives the ball after the man in the yellow shorts is not able to score a point?,1,opg_no_monotonic,42,1,1,0,0,1,0.8,0.8,0.8
groundmore/HWF476qqNGg_1315_1330/1__exp19/19,groundmore,test,HWF476qqNGg_1315_1330,1__exp19,19,sequential,Who receives the ball after the man in the yellow shorts is not able to score a point?,1,opg_no_order_loss,ensemble,1,1,0,0,1,0.8,0.8,0.8
groundmore/HWF476qqNGg_1315_1330/1__exp19/19,groundmore,test,HWF476qqNGg_1315_1330,1__exp19,19,sequential,Who receives the ball after the man in the yellow shorts is not able to score a point?,1,opg_no_order_loss,11,1,1,0,0,1,0.8,0.8,0.8
groundmore/HWF476qqNGg_1315_1330/1__exp19/19,groundmore,test,HWF476qqNGg_1315_1330,1__exp19,19,sequential,Who receives the ball after the man in the yellow shorts is not able to score a point?,1,opg_no_order_loss,23,1,1,0,0,1,0.8,0.8,0.8
groundmore/HWF476qqNGg_1315_1330/1__exp19/19,groundmore,test,HWF476qqNGg_1315_1330,1__exp19,19,sequential,Who receives the ball after the man in the yellow shorts is not able to score a point?,1,opg_no_order_loss,42,1,1,0,0,1,0.8,0.8,0.8
groundmore/HWF476qqNGg_1315_1330/1__exp19/19,groundmore,test,HWF476qqNGg_1315_1330,1__exp19,19,sequential,Who receives the ball after the man in the yellow shorts is not able to score a point?,1,opg_full,ensemble,1,1,0,0,1,0.8,0.8,0.8
groundmore/HWF476qqNGg_1315_1330/1__exp19/19,groundmore,test,HWF476qqNGg_1315_1330,1__exp19,19,sequential,Who receives the ball after the man in the yellow shorts is not able to score a point?,1,opg_full,11,1,1,0,0,1,0.8,0.8,0.8
groundmore/HWF476qqNGg_1315_1330/1__exp19/19,groundmore,test,HWF476qqNGg_1315_1330,1__exp19,19,sequential,Who receives the ball after the man in the yellow shorts is not able to score a point?,1,opg_full,23,1,1,0,0,1,0.8,0.8,0.8
groundmore/HWF476qqNGg_1315_1330/1__exp19/19,groundmore,test,HWF476qqNGg_1315_1330,1__exp19,19,sequential,Who receives the ball after the man in the yellow shorts is not able to score a point?,1,opg_full,42,1,1,0,0,1,0.8,0.8,0.8
groundmore/HWF476qqNGg_1315_1330/2__exp20/20,groundmore,test,HWF476qqNGg_1315_1330,2__exp20,20,sequential,Who is not able to score a point with the ball before the man in the orange shorts receives the ball?,1,mean_pool,ensemble,0,0,,,0,0.0,0.0,0.0
groundmore/HWF476qqNGg_1315_1330/2__exp20/20,groundmore,test,HWF476qqNGg_1315_1330,2__exp20,20,sequential,Who is not able to score a point with the ball before the man in the orange shorts receives the ball?,1,opg_no_monotonic,ensemble,0,0,,,0,0.0,0.0,0.0
groundmore/HWF476qqNGg_1315_1330/2__exp20/20,groundmore,test,HWF476qqNGg_1315_1330,2__exp20,20,sequential,Who is not able to score a point with the ball before the man in the orange shorts receives the ball?,1,opg_no_order_loss,ensemble,0,0,,,0,0.0,0.0,0.0
groundmore/HWF476qqNGg_1315_1330/2__exp20/20,groundmore,test,HWF476qqNGg_1315_1330,2__exp20,20,sequential,Who is not able to score a point with the ball before the man in the orange shorts receives the ball?,1,opg_full,ensemble,0,0,,,0,0.0,0.0,0.0
groundmore/HWF476qqNGg_1315_1330/2__exp8/8,groundmore,test,HWF476qqNGg_1315_1330,2__exp8,8,sequential,Who dribbles the ball before accelerating towards the hoop?,1,mean_pool,ensemble,0,0,,,0,0.0,0.0,0.0
groundmore/HWF476qqNGg_1315_1330/2__exp8/8,groundmore,test,HWF476qqNGg_1315_1330,2__exp8,8,sequential,Who dribbles the ball before accelerating towards the hoop?,1,opg_no_monotonic,ensemble,0,0,,,0,0.0,0.0,0.0
groundmore/HWF476qqNGg_1315_1330/2__exp8/8,groundmore,test,HWF476qqNGg_1315_1330,2__exp8,8,sequential,Who dribbles the ball before accelerating towards the hoop?,1,opg_no_order_loss,ensemble,0,0,,,0,0.0,0.0,0.0
groundmore/HWF476qqNGg_1315_1330/2__exp8/8,groundmore,test,HWF476qqNGg_1315_1330,2__exp8,8,sequential,Who dribbles the ball before accelerating towards the hoop?,1,opg_full,ensemble,0,0,,,0,0.0,0.0,0.0
groundmore/HWF476qqNGg_1315_1330/3__exp21/21,groundmore,test,HWF476qqNGg_1315_1330,3__exp21,21,sequential,What does the man in the yellow shorts fail to score with before the man in the orange shorts receives it?,1,mean_pool,ensemble,0,0,,,0,0.0,0.0,0.0
groundmore/HWF476qqNGg_1315_1330/3__exp21/21,groundmore,test,HWF476qqNGg_1315_1330,3__exp21,21,sequential,What does the man in the yellow shorts fail to score with before the man in the orange shorts receives it?,1,opg_no_monotonic,ensemble,0,0,,,0,0.0,0.0,0.0
groundmore/HWF476qqNGg_1315_1330/3__exp21/21,groundmore,test,HWF476qqNGg_1315_1330,3__exp21,21,sequential,What does the man in the yellow shorts fail to score with before the man in the orange shorts receives it?,1,opg_no_order_loss,ensemble,0,0,,,0,0.0,0.0,0.0
groundmore/HWF476qqNGg_1315_1330/3__exp21/21,groundmore,test,HWF476qqNGg_1315_1330,3__exp21,21,sequential,What does the man in the yellow shorts fail to score with before the man in the orange shorts receives it?,1,opg_full,ensemble,0,0,,,0,0.0,0.0,0.0
groundmore/HWF476qqNGg_1315_1330/3__exp9/9,groundmore,test,HWF476qqNGg_1315_1330,3__exp9,9,sequential,What does the man in the yellow shorts dribble before accelerating towards the hoop?,1,mean_pool,ensemble,0,0,,,0,0.0,0.0,0.0
groundmore/HWF476qqNGg_1315_1330/3__exp9/9,groundmore,test,HWF476qqNGg_1315_1330,3__exp9,9,sequential,What does the man in the yellow shorts dribble before accelerating towards the hoop?,1,opg_no_monotonic,ensemble,0,0,,,0,0.0,0.0,0.0
groundmore/HWF476qqNGg_1315_1330/3__exp9/9,groundmore,test,HWF476qqNGg_1315_1330,3__exp9,9,sequential,What does the man in the yellow shorts dribble before accelerating towards the hoop?,1,opg_no_order_loss,ensemble,0,0,,,0,0.0,0.0,0.0
groundmore/HWF476qqNGg_1315_1330/3__exp9/9,groundmore,test,HWF476qqNGg_1315_1330,3__exp9,9,sequential,What does the man in the yellow shorts dribble before accelerating towards the hoop?,1,opg_full,ensemble,0,0,,,0,0.0,0.0,0.0
groundmore/HWF476qqNGg_1315_1330/4__exp10/10,groundmore,test,HWF476qqNGg_1315_1330,4__exp10,10,sequential,Towards what does the man in the yellow shorts accelerate after dribbling the ball?,1,mean_pool,ensemble,0,0,,,0,0.0,0.0,0.0
groundmore/HWF476qqNGg_1315_1330/4__exp10/10,groundmore,test,HWF476qqNGg_1315_1330,4__exp10,10,sequential,Towards what does the man in the yellow shorts accelerate after dribbling the ball?,1,opg_no_monotonic,ensemble,0,0,,,0,0.0,0.0,0.0
groundmore/HWF476qqNGg_1315_1330/4__exp10/10,groundmore,test,HWF476qqNGg_1315_1330,4__exp10,10,sequential,Towards what does the man in the yellow shorts accelerate after dribbling the ball?,1,opg_no_order_loss,ensemble,0,0,,,0,0.0,0.0,0.0
groundmore/HWF476qqNGg_1315_1330/4__exp10/10,groundmore,test,HWF476qqNGg_1315_1330,4__exp10,10,sequential,Towards what does the man in the yellow shorts accelerate after dribbling the ball?,1,opg_full,ensemble,0,0,,,0,0.0,0.0,0.0
groundmore/HWF476qqNGg_1352_1400/1__exp6/6,groundmore,test,HWF476qqNGg_1352_1400,1__exp6,6,sequential,Who passes the ball to the man in the yellow shorts before the man in the orange shorts starts guarding?,1,mean_pool,ensemble,0,0,,,0,0.0,0.0,0.0
groundmore/HWF476qqNGg_1352_1400/1__exp6/6,groundmore,test,HWF476qqNGg_1352_1400,1__exp6,6,sequential,Who passes the ball to the man in the yellow shorts before the man in the orange shorts starts guarding?,1,opg_no_monotonic,ensemble,0,0,,,0,0.0,0.0,0.0
groundmore/HWF476qqNGg_1352_1400/1__exp6/6,groundmore,test,HWF476qqNGg_1352_1400,1__exp6,6,sequential,Who passes the ball to the man in the yellow shorts before the man in the orange shorts starts guarding?,1,opg_no_order_loss,ensemble,0,0,,,0,0.0,0.0,0.0
groundmore/HWF476qqNGg_1352_1400/1__exp6/6,groundmore,test,HWF476qqNGg_1352_1400,1__exp6,6,sequential,Who passes the ball to the man in the yellow shorts before the man in the orange shorts starts guarding?,1,opg_full,ensemble,0,0,,,0,0.0,0.0,0.0
groundmore/HWF476qqNGg_1352_1400/2__exp7/7,groundmore,test,HWF476qqNGg_1352_1400,2__exp7,7,sequential,What does the shirtless man pass to the man in the yellow shorts before the man in orange shorts starts guarding?,1,mean_pool,ensemble,0,0,,,0,0.0,0.0,0.0
groundmore/HWF476qqNGg_1352_1400/2__exp7/7,groundmore,test,HWF476qqNGg_1352_1400,2__exp7,7,sequential,What does the shirtless man pass to the man in the yellow shorts before the man in orange shorts starts guarding?,1,opg_no_monotonic,ensemble,0,0,,,0,0.0,0.0,0.0
groundmore/HWF476qqNGg_1352_1400/2__exp7/7,groundmore,test,HWF476qqNGg_1352_1400,2__exp7,7,sequential,What does the shirtless man pass to the man in the yellow shorts before the man in orange shorts starts guarding?,1,opg_no_order_loss,ensemble,0,0,,,0,0.0,0.0,0.0
groundmore/HWF476qqNGg_1352_1400/2__exp7/7,groundmore,test,HWF476qqNGg_1352_1400,2__exp7,7,sequential,What does the shirtless man pass to the man in the yellow shorts before the man in orange shorts starts guarding?,1,opg_full,ensemble,0,0,,,0,0.0,0.0,0.0
groundmore/HWF476qqNGg_1352_1400/3__exp5/5,groundmore,test,HWF476qqNGg_1352_1400,3__exp5,5,sequential,Who does the man in the orange shorts guard after the ball is passed?,1,mean_pool,ensemble,0,0,,,0,0.0,0.0,0.0
groundmore/HWF476qqNGg_1352_1400/3__exp5/5,groundmore,test,HWF476qqNGg_1352_1400,3__exp5,5,sequential,Who does the man in the orange shorts guard after the ball is passed?,1,opg_no_monotonic,ensemble,0,0,,,0,0.0,0.0,0.0
groundmore/HWF476qqNGg_1352_1400/3__exp5/5,groundmore,test,HWF476qqNGg_1352_1400,3__exp5,5,sequential,Who does the man in the orange shorts guard after the ball is passed?,1,opg_no_order_loss,ensemble,0,0,,,0,0.0,0.0,0.0
groundmore/HWF476qqNGg_1352_1400/3__exp5/5,groundmore,test,HWF476qqNGg_1352_1400,3__exp5,5,sequential,Who does the man in the orange shorts guard after the ball is passed?,1,opg_full,ensemble,0,0,,,0,0.0,0.0,0.0
groundmore/HWF476qqNGg_1352_1400/4__exp4/4,groundmore,test,HWF476qqNGg_1352_1400,4__exp4,4,sequential,Who guards the man in the yellow shorts after the man with no shirt passes the ball?,1,mean_pool,ensemble,1,1,0,0,1,0.40000168668195923,0.4085774374099273,0.40428956204594324
groundmore/HWF476qqNGg_1352_1400/4__exp4/4,groundmore,test,HWF476qqNGg_1352_1400,4__exp4,4,sequential,Who guards the man in the yellow shorts after the man with no shirt passes the ball?,1,mean_pool,11,1,1,0,0,1,0.40000168668195923,0.4085774374099273,0.40428956204594324
groundmore/HWF476qqNGg_1352_1400/4__exp4/4,groundmore,test,HWF476qqNGg_1352_1400,4__exp4,4,sequential,Who guards the man in the yellow shorts after the man with no shirt passes the ball?,1,mean_pool,23,1,1,0,0,1,0.40000168668195923,0.4085774374099273,0.40428956204594324
groundmore/HWF476qqNGg_1352_1400/4__exp4/4,groundmore,test,HWF476qqNGg_1352_1400,4__exp4,4,sequential,Who guards the man in the yellow shorts after the man with no shirt passes the ball?,1,mean_pool,42,1,1,0,0,1,0.40000168668195923,0.4085774374099273,0.40428956204594324
groundmore/HWF476qqNGg_1352_1400/4__exp4/4,groundmore,test,HWF476qqNGg_1352_1400,4__exp4,4,sequential,Who guards the man in the yellow shorts after the man with no shirt passes the ball?,1,opg_no_monotonic,ensemble,1,1,0,0,1,0.40000168668195923,0.4085774374099273,0.40428956204594324
groundmore/HWF476qqNGg_1352_1400/4__exp4/4,groundmore,test,HWF476qqNGg_1352_1400,4__exp4,4,sequential,Who guards the man in the yellow shorts after the man with no shirt passes the ball?,1,opg_no_monotonic,11,1,1,0,0,1,0.40000168668195923,0.4085774374099273,0.40428956204594324
groundmore/HWF476qqNGg_1352_1400/4__exp4/4,groundmore,test,HWF476qqNGg_1352_1400,4__exp4,4,sequential,Who guards the man in the yellow shorts after the man with no shirt passes the ball?,1,opg_no_monotonic,23,1,1,0,0,1,0.40000168668195923,0.4085774374099273,0.40428956204594324
groundmore/HWF476qqNGg_1352_1400/4__exp4/4,groundmore,test,HWF476qqNGg_1352_1400,4__exp4,4,sequential,Who guards the man in the yellow shorts after the man with no shirt passes the ball?,1,opg_no_monotonic,42,1,1,0,0,1,0.40000168668195923,0.4085774374099273,0.40428956204594324
groundmore/HWF476qqNGg_1352_1400/4__exp4/4,groundmore,test,HWF476qqNGg_1352_1400,4__exp4,4,sequential,Who guards the man in the yellow shorts after the man with no shirt passes the ball?,1,opg_no_order_loss,ensemble,1,1,0,0,1,0.40000168668195923,0.4085774374099273,0.40428956204594324
groundmore/HWF476qqNGg_1352_1400/4__exp4/4,groundmore,test,HWF476qqNGg_1352_1400,4__exp4,4,sequential,Who guards the man in the yellow shorts after the man with no shirt passes the ball?,1,opg_no_order_loss,11,1,1,0,0,1,0.40000168668195923,0.4085774374099273,0.40428956204594324
groundmore/HWF476qqNGg_1352_1400/4__exp4/4,groundmore,test,HWF476qqNGg_1352_1400,4__exp4,4,sequential,Who guards the man in the yellow shorts after the man with no shirt passes the ball?,1,opg_no_order_loss,23,1,1,0,0,1,0.40000168668195923,0.4085774374099273,0.40428956204594324
groundmore/HWF476qqNGg_1352_1400/4__exp4/4,groundmore,test,HWF476qqNGg_1352_1400,4__exp4,4,sequential,Who guards the man in the yellow shorts after the man with no shirt passes the ball?,1,opg_no_order_loss,42,1,1,0,0,1,0.40000168668195923,0.4085774374099273,0.40428956204594324
groundmore/HWF476qqNGg_1352_1400/4__exp4/4,groundmore,test,HWF476qqNGg_1352_1400,4__exp4,4,sequential,Who guards the man in the yellow shorts after the man with no shirt passes the ball?,1,opg_full,ensemble,1,1,0,0,1,0.40000168668195923,0.4085774374099273,0.40428956204594324
groundmore/HWF476qqNGg_1352_1400/4__exp4/4,groundmore,test,HWF476qqNGg_1352_1400,4__exp4,4,sequential,Who guards the man in the yellow shorts after the man with no shirt passes the ball?,1,opg_full,11,1,1,0,0,1,0.40000168668195923,0.4085774374099273,0.40428956204594324
groundmore/HWF476qqNGg_1352_1400/4__exp4/4,groundmore,test,HWF476qqNGg_1352_1400,4__exp4,4,sequential,Who guards the man in the yellow shorts after the man with no shirt passes the ball?,1,opg_full,23,1,1,0,0,1,0.40000168668195923,0.4085774374099273,0.40428956204594324
groundmore/HWF476qqNGg_1352_1400/4__exp4/4,groundmore,test,HWF476qqNGg_1352_1400,4__exp4,4,sequential,Who guards the man in the yellow shorts after the man with no shirt passes the ball?,1,opg_full,42,1,1,0,0,1,0.40000168668195923,0.4085774374099273,0.40428956204594324
groundmore/HWF476qqNGg_1400_1415/1__exp1/1,groundmore,test,HWF476qqNGg_1400_1415,1__exp1,1,sequential,Who moves to the side of the hoop before making a shot?,1,mean_pool,ensemble,0,0,,,0,0.0,0.0,0.0
groundmore/HWF476qqNGg_1400_1415/1__exp1/1,groundmore,test,HWF476qqNGg_1400_1415,1__exp1,1,sequential,Who moves to the side of the hoop before making a shot?,1,opg_no_monotonic,ensemble,0,0,,,0,0.0,0.0,0.0
groundmore/HWF476qqNGg_1400_1415/1__exp1/1,groundmore,test,HWF476qqNGg_1400_1415,1__exp1,1,sequential,Who moves to the side of the hoop before making a shot?,1,opg_no_order_loss,ensemble,0,0,,,0,0.0,0.0,0.0
groundmore/HWF476qqNGg_1400_1415/1__exp1/1,groundmore,test,HWF476qqNGg_1400_1415,1__exp1,1,sequential,Who moves to the side of the hoop before making a shot?,1,opg_full,ensemble,0,0,,,0,0.0,0.0,0.0
groundmore/HWF476qqNGg_1400_1415/1__exp13/13,groundmore,test,HWF476qqNGg_1400_1415,1__exp13,13,sequential,Who does the man in the yellow shorts pass the ball to after getting it?,1,mean_pool,ensemble,1,1,0,0,1,0.35,0.3542953102853269,0.35214765514266344
groundmore/HWF476qqNGg_1400_1415/1__exp13/13,groundmore,test,HWF476qqNGg_1400_1415,1__exp13,13,sequential,Who does the man in the yellow shorts pass the ball to after getting it?,1,mean_pool,11,1,1,0,0,1,0.35,0.3542953102853269,0.35214765514266344
groundmore/HWF476qqNGg_1400_1415/1__exp13/13,groundmore,test,HWF476qqNGg_1400_1415,1__exp13,13,sequential,Who does the man in the yellow shorts pass the ball to after getting it?,1,mean_pool,23,1,1,0,0,1,0.35,0.3542953102853269,0.35214765514266344
groundmore/HWF476qqNGg_1400_1415/1__exp13/13,groundmore,test,HWF476qqNGg_1400_1415,1__exp13,13,sequential,Who does the man in the yellow shorts pass the ball to after getting it?,1,mean_pool,42,1,1,0,0,1,0.35,0.3542953102853269,0.35214765514266344
groundmore/HWF476qqNGg_1400_1415/1__exp13/13,groundmore,test,HWF476qqNGg_1400_1415,1__exp13,13,sequential,Who does the man in the yellow shorts pass the ball to after getting it?,1,opg_no_monotonic,ensemble,1,1,0,0,1,0.35,0.3542953102853269,0.35214765514266344
groundmore/HWF476qqNGg_1400_1415/1__exp13/13,groundmore,test,HWF476qqNGg_1400_1415,1__exp13,13,sequential,Who does the man in the yellow shorts pass the ball to after getting it?,1,opg_no_monotonic,11,1,1,0,0,1,0.35,0.3542953102853269,0.35214765514266344
groundmore/HWF476qqNGg_1400_1415/1__exp13/13,groundmore,test,HWF476qqNGg_1400_1415,1__exp13,13,sequential,Who does the man in the yellow shorts pass the ball to after getting it?,1,opg_no_monotonic,23,1,1,0,0,1,0.35,0.3542953102853269,0.35214765514266344
groundmore/HWF476qqNGg_1400_1415/1__exp13/13,groundmore,test,HWF476qqNGg_1400_1415,1__exp13,13,sequential,Who does the man in the yellow shorts pass the ball to after getting it?,1,opg_no_monotonic,42,1,1,0,0,1,0.35,0.3542953102853269,0.35214765514266344
groundmore/HWF476qqNGg_1400_1415/1__exp13/13,groundmore,test,HWF476qqNGg_1400_1415,1__exp13,13,sequential,Who does the man in the yellow shorts pass the ball to after getting it?,1,opg_no_order_loss,ensemble,1,1,0,0,1,0.35,0.3542953102853269,0.35214765514266344
groundmore/HWF476qqNGg_1400_1415/1__exp13/13,groundmore,test,HWF476qqNGg_1400_1415,1__exp13,13,sequential,Who does the man in the yellow shorts pass the ball to after getting it?,1,opg_no_order_loss,11,1,1,0,0,1,0.35,0.3542953102853269,0.35214765514266344
groundmore/HWF476qqNGg_1400_1415/1__exp13/13,groundmore,test,HWF476qqNGg_1400_1415,1__exp13,13,sequential,Who does the man in the yellow shorts pass the ball to after getting it?,1,opg_no_order_loss,23,1,1,0,0,1,0.35,0.3542953102853269,0.35214765514266344
groundmore/HWF476qqNGg_1400_1415/1__exp13/13,groundmore,test,HWF476qqNGg_1400_1415,1__exp13,13,sequential,Who does the man in the yellow shorts pass the ball to after getting it?,1,opg_no_order_loss,42,1,1,0,0,1,0.35,0.3542953102853269,0.35214765514266344
groundmore/HWF476qqNGg_1400_1415/1__exp13/13,groundmore,test,HWF476qqNGg_1400_1415,1__exp13,13,sequential,Who does the man in the yellow shorts pass the ball to after getting it?,1,opg_full,ensemble,1,1,0,0,1,0.35,0.3542953102853269,0.35214765514266344
groundmore/HWF476qqNGg_1400_1415/1__exp13/13,groundmore,test,HWF476qqNGg_1400_1415,1__exp13,13,sequential,Who does the man in the yellow shorts pass the ball to after getting it?,1,opg_full,11,1,1,0,0,1,0.35,0.3542953102853269,0.35214765514266344
groundmore/HWF476qqNGg_1400_1415/1__exp13/13,groundmore,test,HWF476qqNGg_1400_1415,1__exp13,13,sequential,Who does the man in the yellow shorts pass the ball to after getting it?,1,opg_full,23,1,1,0,0,1,0.35,0.3542953102853269,0.35214765514266344
groundmore/HWF476qqNGg_1400_1415/1__exp13/13,groundmore,test,HWF476qqNGg_1400_1415,1__exp13,13,sequential,Who does the man in the yellow shorts pass the ball to after getting it?,1,opg_full,42,1,1,0,0,1,0.35,0.3542953102853269,0.35214765514266344
groundmore/HWF476qqNGg_1400_1415/1__exp20/20,groundmore,test,HWF476qqNGg_1400_1415,1__exp20,20,sequential,Who scores a point with the ball after being passed the ball by the man in the yellow shorts?,1,mean_pool,ensemble,0,0,,,0,0.0,0.0,0.0
groundmore/HWF476qqNGg_1400_1415/1__exp20/20,groundmore,test,HWF476qqNGg_1400_1415,1__exp20,20,sequential,Who scores a point with the ball after being passed the ball by the man in the yellow shorts?,1,opg_no_monotonic,ensemble,0,0,,,0,0.0,0.0,0.0
groundmore/HWF476qqNGg_1400_1415/1__exp20/20,groundmore,test,HWF476qqNGg_1400_1415,1__exp20,20,sequential,Who scores a point with the ball after being passed the ball by the man in the yellow shorts?,1,opg_no_order_loss,ensemble,0,0,,,0,0.0,0.0,0.0
groundmore/HWF476qqNGg_1400_1415/1__exp20/20,groundmore,test,HWF476qqNGg_1400_1415,1__exp20,20,sequential,Who scores a point with the ball after being passed the ball by the man in the yellow shorts?,1,opg_full,ensemble,0,0,,,0,0.0,0.0,0.0
groundmore/HWF476qqNGg_1400_1415/2__exp2/2,groundmore,test,HWF476qqNGg_1400_1415,2__exp2,2,sequential,What does the shirtless man move to the side of before making a shot?,1,mean_pool,ensemble,1,1,0,0,1,0.3,0.3,0.3
groundmore/HWF476qqNGg_1400_1415/2__exp2/2,groundmore,test,HWF476qqNGg_1400_1415,2__exp2,2,sequential,What does the shirtless man move to the side of before making a shot?,1,mean_pool,11,1,1,0,0,1,0.3,0.3,0.3
groundmore/HWF476qqNGg_1400_1415/2__exp2/2,groundmore,test,HWF476qqNGg_1400_1415,2__exp2,2,sequential,What does the shirtless man move to the side of before making a shot?,1,mean_pool,23,1,1,0,0,1,0.3,0.3,0.3
groundmore/HWF476qqNGg_1400_1415/2__exp2/2,groundmore,test,HWF476qqNGg_1400_1415,2__exp2,2,sequential,What does the shirtless man move to the side of before making a shot?,1,mean_pool,42,1,1,0,0,1,0.3,0.3,0.3
groundmore/HWF476qqNGg_1400_1415/2__exp2/2,groundmore,test,HWF476qqNGg_1400_1415,2__exp2,2,sequential,What does the shirtless man move to the side of before making a shot?,1,opg_no_monotonic,ensemble,1,1,0,0,1,0.3,0.3,0.3
groundmore/HWF476qqNGg_1400_1415/2__exp2/2,groundmore,test,HWF476qqNGg_1400_1415,2__exp2,2,sequential,What does the shirtless man move to the side of before making a shot?,1,opg_no_monotonic,11,1,1,0,0,1,0.3,0.3,0.3
groundmore/HWF476qqNGg_1400_1415/2__exp2/2,groundmore,test,HWF476qqNGg_1400_1415,2__exp2,2,sequential,What does the shirtless man move to the side of before making a shot?,1,opg_no_monotonic,23,1,1,0,0,1,0.3,0.3,0.3
groundmore/HWF476qqNGg_1400_1415/2__exp2/2,groundmore,test,HWF476qqNGg_1400_1415,2__exp2,2,sequential,What does the shirtless man move to the side of before making a shot?,1,opg_no_monotonic,42,1,1,0,0,1,0.3,0.3,0.3
groundmore/HWF476qqNGg_1400_1415/2__exp2/2,groundmore,test,HWF476qqNGg_1400_1415,2__exp2,2,sequential,What does the shirtless man move to the side of before making a shot?,1,opg_no_order_loss,ensemble,1,1,0,0,1,0.3,0.3,0.3
groundmore/HWF476qqNGg_1400_1415/2__exp2/2,groundmore,test,HWF476qqNGg_1400_1415,2__exp2,2,sequential,What does the shirtless man move to the side of before making a shot?,1,opg_no_order_loss,11,1,1,0,0,1,0.3,0.3,0.3
groundmore/HWF476qqNGg_1400_1415/2__exp2/2,groundmore,test,HWF476qqNGg_1400_1415,2__exp2,2,sequential,What does the shirtless man move to the side of before making a shot?,1,opg_no_order_loss,23,1,1,0,0,1,0.3,0.3,0.3
groundmore/HWF476qqNGg_1400_1415/2__exp2/2,groundmore,test,HWF476qqNGg_1400_1415,2__exp2,2,sequential,What does the shirtless man move to the side of before making a shot?,1,opg_no_order_loss,42,1,1,0,0,1,0.3,0.3,0.3
groundmore/HWF476qqNGg_1400_1415/2__exp2/2,groundmore,test,HWF476qqNGg_1400_1415,2__exp2,2,sequential,What does the shirtless man move to the side of before making a shot?,1,opg_full,ensemble,1,1,0,0,1,0.3,0.3,0.3
groundmore/HWF476qqNGg_1400_1415/2__exp2/2,groundmore,test,HWF476qqNGg_1400_1415,2__exp2,2,sequential,What does the shirtless man move to the side of before making a shot?,1,opg_full,11,1,1,0,0,1,0.3,0.3,0.3
groundmore/HWF476qqNGg_1400_1415/2__exp2/2,groundmore,test,HWF476qqNGg_1400_1415,2__exp2,2,sequential,What does the shirtless man move to the side of before making a shot?,1,opg_full,23,1,1,0,0,1,0.3,0.3,0.3
groundmore/HWF476qqNGg_1400_1415/2__exp2/2,groundmore,test,HWF476qqNGg_1400_1415,2__exp2,2,sequential,What does the shirtless man move to the side of before making a shot?,1,opg_full,42,1,1,0,0,1,0.3,0.3,0.3
groundmore/HWF476qqNGg_1400_1415/3__exp12/12,groundmore,test,HWF476qqNGg_1400_1415,3__exp12,12,sequential,Who gets the ball before passing it back to the shirtless man?,1,mean_pool,ensemble,0,0,,,0,0.0,0.0,0.0
groundmore/HWF476qqNGg_1400_1415/3__exp12/12,groundmore,test,HWF476qqNGg_1400_1415,3__exp12,12,sequential,Who gets the ball before passing it back to the shirtless man?,1,opg_no_monotonic,ensemble,0,0,,,0,0.0,0.0,0.0
groundmore/HWF476qqNGg_1400_1415/3__exp12/12,groundmore,test,HWF476qqNGg_1400_1415,3__exp12,12,sequential,Who gets the ball before passing it back to the shirtless man?,1,opg_no_order_loss,ensemble,0,0,,,0,0.0,0.0,0.0
groundmore/HWF476qqNGg_1400_1415/3__exp12/12,groundmore,test,HWF476qqNGg_1400_1415,3__exp12,12,sequential,Who gets the ball before passing it back to the shirtless man?,1,opg_full,ensemble,0,0,,,0,0.0,0.0,0.0
groundmore/HWF476qqNGg_1400_1415/3__exp22/22,groundmore,test,HWF476qqNGg_1400_1415,3__exp22,22,sequential,Who passes the ball to the shirtless man before he scores a point?,1,mean_pool,ensemble,0,0,,,0,0.0,0.0,0.0
groundmore/HWF476qqNGg_1400_1415/3__exp22/22,groundmore,test,HWF476qqNGg_1400_1415,3__exp22,22,sequential,Who passes the ball to the shirtless man before he scores a point?,1,opg_no_monotonic,ensemble,0,0,,,0,0.0,0.0,0.0
groundmore/HWF476qqNGg_1400_1415/3__exp22/22,groundmore,test,HWF476qqNGg_1400_1415,3__exp22,22,sequential,Who passes the ball to the shirtless man before he scores a point?,1,opg_no_order_loss,ensemble,0,0,,,0,0.0,0.0,0.0
groundmore/HWF476qqNGg_1400_1415/3__exp22/22,groundmore,test,HWF476qqNGg_1400_1415,3__exp22,22,sequential,Who passes the ball to the shirtless man before he scores a point?,1,opg_full,ensemble,0,0,,,0,0.0,0.0,0.0
groundmore/HWF476qqNGg_1400_1415/3__exp8/8,groundmore,test,HWF476qqNGg_1400_1415,3__exp8,8,sequential,Who gets the ball after the shirtless man misses his shot?,1,mean_pool,ensemble,1,5,2,4,0,0.4,0.4,0.4
groundmore/HWF476qqNGg_1400_1415/3__exp8/8,groundmore,test,HWF476qqNGg_1400_1415,3__exp8,8,sequential,Who gets the ball after the shirtless man misses his shot?,1,mean_pool,11,1,5,2,2,1,0.45,0.45,0.45
groundmore/HWF476qqNGg_1400_1415/3__exp8/8,groundmore,test,HWF476qqNGg_1400_1415,3__exp8,8,sequential,Who gets the ball after the shirtless man misses his shot?,1,mean_pool,23,1,5,2,4,0,0.4,0.4,0.4
groundmore/HWF476qqNGg_1400_1415/3__exp8/8,groundmore,test,HWF476qqNGg_1400_1415,3__exp8,8,sequential,Who gets the ball after the shirtless man misses his shot?,1,mean_pool,42,1,5,2,4,0,0.4,0.4,0.4
groundmore/HWF476qqNGg_1400_1415/3__exp8/8,groundmore,test,HWF476qqNGg_1400_1415,3__exp8,8,sequential,Who gets the ball after the shirtless man misses his shot?,1,opg_no_monotonic,ensemble,1,5,2,4,0,0.4,0.4,0.4
groundmore/HWF476qqNGg_1400_1415/3__exp8/8,groundmore,test,HWF476qqNGg_1400_1415,3__exp8,8,sequential,Who gets the ball after the shirtless man misses his shot?,1,opg_no_monotonic,11,1,5,2,2,1,0.45,0.45,0.45
groundmore/HWF476qqNGg_1400_1415/3__exp8/8,groundmore,test,HWF476qqNGg_1400_1415,3__exp8,8,sequential,Who gets the ball after the shirtless man misses his shot?,1,opg_no_monotonic,23,1,5,2,4,0,0.4,0.4,0.4
groundmore/HWF476qqNGg_1400_1415/3__exp8/8,groundmore,test,HWF476qqNGg_1400_1415,3__exp8,8,sequential,Who gets the ball after the shirtless man misses his shot?,1,opg_no_monotonic,42,1,5,2,4,0,0.4,0.4,0.4
groundmore/HWF476qqNGg_1400_1415/3__exp8/8,groundmore,test,HWF476qqNGg_1400_1415,3__exp8,8,sequential,Who gets the ball after the shirtless man misses his shot?,1,opg_no_order_loss,ensemble,1,5,2,4,0,0.4,0.4,0.4
groundmore/HWF476qqNGg_1400_1415/3__exp8/8,groundmore,test,HWF476qqNGg_1400_1415,3__exp8,8,sequential,Who gets the ball after the shirtless man misses his shot?,1,opg_no_order_loss,11,1,5,2,2,1,0.45,0.45,0.45
groundmore/HWF476qqNGg_1400_1415/3__exp8/8,groundmore,test,HWF476qqNGg_1400_1415,3__exp8,8,sequential,Who gets the ball after the shirtless man misses his shot?,1,opg_no_order_loss,23,1,5,2,4,0,0.4,0.4,0.4
groundmore/HWF476qqNGg_1400_1415/3__exp8/8,groundmore,test,HWF476qqNGg_1400_1415,3__exp8,8,sequential,Who gets the ball after the shirtless man misses his shot?,1,opg_no_order_loss,42,1,5,2,4,0,0.4,0.4,0.4
groundmore/HWF476qqNGg_1400_1415/3__exp8/8,groundmore,test,HWF476qqNGg_1400_1415,3__exp8,8,sequential,Who gets the ball after the shirtless man misses his shot?,1,opg_full,ensemble,1,5,2,4,0,0.4,0.4,0.4
groundmore/HWF476qqNGg_1400_1415/3__exp8/8,groundmore,test,HWF476qqNGg_1400_1415,3__exp8,8,sequential,Who gets the ball after the shirtless man misses his shot?,1,opg_full,11,1,5,2,2,1,0.45,0.45,0.45
groundmore/HWF476qqNGg_1400_1415/3__exp8/8,groundmore,test,HWF476qqNGg_1400_1415,3__exp8,8,sequential,Who gets the ball after the shirtless man misses his shot?,1,opg_full,23,1,5,2,4,0,0.4,0.4,0.4
groundmore/HWF476qqNGg_1400_1415/3__exp8/8,groundmore,test,HWF476qqNGg_1400_1415,3__exp8,8,sequential,Who gets the ball after the shirtless man misses his shot?,1,opg_full,42,1,5,2,4,0,0.4,0.4,0.4
groundmore/HWF476qqNGg_1400_1415/5__exp14/14,groundmore,test,HWF476qqNGg_1400_1415,5__exp14,14,sequential,What does the man in the yellow shorts get before passing it back to the shirtless man?,1,mean_pool,ensemble,0,0,,,0,0.0,0.0,0.0
groundmore/HWF476qqNGg_1400_1415/5__exp14/14,groundmore,test,HWF476qqNGg_1400_1415,5__exp14,14,sequential,What does the man in the yellow shorts get before passing it back to the shirtless man?,1,opg_no_monotonic,ensemble,0,0,,,0,0.0,0.0,0.0
groundmore/HWF476qqNGg_1400_1415/5__exp14/14,groundmore,test,HWF476qqNGg_1400_1415,5__exp14,14,sequential,What does the man in the yellow shorts get before passing it back to the shirtless man?,1,opg_no_order_loss,ensemble,0,0,,,0,0.0,0.0,0.0
groundmore/HWF476qqNGg_1400_1415/5__exp14/14,groundmore,test,HWF476qqNGg_1400_1415,5__exp14,14,sequential,What does the man in the yellow shorts get before passing it back to the shirtless man?,1,opg_full,ensemble,0,0,,,0,0.0,0.0,0.0
groundmore/HWF476qqNGg_1400_1415/5__exp21/21,groundmore,test,HWF476qqNGg_1400_1415,5__exp21,21,sequential,What does the shirtless man score a point with after being passed the ball by the man in the yellow shorts?,1,mean_pool,ensemble,0,0,,,0,0.0,0.0,0.0
groundmore/HWF476qqNGg_1400_1415/5__exp21/21,groundmore,test,HWF476qqNGg_1400_1415,5__exp21,21,sequential,What does the shirtless man score a point with after being passed the ball by the man in the yellow shorts?,1,opg_no_monotonic,ensemble,0,0,,,0,0.0,0.0,0.0
groundmore/HWF476qqNGg_1400_1415/5__exp21/21,groundmore,test,HWF476qqNGg_1400_1415,5__exp21,21,sequential,What does the shirtless man score a point with after being passed the ball by the man in the yellow shorts?,1,opg_no_order_loss,ensemble,0,0,,,0,0.0,0.0,0.0
groundmore/HWF476qqNGg_1400_1415/5__exp21/21,groundmore,test,HWF476qqNGg_1400_1415,5__exp21,21,sequential,What does the shirtless man score a point with after being passed the ball by the man in the yellow shorts?,1,opg_full,ensemble,0,0,,,0,0.0,0.0,0.0
groundmore/HWF476qqNGg_1400_1415/5__exp9/9,groundmore,test,HWF476qqNGg_1400_1415,5__exp9,9,sequential,What does the man in the yellow shorts get after the shirtless man misses his shot?,1,mean_pool,ensemble,0,0,,,0,0.0,0.0,0.0
groundmore/HWF476qqNGg_1400_1415/5__exp9/9,groundmore,test,HWF476qqNGg_1400_1415,5__exp9,9,sequential,What does the man in the yellow shorts get after the shirtless man misses his shot?,1,opg_no_monotonic,ensemble,0,0,,,0,0.0,0.0,0.0
groundmore/HWF476qqNGg_1400_1415/5__exp9/9,groundmore,test,HWF476qqNGg_1400_1415,5__exp9,9,sequential,What does the man in the yellow shorts get after the shirtless man misses his shot?,1,opg_no_order_loss,ensemble,0,0,,,0,0.0,0.0,0.0
groundmore/HWF476qqNGg_1400_1415/5__exp9/9,groundmore,test,HWF476qqNGg_1400_1415,5__exp9,9,sequential,What does the man in the yellow shorts get after the shirtless man misses his shot?,1,opg_full,ensemble,0,0,,,0,0.0,0.0,0.0
groundmore/KOEMEF6Pm8g_0005_0020/1__exp1/1,groundmore,test,KOEMEF6Pm8g_0005_0020,1__exp1,1,sequential,Who pushes the boy wearing the blue sweater after the boy with the blue sweater hits him?,1,mean_pool,ensemble,0,0,,,0,0.0,0.0,0.0
groundmore/KOEMEF6Pm8g_0005_0020/1__exp1/1,groundmore,test,KOEMEF6Pm8g_0005_0020,1__exp1,1,sequential,Who pushes the boy wearing the blue sweater after the boy with the blue sweater hits him?,1,opg_no_monotonic,ensemble,0,0,,,0,0.0,0.0,0.0
groundmore/KOEMEF6Pm8g_0005_0020/1__exp1/1,groundmore,test,KOEMEF6Pm8g_0005_0020,1__exp1,1,sequential,Who pushes the boy wearing the blue sweater after the boy with the blue sweater hits him?,1,opg_no_order_loss,ensemble,0,0,,,0,0.0,0.0,0.0
groundmore/KOEMEF6Pm8g_0005_0020/1__exp1/1,groundmore,test,KOEMEF6Pm8g_0005_0020,1__exp1,1,sequential,Who pushes the boy wearing the blue sweater after the boy with the blue sweater hits him?,1,opg_full,ensemble,0,0,,,0,0.0,0.0,0.0
groundmore/KOEMEF6Pm8g_0005_0020/2__exp2/2,groundmore,test,KOEMEF6Pm8g_0005_0020,2__exp2,2,sequential,Who gets pushed by the boy wearing the blue shirt after he hits him?,1,mean_pool,ensemble,0,2,0,0,0,0.2914881348619581,0.2958214928469097,0.2936548138544339
groundmore/KOEMEF6Pm8g_0005_0020/2__exp2/2,groundmore,test,KOEMEF6Pm8g_0005_0020,2__exp2,2,sequential,Who gets pushed by the boy wearing the blue shirt after he hits him?,1,mean_pool,11,0,2,0,0,0,0.2914881348619581,0.2958214928469097,0.2936548138544339
groundmore/KOEMEF6Pm8g_0005_0020/2__exp2/2,groundmore,test,KOEMEF6Pm8g_0005_0020,2__exp2,2,sequential,Who gets pushed by the boy wearing the blue shirt after he hits him?,1,mean_pool,23,0,2,0,0,0,0.2914881348619581,0.2958214928469097,0.2936548138544339
groundmore/KOEMEF6Pm8g_0005_0020/2__exp2/2,groundmore,test,KOEMEF6Pm8g_0005_0020,2__exp2,2,sequential,Who gets pushed by the boy wearing the blue shirt after he hits him?,1,mean_pool,42,0,2,0,0,0,0.2914881348619581,0.2958214928469097,0.2936548138544339
groundmore/KOEMEF6Pm8g_0005_0020/2__exp2/2,groundmore,test,KOEMEF6Pm8g_0005_0020,2__exp2,2,sequential,Who gets pushed by the boy wearing the blue shirt after he hits him?,1,opg_no_monotonic,ensemble,0,2,0,0,0,0.2914881348619581,0.2958214928469097,0.2936548138544339
groundmore/KOEMEF6Pm8g_0005_0020/2__exp2/2,groundmore,test,KOEMEF6Pm8g_0005_0020,2__exp2,2,sequential,Who gets pushed by the boy wearing the blue shirt after he hits him?,1,opg_no_monotonic,11,0,2,0,0,0,0.2914881348619581,0.2958214928469097,0.2936548138544339
groundmore/KOEMEF6Pm8g_0005_0020/2__exp2/2,groundmore,test,KOEMEF6Pm8g_0005_0020,2__exp2,2,sequential,Who gets pushed by the boy wearing the blue shirt after he hits him?,1,opg_no_monotonic,23,0,2,0,0,0,0.2914881348619581,0.2958214928469097,0.2936548138544339
groundmore/KOEMEF6Pm8g_0005_0020/2__exp2/2,groundmore,test,KOEMEF6Pm8g_0005_0020,2__exp2,2,sequential,Who gets pushed by the boy wearing the blue shirt after he hits him?,1,opg_no_monotonic,42,0,2,0,0,0,0.2914881348619581,0.2958214928469097,0.2936548138544339
groundmore/KOEMEF6Pm8g_0005_0020/2__exp2/2,groundmore,test,KOEMEF6Pm8g_0005_0020,2__exp2,2,sequential,Who gets pushed by the boy wearing the blue shirt after he hits him?,1,opg_no_order_loss,ensemble,0,2,0,0,0,0.2914881348619581,0.2958214928469097,0.2936548138544339
groundmore/KOEMEF6Pm8g_0005_0020/2__exp2/2,groundmore,test,KOEMEF6Pm8g_0005_0020,2__exp2,2,sequential,Who gets pushed by the boy wearing the blue shirt after he hits him?,1,opg_no_order_loss,11,0,2,0,0,0,0.2914881348619581,0.2958214928469097,0.2936548138544339
groundmore/KOEMEF6Pm8g_0005_0020/2__exp2/2,groundmore,test,KOEMEF6Pm8g_0005_0020,2__exp2,2,sequential,Who gets pushed by the boy wearing the blue shirt after he hits him?,1,opg_no_order_loss,23,0,2,0,0,0,0.2914881348619581,0.2958214928469097,0.2936548138544339
groundmore/KOEMEF6Pm8g_0005_0020/2__exp2/2,groundmore,test,KOEMEF6Pm8g_0005_0020,2__exp2,2,sequential,Who gets pushed by the boy wearing the blue shirt after he hits him?,1,opg_no_order_loss,42,0,2,0,0,0,0.2914881348619581,0.2958214928469097,0.2936548138544339
groundmore/KOEMEF6Pm8g_0005_0020/2__exp2/2,groundmore,test,KOEMEF6Pm8g_0005_0020,2__exp2,2,sequential,Who gets pushed by the boy wearing the blue shirt after he hits him?,1,opg_full,ensemble,0,2,0,0,0,0.2914881348619581,0.2958214928469097,0.2936548138544339
groundmore/KOEMEF6Pm8g_0005_0020/2__exp2/2,groundmore,test,KOEMEF6Pm8g_0005_0020,2__exp2,2,sequential,Who gets pushed by the boy wearing the blue shirt after he hits him?,1,opg_full,11,0,2,0,0,0,0.2914881348619581,0.2958214928469097,0.2936548138544339
groundmore/KOEMEF6Pm8g_0005_0020/2__exp2/2,groundmore,test,KOEMEF6Pm8g_0005_0020,2__exp2,2,sequential,Who gets pushed by the boy wearing the blue shirt after he hits him?,1,opg_full,23,0,2,0,0,0,0.2914881348619581,0.2958214928469097,0.2936548138544339
groundmore/KOEMEF6Pm8g_0005_0020/2__exp2/2,groundmore,test,KOEMEF6Pm8g_0005_0020,2__exp2,2,sequential,Who gets pushed by the boy wearing the blue shirt after he hits him?,1,opg_full,42,0,2,0,0,0,0.2914881348619581,0.2958214928469097,0.2936548138544339
groundmore/LM-JY2eoFp8_0239_0247/1__exp1/1,groundmore,test,LM-JY2eoFp8_0239_0247,1__exp1,1,sequential,Who hugs her mom after seeing the surprise decoration?,1,mean_pool,ensemble,0,0,,,0,0.0,0.0,0.0
groundmore/LM-JY2eoFp8_0239_0247/1__exp1/1,groundmore,test,LM-JY2eoFp8_0239_0247,1__exp1,1,sequential,Who hugs her mom after seeing the surprise decoration?,1,opg_no_monotonic,ensemble,0,0,,,0,0.0,0.0,0.0
groundmore/LM-JY2eoFp8_0239_0247/1__exp1/1,groundmore,test,LM-JY2eoFp8_0239_0247,1__exp1,1,sequential,Who hugs her mom after seeing the surprise decoration?,1,opg_no_order_loss,ensemble,0,0,,,0,0.0,0.0,0.0
groundmore/LM-JY2eoFp8_0239_0247/1__exp1/1,groundmore,test,LM-JY2eoFp8_0239_0247,1__exp1,1,sequential,Who hugs her mom after seeing the surprise decoration?,1,opg_full,ensemble,0,0,,,0,0.0,0.0,0.0
groundmore/LM-JY2eoFp8_0239_0247/2__exp2/2,groundmore,test,LM-JY2eoFp8_0239_0247,2__exp2,2,sequential,Who does the girl hug after seeing the surprise decoration?,1,mean_pool,ensemble,0,0,,,0,0.0,0.0,0.0
groundmore/LM-JY2eoFp8_0239_0247/2__exp2/2,groundmore,test,LM-JY2eoFp8_0239_0247,2__exp2,2,sequential,Who does the girl hug after seeing the surprise decoration?,1,opg_no_monotonic,ensemble,0,0,,,0,0.0,0.0,0.0
groundmore/LM-JY2eoFp8_0239_0247/2__exp2/2,groundmore,test,LM-JY2eoFp8_0239_0247,2__exp2,2,sequential,Who does the girl hug after seeing the surprise decoration?,1,opg_no_order_loss,ensemble,0,0,,,0,0.0,0.0,0.0
groundmore/LM-JY2eoFp8_0239_0247/2__exp2/2,groundmore,test,LM-JY2eoFp8_0239_0247,2__exp2,2,sequential,Who does the girl hug after seeing the surprise decoration?,1,opg_full,ensemble,0,0,,,0,0.0,0.0,0.0
groundmore/LM-JY2eoFp8_0340_0352/1__exp1/1,groundmore,test,LM-JY2eoFp8_0340_0352,1__exp1,1,sequential,Who places the gift on the table before the girl opens her eyes?,1,mean_pool,ensemble,0,0,,,0,0.0,0.0,0.0
groundmore/LM-JY2eoFp8_0340_0352/1__exp1/1,groundmore,test,LM-JY2eoFp8_0340_0352,1__exp1,1,sequential,Who places the gift on the table before the girl opens her eyes?,1,opg_no_monotonic,ensemble,0,0,,,0,0.0,0.0,0.0
groundmore/LM-JY2eoFp8_0340_0352/1__exp1/1,groundmore,test,LM-JY2eoFp8_0340_0352,1__exp1,1,sequential,Who places the gift on the table before the girl opens her eyes?,1,opg_no_order_loss,ensemble,0,0,,,0,0.0,0.0,0.0
groundmore/LM-JY2eoFp8_0340_0352/1__exp1/1,groundmore,test,LM-JY2eoFp8_0340_0352,1__exp1,1,sequential,Who places the gift on the table before the girl opens her eyes?,1,opg_full,ensemble,0,0,,,0,0.0,0.0,0.0
groundmore/LM-JY2eoFp8_0340_0352/2__exp2/2,groundmore,test,LM-JY2eoFp8_0340_0352,2__exp2,2,sequential,What does the woman place on the table before the girl opens her eyes?,1,mean_pool,ensemble,0,0,,,0,0.0,0.0,0.0
groundmore/LM-JY2eoFp8_0340_0352/2__exp2/2,groundmore,test,LM-JY2eoFp8_0340_0352,2__exp2,2,sequential,What does the woman place on the table before the girl opens her eyes?,1,opg_no_monotonic,ensemble,0,0,,,0,0.0,0.0,0.0
groundmore/LM-JY2eoFp8_0340_0352/2__exp2/2,groundmore,test,LM-JY2eoFp8_0340_0352,2__exp2,2,sequential,What does the woman place on the table before the girl opens her eyes?,1,opg_no_order_loss,ensemble,0,0,,,0,0.0,0.0,0.0
groundmore/LM-JY2eoFp8_0340_0352/2__exp2/2,groundmore,test,LM-JY2eoFp8_0340_0352,2__exp2,2,sequential,What does the woman place on the table before the girl opens her eyes?,1,opg_full,ensemble,0,0,,,0,0.0,0.0,0.0
groundmore/LM-JY2eoFp8_0433_0439/1__exp1/1,groundmore,test,LM-JY2eoFp8_0433_0439,1__exp1,1,sequential,Who takes the glass bowl after the girl pours the ingredients from the glass bowl into the steel bowl?,1,mean_pool,ensemble,0,0,,,0,0.0,0.0,0.0
groundmore/LM-JY2eoFp8_0433_0439/1__exp1/1,groundmore,test,LM-JY2eoFp8_0433_0439,1__exp1,1,sequential,Who takes the glass bowl after the girl pours the ingredients from the glass bowl into the steel bowl?,1,opg_no_monotonic,ensemble,0,0,,,0,0.0,0.0,0.0
groundmore/LM-JY2eoFp8_0433_0439/1__exp1/1,groundmore,test,LM-JY2eoFp8_0433_0439,1__exp1,1,sequential,Who takes the glass bowl after the girl pours the ingredients from the glass bowl into the steel bowl?,1,opg_no_order_loss,ensemble,0,0,,,0,0.0,0.0,0.0
groundmore/LM-JY2eoFp8_0433_0439/1__exp1/1,groundmore,test,LM-JY2eoFp8_0433_0439,1__exp1,1,sequential,Who takes the glass bowl after the girl pours the ingredients from the glass bowl into the steel bowl?,1,opg_full,ensemble,0,0,,,0,0.0,0.0,0.0
groundmore/LM-JY2eoFp8_0433_0439/2__exp2/2,groundmore,test,LM-JY2eoFp8_0433_0439,2__exp2,2,sequential,What does the woman take after the girl pours the ingredients from the glass bowl into the steel bowl?,1,mean_pool,ensemble,0,0,,,0,0.0,0.0,0.0
groundmore/LM-JY2eoFp8_0433_0439/2__exp2/2,groundmore,test,LM-JY2eoFp8_0433_0439,2__exp2,2,sequential,What does the woman take after the girl pours the ingredients from the glass bowl into the steel bowl?,1,opg_no_monotonic,ensemble,0,0,,,0,0.0,0.0,0.0
groundmore/LM-JY2eoFp8_0433_0439/2__exp2/2,groundmore,test,LM-JY2eoFp8_0433_0439,2__exp2,2,sequential,What does the woman take after the girl pours the ingredients from the glass bowl into the steel bowl?,1,opg_no_order_loss,ensemble,0,0,,,0,0.0,0.0,0.0
groundmore/LM-JY2eoFp8_0433_0439/2__exp2/2,groundmore,test,LM-JY2eoFp8_0433_0439,2__exp2,2,sequential,What does the woman take after the girl pours the ingredients from the glass bowl into the steel bowl?,1,opg_full,ensemble,0,0,,,0,0.0,0.0,0.0
groundmore/LM-JY2eoFp8_0441_0450/1__exp1/1,groundmore,test,LM-JY2eoFp8_0441_0450,1__exp1,1,sequential,Who transfers the milk from the glass mug to the steel bowl before mixing?,1,mean_pool,ensemble,0,0,,,0,0.0,0.0,0.0
groundmore/LM-JY2eoFp8_0441_0450/1__exp1/1,groundmore,test,LM-JY2eoFp8_0441_0450,1__exp1,1,sequential,Who transfers the milk from the glass mug to the steel bowl before mixing?,1,opg_no_monotonic,ensemble,0,0,,,0,0.0,0.0,0.0
groundmore/LM-JY2eoFp8_0441_0450/1__exp1/1,groundmore,test,LM-JY2eoFp8_0441_0450,1__exp1,1,sequential,Who transfers the milk from the glass mug to the steel bowl before mixing?,1,opg_no_order_loss,ensemble,0,0,,,0,0.0,0.0,0.0
groundmore/LM-JY2eoFp8_0441_0450/1__exp1/1,groundmore,test,LM-JY2eoFp8_0441_0450,1__exp1,1,sequential,Who transfers the milk from the glass mug to the steel bowl before mixing?,1,opg_full,ensemble,0,0,,,0,0.0,0.0,0.0
groundmore/LM-JY2eoFp8_0441_0450/2__exp2/2,groundmore,test,LM-JY2eoFp8_0441_0450,2__exp2,2,sequential,What does the girl transfer from the glass mug to the steel bowl before mixing?,1,mean_pool,ensemble,0,0,,,0,0.0,0.0,0.0
groundmore/LM-JY2eoFp8_0441_0450/2__exp2/2,groundmore,test,LM-JY2eoFp8_0441_0450,2__exp2,2,sequential,What does the girl transfer from the glass mug to the steel bowl before mixing?,1,opg_no_monotonic,ensemble,0,0,,,0,0.0,0.0,0.0
groundmore/LM-JY2eoFp8_0441_0450/2__exp2/2,groundmore,test,LM-JY2eoFp8_0441_0450,2__exp2,2,sequential,What does the girl transfer from the glass mug to the steel bowl before mixing?,1,opg_no_order_loss,ensemble,0,0,,,0,0.0,0.0,0.0
groundmore/LM-JY2eoFp8_0441_0450/2__exp2/2,groundmore,test,LM-JY2eoFp8_0441_0450,2__exp2,2,sequential,What does the girl transfer from the glass mug to the steel bowl before mixing?,1,opg_full,ensemble,0,0,,,0,0.0,0.0,0.0
groundmore/LM-JY2eoFp8_0514_0529/1__exp3/3,groundmore,test,LM-JY2eoFp8_0514_0529,1__exp3,3,sequential,Who tries to make a pancake after the woman did one?,1,mean_pool,ensemble,0,0,,,0,0.0,0.0,0.0
groundmore/LM-JY2eoFp8_0514_0529/1__exp3/3,groundmore,test,LM-JY2eoFp8_0514_0529,1__exp3,3,sequential,Who tries to make a pancake after the woman did one?,1,opg_no_monotonic,ensemble,0,0,,,0,0.0,0.0,0.0
groundmore/LM-JY2eoFp8_0514_0529/1__exp3/3,groundmore,test,LM-JY2eoFp8_0514_0529,1__exp3,3,sequential,Who tries to make a pancake after the woman did one?,1,opg_no_order_loss,ensemble,0,0,,,0,0.0,0.0,0.0
groundmore/LM-JY2eoFp8_0514_0529/1__exp3/3,groundmore,test,LM-JY2eoFp8_0514_0529,1__exp3,3,sequential,Who tries to make a pancake after the woman did one?,1,opg_full,ensemble,0,0,,,0,0.0,0.0,0.0
groundmore/LM-JY2eoFp8_0514_0529/2__exp4/4,groundmore,test,LM-JY2eoFp8_0514_0529,2__exp4,4,sequential,What does the girl try to make after the woman made a pancake?,1,mean_pool,ensemble,0,0,,,0,0.0,0.0,0.0
groundmore/LM-JY2eoFp8_0514_0529/2__exp4/4,groundmore,test,LM-JY2eoFp8_0514_0529,2__exp4,4,sequential,What does the girl try to make after the woman made a pancake?,1,opg_no_monotonic,ensemble,0,0,,,0,0.0,0.0,0.0
groundmore/LM-JY2eoFp8_0514_0529/2__exp4/4,groundmore,test,LM-JY2eoFp8_0514_0529,2__exp4,4,sequential,What does the girl try to make after the woman made a pancake?,1,opg_no_order_loss,ensemble,0,0,,,0,0.0,0.0,0.0
groundmore/LM-JY2eoFp8_0514_0529/2__exp4/4,groundmore,test,LM-JY2eoFp8_0514_0529,2__exp4,4,sequential,What does the girl try to make after the woman made a pancake?,1,opg_full,ensemble,0,0,,,0,0.0,0.0,0.0
groundmore/LM-JY2eoFp8_0831_0837/1__exp1/1,groundmore,test,LM-JY2eoFp8_0831_0837,1__exp1,1,sequential,Who lifts the girl after she comes towards him jumping?,1,mean_pool,ensemble,0,1,0,0,0,0.05015532801572031,0.10202509874513124,0.07609021338042578
groundmore/LM-JY2eoFp8_0831_0837/1__exp1/1,groundmore,test,LM-JY2eoFp8_0831_0837,1__exp1,1,sequential,Who lifts the girl after she comes towards him jumping?,1,mean_pool,11,0,1,0,0,0,0.05015532801572031,0.10202509874513124,0.07609021338042578
groundmore/LM-JY2eoFp8_0831_0837/1__exp1/1,groundmore,test,LM-JY2eoFp8_0831_0837,1__exp1,1,sequential,Who lifts the girl after she comes towards him jumping?,1,mean_pool,23,0,1,0,0,0,0.05015532801572031,0.10202509874513124,0.07609021338042578
groundmore/LM-JY2eoFp8_0831_0837/1__exp1/1,groundmore,test,LM-JY2eoFp8_0831_0837,1__exp1,1,sequential,Who lifts the girl after she comes towards him jumping?,1,mean_pool,42,0,1,0,0,0,0.05015532801572031,0.10202509874513124,0.07609021338042578
groundmore/LM-JY2eoFp8_0831_0837/1__exp1/1,groundmore,test,LM-JY2eoFp8_0831_0837,1__exp1,1,sequential,Who lifts the girl after she comes towards him jumping?,1,opg_no_monotonic,ensemble,0,1,0,0,0,0.05015532801572031,0.10202509874513124,0.07609021338042578
groundmore/LM-JY2eoFp8_0831_0837/1__exp1/1,groundmore,test,LM-JY2eoFp8_0831_0837,1__exp1,1,sequential,Who lifts the girl after she comes towards him jumping?,1,opg_no_monotonic,11,0,1,0,0,0,0.05015532801572031,0.10202509874513124,0.07609021338042578
groundmore/LM-JY2eoFp8_0831_0837/1__exp1/1,groundmore,test,LM-JY2eoFp8_0831_0837,1__exp1,1,sequential,Who lifts the girl after she comes towards him jumping?,1,opg_no_monotonic,23,0,1,0,0,0,0.05015532801572031,0.10202509874513124,0.07609021338042578
groundmore/LM-JY2eoFp8_0831_0837/1__exp1/1,groundmore,test,LM-JY2eoFp8_0831_0837,1__exp1,1,sequential,Who lifts the girl after she comes towards him jumping?,1,opg_no_monotonic,42,0,1,0,0,0,0.05015532801572031,0.10202509874513124,0.07609021338042578
groundmore/LM-JY2eoFp8_0831_0837/1__exp1/1,groundmore,test,LM-JY2eoFp8_0831_0837,1__exp1,1,sequential,Who lifts the girl after she comes towards him jumping?,1,opg_no_order_loss,ensemble,0,1,0,0,0,0.05015532801572031,0.10202509874513124,0.07609021338042578
groundmore/LM-JY2eoFp8_0831_0837/1__exp1/1,groundmore,test,LM-JY2eoFp8_0831_0837,1__exp1,1,sequential,Who lifts the girl after she comes towards him jumping?,1,opg_no_order_loss,11,0,1,0,0,0,0.05015532801572031,0.10202509874513124,0.07609021338042578
groundmore/LM-JY2eoFp8_0831_0837/1__exp1/1,groundmore,test,LM-JY2eoFp8_0831_0837,1__exp1,1,sequential,Who lifts the girl after she comes towards him jumping?,1,opg_no_order_loss,23,0,1,0,0,0,0.05015532801572031,0.10202509874513124,0.07609021338042578
groundmore/LM-JY2eoFp8_0831_0837/1__exp1/1,groundmore,test,LM-JY2eoFp8_0831_0837,1__exp1,1,sequential,Who lifts the girl after she comes towards him jumping?,1,opg_no_order_loss,42,0,1,0,0,0,0.05015532801572031,0.10202509874513124,0.07609021338042578
groundmore/LM-JY2eoFp8_0831_0837/1__exp1/1,groundmore,test,LM-JY2eoFp8_0831_0837,1__exp1,1,sequential,Who lifts the girl after she comes towards him jumping?,1,opg_full,ensemble,0,1,0,0,0,0.05015532801572031,0.10202509874513124,0.07609021338042578
groundmore/LM-JY2eoFp8_0831_0837/1__exp1/1,groundmore,test,LM-JY2eoFp8_0831_0837,1__exp1,1,sequential,Who lifts the girl after she comes towards him jumping?,1,opg_full,11,0,1,0,0,0,0.05015532801572031,0.10202509874513124,0.07609021338042578
groundmore/LM-JY2eoFp8_0831_0837/1__exp1/1,groundmore,test,LM-JY2eoFp8_0831_0837,1__exp1,1,sequential,Who lifts the girl after she comes towards him jumping?,1,opg_full,23,0,1,0,0,0,0.05015532801572031,0.10202509874513124,0.07609021338042578
groundmore/LM-JY2eoFp8_0831_0837/1__exp1/1,groundmore,test,LM-JY2eoFp8_0831_0837,1__exp1,1,sequential,Who lifts the girl after she comes towards him jumping?,1,opg_full,42,0,1,0,0,0,0.05015532801572031,0.10202509874513124,0.07609021338042578
groundmore/LM-JY2eoFp8_0831_0837/2__exp2/2,groundmore,test,LM-JY2eoFp8_0831_0837,2__exp2,2,sequential,Who does the man lift after she comes towards him jumping?,1,mean_pool,ensemble,0,0,,,0,0.0,0.0,0.0
groundmore/LM-JY2eoFp8_0831_0837/2__exp2/2,groundmore,test,LM-JY2eoFp8_0831_0837,2__exp2,2,sequential,Who does the man lift after she comes towards him jumping?,1,opg_no_monotonic,ensemble,0,0,,,0,0.0,0.0,0.0
groundmore/LM-JY2eoFp8_0831_0837/2__exp2/2,groundmore,test,LM-JY2eoFp8_0831_0837,2__exp2,2,sequential,Who does the man lift after she comes towards him jumping?,1,opg_no_order_loss,ensemble,0,0,,,0,0.0,0.0,0.0
groundmore/LM-JY2eoFp8_0831_0837/2__exp2/2,groundmore,test,LM-JY2eoFp8_0831_0837,2__exp2,2,sequential,Who does the man lift after she comes towards him jumping?,1,opg_full,ensemble,0,0,,,0,0.0,0.0,0.0
groundmore/LM-JY2eoFp8_1145_1157/1__exp4/4,groundmore,test,LM-JY2eoFp8_1145_1157,1__exp4,4,sequential,Who is being lifted up by the woman after the man opens the door?,1,mean_pool,ensemble,0,0,,,0,0.0,0.0,0.0
groundmore/LM-JY2eoFp8_1145_1157/1__exp4/4,groundmore,test,LM-JY2eoFp8_1145_1157,1__exp4,4,sequential,Who is being lifted up by the woman after the man opens the door?,1,opg_no_monotonic,ensemble,0,0,,,0,0.0,0.0,0.0
groundmore/LM-JY2eoFp8_1145_1157/1__exp4/4,groundmore,test,LM-JY2eoFp8_1145_1157,1__exp4,4,sequential,Who is being lifted up by the woman after the man opens the door?,1,opg_no_order_loss,ensemble,0,0,,,0,0.0,0.0,0.0
groundmore/LM-JY2eoFp8_1145_1157/1__exp4/4,groundmore,test,LM-JY2eoFp8_1145_1157,1__exp4,4,sequential,Who is being lifted up by the woman after the man opens the door?,1,opg_full,ensemble,0,0,,,0,0.0,0.0,0.0
groundmore/LM-JY2eoFp8_1145_1157/2__exp3/3,groundmore,test,LM-JY2eoFp8_1145_1157,2__exp3,3,sequential,Who lifts up the girl after the man opens the door?,1,mean_pool,ensemble,0,0,,,0,0.0,0.0,0.0
groundmore/LM-JY2eoFp8_1145_1157/2__exp3/3,groundmore,test,LM-JY2eoFp8_1145_1157,2__exp3,3,sequential,Who lifts up the girl after the man opens the door?,1,opg_no_monotonic,ensemble,0,0,,,0,0.0,0.0,0.0
groundmore/LM-JY2eoFp8_1145_1157/2__exp3/3,groundmore,test,LM-JY2eoFp8_1145_1157,2__exp3,3,sequential,Who lifts up the girl after the man opens the door?,1,opg_no_order_loss,ensemble,0,0,,,0,0.0,0.0,0.0
groundmore/LM-JY2eoFp8_1145_1157/2__exp3/3,groundmore,test,LM-JY2eoFp8_1145_1157,2__exp3,3,sequential,Who lifts up the girl after the man opens the door?,1,opg_full,ensemble,0,0,,,0,0.0,0.0,0.0
groundmore/LM-JY2eoFp8_1145_1157/2__exp5/5,groundmore,test,LM-JY2eoFp8_1145_1157,2__exp5,5,sequential,Who is startled after the man opens the door with excitement?,1,mean_pool,ensemble,0,0,,,0,0.0,0.0,0.0
groundmore/LM-JY2eoFp8_1145_1157/2__exp5/5,groundmore,test,LM-JY2eoFp8_1145_1157,2__exp5,5,sequential,Who is startled after the man opens the door with excitement?,1,opg_no_monotonic,ensemble,0,0,,,0,0.0,0.0,0.0
groundmore/LM-JY2eoFp8_1145_1157/2__exp5/5,groundmore,test,LM-JY2eoFp8_1145_1157,2__exp5,5,sequential,Who is startled after the man opens the door with excitement?,1,opg_no_order_loss,ensemble,0,0,,,0,0.0,0.0,0.0
groundmore/LM-JY2eoFp8_1145_1157/2__exp5/5,groundmore,test,LM-JY2eoFp8_1145_1157,2__exp5,5,sequential,Who is startled after the man opens the door with excitement?,1,opg_full,ensemble,0,0,,,0,0.0,0.0,0.0
groundmore/LM-JY2eoFp8_1145_1157/2__exp6/6,groundmore,test,LM-JY2eoFp8_1145_1157,2__exp6,6,sequential,What happens to the woman in the orange shirt after the man opens the door with excitement?,1,mean_pool,ensemble,0,0,,,0,0.0,0.0,0.0
groundmore/LM-JY2eoFp8_1145_1157/2__exp6/6,groundmore,test,LM-JY2eoFp8_1145_1157,2__exp6,6,sequential,What happens to the woman in the orange shirt after the man opens the door with excitement?,1,opg_no_monotonic,ensemble,0,0,,,0,0.0,0.0,0.0
groundmore/LM-JY2eoFp8_1145_1157/2__exp6/6,groundmore,test,LM-JY2eoFp8_1145_1157,2__exp6,6,sequential,What happens to the woman in the orange shirt after the man opens the door with excitement?,1,opg_no_order_loss,ensemble,0,0,,,0,0.0,0.0,0.0
groundmore/LM-JY2eoFp8_1145_1157/2__exp6/6,groundmore,test,LM-JY2eoFp8_1145_1157,2__exp6,6,sequential,What happens to the woman in the orange shirt after the man opens the door with excitement?,1,opg_full,ensemble,0,0,,,0,0.0,0.0,0.0
groundmore/LM-JY2eoFp8_1435_1450/1__exp1/1,groundmore,test,LM-JY2eoFp8_1435_1450,1__exp1,1,sequential,Who inspects the doll after unwrapping the gift?,1,mean_pool,ensemble,0,0,,,0,0.0,0.0,0.0
groundmore/LM-JY2eoFp8_1435_1450/1__exp1/1,groundmore,test,LM-JY2eoFp8_1435_1450,1__exp1,1,sequential,Who inspects the doll after unwrapping the gift?,1,opg_no_monotonic,ensemble,0,0,,,0,0.0,0.0,0.0
groundmore/LM-JY2eoFp8_1435_1450/1__exp1/1,groundmore,test,LM-JY2eoFp8_1435_1450,1__exp1,1,sequential,Who inspects the doll after unwrapping the gift?,1,opg_no_order_loss,ensemble,0,0,,,0,0.0,0.0,0.0
groundmore/LM-JY2eoFp8_1435_1450/1__exp1/1,groundmore,test,LM-JY2eoFp8_1435_1450,1__exp1,1,sequential,Who inspects the doll after unwrapping the gift?,1,opg_full,ensemble,0,0,,,0,0.0,0.0,0.0
groundmore/LM-JY2eoFp8_1435_1450/2__exp2/2,groundmore,test,LM-JY2eoFp8_1435_1450,2__exp2,2,sequential,What does the girl inspect after unwrapping the gift?,1,mean_pool,ensemble,0,0,,,0,0.0,0.0,0.0
groundmore/LM-JY2eoFp8_1435_1450/2__exp2/2,groundmore,test,LM-JY2eoFp8_1435_1450,2__exp2,2,sequential,What does the girl inspect after unwrapping the gift?,1,opg_no_monotonic,ensemble,0,0,,,0,0.0,0.0,0.0
groundmore/LM-JY2eoFp8_1435_1450/2__exp2/2,groundmore,test,LM-JY2eoFp8_1435_1450,2__exp2,2,sequential,What does the girl inspect after unwrapping the gift?,1,opg_no_order_loss,ensemble,0,0,,,0,0.0,0.0,0.0
groundmore/LM-JY2eoFp8_1435_1450/2__exp2/2,groundmore,test,LM-JY2eoFp8_1435_1450,2__exp2,2,sequential,What does the girl inspect after unwrapping the gift?,1,opg_full,ensemble,0,0,,,0,0.0,0.0,0.0
groundmore/LM-JY2eoFp8_1612_1622/1__exp3/3,groundmore,test,LM-JY2eoFp8_1612_1622,1__exp3,3,sequential,Who shows her nailpolish to the woman after applying the nailpolish?,1,mean_pool,ensemble,1,1,0,0,1,0.4,0.4,0.4
groundmore/LM-JY2eoFp8_1612_1622/1__exp3/3,groundmore,test,LM-JY2eoFp8_1612_1622,1__exp3,3,sequential,Who shows her nailpolish to the woman after applying the nailpolish?,1,mean_pool,11,1,1,0,0,1,0.4,0.4,0.4
groundmore/LM-JY2eoFp8_1612_1622/1__exp3/3,groundmore,test,LM-JY2eoFp8_1612_1622,1__exp3,3,sequential,Who shows her nailpolish to the woman after applying the nailpolish?,1,mean_pool,23,1,1,0,0,1,0.4,0.4,0.4
groundmore/LM-JY2eoFp8_1612_1622/1__exp3/3,groundmore,test,LM-JY2eoFp8_1612_1622,1__exp3,3,sequential,Who shows her nailpolish to the woman after applying the nailpolish?,1,mean_pool,42,1,1,0,0,1,0.4,0.4,0.4
groundmore/LM-JY2eoFp8_1612_1622/1__exp3/3,groundmore,test,LM-JY2eoFp8_1612_1622,1__exp3,3,sequential,Who shows her nailpolish to the woman after applying the nailpolish?,1,opg_no_monotonic,ensemble,1,1,0,0,1,0.4,0.4,0.4
groundmore/LM-JY2eoFp8_1612_1622/1__exp3/3,groundmore,test,LM-JY2eoFp8_1612_1622,1__exp3,3,sequential,Who shows her nailpolish to the woman after applying the nailpolish?,1,opg_no_monotonic,11,1,1,0,0,1,0.4,0.4,0.4
groundmore/LM-JY2eoFp8_1612_1622/1__exp3/3,groundmore,test,LM-JY2eoFp8_1612_1622,1__exp3,3,sequential,Who shows her nailpolish to the woman after applying the nailpolish?,1,opg_no_monotonic,23,1,1,0,0,1,0.4,0.4,0.4
groundmore/LM-JY2eoFp8_1612_1622/1__exp3/3,groundmore,test,LM-JY2eoFp8_1612_1622,1__exp3,3,sequential,Who shows her nailpolish to the woman after applying the nailpolish?,1,opg_no_monotonic,42,1,1,0,0,1,0.4,0.4,0.4
groundmore/LM-JY2eoFp8_1612_1622/1__exp3/3,groundmore,test,LM-JY2eoFp8_1612_1622,1__exp3,3,sequential,Who shows her nailpolish to the woman after applying the nailpolish?,1,opg_no_order_loss,ensemble,1,1,0,0,1,0.4,0.4,0.4
groundmore/LM-JY2eoFp8_1612_1622/1__exp3/3,groundmore,test,LM-JY2eoFp8_1612_1622,1__exp3,3,sequential,Who shows her nailpolish to the woman after applying the nailpolish?,1,opg_no_order_loss,11,1,1,0,0,1,0.4,0.4,0.4
groundmore/LM-JY2eoFp8_1612_1622/1__exp3/3,groundmore,test,LM-JY2eoFp8_1612_1622,1__exp3,3,sequential,Who shows her nailpolish to the woman after applying the nailpolish?,1,opg_no_order_loss,23,1,1,0,0,1,0.4,0.4,0.4
groundmore/LM-JY2eoFp8_1612_1622/1__exp3/3,groundmore,test,LM-JY2eoFp8_1612_1622,1__exp3,3,sequential,Who shows her nailpolish to the woman after applying the nailpolish?,1,opg_no_order_loss,42,1,1,0,0,1,0.4,0.4,0.4
groundmore/LM-JY2eoFp8_1612_1622/1__exp3/3,groundmore,test,LM-JY2eoFp8_1612_1622,1__exp3,3,sequential,Who shows her nailpolish to the woman after applying the nailpolish?,1,opg_full,ensemble,1,1,0,0,1,0.4,0.4,0.4
groundmore/LM-JY2eoFp8_1612_1622/1__exp3/3,groundmore,test,LM-JY2eoFp8_1612_1622,1__exp3,3,sequential,Who shows her nailpolish to the woman after applying the nailpolish?,1,opg_full,11,1,1,0,0,1,0.4,0.4,0.4
groundmore/LM-JY2eoFp8_1612_1622/1__exp3/3,groundmore,test,LM-JY2eoFp8_1612_1622,1__exp3,3,sequential,Who shows her nailpolish to the woman after applying the nailpolish?,1,opg_full,23,1,1,0,0,1,0.4,0.4,0.4
groundmore/LM-JY2eoFp8_1612_1622/1__exp3/3,groundmore,test,LM-JY2eoFp8_1612_1622,1__exp3,3,sequential,Who shows her nailpolish to the woman after applying the nailpolish?,1,opg_full,42,1,1,0,0,1,0.4,0.4,0.4
groundmore/LM-JY2eoFp8_1612_1622/2__exp4/4,groundmore,test,LM-JY2eoFp8_1612_1622,2__exp4,4,sequential,What does the girl show to the woman after applying it?,1,mean_pool,ensemble,0,0,,,0,0.0,0.0,0.0
groundmore/LM-JY2eoFp8_1612_1622/2__exp4/4,groundmore,test,LM-JY2eoFp8_1612_1622,2__exp4,4,sequential,What does the girl show to the woman after applying it?,1,opg_no_monotonic,ensemble,0,0,,,0,0.0,0.0,0.0
groundmore/LM-JY2eoFp8_1612_1622/2__exp4/4,groundmore,test,LM-JY2eoFp8_1612_1622,2__exp4,4,sequential,What does the girl show to the woman after applying it?,1,opg_no_order_loss,ensemble,0,0,,,0,0.0,0.0,0.0
groundmore/LM-JY2eoFp8_1612_1622/2__exp4/4,groundmore,test,LM-JY2eoFp8_1612_1622,2__exp4,4,sequential,What does the girl show to the woman after applying it?,1,opg_full,ensemble,0,0,,,0,0.0,0.0,0.0
groundmore/LrSVwtYRGe4_0036_0043/1__exp1/1,groundmore,test,LrSVwtYRGe4_0036_0043,1__exp1,1,sequential,Who runs up the ramp after crossing the obstacle course?,1,mean_pool,ensemble,0,0,,,0,0.0,0.0,0.0
groundmore/LrSVwtYRGe4_0036_0043/1__exp1/1,groundmore,test,LrSVwtYRGe4_0036_0043,1__exp1,1,sequential,Who runs up the ramp after crossing the obstacle course?,1,opg_no_monotonic,ensemble,0,0,,,0,0.0,0.0,0.0
groundmore/LrSVwtYRGe4_0036_0043/1__exp1/1,groundmore,test,LrSVwtYRGe4_0036_0043,1__exp1,1,sequential,Who runs up the ramp after crossing the obstacle course?,1,opg_no_order_loss,ensemble,0,0,,,0,0.0,0.0,0.0
groundmore/LrSVwtYRGe4_0036_0043/1__exp1/1,groundmore,test,LrSVwtYRGe4_0036_0043,1__exp1,1,sequential,Who runs up the ramp after crossing the obstacle course?,1,opg_full,ensemble,0,0,,,0,0.0,0.0,0.0
groundmore/LrSVwtYRGe4_0036_0043/2__exp2/2,groundmore,test,LrSVwtYRGe4_0036_0043,2__exp2,2,sequential,What does the boy in red run up after crossing the obstacle course?,1,mean_pool,ensemble,0,0,,,0,0.0,0.0,0.0
groundmore/LrSVwtYRGe4_0036_0043/2__exp2/2,groundmore,test,LrSVwtYRGe4_0036_0043,2__exp2,2,sequential,What does the boy in red run up after crossing the obstacle course?,1,opg_no_monotonic,ensemble,0,0,,,0,0.0,0.0,0.0
groundmore/LrSVwtYRGe4_0036_0043/2__exp2/2,groundmore,test,LrSVwtYRGe4_0036_0043,2__exp2,2,sequential,What does the boy in red run up after crossing the obstacle course?,1,opg_no_order_loss,ensemble,0,0,,,0,0.0,0.0,0.0
groundmore/LrSVwtYRGe4_0036_0043/2__exp2/2,groundmore,test,LrSVwtYRGe4_0036_0043,2__exp2,2,sequential,What does the boy in red run up after crossing the obstacle course?,1,opg_full,ensemble,0,0,,,0,0.0,0.0,0.0
groundmore/M47-i9Gvwkw_0518_0532/1__exp1/1,groundmore,test,M47-i9Gvwkw_0518_0532,1__exp1,1,sequential,Who hugs the girl after welcoming her inside?,1,mean_pool,ensemble,0,0,,,0,0.0,0.0,0.0
groundmore/M47-i9Gvwkw_0518_0532/1__exp1/1,groundmore,test,M47-i9Gvwkw_0518_0532,1__exp1,1,sequential,Who hugs the girl after welcoming her inside?,1,opg_no_monotonic,ensemble,0,0,,,0,0.0,0.0,0.0
groundmore/M47-i9Gvwkw_0518_0532/1__exp1/1,groundmore,test,M47-i9Gvwkw_0518_0532,1__exp1,1,sequential,Who hugs the girl after welcoming her inside?,1,opg_no_order_loss,ensemble,0,0,,,0,0.0,0.0,0.0
groundmore/M47-i9Gvwkw_0518_0532/1__exp1/1,groundmore,test,M47-i9Gvwkw_0518_0532,1__exp1,1,sequential,Who hugs the girl after welcoming her inside?,1,opg_full,ensemble,0,0,,,0,0.0,0.0,0.0
groundmore/M47-i9Gvwkw_0518_0532/2__exp2/2,groundmore,test,M47-i9Gvwkw_0518_0532,2__exp2,2,sequential,Who does the woman hug after welcoming inside?,1,mean_pool,ensemble,0,0,,,0,0.0,0.0,0.0
groundmore/M47-i9Gvwkw_0518_0532/2__exp2/2,groundmore,test,M47-i9Gvwkw_0518_0532,2__exp2,2,sequential,Who does the woman hug after welcoming inside?,1,opg_no_monotonic,ensemble,0,0,,,0,0.0,0.0,0.0
groundmore/M47-i9Gvwkw_0518_0532/2__exp2/2,groundmore,test,M47-i9Gvwkw_0518_0532,2__exp2,2,sequential,Who does the woman hug after welcoming inside?,1,opg_no_order_loss,ensemble,0,0,,,0,0.0,0.0,0.0
groundmore/M47-i9Gvwkw_0518_0532/2__exp2/2,groundmore,test,M47-i9Gvwkw_0518_0532,2__exp2,2,sequential,Who does the woman hug after welcoming inside?,1,opg_full,ensemble,0,0,,,0,0.0,0.0,0.0
groundmore/NomMansxnQM_0200_0215/1__exp1/1,groundmore,test,NomMansxnQM_0200_0215,1__exp1,1,sequential,Who falls on the carpet after the white dog pulls on the toy?,1,mean_pool,ensemble,1,3,1,1,1,0.6,0.6,0.6
groundmore/NomMansxnQM_0200_0215/1__exp1/1,groundmore,test,NomMansxnQM_0200_0215,1__exp1,1,sequential,Who falls on the carpet after the white dog pulls on the toy?,1,mean_pool,11,1,3,1,1,1,0.6,0.6,0.6
groundmore/NomMansxnQM_0200_0215/1__exp1/1,groundmore,test,NomMansxnQM_0200_0215,1__exp1,1,sequential,Who falls on the carpet after the white dog pulls on the toy?,1,mean_pool,23,1,3,1,1,1,0.6,0.6,0.6
groundmore/NomMansxnQM_0200_0215/1__exp1/1,groundmore,test,NomMansxnQM_0200_0215,1__exp1,1,sequential,Who falls on the carpet after the white dog pulls on the toy?,1,mean_pool,42,1,3,1,1,1,0.6,0.6,0.6
groundmore/NomMansxnQM_0200_0215/1__exp1/1,groundmore,test,NomMansxnQM_0200_0215,1__exp1,1,sequential,Who falls on the carpet after the white dog pulls on the toy?,1,opg_no_monotonic,ensemble,1,3,1,1,1,0.6,0.6,0.6
groundmore/NomMansxnQM_0200_0215/1__exp1/1,groundmore,test,NomMansxnQM_0200_0215,1__exp1,1,sequential,Who falls on the carpet after the white dog pulls on the toy?,1,opg_no_monotonic,11,1,3,1,1,1,0.6,0.6,0.6
groundmore/NomMansxnQM_0200_0215/1__exp1/1,groundmore,test,NomMansxnQM_0200_0215,1__exp1,1,sequential,Who falls on the carpet after the white dog pulls on the toy?,1,opg_no_monotonic,23,1,3,1,1,1,0.6,0.6,0.6
groundmore/NomMansxnQM_0200_0215/1__exp1/1,groundmore,test,NomMansxnQM_0200_0215,1__exp1,1,sequential,Who falls on the carpet after the white dog pulls on the toy?,1,opg_no_monotonic,42,1,3,1,1,1,0.6,0.6,0.6
groundmore/NomMansxnQM_0200_0215/1__exp1/1,groundmore,test,NomMansxnQM_0200_0215,1__exp1,1,sequential,Who falls on the carpet after the white dog pulls on the toy?,1,opg_no_order_loss,ensemble,1,3,1,1,1,0.6,0.6,0.6
groundmore/NomMansxnQM_0200_0215/1__exp1/1,groundmore,test,NomMansxnQM_0200_0215,1__exp1,1,sequential,Who falls on the carpet after the white dog pulls on the toy?,1,opg_no_order_loss,11,1,3,1,1,1,0.6,0.6,0.6
groundmore/NomMansxnQM_0200_0215/1__exp1/1,groundmore,test,NomMansxnQM_0200_0215,1__exp1,1,sequential,Who falls on the carpet after the white dog pulls on the toy?,1,opg_no_order_loss,23,1,3,1,1,1,0.6,0.6,0.6
groundmore/NomMansxnQM_0200_0215/1__exp1/1,groundmore,test,NomMansxnQM_0200_0215,1__exp1,1,sequential,Who falls on the carpet after the white dog pulls on the toy?,1,opg_no_order_loss,42,1,3,1,1,1,0.6,0.6,0.6
groundmore/NomMansxnQM_0200_0215/1__exp1/1,groundmore,test,NomMansxnQM_0200_0215,1__exp1,1,sequential,Who falls on the carpet after the white dog pulls on the toy?,1,opg_full,ensemble,1,3,1,1,1,0.6,0.6,0.6
groundmore/NomMansxnQM_0200_0215/1__exp1/1,groundmore,test,NomMansxnQM_0200_0215,1__exp1,1,sequential,Who falls on the carpet after the white dog pulls on the toy?,1,opg_full,11,1,3,1,1,1,0.6,0.6,0.6
groundmore/NomMansxnQM_0200_0215/1__exp1/1,groundmore,test,NomMansxnQM_0200_0215,1__exp1,1,sequential,Who falls on the carpet after the white dog pulls on the toy?,1,opg_full,23,1,3,1,1,1,0.6,0.6,0.6
groundmore/NomMansxnQM_0200_0215/1__exp1/1,groundmore,test,NomMansxnQM_0200_0215,1__exp1,1,sequential,Who falls on the carpet after the white dog pulls on the toy?,1,opg_full,42,1,3,1,1,1,0.6,0.6,0.6
groundmore/NomMansxnQM_0200_0215/2__exp2/2,groundmore,test,NomMansxnQM_0200_0215,2__exp2,2,sequential,Who pulls on the toy causing the baby to fall on the carpet?,0,mean_pool,ensemble,0,0,,,0,0.0,0.0,0.0
groundmore/NomMansxnQM_0200_0215/2__exp2/2,groundmore,test,NomMansxnQM_0200_0215,2__exp2,2,sequential,Who pulls on the toy causing the baby to fall on the carpet?,0,opg_no_monotonic,ensemble,0,0,,,0,0.0,0.0,0.0
groundmore/NomMansxnQM_0200_0215/2__exp2/2,groundmore,test,NomMansxnQM_0200_0215,2__exp2,2,sequential,Who pulls on the toy causing the baby to fall on the carpet?,0,opg_no_order_loss,ensemble,0,0,,,0,0.0,0.0,0.0
groundmore/NomMansxnQM_0200_0215/2__exp2/2,groundmore,test,NomMansxnQM_0200_0215,2__exp2,2,sequential,Who pulls on the toy causing the baby to fall on the carpet?,0,opg_full,ensemble,0,0,,,0,0.0,0.0,0.0
groundmore/NomMansxnQM_0200_0215/3__exp3/3,groundmore,test,NomMansxnQM_0200_0215,3__exp3,3,sequential,What does the white dog pull on causing the baby to fall?,0,mean_pool,ensemble,0,0,,,0,0.0,0.0,0.0
groundmore/NomMansxnQM_0200_0215/3__exp3/3,groundmore,test,NomMansxnQM_0200_0215,3__exp3,3,sequential,What does the white dog pull on causing the baby to fall?,0,opg_no_monotonic,ensemble,0,0,,,0,0.0,0.0,0.0
groundmore/NomMansxnQM_0200_0215/3__exp3/3,groundmore,test,NomMansxnQM_0200_0215,3__exp3,3,sequential,What does the white dog pull on causing the baby to fall?,0,opg_no_order_loss,ensemble,0,0,,,0,0.0,0.0,0.0
groundmore/NomMansxnQM_0200_0215/3__exp3/3,groundmore,test,NomMansxnQM_0200_0215,3__exp3,3,sequential,What does the white dog pull on causing the baby to fall?,0,opg_full,ensemble,0,0,,,0,0.0,0.0,0.0
groundmore/NomMansxnQM_0200_0215/4__exp4/4,groundmore,test,NomMansxnQM_0200_0215,4__exp4,4,sequential,Where does the baby fall after the white dog pulls on the toy?,1,mean_pool,ensemble,0,0,,,0,0.0,0.0,0.0
groundmore/NomMansxnQM_0200_0215/4__exp4/4,groundmore,test,NomMansxnQM_0200_0215,4__exp4,4,sequential,Where does the baby fall after the white dog pulls on the toy?,1,opg_no_monotonic,ensemble,0,0,,,0,0.0,0.0,0.0
groundmore/NomMansxnQM_0200_0215/4__exp4/4,groundmore,test,NomMansxnQM_0200_0215,4__exp4,4,sequential,Where does the baby fall after the white dog pulls on the toy?,1,opg_no_order_loss,ensemble,0,0,,,0,0.0,0.0,0.0
groundmore/NomMansxnQM_0200_0215/4__exp4/4,groundmore,test,NomMansxnQM_0200_0215,4__exp4,4,sequential,Where does the baby fall after the white dog pulls on the toy?,1,opg_full,ensemble,0,0,,,0,0.0,0.0,0.0
groundmore/NomMansxnQM_0252_0302/1__exp3/3,groundmore,test,NomMansxnQM_0252_0302,1__exp3,3,sequential,Who falls on the ground after the black dog pulls on the pink rope?,1,mean_pool,ensemble,0,0,,,0,0.0,0.0,0.0
groundmore/NomMansxnQM_0252_0302/1__exp3/3,groundmore,test,NomMansxnQM_0252_0302,1__exp3,3,sequential,Who falls on the ground after the black dog pulls on the pink rope?,1,opg_no_monotonic,ensemble,0,0,,,0,0.0,0.0,0.0
groundmore/NomMansxnQM_0252_0302/1__exp3/3,groundmore,test,NomMansxnQM_0252_0302,1__exp3,3,sequential,Who falls on the ground after the black dog pulls on the pink rope?,1,opg_no_order_loss,ensemble,0,0,,,0,0.0,0.0,0.0
groundmore/NomMansxnQM_0252_0302/1__exp3/3,groundmore,test,NomMansxnQM_0252_0302,1__exp3,3,sequential,Who falls on the ground after the black dog pulls on the pink rope?,1,opg_full,ensemble,0,0,,,0,0.0,0.0,0.0
groundmore/NomMansxnQM_0252_0302/2__exp4/4,groundmore,test,NomMansxnQM_0252_0302,2__exp4,4,sequential,Who pulls the pink rope causing the baby to fall on the ground?,0,mean_pool,ensemble,0,0,,,0,0.0,0.0,0.0
groundmore/NomMansxnQM_0252_0302/2__exp4/4,groundmore,test,NomMansxnQM_0252_0302,2__exp4,4,sequential,Who pulls the pink rope causing the baby to fall on the ground?,0,opg_no_monotonic,ensemble,0,0,,,0,0.0,0.0,0.0
groundmore/NomMansxnQM_0252_0302/2__exp4/4,groundmore,test,NomMansxnQM_0252_0302,2__exp4,4,sequential,Who pulls the pink rope causing the baby to fall on the ground?,0,opg_no_order_loss,ensemble,0,0,,,0,0.0,0.0,0.0
groundmore/NomMansxnQM_0252_0302/2__exp4/4,groundmore,test,NomMansxnQM_0252_0302,2__exp4,4,sequential,Who pulls the pink rope causing the baby to fall on the ground?,0,opg_full,ensemble,0,0,,,0,0.0,0.0,0.0
groundmore/NomMansxnQM_0252_0302/3__exp5/5,groundmore,test,NomMansxnQM_0252_0302,3__exp5,5,sequential,What does the black dog pull on causing the baby to fall on the ground?,0,mean_pool,ensemble,0,0,,,0,0.0,0.0,0.0
groundmore/NomMansxnQM_0252_0302/3__exp5/5,groundmore,test,NomMansxnQM_0252_0302,3__exp5,5,sequential,What does the black dog pull on causing the baby to fall on the ground?,0,opg_no_monotonic,ensemble,0,0,,,0,0.0,0.0,0.0
groundmore/NomMansxnQM_0252_0302/3__exp5/5,groundmore,test,NomMansxnQM_0252_0302,3__exp5,5,sequential,What does the black dog pull on causing the baby to fall on the ground?,0,opg_no_order_loss,ensemble,0,0,,,0,0.0,0.0,0.0
groundmore/NomMansxnQM_0252_0302/3__exp5/5,groundmore,test,NomMansxnQM_0252_0302,3__exp5,5,sequential,What does the black dog pull on causing the baby to fall on the ground?,0,opg_full,ensemble,0,0,,,0,0.0,0.0,0.0
groundmore/ODWJZEtBlu0_0000_0010/2__exp7/7,groundmore,test,ODWJZEtBlu0_0000_0010,2__exp7,7,sequential,What does the woman pull back before sitting in?,1,mean_pool,ensemble,0,0,,,0,0.0,0.0,0.0
groundmore/ODWJZEtBlu0_0000_0010/2__exp7/7,groundmore,test,ODWJZEtBlu0_0000_0010,2__exp7,7,sequential,What does the woman pull back before sitting in?,1,opg_no_monotonic,ensemble,0,0,,,0,0.0,0.0,0.0
groundmore/ODWJZEtBlu0_0000_0010/2__exp7/7,groundmore,test,ODWJZEtBlu0_0000_0010,2__exp7,7,sequential,What does the woman pull back before sitting in?,1,opg_no_order_loss,ensemble,0,0,,,0,0.0,0.0,0.0
groundmore/ODWJZEtBlu0_0000_0010/2__exp7/7,groundmore,test,ODWJZEtBlu0_0000_0010,2__exp7,7,sequential,What does the woman pull back before sitting in?,1,opg_full,ensemble,0,0,,,0,0.0,0.0,0.0
groundmore/ODWJZEtBlu0_0000_0010/3__exp6/6,groundmore,test,ODWJZEtBlu0_0000_0010,3__exp6,6,sequential,Who pulls the chair back before sitting in the chair?,1,mean_pool,ensemble,0,0,,,0,0.0,0.0,0.0
groundmore/ODWJZEtBlu0_0000_0010/3__exp6/6,groundmore,test,ODWJZEtBlu0_0000_0010,3__exp6,6,sequential,Who pulls the chair back before sitting in the chair?,1,opg_no_monotonic,ensemble,0,0,,,0,0.0,0.0,0.0
groundmore/ODWJZEtBlu0_0000_0010/3__exp6/6,groundmore,test,ODWJZEtBlu0_0000_0010,3__exp6,6,sequential,Who pulls the chair back before sitting in the chair?,1,opg_no_order_loss,ensemble,0,0,,,0,0.0,0.0,0.0
groundmore/ODWJZEtBlu0_0000_0010/3__exp6/6,groundmore,test,ODWJZEtBlu0_0000_0010,3__exp6,6,sequential,Who pulls the chair back before sitting in the chair?,1,opg_full,ensemble,0,0,,,0,0.0,0.0,0.0
groundmore/SQnakQvuR6A_0340_0353/1__exp4/4,groundmore,test,SQnakQvuR6A_0340_0353,1__exp4,4,sequential,Who removes a small yellow toy from a glass of water after his daughter dips it in?,1,mean_pool,ensemble,0,0,,,0,0.0,0.0,0.0
groundmore/SQnakQvuR6A_0340_0353/1__exp4/4,groundmore,test,SQnakQvuR6A_0340_0353,1__exp4,4,sequential,Who removes a small yellow toy from a glass of water after his daughter dips it in?,1,opg_no_monotonic,ensemble,0,0,,,0,0.0,0.0,0.0
groundmore/SQnakQvuR6A_0340_0353/1__exp4/4,groundmore,test,SQnakQvuR6A_0340_0353,1__exp4,4,sequential,Who removes a small yellow toy from a glass of water after his daughter dips it in?,1,opg_no_order_loss,ensemble,0,0,,,0,0.0,0.0,0.0
groundmore/SQnakQvuR6A_0340_0353/1__exp4/4,groundmore,test,SQnakQvuR6A_0340_0353,1__exp4,4,sequential,Who removes a small yellow toy from a glass of water after his daughter dips it in?,1,opg_full,ensemble,0,0,,,0,0.0,0.0,0.0
groundmore/SQnakQvuR6A_0340_0353/2__exp6/6,groundmore,test,SQnakQvuR6A_0340_0353,2__exp6,6,sequential,From what does the man remove a small yellow toy after his daughter dips it in?,1,mean_pool,ensemble,0,0,,,0,0.0,0.0,0.0
groundmore/SQnakQvuR6A_0340_0353/2__exp6/6,groundmore,test,SQnakQvuR6A_0340_0353,2__exp6,6,sequential,From what does the man remove a small yellow toy after his daughter dips it in?,1,opg_no_monotonic,ensemble,0,0,,,0,0.0,0.0,0.0
groundmore/SQnakQvuR6A_0340_0353/2__exp6/6,groundmore,test,SQnakQvuR6A_0340_0353,2__exp6,6,sequential,From what does the man remove a small yellow toy after his daughter dips it in?,1,opg_no_order_loss,ensemble,0,0,,,0,0.0,0.0,0.0
groundmore/SQnakQvuR6A_0340_0353/2__exp6/6,groundmore,test,SQnakQvuR6A_0340_0353,2__exp6,6,sequential,From what does the man remove a small yellow toy after his daughter dips it in?,1,opg_full,ensemble,0,0,,,0,0.0,0.0,0.0
groundmore/SQnakQvuR6A_0340_0353/3__exp5/5,groundmore,test,SQnakQvuR6A_0340_0353,3__exp5,5,sequential,What does the man remove from a glass of water after his daughter dips it in?,1,mean_pool,ensemble,0,0,,,0,0.0,0.0,0.0
groundmore/SQnakQvuR6A_0340_0353/3__exp5/5,groundmore,test,SQnakQvuR6A_0340_0353,3__exp5,5,sequential,What does the man remove from a glass of water after his daughter dips it in?,1,opg_no_monotonic,ensemble,0,0,,,0,0.0,0.0,0.0
groundmore/SQnakQvuR6A_0340_0353/3__exp5/5,groundmore,test,SQnakQvuR6A_0340_0353,3__exp5,5,sequential,What does the man remove from a glass of water after his daughter dips it in?,1,opg_no_order_loss,ensemble,0,0,,,0,0.0,0.0,0.0
groundmore/SQnakQvuR6A_0340_0353/3__exp5/5,groundmore,test,SQnakQvuR6A_0340_0353,3__exp5,5,sequential,What does the man remove from a glass of water after his daughter dips it in?,1,opg_full,ensemble,0,0,,,0,0.0,0.0,0.0
groundmore/X0_tNjncG24_1817_1830/1__exp1/1,groundmore,test,X0_tNjncG24_1817_1830,1__exp1,1,sequential,Who lifts up the puppy with excitement after coming outside the door?,1,mean_pool,ensemble,0,0,,,0,0.0,0.0,0.0
groundmore/X0_tNjncG24_1817_1830/1__exp1/1,groundmore,test,X0_tNjncG24_1817_1830,1__exp1,1,sequential,Who lifts up the puppy with excitement after coming outside the door?,1,opg_no_monotonic,ensemble,0,0,,,0,0.0,0.0,0.0
groundmore/X0_tNjncG24_1817_1830/1__exp1/1,groundmore,test,X0_tNjncG24_1817_1830,1__exp1,1,sequential,Who lifts up the puppy with excitement after coming outside the door?,1,opg_no_order_loss,ensemble,0,0,,,0,0.0,0.0,0.0
groundmore/X0_tNjncG24_1817_1830/1__exp1/1,groundmore,test,X0_tNjncG24_1817_1830,1__exp1,1,sequential,Who lifts up the puppy with excitement after coming outside the door?,1,opg_full,ensemble,0,0,,,0,0.0,0.0,0.0
groundmore/X0_tNjncG24_1817_1830/2__exp2/2,groundmore,test,X0_tNjncG24_1817_1830,2__exp2,2,sequential,What does the girl lift up with excitement after coming outside the door?,1,mean_pool,ensemble,0,0,,,0,0.0,0.0,0.0
groundmore/X0_tNjncG24_1817_1830/2__exp2/2,groundmore,test,X0_tNjncG24_1817_1830,2__exp2,2,sequential,What does the girl lift up with excitement after coming outside the door?,1,opg_no_monotonic,ensemble,0,0,,,0,0.0,0.0,0.0
groundmore/X0_tNjncG24_1817_1830/2__exp2/2,groundmore,test,X0_tNjncG24_1817_1830,2__exp2,2,sequential,What does the girl lift up with excitement after coming outside the door?,1,opg_no_order_loss,ensemble,0,0,,,0,0.0,0.0,0.0
groundmore/X0_tNjncG24_1817_1830/2__exp2/2,groundmore,test,X0_tNjncG24_1817_1830,2__exp2,2,sequential,What does the girl lift up with excitement after coming outside the door?,1,opg_full,ensemble,0,0,,,0,0.0,0.0,0.0
groundmore/XPDz74b72Ww_0336_0351/1__exp16/16,groundmore,test,XPDz74b72Ww_0336_0351,1__exp16,16,sequential,Who taps the paprika into the bowl after the man pours pepper into the bowl?,1,mean_pool,ensemble,0,0,,,0,0.0,0.0,0.0
groundmore/XPDz74b72Ww_0336_0351/1__exp16/16,groundmore,test,XPDz74b72Ww_0336_0351,1__exp16,16,sequential,Who taps the paprika into the bowl after the man pours pepper into the bowl?,1,opg_no_monotonic,ensemble,0,0,,,0,0.0,0.0,0.0
groundmore/XPDz74b72Ww_0336_0351/1__exp16/16,groundmore,test,XPDz74b72Ww_0336_0351,1__exp16,16,sequential,Who taps the paprika into the bowl after the man pours pepper into the bowl?,1,opg_no_order_loss,ensemble,0,0,,,0,0.0,0.0,0.0
groundmore/XPDz74b72Ww_0336_0351/1__exp16/16,groundmore,test,XPDz74b72Ww_0336_0351,1__exp16,16,sequential,Who taps the paprika into the bowl after the man pours pepper into the bowl?,1,opg_full,ensemble,0,0,,,0,0.0,0.0,0.0
groundmore/XPDz74b72Ww_0336_0351/1__exp8/8,groundmore,test,XPDz74b72Ww_0336_0351,1__exp8,8,sequential,Who pours the pepper into the bowl before tapping the paprika into the bowl?,1,mean_pool,ensemble,1,2,0,1,0,0.3,0.3,0.3
groundmore/XPDz74b72Ww_0336_0351/1__exp8/8,groundmore,test,XPDz74b72Ww_0336_0351,1__exp8,8,sequential,Who pours the pepper into the bowl before tapping the paprika into the bowl?,1,mean_pool,11,1,2,0,1,0,0.3,0.3,0.3
groundmore/XPDz74b72Ww_0336_0351/1__exp8/8,groundmore,test,XPDz74b72Ww_0336_0351,1__exp8,8,sequential,Who pours the pepper into the bowl before tapping the paprika into the bowl?,1,mean_pool,23,1,2,0,1,0,0.3,0.3,0.3
groundmore/XPDz74b72Ww_0336_0351/1__exp8/8,groundmore,test,XPDz74b72Ww_0336_0351,1__exp8,8,sequential,Who pours the pepper into the bowl before tapping the paprika into the bowl?,1,mean_pool,42,1,2,0,1,0,0.3,0.3,0.3
groundmore/XPDz74b72Ww_0336_0351/1__exp8/8,groundmore,test,XPDz74b72Ww_0336_0351,1__exp8,8,sequential,Who pours the pepper into the bowl before tapping the paprika into the bowl?,1,opg_no_monotonic,ensemble,1,2,0,1,0,0.3,0.3,0.3
groundmore/XPDz74b72Ww_0336_0351/1__exp8/8,groundmore,test,XPDz74b72Ww_0336_0351,1__exp8,8,sequential,Who pours the pepper into the bowl before tapping the paprika into the bowl?,1,opg_no_monotonic,11,1,2,0,1,0,0.3,0.3,0.3
groundmore/XPDz74b72Ww_0336_0351/1__exp8/8,groundmore,test,XPDz74b72Ww_0336_0351,1__exp8,8,sequential,Who pours the pepper into the bowl before tapping the paprika into the bowl?,1,opg_no_monotonic,23,1,2,0,1,0,0.3,0.3,0.3
groundmore/XPDz74b72Ww_0336_0351/1__exp8/8,groundmore,test,XPDz74b72Ww_0336_0351,1__exp8,8,sequential,Who pours the pepper into the bowl before tapping the paprika into the bowl?,1,opg_no_monotonic,42,1,2,0,1,0,0.3,0.3,0.3
groundmore/XPDz74b72Ww_0336_0351/1__exp8/8,groundmore,test,XPDz74b72Ww_0336_0351,1__exp8,8,sequential,Who pours the pepper into the bowl before tapping the paprika into the bowl?,1,opg_no_order_loss,ensemble,1,2,0,1,0,0.3,0.3,0.3
groundmore/XPDz74b72Ww_0336_0351/1__exp8/8,groundmore,test,XPDz74b72Ww_0336_0351,1__exp8,8,sequential,Who pours the pepper into the bowl before tapping the paprika into the bowl?,1,opg_no_order_loss,11,1,2,0,1,0,0.3,0.3,0.3
groundmore/XPDz74b72Ww_0336_0351/1__exp8/8,groundmore,test,XPDz74b72Ww_0336_0351,1__exp8,8,sequential,Who pours the pepper into the bowl before tapping the paprika into the bowl?,1,opg_no_order_loss,23,1,2,0,1,0,0.3,0.3,0.3
groundmore/XPDz74b72Ww_0336_0351/1__exp8/8,groundmore,test,XPDz74b72Ww_0336_0351,1__exp8,8,sequential,Who pours the pepper into the bowl before tapping the paprika into the bowl?,1,opg_no_order_loss,42,1,2,0,1,0,0.3,0.3,0.3
groundmore/XPDz74b72Ww_0336_0351/1__exp8/8,groundmore,test,XPDz74b72Ww_0336_0351,1__exp8,8,sequential,Who pours the pepper into the bowl before tapping the paprika into the bowl?,1,opg_full,ensemble,1,2,0,1,0,0.3,0.3,0.3
groundmore/XPDz74b72Ww_0336_0351/1__exp8/8,groundmore,test,XPDz74b72Ww_0336_0351,1__exp8,8,sequential,Who pours the pepper into the bowl before tapping the paprika into the bowl?,1,opg_full,11,1,2,0,1,0,0.3,0.3,0.3
groundmore/XPDz74b72Ww_0336_0351/1__exp8/8,groundmore,test,XPDz74b72Ww_0336_0351,1__exp8,8,sequential,Who pours the pepper into the bowl before tapping the paprika into the bowl?,1,opg_full,23,1,2,0,1,0,0.3,0.3,0.3
groundmore/XPDz74b72Ww_0336_0351/1__exp8/8,groundmore,test,XPDz74b72Ww_0336_0351,1__exp8,8,sequential,Who pours the pepper into the bowl before tapping the paprika into the bowl?,1,opg_full,42,1,2,0,1,0,0.3,0.3,0.3
groundmore/XPDz74b72Ww_0336_0351/2__exp10/10,groundmore,test,XPDz74b72Ww_0336_0351,2__exp10,10,sequential,Into what does the man pour the pepper before tapping the paprika?,1,mean_pool,ensemble,0,0,,,0,0.0,0.0,0.0
groundmore/XPDz74b72Ww_0336_0351/2__exp10/10,groundmore,test,XPDz74b72Ww_0336_0351,2__exp10,10,sequential,Into what does the man pour the pepper before tapping the paprika?,1,opg_no_monotonic,ensemble,0,0,,,0,0.0,0.0,0.0
groundmore/XPDz74b72Ww_0336_0351/2__exp10/10,groundmore,test,XPDz74b72Ww_0336_0351,2__exp10,10,sequential,Into what does the man pour the pepper before tapping the paprika?,1,opg_no_order_loss,ensemble,0,0,,,0,0.0,0.0,0.0
groundmore/XPDz74b72Ww_0336_0351/2__exp10/10,groundmore,test,XPDz74b72Ww_0336_0351,2__exp10,10,sequential,Into what does the man pour the pepper before tapping the paprika?,1,opg_full,ensemble,0,0,,,0,0.0,0.0,0.0
groundmore/XPDz74b72Ww_0336_0351/2__exp17/17,groundmore,test,XPDz74b72Ww_0336_0351,2__exp17,17,sequential,What does the man tap into after the man pours pepper into the bowl?,1,mean_pool,ensemble,0,0,,,0,0.0,0.0,0.0
groundmore/XPDz74b72Ww_0336_0351/2__exp17/17,groundmore,test,XPDz74b72Ww_0336_0351,2__exp17,17,sequential,What does the man tap into after the man pours pepper into the bowl?,1,opg_no_monotonic,ensemble,0,0,,,0,0.0,0.0,0.0
groundmore/XPDz74b72Ww_0336_0351/2__exp17/17,groundmore,test,XPDz74b72Ww_0336_0351,2__exp17,17,sequential,What does the man tap into after the man pours pepper into the bowl?,1,opg_no_order_loss,ensemble,0,0,,,0,0.0,0.0,0.0
groundmore/XPDz74b72Ww_0336_0351/2__exp17/17,groundmore,test,XPDz74b72Ww_0336_0351,2__exp17,17,sequential,What does the man tap into after the man pours pepper into the bowl?,1,opg_full,ensemble,0,0,,,0,0.0,0.0,0.0
groundmore/XPDz74b72Ww_0336_0351/3__exp19/19,groundmore,test,XPDz74b72Ww_0336_0351,3__exp19,19,sequential,What does the man pour into the bowl before he taps the paprika?,1,mean_pool,ensemble,0,0,,,0,0.0,0.0,0.0
groundmore/XPDz74b72Ww_0336_0351/3__exp19/19,groundmore,test,XPDz74b72Ww_0336_0351,3__exp19,19,sequential,What does the man pour into the bowl before he taps the paprika?,1,opg_no_monotonic,ensemble,0,0,,,0,0.0,0.0,0.0
groundmore/XPDz74b72Ww_0336_0351/3__exp19/19,groundmore,test,XPDz74b72Ww_0336_0351,3__exp19,19,sequential,What does the man pour into the bowl before he taps the paprika?,1,opg_no_order_loss,ensemble,0,0,,,0,0.0,0.0,0.0
groundmore/XPDz74b72Ww_0336_0351/3__exp19/19,groundmore,test,XPDz74b72Ww_0336_0351,3__exp19,19,sequential,What does the man pour into the bowl before he taps the paprika?,1,opg_full,ensemble,0,0,,,0,0.0,0.0,0.0
groundmore/XPDz74b72Ww_0336_0351/3__exp9/9,groundmore,test,XPDz74b72Ww_0336_0351,3__exp9,9,sequential,What does the man pour into the bowl before tapping the paprika into it?,1,mean_pool,ensemble,0,0,,,0,0.0,0.0,0.0
groundmore/XPDz74b72Ww_0336_0351/3__exp9/9,groundmore,test,XPDz74b72Ww_0336_0351,3__exp9,9,sequential,What does the man pour into the bowl before tapping the paprika into it?,1,opg_no_monotonic,ensemble,0,0,,,0,0.0,0.0,0.0
groundmore/XPDz74b72Ww_0336_0351/3__exp9/9,groundmore,test,XPDz74b72Ww_0336_0351,3__exp9,9,sequential,What does the man pour into the bowl before tapping the paprika into it?,1,opg_no_order_loss,ensemble,0,0,,,0,0.0,0.0,0.0
groundmore/XPDz74b72Ww_0336_0351/3__exp9/9,groundmore,test,XPDz74b72Ww_0336_0351,3__exp9,9,sequential,What does the man pour into the bowl before tapping the paprika into it?,1,opg_full,ensemble,0,0,,,0,0.0,0.0,0.0
groundmore/XPDz74b72Ww_0336_0351/4__exp11/11,groundmore,test,XPDz74b72Ww_0336_0351,4__exp11,11,sequential,What does the man tap into the bowl after pouring the pepper?,1,mean_pool,ensemble,0,0,,,0,0.0,0.0,0.0
groundmore/XPDz74b72Ww_0336_0351/4__exp11/11,groundmore,test,XPDz74b72Ww_0336_0351,4__exp11,11,sequential,What does the man tap into the bowl after pouring the pepper?,1,opg_no_monotonic,ensemble,0,0,,,0,0.0,0.0,0.0
groundmore/XPDz74b72Ww_0336_0351/4__exp11/11,groundmore,test,XPDz74b72Ww_0336_0351,4__exp11,11,sequential,What does the man tap into the bowl after pouring the pepper?,1,opg_no_order_loss,ensemble,0,0,,,0,0.0,0.0,0.0
groundmore/XPDz74b72Ww_0336_0351/4__exp11/11,groundmore,test,XPDz74b72Ww_0336_0351,4__exp11,11,sequential,What does the man tap into the bowl after pouring the pepper?,1,opg_full,ensemble,0,0,,,0,0.0,0.0,0.0
groundmore/YshzJzHDRwA_0025_0030/1__exp7/7,groundmore,test,YshzJzHDRwA_0025_0030,1__exp7,7,sequential,Who misses his shot before the man in the pink shorts runs towards the basketball?,1,mean_pool,ensemble,0,0,,,0,0.0,0.0,0.0
groundmore/YshzJzHDRwA_0025_0030/1__exp7/7,groundmore,test,YshzJzHDRwA_0025_0030,1__exp7,7,sequential,Who misses his shot before the man in the pink shorts runs towards the basketball?,1,opg_no_monotonic,ensemble,0,0,,,0,0.0,0.0,0.0
groundmore/YshzJzHDRwA_0025_0030/1__exp7/7,groundmore,test,YshzJzHDRwA_0025_0030,1__exp7,7,sequential,Who misses his shot before the man in the pink shorts runs towards the basketball?,1,opg_no_order_loss,ensemble,0,0,,,0,0.0,0.0,0.0
groundmore/YshzJzHDRwA_0025_0030/1__exp7/7,groundmore,test,YshzJzHDRwA_0025_0030,1__exp7,7,sequential,Who misses his shot before the man in the pink shorts runs towards the basketball?,1,opg_full,ensemble,0,0,,,0,0.0,0.0,0.0
groundmore/YshzJzHDRwA_0025_0030/2__exp11/11,groundmore,test,YshzJzHDRwA_0025_0030,2__exp11,11,sequential,What does the man in the pink shorts pick up after the man in the grey shirt misses his shot?,1,mean_pool,ensemble,0,0,,,0,0.0,0.0,0.0
groundmore/YshzJzHDRwA_0025_0030/2__exp11/11,groundmore,test,YshzJzHDRwA_0025_0030,2__exp11,11,sequential,What does the man in the pink shorts pick up after the man in the grey shirt misses his shot?,1,opg_no_monotonic,ensemble,0,0,,,0,0.0,0.0,0.0
groundmore/YshzJzHDRwA_0025_0030/2__exp11/11,groundmore,test,YshzJzHDRwA_0025_0030,2__exp11,11,sequential,What does the man in the pink shorts pick up after the man in the grey shirt misses his shot?,1,opg_no_order_loss,ensemble,0,0,,,0,0.0,0.0,0.0
groundmore/YshzJzHDRwA_0025_0030/2__exp11/11,groundmore,test,YshzJzHDRwA_0025_0030,2__exp11,11,sequential,What does the man in the pink shorts pick up after the man in the grey shirt misses his shot?,1,opg_full,ensemble,0,0,,,0,0.0,0.0,0.0
groundmore/YshzJzHDRwA_0025_0030/3__exp10/10,groundmore,test,YshzJzHDRwA_0025_0030,3__exp10,10,sequential,Who picks up the ball after the man in the grey shirt misses his shot?,1,mean_pool,ensemble,0,0,,,0,0.0,0.0,0.0
groundmore/YshzJzHDRwA_0025_0030/3__exp10/10,groundmore,test,YshzJzHDRwA_0025_0030,3__exp10,10,sequential,Who picks up the ball after the man in the grey shirt misses his shot?,1,opg_no_monotonic,ensemble,0,0,,,0,0.0,0.0,0.0
groundmore/YshzJzHDRwA_0025_0030/3__exp10/10,groundmore,test,YshzJzHDRwA_0025_0030,3__exp10,10,sequential,Who picks up the ball after the man in the grey shirt misses his shot?,1,opg_no_order_loss,ensemble,0,0,,,0,0.0,0.0,0.0
groundmore/YshzJzHDRwA_0025_0030/3__exp10/10,groundmore,test,YshzJzHDRwA_0025_0030,3__exp10,10,sequential,Who picks up the ball after the man in the grey shirt misses his shot?,1,opg_full,ensemble,0,0,,,0,0.0,0.0,0.0
groundmore/YshzJzHDRwA_0025_0030/3__exp5/5,groundmore,test,YshzJzHDRwA_0025_0030,3__exp5,5,sequential,Who runs towards the basketball after the man in the grey shirt misses his shot?,1,mean_pool,ensemble,0,0,,,0,0.0,0.0,0.0
groundmore/YshzJzHDRwA_0025_0030/3__exp5/5,groundmore,test,YshzJzHDRwA_0025_0030,3__exp5,5,sequential,Who runs towards the basketball after the man in the grey shirt misses his shot?,1,opg_no_monotonic,ensemble,0,0,,,0,0.0,0.0,0.0
groundmore/YshzJzHDRwA_0025_0030/3__exp5/5,groundmore,test,YshzJzHDRwA_0025_0030,3__exp5,5,sequential,Who runs towards the basketball after the man in the grey shirt misses his shot?,1,opg_no_order_loss,ensemble,0,0,,,0,0.0,0.0,0.0
groundmore/YshzJzHDRwA_0025_0030/3__exp5/5,groundmore,test,YshzJzHDRwA_0025_0030,3__exp5,5,sequential,Who runs towards the basketball after the man in the grey shirt misses his shot?,1,opg_full,ensemble,0,0,,,0,0.0,0.0,0.0
groundmore/YshzJzHDRwA_0025_0030/4__exp6/6,groundmore,test,YshzJzHDRwA_0025_0030,4__exp6,6,sequential,What does the man in the pink shorts run towards after the man in the grey shirt misses his shot?,1,mean_pool,ensemble,0,0,,,0,0.0,0.0,0.0
groundmore/YshzJzHDRwA_0025_0030/4__exp6/6,groundmore,test,YshzJzHDRwA_0025_0030,4__exp6,6,sequential,What does the man in the pink shorts run towards after the man in the grey shirt misses his shot?,1,opg_no_monotonic,ensemble,0,0,,,0,0.0,0.0,0.0
groundmore/YshzJzHDRwA_0025_0030/4__exp6/6,groundmore,test,YshzJzHDRwA_0025_0030,4__exp6,6,sequential,What does the man in the pink shorts run towards after the man in the grey shirt misses his shot?,1,opg_no_order_loss,ensemble,0,0,,,0,0.0,0.0,0.0
groundmore/YshzJzHDRwA_0025_0030/4__exp6/6,groundmore,test,YshzJzHDRwA_0025_0030,4__exp6,6,sequential,What does the man in the pink shorts run towards after the man in the grey shirt misses his shot?,1,opg_full,ensemble,0,0,,,0,0.0,0.0,0.0
groundmore/YshzJzHDRwA_0030_0040/1__exp1/1,groundmore,test,YshzJzHDRwA_0030_0040,1__exp1,1,sequential,Who shoots the basketball from the three point line after the man in the grey shirt passes the ball?,1,mean_pool,ensemble,0,0,,,0,0.0,0.0,0.0
groundmore/YshzJzHDRwA_0030_0040/1__exp1/1,groundmore,test,YshzJzHDRwA_0030_0040,1__exp1,1,sequential,Who shoots the basketball from the three point line after the man in the grey shirt passes the ball?,1,opg_no_monotonic,ensemble,0,0,,,0,0.0,0.0,0.0
groundmore/YshzJzHDRwA_0030_0040/1__exp1/1,groundmore,test,YshzJzHDRwA_0030_0040,1__exp1,1,sequential,Who shoots the basketball from the three point line after the man in the grey shirt passes the ball?,1,opg_no_order_loss,ensemble,0,0,,,0,0.0,0.0,0.0
groundmore/YshzJzHDRwA_0030_0040/1__exp1/1,groundmore,test,YshzJzHDRwA_0030_0040,1__exp1,1,sequential,Who shoots the basketball from the three point line after the man in the grey shirt passes the ball?,1,opg_full,ensemble,0,0,,,0,0.0,0.0,0.0
groundmore/YshzJzHDRwA_0030_0040/1__exp14/14,groundmore,test,YshzJzHDRwA_0030_0040,1__exp14,14,sequential,Who runs towards the basketball after missing his shot?,1,mean_pool,ensemble,0,0,,,0,0.0,0.0,0.0
groundmore/YshzJzHDRwA_0030_0040/1__exp14/14,groundmore,test,YshzJzHDRwA_0030_0040,1__exp14,14,sequential,Who runs towards the basketball after missing his shot?,1,opg_no_monotonic,ensemble,0,0,,,0,0.0,0.0,0.0
groundmore/YshzJzHDRwA_0030_0040/1__exp14/14,groundmore,test,YshzJzHDRwA_0030_0040,1__exp14,14,sequential,Who runs towards the basketball after missing his shot?,1,opg_no_order_loss,ensemble,0,0,,,0,0.0,0.0,0.0
groundmore/YshzJzHDRwA_0030_0040/1__exp14/14,groundmore,test,YshzJzHDRwA_0030_0040,1__exp14,14,sequential,Who runs towards the basketball after missing his shot?,1,opg_full,ensemble,0,0,,,0,0.0,0.0,0.0
groundmore/YshzJzHDRwA_0030_0040/1__exp8/8,groundmore,test,YshzJzHDRwA_0030_0040,1__exp8,8,sequential,Who misses his shot before the man in the grey shirt runs towards the basketball?,1,mean_pool,ensemble,0,0,,,0,0.0,0.0,0.0
groundmore/YshzJzHDRwA_0030_0040/1__exp8/8,groundmore,test,YshzJzHDRwA_0030_0040,1__exp8,8,sequential,Who misses his shot before the man in the grey shirt runs towards the basketball?,1,opg_no_monotonic,ensemble,0,0,,,0,0.0,0.0,0.0
groundmore/YshzJzHDRwA_0030_0040/1__exp8/8,groundmore,test,YshzJzHDRwA_0030_0040,1__exp8,8,sequential,Who misses his shot before the man in the grey shirt runs towards the basketball?,1,opg_no_order_loss,ensemble,0,0,,,0,0.0,0.0,0.0
groundmore/YshzJzHDRwA_0030_0040/1__exp8/8,groundmore,test,YshzJzHDRwA_0030_0040,1__exp8,8,sequential,Who misses his shot before the man in the grey shirt runs towards the basketball?,1,opg_full,ensemble,0,0,,,0,0.0,0.0,0.0
groundmore/YshzJzHDRwA_0030_0040/2__exp15/15,groundmore,test,YshzJzHDRwA_0030_0040,2__exp15,15,sequential,What does the man in the pink shorts run towards after missing his shot?,1,mean_pool,ensemble,0,0,,,0,0.0,0.0,0.0
groundmore/YshzJzHDRwA_0030_0040/2__exp15/15,groundmore,test,YshzJzHDRwA_0030_0040,2__exp15,15,sequential,What does the man in the pink shorts run towards after missing his shot?,1,opg_no_monotonic,ensemble,0,0,,,0,0.0,0.0,0.0
groundmore/YshzJzHDRwA_0030_0040/2__exp15/15,groundmore,test,YshzJzHDRwA_0030_0040,2__exp15,15,sequential,What does the man in the pink shorts run towards after missing his shot?,1,opg_no_order_loss,ensemble,0,0,,,0,0.0,0.0,0.0
groundmore/YshzJzHDRwA_0030_0040/2__exp15/15,groundmore,test,YshzJzHDRwA_0030_0040,2__exp15,15,sequential,What does the man in the pink shorts run towards after missing his shot?,1,opg_full,ensemble,0,0,,,0,0.0,0.0,0.0
groundmore/YshzJzHDRwA_0030_0040/2__exp2/2,groundmore,test,YshzJzHDRwA_0030_0040,2__exp2,2,sequential,What does the man in the pink shorts shoot from the three point line after the man in the grey shirt passes the ball?,1,mean_pool,ensemble,0,0,,,0,0.0,0.0,0.0
groundmore/YshzJzHDRwA_0030_0040/2__exp2/2,groundmore,test,YshzJzHDRwA_0030_0040,2__exp2,2,sequential,What does the man in the pink shorts shoot from the three point line after the man in the grey shirt passes the ball?,1,opg_no_monotonic,ensemble,0,0,,,0,0.0,0.0,0.0
groundmore/YshzJzHDRwA_0030_0040/2__exp2/2,groundmore,test,YshzJzHDRwA_0030_0040,2__exp2,2,sequential,What does the man in the pink shorts shoot from the three point line after the man in the grey shirt passes the ball?,1,opg_no_order_loss,ensemble,0,0,,,0,0.0,0.0,0.0
groundmore/YshzJzHDRwA_0030_0040/2__exp2/2,groundmore,test,YshzJzHDRwA_0030_0040,2__exp2,2,sequential,What does the man in the pink shorts shoot from the three point line after the man in the grey shirt passes the ball?,1,opg_full,ensemble,0,0,,,0,0.0,0.0,0.0
groundmore/YshzJzHDRwA_0030_0040/2__exp7/7,groundmore,test,YshzJzHDRwA_0030_0040,2__exp7,7,sequential,What does the man in the grey shirt run towards after the man in the pink shorts misses his shot?,1,mean_pool,ensemble,0,0,,,0,0.0,0.0,0.0
groundmore/YshzJzHDRwA_0030_0040/2__exp7/7,groundmore,test,YshzJzHDRwA_0030_0040,2__exp7,7,sequential,What does the man in the grey shirt run towards after the man in the pink shorts misses his shot?,1,opg_no_monotonic,ensemble,0,0,,,0,0.0,0.0,0.0
groundmore/YshzJzHDRwA_0030_0040/2__exp7/7,groundmore,test,YshzJzHDRwA_0030_0040,2__exp7,7,sequential,What does the man in the grey shirt run towards after the man in the pink shorts misses his shot?,1,opg_no_order_loss,ensemble,0,0,,,0,0.0,0.0,0.0
groundmore/YshzJzHDRwA_0030_0040/2__exp7/7,groundmore,test,YshzJzHDRwA_0030_0040,2__exp7,7,sequential,What does the man in the grey shirt run towards after the man in the pink shorts misses his shot?,1,opg_full,ensemble,0,0,,,0,0.0,0.0,0.0
groundmore/YshzJzHDRwA_0030_0040/3__exp6/6,groundmore,test,YshzJzHDRwA_0030_0040,3__exp6,6,sequential,Who runs towards the basketball after the man in the pink shorts misses his shot?,1,mean_pool,ensemble,0,0,,,0,0.0,0.0,0.0
groundmore/YshzJzHDRwA_0030_0040/3__exp6/6,groundmore,test,YshzJzHDRwA_0030_0040,3__exp6,6,sequential,Who runs towards the basketball after the man in the pink shorts misses his shot?,1,opg_no_monotonic,ensemble,0,0,,,0,0.0,0.0,0.0
groundmore/YshzJzHDRwA_0030_0040/3__exp6/6,groundmore,test,YshzJzHDRwA_0030_0040,3__exp6,6,sequential,Who runs towards the basketball after the man in the pink shorts misses his shot?,1,opg_no_order_loss,ensemble,0,0,,,0,0.0,0.0,0.0
groundmore/YshzJzHDRwA_0030_0040/3__exp6/6,groundmore,test,YshzJzHDRwA_0030_0040,3__exp6,6,sequential,Who runs towards the basketball after the man in the pink shorts misses his shot?,1,opg_full,ensemble,0,0,,,0,0.0,0.0,0.0
groundmore/YshzJzHDRwA_0040_0050/1__exp15/15,groundmore,test,YshzJzHDRwA_0040_0050,1__exp15,15,sequential,Who runs towards the basketball after the man in the grey shirt misses his shot?,1,mean_pool,ensemble,0,0,,,0,0.0,0.0,0.0
groundmore/YshzJzHDRwA_0040_0050/1__exp15/15,groundmore,test,YshzJzHDRwA_0040_0050,1__exp15,15,sequential,Who runs towards the basketball after the man in the grey shirt misses his shot?,1,opg_no_monotonic,ensemble,0,0,,,0,0.0,0.0,0.0
groundmore/YshzJzHDRwA_0040_0050/1__exp15/15,groundmore,test,YshzJzHDRwA_0040_0050,1__exp15,15,sequential,Who runs towards the basketball after the man in the grey shirt misses his shot?,1,opg_no_order_loss,ensemble,0,0,,,0,0.0,0.0,0.0
groundmore/YshzJzHDRwA_0040_0050/1__exp15/15,groundmore,test,YshzJzHDRwA_0040_0050,1__exp15,15,sequential,Who runs towards the basketball after the man in the grey shirt misses his shot?,1,opg_full,ensemble,0,0,,,0,0.0,0.0,0.0
groundmore/YshzJzHDRwA_0040_0050/1__exp5/5,groundmore,test,YshzJzHDRwA_0040_0050,1__exp5,5,sequential,Who shoots the basketball after the man in the grey shirt shoots the basketball?,1,mean_pool,ensemble,0,0,,,0,0.0,0.0,0.0
groundmore/YshzJzHDRwA_0040_0050/1__exp5/5,groundmore,test,YshzJzHDRwA_0040_0050,1__exp5,5,sequential,Who shoots the basketball after the man in the grey shirt shoots the basketball?,1,opg_no_monotonic,ensemble,0,0,,,0,0.0,0.0,0.0
groundmore/YshzJzHDRwA_0040_0050/1__exp5/5,groundmore,test,YshzJzHDRwA_0040_0050,1__exp5,5,sequential,Who shoots the basketball after the man in the grey shirt shoots the basketball?,1,opg_no_order_loss,ensemble,0,0,,,0,0.0,0.0,0.0
groundmore/YshzJzHDRwA_0040_0050/1__exp5/5,groundmore,test,YshzJzHDRwA_0040_0050,1__exp5,5,sequential,Who shoots the basketball after the man in the grey shirt shoots the basketball?,1,opg_full,ensemble,0,0,,,0,0.0,0.0,0.0
groundmore/YshzJzHDRwA_0040_0050/1__exp9/9,groundmore,test,YshzJzHDRwA_0040_0050,1__exp9,9,sequential,Who gets the rebound on the basketball after the man in the grey shirt misses his shot?,1,mean_pool,ensemble,0,0,,,0,0.0,0.0,0.0
groundmore/YshzJzHDRwA_0040_0050/1__exp9/9,groundmore,test,YshzJzHDRwA_0040_0050,1__exp9,9,sequential,Who gets the rebound on the basketball after the man in the grey shirt misses his shot?,1,opg_no_monotonic,ensemble,0,0,,,0,0.0,0.0,0.0
groundmore/YshzJzHDRwA_0040_0050/1__exp9/9,groundmore,test,YshzJzHDRwA_0040_0050,1__exp9,9,sequential,Who gets the rebound on the basketball after the man in the grey shirt misses his shot?,1,opg_no_order_loss,ensemble,0,0,,,0,0.0,0.0,0.0
groundmore/YshzJzHDRwA_0040_0050/1__exp9/9,groundmore,test,YshzJzHDRwA_0040_0050,1__exp9,9,sequential,Who gets the rebound on the basketball after the man in the grey shirt misses his shot?,1,opg_full,ensemble,0,0,,,0,0.0,0.0,0.0
groundmore/YshzJzHDRwA_0040_0050/2__exp10/10,groundmore,test,YshzJzHDRwA_0040_0050,2__exp10,10,sequential,What does the man in the pink shorts get a rebound on after the man in the grey shirt misses his shot?,1,mean_pool,ensemble,0,0,,,0,0.0,0.0,0.0
groundmore/YshzJzHDRwA_0040_0050/2__exp10/10,groundmore,test,YshzJzHDRwA_0040_0050,2__exp10,10,sequential,What does the man in the pink shorts get a rebound on after the man in the grey shirt misses his shot?,1,opg_no_monotonic,ensemble,0,0,,,0,0.0,0.0,0.0
groundmore/YshzJzHDRwA_0040_0050/2__exp10/10,groundmore,test,YshzJzHDRwA_0040_0050,2__exp10,10,sequential,What does the man in the pink shorts get a rebound on after the man in the grey shirt misses his shot?,1,opg_no_order_loss,ensemble,0,0,,,0,0.0,0.0,0.0
groundmore/YshzJzHDRwA_0040_0050/2__exp10/10,groundmore,test,YshzJzHDRwA_0040_0050,2__exp10,10,sequential,What does the man in the pink shorts get a rebound on after the man in the grey shirt misses his shot?,1,opg_full,ensemble,0,0,,,0,0.0,0.0,0.0
groundmore/YshzJzHDRwA_0040_0050/2__exp16/16,groundmore,test,YshzJzHDRwA_0040_0050,2__exp16,16,sequential,What does the man in the pink shorts run towards after the man in the grey shirt misses his shot?,1,mean_pool,ensemble,0,0,,,0,0.0,0.0,0.0
groundmore/YshzJzHDRwA_0040_0050/2__exp16/16,groundmore,test,YshzJzHDRwA_0040_0050,2__exp16,16,sequential,What does the man in the pink shorts run towards after the man in the grey shirt misses his shot?,1,opg_no_monotonic,ensemble,0,0,,,0,0.0,0.0,0.0
groundmore/YshzJzHDRwA_0040_0050/2__exp16/16,groundmore,test,YshzJzHDRwA_0040_0050,2__exp16,16,sequential,What does the man in the pink shorts run towards after the man in the grey shirt misses his shot?,1,opg_no_order_loss,ensemble,0,0,,,0,0.0,0.0,0.0
groundmore/YshzJzHDRwA_0040_0050/2__exp16/16,groundmore,test,YshzJzHDRwA_0040_0050,2__exp16,16,sequential,What does the man in the pink shorts run towards after the man in the grey shirt misses his shot?,1,opg_full,ensemble,0,0,,,0,0.0,0.0,0.0
groundmore/YshzJzHDRwA_0040_0050/2__exp2/2,groundmore,test,YshzJzHDRwA_0040_0050,2__exp2,2,sequential,What does the man in the grey shirt dribble before he shoots it?,1,mean_pool,ensemble,0,0,,,0,0.0,0.0,0.0
groundmore/YshzJzHDRwA_0040_0050/2__exp2/2,groundmore,test,YshzJzHDRwA_0040_0050,2__exp2,2,sequential,What does the man in the grey shirt dribble before he shoots it?,1,opg_no_monotonic,ensemble,0,0,,,0,0.0,0.0,0.0
groundmore/YshzJzHDRwA_0040_0050/2__exp2/2,groundmore,test,YshzJzHDRwA_0040_0050,2__exp2,2,sequential,What does the man in the grey shirt dribble before he shoots it?,1,opg_no_order_loss,ensemble,0,0,,,0,0.0,0.0,0.0
groundmore/YshzJzHDRwA_0040_0050/2__exp2/2,groundmore,test,YshzJzHDRwA_0040_0050,2__exp2,2,sequential,What does the man in the grey shirt dribble before he shoots it?,1,opg_full,ensemble,0,0,,,0,0.0,0.0,0.0
groundmore/YshzJzHDRwA_0040_0050/2__exp6/6,groundmore,test,YshzJzHDRwA_0040_0050,2__exp6,6,sequential,What does the man in the pink shorts shoot after the man in the grey shirt shoots the basketball?,1,mean_pool,ensemble,0,0,,,0,0.0,0.0,0.0
groundmore/YshzJzHDRwA_0040_0050/2__exp6/6,groundmore,test,YshzJzHDRwA_0040_0050,2__exp6,6,sequential,What does the man in the pink shorts shoot after the man in the grey shirt shoots the basketball?,1,opg_no_monotonic,ensemble,0,0,,,0,0.0,0.0,0.0
groundmore/YshzJzHDRwA_0040_0050/2__exp6/6,groundmore,test,YshzJzHDRwA_0040_0050,2__exp6,6,sequential,What does the man in the pink shorts shoot after the man in the grey shirt shoots the basketball?,1,opg_no_order_loss,ensemble,0,0,,,0,0.0,0.0,0.0
groundmore/YshzJzHDRwA_0040_0050/2__exp6/6,groundmore,test,YshzJzHDRwA_0040_0050,2__exp6,6,sequential,What does the man in the pink shorts shoot after the man in the grey shirt shoots the basketball?,1,opg_full,ensemble,0,0,,,0,0.0,0.0,0.0
groundmore/YshzJzHDRwA_0040_0050/3__exp1/1,groundmore,test,YshzJzHDRwA_0040_0050,3__exp1,1,sequential,Who dribbles the ball before he shoots it?,1,mean_pool,ensemble,1,2,1,1,1,0.3616708739008305,0.3936547989876969,0.3776628364442637
groundmore/YshzJzHDRwA_0040_0050/3__exp1/1,groundmore,test,YshzJzHDRwA_0040_0050,3__exp1,1,sequential,Who dribbles the ball before he shoots it?,1,mean_pool,11,1,2,1,0,0,0.0,0.0,0.0
groundmore/YshzJzHDRwA_0040_0050/3__exp1/1,groundmore,test,YshzJzHDRwA_0040_0050,3__exp1,1,sequential,Who dribbles the ball before he shoots it?,1,mean_pool,23,1,2,1,1,1,0.3616708739008305,0.3936547989876969,0.3776628364442637
groundmore/YshzJzHDRwA_0040_0050/3__exp1/1,groundmore,test,YshzJzHDRwA_0040_0050,3__exp1,1,sequential,Who dribbles the ball before he shoots it?,1,mean_pool,42,1,2,1,1,1,0.3616708739008305,0.3936547989876969,0.3776628364442637
groundmore/YshzJzHDRwA_0040_0050/3__exp1/1,groundmore,test,YshzJzHDRwA_0040_0050,3__exp1,1,sequential,Who dribbles the ball before he shoots it?,1,opg_no_monotonic,ensemble,1,2,1,1,1,0.3616708739008305,0.3936547989876969,0.3776628364442637
groundmore/YshzJzHDRwA_0040_0050/3__exp1/1,groundmore,test,YshzJzHDRwA_0040_0050,3__exp1,1,sequential,Who dribbles the ball before he shoots it?,1,opg_no_monotonic,11,1,2,1,0,0,0.0,0.0,0.0
groundmore/YshzJzHDRwA_0040_0050/3__exp1/1,groundmore,test,YshzJzHDRwA_0040_0050,3__exp1,1,sequential,Who dribbles the ball before he shoots it?,1,opg_no_monotonic,23,1,2,1,1,1,0.3616708739008305,0.3936547989876969,0.3776628364442637
groundmore/YshzJzHDRwA_0040_0050/3__exp1/1,groundmore,test,YshzJzHDRwA_0040_0050,3__exp1,1,sequential,Who dribbles the ball before he shoots it?,1,opg_no_monotonic,42,1,2,1,1,1,0.3616708739008305,0.3936547989876969,0.3776628364442637
groundmore/YshzJzHDRwA_0040_0050/3__exp1/1,groundmore,test,YshzJzHDRwA_0040_0050,3__exp1,1,sequential,Who dribbles the ball before he shoots it?,1,opg_no_order_loss,ensemble,1,2,1,1,1,0.3616708739008305,0.3936547989876969,0.3776628364442637
groundmore/YshzJzHDRwA_0040_0050/3__exp1/1,groundmore,test,YshzJzHDRwA_0040_0050,3__exp1,1,sequential,Who dribbles the ball before he shoots it?,1,opg_no_order_loss,11,1,2,1,0,0,0.0,0.0,0.0
groundmore/YshzJzHDRwA_0040_0050/3__exp1/1,groundmore,test,YshzJzHDRwA_0040_0050,3__exp1,1,sequential,Who dribbles the ball before he shoots it?,1,opg_no_order_loss,23,1,2,1,1,1,0.3616708739008305,0.3936547989876969,0.3776628364442637
groundmore/YshzJzHDRwA_0040_0050/3__exp1/1,groundmore,test,YshzJzHDRwA_0040_0050,3__exp1,1,sequential,Who dribbles the ball before he shoots it?,1,opg_no_order_loss,42,1,2,1,1,1,0.3616708739008305,0.3936547989876969,0.3776628364442637
groundmore/YshzJzHDRwA_0040_0050/3__exp1/1,groundmore,test,YshzJzHDRwA_0040_0050,3__exp1,1,sequential,Who dribbles the ball before he shoots it?,1,opg_full,ensemble,1,2,1,1,1,0.3616708739008305,0.3936547989876969,0.3776628364442637
groundmore/YshzJzHDRwA_0040_0050/3__exp1/1,groundmore,test,YshzJzHDRwA_0040_0050,3__exp1,1,sequential,Who dribbles the ball before he shoots it?,1,opg_full,11,1,2,1,0,0,0.0,0.0,0.0
groundmore/YshzJzHDRwA_0040_0050/3__exp1/1,groundmore,test,YshzJzHDRwA_0040_0050,3__exp1,1,sequential,Who dribbles the ball before he shoots it?,1,opg_full,23,1,2,1,1,1,0.3616708739008305,0.3936547989876969,0.3776628364442637
groundmore/YshzJzHDRwA_0040_0050/3__exp1/1,groundmore,test,YshzJzHDRwA_0040_0050,3__exp1,1,sequential,Who dribbles the ball before he shoots it?,1,opg_full,42,1,2,1,1,1,0.3616708739008305,0.3936547989876969,0.3776628364442637
groundmore/YshzJzHDRwA_0040_0050/3__exp11/11,groundmore,test,YshzJzHDRwA_0040_0050,3__exp11,11,sequential,Who misses his shot before the man in the pink shorts gets the rebound?,1,mean_pool,ensemble,0,0,,,0,0.0,0.0,0.0
groundmore/YshzJzHDRwA_0040_0050/3__exp11/11,groundmore,test,YshzJzHDRwA_0040_0050,3__exp11,11,sequential,Who misses his shot before the man in the pink shorts gets the rebound?,1,opg_no_monotonic,ensemble,0,0,,,0,0.0,0.0,0.0
groundmore/YshzJzHDRwA_0040_0050/3__exp11/11,groundmore,test,YshzJzHDRwA_0040_0050,3__exp11,11,sequential,Who misses his shot before the man in the pink shorts gets the rebound?,1,opg_no_order_loss,ensemble,0,0,,,0,0.0,0.0,0.0
groundmore/YshzJzHDRwA_0040_0050/3__exp11/11,groundmore,test,YshzJzHDRwA_0040_0050,3__exp11,11,sequential,Who misses his shot before the man in the pink shorts gets the rebound?,1,opg_full,ensemble,0,0,,,0,0.0,0.0,0.0
groundmore/YshzJzHDRwA_0040_0050/3__exp17/17,groundmore,test,YshzJzHDRwA_0040_0050,3__exp17,17,sequential,Who misses his shot before the man in the pink shorts runs towards the basketball?,1,mean_pool,ensemble,0,0,,,0,0.0,0.0,0.0
groundmore/YshzJzHDRwA_0040_0050/3__exp17/17,groundmore,test,YshzJzHDRwA_0040_0050,3__exp17,17,sequential,Who misses his shot before the man in the pink shorts runs towards the basketball?,1,opg_no_monotonic,ensemble,0,0,,,0,0.0,0.0,0.0
groundmore/YshzJzHDRwA_0040_0050/3__exp17/17,groundmore,test,YshzJzHDRwA_0040_0050,3__exp17,17,sequential,Who misses his shot before the man in the pink shorts runs towards the basketball?,1,opg_no_order_loss,ensemble,0,0,,,0,0.0,0.0,0.0
groundmore/YshzJzHDRwA_0040_0050/3__exp17/17,groundmore,test,YshzJzHDRwA_0040_0050,3__exp17,17,sequential,Who misses his shot before the man in the pink shorts runs towards the basketball?,1,opg_full,ensemble,0,0,,,0,0.0,0.0,0.0
groundmore/YshzJzHDRwA_0055_0100/1__exp1/1,groundmore,test,YshzJzHDRwA_0055_0100,1__exp1,1,sequential,Who moves back and forth with the basketball before moving to the side to shoot it?,1,mean_pool,ensemble,0,0,,,0,0.0,0.0,0.0
groundmore/YshzJzHDRwA_0055_0100/1__exp1/1,groundmore,test,YshzJzHDRwA_0055_0100,1__exp1,1,sequential,Who moves back and forth with the basketball before moving to the side to shoot it?,1,opg_no_monotonic,ensemble,0,0,,,0,0.0,0.0,0.0
groundmore/YshzJzHDRwA_0055_0100/1__exp1/1,groundmore,test,YshzJzHDRwA_0055_0100,1__exp1,1,sequential,Who moves back and forth with the basketball before moving to the side to shoot it?,1,opg_no_order_loss,ensemble,0,0,,,0,0.0,0.0,0.0
groundmore/YshzJzHDRwA_0055_0100/1__exp1/1,groundmore,test,YshzJzHDRwA_0055_0100,1__exp1,1,sequential,Who moves back and forth with the basketball before moving to the side to shoot it?,1,opg_full,ensemble,0,0,,,0,0.0,0.0,0.0
groundmore/YshzJzHDRwA_0055_0100/2__exp2/2,groundmore,test,YshzJzHDRwA_0055_0100,2__exp2,2,sequential,What does the man in the pink shorts move back and forth with before moving to the side to shoot?,1,mean_pool,ensemble,0,0,,,0,0.0,0.0,0.0
groundmore/YshzJzHDRwA_0055_0100/2__exp2/2,groundmore,test,YshzJzHDRwA_0055_0100,2__exp2,2,sequential,What does the man in the pink shorts move back and forth with before moving to the side to shoot?,1,opg_no_monotonic,ensemble,0,0,,,0,0.0,0.0,0.0
groundmore/YshzJzHDRwA_0055_0100/2__exp2/2,groundmore,test,YshzJzHDRwA_0055_0100,2__exp2,2,sequential,What does the man in the pink shorts move back and forth with before moving to the side to shoot?,1,opg_no_order_loss,ensemble,0,0,,,0,0.0,0.0,0.0
groundmore/YshzJzHDRwA_0055_0100/2__exp2/2,groundmore,test,YshzJzHDRwA_0055_0100,2__exp2,2,sequential,What does the man in the pink shorts move back and forth with before moving to the side to shoot?,1,opg_full,ensemble,0,0,,,0,0.0,0.0,0.0
groundmore/YshzJzHDRwA_0105_0120/1__exp12/12,groundmore,test,YshzJzHDRwA_0105_0120,1__exp12,12,sequential,Who misses his shot before the man in the grey shirt gets control of the ball?,1,mean_pool,ensemble,0,0,,,0,0.0,0.0,0.0
groundmore/YshzJzHDRwA_0105_0120/1__exp12/12,groundmore,test,YshzJzHDRwA_0105_0120,1__exp12,12,sequential,Who misses his shot before the man in the grey shirt gets control of the ball?,1,opg_no_monotonic,ensemble,0,0,,,0,0.0,0.0,0.0
groundmore/YshzJzHDRwA_0105_0120/1__exp12/12,groundmore,test,YshzJzHDRwA_0105_0120,1__exp12,12,sequential,Who misses his shot before the man in the grey shirt gets control of the ball?,1,opg_no_order_loss,ensemble,0,0,,,0,0.0,0.0,0.0
groundmore/YshzJzHDRwA_0105_0120/1__exp12/12,groundmore,test,YshzJzHDRwA_0105_0120,1__exp12,12,sequential,Who misses his shot before the man in the grey shirt gets control of the ball?,1,opg_full,ensemble,0,0,,,0,0.0,0.0,0.0
groundmore/YshzJzHDRwA_0105_0120/1__exp16/16,groundmore,test,YshzJzHDRwA_0105_0120,1__exp16,16,sequential,Who shoots the ball after the man in the grey shirt does not allow him to get close to the hoop?,1,mean_pool,ensemble,0,0,,,0,0.0,0.0,0.0
groundmore/YshzJzHDRwA_0105_0120/1__exp16/16,groundmore,test,YshzJzHDRwA_0105_0120,1__exp16,16,sequential,Who shoots the ball after the man in the grey shirt does not allow him to get close to the hoop?,1,opg_no_monotonic,ensemble,0,0,,,0,0.0,0.0,0.0
groundmore/YshzJzHDRwA_0105_0120/1__exp16/16,groundmore,test,YshzJzHDRwA_0105_0120,1__exp16,16,sequential,Who shoots the ball after the man in the grey shirt does not allow him to get close to the hoop?,1,opg_no_order_loss,ensemble,0,0,,,0,0.0,0.0,0.0
groundmore/YshzJzHDRwA_0105_0120/1__exp16/16,groundmore,test,YshzJzHDRwA_0105_0120,1__exp16,16,sequential,Who shoots the ball after the man in the grey shirt does not allow him to get close to the hoop?,1,opg_full,ensemble,0,0,,,0,0.0,0.0,0.0
groundmore/YshzJzHDRwA_0105_0120/2__exp11/11,groundmore,test,YshzJzHDRwA_0105_0120,2__exp11,11,sequential,What does the man in the grey shirt get control of after the man in the pink shorts misses his shot?,1,mean_pool,ensemble,0,0,,,0,0.0,0.0,0.0
groundmore/YshzJzHDRwA_0105_0120/2__exp11/11,groundmore,test,YshzJzHDRwA_0105_0120,2__exp11,11,sequential,What does the man in the grey shirt get control of after the man in the pink shorts misses his shot?,1,opg_no_monotonic,ensemble,0,0,,,0,0.0,0.0,0.0
groundmore/YshzJzHDRwA_0105_0120/2__exp11/11,groundmore,test,YshzJzHDRwA_0105_0120,2__exp11,11,sequential,What does the man in the grey shirt get control of after the man in the pink shorts misses his shot?,1,opg_no_order_loss,ensemble,0,0,,,0,0.0,0.0,0.0
groundmore/YshzJzHDRwA_0105_0120/2__exp11/11,groundmore,test,YshzJzHDRwA_0105_0120,2__exp11,11,sequential,What does the man in the grey shirt get control of after the man in the pink shorts misses his shot?,1,opg_full,ensemble,0,0,,,0,0.0,0.0,0.0
groundmore/YshzJzHDRwA_0105_0120/2__exp17/17,groundmore,test,YshzJzHDRwA_0105_0120,2__exp17,17,sequential,What does the man in the pink shorts shoot after the man in the grey shirt does not allow him to get close to the hoop?,1,mean_pool,ensemble,0,0,,,0,0.0,0.0,0.0
groundmore/YshzJzHDRwA_0105_0120/2__exp17/17,groundmore,test,YshzJzHDRwA_0105_0120,2__exp17,17,sequential,What does the man in the pink shorts shoot after the man in the grey shirt does not allow him to get close to the hoop?,1,opg_no_monotonic,ensemble,0,0,,,0,0.0,0.0,0.0
groundmore/YshzJzHDRwA_0105_0120/2__exp17/17,groundmore,test,YshzJzHDRwA_0105_0120,2__exp17,17,sequential,What does the man in the pink shorts shoot after the man in the grey shirt does not allow him to get close to the hoop?,1,opg_no_order_loss,ensemble,0,0,,,0,0.0,0.0,0.0
groundmore/YshzJzHDRwA_0105_0120/2__exp17/17,groundmore,test,YshzJzHDRwA_0105_0120,2__exp17,17,sequential,What does the man in the pink shorts shoot after the man in the grey shirt does not allow him to get close to the hoop?,1,opg_full,ensemble,0,0,,,0,0.0,0.0,0.0
groundmore/YshzJzHDRwA_0105_0120/3__exp10/10,groundmore,test,YshzJzHDRwA_0105_0120,3__exp10,10,sequential,Who gets control of the ball after the man in the pink shorts misses his shot?,1,mean_pool,ensemble,1,1,0,0,1,0.35,0.35,0.35
groundmore/YshzJzHDRwA_0105_0120/3__exp10/10,groundmore,test,YshzJzHDRwA_0105_0120,3__exp10,10,sequential,Who gets control of the ball after the man in the pink shorts misses his shot?,1,mean_pool,11,1,1,0,0,1,0.35,0.35,0.35
groundmore/YshzJzHDRwA_0105_0120/3__exp10/10,groundmore,test,YshzJzHDRwA_0105_0120,3__exp10,10,sequential,Who gets control of the ball after the man in the pink shorts misses his shot?,1,mean_pool,23,1,1,0,0,1,0.35,0.35,0.35
groundmore/YshzJzHDRwA_0105_0120/3__exp10/10,groundmore,test,YshzJzHDRwA_0105_0120,3__exp10,10,sequential,Who gets control of the ball after the man in the pink shorts misses his shot?,1,mean_pool,42,1,1,0,0,1,0.35,0.35,0.35
groundmore/YshzJzHDRwA_0105_0120/3__exp10/10,groundmore,test,YshzJzHDRwA_0105_0120,3__exp10,10,sequential,Who gets control of the ball after the man in the pink shorts misses his shot?,1,opg_no_monotonic,ensemble,1,1,0,0,1,0.35,0.35,0.35
groundmore/YshzJzHDRwA_0105_0120/3__exp10/10,groundmore,test,YshzJzHDRwA_0105_0120,3__exp10,10,sequential,Who gets control of the ball after the man in the pink shorts misses his shot?,1,opg_no_monotonic,11,1,1,0,0,1,0.35,0.35,0.35
groundmore/YshzJzHDRwA_0105_0120/3__exp10/10,groundmore,test,YshzJzHDRwA_0105_0120,3__exp10,10,sequential,Who gets control of the ball after the man in the pink shorts misses his shot?,1,opg_no_monotonic,23,1,1,0,0,1,0.35,0.35,0.35
groundmore/YshzJzHDRwA_0105_0120/3__exp10/10,groundmore,test,YshzJzHDRwA_0105_0120,3__exp10,10,sequential,Who gets control of the ball after the man in the pink shorts misses his shot?,1,opg_no_monotonic,42,1,1,0,0,1,0.35,0.35,0.35
groundmore/YshzJzHDRwA_0105_0120/3__exp10/10,groundmore,test,YshzJzHDRwA_0105_0120,3__exp10,10,sequential,Who gets control of the ball after the man in the pink shorts misses his shot?,1,opg_no_order_loss,ensemble,1,1,0,0,1,0.35,0.35,0.35
groundmore/YshzJzHDRwA_0105_0120/3__exp10/10,groundmore,test,YshzJzHDRwA_0105_0120,3__exp10,10,sequential,Who gets control of the ball after the man in the pink shorts misses his shot?,1,opg_no_order_loss,11,1,1,0,0,1,0.35,0.35,0.35
groundmore/YshzJzHDRwA_0105_0120/3__exp10/10,groundmore,test,YshzJzHDRwA_0105_0120,3__exp10,10,sequential,Who gets control of the ball after the man in the pink shorts misses his shot?,1,opg_no_order_loss,23,1,1,0,0,1,0.35,0.35,0.35
groundmore/YshzJzHDRwA_0105_0120/3__exp10/10,groundmore,test,YshzJzHDRwA_0105_0120,3__exp10,10,sequential,Who gets control of the ball after the man in the pink shorts misses his shot?,1,opg_no_order_loss,42,1,1,0,0,1,0.35,0.35,0.35
groundmore/YshzJzHDRwA_0105_0120/3__exp10/10,groundmore,test,YshzJzHDRwA_0105_0120,3__exp10,10,sequential,Who gets control of the ball after the man in the pink shorts misses his shot?,1,opg_full,ensemble,1,1,0,0,1,0.35,0.35,0.35
groundmore/YshzJzHDRwA_0105_0120/3__exp10/10,groundmore,test,YshzJzHDRwA_0105_0120,3__exp10,10,sequential,Who gets control of the ball after the man in the pink shorts misses his shot?,1,opg_full,11,1,1,0,0,1,0.35,0.35,0.35
groundmore/YshzJzHDRwA_0105_0120/3__exp10/10,groundmore,test,YshzJzHDRwA_0105_0120,3__exp10,10,sequential,Who gets control of the ball after the man in the pink shorts misses his shot?,1,opg_full,23,1,1,0,0,1,0.35,0.35,0.35
groundmore/YshzJzHDRwA_0105_0120/3__exp10/10,groundmore,test,YshzJzHDRwA_0105_0120,3__exp10,10,sequential,Who gets control of the ball after the man in the pink shorts misses his shot?,1,opg_full,42,1,1,0,0,1,0.35,0.35,0.35
groundmore/YshzJzHDRwA_0105_0120/3__exp18/18,groundmore,test,YshzJzHDRwA_0105_0120,3__exp18,18,sequential,Who does not allow the man in the pink shorts to get close to the hoop before he shoots the ball?,1,mean_pool,ensemble,0,0,,,0,0.0,0.0,0.0
groundmore/YshzJzHDRwA_0105_0120/3__exp18/18,groundmore,test,YshzJzHDRwA_0105_0120,3__exp18,18,sequential,Who does not allow the man in the pink shorts to get close to the hoop before he shoots the ball?,1,opg_no_monotonic,ensemble,0,0,,,0,0.0,0.0,0.0
groundmore/YshzJzHDRwA_0105_0120/3__exp18/18,groundmore,test,YshzJzHDRwA_0105_0120,3__exp18,18,sequential,Who does not allow the man in the pink shorts to get close to the hoop before he shoots the ball?,1,opg_no_order_loss,ensemble,0,0,,,0,0.0,0.0,0.0
groundmore/YshzJzHDRwA_0105_0120/3__exp18/18,groundmore,test,YshzJzHDRwA_0105_0120,3__exp18,18,sequential,Who does not allow the man in the pink shorts to get close to the hoop before he shoots the ball?,1,opg_full,ensemble,0,0,,,0,0.0,0.0,0.0
groundmore/YshzJzHDRwA_0105_0120/4__exp19/19,groundmore,test,YshzJzHDRwA_0105_0120,4__exp19,19,sequential,What does the man in the grey shirt not allow the man in the pink shorts to get close to before he shoots the ball?,1,mean_pool,ensemble,0,0,,,0,0.0,0.0,0.0
groundmore/YshzJzHDRwA_0105_0120/4__exp19/19,groundmore,test,YshzJzHDRwA_0105_0120,4__exp19,19,sequential,What does the man in the grey shirt not allow the man in the pink shorts to get close to before he shoots the ball?,1,opg_no_monotonic,ensemble,0,0,,,0,0.0,0.0,0.0
groundmore/YshzJzHDRwA_0105_0120/4__exp19/19,groundmore,test,YshzJzHDRwA_0105_0120,4__exp19,19,sequential,What does the man in the grey shirt not allow the man in the pink shorts to get close to before he shoots the ball?,1,opg_no_order_loss,ensemble,0,0,,,0,0.0,0.0,0.0
groundmore/YshzJzHDRwA_0105_0120/4__exp19/19,groundmore,test,YshzJzHDRwA_0105_0120,4__exp19,19,sequential,What does the man in the grey shirt not allow the man in the pink shorts to get close to before he shoots the ball?,1,opg_full,ensemble,0,0,,,0,0.0,0.0,0.0
groundmore/YshzJzHDRwA_0120_0135/1__exp11/11,groundmore,test,YshzJzHDRwA_0120_0135,1__exp11,11,sequential,Who dribbles the basketball before stepping back and shooting it?,1,mean_pool,ensemble,0,0,,,0,0.0,0.0,0.0
groundmore/YshzJzHDRwA_0120_0135/1__exp11/11,groundmore,test,YshzJzHDRwA_0120_0135,1__exp11,11,sequential,Who dribbles the basketball before stepping back and shooting it?,1,opg_no_monotonic,ensemble,0,0,,,0,0.0,0.0,0.0
groundmore/YshzJzHDRwA_0120_0135/1__exp11/11,groundmore,test,YshzJzHDRwA_0120_0135,1__exp11,11,sequential,Who dribbles the basketball before stepping back and shooting it?,1,opg_no_order_loss,ensemble,0,0,,,0,0.0,0.0,0.0
groundmore/YshzJzHDRwA_0120_0135/1__exp11/11,groundmore,test,YshzJzHDRwA_0120_0135,1__exp11,11,sequential,Who dribbles the basketball before stepping back and shooting it?,1,opg_full,ensemble,0,0,,,0,0.0,0.0,0.0
groundmore/YshzJzHDRwA_0120_0135/1__exp18/18,groundmore,test,YshzJzHDRwA_0120_0135,1__exp18,18,sequential,Who retrieves the ball after the man in the grey shirt misses his shot?,1,mean_pool,ensemble,0,0,,,0,0.0,0.0,0.0
groundmore/YshzJzHDRwA_0120_0135/1__exp18/18,groundmore,test,YshzJzHDRwA_0120_0135,1__exp18,18,sequential,Who retrieves the ball after the man in the grey shirt misses his shot?,1,opg_no_monotonic,ensemble,0,0,,,0,0.0,0.0,0.0
groundmore/YshzJzHDRwA_0120_0135/1__exp18/18,groundmore,test,YshzJzHDRwA_0120_0135,1__exp18,18,sequential,Who retrieves the ball after the man in the grey shirt misses his shot?,1,opg_no_order_loss,ensemble,0,0,,,0,0.0,0.0,0.0
groundmore/YshzJzHDRwA_0120_0135/1__exp18/18,groundmore,test,YshzJzHDRwA_0120_0135,1__exp18,18,sequential,Who retrieves the ball after the man in the grey shirt misses his shot?,1,opg_full,ensemble,0,0,,,0,0.0,0.0,0.0
groundmore/YshzJzHDRwA_0120_0135/1__exp4/4,groundmore,test,YshzJzHDRwA_0120_0135,1__exp4,4,sequential,Who does the man in the grey shirt move faster than?,0,mean_pool,ensemble,0,0,,,0,0.0,0.0,0.0
groundmore/YshzJzHDRwA_0120_0135/1__exp4/4,groundmore,test,YshzJzHDRwA_0120_0135,1__exp4,4,sequential,Who does the man in the grey shirt move faster than?,0,opg_no_monotonic,ensemble,0,0,,,0,0.0,0.0,0.0
groundmore/YshzJzHDRwA_0120_0135/1__exp4/4,groundmore,test,YshzJzHDRwA_0120_0135,1__exp4,4,sequential,Who does the man in the grey shirt move faster than?,0,opg_no_order_loss,ensemble,0,0,,,0,0.0,0.0,0.0
groundmore/YshzJzHDRwA_0120_0135/1__exp4/4,groundmore,test,YshzJzHDRwA_0120_0135,1__exp4,4,sequential,Who does the man in the grey shirt move faster than?,0,opg_full,ensemble,0,0,,,0,0.0,0.0,0.0
groundmore/YshzJzHDRwA_0120_0135/2__exp12/12,groundmore,test,YshzJzHDRwA_0120_0135,2__exp12,12,sequential,What does the man in the pink shorts dribble before stepping back and shooting?,1,mean_pool,ensemble,0,0,,,0,0.0,0.0,0.0
groundmore/YshzJzHDRwA_0120_0135/2__exp12/12,groundmore,test,YshzJzHDRwA_0120_0135,2__exp12,12,sequential,What does the man in the pink shorts dribble before stepping back and shooting?,1,opg_no_monotonic,ensemble,0,0,,,0,0.0,0.0,0.0
groundmore/YshzJzHDRwA_0120_0135/2__exp12/12,groundmore,test,YshzJzHDRwA_0120_0135,2__exp12,12,sequential,What does the man in the pink shorts dribble before stepping back and shooting?,1,opg_no_order_loss,ensemble,0,0,,,0,0.0,0.0,0.0
groundmore/YshzJzHDRwA_0120_0135/2__exp12/12,groundmore,test,YshzJzHDRwA_0120_0135,2__exp12,12,sequential,What does the man in the pink shorts dribble before stepping back and shooting?,1,opg_full,ensemble,0,0,,,0,0.0,0.0,0.0
groundmore/YshzJzHDRwA_0120_0135/2__exp19/19,groundmore,test,YshzJzHDRwA_0120_0135,2__exp19,19,sequential,What does the man in the pink shorts retrieve after the man in the grey shirt misses his shot?,1,mean_pool,ensemble,0,0,,,0,0.0,0.0,0.0
groundmore/YshzJzHDRwA_0120_0135/2__exp19/19,groundmore,test,YshzJzHDRwA_0120_0135,2__exp19,19,sequential,What does the man in the pink shorts retrieve after the man in the grey shirt misses his shot?,1,opg_no_monotonic,ensemble,0,0,,,0,0.0,0.0,0.0
groundmore/YshzJzHDRwA_0120_0135/2__exp19/19,groundmore,test,YshzJzHDRwA_0120_0135,2__exp19,19,sequential,What does the man in the pink shorts retrieve after the man in the grey shirt misses his shot?,1,opg_no_order_loss,ensemble,0,0,,,0,0.0,0.0,0.0
groundmore/YshzJzHDRwA_0120_0135/2__exp19/19,groundmore,test,YshzJzHDRwA_0120_0135,2__exp19,19,sequential,What does the man in the pink shorts retrieve after the man in the grey shirt misses his shot?,1,opg_full,ensemble,0,0,,,0,0.0,0.0,0.0
groundmore/YshzJzHDRwA_0120_0135/3__exp20/20,groundmore,test,YshzJzHDRwA_0120_0135,3__exp20,20,sequential,Who misses his shot before the man in the pink shorts retrieves the ball?,1,mean_pool,ensemble,0,0,,,0,0.0,0.0,0.0
groundmore/YshzJzHDRwA_0120_0135/3__exp20/20,groundmore,test,YshzJzHDRwA_0120_0135,3__exp20,20,sequential,Who misses his shot before the man in the pink shorts retrieves the ball?,1,opg_no_monotonic,ensemble,0,0,,,0,0.0,0.0,0.0
groundmore/YshzJzHDRwA_0120_0135/3__exp20/20,groundmore,test,YshzJzHDRwA_0120_0135,3__exp20,20,sequential,Who misses his shot before the man in the pink shorts retrieves the ball?,1,opg_no_order_loss,ensemble,0,0,,,0,0.0,0.0,0.0
groundmore/YshzJzHDRwA_0120_0135/3__exp20/20,groundmore,test,YshzJzHDRwA_0120_0135,3__exp20,20,sequential,Who misses his shot before the man in the pink shorts retrieves the ball?,1,opg_full,ensemble,0,0,,,0,0.0,0.0,0.0
groundmore/YshzJzHDRwA_0120_0135/3__exp3/3,groundmore,test,YshzJzHDRwA_0120_0135,3__exp3,3,sequential,Who moves faster than the man in the pink shorts?,0,mean_pool,ensemble,0,0,,,0,0.0,0.0,0.0
groundmore/YshzJzHDRwA_0120_0135/3__exp3/3,groundmore,test,YshzJzHDRwA_0120_0135,3__exp3,3,sequential,Who moves faster than the man in the pink shorts?,0,opg_no_monotonic,ensemble,0,0,,,0,0.0,0.0,0.0
groundmore/YshzJzHDRwA_0120_0135/3__exp3/3,groundmore,test,YshzJzHDRwA_0120_0135,3__exp3,3,sequential,Who moves faster than the man in the pink shorts?,0,opg_no_order_loss,ensemble,0,0,,,0,0.0,0.0,0.0
groundmore/YshzJzHDRwA_0120_0135/3__exp3/3,groundmore,test,YshzJzHDRwA_0120_0135,3__exp3,3,sequential,Who moves faster than the man in the pink shorts?,0,opg_full,ensemble,0,0,,,0,0.0,0.0,0.0
groundmore/YshzJzHDRwA_0150_0200/1__exp1/1,groundmore,test,YshzJzHDRwA_0150_0200,1__exp1,1,sequential,Who dribbles the ball before shooting it?,1,mean_pool,ensemble,1,1,0,0,1,0.5,0.5,0.5
groundmore/YshzJzHDRwA_0150_0200/1__exp1/1,groundmore,test,YshzJzHDRwA_0150_0200,1__exp1,1,sequential,Who dribbles the ball before shooting it?,1,mean_pool,11,1,1,0,0,1,0.5,0.5,0.5
groundmore/YshzJzHDRwA_0150_0200/1__exp1/1,groundmore,test,YshzJzHDRwA_0150_0200,1__exp1,1,sequential,Who dribbles the ball before shooting it?,1,mean_pool,23,1,1,0,0,1,0.5,0.5,0.5
groundmore/YshzJzHDRwA_0150_0200/1__exp1/1,groundmore,test,YshzJzHDRwA_0150_0200,1__exp1,1,sequential,Who dribbles the ball before shooting it?,1,mean_pool,42,1,1,0,0,1,0.5,0.5,0.5
groundmore/YshzJzHDRwA_0150_0200/1__exp1/1,groundmore,test,YshzJzHDRwA_0150_0200,1__exp1,1,sequential,Who dribbles the ball before shooting it?,1,opg_no_monotonic,ensemble,1,1,0,0,1,0.5,0.5,0.5
groundmore/YshzJzHDRwA_0150_0200/1__exp1/1,groundmore,test,YshzJzHDRwA_0150_0200,1__exp1,1,sequential,Who dribbles the ball before shooting it?,1,opg_no_monotonic,11,1,1,0,0,1,0.5,0.5,0.5
groundmore/YshzJzHDRwA_0150_0200/1__exp1/1,groundmore,test,YshzJzHDRwA_0150_0200,1__exp1,1,sequential,Who dribbles the ball before shooting it?,1,opg_no_monotonic,23,1,1,0,0,1,0.5,0.5,0.5
groundmore/YshzJzHDRwA_0150_0200/1__exp1/1,groundmore,test,YshzJzHDRwA_0150_0200,1__exp1,1,sequential,Who dribbles the ball before shooting it?,1,opg_no_monotonic,42,1,1,0,0,1,0.5,0.5,0.5
groundmore/YshzJzHDRwA_0150_0200/1__exp1/1,groundmore,test,YshzJzHDRwA_0150_0200,1__exp1,1,sequential,Who dribbles the ball before shooting it?,1,opg_no_order_loss,ensemble,1,1,0,0,1,0.5,0.5,0.5
groundmore/YshzJzHDRwA_0150_0200/1__exp1/1,groundmore,test,YshzJzHDRwA_0150_0200,1__exp1,1,sequential,Who dribbles the ball before shooting it?,1,opg_no_order_loss,11,1,1,0,0,1,0.5,0.5,0.5
groundmore/YshzJzHDRwA_0150_0200/1__exp1/1,groundmore,test,YshzJzHDRwA_0150_0200,1__exp1,1,sequential,Who dribbles the ball before shooting it?,1,opg_no_order_loss,23,1,1,0,0,1,0.5,0.5,0.5
groundmore/YshzJzHDRwA_0150_0200/1__exp1/1,groundmore,test,YshzJzHDRwA_0150_0200,1__exp1,1,sequential,Who dribbles the ball before shooting it?,1,opg_no_order_loss,42,1,1,0,0,1,0.5,0.5,0.5
groundmore/YshzJzHDRwA_0150_0200/1__exp1/1,groundmore,test,YshzJzHDRwA_0150_0200,1__exp1,1,sequential,Who dribbles the ball before shooting it?,1,opg_full,ensemble,1,1,0,0,1,0.5,0.5,0.5
groundmore/YshzJzHDRwA_0150_0200/1__exp1/1,groundmore,test,YshzJzHDRwA_0150_0200,1__exp1,1,sequential,Who dribbles the ball before shooting it?,1,opg_full,11,1,1,0,0,1,0.5,0.5,0.5
groundmore/YshzJzHDRwA_0150_0200/1__exp1/1,groundmore,test,YshzJzHDRwA_0150_0200,1__exp1,1,sequential,Who dribbles the ball before shooting it?,1,opg_full,23,1,1,0,0,1,0.5,0.5,0.5
groundmore/YshzJzHDRwA_0150_0200/1__exp1/1,groundmore,test,YshzJzHDRwA_0150_0200,1__exp1,1,sequential,Who dribbles the ball before shooting it?,1,opg_full,42,1,1,0,0,1,0.5,0.5,0.5
groundmore/YshzJzHDRwA_0150_0200/1__exp12/12,groundmore,test,YshzJzHDRwA_0150_0200,1__exp12,12,sequential,Who performs a variety of movements in front of the man in the grey shirt before shooting the ball?,1,mean_pool,ensemble,0,1,0,0,0,0.2,0.2,0.2
groundmore/YshzJzHDRwA_0150_0200/1__exp12/12,groundmore,test,YshzJzHDRwA_0150_0200,1__exp12,12,sequential,Who performs a variety of movements in front of the man in the grey shirt before shooting the ball?,1,mean_pool,11,0,1,0,0,0,0.2,0.2,0.2
groundmore/YshzJzHDRwA_0150_0200/1__exp12/12,groundmore,test,YshzJzHDRwA_0150_0200,1__exp12,12,sequential,Who performs a variety of movements in front of the man in the grey shirt before shooting the ball?,1,mean_pool,23,0,1,0,0,0,0.2,0.2,0.2
groundmore/YshzJzHDRwA_0150_0200/1__exp12/12,groundmore,test,YshzJzHDRwA_0150_0200,1__exp12,12,sequential,Who performs a variety of movements in front of the man in the grey shirt before shooting the ball?,1,mean_pool,42,0,1,0,0,0,0.2,0.2,0.2
groundmore/YshzJzHDRwA_0150_0200/1__exp12/12,groundmore,test,YshzJzHDRwA_0150_0200,1__exp12,12,sequential,Who performs a variety of movements in front of the man in the grey shirt before shooting the ball?,1,opg_no_monotonic,ensemble,0,1,0,0,0,0.2,0.2,0.2
groundmore/YshzJzHDRwA_0150_0200/1__exp12/12,groundmore,test,YshzJzHDRwA_0150_0200,1__exp12,12,sequential,Who performs a variety of movements in front of the man in the grey shirt before shooting the ball?,1,opg_no_monotonic,11,0,1,0,0,0,0.2,0.2,0.2
groundmore/YshzJzHDRwA_0150_0200/1__exp12/12,groundmore,test,YshzJzHDRwA_0150_0200,1__exp12,12,sequential,Who performs a variety of movements in front of the man in the grey shirt before shooting the ball?,1,opg_no_monotonic,23,0,1,0,0,0,0.2,0.2,0.2
groundmore/YshzJzHDRwA_0150_0200/1__exp12/12,groundmore,test,YshzJzHDRwA_0150_0200,1__exp12,12,sequential,Who performs a variety of movements in front of the man in the grey shirt before shooting the ball?,1,opg_no_monotonic,42,0,1,0,0,0,0.2,0.2,0.2
groundmore/YshzJzHDRwA_0150_0200/1__exp12/12,groundmore,test,YshzJzHDRwA_0150_0200,1__exp12,12,sequential,Who performs a variety of movements in front of the man in the grey shirt before shooting the ball?,1,opg_no_order_loss,ensemble,0,1,0,0,0,0.2,0.2,0.2
groundmore/YshzJzHDRwA_0150_0200/1__exp12/12,groundmore,test,YshzJzHDRwA_0150_0200,1__exp12,12,sequential,Who performs a variety of movements in front of the man in the grey shirt before shooting the ball?,1,opg_no_order_loss,11,0,1,0,0,0,0.2,0.2,0.2
groundmore/YshzJzHDRwA_0150_0200/1__exp12/12,groundmore,test,YshzJzHDRwA_0150_0200,1__exp12,12,sequential,Who performs a variety of movements in front of the man in the grey shirt before shooting the ball?,1,opg_no_order_loss,23,0,1,0,0,0,0.2,0.2,0.2
groundmore/YshzJzHDRwA_0150_0200/1__exp12/12,groundmore,test,YshzJzHDRwA_0150_0200,1__exp12,12,sequential,Who performs a variety of movements in front of the man in the grey shirt before shooting the ball?,1,opg_no_order_loss,42,0,1,0,0,0,0.2,0.2,0.2
groundmore/YshzJzHDRwA_0150_0200/1__exp12/12,groundmore,test,YshzJzHDRwA_0150_0200,1__exp12,12,sequential,Who performs a variety of movements in front of the man in the grey shirt before shooting the ball?,1,opg_full,ensemble,0,1,0,0,0,0.2,0.2,0.2
groundmore/YshzJzHDRwA_0150_0200/1__exp12/12,groundmore,test,YshzJzHDRwA_0150_0200,1__exp12,12,sequential,Who performs a variety of movements in front of the man in the grey shirt before shooting the ball?,1,opg_full,11,0,1,0,0,0,0.2,0.2,0.2
groundmore/YshzJzHDRwA_0150_0200/1__exp12/12,groundmore,test,YshzJzHDRwA_0150_0200,1__exp12,12,sequential,Who performs a variety of movements in front of the man in the grey shirt before shooting the ball?,1,opg_full,23,0,1,0,0,0,0.2,0.2,0.2
groundmore/YshzJzHDRwA_0150_0200/1__exp12/12,groundmore,test,YshzJzHDRwA_0150_0200,1__exp12,12,sequential,Who performs a variety of movements in front of the man in the grey shirt before shooting the ball?,1,opg_full,42,0,1,0,0,0,0.2,0.2,0.2
groundmore/YshzJzHDRwA_0150_0200/1__exp18/18,groundmore,test,YshzJzHDRwA_0150_0200,1__exp18,18,sequential,Who performs a variety of movements with the basketball before shooting the ball?,1,mean_pool,ensemble,1,2,0,1,0,0.0,0.0,0.0
groundmore/YshzJzHDRwA_0150_0200/1__exp18/18,groundmore,test,YshzJzHDRwA_0150_0200,1__exp18,18,sequential,Who performs a variety of movements with the basketball before shooting the ball?,1,mean_pool,11,1,2,0,1,0,0.0,0.0,0.0
groundmore/YshzJzHDRwA_0150_0200/1__exp18/18,groundmore,test,YshzJzHDRwA_0150_0200,1__exp18,18,sequential,Who performs a variety of movements with the basketball before shooting the ball?,1,mean_pool,23,1,2,0,1,0,0.0,0.0,0.0
groundmore/YshzJzHDRwA_0150_0200/1__exp18/18,groundmore,test,YshzJzHDRwA_0150_0200,1__exp18,18,sequential,Who performs a variety of movements with the basketball before shooting the ball?,1,mean_pool,42,1,2,0,1,0,0.0,0.0,0.0
groundmore/YshzJzHDRwA_0150_0200/1__exp18/18,groundmore,test,YshzJzHDRwA_0150_0200,1__exp18,18,sequential,Who performs a variety of movements with the basketball before shooting the ball?,1,opg_no_monotonic,ensemble,1,2,0,1,0,0.0,0.0,0.0
groundmore/YshzJzHDRwA_0150_0200/1__exp18/18,groundmore,test,YshzJzHDRwA_0150_0200,1__exp18,18,sequential,Who performs a variety of movements with the basketball before shooting the ball?,1,opg_no_monotonic,11,1,2,0,1,0,0.0,0.0,0.0
groundmore/YshzJzHDRwA_0150_0200/1__exp18/18,groundmore,test,YshzJzHDRwA_0150_0200,1__exp18,18,sequential,Who performs a variety of movements with the basketball before shooting the ball?,1,opg_no_monotonic,23,1,2,0,1,0,0.0,0.0,0.0
groundmore/YshzJzHDRwA_0150_0200/1__exp18/18,groundmore,test,YshzJzHDRwA_0150_0200,1__exp18,18,sequential,Who performs a variety of movements with the basketball before shooting the ball?,1,opg_no_monotonic,42,1,2,0,1,0,0.0,0.0,0.0
groundmore/YshzJzHDRwA_0150_0200/1__exp18/18,groundmore,test,YshzJzHDRwA_0150_0200,1__exp18,18,sequential,Who performs a variety of movements with the basketball before shooting the ball?,1,opg_no_order_loss,ensemble,1,2,0,1,0,0.0,0.0,0.0
groundmore/YshzJzHDRwA_0150_0200/1__exp18/18,groundmore,test,YshzJzHDRwA_0150_0200,1__exp18,18,sequential,Who performs a variety of movements with the basketball before shooting the ball?,1,opg_no_order_loss,11,1,2,0,1,0,0.0,0.0,0.0
groundmore/YshzJzHDRwA_0150_0200/1__exp18/18,groundmore,test,YshzJzHDRwA_0150_0200,1__exp18,18,sequential,Who performs a variety of movements with the basketball before shooting the ball?,1,opg_no_order_loss,23,1,2,0,1,0,0.0,0.0,0.0
groundmore/YshzJzHDRwA_0150_0200/1__exp18/18,groundmore,test,YshzJzHDRwA_0150_0200,1__exp18,18,sequential,Who performs a variety of movements with the basketball before shooting the ball?,1,opg_no_order_loss,42,1,2,0,1,0,0.0,0.0,0.0
groundmore/YshzJzHDRwA_0150_0200/1__exp18/18,groundmore,test,YshzJzHDRwA_0150_0200,1__exp18,18,sequential,Who performs a variety of movements with the basketball before shooting the ball?,1,opg_full,ensemble,1,2,0,1,0,0.0,0.0,0.0
groundmore/YshzJzHDRwA_0150_0200/1__exp18/18,groundmore,test,YshzJzHDRwA_0150_0200,1__exp18,18,sequential,Who performs a variety of movements with the basketball before shooting the ball?,1,opg_full,11,1,2,0,1,0,0.0,0.0,0.0
groundmore/YshzJzHDRwA_0150_0200/1__exp18/18,groundmore,test,YshzJzHDRwA_0150_0200,1__exp18,18,sequential,Who performs a variety of movements with the basketball before shooting the ball?,1,opg_full,23,1,2,0,1,0,0.0,0.0,0.0
groundmore/YshzJzHDRwA_0150_0200/1__exp18/18,groundmore,test,YshzJzHDRwA_0150_0200,1__exp18,18,sequential,Who performs a variety of movements with the basketball before shooting the ball?,1,opg_full,42,1,2,0,1,0,0.0,0.0,0.0
groundmore/YshzJzHDRwA_0150_0200/1__exp7/7,groundmore,test,YshzJzHDRwA_0150_0200,1__exp7,7,sequential,Who misses his shot before the man in the grey shirt gets the ball?,1,mean_pool,ensemble,0,0,,,0,0.0,0.0,0.0
groundmore/YshzJzHDRwA_0150_0200/1__exp7/7,groundmore,test,YshzJzHDRwA_0150_0200,1__exp7,7,sequential,Who misses his shot before the man in the grey shirt gets the ball?,1,opg_no_monotonic,ensemble,0,0,,,0,0.0,0.0,0.0
groundmore/YshzJzHDRwA_0150_0200/1__exp7/7,groundmore,test,YshzJzHDRwA_0150_0200,1__exp7,7,sequential,Who misses his shot before the man in the grey shirt gets the ball?,1,opg_no_order_loss,ensemble,0,0,,,0,0.0,0.0,0.0
groundmore/YshzJzHDRwA_0150_0200/1__exp7/7,groundmore,test,YshzJzHDRwA_0150_0200,1__exp7,7,sequential,Who misses his shot before the man in the grey shirt gets the ball?,1,opg_full,ensemble,0,0,,,0,0.0,0.0,0.0
groundmore/YshzJzHDRwA_0150_0200/2__exp13/13,groundmore,test,YshzJzHDRwA_0150_0200,2__exp13,13,sequential,What does the man in the pink shorts shoot after performing a variety of movements in front of the man in the grey shirt?,1,mean_pool,ensemble,0,0,,,0,0.0,0.0,0.0
groundmore/YshzJzHDRwA_0150_0200/2__exp13/13,groundmore,test,YshzJzHDRwA_0150_0200,2__exp13,13,sequential,What does the man in the pink shorts shoot after performing a variety of movements in front of the man in the grey shirt?,1,opg_no_monotonic,ensemble,0,0,,,0,0.0,0.0,0.0
groundmore/YshzJzHDRwA_0150_0200/2__exp13/13,groundmore,test,YshzJzHDRwA_0150_0200,2__exp13,13,sequential,What does the man in the pink shorts shoot after performing a variety of movements in front of the man in the grey shirt?,1,opg_no_order_loss,ensemble,0,0,,,0,0.0,0.0,0.0
groundmore/YshzJzHDRwA_0150_0200/2__exp13/13,groundmore,test,YshzJzHDRwA_0150_0200,2__exp13,13,sequential,What does the man in the pink shorts shoot after performing a variety of movements in front of the man in the grey shirt?,1,opg_full,ensemble,0,0,,,0,0.0,0.0,0.0
groundmore/YshzJzHDRwA_0150_0200/2__exp19/19,groundmore,test,YshzJzHDRwA_0150_0200,2__exp19,19,sequential,What does the man in the pink shorts perform a variety of movements with before shooting the ball?,1,mean_pool,ensemble,0,0,,,0,0.0,0.0,0.0
groundmore/YshzJzHDRwA_0150_0200/2__exp19/19,groundmore,test,YshzJzHDRwA_0150_0200,2__exp19,19,sequential,What does the man in the pink shorts perform a variety of movements with before shooting the ball?,1,opg_no_monotonic,ensemble,0,0,,,0,0.0,0.0,0.0
groundmore/YshzJzHDRwA_0150_0200/2__exp19/19,groundmore,test,YshzJzHDRwA_0150_0200,2__exp19,19,sequential,What does the man in the pink shorts perform a variety of movements with before shooting the ball?,1,opg_no_order_loss,ensemble,0,0,,,0,0.0,0.0,0.0
groundmore/YshzJzHDRwA_0150_0200/2__exp19/19,groundmore,test,YshzJzHDRwA_0150_0200,2__exp19,19,sequential,What does the man in the pink shorts perform a variety of movements with before shooting the ball?,1,opg_full,ensemble,0,0,,,0,0.0,0.0,0.0
groundmore/YshzJzHDRwA_0150_0200/2__exp2/2,groundmore,test,YshzJzHDRwA_0150_0200,2__exp2,2,sequential,What does the man in the pink shorts dribble before he shoots it?,1,mean_pool,ensemble,0,0,,,0,0.0,0.0,0.0
groundmore/YshzJzHDRwA_0150_0200/2__exp2/2,groundmore,test,YshzJzHDRwA_0150_0200,2__exp2,2,sequential,What does the man in the pink shorts dribble before he shoots it?,1,opg_no_monotonic,ensemble,0,0,,,0,0.0,0.0,0.0
groundmore/YshzJzHDRwA_0150_0200/2__exp2/2,groundmore,test,YshzJzHDRwA_0150_0200,2__exp2,2,sequential,What does the man in the pink shorts dribble before he shoots it?,1,opg_no_order_loss,ensemble,0,0,,,0,0.0,0.0,0.0
groundmore/YshzJzHDRwA_0150_0200/2__exp2/2,groundmore,test,YshzJzHDRwA_0150_0200,2__exp2,2,sequential,What does the man in the pink shorts dribble before he shoots it?,1,opg_full,ensemble,0,0,,,0,0.0,0.0,0.0
groundmore/YshzJzHDRwA_0150_0200/2__exp6/6,groundmore,test,YshzJzHDRwA_0150_0200,2__exp6,6,sequential,What does the man in the grey shirt get after the man in the pink shorts misses his shot?,1,mean_pool,ensemble,0,0,,,0,0.0,0.0,0.0
groundmore/YshzJzHDRwA_0150_0200/2__exp6/6,groundmore,test,YshzJzHDRwA_0150_0200,2__exp6,6,sequential,What does the man in the grey shirt get after the man in the pink shorts misses his shot?,1,opg_no_monotonic,ensemble,0,0,,,0,0.0,0.0,0.0
groundmore/YshzJzHDRwA_0150_0200/2__exp6/6,groundmore,test,YshzJzHDRwA_0150_0200,2__exp6,6,sequential,What does the man in the grey shirt get after the man in the pink shorts misses his shot?,1,opg_no_order_loss,ensemble,0,0,,,0,0.0,0.0,0.0
groundmore/YshzJzHDRwA_0150_0200/2__exp6/6,groundmore,test,YshzJzHDRwA_0150_0200,2__exp6,6,sequential,What does the man in the grey shirt get after the man in the pink shorts misses his shot?,1,opg_full,ensemble,0,0,,,0,0.0,0.0,0.0
groundmore/YshzJzHDRwA_0150_0200/3__exp14/14,groundmore,test,YshzJzHDRwA_0150_0200,3__exp14,14,sequential,In front of whom does the man in the pink shorts perform a variety of movements before shooting the ball?,1,mean_pool,ensemble,0,0,,,0,0.0,0.0,0.0
groundmore/YshzJzHDRwA_0150_0200/3__exp14/14,groundmore,test,YshzJzHDRwA_0150_0200,3__exp14,14,sequential,In front of whom does the man in the pink shorts perform a variety of movements before shooting the ball?,1,opg_no_monotonic,ensemble,0,0,,,0,0.0,0.0,0.0
groundmore/YshzJzHDRwA_0150_0200/3__exp14/14,groundmore,test,YshzJzHDRwA_0150_0200,3__exp14,14,sequential,In front of whom does the man in the pink shorts perform a variety of movements before shooting the ball?,1,opg_no_order_loss,ensemble,0,0,,,0,0.0,0.0,0.0
groundmore/YshzJzHDRwA_0150_0200/3__exp14/14,groundmore,test,YshzJzHDRwA_0150_0200,3__exp14,14,sequential,In front of whom does the man in the pink shorts perform a variety of movements before shooting the ball?,1,opg_full,ensemble,0,0,,,0,0.0,0.0,0.0
groundmore/YshzJzHDRwA_0150_0200/3__exp5/5,groundmore,test,YshzJzHDRwA_0150_0200,3__exp5,5,sequential,Who gets the ball after the man in the pink shorts misses his shot?,1,mean_pool,ensemble,0,0,,,0,0.0,0.0,0.0
groundmore/YshzJzHDRwA_0150_0200/3__exp5/5,groundmore,test,YshzJzHDRwA_0150_0200,3__exp5,5,sequential,Who gets the ball after the man in the pink shorts misses his shot?,1,opg_no_monotonic,ensemble,0,0,,,0,0.0,0.0,0.0
groundmore/YshzJzHDRwA_0150_0200/3__exp5/5,groundmore,test,YshzJzHDRwA_0150_0200,3__exp5,5,sequential,Who gets the ball after the man in the pink shorts misses his shot?,1,opg_no_order_loss,ensemble,0,0,,,0,0.0,0.0,0.0
groundmore/YshzJzHDRwA_0150_0200/3__exp5/5,groundmore,test,YshzJzHDRwA_0150_0200,3__exp5,5,sequential,Who gets the ball after the man in the pink shorts misses his shot?,1,opg_full,ensemble,0,0,,,0,0.0,0.0,0.0
groundmore/YshzJzHDRwA_0255_0305/1__exp9/9,groundmore,test,YshzJzHDRwA_0255_0305,1__exp9,9,sequential,In front of whom does the man in the grey shirt dribble before he shoots the basketball?,1,mean_pool,ensemble,0,0,,,0,0.0,0.0,0.0
groundmore/YshzJzHDRwA_0255_0305/1__exp9/9,groundmore,test,YshzJzHDRwA_0255_0305,1__exp9,9,sequential,In front of whom does the man in the grey shirt dribble before he shoots the basketball?,1,opg_no_monotonic,ensemble,0,0,,,0,0.0,0.0,0.0
groundmore/YshzJzHDRwA_0255_0305/1__exp9/9,groundmore,test,YshzJzHDRwA_0255_0305,1__exp9,9,sequential,In front of whom does the man in the grey shirt dribble before he shoots the basketball?,1,opg_no_order_loss,ensemble,0,0,,,0,0.0,0.0,0.0
groundmore/YshzJzHDRwA_0255_0305/1__exp9/9,groundmore,test,YshzJzHDRwA_0255_0305,1__exp9,9,sequential,In front of whom does the man in the grey shirt dribble before he shoots the basketball?,1,opg_full,ensemble,0,0,,,0,0.0,0.0,0.0
groundmore/YshzJzHDRwA_0255_0305/2__exp10/10,groundmore,test,YshzJzHDRwA_0255_0305,2__exp10,10,sequential,What does the man in the grey shirt shoot after dribbling in front of the man in the pink shorts?,1,mean_pool,ensemble,0,0,,,0,0.0,0.0,0.0
groundmore/YshzJzHDRwA_0255_0305/2__exp10/10,groundmore,test,YshzJzHDRwA_0255_0305,2__exp10,10,sequential,What does the man in the grey shirt shoot after dribbling in front of the man in the pink shorts?,1,opg_no_monotonic,ensemble,0,0,,,0,0.0,0.0,0.0
groundmore/YshzJzHDRwA_0255_0305/2__exp10/10,groundmore,test,YshzJzHDRwA_0255_0305,2__exp10,10,sequential,What does the man in the grey shirt shoot after dribbling in front of the man in the pink shorts?,1,opg_no_order_loss,ensemble,0,0,,,0,0.0,0.0,0.0
groundmore/YshzJzHDRwA_0255_0305/2__exp10/10,groundmore,test,YshzJzHDRwA_0255_0305,2__exp10,10,sequential,What does the man in the grey shirt shoot after dribbling in front of the man in the pink shorts?,1,opg_full,ensemble,0,0,,,0,0.0,0.0,0.0
groundmore/YshzJzHDRwA_0255_0305/2__exp2/2,groundmore,test,YshzJzHDRwA_0255_0305,2__exp2,2,sequential,What does the man in the grey shirt do tricks with before shooting it?,1,mean_pool,ensemble,0,0,,,0,0.0,0.0,0.0
groundmore/YshzJzHDRwA_0255_0305/2__exp2/2,groundmore,test,YshzJzHDRwA_0255_0305,2__exp2,2,sequential,What does the man in the grey shirt do tricks with before shooting it?,1,opg_no_monotonic,ensemble,0,0,,,0,0.0,0.0,0.0
groundmore/YshzJzHDRwA_0255_0305/2__exp2/2,groundmore,test,YshzJzHDRwA_0255_0305,2__exp2,2,sequential,What does the man in the grey shirt do tricks with before shooting it?,1,opg_no_order_loss,ensemble,0,0,,,0,0.0,0.0,0.0
groundmore/YshzJzHDRwA_0255_0305/2__exp2/2,groundmore,test,YshzJzHDRwA_0255_0305,2__exp2,2,sequential,What does the man in the grey shirt do tricks with before shooting it?,1,opg_full,ensemble,0,0,,,0,0.0,0.0,0.0
groundmore/YshzJzHDRwA_0255_0305/3__exp1/1,groundmore,test,YshzJzHDRwA_0255_0305,3__exp1,1,sequential,Who does tricks with the basketball before shooting it?,1,mean_pool,ensemble,1,2,0,0,1,0.40820672107777084,0.442041088930727,0.4251239050042489
groundmore/YshzJzHDRwA_0255_0305/3__exp1/1,groundmore,test,YshzJzHDRwA_0255_0305,3__exp1,1,sequential,Who does tricks with the basketball before shooting it?,1,mean_pool,11,1,2,0,0,1,0.40820672107777084,0.442041088930727,0.4251239050042489
groundmore/YshzJzHDRwA_0255_0305/3__exp1/1,groundmore,test,YshzJzHDRwA_0255_0305,3__exp1,1,sequential,Who does tricks with the basketball before shooting it?,1,mean_pool,23,1,2,0,0,1,0.40820672107777084,0.442041088930727,0.4251239050042489
groundmore/YshzJzHDRwA_0255_0305/3__exp1/1,groundmore,test,YshzJzHDRwA_0255_0305,3__exp1,1,sequential,Who does tricks with the basketball before shooting it?,1,mean_pool,42,1,2,0,0,1,0.40820672107777084,0.442041088930727,0.4251239050042489
groundmore/YshzJzHDRwA_0255_0305/3__exp1/1,groundmore,test,YshzJzHDRwA_0255_0305,3__exp1,1,sequential,Who does tricks with the basketball before shooting it?,1,opg_no_monotonic,ensemble,1,2,0,0,1,0.40820672107777084,0.442041088930727,0.4251239050042489
groundmore/YshzJzHDRwA_0255_0305/3__exp1/1,groundmore,test,YshzJzHDRwA_0255_0305,3__exp1,1,sequential,Who does tricks with the basketball before shooting it?,1,opg_no_monotonic,11,1,2,0,0,1,0.40820672107777084,0.442041088930727,0.4251239050042489
groundmore/YshzJzHDRwA_0255_0305/3__exp1/1,groundmore,test,YshzJzHDRwA_0255_0305,3__exp1,1,sequential,Who does tricks with the basketball before shooting it?,1,opg_no_monotonic,23,1,2,0,0,1,0.40820672107777084,0.442041088930727,0.4251239050042489
groundmore/YshzJzHDRwA_0255_0305/3__exp1/1,groundmore,test,YshzJzHDRwA_0255_0305,3__exp1,1,sequential,Who does tricks with the basketball before shooting it?,1,opg_no_monotonic,42,1,2,0,0,1,0.40820672107777084,0.442041088930727,0.4251239050042489
groundmore/YshzJzHDRwA_0255_0305/3__exp1/1,groundmore,test,YshzJzHDRwA_0255_0305,3__exp1,1,sequential,Who does tricks with the basketball before shooting it?,1,opg_no_order_loss,ensemble,1,2,0,0,1,0.40820672107777084,0.442041088930727,0.4251239050042489
groundmore/YshzJzHDRwA_0255_0305/3__exp1/1,groundmore,test,YshzJzHDRwA_0255_0305,3__exp1,1,sequential,Who does tricks with the basketball before shooting it?,1,opg_no_order_loss,11,1,2,0,0,1,0.40820672107777084,0.442041088930727,0.4251239050042489
groundmore/YshzJzHDRwA_0255_0305/3__exp1/1,groundmore,test,YshzJzHDRwA_0255_0305,3__exp1,1,sequential,Who does tricks with the basketball before shooting it?,1,opg_no_order_loss,23,1,2,0,0,1,0.40820672107777084,0.442041088930727,0.4251239050042489
groundmore/YshzJzHDRwA_0255_0305/3__exp1/1,groundmore,test,YshzJzHDRwA_0255_0305,3__exp1,1,sequential,Who does tricks with the basketball before shooting it?,1,opg_no_order_loss,42,1,2,0,0,1,0.40820672107777084,0.442041088930727,0.4251239050042489
groundmore/YshzJzHDRwA_0255_0305/3__exp1/1,groundmore,test,YshzJzHDRwA_0255_0305,3__exp1,1,sequential,Who does tricks with the basketball before shooting it?,1,opg_full,ensemble,1,2,0,0,1,0.40820672107777084,0.442041088930727,0.4251239050042489
groundmore/YshzJzHDRwA_0255_0305/3__exp1/1,groundmore,test,YshzJzHDRwA_0255_0305,3__exp1,1,sequential,Who does tricks with the basketball before shooting it?,1,opg_full,11,1,2,0,0,1,0.40820672107777084,0.442041088930727,0.4251239050042489
groundmore/YshzJzHDRwA_0255_0305/3__exp1/1,groundmore,test,YshzJzHDRwA_0255_0305,3__exp1,1,sequential,Who does tricks with the basketball before shooting it?,1,opg_full,23,1,2,0,0,1,0.40820672107777084,0.442041088930727,0.4251239050042489
groundmore/YshzJzHDRwA_0255_0305/3__exp1/1,groundmore,test,YshzJzHDRwA_0255_0305,3__exp1,1,sequential,Who does tricks with the basketball before shooting it?,1,opg_full,42,1,2,0,0,1,0.40820672107777084,0.442041088930727,0.4251239050042489
groundmore/YshzJzHDRwA_0255_0305/3__exp8/8,groundmore,test,YshzJzHDRwA_0255_0305,3__exp8,8,sequential,Who dribbles in front of the man in the pink shorts before shooting the basketball?,1,mean_pool,ensemble,0,1,0,0,0,0.0,0.0,0.0
groundmore/YshzJzHDRwA_0255_0305/3__exp8/8,groundmore,test,YshzJzHDRwA_0255_0305,3__exp8,8,sequential,Who dribbles in front of the man in the pink shorts before shooting the basketball?,1,mean_pool,11,0,1,0,0,0,0.0,0.0,0.0
groundmore/YshzJzHDRwA_0255_0305/3__exp8/8,groundmore,test,YshzJzHDRwA_0255_0305,3__exp8,8,sequential,Who dribbles in front of the man in the pink shorts before shooting the basketball?,1,mean_pool,23,0,1,0,0,0,0.0,0.0,0.0
groundmore/YshzJzHDRwA_0255_0305/3__exp8/8,groundmore,test,YshzJzHDRwA_0255_0305,3__exp8,8,sequential,Who dribbles in front of the man in the pink shorts before shooting the basketball?,1,mean_pool,42,0,1,0,0,0,0.0,0.0,0.0
groundmore/YshzJzHDRwA_0255_0305/3__exp8/8,groundmore,test,YshzJzHDRwA_0255_0305,3__exp8,8,sequential,Who dribbles in front of the man in the pink shorts before shooting the basketball?,1,opg_no_monotonic,ensemble,0,1,0,0,0,0.0,0.0,0.0
groundmore/YshzJzHDRwA_0255_0305/3__exp8/8,groundmore,test,YshzJzHDRwA_0255_0305,3__exp8,8,sequential,Who dribbles in front of the man in the pink shorts before shooting the basketball?,1,opg_no_monotonic,11,0,1,0,0,0,0.0,0.0,0.0
groundmore/YshzJzHDRwA_0255_0305/3__exp8/8,groundmore,test,YshzJzHDRwA_0255_0305,3__exp8,8,sequential,Who dribbles in front of the man in the pink shorts before shooting the basketball?,1,opg_no_monotonic,23,0,1,0,0,0,0.0,0.0,0.0
groundmore/YshzJzHDRwA_0255_0305/3__exp8/8,groundmore,test,YshzJzHDRwA_0255_0305,3__exp8,8,sequential,Who dribbles in front of the man in the pink shorts before shooting the basketball?,1,opg_no_monotonic,42,0,1,0,0,0,0.0,0.0,0.0
groundmore/YshzJzHDRwA_0255_0305/3__exp8/8,groundmore,test,YshzJzHDRwA_0255_0305,3__exp8,8,sequential,Who dribbles in front of the man in the pink shorts before shooting the basketball?,1,opg_no_order_loss,ensemble,0,1,0,0,0,0.0,0.0,0.0
groundmore/YshzJzHDRwA_0255_0305/3__exp8/8,groundmore,test,YshzJzHDRwA_0255_0305,3__exp8,8,sequential,Who dribbles in front of the man in the pink shorts before shooting the basketball?,1,opg_no_order_loss,11,0,1,0,0,0,0.0,0.0,0.0
groundmore/YshzJzHDRwA_0255_0305/3__exp8/8,groundmore,test,YshzJzHDRwA_0255_0305,3__exp8,8,sequential,Who dribbles in front of the man in the pink shorts before shooting the basketball?,1,opg_no_order_loss,23,0,1,0,0,0,0.0,0.0,0.0
groundmore/YshzJzHDRwA_0255_0305/3__exp8/8,groundmore,test,YshzJzHDRwA_0255_0305,3__exp8,8,sequential,Who dribbles in front of the man in the pink shorts before shooting the basketball?,1,opg_no_order_loss,42,0,1,0,0,0,0.0,0.0,0.0
groundmore/YshzJzHDRwA_0255_0305/3__exp8/8,groundmore,test,YshzJzHDRwA_0255_0305,3__exp8,8,sequential,Who dribbles in front of the man in the pink shorts before shooting the basketball?,1,opg_full,ensemble,0,1,0,0,0,0.0,0.0,0.0
groundmore/YshzJzHDRwA_0255_0305/3__exp8/8,groundmore,test,YshzJzHDRwA_0255_0305,3__exp8,8,sequential,Who dribbles in front of the man in the pink shorts before shooting the basketball?,1,opg_full,11,0,1,0,0,0,0.0,0.0,0.0
groundmore/YshzJzHDRwA_0255_0305/3__exp8/8,groundmore,test,YshzJzHDRwA_0255_0305,3__exp8,8,sequential,Who dribbles in front of the man in the pink shorts before shooting the basketball?,1,opg_full,23,0,1,0,0,0,0.0,0.0,0.0
groundmore/YshzJzHDRwA_0255_0305/3__exp8/8,groundmore,test,YshzJzHDRwA_0255_0305,3__exp8,8,sequential,Who dribbles in front of the man in the pink shorts before shooting the basketball?,1,opg_full,42,0,1,0,0,0,0.0,0.0,0.0
groundmore/YshzJzHDRwA_0320_0332/2__exp2/2,groundmore,test,YshzJzHDRwA_0320_0332,2__exp2,2,sequential,What does the man in the grey shirt dribble before going to shoot?,1,mean_pool,ensemble,0,0,,,0,0.0,0.0,0.0
groundmore/YshzJzHDRwA_0320_0332/2__exp2/2,groundmore,test,YshzJzHDRwA_0320_0332,2__exp2,2,sequential,What does the man in the grey shirt dribble before going to shoot?,1,opg_no_monotonic,ensemble,0,0,,,0,0.0,0.0,0.0
groundmore/YshzJzHDRwA_0320_0332/2__exp2/2,groundmore,test,YshzJzHDRwA_0320_0332,2__exp2,2,sequential,What does the man in the grey shirt dribble before going to shoot?,1,opg_no_order_loss,ensemble,0,0,,,0,0.0,0.0,0.0
groundmore/YshzJzHDRwA_0320_0332/2__exp2/2,groundmore,test,YshzJzHDRwA_0320_0332,2__exp2,2,sequential,What does the man in the grey shirt dribble before going to shoot?,1,opg_full,ensemble,0,0,,,0,0.0,0.0,0.0
groundmore/YshzJzHDRwA_0320_0332/3__exp1/1,groundmore,test,YshzJzHDRwA_0320_0332,3__exp1,1,sequential,Who dribbles the ball before going to shoot it?,1,mean_pool,ensemble,0,0,,,0,0.0,0.0,0.0
groundmore/YshzJzHDRwA_0320_0332/3__exp1/1,groundmore,test,YshzJzHDRwA_0320_0332,3__exp1,1,sequential,Who dribbles the ball before going to shoot it?,1,opg_no_monotonic,ensemble,0,0,,,0,0.0,0.0,0.0
groundmore/YshzJzHDRwA_0320_0332/3__exp1/1,groundmore,test,YshzJzHDRwA_0320_0332,3__exp1,1,sequential,Who dribbles the ball before going to shoot it?,1,opg_no_order_loss,ensemble,0,0,,,0,0.0,0.0,0.0
groundmore/YshzJzHDRwA_0320_0332/3__exp1/1,groundmore,test,YshzJzHDRwA_0320_0332,3__exp1,1,sequential,Who dribbles the ball before going to shoot it?,1,opg_full,ensemble,0,0,,,0,0.0,0.0,0.0
groundmore/YshzJzHDRwA_0500_0515/1__exp12/12,groundmore,test,YshzJzHDRwA_0500_0515,1__exp12,12,sequential,Who does the man in the grey shirt tease before he shoots the ball?,1,mean_pool,ensemble,0,0,,,0,0.0,0.0,0.0
groundmore/YshzJzHDRwA_0500_0515/1__exp12/12,groundmore,test,YshzJzHDRwA_0500_0515,1__exp12,12,sequential,Who does the man in the grey shirt tease before he shoots the ball?,1,opg_no_monotonic,ensemble,0,0,,,0,0.0,0.0,0.0
groundmore/YshzJzHDRwA_0500_0515/1__exp12/12,groundmore,test,YshzJzHDRwA_0500_0515,1__exp12,12,sequential,Who does the man in the grey shirt tease before he shoots the ball?,1,opg_no_order_loss,ensemble,0,0,,,0,0.0,0.0,0.0
groundmore/YshzJzHDRwA_0500_0515/1__exp12/12,groundmore,test,YshzJzHDRwA_0500_0515,1__exp12,12,sequential,Who does the man in the grey shirt tease before he shoots the ball?,1,opg_full,ensemble,0,0,,,0,0.0,0.0,0.0
groundmore/YshzJzHDRwA_0500_0515/1__exp13/13,groundmore,test,YshzJzHDRwA_0500_0515,1__exp13,13,sequential,What does the man in the grey shirt tease before the ball is shot?,1,mean_pool,ensemble,0,0,,,0,0.0,0.0,0.0
groundmore/YshzJzHDRwA_0500_0515/1__exp13/13,groundmore,test,YshzJzHDRwA_0500_0515,1__exp13,13,sequential,What does the man in the grey shirt tease before the ball is shot?,1,opg_no_monotonic,ensemble,0,0,,,0,0.0,0.0,0.0
groundmore/YshzJzHDRwA_0500_0515/1__exp13/13,groundmore,test,YshzJzHDRwA_0500_0515,1__exp13,13,sequential,What does the man in the grey shirt tease before the ball is shot?,1,opg_no_order_loss,ensemble,0,0,,,0,0.0,0.0,0.0
groundmore/YshzJzHDRwA_0500_0515/1__exp13/13,groundmore,test,YshzJzHDRwA_0500_0515,1__exp13,13,sequential,What does the man in the grey shirt tease before the ball is shot?,1,opg_full,ensemble,0,0,,,0,0.0,0.0,0.0
groundmore/YshzJzHDRwA_0500_0515/1__exp7/7,groundmore,test,YshzJzHDRwA_0500_0515,1__exp7,7,sequential,Who does the man in the grey shirt tease before shooting the ball?,1,mean_pool,ensemble,0,0,,,0,0.0,0.0,0.0
groundmore/YshzJzHDRwA_0500_0515/1__exp7/7,groundmore,test,YshzJzHDRwA_0500_0515,1__exp7,7,sequential,Who does the man in the grey shirt tease before shooting the ball?,1,opg_no_monotonic,ensemble,0,0,,,0,0.0,0.0,0.0
groundmore/YshzJzHDRwA_0500_0515/1__exp7/7,groundmore,test,YshzJzHDRwA_0500_0515,1__exp7,7,sequential,Who does the man in the grey shirt tease before shooting the ball?,1,opg_no_order_loss,ensemble,0,0,,,0,0.0,0.0,0.0
groundmore/YshzJzHDRwA_0500_0515/1__exp7/7,groundmore,test,YshzJzHDRwA_0500_0515,1__exp7,7,sequential,Who does the man in the grey shirt tease before shooting the ball?,1,opg_full,ensemble,0,0,,,0,0.0,0.0,0.0
groundmore/YshzJzHDRwA_0500_0515/2__exp6/6,groundmore,test,YshzJzHDRwA_0500_0515,2__exp6,6,sequential,What does the man in the grey shirt shoot after teasing the man in the pink shorts?,1,mean_pool,ensemble,0,0,,,0,0.0,0.0,0.0
groundmore/YshzJzHDRwA_0500_0515/2__exp6/6,groundmore,test,YshzJzHDRwA_0500_0515,2__exp6,6,sequential,What does the man in the grey shirt shoot after teasing the man in the pink shorts?,1,opg_no_monotonic,ensemble,0,0,,,0,0.0,0.0,0.0
groundmore/YshzJzHDRwA_0500_0515/2__exp6/6,groundmore,test,YshzJzHDRwA_0500_0515,2__exp6,6,sequential,What does the man in the grey shirt shoot after teasing the man in the pink shorts?,1,opg_no_order_loss,ensemble,0,0,,,0,0.0,0.0,0.0
groundmore/YshzJzHDRwA_0500_0515/2__exp6/6,groundmore,test,YshzJzHDRwA_0500_0515,2__exp6,6,sequential,What does the man in the grey shirt shoot after teasing the man in the pink shorts?,1,opg_full,ensemble,0,0,,,0,0.0,0.0,0.0
groundmore/YshzJzHDRwA_0500_0515/3__exp11/11,groundmore,test,YshzJzHDRwA_0500_0515,3__exp11,11,sequential,Who teases the man in the pink shorts before shooting the ball?,1,mean_pool,ensemble,0,0,,,0,0.0,0.0,0.0
groundmore/YshzJzHDRwA_0500_0515/3__exp11/11,groundmore,test,YshzJzHDRwA_0500_0515,3__exp11,11,sequential,Who teases the man in the pink shorts before shooting the ball?,1,opg_no_monotonic,ensemble,0,0,,,0,0.0,0.0,0.0
groundmore/YshzJzHDRwA_0500_0515/3__exp11/11,groundmore,test,YshzJzHDRwA_0500_0515,3__exp11,11,sequential,Who teases the man in the pink shorts before shooting the ball?,1,opg_no_order_loss,ensemble,0,0,,,0,0.0,0.0,0.0
groundmore/YshzJzHDRwA_0500_0515/3__exp11/11,groundmore,test,YshzJzHDRwA_0500_0515,3__exp11,11,sequential,Who teases the man in the pink shorts before shooting the ball?,1,opg_full,ensemble,0,0,,,0,0.0,0.0,0.0
groundmore/YshzJzHDRwA_0500_0515/3__exp5/5,groundmore,test,YshzJzHDRwA_0500_0515,3__exp5,5,sequential,Who shoots the ball after teasing the man in the pink shorts?,1,mean_pool,ensemble,0,0,,,0,0.0,0.0,0.0
groundmore/YshzJzHDRwA_0500_0515/3__exp5/5,groundmore,test,YshzJzHDRwA_0500_0515,3__exp5,5,sequential,Who shoots the ball after teasing the man in the pink shorts?,1,opg_no_monotonic,ensemble,0,0,,,0,0.0,0.0,0.0
groundmore/YshzJzHDRwA_0500_0515/3__exp5/5,groundmore,test,YshzJzHDRwA_0500_0515,3__exp5,5,sequential,Who shoots the ball after teasing the man in the pink shorts?,1,opg_no_order_loss,ensemble,0,0,,,0,0.0,0.0,0.0
groundmore/YshzJzHDRwA_0500_0515/3__exp5/5,groundmore,test,YshzJzHDRwA_0500_0515,3__exp5,5,sequential,Who shoots the ball after teasing the man in the pink shorts?,1,opg_full,ensemble,0,0,,,0,0.0,0.0,0.0
groundmore/YshzJzHDRwA_0535_0550/1__exp1/1,groundmore,test,YshzJzHDRwA_0535_0550,1__exp1,1,sequential,Who goes to retrieve the ball after the man in the grey shirt misses his shot?,1,mean_pool,ensemble,0,0,,,0,0.0,0.0,0.0
groundmore/YshzJzHDRwA_0535_0550/1__exp1/1,groundmore,test,YshzJzHDRwA_0535_0550,1__exp1,1,sequential,Who goes to retrieve the ball after the man in the grey shirt misses his shot?,1,opg_no_monotonic,ensemble,0,0,,,0,0.0,0.0,0.0
groundmore/YshzJzHDRwA_0535_0550/1__exp1/1,groundmore,test,YshzJzHDRwA_0535_0550,1__exp1,1,sequential,Who goes to retrieve the ball after the man in the grey shirt misses his shot?,1,opg_no_order_loss,ensemble,0,0,,,0,0.0,0.0,0.0
groundmore/YshzJzHDRwA_0535_0550/1__exp1/1,groundmore,test,YshzJzHDRwA_0535_0550,1__exp1,1,sequential,Who goes to retrieve the ball after the man in the grey shirt misses his shot?,1,opg_full,ensemble,0,0,,,0,0.0,0.0,0.0
groundmore/YshzJzHDRwA_0535_0550/2__exp2/2,groundmore,test,YshzJzHDRwA_0535_0550,2__exp2,2,sequential,What does the man in the pink shorts go to retrieve after the man in the grey shirt misses his shot?,1,mean_pool,ensemble,0,0,,,0,0.0,0.0,0.0
groundmore/YshzJzHDRwA_0535_0550/2__exp2/2,groundmore,test,YshzJzHDRwA_0535_0550,2__exp2,2,sequential,What does the man in the pink shorts go to retrieve after the man in the grey shirt misses his shot?,1,opg_no_monotonic,ensemble,0,0,,,0,0.0,0.0,0.0
groundmore/YshzJzHDRwA_0535_0550/2__exp2/2,groundmore,test,YshzJzHDRwA_0535_0550,2__exp2,2,sequential,What does the man in the pink shorts go to retrieve after the man in the grey shirt misses his shot?,1,opg_no_order_loss,ensemble,0,0,,,0,0.0,0.0,0.0
groundmore/YshzJzHDRwA_0535_0550/2__exp2/2,groundmore,test,YshzJzHDRwA_0535_0550,2__exp2,2,sequential,What does the man in the pink shorts go to retrieve after the man in the grey shirt misses his shot?,1,opg_full,ensemble,0,0,,,0,0.0,0.0,0.0
groundmore/YshzJzHDRwA_0535_0550/3__exp3/3,groundmore,test,YshzJzHDRwA_0535_0550,3__exp3,3,sequential,Who misses the shot before the man in the pink shorts retrieves the ball?,1,mean_pool,ensemble,0,0,,,0,0.0,0.0,0.0
groundmore/YshzJzHDRwA_0535_0550/3__exp3/3,groundmore,test,YshzJzHDRwA_0535_0550,3__exp3,3,sequential,Who misses the shot before the man in the pink shorts retrieves the ball?,1,opg_no_monotonic,ensemble,0,0,,,0,0.0,0.0,0.0
groundmore/YshzJzHDRwA_0535_0550/3__exp3/3,groundmore,test,YshzJzHDRwA_0535_0550,3__exp3,3,sequential,Who misses the shot before the man in the pink shorts retrieves the ball?,1,opg_no_order_loss,ensemble,0,0,,,0,0.0,0.0,0.0
groundmore/YshzJzHDRwA_0535_0550/3__exp3/3,groundmore,test,YshzJzHDRwA_0535_0550,3__exp3,3,sequential,Who misses the shot before the man in the pink shorts retrieves the ball?,1,opg_full,ensemble,0,0,,,0,0.0,0.0,0.0
groundmore/YshzJzHDRwA_0535_0550/4__exp4/4,groundmore,test,YshzJzHDRwA_0535_0550,4__exp4,4,sequential,What does the man in the grey shirt miss his shot at before the man in the pink shorts retrieves the ball?,1,mean_pool,ensemble,0,0,,,0,0.0,0.0,0.0
groundmore/YshzJzHDRwA_0535_0550/4__exp4/4,groundmore,test,YshzJzHDRwA_0535_0550,4__exp4,4,sequential,What does the man in the grey shirt miss his shot at before the man in the pink shorts retrieves the ball?,1,opg_no_monotonic,ensemble,0,0,,,0,0.0,0.0,0.0
groundmore/YshzJzHDRwA_0535_0550/4__exp4/4,groundmore,test,YshzJzHDRwA_0535_0550,4__exp4,4,sequential,What does the man in the grey shirt miss his shot at before the man in the pink shorts retrieves the ball?,1,opg_no_order_loss,ensemble,0,0,,,0,0.0,0.0,0.0
groundmore/YshzJzHDRwA_0535_0550/4__exp4/4,groundmore,test,YshzJzHDRwA_0535_0550,4__exp4,4,sequential,What does the man in the grey shirt miss his shot at before the man in the pink shorts retrieves the ball?,1,opg_full,ensemble,0,0,,,0,0.0,0.0,0.0
groundmore/Yy9Uf5fENHI_0151_0205/1__exp1/1,groundmore,test,Yy9Uf5fENHI_0151_0205,1__exp1,1,sequential,Who jumps up on the man after recognizing him?,1,mean_pool,ensemble,0,0,,,0,0.0,0.0,0.0
groundmore/Yy9Uf5fENHI_0151_0205/1__exp1/1,groundmore,test,Yy9Uf5fENHI_0151_0205,1__exp1,1,sequential,Who jumps up on the man after recognizing him?,1,opg_no_monotonic,ensemble,0,0,,,0,0.0,0.0,0.0
groundmore/Yy9Uf5fENHI_0151_0205/1__exp1/1,groundmore,test,Yy9Uf5fENHI_0151_0205,1__exp1,1,sequential,Who jumps up on the man after recognizing him?,1,opg_no_order_loss,ensemble,0,0,,,0,0.0,0.0,0.0
groundmore/Yy9Uf5fENHI_0151_0205/1__exp1/1,groundmore,test,Yy9Uf5fENHI_0151_0205,1__exp1,1,sequential,Who jumps up on the man after recognizing him?,1,opg_full,ensemble,0,0,,,0,0.0,0.0,0.0
groundmore/Yy9Uf5fENHI_0151_0205/2__exp2/2,groundmore,test,Yy9Uf5fENHI_0151_0205,2__exp2,2,sequential,On whom does the dog jump up after recognizing?,1,mean_pool,ensemble,0,0,,,0,0.0,0.0,0.0
groundmore/Yy9Uf5fENHI_0151_0205/2__exp2/2,groundmore,test,Yy9Uf5fENHI_0151_0205,2__exp2,2,sequential,On whom does the dog jump up after recognizing?,1,opg_no_monotonic,ensemble,0,0,,,0,0.0,0.0,0.0
groundmore/Yy9Uf5fENHI_0151_0205/2__exp2/2,groundmore,test,Yy9Uf5fENHI_0151_0205,2__exp2,2,sequential,On whom does the dog jump up after recognizing?,1,opg_no_order_loss,ensemble,0,0,,,0,0.0,0.0,0.0
groundmore/Yy9Uf5fENHI_0151_0205/2__exp2/2,groundmore,test,Yy9Uf5fENHI_0151_0205,2__exp2,2,sequential,On whom does the dog jump up after recognizing?,1,opg_full,ensemble,0,0,,,0,0.0,0.0,0.0
groundmore/Yy9Uf5fENHI_0335_0339/1__exp1/1,groundmore,test,Yy9Uf5fENHI_0335_0339,1__exp1,1,sequential,Who walks towards the boy after the boy opens his arms?,1,mean_pool,ensemble,0,1,0,0,0,0.10005090013162148,0.13593827231925823,0.11799458622543985
groundmore/Yy9Uf5fENHI_0335_0339/1__exp1/1,groundmore,test,Yy9Uf5fENHI_0335_0339,1__exp1,1,sequential,Who walks towards the boy after the boy opens his arms?,1,mean_pool,11,0,1,0,0,0,0.10005090013162148,0.13593827231925823,0.11799458622543985
groundmore/Yy9Uf5fENHI_0335_0339/1__exp1/1,groundmore,test,Yy9Uf5fENHI_0335_0339,1__exp1,1,sequential,Who walks towards the boy after the boy opens his arms?,1,mean_pool,23,0,1,0,0,0,0.10005090013162148,0.13593827231925823,0.11799458622543985
groundmore/Yy9Uf5fENHI_0335_0339/1__exp1/1,groundmore,test,Yy9Uf5fENHI_0335_0339,1__exp1,1,sequential,Who walks towards the boy after the boy opens his arms?,1,mean_pool,42,0,1,0,0,0,0.10005090013162148,0.13593827231925823,0.11799458622543985
groundmore/Yy9Uf5fENHI_0335_0339/1__exp1/1,groundmore,test,Yy9Uf5fENHI_0335_0339,1__exp1,1,sequential,Who walks towards the boy after the boy opens his arms?,1,opg_no_monotonic,ensemble,0,1,0,0,0,0.10005090013162148,0.13593827231925823,0.11799458622543985
groundmore/Yy9Uf5fENHI_0335_0339/1__exp1/1,groundmore,test,Yy9Uf5fENHI_0335_0339,1__exp1,1,sequential,Who walks towards the boy after the boy opens his arms?,1,opg_no_monotonic,11,0,1,0,0,0,0.10005090013162148,0.13593827231925823,0.11799458622543985
groundmore/Yy9Uf5fENHI_0335_0339/1__exp1/1,groundmore,test,Yy9Uf5fENHI_0335_0339,1__exp1,1,sequential,Who walks towards the boy after the boy opens his arms?,1,opg_no_monotonic,23,0,1,0,0,0,0.10005090013162148,0.13593827231925823,0.11799458622543985
groundmore/Yy9Uf5fENHI_0335_0339/1__exp1/1,groundmore,test,Yy9Uf5fENHI_0335_0339,1__exp1,1,sequential,Who walks towards the boy after the boy opens his arms?,1,opg_no_monotonic,42,0,1,0,0,0,0.10005090013162148,0.13593827231925823,0.11799458622543985
groundmore/Yy9Uf5fENHI_0335_0339/1__exp1/1,groundmore,test,Yy9Uf5fENHI_0335_0339,1__exp1,1,sequential,Who walks towards the boy after the boy opens his arms?,1,opg_no_order_loss,ensemble,0,1,0,0,0,0.10005090013162148,0.13593827231925823,0.11799458622543985
groundmore/Yy9Uf5fENHI_0335_0339/1__exp1/1,groundmore,test,Yy9Uf5fENHI_0335_0339,1__exp1,1,sequential,Who walks towards the boy after the boy opens his arms?,1,opg_no_order_loss,11,0,1,0,0,0,0.10005090013162148,0.13593827231925823,0.11799458622543985
groundmore/Yy9Uf5fENHI_0335_0339/1__exp1/1,groundmore,test,Yy9Uf5fENHI_0335_0339,1__exp1,1,sequential,Who walks towards the boy after the boy opens his arms?,1,opg_no_order_loss,23,0,1,0,0,0,0.10005090013162148,0.13593827231925823,0.11799458622543985
groundmore/Yy9Uf5fENHI_0335_0339/1__exp1/1,groundmore,test,Yy9Uf5fENHI_0335_0339,1__exp1,1,sequential,Who walks towards the boy after the boy opens his arms?,1,opg_no_order_loss,42,0,1,0,0,0,0.10005090013162148,0.13593827231925823,0.11799458622543985
groundmore/Yy9Uf5fENHI_0335_0339/1__exp1/1,groundmore,test,Yy9Uf5fENHI_0335_0339,1__exp1,1,sequential,Who walks towards the boy after the boy opens his arms?,1,opg_full,ensemble,0,1,0,0,0,0.10005090013162148,0.13593827231925823,0.11799458622543985
groundmore/Yy9Uf5fENHI_0335_0339/1__exp1/1,groundmore,test,Yy9Uf5fENHI_0335_0339,1__exp1,1,sequential,Who walks towards the boy after the boy opens his arms?,1,opg_full,11,0,1,0,0,0,0.10005090013162148,0.13593827231925823,0.11799458622543985
groundmore/Yy9Uf5fENHI_0335_0339/1__exp1/1,groundmore,test,Yy9Uf5fENHI_0335_0339,1__exp1,1,sequential,Who walks towards the boy after the boy opens his arms?,1,opg_full,23,0,1,0,0,0,0.10005090013162148,0.13593827231925823,0.11799458622543985
groundmore/Yy9Uf5fENHI_0335_0339/1__exp1/1,groundmore,test,Yy9Uf5fENHI_0335_0339,1__exp1,1,sequential,Who walks towards the boy after the boy opens his arms?,1,opg_full,42,0,1,0,0,0,0.10005090013162148,0.13593827231925823,0.11799458622543985
groundmore/Yy9Uf5fENHI_0335_0339/2__exp2/2,groundmore,test,Yy9Uf5fENHI_0335_0339,2__exp2,2,sequential,Who does the chicken walk towards after the boy opens his arms?,1,mean_pool,ensemble,1,1,0,0,1,0.5363780192693053,0.5494729615040079,0.5429254903866566
groundmore/Yy9Uf5fENHI_0335_0339/2__exp2/2,groundmore,test,Yy9Uf5fENHI_0335_0339,2__exp2,2,sequential,Who does the chicken walk towards after the boy opens his arms?,1,mean_pool,11,1,1,0,0,1,0.5363780192693053,0.5494729615040079,0.5429254903866566
groundmore/Yy9Uf5fENHI_0335_0339/2__exp2/2,groundmore,test,Yy9Uf5fENHI_0335_0339,2__exp2,2,sequential,Who does the chicken walk towards after the boy opens his arms?,1,mean_pool,23,1,1,0,0,1,0.5363780192693053,0.5494729615040079,0.5429254903866566
groundmore/Yy9Uf5fENHI_0335_0339/2__exp2/2,groundmore,test,Yy9Uf5fENHI_0335_0339,2__exp2,2,sequential,Who does the chicken walk towards after the boy opens his arms?,1,mean_pool,42,1,1,0,0,1,0.5363780192693053,0.5494729615040079,0.5429254903866566
groundmore/Yy9Uf5fENHI_0335_0339/2__exp2/2,groundmore,test,Yy9Uf5fENHI_0335_0339,2__exp2,2,sequential,Who does the chicken walk towards after the boy opens his arms?,1,opg_no_monotonic,ensemble,1,1,0,0,1,0.5363780192693053,0.5494729615040079,0.5429254903866566
groundmore/Yy9Uf5fENHI_0335_0339/2__exp2/2,groundmore,test,Yy9Uf5fENHI_0335_0339,2__exp2,2,sequential,Who does the chicken walk towards after the boy opens his arms?,1,opg_no_monotonic,11,1,1,0,0,1,0.5363780192693053,0.5494729615040079,0.5429254903866566
groundmore/Yy9Uf5fENHI_0335_0339/2__exp2/2,groundmore,test,Yy9Uf5fENHI_0335_0339,2__exp2,2,sequential,Who does the chicken walk towards after the boy opens his arms?,1,opg_no_monotonic,23,1,1,0,0,1,0.5363780192693053,0.5494729615040079,0.5429254903866566
groundmore/Yy9Uf5fENHI_0335_0339/2__exp2/2,groundmore,test,Yy9Uf5fENHI_0335_0339,2__exp2,2,sequential,Who does the chicken walk towards after the boy opens his arms?,1,opg_no_monotonic,42,1,1,0,0,1,0.5363780192693053,0.5494729615040079,0.5429254903866566
groundmore/Yy9Uf5fENHI_0335_0339/2__exp2/2,groundmore,test,Yy9Uf5fENHI_0335_0339,2__exp2,2,sequential,Who does the chicken walk towards after the boy opens his arms?,1,opg_no_order_loss,ensemble,1,1,0,0,1,0.5363780192693053,0.5494729615040079,0.5429254903866566
groundmore/Yy9Uf5fENHI_0335_0339/2__exp2/2,groundmore,test,Yy9Uf5fENHI_0335_0339,2__exp2,2,sequential,Who does the chicken walk towards after the boy opens his arms?,1,opg_no_order_loss,11,1,1,0,0,1,0.5363780192693053,0.5494729615040079,0.5429254903866566
groundmore/Yy9Uf5fENHI_0335_0339/2__exp2/2,groundmore,test,Yy9Uf5fENHI_0335_0339,2__exp2,2,sequential,Who does the chicken walk towards after the boy opens his arms?,1,opg_no_order_loss,23,1,1,0,0,1,0.5363780192693053,0.5494729615040079,0.5429254903866566
groundmore/Yy9Uf5fENHI_0335_0339/2__exp2/2,groundmore,test,Yy9Uf5fENHI_0335_0339,2__exp2,2,sequential,Who does the chicken walk towards after the boy opens his arms?,1,opg_no_order_loss,42,1,1,0,0,1,0.5363780192693053,0.5494729615040079,0.5429254903866566
groundmore/Yy9Uf5fENHI_0335_0339/2__exp2/2,groundmore,test,Yy9Uf5fENHI_0335_0339,2__exp2,2,sequential,Who does the chicken walk towards after the boy opens his arms?,1,opg_full,ensemble,1,1,0,0,1,0.5363780192693053,0.5494729615040079,0.5429254903866566
groundmore/Yy9Uf5fENHI_0335_0339/2__exp2/2,groundmore,test,Yy9Uf5fENHI_0335_0339,2__exp2,2,sequential,Who does the chicken walk towards after the boy opens his arms?,1,opg_full,11,1,1,0,0,1,0.5363780192693053,0.5494729615040079,0.5429254903866566
groundmore/Yy9Uf5fENHI_0335_0339/2__exp2/2,groundmore,test,Yy9Uf5fENHI_0335_0339,2__exp2,2,sequential,Who does the chicken walk towards after the boy opens his arms?,1,opg_full,23,1,1,0,0,1,0.5363780192693053,0.5494729615040079,0.5429254903866566
groundmore/Yy9Uf5fENHI_0335_0339/2__exp2/2,groundmore,test,Yy9Uf5fENHI_0335_0339,2__exp2,2,sequential,Who does the chicken walk towards after the boy opens his arms?,1,opg_full,42,1,1,0,0,1,0.5363780192693053,0.5494729615040079,0.5429254903866566
groundmore/ZMel6h2jywk_0015_0028/1__exp3/3,groundmore,test,ZMel6h2jywk_0015_0028,1__exp3,3,sequential,Who pushes the cat into the bathtub?,0,mean_pool,ensemble,1,3,2,2,1,0.7,0.7,0.7
groundmore/ZMel6h2jywk_0015_0028/1__exp3/3,groundmore,test,ZMel6h2jywk_0015_0028,1__exp3,3,sequential,Who pushes the cat into the bathtub?,0,mean_pool,11,1,3,2,2,1,0.7,0.7,0.7
groundmore/ZMel6h2jywk_0015_0028/1__exp3/3,groundmore,test,ZMel6h2jywk_0015_0028,1__exp3,3,sequential,Who pushes the cat into the bathtub?,0,mean_pool,23,1,3,2,2,1,0.7,0.7,0.7
groundmore/ZMel6h2jywk_0015_0028/1__exp3/3,groundmore,test,ZMel6h2jywk_0015_0028,1__exp3,3,sequential,Who pushes the cat into the bathtub?,0,mean_pool,42,1,3,2,2,1,0.7,0.7,0.7
groundmore/ZMel6h2jywk_0015_0028/1__exp3/3,groundmore,test,ZMel6h2jywk_0015_0028,1__exp3,3,sequential,Who pushes the cat into the bathtub?,0,opg_no_monotonic,ensemble,1,3,2,2,1,0.7,0.7,0.7
groundmore/ZMel6h2jywk_0015_0028/1__exp3/3,groundmore,test,ZMel6h2jywk_0015_0028,1__exp3,3,sequential,Who pushes the cat into the bathtub?,0,opg_no_monotonic,11,1,3,2,2,1,0.7,0.7,0.7
groundmore/ZMel6h2jywk_0015_0028/1__exp3/3,groundmore,test,ZMel6h2jywk_0015_0028,1__exp3,3,sequential,Who pushes the cat into the bathtub?,0,opg_no_monotonic,23,1,3,2,2,1,0.7,0.7,0.7
groundmore/ZMel6h2jywk_0015_0028/1__exp3/3,groundmore,test,ZMel6h2jywk_0015_0028,1__exp3,3,sequential,Who pushes the cat into the bathtub?,0,opg_no_monotonic,42,1,3,2,2,1,0.7,0.7,0.7
groundmore/ZMel6h2jywk_0015_0028/1__exp3/3,groundmore,test,ZMel6h2jywk_0015_0028,1__exp3,3,sequential,Who pushes the cat into the bathtub?,0,opg_no_order_loss,ensemble,1,3,2,2,1,0.7,0.7,0.7
groundmore/ZMel6h2jywk_0015_0028/1__exp3/3,groundmore,test,ZMel6h2jywk_0015_0028,1__exp3,3,sequential,Who pushes the cat into the bathtub?,0,opg_no_order_loss,11,1,3,2,2,1,0.7,0.7,0.7
groundmore/ZMel6h2jywk_0015_0028/1__exp3/3,groundmore,test,ZMel6h2jywk_0015_0028,1__exp3,3,sequential,Who pushes the cat into the bathtub?,0,opg_no_order_loss,23,1,3,2,2,1,0.7,0.7,0.7
groundmore/ZMel6h2jywk_0015_0028/1__exp3/3,groundmore,test,ZMel6h2jywk_0015_0028,1__exp3,3,sequential,Who pushes the cat into the bathtub?,0,opg_no_order_loss,42,1,3,2,2,1,0.7,0.7,0.7
groundmore/ZMel6h2jywk_0015_0028/1__exp3/3,groundmore,test,ZMel6h2jywk_0015_0028,1__exp3,3,sequential,Who pushes the cat into the bathtub?,0,opg_full,ensemble,1,3,2,2,1,0.7,0.7,0.7
groundmore/ZMel6h2jywk_0015_0028/1__exp3/3,groundmore,test,ZMel6h2jywk_0015_0028,1__exp3,3,sequential,Who pushes the cat into the bathtub?,0,opg_full,11,1,3,2,2,1,0.7,0.7,0.7
groundmore/ZMel6h2jywk_0015_0028/1__exp3/3,groundmore,test,ZMel6h2jywk_0015_0028,1__exp3,3,sequential,Who pushes the cat into the bathtub?,0,opg_full,23,1,3,2,2,1,0.7,0.7,0.7
groundmore/ZMel6h2jywk_0015_0028/1__exp3/3,groundmore,test,ZMel6h2jywk_0015_0028,1__exp3,3,sequential,Who pushes the cat into the bathtub?,0,opg_full,42,1,3,2,2,1,0.7,0.7,0.7
groundmore/ZMel6h2jywk_0015_0028/2__exp1/1,groundmore,test,ZMel6h2jywk_0015_0028,2__exp1,1,sequential,Who jumps out of the bathtub after being pushed into it?,1,mean_pool,ensemble,1,1,0,0,1,0.3416716532919441,0.34136102549450603,0.34151633939322507
groundmore/ZMel6h2jywk_0015_0028/2__exp1/1,groundmore,test,ZMel6h2jywk_0015_0028,2__exp1,1,sequential,Who jumps out of the bathtub after being pushed into it?,1,mean_pool,11,1,1,0,0,1,0.3416716532919441,0.34136102549450603,0.34151633939322507
groundmore/ZMel6h2jywk_0015_0028/2__exp1/1,groundmore,test,ZMel6h2jywk_0015_0028,2__exp1,1,sequential,Who jumps out of the bathtub after being pushed into it?,1,mean_pool,23,1,1,0,0,1,0.3416716532919441,0.34136102549450603,0.34151633939322507
groundmore/ZMel6h2jywk_0015_0028/2__exp1/1,groundmore,test,ZMel6h2jywk_0015_0028,2__exp1,1,sequential,Who jumps out of the bathtub after being pushed into it?,1,mean_pool,42,1,1,0,0,1,0.3416716532919441,0.34136102549450603,0.34151633939322507
groundmore/ZMel6h2jywk_0015_0028/2__exp1/1,groundmore,test,ZMel6h2jywk_0015_0028,2__exp1,1,sequential,Who jumps out of the bathtub after being pushed into it?,1,opg_no_monotonic,ensemble,1,1,0,0,1,0.3416716532919441,0.34136102549450603,0.34151633939322507
groundmore/ZMel6h2jywk_0015_0028/2__exp1/1,groundmore,test,ZMel6h2jywk_0015_0028,2__exp1,1,sequential,Who jumps out of the bathtub after being pushed into it?,1,opg_no_monotonic,11,1,1,0,0,1,0.3416716532919441,0.34136102549450603,0.34151633939322507
groundmore/ZMel6h2jywk_0015_0028/2__exp1/1,groundmore,test,ZMel6h2jywk_0015_0028,2__exp1,1,sequential,Who jumps out of the bathtub after being pushed into it?,1,opg_no_monotonic,23,1,1,0,0,1,0.3416716532919441,0.34136102549450603,0.34151633939322507
groundmore/ZMel6h2jywk_0015_0028/2__exp1/1,groundmore,test,ZMel6h2jywk_0015_0028,2__exp1,1,sequential,Who jumps out of the bathtub after being pushed into it?,1,opg_no_monotonic,42,1,1,0,0,1,0.3416716532919441,0.34136102549450603,0.34151633939322507
groundmore/ZMel6h2jywk_0015_0028/2__exp1/1,groundmore,test,ZMel6h2jywk_0015_0028,2__exp1,1,sequential,Who jumps out of the bathtub after being pushed into it?,1,opg_no_order_loss,ensemble,1,1,0,0,1,0.3416716532919441,0.34136102549450603,0.34151633939322507
groundmore/ZMel6h2jywk_0015_0028/2__exp1/1,groundmore,test,ZMel6h2jywk_0015_0028,2__exp1,1,sequential,Who jumps out of the bathtub after being pushed into it?,1,opg_no_order_loss,11,1,1,0,0,1,0.3416716532919441,0.34136102549450603,0.34151633939322507
groundmore/ZMel6h2jywk_0015_0028/2__exp1/1,groundmore,test,ZMel6h2jywk_0015_0028,2__exp1,1,sequential,Who jumps out of the bathtub after being pushed into it?,1,opg_no_order_loss,23,1,1,0,0,1,0.3416716532919441,0.34136102549450603,0.34151633939322507
groundmore/ZMel6h2jywk_0015_0028/2__exp1/1,groundmore,test,ZMel6h2jywk_0015_0028,2__exp1,1,sequential,Who jumps out of the bathtub after being pushed into it?,1,opg_no_order_loss,42,1,1,0,0,1,0.3416716532919441,0.34136102549450603,0.34151633939322507
groundmore/ZMel6h2jywk_0015_0028/2__exp1/1,groundmore,test,ZMel6h2jywk_0015_0028,2__exp1,1,sequential,Who jumps out of the bathtub after being pushed into it?,1,opg_full,ensemble,1,1,0,0,1,0.3416716532919441,0.34136102549450603,0.34151633939322507
groundmore/ZMel6h2jywk_0015_0028/2__exp1/1,groundmore,test,ZMel6h2jywk_0015_0028,2__exp1,1,sequential,Who jumps out of the bathtub after being pushed into it?,1,opg_full,11,1,1,0,0,1,0.3416716532919441,0.34136102549450603,0.34151633939322507
groundmore/ZMel6h2jywk_0015_0028/2__exp1/1,groundmore,test,ZMel6h2jywk_0015_0028,2__exp1,1,sequential,Who jumps out of the bathtub after being pushed into it?,1,opg_full,23,1,1,0,0,1,0.3416716532919441,0.34136102549450603,0.34151633939322507
groundmore/ZMel6h2jywk_0015_0028/2__exp1/1,groundmore,test,ZMel6h2jywk_0015_0028,2__exp1,1,sequential,Who jumps out of the bathtub after being pushed into it?,1,opg_full,42,1,1,0,0,1,0.3416716532919441,0.34136102549450603,0.34151633939322507
groundmore/ZMel6h2jywk_0015_0028/3__exp2/2,groundmore,test,ZMel6h2jywk_0015_0028,3__exp2,2,sequential,What does the cat jump out of after being pushed into it?,1,mean_pool,ensemble,0,0,,,0,0.0,0.0,0.0
groundmore/ZMel6h2jywk_0015_0028/3__exp2/2,groundmore,test,ZMel6h2jywk_0015_0028,3__exp2,2,sequential,What does the cat jump out of after being pushed into it?,1,opg_no_monotonic,ensemble,0,0,,,0,0.0,0.0,0.0
groundmore/ZMel6h2jywk_0015_0028/3__exp2/2,groundmore,test,ZMel6h2jywk_0015_0028,3__exp2,2,sequential,What does the cat jump out of after being pushed into it?,1,opg_no_order_loss,ensemble,0,0,,,0,0.0,0.0,0.0
groundmore/ZMel6h2jywk_0015_0028/3__exp2/2,groundmore,test,ZMel6h2jywk_0015_0028,3__exp2,2,sequential,What does the cat jump out of after being pushed into it?,1,opg_full,ensemble,0,0,,,0,0.0,0.0,0.0
groundmore/ZMel6h2jywk_0226_0236/1__exp1/1,groundmore,test,ZMel6h2jywk_0226_0236,1__exp1,1,sequential,Who pushes the cups over resulting in them falling on the ground?,0,mean_pool,ensemble,0,0,,,0,0.0,0.0,0.0
groundmore/ZMel6h2jywk_0226_0236/1__exp1/1,groundmore,test,ZMel6h2jywk_0226_0236,1__exp1,1,sequential,Who pushes the cups over resulting in them falling on the ground?,0,opg_no_monotonic,ensemble,0,0,,,0,0.0,0.0,0.0
groundmore/ZMel6h2jywk_0226_0236/1__exp1/1,groundmore,test,ZMel6h2jywk_0226_0236,1__exp1,1,sequential,Who pushes the cups over resulting in them falling on the ground?,0,opg_no_order_loss,ensemble,0,0,,,0,0.0,0.0,0.0
groundmore/ZMel6h2jywk_0226_0236/1__exp1/1,groundmore,test,ZMel6h2jywk_0226_0236,1__exp1,1,sequential,Who pushes the cups over resulting in them falling on the ground?,0,opg_full,ensemble,0,0,,,0,0.0,0.0,0.0
groundmore/ZMel6h2jywk_0226_0236/2__exp2/2,groundmore,test,ZMel6h2jywk_0226_0236,2__exp2,2,sequential,What does the bird push over that results in them falling on the ground?,0,mean_pool,ensemble,0,0,,,0,0.0,0.0,0.0
groundmore/ZMel6h2jywk_0226_0236/2__exp2/2,groundmore,test,ZMel6h2jywk_0226_0236,2__exp2,2,sequential,What does the bird push over that results in them falling on the ground?,0,opg_no_monotonic,ensemble,0,0,,,0,0.0,0.0,0.0
groundmore/ZMel6h2jywk_0226_0236/2__exp2/2,groundmore,test,ZMel6h2jywk_0226_0236,2__exp2,2,sequential,What does the bird push over that results in them falling on the ground?,0,opg_no_order_loss,ensemble,0,0,,,0,0.0,0.0,0.0
groundmore/ZMel6h2jywk_0226_0236/2__exp2/2,groundmore,test,ZMel6h2jywk_0226_0236,2__exp2,2,sequential,What does the bird push over that results in them falling on the ground?,0,opg_full,ensemble,0,0,,,0,0.0,0.0,0.0
groundmore/ZMel6h2jywk_0340_0353/1__exp1/1,groundmore,test,ZMel6h2jywk_0340_0353,1__exp1,1,sequential,Who attacks the man after the man approaches the goose?,1,mean_pool,ensemble,1,2,1,0,0,0.6,0.6,0.6
groundmore/ZMel6h2jywk_0340_0353/1__exp1/1,groundmore,test,ZMel6h2jywk_0340_0353,1__exp1,1,sequential,Who attacks the man after the man approaches the goose?,1,mean_pool,11,1,2,1,0,0,0.6,0.6,0.6
groundmore/ZMel6h2jywk_0340_0353/1__exp1/1,groundmore,test,ZMel6h2jywk_0340_0353,1__exp1,1,sequential,Who attacks the man after the man approaches the goose?,1,mean_pool,23,1,2,1,0,0,0.6,0.6,0.6
groundmore/ZMel6h2jywk_0340_0353/1__exp1/1,groundmore,test,ZMel6h2jywk_0340_0353,1__exp1,1,sequential,Who attacks the man after the man approaches the goose?,1,mean_pool,42,1,2,1,0,0,0.6,0.6,0.6
groundmore/ZMel6h2jywk_0340_0353/1__exp1/1,groundmore,test,ZMel6h2jywk_0340_0353,1__exp1,1,sequential,Who attacks the man after the man approaches the goose?,1,opg_no_monotonic,ensemble,1,2,1,0,0,0.6,0.6,0.6
groundmore/ZMel6h2jywk_0340_0353/1__exp1/1,groundmore,test,ZMel6h2jywk_0340_0353,1__exp1,1,sequential,Who attacks the man after the man approaches the goose?,1,opg_no_monotonic,11,1,2,1,0,0,0.6,0.6,0.6
groundmore/ZMel6h2jywk_0340_0353/1__exp1/1,groundmore,test,ZMel6h2jywk_0340_0353,1__exp1,1,sequential,Who attacks the man after the man approaches the goose?,1,opg_no_monotonic,23,1,2,1,0,0,0.6,0.6,0.6
groundmore/ZMel6h2jywk_0340_0353/1__exp1/1,groundmore,test,ZMel6h2jywk_0340_0353,1__exp1,1,sequential,Who attacks the man after the man approaches the goose?,1,opg_no_monotonic,42,1,2,1,0,0,0.6,0.6,0.6
groundmore/ZMel6h2jywk_0340_0353/1__exp1/1,groundmore,test,ZMel6h2jywk_0340_0353,1__exp1,1,sequential,Who attacks the man after the man approaches the goose?,1,opg_no_order_loss,ensemble,1,2,1,0,0,0.6,0.6,0.6
groundmore/ZMel6h2jywk_0340_0353/1__exp1/1,groundmore,test,ZMel6h2jywk_0340_0353,1__exp1,1,sequential,Who attacks the man after the man approaches the goose?,1,opg_no_order_loss,11,1,2,1,0,0,0.6,0.6,0.6
groundmore/ZMel6h2jywk_0340_0353/1__exp1/1,groundmore,test,ZMel6h2jywk_0340_0353,1__exp1,1,sequential,Who attacks the man after the man approaches the goose?,1,opg_no_order_loss,23,1,2,1,0,0,0.6,0.6,0.6
groundmore/ZMel6h2jywk_0340_0353/1__exp1/1,groundmore,test,ZMel6h2jywk_0340_0353,1__exp1,1,sequential,Who attacks the man after the man approaches the goose?,1,opg_no_order_loss,42,1,2,1,0,0,0.6,0.6,0.6
groundmore/ZMel6h2jywk_0340_0353/1__exp1/1,groundmore,test,ZMel6h2jywk_0340_0353,1__exp1,1,sequential,Who attacks the man after the man approaches the goose?,1,opg_full,ensemble,1,2,1,0,0,0.6,0.6,0.6
groundmore/ZMel6h2jywk_0340_0353/1__exp1/1,groundmore,test,ZMel6h2jywk_0340_0353,1__exp1,1,sequential,Who attacks the man after the man approaches the goose?,1,opg_full,11,1,2,1,0,0,0.6,0.6,0.6
groundmore/ZMel6h2jywk_0340_0353/1__exp1/1,groundmore,test,ZMel6h2jywk_0340_0353,1__exp1,1,sequential,Who attacks the man after the man approaches the goose?,1,opg_full,23,1,2,1,0,0,0.6,0.6,0.6
groundmore/ZMel6h2jywk_0340_0353/1__exp1/1,groundmore,test,ZMel6h2jywk_0340_0353,1__exp1,1,sequential,Who attacks the man after the man approaches the goose?,1,opg_full,42,1,2,1,0,0,0.6,0.6,0.6
groundmore/ZMel6h2jywk_0340_0353/1__exp12/12,groundmore,test,ZMel6h2jywk_0340_0353,1__exp12,12,sequential,Who attacks the man causing him to run towards the door?,0,mean_pool,ensemble,0,0,,,0,0.0,0.0,0.0
groundmore/ZMel6h2jywk_0340_0353/1__exp12/12,groundmore,test,ZMel6h2jywk_0340_0353,1__exp12,12,sequential,Who attacks the man causing him to run towards the door?,0,opg_no_monotonic,ensemble,0,0,,,0,0.0,0.0,0.0
groundmore/ZMel6h2jywk_0340_0353/1__exp12/12,groundmore,test,ZMel6h2jywk_0340_0353,1__exp12,12,sequential,Who attacks the man causing him to run towards the door?,0,opg_no_order_loss,ensemble,0,0,,,0,0.0,0.0,0.0
groundmore/ZMel6h2jywk_0340_0353/1__exp12/12,groundmore,test,ZMel6h2jywk_0340_0353,1__exp12,12,sequential,Who attacks the man causing him to run towards the door?,0,opg_full,ensemble,0,0,,,0,0.0,0.0,0.0
groundmore/ZMel6h2jywk_0340_0353/1__exp8/8,groundmore,test,ZMel6h2jywk_0340_0353,1__exp8,8,sequential,From whom does the man run away after being attacked?,1,mean_pool,ensemble,0,0,,,0,0.0,0.0,0.0
groundmore/ZMel6h2jywk_0340_0353/1__exp8/8,groundmore,test,ZMel6h2jywk_0340_0353,1__exp8,8,sequential,From whom does the man run away after being attacked?,1,opg_no_monotonic,ensemble,0,0,,,0,0.0,0.0,0.0
groundmore/ZMel6h2jywk_0340_0353/1__exp8/8,groundmore,test,ZMel6h2jywk_0340_0353,1__exp8,8,sequential,From whom does the man run away after being attacked?,1,opg_no_order_loss,ensemble,0,0,,,0,0.0,0.0,0.0
groundmore/ZMel6h2jywk_0340_0353/1__exp8/8,groundmore,test,ZMel6h2jywk_0340_0353,1__exp8,8,sequential,From whom does the man run away after being attacked?,1,opg_full,ensemble,0,0,,,0,0.0,0.0,0.0
groundmore/ZMel6h2jywk_0340_0353/2__exp11/11,groundmore,test,ZMel6h2jywk_0340_0353,2__exp11,11,sequential,Who runs towards the door after being attacked by the goose?,1,mean_pool,ensemble,0,0,,,0,0.0,0.0,0.0
groundmore/ZMel6h2jywk_0340_0353/2__exp11/11,groundmore,test,ZMel6h2jywk_0340_0353,2__exp11,11,sequential,Who runs towards the door after being attacked by the goose?,1,opg_no_monotonic,ensemble,0,0,,,0,0.0,0.0,0.0
groundmore/ZMel6h2jywk_0340_0353/2__exp11/11,groundmore,test,ZMel6h2jywk_0340_0353,2__exp11,11,sequential,Who runs towards the door after being attacked by the goose?,1,opg_no_order_loss,ensemble,0,0,,,0,0.0,0.0,0.0
groundmore/ZMel6h2jywk_0340_0353/2__exp11/11,groundmore,test,ZMel6h2jywk_0340_0353,2__exp11,11,sequential,Who runs towards the door after being attacked by the goose?,1,opg_full,ensemble,0,0,,,0,0.0,0.0,0.0
groundmore/ZMel6h2jywk_0340_0353/2__exp2/2,groundmore,test,ZMel6h2jywk_0340_0353,2__exp2,2,sequential,Who does the goose attack after he approaches the goose?,1,mean_pool,ensemble,0,0,,,0,0.0,0.0,0.0
groundmore/ZMel6h2jywk_0340_0353/2__exp2/2,groundmore,test,ZMel6h2jywk_0340_0353,2__exp2,2,sequential,Who does the goose attack after he approaches the goose?,1,opg_no_monotonic,ensemble,0,0,,,0,0.0,0.0,0.0
groundmore/ZMel6h2jywk_0340_0353/2__exp2/2,groundmore,test,ZMel6h2jywk_0340_0353,2__exp2,2,sequential,Who does the goose attack after he approaches the goose?,1,opg_no_order_loss,ensemble,0,0,,,0,0.0,0.0,0.0
groundmore/ZMel6h2jywk_0340_0353/2__exp2/2,groundmore,test,ZMel6h2jywk_0340_0353,2__exp2,2,sequential,Who does the goose attack after he approaches the goose?,1,opg_full,ensemble,0,0,,,0,0.0,0.0,0.0
groundmore/ZMel6h2jywk_0340_0353/2__exp7/7,groundmore,test,ZMel6h2jywk_0340_0353,2__exp7,7,sequential,Who runs away from the goose after being attacked by it?,1,mean_pool,ensemble,0,0,,,0,0.0,0.0,0.0
groundmore/ZMel6h2jywk_0340_0353/2__exp7/7,groundmore,test,ZMel6h2jywk_0340_0353,2__exp7,7,sequential,Who runs away from the goose after being attacked by it?,1,opg_no_monotonic,ensemble,0,0,,,0,0.0,0.0,0.0
groundmore/ZMel6h2jywk_0340_0353/2__exp7/7,groundmore,test,ZMel6h2jywk_0340_0353,2__exp7,7,sequential,Who runs away from the goose after being attacked by it?,1,opg_no_order_loss,ensemble,0,0,,,0,0.0,0.0,0.0
groundmore/ZMel6h2jywk_0340_0353/2__exp7/7,groundmore,test,ZMel6h2jywk_0340_0353,2__exp7,7,sequential,Who runs away from the goose after being attacked by it?,1,opg_full,ensemble,0,0,,,0,0.0,0.0,0.0
groundmore/ZMel6h2jywk_0354_0413/1__exp13/13,groundmore,test,ZMel6h2jywk_0354_0413,1__exp13,13,sequential,Who bites the man after the man touches the computer mouse?,1,mean_pool,ensemble,0,0,,,0,0.0,0.0,0.0
groundmore/ZMel6h2jywk_0354_0413/1__exp13/13,groundmore,test,ZMel6h2jywk_0354_0413,1__exp13,13,sequential,Who bites the man after the man touches the computer mouse?,1,opg_no_monotonic,ensemble,0,0,,,0,0.0,0.0,0.0
groundmore/ZMel6h2jywk_0354_0413/1__exp13/13,groundmore,test,ZMel6h2jywk_0354_0413,1__exp13,13,sequential,Who bites the man after the man touches the computer mouse?,1,opg_no_order_loss,ensemble,0,0,,,0,0.0,0.0,0.0
groundmore/ZMel6h2jywk_0354_0413/1__exp13/13,groundmore,test,ZMel6h2jywk_0354_0413,1__exp13,13,sequential,Who bites the man after the man touches the computer mouse?,1,opg_full,ensemble,0,0,,,0,0.0,0.0,0.0
groundmore/ZMel6h2jywk_0354_0413/1__exp4/4,groundmore,test,ZMel6h2jywk_0354_0413,1__exp4,4,sequential,Who stops the man from touching the computer mouse after the man moves towards the computer mouse?,1,mean_pool,ensemble,0,0,,,0,0.0,0.0,0.0
groundmore/ZMel6h2jywk_0354_0413/1__exp4/4,groundmore,test,ZMel6h2jywk_0354_0413,1__exp4,4,sequential,Who stops the man from touching the computer mouse after the man moves towards the computer mouse?,1,opg_no_monotonic,ensemble,0,0,,,0,0.0,0.0,0.0
groundmore/ZMel6h2jywk_0354_0413/1__exp4/4,groundmore,test,ZMel6h2jywk_0354_0413,1__exp4,4,sequential,Who stops the man from touching the computer mouse after the man moves towards the computer mouse?,1,opg_no_order_loss,ensemble,0,0,,,0,0.0,0.0,0.0
groundmore/ZMel6h2jywk_0354_0413/1__exp4/4,groundmore,test,ZMel6h2jywk_0354_0413,1__exp4,4,sequential,Who stops the man from touching the computer mouse after the man moves towards the computer mouse?,1,opg_full,ensemble,0,0,,,0,0.0,0.0,0.0
groundmore/ZMel6h2jywk_0354_0413/2__exp15/15,groundmore,test,ZMel6h2jywk_0354_0413,2__exp15,15,sequential,What is being touched by the man prior to the cat biting him?,0,mean_pool,ensemble,0,0,,,0,0.0,0.0,0.0
groundmore/ZMel6h2jywk_0354_0413/2__exp15/15,groundmore,test,ZMel6h2jywk_0354_0413,2__exp15,15,sequential,What is being touched by the man prior to the cat biting him?,0,opg_no_monotonic,ensemble,0,0,,,0,0.0,0.0,0.0
groundmore/ZMel6h2jywk_0354_0413/2__exp15/15,groundmore,test,ZMel6h2jywk_0354_0413,2__exp15,15,sequential,What is being touched by the man prior to the cat biting him?,0,opg_no_order_loss,ensemble,0,0,,,0,0.0,0.0,0.0
groundmore/ZMel6h2jywk_0354_0413/2__exp15/15,groundmore,test,ZMel6h2jywk_0354_0413,2__exp15,15,sequential,What is being touched by the man prior to the cat biting him?,0,opg_full,ensemble,0,0,,,0,0.0,0.0,0.0
groundmore/ZMel6h2jywk_0354_0413/2__exp5/5,groundmore,test,ZMel6h2jywk_0354_0413,2__exp5,5,sequential,What does the cat stop the man from touching after the man moves towards it?,1,mean_pool,ensemble,0,0,,,0,0.0,0.0,0.0
groundmore/ZMel6h2jywk_0354_0413/2__exp5/5,groundmore,test,ZMel6h2jywk_0354_0413,2__exp5,5,sequential,What does the cat stop the man from touching after the man moves towards it?,1,opg_no_monotonic,ensemble,0,0,,,0,0.0,0.0,0.0
groundmore/ZMel6h2jywk_0354_0413/2__exp5/5,groundmore,test,ZMel6h2jywk_0354_0413,2__exp5,5,sequential,What does the cat stop the man from touching after the man moves towards it?,1,opg_no_order_loss,ensemble,0,0,,,0,0.0,0.0,0.0
groundmore/ZMel6h2jywk_0354_0413/2__exp5/5,groundmore,test,ZMel6h2jywk_0354_0413,2__exp5,5,sequential,What does the cat stop the man from touching after the man moves towards it?,1,opg_full,ensemble,0,0,,,0,0.0,0.0,0.0
groundmore/ZMel6h2jywk_0354_0413/3__exp14/14,groundmore,test,ZMel6h2jywk_0354_0413,3__exp14,14,sequential,What does the cat bite after the man touches the computer mouse?,1,mean_pool,ensemble,0,0,,,0,0.0,0.0,0.0
groundmore/ZMel6h2jywk_0354_0413/3__exp14/14,groundmore,test,ZMel6h2jywk_0354_0413,3__exp14,14,sequential,What does the cat bite after the man touches the computer mouse?,1,opg_no_monotonic,ensemble,0,0,,,0,0.0,0.0,0.0
groundmore/ZMel6h2jywk_0354_0413/3__exp14/14,groundmore,test,ZMel6h2jywk_0354_0413,3__exp14,14,sequential,What does the cat bite after the man touches the computer mouse?,1,opg_no_order_loss,ensemble,0,0,,,0,0.0,0.0,0.0
groundmore/ZMel6h2jywk_0354_0413/3__exp14/14,groundmore,test,ZMel6h2jywk_0354_0413,3__exp14,14,sequential,What does the cat bite after the man touches the computer mouse?,1,opg_full,ensemble,0,0,,,0,0.0,0.0,0.0
groundmore/ZMel6h2jywk_0354_0413/3__exp6/6,groundmore,test,ZMel6h2jywk_0354_0413,3__exp6,6,sequential,Who does the cat stop from touching the computer mouse after this person moves towards the computer mouse?,1,mean_pool,ensemble,0,0,,,0,0.0,0.0,0.0
groundmore/ZMel6h2jywk_0354_0413/3__exp6/6,groundmore,test,ZMel6h2jywk_0354_0413,3__exp6,6,sequential,Who does the cat stop from touching the computer mouse after this person moves towards the computer mouse?,1,opg_no_monotonic,ensemble,0,0,,,0,0.0,0.0,0.0
groundmore/ZMel6h2jywk_0354_0413/3__exp6/6,groundmore,test,ZMel6h2jywk_0354_0413,3__exp6,6,sequential,Who does the cat stop from touching the computer mouse after this person moves towards the computer mouse?,1,opg_no_order_loss,ensemble,0,0,,,0,0.0,0.0,0.0
groundmore/ZMel6h2jywk_0354_0413/3__exp6/6,groundmore,test,ZMel6h2jywk_0354_0413,3__exp6,6,sequential,Who does the cat stop from touching the computer mouse after this person moves towards the computer mouse?,1,opg_full,ensemble,0,0,,,0,0.0,0.0,0.0
groundmore/ZMel6h2jywk_0427_0432/1__exp2/2,groundmore,test,ZMel6h2jywk_0427_0432,1__exp2,2,sequential,Who does the bird in the middle start to fight after the peanut falls?,1,mean_pool,ensemble,0,0,,,0,0.0,0.0,0.0
groundmore/ZMel6h2jywk_0427_0432/1__exp2/2,groundmore,test,ZMel6h2jywk_0427_0432,1__exp2,2,sequential,Who does the bird in the middle start to fight after the peanut falls?,1,opg_no_monotonic,ensemble,0,0,,,0,0.0,0.0,0.0
groundmore/ZMel6h2jywk_0427_0432/1__exp2/2,groundmore,test,ZMel6h2jywk_0427_0432,1__exp2,2,sequential,Who does the bird in the middle start to fight after the peanut falls?,1,opg_no_order_loss,ensemble,0,0,,,0,0.0,0.0,0.0
groundmore/ZMel6h2jywk_0427_0432/1__exp2/2,groundmore,test,ZMel6h2jywk_0427_0432,1__exp2,2,sequential,Who does the bird in the middle start to fight after the peanut falls?,1,opg_full,ensemble,0,0,,,0,0.0,0.0,0.0
groundmore/ZMel6h2jywk_0427_0432/2__exp3/3,groundmore,test,ZMel6h2jywk_0427_0432,2__exp3,3,sequential,What falls before the bird in the middle starts to fight the bird on the left?,1,mean_pool,ensemble,0,0,,,0,0.0,0.0,0.0
groundmore/ZMel6h2jywk_0427_0432/2__exp3/3,groundmore,test,ZMel6h2jywk_0427_0432,2__exp3,3,sequential,What falls before the bird in the middle starts to fight the bird on the left?,1,opg_no_monotonic,ensemble,0,0,,,0,0.0,0.0,0.0
groundmore/ZMel6h2jywk_0427_0432/2__exp3/3,groundmore,test,ZMel6h2jywk_0427_0432,2__exp3,3,sequential,What falls before the bird in the middle starts to fight the bird on the left?,1,opg_no_order_loss,ensemble,0,0,,,0,0.0,0.0,0.0
groundmore/ZMel6h2jywk_0427_0432/2__exp3/3,groundmore,test,ZMel6h2jywk_0427_0432,2__exp3,3,sequential,What falls before the bird in the middle starts to fight the bird on the left?,1,opg_full,ensemble,0,0,,,0,0.0,0.0,0.0
groundmore/ZMel6h2jywk_0427_0432/3__exp1/1,groundmore,test,ZMel6h2jywk_0427_0432,3__exp1,1,sequential,Who starts to fight the bird on the left after the bird on the left makes the peanut fall?,1,mean_pool,ensemble,0,0,,,0,0.0,0.0,0.0
groundmore/ZMel6h2jywk_0427_0432/3__exp1/1,groundmore,test,ZMel6h2jywk_0427_0432,3__exp1,1,sequential,Who starts to fight the bird on the left after the bird on the left makes the peanut fall?,1,opg_no_monotonic,ensemble,0,0,,,0,0.0,0.0,0.0
groundmore/ZMel6h2jywk_0427_0432/3__exp1/1,groundmore,test,ZMel6h2jywk_0427_0432,3__exp1,1,sequential,Who starts to fight the bird on the left after the bird on the left makes the peanut fall?,1,opg_no_order_loss,ensemble,0,0,,,0,0.0,0.0,0.0
groundmore/ZMel6h2jywk_0427_0432/3__exp1/1,groundmore,test,ZMel6h2jywk_0427_0432,3__exp1,1,sequential,Who starts to fight the bird on the left after the bird on the left makes the peanut fall?,1,opg_full,ensemble,0,0,,,0,0.0,0.0,0.0
groundmore/ZMel6h2jywk_0515_0530/1__exp1/1,groundmore,test,ZMel6h2jywk_0515_0530,1__exp1,1,sequential,Who jumps up the tree after the sheep starts charging?,1,mean_pool,ensemble,0,0,,,0,0.0,0.0,0.0
groundmore/ZMel6h2jywk_0515_0530/1__exp1/1,groundmore,test,ZMel6h2jywk_0515_0530,1__exp1,1,sequential,Who jumps up the tree after the sheep starts charging?,1,opg_no_monotonic,ensemble,0,0,,,0,0.0,0.0,0.0
groundmore/ZMel6h2jywk_0515_0530/1__exp1/1,groundmore,test,ZMel6h2jywk_0515_0530,1__exp1,1,sequential,Who jumps up the tree after the sheep starts charging?,1,opg_no_order_loss,ensemble,0,0,,,0,0.0,0.0,0.0
groundmore/ZMel6h2jywk_0515_0530/1__exp1/1,groundmore,test,ZMel6h2jywk_0515_0530,1__exp1,1,sequential,Who jumps up the tree after the sheep starts charging?,1,opg_full,ensemble,0,0,,,0,0.0,0.0,0.0
groundmore/ZMel6h2jywk_0515_0530/1__exp9/9,groundmore,test,ZMel6h2jywk_0515_0530,1__exp9,9,sequential,Who charges the sheep after getting close to it?,1,mean_pool,ensemble,0,0,,,0,0.0,0.0,0.0
groundmore/ZMel6h2jywk_0515_0530/1__exp9/9,groundmore,test,ZMel6h2jywk_0515_0530,1__exp9,9,sequential,Who charges the sheep after getting close to it?,1,opg_no_monotonic,ensemble,0,0,,,0,0.0,0.0,0.0
groundmore/ZMel6h2jywk_0515_0530/1__exp9/9,groundmore,test,ZMel6h2jywk_0515_0530,1__exp9,9,sequential,Who charges the sheep after getting close to it?,1,opg_no_order_loss,ensemble,0,0,,,0,0.0,0.0,0.0
groundmore/ZMel6h2jywk_0515_0530/1__exp9/9,groundmore,test,ZMel6h2jywk_0515_0530,1__exp9,9,sequential,Who charges the sheep after getting close to it?,1,opg_full,ensemble,0,0,,,0,0.0,0.0,0.0
groundmore/ZMel6h2jywk_0515_0530/2__exp2/2,groundmore,test,ZMel6h2jywk_0515_0530,2__exp2,2,sequential,What does the man jump up after the sheep starts charging?,1,mean_pool,ensemble,0,0,,,0,0.0,0.0,0.0
groundmore/ZMel6h2jywk_0515_0530/2__exp2/2,groundmore,test,ZMel6h2jywk_0515_0530,2__exp2,2,sequential,What does the man jump up after the sheep starts charging?,1,opg_no_monotonic,ensemble,0,0,,,0,0.0,0.0,0.0
groundmore/ZMel6h2jywk_0515_0530/2__exp2/2,groundmore,test,ZMel6h2jywk_0515_0530,2__exp2,2,sequential,What does the man jump up after the sheep starts charging?,1,opg_no_order_loss,ensemble,0,0,,,0,0.0,0.0,0.0
groundmore/ZMel6h2jywk_0515_0530/2__exp2/2,groundmore,test,ZMel6h2jywk_0515_0530,2__exp2,2,sequential,What does the man jump up after the sheep starts charging?,1,opg_full,ensemble,0,0,,,0,0.0,0.0,0.0
groundmore/ZMel6h2jywk_0515_0530/3__exp10/10,groundmore,test,ZMel6h2jywk_0515_0530,3__exp10,10,sequential,What does the man charge after he gets close to it?,1,mean_pool,ensemble,0,0,,,0,0.0,0.0,0.0
groundmore/ZMel6h2jywk_0515_0530/3__exp10/10,groundmore,test,ZMel6h2jywk_0515_0530,3__exp10,10,sequential,What does the man charge after he gets close to it?,1,opg_no_monotonic,ensemble,0,0,,,0,0.0,0.0,0.0
groundmore/ZMel6h2jywk_0515_0530/3__exp10/10,groundmore,test,ZMel6h2jywk_0515_0530,3__exp10,10,sequential,What does the man charge after he gets close to it?,1,opg_no_order_loss,ensemble,0,0,,,0,0.0,0.0,0.0
groundmore/ZMel6h2jywk_0515_0530/3__exp10/10,groundmore,test,ZMel6h2jywk_0515_0530,3__exp10,10,sequential,What does the man charge after he gets close to it?,1,opg_full,ensemble,0,0,,,0,0.0,0.0,0.0
groundmore/ZMel6h2jywk_0515_0530/3__exp3/3,groundmore,test,ZMel6h2jywk_0515_0530,3__exp3,3,sequential,Who starts charging the man causing him to jump up the tree?,0,mean_pool,ensemble,0,0,,,0,0.0,0.0,0.0
groundmore/ZMel6h2jywk_0515_0530/3__exp3/3,groundmore,test,ZMel6h2jywk_0515_0530,3__exp3,3,sequential,Who starts charging the man causing him to jump up the tree?,0,opg_no_monotonic,ensemble,0,0,,,0,0.0,0.0,0.0
groundmore/ZMel6h2jywk_0515_0530/3__exp3/3,groundmore,test,ZMel6h2jywk_0515_0530,3__exp3,3,sequential,Who starts charging the man causing him to jump up the tree?,0,opg_no_order_loss,ensemble,0,0,,,0,0.0,0.0,0.0
groundmore/ZMel6h2jywk_0515_0530/3__exp3/3,groundmore,test,ZMel6h2jywk_0515_0530,3__exp3,3,sequential,Who starts charging the man causing him to jump up the tree?,0,opg_full,ensemble,0,0,,,0,0.0,0.0,0.0
groundmore/_7h7J01tyvY_0054_0100/1__exp6/6,groundmore,test,_7h7J01tyvY_0054_0100,1__exp6,6,sequential,Who asked if the little girl could carry the box before she picked it up?,1,mean_pool,ensemble,0,0,,,0,0.0,0.0,0.0
groundmore/_7h7J01tyvY_0054_0100/1__exp6/6,groundmore,test,_7h7J01tyvY_0054_0100,1__exp6,6,sequential,Who asked if the little girl could carry the box before she picked it up?,1,opg_no_monotonic,ensemble,0,0,,,0,0.0,0.0,0.0
groundmore/_7h7J01tyvY_0054_0100/1__exp6/6,groundmore,test,_7h7J01tyvY_0054_0100,1__exp6,6,sequential,Who asked if the little girl could carry the box before she picked it up?,1,opg_no_order_loss,ensemble,0,0,,,0,0.0,0.0,0.0
groundmore/_7h7J01tyvY_0054_0100/1__exp6/6,groundmore,test,_7h7J01tyvY_0054_0100,1__exp6,6,sequential,Who asked if the little girl could carry the box before she picked it up?,1,opg_full,ensemble,0,0,,,0,0.0,0.0,0.0
groundmore/_7h7J01tyvY_0054_0100/2__exp5/5,groundmore,test,_7h7J01tyvY_0054_0100,2__exp5,5,sequential,What does the little girl pick up after the man asked if she could carry it?,1,mean_pool,ensemble,0,0,,,0,0.0,0.0,0.0
groundmore/_7h7J01tyvY_0054_0100/2__exp5/5,groundmore,test,_7h7J01tyvY_0054_0100,2__exp5,5,sequential,What does the little girl pick up after the man asked if she could carry it?,1,opg_no_monotonic,ensemble,0,0,,,0,0.0,0.0,0.0
groundmore/_7h7J01tyvY_0054_0100/2__exp5/5,groundmore,test,_7h7J01tyvY_0054_0100,2__exp5,5,sequential,What does the little girl pick up after the man asked if she could carry it?,1,opg_no_order_loss,ensemble,0,0,,,0,0.0,0.0,0.0
groundmore/_7h7J01tyvY_0054_0100/2__exp5/5,groundmore,test,_7h7J01tyvY_0054_0100,2__exp5,5,sequential,What does the little girl pick up after the man asked if she could carry it?,1,opg_full,ensemble,0,0,,,0,0.0,0.0,0.0
groundmore/_7h7J01tyvY_0054_0100/3__exp4/4,groundmore,test,_7h7J01tyvY_0054_0100,3__exp4,4,sequential,Who picks up the box after the man asked if the little girl could carry the box?,1,mean_pool,ensemble,0,0,,,0,0.0,0.0,0.0
groundmore/_7h7J01tyvY_0054_0100/3__exp4/4,groundmore,test,_7h7J01tyvY_0054_0100,3__exp4,4,sequential,Who picks up the box after the man asked if the little girl could carry the box?,1,opg_no_monotonic,ensemble,0,0,,,0,0.0,0.0,0.0
groundmore/_7h7J01tyvY_0054_0100/3__exp4/4,groundmore,test,_7h7J01tyvY_0054_0100,3__exp4,4,sequential,Who picks up the box after the man asked if the little girl could carry the box?,1,opg_no_order_loss,ensemble,0,0,,,0,0.0,0.0,0.0
groundmore/_7h7J01tyvY_0054_0100/3__exp4/4,groundmore,test,_7h7J01tyvY_0054_0100,3__exp4,4,sequential,Who picks up the box after the man asked if the little girl could carry the box?,1,opg_full,ensemble,0,0,,,0,0.0,0.0,0.0
groundmore/_7h7J01tyvY_0220_0223/1__exp1/1,groundmore,test,_7h7J01tyvY_0220_0223,1__exp1,1,sequential,Who opens the box before taking the motherboard out?,1,mean_pool,ensemble,0,0,,,0,0.0,0.0,0.0
groundmore/_7h7J01tyvY_0220_0223/1__exp1/1,groundmore,test,_7h7J01tyvY_0220_0223,1__exp1,1,sequential,Who opens the box before taking the motherboard out?,1,opg_no_monotonic,ensemble,0,0,,,0,0.0,0.0,0.0
groundmore/_7h7J01tyvY_0220_0223/1__exp1/1,groundmore,test,_7h7J01tyvY_0220_0223,1__exp1,1,sequential,Who opens the box before taking the motherboard out?,1,opg_no_order_loss,ensemble,0,0,,,0,0.0,0.0,0.0
groundmore/_7h7J01tyvY_0220_0223/1__exp1/1,groundmore,test,_7h7J01tyvY_0220_0223,1__exp1,1,sequential,Who opens the box before taking the motherboard out?,1,opg_full,ensemble,0,0,,,0,0.0,0.0,0.0
groundmore/_7h7J01tyvY_0220_0223/2__exp2/2,groundmore,test,_7h7J01tyvY_0220_0223,2__exp2,2,sequential,What does the man open before taking the motherboard out?,1,mean_pool,ensemble,0,0,,,0,0.0,0.0,0.0
groundmore/_7h7J01tyvY_0220_0223/2__exp2/2,groundmore,test,_7h7J01tyvY_0220_0223,2__exp2,2,sequential,What does the man open before taking the motherboard out?,1,opg_no_monotonic,ensemble,0,0,,,0,0.0,0.0,0.0
groundmore/_7h7J01tyvY_0220_0223/2__exp2/2,groundmore,test,_7h7J01tyvY_0220_0223,2__exp2,2,sequential,What does the man open before taking the motherboard out?,1,opg_no_order_loss,ensemble,0,0,,,0,0.0,0.0,0.0
groundmore/_7h7J01tyvY_0220_0223/2__exp2/2,groundmore,test,_7h7J01tyvY_0220_0223,2__exp2,2,sequential,What does the man open before taking the motherboard out?,1,opg_full,ensemble,0,0,,,0,0.0,0.0,0.0
groundmore/_7h7J01tyvY_0220_0223/3__exp3/3,groundmore,test,_7h7J01tyvY_0220_0223,3__exp3,3,sequential,What does the man take out of the box?,0,mean_pool,ensemble,0,0,,,0,0.0,0.0,0.0
groundmore/_7h7J01tyvY_0220_0223/3__exp3/3,groundmore,test,_7h7J01tyvY_0220_0223,3__exp3,3,sequential,What does the man take out of the box?,0,opg_no_monotonic,ensemble,0,0,,,0,0.0,0.0,0.0
groundmore/_7h7J01tyvY_0220_0223/3__exp3/3,groundmore,test,_7h7J01tyvY_0220_0223,3__exp3,3,sequential,What does the man take out of the box?,0,opg_no_order_loss,ensemble,0,0,,,0,0.0,0.0,0.0
groundmore/_7h7J01tyvY_0220_0223/3__exp3/3,groundmore,test,_7h7J01tyvY_0220_0223,3__exp3,3,sequential,What does the man take out of the box?,0,opg_full,ensemble,0,0,,,0,0.0,0.0,0.0
groundmore/aTABv-UP96U_0205_0220/1__exp1/1,groundmore,test,aTABv-UP96U_0205_0220,1__exp1,1,sequential,Who gives moss to the woman before walking back to the moss?,1,mean_pool,ensemble,0,0,,,0,0.0,0.0,0.0
groundmore/aTABv-UP96U_0205_0220/1__exp1/1,groundmore,test,aTABv-UP96U_0205_0220,1__exp1,1,sequential,Who gives moss to the woman before walking back to the moss?,1,opg_no_monotonic,ensemble,0,0,,,0,0.0,0.0,0.0
groundmore/aTABv-UP96U_0205_0220/1__exp1/1,groundmore,test,aTABv-UP96U_0205_0220,1__exp1,1,sequential,Who gives moss to the woman before walking back to the moss?,1,opg_no_order_loss,ensemble,0,0,,,0,0.0,0.0,0.0
groundmore/aTABv-UP96U_0205_0220/1__exp1/1,groundmore,test,aTABv-UP96U_0205_0220,1__exp1,1,sequential,Who gives moss to the woman before walking back to the moss?,1,opg_full,ensemble,0,0,,,0,0.0,0.0,0.0
groundmore/aTABv-UP96U_0205_0220/2__exp2/2,groundmore,test,aTABv-UP96U_0205_0220,2__exp2,2,sequential,What does the baby give to the woman before walking back?,1,mean_pool,ensemble,0,0,,,0,0.0,0.0,0.0
groundmore/aTABv-UP96U_0205_0220/2__exp2/2,groundmore,test,aTABv-UP96U_0205_0220,2__exp2,2,sequential,What does the baby give to the woman before walking back?,1,opg_no_monotonic,ensemble,0,0,,,0,0.0,0.0,0.0
groundmore/aTABv-UP96U_0205_0220/2__exp2/2,groundmore,test,aTABv-UP96U_0205_0220,2__exp2,2,sequential,What does the baby give to the woman before walking back?,1,opg_no_order_loss,ensemble,0,0,,,0,0.0,0.0,0.0
groundmore/aTABv-UP96U_0205_0220/2__exp2/2,groundmore,test,aTABv-UP96U_0205_0220,2__exp2,2,sequential,What does the baby give to the woman before walking back?,1,opg_full,ensemble,0,0,,,0,0.0,0.0,0.0
groundmore/aTABv-UP96U_0205_0220/3__exp3/3,groundmore,test,aTABv-UP96U_0205_0220,3__exp3,3,sequential,Who does the baby give moss to before walking back to the moss?,1,mean_pool,ensemble,0,0,,,0,0.0,0.0,0.0
groundmore/aTABv-UP96U_0205_0220/3__exp3/3,groundmore,test,aTABv-UP96U_0205_0220,3__exp3,3,sequential,Who does the baby give moss to before walking back to the moss?,1,opg_no_monotonic,ensemble,0,0,,,0,0.0,0.0,0.0
groundmore/aTABv-UP96U_0205_0220/3__exp3/3,groundmore,test,aTABv-UP96U_0205_0220,3__exp3,3,sequential,Who does the baby give moss to before walking back to the moss?,1,opg_no_order_loss,ensemble,0,0,,,0,0.0,0.0,0.0
groundmore/aTABv-UP96U_0205_0220/3__exp3/3,groundmore,test,aTABv-UP96U_0205_0220,3__exp3,3,sequential,Who does the baby give moss to before walking back to the moss?,1,opg_full,ensemble,0,0,,,0,0.0,0.0,0.0
groundmore/bSpOU-5aq-8_0000_0009/1__exp1/1,groundmore,test,bSpOU-5aq-8_0000_0009,1__exp1,1,sequential,Who open the boxes before the cheetahs quickly get out?,1,mean_pool,ensemble,0,0,,,0,0.0,0.0,0.0
groundmore/bSpOU-5aq-8_0000_0009/1__exp1/1,groundmore,test,bSpOU-5aq-8_0000_0009,1__exp1,1,sequential,Who open the boxes before the cheetahs quickly get out?,1,opg_no_monotonic,ensemble,0,0,,,0,0.0,0.0,0.0
groundmore/bSpOU-5aq-8_0000_0009/1__exp1/1,groundmore,test,bSpOU-5aq-8_0000_0009,1__exp1,1,sequential,Who open the boxes before the cheetahs quickly get out?,1,opg_no_order_loss,ensemble,0,0,,,0,0.0,0.0,0.0
groundmore/bSpOU-5aq-8_0000_0009/1__exp1/1,groundmore,test,bSpOU-5aq-8_0000_0009,1__exp1,1,sequential,Who open the boxes before the cheetahs quickly get out?,1,opg_full,ensemble,0,0,,,0,0.0,0.0,0.0
groundmore/bSpOU-5aq-8_0000_0009/2__exp2/2,groundmore,test,bSpOU-5aq-8_0000_0009,2__exp2,2,sequential,What do the zookeepers open before the cheetahs quickly get out?,1,mean_pool,ensemble,0,0,,,0,0.0,0.0,0.0
groundmore/bSpOU-5aq-8_0000_0009/2__exp2/2,groundmore,test,bSpOU-5aq-8_0000_0009,2__exp2,2,sequential,What do the zookeepers open before the cheetahs quickly get out?,1,opg_no_monotonic,ensemble,0,0,,,0,0.0,0.0,0.0
groundmore/bSpOU-5aq-8_0000_0009/2__exp2/2,groundmore,test,bSpOU-5aq-8_0000_0009,2__exp2,2,sequential,What do the zookeepers open before the cheetahs quickly get out?,1,opg_no_order_loss,ensemble,0,0,,,0,0.0,0.0,0.0
groundmore/bSpOU-5aq-8_0000_0009/2__exp2/2,groundmore,test,bSpOU-5aq-8_0000_0009,2__exp2,2,sequential,What do the zookeepers open before the cheetahs quickly get out?,1,opg_full,ensemble,0,0,,,0,0.0,0.0,0.0
groundmore/bSpOU-5aq-8_0000_0009/3__exp3/3,groundmore,test,bSpOU-5aq-8_0000_0009,3__exp3,3,sequential,Who get out quickly after the zookeepers open the boxes?,1,mean_pool,ensemble,0,0,,,0,0.0,0.0,0.0
groundmore/bSpOU-5aq-8_0000_0009/3__exp3/3,groundmore,test,bSpOU-5aq-8_0000_0009,3__exp3,3,sequential,Who get out quickly after the zookeepers open the boxes?,1,opg_no_monotonic,ensemble,0,0,,,0,0.0,0.0,0.0
groundmore/bSpOU-5aq-8_0000_0009/3__exp3/3,groundmore,test,bSpOU-5aq-8_0000_0009,3__exp3,3,sequential,Who get out quickly after the zookeepers open the boxes?,1,opg_no_order_loss,ensemble,0,0,,,0,0.0,0.0,0.0
groundmore/bSpOU-5aq-8_0000_0009/3__exp3/3,groundmore,test,bSpOU-5aq-8_0000_0009,3__exp3,3,sequential,Who get out quickly after the zookeepers open the boxes?,1,opg_full,ensemble,0,0,,,0,0.0,0.0,0.0
groundmore/bSpOU-5aq-8_0238_0250/1__exp1/1,groundmore,test,bSpOU-5aq-8_0238_0250,1__exp1,1,sequential,Who jumps from the truck after the door is opened?,1,mean_pool,ensemble,0,0,,,0,0.0,0.0,0.0
groundmore/bSpOU-5aq-8_0238_0250/1__exp1/1,groundmore,test,bSpOU-5aq-8_0238_0250,1__exp1,1,sequential,Who jumps from the truck after the door is opened?,1,opg_no_monotonic,ensemble,0,0,,,0,0.0,0.0,0.0
groundmore/bSpOU-5aq-8_0238_0250/1__exp1/1,groundmore,test,bSpOU-5aq-8_0238_0250,1__exp1,1,sequential,Who jumps from the truck after the door is opened?,1,opg_no_order_loss,ensemble,0,0,,,0,0.0,0.0,0.0
groundmore/bSpOU-5aq-8_0238_0250/1__exp1/1,groundmore,test,bSpOU-5aq-8_0238_0250,1__exp1,1,sequential,Who jumps from the truck after the door is opened?,1,opg_full,ensemble,0,0,,,0,0.0,0.0,0.0
groundmore/bSpOU-5aq-8_0238_0250/2__exp2/2,groundmore,test,bSpOU-5aq-8_0238_0250,2__exp2,2,sequential,From what do the monkeys jump after the door is opened?,1,mean_pool,ensemble,0,0,,,0,0.0,0.0,0.0
groundmore/bSpOU-5aq-8_0238_0250/2__exp2/2,groundmore,test,bSpOU-5aq-8_0238_0250,2__exp2,2,sequential,From what do the monkeys jump after the door is opened?,1,opg_no_monotonic,ensemble,0,0,,,0,0.0,0.0,0.0
groundmore/bSpOU-5aq-8_0238_0250/2__exp2/2,groundmore,test,bSpOU-5aq-8_0238_0250,2__exp2,2,sequential,From what do the monkeys jump after the door is opened?,1,opg_no_order_loss,ensemble,0,0,,,0,0.0,0.0,0.0
groundmore/bSpOU-5aq-8_0238_0250/2__exp2/2,groundmore,test,bSpOU-5aq-8_0238_0250,2__exp2,2,sequential,From what do the monkeys jump after the door is opened?,1,opg_full,ensemble,0,0,,,0,0.0,0.0,0.0
groundmore/bSpOU-5aq-8_0238_0250/3__exp3/3,groundmore,test,bSpOU-5aq-8_0238_0250,3__exp3,3,sequential,Who opens the door before the monkeys jump from the truck?,1,mean_pool,ensemble,0,0,,,0,0.0,0.0,0.0
groundmore/bSpOU-5aq-8_0238_0250/3__exp3/3,groundmore,test,bSpOU-5aq-8_0238_0250,3__exp3,3,sequential,Who opens the door before the monkeys jump from the truck?,1,opg_no_monotonic,ensemble,0,0,,,0,0.0,0.0,0.0
groundmore/bSpOU-5aq-8_0238_0250/3__exp3/3,groundmore,test,bSpOU-5aq-8_0238_0250,3__exp3,3,sequential,Who opens the door before the monkeys jump from the truck?,1,opg_no_order_loss,ensemble,0,0,,,0,0.0,0.0,0.0
groundmore/bSpOU-5aq-8_0238_0250/3__exp3/3,groundmore,test,bSpOU-5aq-8_0238_0250,3__exp3,3,sequential,Who opens the door before the monkeys jump from the truck?,1,opg_full,ensemble,0,0,,,0,0.0,0.0,0.0
groundmore/bSpOU-5aq-8_0252_0258/1__exp1/1,groundmore,test,bSpOU-5aq-8_0252_0258,1__exp1,1,sequential,Who exits the box after the woman lifts the door?,1,mean_pool,ensemble,0,0,,,0,0.0,0.0,0.0
groundmore/bSpOU-5aq-8_0252_0258/1__exp1/1,groundmore,test,bSpOU-5aq-8_0252_0258,1__exp1,1,sequential,Who exits the box after the woman lifts the door?,1,opg_no_monotonic,ensemble,0,0,,,0,0.0,0.0,0.0
groundmore/bSpOU-5aq-8_0252_0258/1__exp1/1,groundmore,test,bSpOU-5aq-8_0252_0258,1__exp1,1,sequential,Who exits the box after the woman lifts the door?,1,opg_no_order_loss,ensemble,0,0,,,0,0.0,0.0,0.0
groundmore/bSpOU-5aq-8_0252_0258/1__exp1/1,groundmore,test,bSpOU-5aq-8_0252_0258,1__exp1,1,sequential,Who exits the box after the woman lifts the door?,1,opg_full,ensemble,0,0,,,0,0.0,0.0,0.0
groundmore/bSpOU-5aq-8_0252_0258/2__exp2/2,groundmore,test,bSpOU-5aq-8_0252_0258,2__exp2,2,sequential,What does the cheetah exit from after the woman lifts the door?,1,mean_pool,ensemble,0,0,,,0,0.0,0.0,0.0
groundmore/bSpOU-5aq-8_0252_0258/2__exp2/2,groundmore,test,bSpOU-5aq-8_0252_0258,2__exp2,2,sequential,What does the cheetah exit from after the woman lifts the door?,1,opg_no_monotonic,ensemble,0,0,,,0,0.0,0.0,0.0
groundmore/bSpOU-5aq-8_0252_0258/2__exp2/2,groundmore,test,bSpOU-5aq-8_0252_0258,2__exp2,2,sequential,What does the cheetah exit from after the woman lifts the door?,1,opg_no_order_loss,ensemble,0,0,,,0,0.0,0.0,0.0
groundmore/bSpOU-5aq-8_0252_0258/2__exp2/2,groundmore,test,bSpOU-5aq-8_0252_0258,2__exp2,2,sequential,What does the cheetah exit from after the woman lifts the door?,1,opg_full,ensemble,0,0,,,0,0.0,0.0,0.0
groundmore/bSpOU-5aq-8_0252_0258/3__exp3/3,groundmore,test,bSpOU-5aq-8_0252_0258,3__exp3,3,sequential,Who lifts the door before the cheetah exits the box?,1,mean_pool,ensemble,0,0,,,0,0.0,0.0,0.0
groundmore/bSpOU-5aq-8_0252_0258/3__exp3/3,groundmore,test,bSpOU-5aq-8_0252_0258,3__exp3,3,sequential,Who lifts the door before the cheetah exits the box?,1,opg_no_monotonic,ensemble,0,0,,,0,0.0,0.0,0.0
groundmore/bSpOU-5aq-8_0252_0258/3__exp3/3,groundmore,test,bSpOU-5aq-8_0252_0258,3__exp3,3,sequential,Who lifts the door before the cheetah exits the box?,1,opg_no_order_loss,ensemble,0,0,,,0,0.0,0.0,0.0
groundmore/bSpOU-5aq-8_0252_0258/3__exp3/3,groundmore,test,bSpOU-5aq-8_0252_0258,3__exp3,3,sequential,Who lifts the door before the cheetah exits the box?,1,opg_full,ensemble,0,0,,,0,0.0,0.0,0.0
groundmore/bSpOU-5aq-8_0338_0343/1__exp1/1,groundmore,test,bSpOU-5aq-8_0338_0343,1__exp1,1,sequential,Who runs out of the cage after the zookeepers lift the gate?,1,mean_pool,ensemble,1,2,1,0,0,0.45,0.45,0.45
groundmore/bSpOU-5aq-8_0338_0343/1__exp1/1,groundmore,test,bSpOU-5aq-8_0338_0343,1__exp1,1,sequential,Who runs out of the cage after the zookeepers lift the gate?,1,mean_pool,11,1,2,1,0,0,0.45,0.45,0.45
groundmore/bSpOU-5aq-8_0338_0343/1__exp1/1,groundmore,test,bSpOU-5aq-8_0338_0343,1__exp1,1,sequential,Who runs out of the cage after the zookeepers lift the gate?,1,mean_pool,23,1,2,1,0,0,0.45,0.45,0.45
groundmore/bSpOU-5aq-8_0338_0343/1__exp1/1,groundmore,test,bSpOU-5aq-8_0338_0343,1__exp1,1,sequential,Who runs out of the cage after the zookeepers lift the gate?,1,mean_pool,42,1,2,1,0,0,0.45,0.45,0.45
groundmore/bSpOU-5aq-8_0338_0343/1__exp1/1,groundmore,test,bSpOU-5aq-8_0338_0343,1__exp1,1,sequential,Who runs out of the cage after the zookeepers lift the gate?,1,opg_no_monotonic,ensemble,1,2,1,0,0,0.45,0.45,0.45
groundmore/bSpOU-5aq-8_0338_0343/1__exp1/1,groundmore,test,bSpOU-5aq-8_0338_0343,1__exp1,1,sequential,Who runs out of the cage after the zookeepers lift the gate?,1,opg_no_monotonic,11,1,2,1,0,0,0.45,0.45,0.45
groundmore/bSpOU-5aq-8_0338_0343/1__exp1/1,groundmore,test,bSpOU-5aq-8_0338_0343,1__exp1,1,sequential,Who runs out of the cage after the zookeepers lift the gate?,1,opg_no_monotonic,23,1,2,1,0,0,0.45,0.45,0.45
groundmore/bSpOU-5aq-8_0338_0343/1__exp1/1,groundmore,test,bSpOU-5aq-8_0338_0343,1__exp1,1,sequential,Who runs out of the cage after the zookeepers lift the gate?,1,opg_no_monotonic,42,1,2,1,0,0,0.45,0.45,0.45
groundmore/bSpOU-5aq-8_0338_0343/1__exp1/1,groundmore,test,bSpOU-5aq-8_0338_0343,1__exp1,1,sequential,Who runs out of the cage after the zookeepers lift the gate?,1,opg_no_order_loss,ensemble,1,2,1,0,0,0.45,0.45,0.45
groundmore/bSpOU-5aq-8_0338_0343/1__exp1/1,groundmore,test,bSpOU-5aq-8_0338_0343,1__exp1,1,sequential,Who runs out of the cage after the zookeepers lift the gate?,1,opg_no_order_loss,11,1,2,1,0,0,0.45,0.45,0.45
groundmore/bSpOU-5aq-8_0338_0343/1__exp1/1,groundmore,test,bSpOU-5aq-8_0338_0343,1__exp1,1,sequential,Who runs out of the cage after the zookeepers lift the gate?,1,opg_no_order_loss,23,1,2,1,0,0,0.45,0.45,0.45
groundmore/bSpOU-5aq-8_0338_0343/1__exp1/1,groundmore,test,bSpOU-5aq-8_0338_0343,1__exp1,1,sequential,Who runs out of the cage after the zookeepers lift the gate?,1,opg_no_order_loss,42,1,2,1,0,0,0.45,0.45,0.45
groundmore/bSpOU-5aq-8_0338_0343/1__exp1/1,groundmore,test,bSpOU-5aq-8_0338_0343,1__exp1,1,sequential,Who runs out of the cage after the zookeepers lift the gate?,1,opg_full,ensemble,1,2,1,0,0,0.45,0.45,0.45
groundmore/bSpOU-5aq-8_0338_0343/1__exp1/1,groundmore,test,bSpOU-5aq-8_0338_0343,1__exp1,1,sequential,Who runs out of the cage after the zookeepers lift the gate?,1,opg_full,11,1,2,1,0,0,0.45,0.45,0.45
groundmore/bSpOU-5aq-8_0338_0343/1__exp1/1,groundmore,test,bSpOU-5aq-8_0338_0343,1__exp1,1,sequential,Who runs out of the cage after the zookeepers lift the gate?,1,opg_full,23,1,2,1,0,0,0.45,0.45,0.45
groundmore/bSpOU-5aq-8_0338_0343/1__exp1/1,groundmore,test,bSpOU-5aq-8_0338_0343,1__exp1,1,sequential,Who runs out of the cage after the zookeepers lift the gate?,1,opg_full,42,1,2,1,0,0,0.45,0.45,0.45
groundmore/bSpOU-5aq-8_0338_0343/2__exp2/2,groundmore,test,bSpOU-5aq-8_0338_0343,2__exp2,2,sequential,What does the cheetah run out of after the zookeepers lift the gate?,1,mean_pool,ensemble,0,0,,,0,0.0,0.0,0.0
groundmore/bSpOU-5aq-8_0338_0343/2__exp2/2,groundmore,test,bSpOU-5aq-8_0338_0343,2__exp2,2,sequential,What does the cheetah run out of after the zookeepers lift the gate?,1,opg_no_monotonic,ensemble,0,0,,,0,0.0,0.0,0.0
groundmore/bSpOU-5aq-8_0338_0343/2__exp2/2,groundmore,test,bSpOU-5aq-8_0338_0343,2__exp2,2,sequential,What does the cheetah run out of after the zookeepers lift the gate?,1,opg_no_order_loss,ensemble,0,0,,,0,0.0,0.0,0.0
groundmore/bSpOU-5aq-8_0338_0343/2__exp2/2,groundmore,test,bSpOU-5aq-8_0338_0343,2__exp2,2,sequential,What does the cheetah run out of after the zookeepers lift the gate?,1,opg_full,ensemble,0,0,,,0,0.0,0.0,0.0
groundmore/bSpOU-5aq-8_0338_0343/3__exp3/3,groundmore,test,bSpOU-5aq-8_0338_0343,3__exp3,3,sequential,Who lifts the gate before the cheetah runs out of the cage?,1,mean_pool,ensemble,0,0,,,0,0.0,0.0,0.0
groundmore/bSpOU-5aq-8_0338_0343/3__exp3/3,groundmore,test,bSpOU-5aq-8_0338_0343,3__exp3,3,sequential,Who lifts the gate before the cheetah runs out of the cage?,1,opg_no_monotonic,ensemble,0,0,,,0,0.0,0.0,0.0
groundmore/bSpOU-5aq-8_0338_0343/3__exp3/3,groundmore,test,bSpOU-5aq-8_0338_0343,3__exp3,3,sequential,Who lifts the gate before the cheetah runs out of the cage?,1,opg_no_order_loss,ensemble,0,0,,,0,0.0,0.0,0.0
groundmore/bSpOU-5aq-8_0338_0343/3__exp3/3,groundmore,test,bSpOU-5aq-8_0338_0343,3__exp3,3,sequential,Who lifts the gate before the cheetah runs out of the cage?,1,opg_full,ensemble,0,0,,,0,0.0,0.0,0.0
groundmore/bSpOU-5aq-8_0650_0702/1__exp3/3,groundmore,test,bSpOU-5aq-8_0650_0702,1__exp3,3,sequential,Who frees the baby deer before the baby deer runs away?,1,mean_pool,ensemble,0,0,,,0,0.0,0.0,0.0
groundmore/bSpOU-5aq-8_0650_0702/1__exp3/3,groundmore,test,bSpOU-5aq-8_0650_0702,1__exp3,3,sequential,Who frees the baby deer before the baby deer runs away?,1,opg_no_monotonic,ensemble,0,0,,,0,0.0,0.0,0.0
groundmore/bSpOU-5aq-8_0650_0702/1__exp3/3,groundmore,test,bSpOU-5aq-8_0650_0702,1__exp3,3,sequential,Who frees the baby deer before the baby deer runs away?,1,opg_no_order_loss,ensemble,0,0,,,0,0.0,0.0,0.0
groundmore/bSpOU-5aq-8_0650_0702/1__exp3/3,groundmore,test,bSpOU-5aq-8_0650_0702,1__exp3,3,sequential,Who frees the baby deer before the baby deer runs away?,1,opg_full,ensemble,0,0,,,0,0.0,0.0,0.0
groundmore/bSpOU-5aq-8_0650_0702/2__exp4/4,groundmore,test,bSpOU-5aq-8_0650_0702,2__exp4,4,sequential,Who runs away from the man after being freed?,1,mean_pool,ensemble,0,0,,,0,0.0,0.0,0.0
groundmore/bSpOU-5aq-8_0650_0702/2__exp4/4,groundmore,test,bSpOU-5aq-8_0650_0702,2__exp4,4,sequential,Who runs away from the man after being freed?,1,opg_no_monotonic,ensemble,0,0,,,0,0.0,0.0,0.0
groundmore/bSpOU-5aq-8_0650_0702/2__exp4/4,groundmore,test,bSpOU-5aq-8_0650_0702,2__exp4,4,sequential,Who runs away from the man after being freed?,1,opg_no_order_loss,ensemble,0,0,,,0,0.0,0.0,0.0
groundmore/bSpOU-5aq-8_0650_0702/2__exp4/4,groundmore,test,bSpOU-5aq-8_0650_0702,2__exp4,4,sequential,Who runs away from the man after being freed?,1,opg_full,ensemble,0,0,,,0,0.0,0.0,0.0
groundmore/bWIFrjlugwI_0247_0254/1__exp1/1,groundmore,test,bWIFrjlugwI_0247_0254,1__exp1,1,sequential,Who pours the dough from the bowl before kneading the dough?,1,mean_pool,ensemble,0,0,,,0,0.0,0.0,0.0
groundmore/bWIFrjlugwI_0247_0254/1__exp1/1,groundmore,test,bWIFrjlugwI_0247_0254,1__exp1,1,sequential,Who pours the dough from the bowl before kneading the dough?,1,opg_no_monotonic,ensemble,0,0,,,0,0.0,0.0,0.0
groundmore/bWIFrjlugwI_0247_0254/1__exp1/1,groundmore,test,bWIFrjlugwI_0247_0254,1__exp1,1,sequential,Who pours the dough from the bowl before kneading the dough?,1,opg_no_order_loss,ensemble,0,0,,,0,0.0,0.0,0.0
groundmore/bWIFrjlugwI_0247_0254/1__exp1/1,groundmore,test,bWIFrjlugwI_0247_0254,1__exp1,1,sequential,Who pours the dough from the bowl before kneading the dough?,1,opg_full,ensemble,0,0,,,0,0.0,0.0,0.0
groundmore/bWIFrjlugwI_0247_0254/2__exp2/2,groundmore,test,bWIFrjlugwI_0247_0254,2__exp2,2,sequential,What does the woman pour from the bowl before kneading?,1,mean_pool,ensemble,0,0,,,0,0.0,0.0,0.0
groundmore/bWIFrjlugwI_0247_0254/2__exp2/2,groundmore,test,bWIFrjlugwI_0247_0254,2__exp2,2,sequential,What does the woman pour from the bowl before kneading?,1,opg_no_monotonic,ensemble,0,0,,,0,0.0,0.0,0.0
groundmore/bWIFrjlugwI_0247_0254/2__exp2/2,groundmore,test,bWIFrjlugwI_0247_0254,2__exp2,2,sequential,What does the woman pour from the bowl before kneading?,1,opg_no_order_loss,ensemble,0,0,,,0,0.0,0.0,0.0
groundmore/bWIFrjlugwI_0247_0254/2__exp2/2,groundmore,test,bWIFrjlugwI_0247_0254,2__exp2,2,sequential,What does the woman pour from the bowl before kneading?,1,opg_full,ensemble,0,0,,,0,0.0,0.0,0.0
groundmore/bWIFrjlugwI_0325_0331/1__exp1/1,groundmore,test,bWIFrjlugwI_0325_0331,1__exp1,1,sequential,Who kneed the dough after placing it on the cutting board?,1,mean_pool,ensemble,0,3,1,2,0,0.0,0.0,0.0
groundmore/bWIFrjlugwI_0325_0331/1__exp1/1,groundmore,test,bWIFrjlugwI_0325_0331,1__exp1,1,sequential,Who kneed the dough after placing it on the cutting board?,1,mean_pool,11,0,3,1,2,0,0.0,0.0,0.0
groundmore/bWIFrjlugwI_0325_0331/1__exp1/1,groundmore,test,bWIFrjlugwI_0325_0331,1__exp1,1,sequential,Who kneed the dough after placing it on the cutting board?,1,mean_pool,23,0,3,1,2,0,0.0,0.0,0.0
groundmore/bWIFrjlugwI_0325_0331/1__exp1/1,groundmore,test,bWIFrjlugwI_0325_0331,1__exp1,1,sequential,Who kneed the dough after placing it on the cutting board?,1,mean_pool,42,0,3,1,2,0,0.0,0.0,0.0
groundmore/bWIFrjlugwI_0325_0331/1__exp1/1,groundmore,test,bWIFrjlugwI_0325_0331,1__exp1,1,sequential,Who kneed the dough after placing it on the cutting board?,1,opg_no_monotonic,ensemble,0,3,1,2,0,0.0,0.0,0.0
groundmore/bWIFrjlugwI_0325_0331/1__exp1/1,groundmore,test,bWIFrjlugwI_0325_0331,1__exp1,1,sequential,Who kneed the dough after placing it on the cutting board?,1,opg_no_monotonic,11,0,3,1,2,0,0.0,0.0,0.0
groundmore/bWIFrjlugwI_0325_0331/1__exp1/1,groundmore,test,bWIFrjlugwI_0325_0331,1__exp1,1,sequential,Who kneed the dough after placing it on the cutting board?,1,opg_no_monotonic,23,0,3,1,2,0,0.0,0.0,0.0
groundmore/bWIFrjlugwI_0325_0331/1__exp1/1,groundmore,test,bWIFrjlugwI_0325_0331,1__exp1,1,sequential,Who kneed the dough after placing it on the cutting board?,1,opg_no_monotonic,42,0,3,1,2,0,0.0,0.0,0.0
groundmore/bWIFrjlugwI_0325_0331/1__exp1/1,groundmore,test,bWIFrjlugwI_0325_0331,1__exp1,1,sequential,Who kneed the dough after placing it on the cutting board?,1,opg_no_order_loss,ensemble,0,3,1,2,0,0.0,0.0,0.0
groundmore/bWIFrjlugwI_0325_0331/1__exp1/1,groundmore,test,bWIFrjlugwI_0325_0331,1__exp1,1,sequential,Who kneed the dough after placing it on the cutting board?,1,opg_no_order_loss,11,0,3,1,2,0,0.0,0.0,0.0
groundmore/bWIFrjlugwI_0325_0331/1__exp1/1,groundmore,test,bWIFrjlugwI_0325_0331,1__exp1,1,sequential,Who kneed the dough after placing it on the cutting board?,1,opg_no_order_loss,23,0,3,1,2,0,0.0,0.0,0.0
groundmore/bWIFrjlugwI_0325_0331/1__exp1/1,groundmore,test,bWIFrjlugwI_0325_0331,1__exp1,1,sequential,Who kneed the dough after placing it on the cutting board?,1,opg_no_order_loss,42,0,3,1,2,0,0.0,0.0,0.0
groundmore/bWIFrjlugwI_0325_0331/1__exp1/1,groundmore,test,bWIFrjlugwI_0325_0331,1__exp1,1,sequential,Who kneed the dough after placing it on the cutting board?,1,opg_full,ensemble,0,3,1,2,0,0.0,0.0,0.0
groundmore/bWIFrjlugwI_0325_0331/1__exp1/1,groundmore,test,bWIFrjlugwI_0325_0331,1__exp1,1,sequential,Who kneed the dough after placing it on the cutting board?,1,opg_full,11,0,3,1,2,0,0.0,0.0,0.0
groundmore/bWIFrjlugwI_0325_0331/1__exp1/1,groundmore,test,bWIFrjlugwI_0325_0331,1__exp1,1,sequential,Who kneed the dough after placing it on the cutting board?,1,opg_full,23,0,3,1,2,0,0.0,0.0,0.0
groundmore/bWIFrjlugwI_0325_0331/1__exp1/1,groundmore,test,bWIFrjlugwI_0325_0331,1__exp1,1,sequential,Who kneed the dough after placing it on the cutting board?,1,opg_full,42,0,3,1,2,0,0.0,0.0,0.0
groundmore/bWIFrjlugwI_0325_0331/2__exp2/2,groundmore,test,bWIFrjlugwI_0325_0331,2__exp2,2,sequential,What does the woman kneed after placing it on the cutting board?,1,mean_pool,ensemble,0,0,,,0,0.0,0.0,0.0
groundmore/bWIFrjlugwI_0325_0331/2__exp2/2,groundmore,test,bWIFrjlugwI_0325_0331,2__exp2,2,sequential,What does the woman kneed after placing it on the cutting board?,1,opg_no_monotonic,ensemble,0,0,,,0,0.0,0.0,0.0
groundmore/bWIFrjlugwI_0325_0331/2__exp2/2,groundmore,test,bWIFrjlugwI_0325_0331,2__exp2,2,sequential,What does the woman kneed after placing it on the cutting board?,1,opg_no_order_loss,ensemble,0,0,,,0,0.0,0.0,0.0
groundmore/bWIFrjlugwI_0325_0331/2__exp2/2,groundmore,test,bWIFrjlugwI_0325_0331,2__exp2,2,sequential,What does the woman kneed after placing it on the cutting board?,1,opg_full,ensemble,0,0,,,0,0.0,0.0,0.0
groundmore/bWIFrjlugwI_1142_1148/1__exp1/1,groundmore,test,bWIFrjlugwI_1142_1148,1__exp1,1,sequential,Who lifts up the girl after she falls down?,1,mean_pool,ensemble,0,0,,,0,0.0,0.0,0.0
groundmore/bWIFrjlugwI_1142_1148/1__exp1/1,groundmore,test,bWIFrjlugwI_1142_1148,1__exp1,1,sequential,Who lifts up the girl after she falls down?,1,opg_no_monotonic,ensemble,0,0,,,0,0.0,0.0,0.0
groundmore/bWIFrjlugwI_1142_1148/1__exp1/1,groundmore,test,bWIFrjlugwI_1142_1148,1__exp1,1,sequential,Who lifts up the girl after she falls down?,1,opg_no_order_loss,ensemble,0,0,,,0,0.0,0.0,0.0
groundmore/bWIFrjlugwI_1142_1148/1__exp1/1,groundmore,test,bWIFrjlugwI_1142_1148,1__exp1,1,sequential,Who lifts up the girl after she falls down?,1,opg_full,ensemble,0,0,,,0,0.0,0.0,0.0
groundmore/bWIFrjlugwI_1142_1148/2__exp2/2,groundmore,test,bWIFrjlugwI_1142_1148,2__exp2,2,sequential,Who does the man lift up after she falls down?,1,mean_pool,ensemble,0,0,,,0,0.0,0.0,0.0
groundmore/bWIFrjlugwI_1142_1148/2__exp2/2,groundmore,test,bWIFrjlugwI_1142_1148,2__exp2,2,sequential,Who does the man lift up after she falls down?,1,opg_no_monotonic,ensemble,0,0,,,0,0.0,0.0,0.0
groundmore/bWIFrjlugwI_1142_1148/2__exp2/2,groundmore,test,bWIFrjlugwI_1142_1148,2__exp2,2,sequential,Who does the man lift up after she falls down?,1,opg_no_order_loss,ensemble,0,0,,,0,0.0,0.0,0.0
groundmore/bWIFrjlugwI_1142_1148/2__exp2/2,groundmore,test,bWIFrjlugwI_1142_1148,2__exp2,2,sequential,Who does the man lift up after she falls down?,1,opg_full,ensemble,0,0,,,0,0.0,0.0,0.0
groundmore/bWIFrjlugwI_1237_1245/1__exp1/1,groundmore,test,bWIFrjlugwI_1237_1245,1__exp1,1,sequential,Who slides down on the skateboard ramp after climbing the ramp?,1,mean_pool,ensemble,0,0,,,0,0.0,0.0,0.0
groundmore/bWIFrjlugwI_1237_1245/1__exp1/1,groundmore,test,bWIFrjlugwI_1237_1245,1__exp1,1,sequential,Who slides down on the skateboard ramp after climbing the ramp?,1,opg_no_monotonic,ensemble,0,0,,,0,0.0,0.0,0.0
groundmore/bWIFrjlugwI_1237_1245/1__exp1/1,groundmore,test,bWIFrjlugwI_1237_1245,1__exp1,1,sequential,Who slides down on the skateboard ramp after climbing the ramp?,1,opg_no_order_loss,ensemble,0,0,,,0,0.0,0.0,0.0
groundmore/bWIFrjlugwI_1237_1245/1__exp1/1,groundmore,test,bWIFrjlugwI_1237_1245,1__exp1,1,sequential,Who slides down on the skateboard ramp after climbing the ramp?,1,opg_full,ensemble,0,0,,,0,0.0,0.0,0.0
groundmore/bWIFrjlugwI_1237_1245/2__exp2/2,groundmore,test,bWIFrjlugwI_1237_1245,2__exp2,2,sequential,What does the girl slide down on after climbing the ramp?,1,mean_pool,ensemble,0,0,,,0,0.0,0.0,0.0
groundmore/bWIFrjlugwI_1237_1245/2__exp2/2,groundmore,test,bWIFrjlugwI_1237_1245,2__exp2,2,sequential,What does the girl slide down on after climbing the ramp?,1,opg_no_monotonic,ensemble,0,0,,,0,0.0,0.0,0.0
groundmore/bWIFrjlugwI_1237_1245/2__exp2/2,groundmore,test,bWIFrjlugwI_1237_1245,2__exp2,2,sequential,What does the girl slide down on after climbing the ramp?,1,opg_no_order_loss,ensemble,0,0,,,0,0.0,0.0,0.0
groundmore/bWIFrjlugwI_1237_1245/2__exp2/2,groundmore,test,bWIFrjlugwI_1237_1245,2__exp2,2,sequential,What does the girl slide down on after climbing the ramp?,1,opg_full,ensemble,0,0,,,0,0.0,0.0,0.0
groundmore/bWIFrjlugwI_1655_1659/1__exp1/1,groundmore,test,bWIFrjlugwI_1655_1659,1__exp1,1,sequential,Who puts a lid on the jar of onions after pouring the onions into the pan?,1,mean_pool,ensemble,0,0,,,0,0.0,0.0,0.0
groundmore/bWIFrjlugwI_1655_1659/1__exp1/1,groundmore,test,bWIFrjlugwI_1655_1659,1__exp1,1,sequential,Who puts a lid on the jar of onions after pouring the onions into the pan?,1,opg_no_monotonic,ensemble,0,0,,,0,0.0,0.0,0.0
groundmore/bWIFrjlugwI_1655_1659/1__exp1/1,groundmore,test,bWIFrjlugwI_1655_1659,1__exp1,1,sequential,Who puts a lid on the jar of onions after pouring the onions into the pan?,1,opg_no_order_loss,ensemble,0,0,,,0,0.0,0.0,0.0
groundmore/bWIFrjlugwI_1655_1659/1__exp1/1,groundmore,test,bWIFrjlugwI_1655_1659,1__exp1,1,sequential,Who puts a lid on the jar of onions after pouring the onions into the pan?,1,opg_full,ensemble,0,0,,,0,0.0,0.0,0.0
groundmore/bWIFrjlugwI_1655_1659/2__exp2/2,groundmore,test,bWIFrjlugwI_1655_1659,2__exp2,2,sequential,What does the woman put a lid on after pouring the onions into the pan?,1,mean_pool,ensemble,0,0,,,0,0.0,0.0,0.0
groundmore/bWIFrjlugwI_1655_1659/2__exp2/2,groundmore,test,bWIFrjlugwI_1655_1659,2__exp2,2,sequential,What does the woman put a lid on after pouring the onions into the pan?,1,opg_no_monotonic,ensemble,0,0,,,0,0.0,0.0,0.0
groundmore/bWIFrjlugwI_1655_1659/2__exp2/2,groundmore,test,bWIFrjlugwI_1655_1659,2__exp2,2,sequential,What does the woman put a lid on after pouring the onions into the pan?,1,opg_no_order_loss,ensemble,0,0,,,0,0.0,0.0,0.0
groundmore/bWIFrjlugwI_1655_1659/2__exp2/2,groundmore,test,bWIFrjlugwI_1655_1659,2__exp2,2,sequential,What does the woman put a lid on after pouring the onions into the pan?,1,opg_full,ensemble,0,0,,,0,0.0,0.0,0.0
groundmore/bWIFrjlugwI_1655_1659/3__exp3/3,groundmore,test,bWIFrjlugwI_1655_1659,3__exp3,3,sequential,Where does the woman pour the onions before she puts a lid on the jar?,1,mean_pool,ensemble,0,0,,,0,0.0,0.0,0.0
groundmore/bWIFrjlugwI_1655_1659/3__exp3/3,groundmore,test,bWIFrjlugwI_1655_1659,3__exp3,3,sequential,Where does the woman pour the onions before she puts a lid on the jar?,1,opg_no_monotonic,ensemble,0,0,,,0,0.0,0.0,0.0
groundmore/bWIFrjlugwI_1655_1659/3__exp3/3,groundmore,test,bWIFrjlugwI_1655_1659,3__exp3,3,sequential,Where does the woman pour the onions before she puts a lid on the jar?,1,opg_no_order_loss,ensemble,0,0,,,0,0.0,0.0,0.0
groundmore/bWIFrjlugwI_1655_1659/3__exp3/3,groundmore,test,bWIFrjlugwI_1655_1659,3__exp3,3,sequential,Where does the woman pour the onions before she puts a lid on the jar?,1,opg_full,ensemble,0,0,,,0,0.0,0.0,0.0
groundmore/bWIFrjlugwI_1655_1659/4__exp4/4,groundmore,test,bWIFrjlugwI_1655_1659,4__exp4,4,sequential,What does the woman put on the jar of onions after pouring the onions into the pan?,1,mean_pool,ensemble,0,0,,,0,0.0,0.0,0.0
groundmore/bWIFrjlugwI_1655_1659/4__exp4/4,groundmore,test,bWIFrjlugwI_1655_1659,4__exp4,4,sequential,What does the woman put on the jar of onions after pouring the onions into the pan?,1,opg_no_monotonic,ensemble,0,0,,,0,0.0,0.0,0.0
groundmore/bWIFrjlugwI_1655_1659/4__exp4/4,groundmore,test,bWIFrjlugwI_1655_1659,4__exp4,4,sequential,What does the woman put on the jar of onions after pouring the onions into the pan?,1,opg_no_order_loss,ensemble,0,0,,,0,0.0,0.0,0.0
groundmore/bWIFrjlugwI_1655_1659/4__exp4/4,groundmore,test,bWIFrjlugwI_1655_1659,4__exp4,4,sequential,What does the woman put on the jar of onions after pouring the onions into the pan?,1,opg_full,ensemble,0,0,,,0,0.0,0.0,0.0
groundmore/bWIFrjlugwI_1727_1735/1__exp1/1,groundmore,test,bWIFrjlugwI_1727_1735,1__exp1,1,sequential,Who gives candy to the woman before eating by himself?,1,mean_pool,ensemble,0,0,,,0,0.0,0.0,0.0
groundmore/bWIFrjlugwI_1727_1735/1__exp1/1,groundmore,test,bWIFrjlugwI_1727_1735,1__exp1,1,sequential,Who gives candy to the woman before eating by himself?,1,opg_no_monotonic,ensemble,0,0,,,0,0.0,0.0,0.0
groundmore/bWIFrjlugwI_1727_1735/1__exp1/1,groundmore,test,bWIFrjlugwI_1727_1735,1__exp1,1,sequential,Who gives candy to the woman before eating by himself?,1,opg_no_order_loss,ensemble,0,0,,,0,0.0,0.0,0.0
groundmore/bWIFrjlugwI_1727_1735/1__exp1/1,groundmore,test,bWIFrjlugwI_1727_1735,1__exp1,1,sequential,Who gives candy to the woman before eating by himself?,1,opg_full,ensemble,0,0,,,0,0.0,0.0,0.0
groundmore/bWIFrjlugwI_1727_1735/2__exp2/2,groundmore,test,bWIFrjlugwI_1727_1735,2__exp2,2,sequential,What does the man give to the woman before eating by himself?,1,mean_pool,ensemble,0,0,,,0,0.0,0.0,0.0
groundmore/bWIFrjlugwI_1727_1735/2__exp2/2,groundmore,test,bWIFrjlugwI_1727_1735,2__exp2,2,sequential,What does the man give to the woman before eating by himself?,1,opg_no_monotonic,ensemble,0,0,,,0,0.0,0.0,0.0
groundmore/bWIFrjlugwI_1727_1735/2__exp2/2,groundmore,test,bWIFrjlugwI_1727_1735,2__exp2,2,sequential,What does the man give to the woman before eating by himself?,1,opg_no_order_loss,ensemble,0,0,,,0,0.0,0.0,0.0
groundmore/bWIFrjlugwI_1727_1735/2__exp2/2,groundmore,test,bWIFrjlugwI_1727_1735,2__exp2,2,sequential,What does the man give to the woman before eating by himself?,1,opg_full,ensemble,0,0,,,0,0.0,0.0,0.0
groundmore/bWIFrjlugwI_1754_1802/1__exp1/1,groundmore,test,bWIFrjlugwI_1754_1802,1__exp1,1,sequential,Who stirs the ingredients in the pan after the girl adds a butter cube into the pan?,1,mean_pool,ensemble,0,0,,,0,0.0,0.0,0.0
groundmore/bWIFrjlugwI_1754_1802/1__exp1/1,groundmore,test,bWIFrjlugwI_1754_1802,1__exp1,1,sequential,Who stirs the ingredients in the pan after the girl adds a butter cube into the pan?,1,opg_no_monotonic,ensemble,0,0,,,0,0.0,0.0,0.0
groundmore/bWIFrjlugwI_1754_1802/1__exp1/1,groundmore,test,bWIFrjlugwI_1754_1802,1__exp1,1,sequential,Who stirs the ingredients in the pan after the girl adds a butter cube into the pan?,1,opg_no_order_loss,ensemble,0,0,,,0,0.0,0.0,0.0
groundmore/bWIFrjlugwI_1754_1802/1__exp1/1,groundmore,test,bWIFrjlugwI_1754_1802,1__exp1,1,sequential,Who stirs the ingredients in the pan after the girl adds a butter cube into the pan?,1,opg_full,ensemble,0,0,,,0,0.0,0.0,0.0
groundmore/bWIFrjlugwI_1754_1802/2__exp2/2,groundmore,test,bWIFrjlugwI_1754_1802,2__exp2,2,sequential,What does the woman stir in the pan after the girl adds a butter cube into the pan?,1,mean_pool,ensemble,0,0,,,0,0.0,0.0,0.0
groundmore/bWIFrjlugwI_1754_1802/2__exp2/2,groundmore,test,bWIFrjlugwI_1754_1802,2__exp2,2,sequential,What does the woman stir in the pan after the girl adds a butter cube into the pan?,1,opg_no_monotonic,ensemble,0,0,,,0,0.0,0.0,0.0
groundmore/bWIFrjlugwI_1754_1802/2__exp2/2,groundmore,test,bWIFrjlugwI_1754_1802,2__exp2,2,sequential,What does the woman stir in the pan after the girl adds a butter cube into the pan?,1,opg_no_order_loss,ensemble,0,0,,,0,0.0,0.0,0.0
groundmore/bWIFrjlugwI_1754_1802/2__exp2/2,groundmore,test,bWIFrjlugwI_1754_1802,2__exp2,2,sequential,What does the woman stir in the pan after the girl adds a butter cube into the pan?,1,opg_full,ensemble,0,0,,,0,0.0,0.0,0.0
groundmore/co3pn3eL5-Y_0147_0153/1__exp1/1,groundmore,test,co3pn3eL5-Y_0147_0153,1__exp1,1,sequential,Who stops the ball before kicking it?,1,mean_pool,ensemble,0,0,,,0,0.0,0.0,0.0
groundmore/co3pn3eL5-Y_0147_0153/1__exp1/1,groundmore,test,co3pn3eL5-Y_0147_0153,1__exp1,1,sequential,Who stops the ball before kicking it?,1,opg_no_monotonic,ensemble,0,0,,,0,0.0,0.0,0.0
groundmore/co3pn3eL5-Y_0147_0153/1__exp1/1,groundmore,test,co3pn3eL5-Y_0147_0153,1__exp1,1,sequential,Who stops the ball before kicking it?,1,opg_no_order_loss,ensemble,0,0,,,0,0.0,0.0,0.0
groundmore/co3pn3eL5-Y_0147_0153/1__exp1/1,groundmore,test,co3pn3eL5-Y_0147_0153,1__exp1,1,sequential,Who stops the ball before kicking it?,1,opg_full,ensemble,0,0,,,0,0.0,0.0,0.0
groundmore/co3pn3eL5-Y_0147_0153/1__exp5/5,groundmore,test,co3pn3eL5-Y_0147_0153,1__exp5,5,sequential,Who kicks the ball after stopping it?,1,mean_pool,ensemble,0,0,,,0,0.0,0.0,0.0
groundmore/co3pn3eL5-Y_0147_0153/1__exp5/5,groundmore,test,co3pn3eL5-Y_0147_0153,1__exp5,5,sequential,Who kicks the ball after stopping it?,1,opg_no_monotonic,ensemble,0,0,,,0,0.0,0.0,0.0
groundmore/co3pn3eL5-Y_0147_0153/1__exp5/5,groundmore,test,co3pn3eL5-Y_0147_0153,1__exp5,5,sequential,Who kicks the ball after stopping it?,1,opg_no_order_loss,ensemble,0,0,,,0,0.0,0.0,0.0
groundmore/co3pn3eL5-Y_0147_0153/1__exp5/5,groundmore,test,co3pn3eL5-Y_0147_0153,1__exp5,5,sequential,Who kicks the ball after stopping it?,1,opg_full,ensemble,0,0,,,0,0.0,0.0,0.0
groundmore/co3pn3eL5-Y_0147_0153/2__exp2/2,groundmore,test,co3pn3eL5-Y_0147_0153,2__exp2,2,sequential,What does the boy in green stop before he kicks it?,1,mean_pool,ensemble,0,0,,,0,0.0,0.0,0.0
groundmore/co3pn3eL5-Y_0147_0153/2__exp2/2,groundmore,test,co3pn3eL5-Y_0147_0153,2__exp2,2,sequential,What does the boy in green stop before he kicks it?,1,opg_no_monotonic,ensemble,0,0,,,0,0.0,0.0,0.0
groundmore/co3pn3eL5-Y_0147_0153/2__exp2/2,groundmore,test,co3pn3eL5-Y_0147_0153,2__exp2,2,sequential,What does the boy in green stop before he kicks it?,1,opg_no_order_loss,ensemble,0,0,,,0,0.0,0.0,0.0
groundmore/co3pn3eL5-Y_0147_0153/2__exp2/2,groundmore,test,co3pn3eL5-Y_0147_0153,2__exp2,2,sequential,What does the boy in green stop before he kicks it?,1,opg_full,ensemble,0,0,,,0,0.0,0.0,0.0
groundmore/co3pn3eL5-Y_0147_0153/2__exp6/6,groundmore,test,co3pn3eL5-Y_0147_0153,2__exp6,6,sequential,What does the boy in green kick after he stops it?,1,mean_pool,ensemble,0,0,,,0,0.0,0.0,0.0
groundmore/co3pn3eL5-Y_0147_0153/2__exp6/6,groundmore,test,co3pn3eL5-Y_0147_0153,2__exp6,6,sequential,What does the boy in green kick after he stops it?,1,opg_no_monotonic,ensemble,0,0,,,0,0.0,0.0,0.0
groundmore/co3pn3eL5-Y_0147_0153/2__exp6/6,groundmore,test,co3pn3eL5-Y_0147_0153,2__exp6,6,sequential,What does the boy in green kick after he stops it?,1,opg_no_order_loss,ensemble,0,0,,,0,0.0,0.0,0.0
groundmore/co3pn3eL5-Y_0147_0153/2__exp6/6,groundmore,test,co3pn3eL5-Y_0147_0153,2__exp6,6,sequential,What does the boy in green kick after he stops it?,1,opg_full,ensemble,0,0,,,0,0.0,0.0,0.0
groundmore/co3pn3eL5-Y_0244_0254/1__exp12/12,groundmore,test,co3pn3eL5-Y_0244_0254,1__exp12,12,sequential,Who does the woman in the grey shirt congratulate after a point is scored?,1,mean_pool,ensemble,0,0,,,0,0.0,0.0,0.0
groundmore/co3pn3eL5-Y_0244_0254/1__exp12/12,groundmore,test,co3pn3eL5-Y_0244_0254,1__exp12,12,sequential,Who does the woman in the grey shirt congratulate after a point is scored?,1,opg_no_monotonic,ensemble,0,0,,,0,0.0,0.0,0.0
groundmore/co3pn3eL5-Y_0244_0254/1__exp12/12,groundmore,test,co3pn3eL5-Y_0244_0254,1__exp12,12,sequential,Who does the woman in the grey shirt congratulate after a point is scored?,1,opg_no_order_loss,ensemble,0,0,,,0,0.0,0.0,0.0
groundmore/co3pn3eL5-Y_0244_0254/1__exp12/12,groundmore,test,co3pn3eL5-Y_0244_0254,1__exp12,12,sequential,Who does the woman in the grey shirt congratulate after a point is scored?,1,opg_full,ensemble,0,0,,,0,0.0,0.0,0.0
groundmore/co3pn3eL5-Y_0244_0254/1__exp7/7,groundmore,test,co3pn3eL5-Y_0244_0254,1__exp7,7,sequential,Who celebrates with the woman in the grey shirt after scoring?,1,mean_pool,ensemble,1,1,0,0,1,0.8004134140524203,0.8181012551622626,0.8092573346073415
groundmore/co3pn3eL5-Y_0244_0254/1__exp7/7,groundmore,test,co3pn3eL5-Y_0244_0254,1__exp7,7,sequential,Who celebrates with the woman in the grey shirt after scoring?,1,mean_pool,11,1,1,0,0,1,0.8004134140524203,0.8181012551622626,0.8092573346073415
groundmore/co3pn3eL5-Y_0244_0254/1__exp7/7,groundmore,test,co3pn3eL5-Y_0244_0254,1__exp7,7,sequential,Who celebrates with the woman in the grey shirt after scoring?,1,mean_pool,23,1,1,0,0,1,0.8004134140524203,0.8181012551622626,0.8092573346073415
groundmore/co3pn3eL5-Y_0244_0254/1__exp7/7,groundmore,test,co3pn3eL5-Y_0244_0254,1__exp7,7,sequential,Who celebrates with the woman in the grey shirt after scoring?,1,mean_pool,42,1,1,0,0,1,0.8004134140524203,0.8181012551622626,0.8092573346073415
groundmore/co3pn3eL5-Y_0244_0254/1__exp7/7,groundmore,test,co3pn3eL5-Y_0244_0254,1__exp7,7,sequential,Who celebrates with the woman in the grey shirt after scoring?,1,opg_no_monotonic,ensemble,1,1,0,0,1,0.8004134140524203,0.8181012551622626,0.8092573346073415
groundmore/co3pn3eL5-Y_0244_0254/1__exp7/7,groundmore,test,co3pn3eL5-Y_0244_0254,1__exp7,7,sequential,Who celebrates with the woman in the grey shirt after scoring?,1,opg_no_monotonic,11,1,1,0,0,1,0.8004134140524203,0.8181012551622626,0.8092573346073415
groundmore/co3pn3eL5-Y_0244_0254/1__exp7/7,groundmore,test,co3pn3eL5-Y_0244_0254,1__exp7,7,sequential,Who celebrates with the woman in the grey shirt after scoring?,1,opg_no_monotonic,23,1,1,0,0,1,0.8004134140524203,0.8181012551622626,0.8092573346073415
groundmore/co3pn3eL5-Y_0244_0254/1__exp7/7,groundmore,test,co3pn3eL5-Y_0244_0254,1__exp7,7,sequential,Who celebrates with the woman in the grey shirt after scoring?,1,opg_no_monotonic,42,1,1,0,0,1,0.8004134140524203,0.8181012551622626,0.8092573346073415
groundmore/co3pn3eL5-Y_0244_0254/1__exp7/7,groundmore,test,co3pn3eL5-Y_0244_0254,1__exp7,7,sequential,Who celebrates with the woman in the grey shirt after scoring?,1,opg_no_order_loss,ensemble,1,1,0,0,1,0.8004134140524203,0.8181012551622626,0.8092573346073415
groundmore/co3pn3eL5-Y_0244_0254/1__exp7/7,groundmore,test,co3pn3eL5-Y_0244_0254,1__exp7,7,sequential,Who celebrates with the woman in the grey shirt after scoring?,1,opg_no_order_loss,11,1,1,0,0,1,0.8004134140524203,0.8181012551622626,0.8092573346073415
groundmore/co3pn3eL5-Y_0244_0254/1__exp7/7,groundmore,test,co3pn3eL5-Y_0244_0254,1__exp7,7,sequential,Who celebrates with the woman in the grey shirt after scoring?,1,opg_no_order_loss,23,1,1,0,0,1,0.8004134140524203,0.8181012551622626,0.8092573346073415
groundmore/co3pn3eL5-Y_0244_0254/1__exp7/7,groundmore,test,co3pn3eL5-Y_0244_0254,1__exp7,7,sequential,Who celebrates with the woman in the grey shirt after scoring?,1,opg_no_order_loss,42,1,1,0,0,1,0.8004134140524203,0.8181012551622626,0.8092573346073415
groundmore/co3pn3eL5-Y_0244_0254/1__exp7/7,groundmore,test,co3pn3eL5-Y_0244_0254,1__exp7,7,sequential,Who celebrates with the woman in the grey shirt after scoring?,1,opg_full,ensemble,1,1,0,0,1,0.8004134140524203,0.8181012551622626,0.8092573346073415
groundmore/co3pn3eL5-Y_0244_0254/1__exp7/7,groundmore,test,co3pn3eL5-Y_0244_0254,1__exp7,7,sequential,Who celebrates with the woman in the grey shirt after scoring?,1,opg_full,11,1,1,0,0,1,0.8004134140524203,0.8181012551622626,0.8092573346073415
groundmore/co3pn3eL5-Y_0244_0254/1__exp7/7,groundmore,test,co3pn3eL5-Y_0244_0254,1__exp7,7,sequential,Who celebrates with the woman in the grey shirt after scoring?,1,opg_full,23,1,1,0,0,1,0.8004134140524203,0.8181012551622626,0.8092573346073415
groundmore/co3pn3eL5-Y_0244_0254/1__exp7/7,groundmore,test,co3pn3eL5-Y_0244_0254,1__exp7,7,sequential,Who celebrates with the woman in the grey shirt after scoring?,1,opg_full,42,1,1,0,0,1,0.8004134140524203,0.8181012551622626,0.8092573346073415
groundmore/co3pn3eL5-Y_0244_0254/4__exp11/11,groundmore,test,co3pn3eL5-Y_0244_0254,4__exp11,11,sequential,Who congratulates the boy in the green shirt after the boy in the green shirt scores a point?,1,mean_pool,ensemble,0,0,,,0,0.0,0.0,0.0
groundmore/co3pn3eL5-Y_0244_0254/4__exp11/11,groundmore,test,co3pn3eL5-Y_0244_0254,4__exp11,11,sequential,Who congratulates the boy in the green shirt after the boy in the green shirt scores a point?,1,opg_no_monotonic,ensemble,0,0,,,0,0.0,0.0,0.0
groundmore/co3pn3eL5-Y_0244_0254/4__exp11/11,groundmore,test,co3pn3eL5-Y_0244_0254,4__exp11,11,sequential,Who congratulates the boy in the green shirt after the boy in the green shirt scores a point?,1,opg_no_order_loss,ensemble,0,0,,,0,0.0,0.0,0.0
groundmore/co3pn3eL5-Y_0244_0254/4__exp11/11,groundmore,test,co3pn3eL5-Y_0244_0254,4__exp11,11,sequential,Who congratulates the boy in the green shirt after the boy in the green shirt scores a point?,1,opg_full,ensemble,0,0,,,0,0.0,0.0,0.0
groundmore/co3pn3eL5-Y_0244_0254/4__exp8/8,groundmore,test,co3pn3eL5-Y_0244_0254,4__exp8,8,sequential,Who does the boy in the green shirt celebrate with after scoring?,1,mean_pool,ensemble,0,0,,,0,0.0,0.0,0.0
groundmore/co3pn3eL5-Y_0244_0254/4__exp8/8,groundmore,test,co3pn3eL5-Y_0244_0254,4__exp8,8,sequential,Who does the boy in the green shirt celebrate with after scoring?,1,opg_no_monotonic,ensemble,0,0,,,0,0.0,0.0,0.0
groundmore/co3pn3eL5-Y_0244_0254/4__exp8/8,groundmore,test,co3pn3eL5-Y_0244_0254,4__exp8,8,sequential,Who does the boy in the green shirt celebrate with after scoring?,1,opg_no_order_loss,ensemble,0,0,,,0,0.0,0.0,0.0
groundmore/co3pn3eL5-Y_0244_0254/4__exp8/8,groundmore,test,co3pn3eL5-Y_0244_0254,4__exp8,8,sequential,Who does the boy in the green shirt celebrate with after scoring?,1,opg_full,ensemble,0,0,,,0,0.0,0.0,0.0
groundmore/co3pn3eL5-Y_0411_0422/1__exp2/2,groundmore,test,co3pn3eL5-Y_0411_0422,1__exp2,2,sequential,Who celebrates after the boy in the green shirt scores a point?,1,mean_pool,ensemble,1,1,0,0,1,0.3,0.3,0.3
groundmore/co3pn3eL5-Y_0411_0422/1__exp2/2,groundmore,test,co3pn3eL5-Y_0411_0422,1__exp2,2,sequential,Who celebrates after the boy in the green shirt scores a point?,1,mean_pool,11,1,1,0,0,1,0.3,0.3,0.3
groundmore/co3pn3eL5-Y_0411_0422/1__exp2/2,groundmore,test,co3pn3eL5-Y_0411_0422,1__exp2,2,sequential,Who celebrates after the boy in the green shirt scores a point?,1,mean_pool,23,1,1,0,0,1,0.3,0.3,0.3
groundmore/co3pn3eL5-Y_0411_0422/1__exp2/2,groundmore,test,co3pn3eL5-Y_0411_0422,1__exp2,2,sequential,Who celebrates after the boy in the green shirt scores a point?,1,mean_pool,42,1,1,0,0,1,0.3,0.3,0.3
groundmore/co3pn3eL5-Y_0411_0422/1__exp2/2,groundmore,test,co3pn3eL5-Y_0411_0422,1__exp2,2,sequential,Who celebrates after the boy in the green shirt scores a point?,1,opg_no_monotonic,ensemble,1,1,0,0,1,0.3,0.3,0.3
groundmore/co3pn3eL5-Y_0411_0422/1__exp2/2,groundmore,test,co3pn3eL5-Y_0411_0422,1__exp2,2,sequential,Who celebrates after the boy in the green shirt scores a point?,1,opg_no_monotonic,11,1,1,0,0,1,0.3,0.3,0.3
groundmore/co3pn3eL5-Y_0411_0422/1__exp2/2,groundmore,test,co3pn3eL5-Y_0411_0422,1__exp2,2,sequential,Who celebrates after the boy in the green shirt scores a point?,1,opg_no_monotonic,23,1,1,0,0,1,0.3,0.3,0.3
groundmore/co3pn3eL5-Y_0411_0422/1__exp2/2,groundmore,test,co3pn3eL5-Y_0411_0422,1__exp2,2,sequential,Who celebrates after the boy in the green shirt scores a point?,1,opg_no_monotonic,42,1,1,0,0,1,0.3,0.3,0.3
groundmore/co3pn3eL5-Y_0411_0422/1__exp2/2,groundmore,test,co3pn3eL5-Y_0411_0422,1__exp2,2,sequential,Who celebrates after the boy in the green shirt scores a point?,1,opg_no_order_loss,ensemble,1,1,0,0,1,0.3,0.3,0.3
groundmore/co3pn3eL5-Y_0411_0422/1__exp2/2,groundmore,test,co3pn3eL5-Y_0411_0422,1__exp2,2,sequential,Who celebrates after the boy in the green shirt scores a point?,1,opg_no_order_loss,11,1,1,0,0,1,0.3,0.3,0.3
groundmore/co3pn3eL5-Y_0411_0422/1__exp2/2,groundmore,test,co3pn3eL5-Y_0411_0422,1__exp2,2,sequential,Who celebrates after the boy in the green shirt scores a point?,1,opg_no_order_loss,23,1,1,0,0,1,0.3,0.3,0.3
groundmore/co3pn3eL5-Y_0411_0422/1__exp2/2,groundmore,test,co3pn3eL5-Y_0411_0422,1__exp2,2,sequential,Who celebrates after the boy in the green shirt scores a point?,1,opg_no_order_loss,42,1,1,0,0,1,0.3,0.3,0.3
groundmore/co3pn3eL5-Y_0411_0422/1__exp2/2,groundmore,test,co3pn3eL5-Y_0411_0422,1__exp2,2,sequential,Who celebrates after the boy in the green shirt scores a point?,1,opg_full,ensemble,1,1,0,0,1,0.3,0.3,0.3
groundmore/co3pn3eL5-Y_0411_0422/1__exp2/2,groundmore,test,co3pn3eL5-Y_0411_0422,1__exp2,2,sequential,Who celebrates after the boy in the green shirt scores a point?,1,opg_full,11,1,1,0,0,1,0.3,0.3,0.3
groundmore/co3pn3eL5-Y_0411_0422/1__exp2/2,groundmore,test,co3pn3eL5-Y_0411_0422,1__exp2,2,sequential,Who celebrates after the boy in the green shirt scores a point?,1,opg_full,23,1,1,0,0,1,0.3,0.3,0.3
groundmore/co3pn3eL5-Y_0411_0422/1__exp2/2,groundmore,test,co3pn3eL5-Y_0411_0422,1__exp2,2,sequential,Who celebrates after the boy in the green shirt scores a point?,1,opg_full,42,1,1,0,0,1,0.3,0.3,0.3
groundmore/co3pn3eL5-Y_0411_0422/1__exp3/3,groundmore,test,co3pn3eL5-Y_0411_0422,1__exp3,3,sequential,Who scores a point before the boy in the shirt celebrates?,1,mean_pool,ensemble,0,0,,,0,0.0,0.0,0.0
groundmore/co3pn3eL5-Y_0411_0422/1__exp3/3,groundmore,test,co3pn3eL5-Y_0411_0422,1__exp3,3,sequential,Who scores a point before the boy in the shirt celebrates?,1,opg_no_monotonic,ensemble,0,0,,,0,0.0,0.0,0.0
groundmore/co3pn3eL5-Y_0411_0422/1__exp3/3,groundmore,test,co3pn3eL5-Y_0411_0422,1__exp3,3,sequential,Who scores a point before the boy in the shirt celebrates?,1,opg_no_order_loss,ensemble,0,0,,,0,0.0,0.0,0.0
groundmore/co3pn3eL5-Y_0411_0422/1__exp3/3,groundmore,test,co3pn3eL5-Y_0411_0422,1__exp3,3,sequential,Who scores a point before the boy in the shirt celebrates?,1,opg_full,ensemble,0,0,,,0,0.0,0.0,0.0
groundmore/co3pn3eL5-Y_0511_0523/1__exp1/1,groundmore,test,co3pn3eL5-Y_0511_0523,1__exp1,1,sequential,Who celebrates with the boy in the green shirt after the boy with the green shirt scores a point?,1,mean_pool,ensemble,0,0,,,0,0.0,0.0,0.0
groundmore/co3pn3eL5-Y_0511_0523/1__exp1/1,groundmore,test,co3pn3eL5-Y_0511_0523,1__exp1,1,sequential,Who celebrates with the boy in the green shirt after the boy with the green shirt scores a point?,1,opg_no_monotonic,ensemble,0,0,,,0,0.0,0.0,0.0
groundmore/co3pn3eL5-Y_0511_0523/1__exp1/1,groundmore,test,co3pn3eL5-Y_0511_0523,1__exp1,1,sequential,Who celebrates with the boy in the green shirt after the boy with the green shirt scores a point?,1,opg_no_order_loss,ensemble,0,0,,,0,0.0,0.0,0.0
groundmore/co3pn3eL5-Y_0511_0523/1__exp1/1,groundmore,test,co3pn3eL5-Y_0511_0523,1__exp1,1,sequential,Who celebrates with the boy in the green shirt after the boy with the green shirt scores a point?,1,opg_full,ensemble,0,0,,,0,0.0,0.0,0.0
groundmore/co3pn3eL5-Y_0511_0523/2__exp2/2,groundmore,test,co3pn3eL5-Y_0511_0523,2__exp2,2,sequential,With whom does the woman in the grey shirt celebrate after the boy with the green shirt scores a point?,1,mean_pool,ensemble,0,0,,,0,0.0,0.0,0.0
groundmore/co3pn3eL5-Y_0511_0523/2__exp2/2,groundmore,test,co3pn3eL5-Y_0511_0523,2__exp2,2,sequential,With whom does the woman in the grey shirt celebrate after the boy with the green shirt scores a point?,1,opg_no_monotonic,ensemble,0,0,,,0,0.0,0.0,0.0
groundmore/co3pn3eL5-Y_0511_0523/2__exp2/2,groundmore,test,co3pn3eL5-Y_0511_0523,2__exp2,2,sequential,With whom does the woman in the grey shirt celebrate after the boy with the green shirt scores a point?,1,opg_no_order_loss,ensemble,0,0,,,0,0.0,0.0,0.0
groundmore/co3pn3eL5-Y_0511_0523/2__exp2/2,groundmore,test,co3pn3eL5-Y_0511_0523,2__exp2,2,sequential,With whom does the woman in the grey shirt celebrate after the boy with the green shirt scores a point?,1,opg_full,ensemble,0,0,,,0,0.0,0.0,0.0
groundmore/co3pn3eL5-Y_0645_0652/1__exp10/10,groundmore,test,co3pn3eL5-Y_0645_0652,1__exp10,10,sequential,Who blocks the boy in the green shirt causing him to miss the shot?,0,mean_pool,ensemble,1,2,1,1,1,0.45,0.45,0.45
groundmore/co3pn3eL5-Y_0645_0652/1__exp10/10,groundmore,test,co3pn3eL5-Y_0645_0652,1__exp10,10,sequential,Who blocks the boy in the green shirt causing him to miss the shot?,0,mean_pool,11,1,2,1,1,1,0.45,0.45,0.45
groundmore/co3pn3eL5-Y_0645_0652/1__exp10/10,groundmore,test,co3pn3eL5-Y_0645_0652,1__exp10,10,sequential,Who blocks the boy in the green shirt causing him to miss the shot?,0,mean_pool,23,1,2,1,1,1,0.45,0.45,0.45
groundmore/co3pn3eL5-Y_0645_0652/1__exp10/10,groundmore,test,co3pn3eL5-Y_0645_0652,1__exp10,10,sequential,Who blocks the boy in the green shirt causing him to miss the shot?,0,mean_pool,42,1,2,1,1,1,0.45,0.45,0.45
groundmore/co3pn3eL5-Y_0645_0652/1__exp10/10,groundmore,test,co3pn3eL5-Y_0645_0652,1__exp10,10,sequential,Who blocks the boy in the green shirt causing him to miss the shot?,0,opg_no_monotonic,ensemble,1,2,1,1,1,0.45,0.45,0.45
groundmore/co3pn3eL5-Y_0645_0652/1__exp10/10,groundmore,test,co3pn3eL5-Y_0645_0652,1__exp10,10,sequential,Who blocks the boy in the green shirt causing him to miss the shot?,0,opg_no_monotonic,11,1,2,1,1,1,0.45,0.45,0.45
groundmore/co3pn3eL5-Y_0645_0652/1__exp10/10,groundmore,test,co3pn3eL5-Y_0645_0652,1__exp10,10,sequential,Who blocks the boy in the green shirt causing him to miss the shot?,0,opg_no_monotonic,23,1,2,1,1,1,0.45,0.45,0.45
groundmore/co3pn3eL5-Y_0645_0652/1__exp10/10,groundmore,test,co3pn3eL5-Y_0645_0652,1__exp10,10,sequential,Who blocks the boy in the green shirt causing him to miss the shot?,0,opg_no_monotonic,42,1,2,1,1,1,0.45,0.45,0.45
groundmore/co3pn3eL5-Y_0645_0652/1__exp10/10,groundmore,test,co3pn3eL5-Y_0645_0652,1__exp10,10,sequential,Who blocks the boy in the green shirt causing him to miss the shot?,0,opg_no_order_loss,ensemble,1,2,1,1,1,0.45,0.45,0.45
groundmore/co3pn3eL5-Y_0645_0652/1__exp10/10,groundmore,test,co3pn3eL5-Y_0645_0652,1__exp10,10,sequential,Who blocks the boy in the green shirt causing him to miss the shot?,0,opg_no_order_loss,11,1,2,1,1,1,0.45,0.45,0.45
groundmore/co3pn3eL5-Y_0645_0652/1__exp10/10,groundmore,test,co3pn3eL5-Y_0645_0652,1__exp10,10,sequential,Who blocks the boy in the green shirt causing him to miss the shot?,0,opg_no_order_loss,23,1,2,1,1,1,0.45,0.45,0.45
groundmore/co3pn3eL5-Y_0645_0652/1__exp10/10,groundmore,test,co3pn3eL5-Y_0645_0652,1__exp10,10,sequential,Who blocks the boy in the green shirt causing him to miss the shot?,0,opg_no_order_loss,42,1,2,1,1,1,0.45,0.45,0.45
groundmore/co3pn3eL5-Y_0645_0652/1__exp10/10,groundmore,test,co3pn3eL5-Y_0645_0652,1__exp10,10,sequential,Who blocks the boy in the green shirt causing him to miss the shot?,0,opg_full,ensemble,1,2,1,1,1,0.45,0.45,0.45
groundmore/co3pn3eL5-Y_0645_0652/1__exp10/10,groundmore,test,co3pn3eL5-Y_0645_0652,1__exp10,10,sequential,Who blocks the boy in the green shirt causing him to miss the shot?,0,opg_full,11,1,2,1,1,1,0.45,0.45,0.45
groundmore/co3pn3eL5-Y_0645_0652/1__exp10/10,groundmore,test,co3pn3eL5-Y_0645_0652,1__exp10,10,sequential,Who blocks the boy in the green shirt causing him to miss the shot?,0,opg_full,23,1,2,1,1,1,0.45,0.45,0.45
groundmore/co3pn3eL5-Y_0645_0652/1__exp10/10,groundmore,test,co3pn3eL5-Y_0645_0652,1__exp10,10,sequential,Who blocks the boy in the green shirt causing him to miss the shot?,0,opg_full,42,1,2,1,1,1,0.45,0.45,0.45
groundmore/co3pn3eL5-Y_0645_0652/2__exp8/8,groundmore,test,co3pn3eL5-Y_0645_0652,2__exp8,8,sequential,Who shoots the ball and misses after being blocked?,1,mean_pool,ensemble,1,2,0,1,0,0.35,0.35,0.35
groundmore/co3pn3eL5-Y_0645_0652/2__exp8/8,groundmore,test,co3pn3eL5-Y_0645_0652,2__exp8,8,sequential,Who shoots the ball and misses after being blocked?,1,mean_pool,11,1,2,0,1,0,0.35,0.35,0.35
groundmore/co3pn3eL5-Y_0645_0652/2__exp8/8,groundmore,test,co3pn3eL5-Y_0645_0652,2__exp8,8,sequential,Who shoots the ball and misses after being blocked?,1,mean_pool,23,1,2,0,1,0,0.35,0.35,0.35
groundmore/co3pn3eL5-Y_0645_0652/2__exp8/8,groundmore,test,co3pn3eL5-Y_0645_0652,2__exp8,8,sequential,Who shoots the ball and misses after being blocked?,1,mean_pool,42,1,2,0,1,0,0.35,0.35,0.35
groundmore/co3pn3eL5-Y_0645_0652/2__exp8/8,groundmore,test,co3pn3eL5-Y_0645_0652,2__exp8,8,sequential,Who shoots the ball and misses after being blocked?,1,opg_no_monotonic,ensemble,1,2,0,1,0,0.35,0.35,0.35
groundmore/co3pn3eL5-Y_0645_0652/2__exp8/8,groundmore,test,co3pn3eL5-Y_0645_0652,2__exp8,8,sequential,Who shoots the ball and misses after being blocked?,1,opg_no_monotonic,11,1,2,0,1,0,0.35,0.35,0.35
groundmore/co3pn3eL5-Y_0645_0652/2__exp8/8,groundmore,test,co3pn3eL5-Y_0645_0652,2__exp8,8,sequential,Who shoots the ball and misses after being blocked?,1,opg_no_monotonic,23,1,2,0,1,0,0.35,0.35,0.35
groundmore/co3pn3eL5-Y_0645_0652/2__exp8/8,groundmore,test,co3pn3eL5-Y_0645_0652,2__exp8,8,sequential,Who shoots the ball and misses after being blocked?,1,opg_no_monotonic,42,1,2,0,1,0,0.35,0.35,0.35
groundmore/co3pn3eL5-Y_0645_0652/2__exp8/8,groundmore,test,co3pn3eL5-Y_0645_0652,2__exp8,8,sequential,Who shoots the ball and misses after being blocked?,1,opg_no_order_loss,ensemble,1,2,0,1,0,0.35,0.35,0.35
groundmore/co3pn3eL5-Y_0645_0652/2__exp8/8,groundmore,test,co3pn3eL5-Y_0645_0652,2__exp8,8,sequential,Who shoots the ball and misses after being blocked?,1,opg_no_order_loss,11,1,2,0,1,0,0.35,0.35,0.35
groundmore/co3pn3eL5-Y_0645_0652/2__exp8/8,groundmore,test,co3pn3eL5-Y_0645_0652,2__exp8,8,sequential,Who shoots the ball and misses after being blocked?,1,opg_no_order_loss,23,1,2,0,1,0,0.35,0.35,0.35
groundmore/co3pn3eL5-Y_0645_0652/2__exp8/8,groundmore,test,co3pn3eL5-Y_0645_0652,2__exp8,8,sequential,Who shoots the ball and misses after being blocked?,1,opg_no_order_loss,42,1,2,0,1,0,0.35,0.35,0.35
groundmore/co3pn3eL5-Y_0645_0652/2__exp8/8,groundmore,test,co3pn3eL5-Y_0645_0652,2__exp8,8,sequential,Who shoots the ball and misses after being blocked?,1,opg_full,ensemble,1,2,0,1,0,0.35,0.35,0.35
groundmore/co3pn3eL5-Y_0645_0652/2__exp8/8,groundmore,test,co3pn3eL5-Y_0645_0652,2__exp8,8,sequential,Who shoots the ball and misses after being blocked?,1,opg_full,11,1,2,0,1,0,0.35,0.35,0.35
groundmore/co3pn3eL5-Y_0645_0652/2__exp8/8,groundmore,test,co3pn3eL5-Y_0645_0652,2__exp8,8,sequential,Who shoots the ball and misses after being blocked?,1,opg_full,23,1,2,0,1,0,0.35,0.35,0.35
groundmore/co3pn3eL5-Y_0645_0652/2__exp8/8,groundmore,test,co3pn3eL5-Y_0645_0652,2__exp8,8,sequential,Who shoots the ball and misses after being blocked?,1,opg_full,42,1,2,0,1,0,0.35,0.35,0.35
groundmore/co3pn3eL5-Y_0645_0652/3__exp9/9,groundmore,test,co3pn3eL5-Y_0645_0652,3__exp9,9,sequential,What does the boy in the green shirt shoot and miss after being blocked?,1,mean_pool,ensemble,0,0,,,0,0.0,0.0,0.0
groundmore/co3pn3eL5-Y_0645_0652/3__exp9/9,groundmore,test,co3pn3eL5-Y_0645_0652,3__exp9,9,sequential,What does the boy in the green shirt shoot and miss after being blocked?,1,opg_no_monotonic,ensemble,0,0,,,0,0.0,0.0,0.0
groundmore/co3pn3eL5-Y_0645_0652/3__exp9/9,groundmore,test,co3pn3eL5-Y_0645_0652,3__exp9,9,sequential,What does the boy in the green shirt shoot and miss after being blocked?,1,opg_no_order_loss,ensemble,0,0,,,0,0.0,0.0,0.0
groundmore/co3pn3eL5-Y_0645_0652/3__exp9/9,groundmore,test,co3pn3eL5-Y_0645_0652,3__exp9,9,sequential,What does the boy in the green shirt shoot and miss after being blocked?,1,opg_full,ensemble,0,0,,,0,0.0,0.0,0.0
groundmore/co3pn3eL5-Y_0810_0817/1__exp3/3,groundmore,test,co3pn3eL5-Y_0810_0817,1__exp3,3,sequential,Who maneuvers with the ball before shooting it?,1,mean_pool,ensemble,0,0,,,0,0.0,0.0,0.0
groundmore/co3pn3eL5-Y_0810_0817/1__exp3/3,groundmore,test,co3pn3eL5-Y_0810_0817,1__exp3,3,sequential,Who maneuvers with the ball before shooting it?,1,opg_no_monotonic,ensemble,0,0,,,0,0.0,0.0,0.0
groundmore/co3pn3eL5-Y_0810_0817/1__exp3/3,groundmore,test,co3pn3eL5-Y_0810_0817,1__exp3,3,sequential,Who maneuvers with the ball before shooting it?,1,opg_no_order_loss,ensemble,0,0,,,0,0.0,0.0,0.0
groundmore/co3pn3eL5-Y_0810_0817/1__exp3/3,groundmore,test,co3pn3eL5-Y_0810_0817,1__exp3,3,sequential,Who maneuvers with the ball before shooting it?,1,opg_full,ensemble,0,0,,,0,0.0,0.0,0.0
groundmore/co3pn3eL5-Y_0810_0817/2__exp4/4,groundmore,test,co3pn3eL5-Y_0810_0817,2__exp4,4,sequential,What does the boy in the green shirt maneuver with before he shoots?,1,mean_pool,ensemble,0,0,,,0,0.0,0.0,0.0
groundmore/co3pn3eL5-Y_0810_0817/2__exp4/4,groundmore,test,co3pn3eL5-Y_0810_0817,2__exp4,4,sequential,What does the boy in the green shirt maneuver with before he shoots?,1,opg_no_monotonic,ensemble,0,0,,,0,0.0,0.0,0.0
groundmore/co3pn3eL5-Y_0810_0817/2__exp4/4,groundmore,test,co3pn3eL5-Y_0810_0817,2__exp4,4,sequential,What does the boy in the green shirt maneuver with before he shoots?,1,opg_no_order_loss,ensemble,0,0,,,0,0.0,0.0,0.0
groundmore/co3pn3eL5-Y_0810_0817/2__exp4/4,groundmore,test,co3pn3eL5-Y_0810_0817,2__exp4,4,sequential,What does the boy in the green shirt maneuver with before he shoots?,1,opg_full,ensemble,0,0,,,0,0.0,0.0,0.0
groundmore/gHamJID-EoI_0237_0250/1__exp3/3,groundmore,test,gHamJID-EoI_0237_0250,1__exp3,3,sequential,Who sits on the bike after the man takes it from the car trunk?,1,mean_pool,ensemble,0,0,,,0,0.0,0.0,0.0
groundmore/gHamJID-EoI_0237_0250/1__exp3/3,groundmore,test,gHamJID-EoI_0237_0250,1__exp3,3,sequential,Who sits on the bike after the man takes it from the car trunk?,1,opg_no_monotonic,ensemble,0,0,,,0,0.0,0.0,0.0
groundmore/gHamJID-EoI_0237_0250/1__exp3/3,groundmore,test,gHamJID-EoI_0237_0250,1__exp3,3,sequential,Who sits on the bike after the man takes it from the car trunk?,1,opg_no_order_loss,ensemble,0,0,,,0,0.0,0.0,0.0
groundmore/gHamJID-EoI_0237_0250/1__exp3/3,groundmore,test,gHamJID-EoI_0237_0250,1__exp3,3,sequential,Who sits on the bike after the man takes it from the car trunk?,1,opg_full,ensemble,0,0,,,0,0.0,0.0,0.0
groundmore/gHamJID-EoI_0237_0250/2__exp4/4,groundmore,test,gHamJID-EoI_0237_0250,2__exp4,4,sequential,What does the girl sit on after the man takes it from the car trunk?,1,mean_pool,ensemble,0,0,,,0,0.0,0.0,0.0
groundmore/gHamJID-EoI_0237_0250/2__exp4/4,groundmore,test,gHamJID-EoI_0237_0250,2__exp4,4,sequential,What does the girl sit on after the man takes it from the car trunk?,1,opg_no_monotonic,ensemble,0,0,,,0,0.0,0.0,0.0
groundmore/gHamJID-EoI_0237_0250/2__exp4/4,groundmore,test,gHamJID-EoI_0237_0250,2__exp4,4,sequential,What does the girl sit on after the man takes it from the car trunk?,1,opg_no_order_loss,ensemble,0,0,,,0,0.0,0.0,0.0
groundmore/gHamJID-EoI_0237_0250/2__exp4/4,groundmore,test,gHamJID-EoI_0237_0250,2__exp4,4,sequential,What does the girl sit on after the man takes it from the car trunk?,1,opg_full,ensemble,0,0,,,0,0.0,0.0,0.0
groundmore/gHamJID-EoI_0255_0310/1__exp5/5,groundmore,test,gHamJID-EoI_0255_0310,1__exp5,5,sequential,Who rubs the back of the shoe to ensure the grip after putting the shoe on the girl's feet?,1,mean_pool,ensemble,1,3,2,0,0,0.3,0.3,0.3
groundmore/gHamJID-EoI_0255_0310/1__exp5/5,groundmore,test,gHamJID-EoI_0255_0310,1__exp5,5,sequential,Who rubs the back of the shoe to ensure the grip after putting the shoe on the girl's feet?,1,mean_pool,11,1,3,2,0,0,0.3,0.3,0.3
groundmore/gHamJID-EoI_0255_0310/1__exp5/5,groundmore,test,gHamJID-EoI_0255_0310,1__exp5,5,sequential,Who rubs the back of the shoe to ensure the grip after putting the shoe on the girl's feet?,1,mean_pool,23,1,3,2,0,0,0.3,0.3,0.3
groundmore/gHamJID-EoI_0255_0310/1__exp5/5,groundmore,test,gHamJID-EoI_0255_0310,1__exp5,5,sequential,Who rubs the back of the shoe to ensure the grip after putting the shoe on the girl's feet?,1,mean_pool,42,1,3,2,0,0,0.3,0.3,0.3
groundmore/gHamJID-EoI_0255_0310/1__exp5/5,groundmore,test,gHamJID-EoI_0255_0310,1__exp5,5,sequential,Who rubs the back of the shoe to ensure the grip after putting the shoe on the girl's feet?,1,opg_no_monotonic,ensemble,1,3,2,0,0,0.3,0.3,0.3
groundmore/gHamJID-EoI_0255_0310/1__exp5/5,groundmore,test,gHamJID-EoI_0255_0310,1__exp5,5,sequential,Who rubs the back of the shoe to ensure the grip after putting the shoe on the girl's feet?,1,opg_no_monotonic,11,1,3,2,0,0,0.3,0.3,0.3
groundmore/gHamJID-EoI_0255_0310/1__exp5/5,groundmore,test,gHamJID-EoI_0255_0310,1__exp5,5,sequential,Who rubs the back of the shoe to ensure the grip after putting the shoe on the girl's feet?,1,opg_no_monotonic,23,1,3,2,0,0,0.3,0.3,0.3
groundmore/gHamJID-EoI_0255_0310/1__exp5/5,groundmore,test,gHamJID-EoI_0255_0310,1__exp5,5,sequential,Who rubs the back of the shoe to ensure the grip after putting the shoe on the girl's feet?,1,opg_no_monotonic,42,1,3,2,0,0,0.3,0.3,0.3
groundmore/gHamJID-EoI_0255_0310/1__exp5/5,groundmore,test,gHamJID-EoI_0255_0310,1__exp5,5,sequential,Who rubs the back of the shoe to ensure the grip after putting the shoe on the girl's feet?,1,opg_no_order_loss,ensemble,1,3,2,0,0,0.3,0.3,0.3
groundmore/gHamJID-EoI_0255_0310/1__exp5/5,groundmore,test,gHamJID-EoI_0255_0310,1__exp5,5,sequential,Who rubs the back of the shoe to ensure the grip after putting the shoe on the girl's feet?,1,opg_no_order_loss,11,1,3,2,0,0,0.3,0.3,0.3
groundmore/gHamJID-EoI_0255_0310/1__exp5/5,groundmore,test,gHamJID-EoI_0255_0310,1__exp5,5,sequential,Who rubs the back of the shoe to ensure the grip after putting the shoe on the girl's feet?,1,opg_no_order_loss,23,1,3,2,0,0,0.3,0.3,0.3
groundmore/gHamJID-EoI_0255_0310/1__exp5/5,groundmore,test,gHamJID-EoI_0255_0310,1__exp5,5,sequential,Who rubs the back of the shoe to ensure the grip after putting the shoe on the girl's feet?,1,opg_no_order_loss,42,1,3,2,0,0,0.3,0.3,0.3
groundmore/gHamJID-EoI_0255_0310/1__exp5/5,groundmore,test,gHamJID-EoI_0255_0310,1__exp5,5,sequential,Who rubs the back of the shoe to ensure the grip after putting the shoe on the girl's feet?,1,opg_full,ensemble,1,3,2,0,0,0.3,0.3,0.3
groundmore/gHamJID-EoI_0255_0310/1__exp5/5,groundmore,test,gHamJID-EoI_0255_0310,1__exp5,5,sequential,Who rubs the back of the shoe to ensure the grip after putting the shoe on the girl's feet?,1,opg_full,11,1,3,2,0,0,0.3,0.3,0.3
groundmore/gHamJID-EoI_0255_0310/1__exp5/5,groundmore,test,gHamJID-EoI_0255_0310,1__exp5,5,sequential,Who rubs the back of the shoe to ensure the grip after putting the shoe on the girl's feet?,1,opg_full,23,1,3,2,0,0,0.3,0.3,0.3
groundmore/gHamJID-EoI_0255_0310/1__exp5/5,groundmore,test,gHamJID-EoI_0255_0310,1__exp5,5,sequential,Who rubs the back of the shoe to ensure the grip after putting the shoe on the girl's feet?,1,opg_full,42,1,3,2,0,0,0.3,0.3,0.3
groundmore/gHamJID-EoI_0255_0310/2__exp6/6,groundmore,test,gHamJID-EoI_0255_0310,2__exp6,6,sequential,What does the man rub to ensure the grip after putting it on the girl's feet?,1,mean_pool,ensemble,0,0,,,0,0.0,0.0,0.0
groundmore/gHamJID-EoI_0255_0310/2__exp6/6,groundmore,test,gHamJID-EoI_0255_0310,2__exp6,6,sequential,What does the man rub to ensure the grip after putting it on the girl's feet?,1,opg_no_monotonic,ensemble,0,0,,,0,0.0,0.0,0.0
groundmore/gHamJID-EoI_0255_0310/2__exp6/6,groundmore,test,gHamJID-EoI_0255_0310,2__exp6,6,sequential,What does the man rub to ensure the grip after putting it on the girl's feet?,1,opg_no_order_loss,ensemble,0,0,,,0,0.0,0.0,0.0
groundmore/gHamJID-EoI_0255_0310/2__exp6/6,groundmore,test,gHamJID-EoI_0255_0310,2__exp6,6,sequential,What does the man rub to ensure the grip after putting it on the girl's feet?,1,opg_full,ensemble,0,0,,,0,0.0,0.0,0.0
groundmore/gHamJID-EoI_1027_1035/1__exp1/1,groundmore,test,gHamJID-EoI_1027_1035,1__exp1,1,sequential,Who adjusts his cap after putting the cap on his head?,1,mean_pool,ensemble,0,1,0,0,0,0.001916954971539632,0.20344614406575756,0.1026815495186486
groundmore/gHamJID-EoI_1027_1035/1__exp1/1,groundmore,test,gHamJID-EoI_1027_1035,1__exp1,1,sequential,Who adjusts his cap after putting the cap on his head?,1,mean_pool,11,0,1,0,0,0,0.001916954971539632,0.20344614406575756,0.1026815495186486
groundmore/gHamJID-EoI_1027_1035/1__exp1/1,groundmore,test,gHamJID-EoI_1027_1035,1__exp1,1,sequential,Who adjusts his cap after putting the cap on his head?,1,mean_pool,23,0,1,0,0,0,0.001916954971539632,0.20344614406575756,0.1026815495186486
groundmore/gHamJID-EoI_1027_1035/1__exp1/1,groundmore,test,gHamJID-EoI_1027_1035,1__exp1,1,sequential,Who adjusts his cap after putting the cap on his head?,1,mean_pool,42,0,1,0,0,0,0.001916954971539632,0.20344614406575756,0.1026815495186486
groundmore/gHamJID-EoI_1027_1035/1__exp1/1,groundmore,test,gHamJID-EoI_1027_1035,1__exp1,1,sequential,Who adjusts his cap after putting the cap on his head?,1,opg_no_monotonic,ensemble,0,1,0,0,0,0.001916954971539632,0.20344614406575756,0.1026815495186486
groundmore/gHamJID-EoI_1027_1035/1__exp1/1,groundmore,test,gHamJID-EoI_1027_1035,1__exp1,1,sequential,Who adjusts his cap after putting the cap on his head?,1,opg_no_monotonic,11,0,1,0,0,0,0.001916954971539632,0.20344614406575756,0.1026815495186486
groundmore/gHamJID-EoI_1027_1035/1__exp1/1,groundmore,test,gHamJID-EoI_1027_1035,1__exp1,1,sequential,Who adjusts his cap after putting the cap on his head?,1,opg_no_monotonic,23,0,1,0,0,0,0.001916954971539632,0.20344614406575756,0.1026815495186486
groundmore/gHamJID-EoI_1027_1035/1__exp1/1,groundmore,test,gHamJID-EoI_1027_1035,1__exp1,1,sequential,Who adjusts his cap after putting the cap on his head?,1,opg_no_monotonic,42,0,1,0,0,0,0.001916954971539632,0.20344614406575756,0.1026815495186486
groundmore/gHamJID-EoI_1027_1035/1__exp1/1,groundmore,test,gHamJID-EoI_1027_1035,1__exp1,1,sequential,Who adjusts his cap after putting the cap on his head?,1,opg_no_order_loss,ensemble,0,1,0,0,0,0.001916954971539632,0.20344614406575756,0.1026815495186486
groundmore/gHamJID-EoI_1027_1035/1__exp1/1,groundmore,test,gHamJID-EoI_1027_1035,1__exp1,1,sequential,Who adjusts his cap after putting the cap on his head?,1,opg_no_order_loss,11,0,1,0,0,0,0.001916954971539632,0.20344614406575756,0.1026815495186486
groundmore/gHamJID-EoI_1027_1035/1__exp1/1,groundmore,test,gHamJID-EoI_1027_1035,1__exp1,1,sequential,Who adjusts his cap after putting the cap on his head?,1,opg_no_order_loss,23,0,1,0,0,0,0.001916954971539632,0.20344614406575756,0.1026815495186486
groundmore/gHamJID-EoI_1027_1035/1__exp1/1,groundmore,test,gHamJID-EoI_1027_1035,1__exp1,1,sequential,Who adjusts his cap after putting the cap on his head?,1,opg_no_order_loss,42,0,1,0,0,0,0.001916954971539632,0.20344614406575756,0.1026815495186486
groundmore/gHamJID-EoI_1027_1035/1__exp1/1,groundmore,test,gHamJID-EoI_1027_1035,1__exp1,1,sequential,Who adjusts his cap after putting the cap on his head?,1,opg_full,ensemble,0,1,0,0,0,0.001916954971539632,0.20344614406575756,0.1026815495186486
groundmore/gHamJID-EoI_1027_1035/1__exp1/1,groundmore,test,gHamJID-EoI_1027_1035,1__exp1,1,sequential,Who adjusts his cap after putting the cap on his head?,1,opg_full,11,0,1,0,0,0,0.001916954971539632,0.20344614406575756,0.1026815495186486
groundmore/gHamJID-EoI_1027_1035/1__exp1/1,groundmore,test,gHamJID-EoI_1027_1035,1__exp1,1,sequential,Who adjusts his cap after putting the cap on his head?,1,opg_full,23,0,1,0,0,0,0.001916954971539632,0.20344614406575756,0.1026815495186486
groundmore/gHamJID-EoI_1027_1035/1__exp1/1,groundmore,test,gHamJID-EoI_1027_1035,1__exp1,1,sequential,Who adjusts his cap after putting the cap on his head?,1,opg_full,42,0,1,0,0,0,0.001916954971539632,0.20344614406575756,0.1026815495186486
groundmore/gHamJID-EoI_1027_1035/2__exp2/2,groundmore,test,gHamJID-EoI_1027_1035,2__exp2,2,sequential,What does the man adjust after putting it on his head?,1,mean_pool,ensemble,1,1,0,0,1,0.7566183752108161,0.7396255104436609,0.7481219428272385
groundmore/gHamJID-EoI_1027_1035/2__exp2/2,groundmore,test,gHamJID-EoI_1027_1035,2__exp2,2,sequential,What does the man adjust after putting it on his head?,1,mean_pool,11,1,1,0,0,1,0.7566183752108161,0.7396255104436609,0.7481219428272385
groundmore/gHamJID-EoI_1027_1035/2__exp2/2,groundmore,test,gHamJID-EoI_1027_1035,2__exp2,2,sequential,What does the man adjust after putting it on his head?,1,mean_pool,23,1,1,0,0,1,0.7566183752108161,0.7396255104436609,0.7481219428272385
groundmore/gHamJID-EoI_1027_1035/2__exp2/2,groundmore,test,gHamJID-EoI_1027_1035,2__exp2,2,sequential,What does the man adjust after putting it on his head?,1,mean_pool,42,1,1,0,0,1,0.7566183752108161,0.7396255104436609,0.7481219428272385
groundmore/gHamJID-EoI_1027_1035/2__exp2/2,groundmore,test,gHamJID-EoI_1027_1035,2__exp2,2,sequential,What does the man adjust after putting it on his head?,1,opg_no_monotonic,ensemble,1,1,0,0,1,0.7566183752108161,0.7396255104436609,0.7481219428272385
groundmore/gHamJID-EoI_1027_1035/2__exp2/2,groundmore,test,gHamJID-EoI_1027_1035,2__exp2,2,sequential,What does the man adjust after putting it on his head?,1,opg_no_monotonic,11,1,1,0,0,1,0.7566183752108161,0.7396255104436609,0.7481219428272385
groundmore/gHamJID-EoI_1027_1035/2__exp2/2,groundmore,test,gHamJID-EoI_1027_1035,2__exp2,2,sequential,What does the man adjust after putting it on his head?,1,opg_no_monotonic,23,1,1,0,0,1,0.7566183752108161,0.7396255104436609,0.7481219428272385
groundmore/gHamJID-EoI_1027_1035/2__exp2/2,groundmore,test,gHamJID-EoI_1027_1035,2__exp2,2,sequential,What does the man adjust after putting it on his head?,1,opg_no_monotonic,42,1,1,0,0,1,0.7566183752108161,0.7396255104436609,0.7481219428272385
groundmore/gHamJID-EoI_1027_1035/2__exp2/2,groundmore,test,gHamJID-EoI_1027_1035,2__exp2,2,sequential,What does the man adjust after putting it on his head?,1,opg_no_order_loss,ensemble,1,1,0,0,1,0.7566183752108161,0.7396255104436609,0.7481219428272385
groundmore/gHamJID-EoI_1027_1035/2__exp2/2,groundmore,test,gHamJID-EoI_1027_1035,2__exp2,2,sequential,What does the man adjust after putting it on his head?,1,opg_no_order_loss,11,1,1,0,0,1,0.7566183752108161,0.7396255104436609,0.7481219428272385
groundmore/gHamJID-EoI_1027_1035/2__exp2/2,groundmore,test,gHamJID-EoI_1027_1035,2__exp2,2,sequential,What does the man adjust after putting it on his head?,1,opg_no_order_loss,23,1,1,0,0,1,0.7566183752108161,0.7396255104436609,0.7481219428272385
groundmore/gHamJID-EoI_1027_1035/2__exp2/2,groundmore,test,gHamJID-EoI_1027_1035,2__exp2,2,sequential,What does the man adjust after putting it on his head?,1,opg_no_order_loss,42,1,1,0,0,1,0.7566183752108161,0.7396255104436609,0.7481219428272385
groundmore/gHamJID-EoI_1027_1035/2__exp2/2,groundmore,test,gHamJID-EoI_1027_1035,2__exp2,2,sequential,What does the man adjust after putting it on his head?,1,opg_full,ensemble,1,1,0,0,1,0.7566183752108161,0.7396255104436609,0.7481219428272385
groundmore/gHamJID-EoI_1027_1035/2__exp2/2,groundmore,test,gHamJID-EoI_1027_1035,2__exp2,2,sequential,What does the man adjust after putting it on his head?,1,opg_full,11,1,1,0,0,1,0.7566183752108161,0.7396255104436609,0.7481219428272385
groundmore/gHamJID-EoI_1027_1035/2__exp2/2,groundmore,test,gHamJID-EoI_1027_1035,2__exp2,2,sequential,What does the man adjust after putting it on his head?,1,opg_full,23,1,1,0,0,1,0.7566183752108161,0.7396255104436609,0.7481219428272385
groundmore/gHamJID-EoI_1027_1035/2__exp2/2,groundmore,test,gHamJID-EoI_1027_1035,2__exp2,2,sequential,What does the man adjust after putting it on his head?,1,opg_full,42,1,1,0,0,1,0.7566183752108161,0.7396255104436609,0.7481219428272385
groundmore/gHamJID-EoI_1035_1145/1__exp1/1,groundmore,test,gHamJID-EoI_1035_1145,1__exp1,1,sequential,Who sits on the bike after putting a cap?,1,mean_pool,ensemble,0,0,,,0,0.0,0.0,0.0
groundmore/gHamJID-EoI_1035_1145/1__exp1/1,groundmore,test,gHamJID-EoI_1035_1145,1__exp1,1,sequential,Who sits on the bike after putting a cap?,1,opg_no_monotonic,ensemble,0,0,,,0,0.0,0.0,0.0
groundmore/gHamJID-EoI_1035_1145/1__exp1/1,groundmore,test,gHamJID-EoI_1035_1145,1__exp1,1,sequential,Who sits on the bike after putting a cap?,1,opg_no_order_loss,ensemble,0,0,,,0,0.0,0.0,0.0
groundmore/gHamJID-EoI_1035_1145/1__exp1/1,groundmore,test,gHamJID-EoI_1035_1145,1__exp1,1,sequential,Who sits on the bike after putting a cap?,1,opg_full,ensemble,0,0,,,0,0.0,0.0,0.0
groundmore/gHamJID-EoI_1035_1145/2__exp2/2,groundmore,test,gHamJID-EoI_1035_1145,2__exp2,2,sequential,What does the man sit on after putting a cap?,1,mean_pool,ensemble,0,0,,,0,0.0,0.0,0.0
groundmore/gHamJID-EoI_1035_1145/2__exp2/2,groundmore,test,gHamJID-EoI_1035_1145,2__exp2,2,sequential,What does the man sit on after putting a cap?,1,opg_no_monotonic,ensemble,0,0,,,0,0.0,0.0,0.0
groundmore/gHamJID-EoI_1035_1145/2__exp2/2,groundmore,test,gHamJID-EoI_1035_1145,2__exp2,2,sequential,What does the man sit on after putting a cap?,1,opg_no_order_loss,ensemble,0,0,,,0,0.0,0.0,0.0
groundmore/gHamJID-EoI_1035_1145/2__exp2/2,groundmore,test,gHamJID-EoI_1035_1145,2__exp2,2,sequential,What does the man sit on after putting a cap?,1,opg_full,ensemble,0,0,,,0,0.0,0.0,0.0
groundmore/gHamJID-EoI_1103_1110/1__exp1/1,groundmore,test,gHamJID-EoI_1103_1110,1__exp1,1,sequential,Who flips up the visor of the helmet after putting on the helmet?,1,mean_pool,ensemble,1,1,0,0,1,0.40372485071289244,0.6403982718339074,0.5220615612733999
groundmore/gHamJID-EoI_1103_1110/1__exp1/1,groundmore,test,gHamJID-EoI_1103_1110,1__exp1,1,sequential,Who flips up the visor of the helmet after putting on the helmet?,1,mean_pool,11,1,1,0,0,1,0.40372485071289244,0.6403982718339074,0.5220615612733999
groundmore/gHamJID-EoI_1103_1110/1__exp1/1,groundmore,test,gHamJID-EoI_1103_1110,1__exp1,1,sequential,Who flips up the visor of the helmet after putting on the helmet?,1,mean_pool,23,1,1,0,0,1,0.40372485071289244,0.6403982718339074,0.5220615612733999
groundmore/gHamJID-EoI_1103_1110/1__exp1/1,groundmore,test,gHamJID-EoI_1103_1110,1__exp1,1,sequential,Who flips up the visor of the helmet after putting on the helmet?,1,mean_pool,42,1,1,0,0,1,0.40372485071289244,0.6403982718339074,0.5220615612733999
groundmore/gHamJID-EoI_1103_1110/1__exp1/1,groundmore,test,gHamJID-EoI_1103_1110,1__exp1,1,sequential,Who flips up the visor of the helmet after putting on the helmet?,1,opg_no_monotonic,ensemble,1,1,0,0,1,0.40372485071289244,0.6403982718339074,0.5220615612733999
groundmore/gHamJID-EoI_1103_1110/1__exp1/1,groundmore,test,gHamJID-EoI_1103_1110,1__exp1,1,sequential,Who flips up the visor of the helmet after putting on the helmet?,1,opg_no_monotonic,11,1,1,0,0,1,0.40372485071289244,0.6403982718339074,0.5220615612733999
groundmore/gHamJID-EoI_1103_1110/1__exp1/1,groundmore,test,gHamJID-EoI_1103_1110,1__exp1,1,sequential,Who flips up the visor of the helmet after putting on the helmet?,1,opg_no_monotonic,23,1,1,0,0,1,0.40372485071289244,0.6403982718339074,0.5220615612733999
groundmore/gHamJID-EoI_1103_1110/1__exp1/1,groundmore,test,gHamJID-EoI_1103_1110,1__exp1,1,sequential,Who flips up the visor of the helmet after putting on the helmet?,1,opg_no_monotonic,42,1,1,0,0,1,0.40372485071289244,0.6403982718339074,0.5220615612733999
groundmore/gHamJID-EoI_1103_1110/1__exp1/1,groundmore,test,gHamJID-EoI_1103_1110,1__exp1,1,sequential,Who flips up the visor of the helmet after putting on the helmet?,1,opg_no_order_loss,ensemble,1,1,0,0,1,0.40372485071289244,0.6403982718339074,0.5220615612733999
groundmore/gHamJID-EoI_1103_1110/1__exp1/1,groundmore,test,gHamJID-EoI_1103_1110,1__exp1,1,sequential,Who flips up the visor of the helmet after putting on the helmet?,1,opg_no_order_loss,11,1,1,0,0,1,0.40372485071289244,0.6403982718339074,0.5220615612733999
groundmore/gHamJID-EoI_1103_1110/1__exp1/1,groundmore,test,gHamJID-EoI_1103_1110,1__exp1,1,sequential,Who flips up the visor of the helmet after putting on the helmet?,1,opg_no_order_loss,23,1,1,0,0,1,0.40372485071289244,0.6403982718339074,0.5220615612733999
groundmore/gHamJID-EoI_1103_1110/1__exp1/1,groundmore,test,gHamJID-EoI_1103_1110,1__exp1,1,sequential,Who flips up the visor of the helmet after putting on the helmet?,1,opg_no_order_loss,42,1,1,0,0,1,0.40372485071289244,0.6403982718339074,0.5220615612733999
groundmore/gHamJID-EoI_1103_1110/1__exp1/1,groundmore,test,gHamJID-EoI_1103_1110,1__exp1,1,sequential,Who flips up the visor of the helmet after putting on the helmet?,1,opg_full,ensemble,1,1,0,0,1,0.40372485071289244,0.6403982718339074,0.5220615612733999
groundmore/gHamJID-EoI_1103_1110/1__exp1/1,groundmore,test,gHamJID-EoI_1103_1110,1__exp1,1,sequential,Who flips up the visor of the helmet after putting on the helmet?,1,opg_full,11,1,1,0,0,1,0.40372485071289244,0.6403982718339074,0.5220615612733999
groundmore/gHamJID-EoI_1103_1110/1__exp1/1,groundmore,test,gHamJID-EoI_1103_1110,1__exp1,1,sequential,Who flips up the visor of the helmet after putting on the helmet?,1,opg_full,23,1,1,0,0,1,0.40372485071289244,0.6403982718339074,0.5220615612733999
groundmore/gHamJID-EoI_1103_1110/1__exp1/1,groundmore,test,gHamJID-EoI_1103_1110,1__exp1,1,sequential,Who flips up the visor of the helmet after putting on the helmet?,1,opg_full,42,1,1,0,0,1,0.40372485071289244,0.6403982718339074,0.5220615612733999
groundmore/gHamJID-EoI_1103_1110/2__exp2/2,groundmore,test,gHamJID-EoI_1103_1110,2__exp2,2,sequential,What does the man flip up after putting it on?,1,mean_pool,ensemble,0,0,,,0,0.0,0.0,0.0
groundmore/gHamJID-EoI_1103_1110/2__exp2/2,groundmore,test,gHamJID-EoI_1103_1110,2__exp2,2,sequential,What does the man flip up after putting it on?,1,opg_no_monotonic,ensemble,0,0,,,0,0.0,0.0,0.0
groundmore/gHamJID-EoI_1103_1110/2__exp2/2,groundmore,test,gHamJID-EoI_1103_1110,2__exp2,2,sequential,What does the man flip up after putting it on?,1,opg_no_order_loss,ensemble,0,0,,,0,0.0,0.0,0.0
groundmore/gHamJID-EoI_1103_1110/2__exp2/2,groundmore,test,gHamJID-EoI_1103_1110,2__exp2,2,sequential,What does the man flip up after putting it on?,1,opg_full,ensemble,0,0,,,0,0.0,0.0,0.0
groundmore/gHamJID-EoI_1425_1435/1__exp1/1,groundmore,test,gHamJID-EoI_1425_1435,1__exp1,1,sequential,Who licks the cream on her finger after putting the cookie on the plate?,1,mean_pool,ensemble,0,0,,,0,0.0,0.0,0.0
groundmore/gHamJID-EoI_1425_1435/1__exp1/1,groundmore,test,gHamJID-EoI_1425_1435,1__exp1,1,sequential,Who licks the cream on her finger after putting the cookie on the plate?,1,opg_no_monotonic,ensemble,0,0,,,0,0.0,0.0,0.0
groundmore/gHamJID-EoI_1425_1435/1__exp1/1,groundmore,test,gHamJID-EoI_1425_1435,1__exp1,1,sequential,Who licks the cream on her finger after putting the cookie on the plate?,1,opg_no_order_loss,ensemble,0,0,,,0,0.0,0.0,0.0
groundmore/gHamJID-EoI_1425_1435/1__exp1/1,groundmore,test,gHamJID-EoI_1425_1435,1__exp1,1,sequential,Who licks the cream on her finger after putting the cookie on the plate?,1,opg_full,ensemble,0,0,,,0,0.0,0.0,0.0
groundmore/gHamJID-EoI_1425_1435/2__exp2/2,groundmore,test,gHamJID-EoI_1425_1435,2__exp2,2,sequential,What does the girl lick on her finger after putting the cookie on the plate?,1,mean_pool,ensemble,0,0,,,0,0.0,0.0,0.0
groundmore/gHamJID-EoI_1425_1435/2__exp2/2,groundmore,test,gHamJID-EoI_1425_1435,2__exp2,2,sequential,What does the girl lick on her finger after putting the cookie on the plate?,1,opg_no_monotonic,ensemble,0,0,,,0,0.0,0.0,0.0
groundmore/gHamJID-EoI_1425_1435/2__exp2/2,groundmore,test,gHamJID-EoI_1425_1435,2__exp2,2,sequential,What does the girl lick on her finger after putting the cookie on the plate?,1,opg_no_order_loss,ensemble,0,0,,,0,0.0,0.0,0.0
groundmore/gHamJID-EoI_1425_1435/2__exp2/2,groundmore,test,gHamJID-EoI_1425_1435,2__exp2,2,sequential,What does the girl lick on her finger after putting the cookie on the plate?,1,opg_full,ensemble,0,0,,,0,0.0,0.0,0.0
groundmore/gReGmQwSEu0_0055_0110/1__exp1/1,groundmore,test,gReGmQwSEu0_0055_0110,1__exp1,1,sequential,Who puts lemons into a bowl after the mom cuts the lemons?,1,mean_pool,ensemble,0,0,,,0,0.0,0.0,0.0
groundmore/gReGmQwSEu0_0055_0110/1__exp1/1,groundmore,test,gReGmQwSEu0_0055_0110,1__exp1,1,sequential,Who puts lemons into a bowl after the mom cuts the lemons?,1,opg_no_monotonic,ensemble,0,0,,,0,0.0,0.0,0.0
groundmore/gReGmQwSEu0_0055_0110/1__exp1/1,groundmore,test,gReGmQwSEu0_0055_0110,1__exp1,1,sequential,Who puts lemons into a bowl after the mom cuts the lemons?,1,opg_no_order_loss,ensemble,0,0,,,0,0.0,0.0,0.0
groundmore/gReGmQwSEu0_0055_0110/1__exp1/1,groundmore,test,gReGmQwSEu0_0055_0110,1__exp1,1,sequential,Who puts lemons into a bowl after the mom cuts the lemons?,1,opg_full,ensemble,0,0,,,0,0.0,0.0,0.0
groundmore/gReGmQwSEu0_0055_0110/2__exp2/2,groundmore,test,gReGmQwSEu0_0055_0110,2__exp2,2,sequential,What does the little girl put into a bowl after the mom cuts them?,1,mean_pool,ensemble,0,0,,,0,0.0,0.0,0.0
groundmore/gReGmQwSEu0_0055_0110/2__exp2/2,groundmore,test,gReGmQwSEu0_0055_0110,2__exp2,2,sequential,What does the little girl put into a bowl after the mom cuts them?,1,opg_no_monotonic,ensemble,0,0,,,0,0.0,0.0,0.0
groundmore/gReGmQwSEu0_0055_0110/2__exp2/2,groundmore,test,gReGmQwSEu0_0055_0110,2__exp2,2,sequential,What does the little girl put into a bowl after the mom cuts them?,1,opg_no_order_loss,ensemble,0,0,,,0,0.0,0.0,0.0
groundmore/gReGmQwSEu0_0055_0110/2__exp2/2,groundmore,test,gReGmQwSEu0_0055_0110,2__exp2,2,sequential,What does the little girl put into a bowl after the mom cuts them?,1,opg_full,ensemble,0,0,,,0,0.0,0.0,0.0
groundmore/gReGmQwSEu0_1114_1122/1__exp1/1,groundmore,test,gReGmQwSEu0_1114_1122,1__exp1,1,sequential,Who opens the door for the girl before they both walk inside?,1,mean_pool,ensemble,0,0,,,0,0.0,0.0,0.0
groundmore/gReGmQwSEu0_1114_1122/1__exp1/1,groundmore,test,gReGmQwSEu0_1114_1122,1__exp1,1,sequential,Who opens the door for the girl before they both walk inside?,1,opg_no_monotonic,ensemble,0,0,,,0,0.0,0.0,0.0
groundmore/gReGmQwSEu0_1114_1122/1__exp1/1,groundmore,test,gReGmQwSEu0_1114_1122,1__exp1,1,sequential,Who opens the door for the girl before they both walk inside?,1,opg_no_order_loss,ensemble,0,0,,,0,0.0,0.0,0.0
groundmore/gReGmQwSEu0_1114_1122/1__exp1/1,groundmore,test,gReGmQwSEu0_1114_1122,1__exp1,1,sequential,Who opens the door for the girl before they both walk inside?,1,opg_full,ensemble,0,0,,,0,0.0,0.0,0.0
groundmore/gReGmQwSEu0_1114_1122/2__exp2/2,groundmore,test,gReGmQwSEu0_1114_1122,2__exp2,2,sequential,What does the man open for the girl before they both walk inside?,1,mean_pool,ensemble,0,0,,,0,0.0,0.0,0.0
groundmore/gReGmQwSEu0_1114_1122/2__exp2/2,groundmore,test,gReGmQwSEu0_1114_1122,2__exp2,2,sequential,What does the man open for the girl before they both walk inside?,1,opg_no_monotonic,ensemble,0,0,,,0,0.0,0.0,0.0
groundmore/gReGmQwSEu0_1114_1122/2__exp2/2,groundmore,test,gReGmQwSEu0_1114_1122,2__exp2,2,sequential,What does the man open for the girl before they both walk inside?,1,opg_no_order_loss,ensemble,0,0,,,0,0.0,0.0,0.0
groundmore/gReGmQwSEu0_1114_1122/2__exp2/2,groundmore,test,gReGmQwSEu0_1114_1122,2__exp2,2,sequential,What does the man open for the girl before they both walk inside?,1,opg_full,ensemble,0,0,,,0,0.0,0.0,0.0
groundmore/gReGmQwSEu0_1140_1155/1__exp1/1,groundmore,test,gReGmQwSEu0_1140_1155,1__exp1,1,sequential,Who picks up the puppy before letting the little girl pet the puppy?,1,mean_pool,ensemble,0,0,,,0,0.0,0.0,0.0
groundmore/gReGmQwSEu0_1140_1155/1__exp1/1,groundmore,test,gReGmQwSEu0_1140_1155,1__exp1,1,sequential,Who picks up the puppy before letting the little girl pet the puppy?,1,opg_no_monotonic,ensemble,0,0,,,0,0.0,0.0,0.0
groundmore/gReGmQwSEu0_1140_1155/1__exp1/1,groundmore,test,gReGmQwSEu0_1140_1155,1__exp1,1,sequential,Who picks up the puppy before letting the little girl pet the puppy?,1,opg_no_order_loss,ensemble,0,0,,,0,0.0,0.0,0.0
groundmore/gReGmQwSEu0_1140_1155/1__exp1/1,groundmore,test,gReGmQwSEu0_1140_1155,1__exp1,1,sequential,Who picks up the puppy before letting the little girl pet the puppy?,1,opg_full,ensemble,0,0,,,0,0.0,0.0,0.0
groundmore/gReGmQwSEu0_1140_1155/2__exp2/2,groundmore,test,gReGmQwSEu0_1140_1155,2__exp2,2,sequential,What does the woman pick up before letting the little girl pet it?,1,mean_pool,ensemble,0,0,,,0,0.0,0.0,0.0
groundmore/gReGmQwSEu0_1140_1155/2__exp2/2,groundmore,test,gReGmQwSEu0_1140_1155,2__exp2,2,sequential,What does the woman pick up before letting the little girl pet it?,1,opg_no_monotonic,ensemble,0,0,,,0,0.0,0.0,0.0
groundmore/gReGmQwSEu0_1140_1155/2__exp2/2,groundmore,test,gReGmQwSEu0_1140_1155,2__exp2,2,sequential,What does the woman pick up before letting the little girl pet it?,1,opg_no_order_loss,ensemble,0,0,,,0,0.0,0.0,0.0
groundmore/gReGmQwSEu0_1140_1155/2__exp2/2,groundmore,test,gReGmQwSEu0_1140_1155,2__exp2,2,sequential,What does the woman pick up before letting the little girl pet it?,1,opg_full,ensemble,0,0,,,0,0.0,0.0,0.0
groundmore/gReGmQwSEu0_1450_1505/1__exp4/4,groundmore,test,gReGmQwSEu0_1450_1505,1__exp4,4,sequential,From whom does the little girl do a cart-wheel away after running away?,1,mean_pool,ensemble,0,0,,,0,0.0,0.0,0.0
groundmore/gReGmQwSEu0_1450_1505/1__exp4/4,groundmore,test,gReGmQwSEu0_1450_1505,1__exp4,4,sequential,From whom does the little girl do a cart-wheel away after running away?,1,opg_no_monotonic,ensemble,0,0,,,0,0.0,0.0,0.0
groundmore/gReGmQwSEu0_1450_1505/1__exp4/4,groundmore,test,gReGmQwSEu0_1450_1505,1__exp4,4,sequential,From whom does the little girl do a cart-wheel away after running away?,1,opg_no_order_loss,ensemble,0,0,,,0,0.0,0.0,0.0
groundmore/gReGmQwSEu0_1450_1505/1__exp4/4,groundmore,test,gReGmQwSEu0_1450_1505,1__exp4,4,sequential,From whom does the little girl do a cart-wheel away after running away?,1,opg_full,ensemble,0,0,,,0,0.0,0.0,0.0
groundmore/gReGmQwSEu0_1450_1505/2__exp3/3,groundmore,test,gReGmQwSEu0_1450_1505,2__exp3,3,sequential,Who does a cart-wheel away from the puppy after running away from it?,1,mean_pool,ensemble,0,0,,,0,0.0,0.0,0.0
groundmore/gReGmQwSEu0_1450_1505/2__exp3/3,groundmore,test,gReGmQwSEu0_1450_1505,2__exp3,3,sequential,Who does a cart-wheel away from the puppy after running away from it?,1,opg_no_monotonic,ensemble,0,0,,,0,0.0,0.0,0.0
groundmore/gReGmQwSEu0_1450_1505/2__exp3/3,groundmore,test,gReGmQwSEu0_1450_1505,2__exp3,3,sequential,Who does a cart-wheel away from the puppy after running away from it?,1,opg_no_order_loss,ensemble,0,0,,,0,0.0,0.0,0.0
groundmore/gReGmQwSEu0_1450_1505/2__exp3/3,groundmore,test,gReGmQwSEu0_1450_1505,2__exp3,3,sequential,Who does a cart-wheel away from the puppy after running away from it?,1,opg_full,ensemble,0,0,,,0,0.0,0.0,0.0
groundmore/gReGmQwSEu0_1950_2000/1__exp3/3,groundmore,test,gReGmQwSEu0_1950_2000,1__exp3,3,sequential,Who moves the meat rolls on the baking tray after she placed all the meat rolls?,1,mean_pool,ensemble,0,1,0,0,0,0.000724349825213144,0.08487087645228683,0.04279761313874999
groundmore/gReGmQwSEu0_1950_2000/1__exp3/3,groundmore,test,gReGmQwSEu0_1950_2000,1__exp3,3,sequential,Who moves the meat rolls on the baking tray after she placed all the meat rolls?,1,mean_pool,11,0,1,0,0,0,0.000724349825213144,0.08487087645228683,0.04279761313874999
groundmore/gReGmQwSEu0_1950_2000/1__exp3/3,groundmore,test,gReGmQwSEu0_1950_2000,1__exp3,3,sequential,Who moves the meat rolls on the baking tray after she placed all the meat rolls?,1,mean_pool,23,0,1,0,0,0,0.000724349825213144,0.08487087645228683,0.04279761313874999
groundmore/gReGmQwSEu0_1950_2000/1__exp3/3,groundmore,test,gReGmQwSEu0_1950_2000,1__exp3,3,sequential,Who moves the meat rolls on the baking tray after she placed all the meat rolls?,1,mean_pool,42,0,1,0,0,0,0.000724349825213144,0.08487087645228683,0.04279761313874999
groundmore/gReGmQwSEu0_1950_2000/1__exp3/3,groundmore,test,gReGmQwSEu0_1950_2000,1__exp3,3,sequential,Who moves the meat rolls on the baking tray after she placed all the meat rolls?,1,opg_no_monotonic,ensemble,0,1,0,0,0,0.000724349825213144,0.08487087645228683,0.04279761313874999
groundmore/gReGmQwSEu0_1950_2000/1__exp3/3,groundmore,test,gReGmQwSEu0_1950_2000,1__exp3,3,sequential,Who moves the meat rolls on the baking tray after she placed all the meat rolls?,1,opg_no_monotonic,11,0,1,0,0,0,0.000724349825213144,0.08487087645228683,0.04279761313874999
groundmore/gReGmQwSEu0_1950_2000/1__exp3/3,groundmore,test,gReGmQwSEu0_1950_2000,1__exp3,3,sequential,Who moves the meat rolls on the baking tray after she placed all the meat rolls?,1,opg_no_monotonic,23,0,1,0,0,0,0.000724349825213144,0.08487087645228683,0.04279761313874999
groundmore/gReGmQwSEu0_1950_2000/1__exp3/3,groundmore,test,gReGmQwSEu0_1950_2000,1__exp3,3,sequential,Who moves the meat rolls on the baking tray after she placed all the meat rolls?,1,opg_no_monotonic,42,0,1,0,0,0,0.000724349825213144,0.08487087645228683,0.04279761313874999
groundmore/gReGmQwSEu0_1950_2000/1__exp3/3,groundmore,test,gReGmQwSEu0_1950_2000,1__exp3,3,sequential,Who moves the meat rolls on the baking tray after she placed all the meat rolls?,1,opg_no_order_loss,ensemble,0,1,0,0,0,0.000724349825213144,0.08487087645228683,0.04279761313874999
groundmore/gReGmQwSEu0_1950_2000/1__exp3/3,groundmore,test,gReGmQwSEu0_1950_2000,1__exp3,3,sequential,Who moves the meat rolls on the baking tray after she placed all the meat rolls?,1,opg_no_order_loss,11,0,1,0,0,0,0.000724349825213144,0.08487087645228683,0.04279761313874999
groundmore/gReGmQwSEu0_1950_2000/1__exp3/3,groundmore,test,gReGmQwSEu0_1950_2000,1__exp3,3,sequential,Who moves the meat rolls on the baking tray after she placed all the meat rolls?,1,opg_no_order_loss,23,0,1,0,0,0,0.000724349825213144,0.08487087645228683,0.04279761313874999
groundmore/gReGmQwSEu0_1950_2000/1__exp3/3,groundmore,test,gReGmQwSEu0_1950_2000,1__exp3,3,sequential,Who moves the meat rolls on the baking tray after she placed all the meat rolls?,1,opg_no_order_loss,42,0,1,0,0,0,0.000724349825213144,0.08487087645228683,0.04279761313874999
groundmore/gReGmQwSEu0_1950_2000/1__exp3/3,groundmore,test,gReGmQwSEu0_1950_2000,1__exp3,3,sequential,Who moves the meat rolls on the baking tray after she placed all the meat rolls?,1,opg_full,ensemble,0,1,0,0,0,0.000724349825213144,0.08487087645228683,0.04279761313874999
groundmore/gReGmQwSEu0_1950_2000/1__exp3/3,groundmore,test,gReGmQwSEu0_1950_2000,1__exp3,3,sequential,Who moves the meat rolls on the baking tray after she placed all the meat rolls?,1,opg_full,11,0,1,0,0,0,0.000724349825213144,0.08487087645228683,0.04279761313874999
groundmore/gReGmQwSEu0_1950_2000/1__exp3/3,groundmore,test,gReGmQwSEu0_1950_2000,1__exp3,3,sequential,Who moves the meat rolls on the baking tray after she placed all the meat rolls?,1,opg_full,23,0,1,0,0,0,0.000724349825213144,0.08487087645228683,0.04279761313874999
groundmore/gReGmQwSEu0_1950_2000/1__exp3/3,groundmore,test,gReGmQwSEu0_1950_2000,1__exp3,3,sequential,Who moves the meat rolls on the baking tray after she placed all the meat rolls?,1,opg_full,42,0,1,0,0,0,0.000724349825213144,0.08487087645228683,0.04279761313874999
groundmore/gReGmQwSEu0_1950_2000/2__exp4/4,groundmore,test,gReGmQwSEu0_1950_2000,2__exp4,4,sequential,What does the woman move on the baking tray after she placed all the meat rolls?,1,mean_pool,ensemble,0,0,,,0,0.0,0.0,0.0
groundmore/gReGmQwSEu0_1950_2000/2__exp4/4,groundmore,test,gReGmQwSEu0_1950_2000,2__exp4,4,sequential,What does the woman move on the baking tray after she placed all the meat rolls?,1,opg_no_monotonic,ensemble,0,0,,,0,0.0,0.0,0.0
groundmore/gReGmQwSEu0_1950_2000/2__exp4/4,groundmore,test,gReGmQwSEu0_1950_2000,2__exp4,4,sequential,What does the woman move on the baking tray after she placed all the meat rolls?,1,opg_no_order_loss,ensemble,0,0,,,0,0.0,0.0,0.0
groundmore/gReGmQwSEu0_1950_2000/2__exp4/4,groundmore,test,gReGmQwSEu0_1950_2000,2__exp4,4,sequential,What does the woman move on the baking tray after she placed all the meat rolls?,1,opg_full,ensemble,0,0,,,0,0.0,0.0,0.0
groundmore/gReGmQwSEu0_2350_2400/1__exp4/4,groundmore,test,gReGmQwSEu0_2350_2400,1__exp4,4,sequential,Who does the man pretend to bite after she bites him?,1,mean_pool,ensemble,0,0,,,0,0.0,0.0,0.0
groundmore/gReGmQwSEu0_2350_2400/1__exp4/4,groundmore,test,gReGmQwSEu0_2350_2400,1__exp4,4,sequential,Who does the man pretend to bite after she bites him?,1,opg_no_monotonic,ensemble,0,0,,,0,0.0,0.0,0.0
groundmore/gReGmQwSEu0_2350_2400/1__exp4/4,groundmore,test,gReGmQwSEu0_2350_2400,1__exp4,4,sequential,Who does the man pretend to bite after she bites him?,1,opg_no_order_loss,ensemble,0,0,,,0,0.0,0.0,0.0
groundmore/gReGmQwSEu0_2350_2400/1__exp4/4,groundmore,test,gReGmQwSEu0_2350_2400,1__exp4,4,sequential,Who does the man pretend to bite after she bites him?,1,opg_full,ensemble,0,0,,,0,0.0,0.0,0.0
groundmore/gReGmQwSEu0_2350_2400/2__exp3/3,groundmore,test,gReGmQwSEu0_2350_2400,2__exp3,3,sequential,Who opens his mouth pretending to bite the little girl in purple after she bites him?,1,mean_pool,ensemble,0,0,,,0,0.0,0.0,0.0
groundmore/gReGmQwSEu0_2350_2400/2__exp3/3,groundmore,test,gReGmQwSEu0_2350_2400,2__exp3,3,sequential,Who opens his mouth pretending to bite the little girl in purple after she bites him?,1,opg_no_monotonic,ensemble,0,0,,,0,0.0,0.0,0.0
groundmore/gReGmQwSEu0_2350_2400/2__exp3/3,groundmore,test,gReGmQwSEu0_2350_2400,2__exp3,3,sequential,Who opens his mouth pretending to bite the little girl in purple after she bites him?,1,opg_no_order_loss,ensemble,0,0,,,0,0.0,0.0,0.0
groundmore/gReGmQwSEu0_2350_2400/2__exp3/3,groundmore,test,gReGmQwSEu0_2350_2400,2__exp3,3,sequential,Who opens his mouth pretending to bite the little girl in purple after she bites him?,1,opg_full,ensemble,0,0,,,0,0.0,0.0,0.0
groundmore/h88b6fay0ew_0548_0555/1__exp1/1,groundmore,test,h88b6fay0ew_0548_0555,1__exp1,1,sequential,Who holds up a stop sign before letting the kids cross the road?,1,mean_pool,ensemble,0,1,0,0,0,3.984381225595665e-06,0.05131580085044259,0.025659892615834096
groundmore/h88b6fay0ew_0548_0555/1__exp1/1,groundmore,test,h88b6fay0ew_0548_0555,1__exp1,1,sequential,Who holds up a stop sign before letting the kids cross the road?,1,mean_pool,11,0,1,0,0,0,3.984381225595665e-06,0.05131580085044259,0.025659892615834096
groundmore/h88b6fay0ew_0548_0555/1__exp1/1,groundmore,test,h88b6fay0ew_0548_0555,1__exp1,1,sequential,Who holds up a stop sign before letting the kids cross the road?,1,mean_pool,23,0,1,0,0,0,3.984381225595665e-06,0.05131580085044259,0.025659892615834096
groundmore/h88b6fay0ew_0548_0555/1__exp1/1,groundmore,test,h88b6fay0ew_0548_0555,1__exp1,1,sequential,Who holds up a stop sign before letting the kids cross the road?,1,mean_pool,42,0,1,0,0,0,3.984381225595665e-06,0.05131580085044259,0.025659892615834096
groundmore/h88b6fay0ew_0548_0555/1__exp1/1,groundmore,test,h88b6fay0ew_0548_0555,1__exp1,1,sequential,Who holds up a stop sign before letting the kids cross the road?,1,opg_no_monotonic,ensemble,0,1,0,0,0,3.984381225595665e-06,0.05131580085044259,0.025659892615834096
groundmore/h88b6fay0ew_0548_0555/1__exp1/1,groundmore,test,h88b6fay0ew_0548_0555,1__exp1,1,sequential,Who holds up a stop sign before letting the kids cross the road?,1,opg_no_monotonic,11,0,1,0,0,0,3.984381225595665e-06,0.05131580085044259,0.025659892615834096
groundmore/h88b6fay0ew_0548_0555/1__exp1/1,groundmore,test,h88b6fay0ew_0548_0555,1__exp1,1,sequential,Who holds up a stop sign before letting the kids cross the road?,1,opg_no_monotonic,23,0,1,0,0,0,3.984381225595665e-06,0.05131580085044259,0.025659892615834096
groundmore/h88b6fay0ew_0548_0555/1__exp1/1,groundmore,test,h88b6fay0ew_0548_0555,1__exp1,1,sequential,Who holds up a stop sign before letting the kids cross the road?,1,opg_no_monotonic,42,0,1,0,0,0,3.984381225595665e-06,0.05131580085044259,0.025659892615834096
groundmore/h88b6fay0ew_0548_0555/1__exp1/1,groundmore,test,h88b6fay0ew_0548_0555,1__exp1,1,sequential,Who holds up a stop sign before letting the kids cross the road?,1,opg_no_order_loss,ensemble,0,1,0,0,0,3.984381225595665e-06,0.05131580085044259,0.025659892615834096
groundmore/h88b6fay0ew_0548_0555/1__exp1/1,groundmore,test,h88b6fay0ew_0548_0555,1__exp1,1,sequential,Who holds up a stop sign before letting the kids cross the road?,1,opg_no_order_loss,11,0,1,0,0,0,3.984381225595665e-06,0.05131580085044259,0.025659892615834096
groundmore/h88b6fay0ew_0548_0555/1__exp1/1,groundmore,test,h88b6fay0ew_0548_0555,1__exp1,1,sequential,Who holds up a stop sign before letting the kids cross the road?,1,opg_no_order_loss,23,0,1,0,0,0,3.984381225595665e-06,0.05131580085044259,0.025659892615834096
groundmore/h88b6fay0ew_0548_0555/1__exp1/1,groundmore,test,h88b6fay0ew_0548_0555,1__exp1,1,sequential,Who holds up a stop sign before letting the kids cross the road?,1,opg_no_order_loss,42,0,1,0,0,0,3.984381225595665e-06,0.05131580085044259,0.025659892615834096
groundmore/h88b6fay0ew_0548_0555/1__exp1/1,groundmore,test,h88b6fay0ew_0548_0555,1__exp1,1,sequential,Who holds up a stop sign before letting the kids cross the road?,1,opg_full,ensemble,0,1,0,0,0,3.984381225595665e-06,0.05131580085044259,0.025659892615834096
groundmore/h88b6fay0ew_0548_0555/1__exp1/1,groundmore,test,h88b6fay0ew_0548_0555,1__exp1,1,sequential,Who holds up a stop sign before letting the kids cross the road?,1,opg_full,11,0,1,0,0,0,3.984381225595665e-06,0.05131580085044259,0.025659892615834096
groundmore/h88b6fay0ew_0548_0555/1__exp1/1,groundmore,test,h88b6fay0ew_0548_0555,1__exp1,1,sequential,Who holds up a stop sign before letting the kids cross the road?,1,opg_full,23,0,1,0,0,0,3.984381225595665e-06,0.05131580085044259,0.025659892615834096
groundmore/h88b6fay0ew_0548_0555/1__exp1/1,groundmore,test,h88b6fay0ew_0548_0555,1__exp1,1,sequential,Who holds up a stop sign before letting the kids cross the road?,1,opg_full,42,0,1,0,0,0,3.984381225595665e-06,0.05131580085044259,0.025659892615834096
groundmore/h88b6fay0ew_0548_0555/2__exp2/2,groundmore,test,h88b6fay0ew_0548_0555,2__exp2,2,sequential,What does the crossing guard hold up before letting the kids cross the road?,1,mean_pool,ensemble,1,2,0,1,0,0.05,0.05,0.05
groundmore/h88b6fay0ew_0548_0555/2__exp2/2,groundmore,test,h88b6fay0ew_0548_0555,2__exp2,2,sequential,What does the crossing guard hold up before letting the kids cross the road?,1,mean_pool,11,1,2,0,1,0,0.05,0.05,0.05
groundmore/h88b6fay0ew_0548_0555/2__exp2/2,groundmore,test,h88b6fay0ew_0548_0555,2__exp2,2,sequential,What does the crossing guard hold up before letting the kids cross the road?,1,mean_pool,23,1,2,0,1,0,0.05,0.05,0.05
groundmore/h88b6fay0ew_0548_0555/2__exp2/2,groundmore,test,h88b6fay0ew_0548_0555,2__exp2,2,sequential,What does the crossing guard hold up before letting the kids cross the road?,1,mean_pool,42,1,2,0,1,0,0.05,0.05,0.05
groundmore/h88b6fay0ew_0548_0555/2__exp2/2,groundmore,test,h88b6fay0ew_0548_0555,2__exp2,2,sequential,What does the crossing guard hold up before letting the kids cross the road?,1,opg_no_monotonic,ensemble,1,2,0,1,0,0.05,0.05,0.05
groundmore/h88b6fay0ew_0548_0555/2__exp2/2,groundmore,test,h88b6fay0ew_0548_0555,2__exp2,2,sequential,What does the crossing guard hold up before letting the kids cross the road?,1,opg_no_monotonic,11,1,2,0,1,0,0.05,0.05,0.05
groundmore/h88b6fay0ew_0548_0555/2__exp2/2,groundmore,test,h88b6fay0ew_0548_0555,2__exp2,2,sequential,What does the crossing guard hold up before letting the kids cross the road?,1,opg_no_monotonic,23,1,2,0,1,0,0.05,0.05,0.05
groundmore/h88b6fay0ew_0548_0555/2__exp2/2,groundmore,test,h88b6fay0ew_0548_0555,2__exp2,2,sequential,What does the crossing guard hold up before letting the kids cross the road?,1,opg_no_monotonic,42,1,2,0,1,0,0.05,0.05,0.05
groundmore/h88b6fay0ew_0548_0555/2__exp2/2,groundmore,test,h88b6fay0ew_0548_0555,2__exp2,2,sequential,What does the crossing guard hold up before letting the kids cross the road?,1,opg_no_order_loss,ensemble,1,2,0,1,0,0.05,0.05,0.05
groundmore/h88b6fay0ew_0548_0555/2__exp2/2,groundmore,test,h88b6fay0ew_0548_0555,2__exp2,2,sequential,What does the crossing guard hold up before letting the kids cross the road?,1,opg_no_order_loss,11,1,2,0,1,0,0.05,0.05,0.05
groundmore/h88b6fay0ew_0548_0555/2__exp2/2,groundmore,test,h88b6fay0ew_0548_0555,2__exp2,2,sequential,What does the crossing guard hold up before letting the kids cross the road?,1,opg_no_order_loss,23,1,2,0,1,0,0.05,0.05,0.05
groundmore/h88b6fay0ew_0548_0555/2__exp2/2,groundmore,test,h88b6fay0ew_0548_0555,2__exp2,2,sequential,What does the crossing guard hold up before letting the kids cross the road?,1,opg_no_order_loss,42,1,2,0,1,0,0.05,0.05,0.05
groundmore/h88b6fay0ew_0548_0555/2__exp2/2,groundmore,test,h88b6fay0ew_0548_0555,2__exp2,2,sequential,What does the crossing guard hold up before letting the kids cross the road?,1,opg_full,ensemble,1,2,0,1,0,0.05,0.05,0.05
groundmore/h88b6fay0ew_0548_0555/2__exp2/2,groundmore,test,h88b6fay0ew_0548_0555,2__exp2,2,sequential,What does the crossing guard hold up before letting the kids cross the road?,1,opg_full,11,1,2,0,1,0,0.05,0.05,0.05
groundmore/h88b6fay0ew_0548_0555/2__exp2/2,groundmore,test,h88b6fay0ew_0548_0555,2__exp2,2,sequential,What does the crossing guard hold up before letting the kids cross the road?,1,opg_full,23,1,2,0,1,0,0.05,0.05,0.05
groundmore/h88b6fay0ew_0548_0555/2__exp2/2,groundmore,test,h88b6fay0ew_0548_0555,2__exp2,2,sequential,What does the crossing guard hold up before letting the kids cross the road?,1,opg_full,42,1,2,0,1,0,0.05,0.05,0.05
groundmore/h88b6fay0ew_0548_0555/3__exp3/3,groundmore,test,h88b6fay0ew_0548_0555,3__exp3,3,sequential,Who does the crossing guard let cross the road after holding up a stop sign?,1,mean_pool,ensemble,0,1,0,0,0,0.0,0.0014937424303593052,0.0007468712151796526
groundmore/h88b6fay0ew_0548_0555/3__exp3/3,groundmore,test,h88b6fay0ew_0548_0555,3__exp3,3,sequential,Who does the crossing guard let cross the road after holding up a stop sign?,1,mean_pool,11,0,1,0,0,0,0.0,0.0014937424303593052,0.0007468712151796526
groundmore/h88b6fay0ew_0548_0555/3__exp3/3,groundmore,test,h88b6fay0ew_0548_0555,3__exp3,3,sequential,Who does the crossing guard let cross the road after holding up a stop sign?,1,mean_pool,23,0,1,0,0,0,0.0,0.0014937424303593052,0.0007468712151796526
groundmore/h88b6fay0ew_0548_0555/3__exp3/3,groundmore,test,h88b6fay0ew_0548_0555,3__exp3,3,sequential,Who does the crossing guard let cross the road after holding up a stop sign?,1,mean_pool,42,0,1,0,0,0,0.0,0.0014937424303593052,0.0007468712151796526
groundmore/h88b6fay0ew_0548_0555/3__exp3/3,groundmore,test,h88b6fay0ew_0548_0555,3__exp3,3,sequential,Who does the crossing guard let cross the road after holding up a stop sign?,1,opg_no_monotonic,ensemble,0,1,0,0,0,0.0,0.0014937424303593052,0.0007468712151796526
groundmore/h88b6fay0ew_0548_0555/3__exp3/3,groundmore,test,h88b6fay0ew_0548_0555,3__exp3,3,sequential,Who does the crossing guard let cross the road after holding up a stop sign?,1,opg_no_monotonic,11,0,1,0,0,0,0.0,0.0014937424303593052,0.0007468712151796526
groundmore/h88b6fay0ew_0548_0555/3__exp3/3,groundmore,test,h88b6fay0ew_0548_0555,3__exp3,3,sequential,Who does the crossing guard let cross the road after holding up a stop sign?,1,opg_no_monotonic,23,0,1,0,0,0,0.0,0.0014937424303593052,0.0007468712151796526
groundmore/h88b6fay0ew_0548_0555/3__exp3/3,groundmore,test,h88b6fay0ew_0548_0555,3__exp3,3,sequential,Who does the crossing guard let cross the road after holding up a stop sign?,1,opg_no_monotonic,42,0,1,0,0,0,0.0,0.0014937424303593052,0.0007468712151796526
groundmore/h88b6fay0ew_0548_0555/3__exp3/3,groundmore,test,h88b6fay0ew_0548_0555,3__exp3,3,sequential,Who does the crossing guard let cross the road after holding up a stop sign?,1,opg_no_order_loss,ensemble,0,1,0,0,0,0.0,0.0014937424303593052,0.0007468712151796526
groundmore/h88b6fay0ew_0548_0555/3__exp3/3,groundmore,test,h88b6fay0ew_0548_0555,3__exp3,3,sequential,Who does the crossing guard let cross the road after holding up a stop sign?,1,opg_no_order_loss,11,0,1,0,0,0,0.0,0.0014937424303593052,0.0007468712151796526
groundmore/h88b6fay0ew_0548_0555/3__exp3/3,groundmore,test,h88b6fay0ew_0548_0555,3__exp3,3,sequential,Who does the crossing guard let cross the road after holding up a stop sign?,1,opg_no_order_loss,23,0,1,0,0,0,0.0,0.0014937424303593052,0.0007468712151796526
groundmore/h88b6fay0ew_0548_0555/3__exp3/3,groundmore,test,h88b6fay0ew_0548_0555,3__exp3,3,sequential,Who does the crossing guard let cross the road after holding up a stop sign?,1,opg_no_order_loss,42,0,1,0,0,0,0.0,0.0014937424303593052,0.0007468712151796526
groundmore/h88b6fay0ew_0548_0555/3__exp3/3,groundmore,test,h88b6fay0ew_0548_0555,3__exp3,3,sequential,Who does the crossing guard let cross the road after holding up a stop sign?,1,opg_full,ensemble,0,1,0,0,0,0.0,0.0014937424303593052,0.0007468712151796526
groundmore/h88b6fay0ew_0548_0555/3__exp3/3,groundmore,test,h88b6fay0ew_0548_0555,3__exp3,3,sequential,Who does the crossing guard let cross the road after holding up a stop sign?,1,opg_full,11,0,1,0,0,0,0.0,0.0014937424303593052,0.0007468712151796526
groundmore/h88b6fay0ew_0548_0555/3__exp3/3,groundmore,test,h88b6fay0ew_0548_0555,3__exp3,3,sequential,Who does the crossing guard let cross the road after holding up a stop sign?,1,opg_full,23,0,1,0,0,0,0.0,0.0014937424303593052,0.0007468712151796526
groundmore/h88b6fay0ew_0548_0555/3__exp3/3,groundmore,test,h88b6fay0ew_0548_0555,3__exp3,3,sequential,Who does the crossing guard let cross the road after holding up a stop sign?,1,opg_full,42,0,1,0,0,0,0.0,0.0014937424303593052,0.0007468712151796526
groundmore/h88b6fay0ew_0637_0643/1__exp1/1,groundmore,test,h88b6fay0ew_0637_0643,1__exp1,1,sequential,Who returns to the curb after the girl with the bike crosses the road?,1,mean_pool,ensemble,0,0,,,0,0.0,0.0,0.0
groundmore/h88b6fay0ew_0637_0643/1__exp1/1,groundmore,test,h88b6fay0ew_0637_0643,1__exp1,1,sequential,Who returns to the curb after the girl with the bike crosses the road?,1,opg_no_monotonic,ensemble,0,0,,,0,0.0,0.0,0.0
groundmore/h88b6fay0ew_0637_0643/1__exp1/1,groundmore,test,h88b6fay0ew_0637_0643,1__exp1,1,sequential,Who returns to the curb after the girl with the bike crosses the road?,1,opg_no_order_loss,ensemble,0,0,,,0,0.0,0.0,0.0
groundmore/h88b6fay0ew_0637_0643/1__exp1/1,groundmore,test,h88b6fay0ew_0637_0643,1__exp1,1,sequential,Who returns to the curb after the girl with the bike crosses the road?,1,opg_full,ensemble,0,0,,,0,0.0,0.0,0.0
groundmore/h88b6fay0ew_0637_0643/2__exp2/2,groundmore,test,h88b6fay0ew_0637_0643,2__exp2,2,sequential,Who crosses the road before the crossing guard returns to the curb?,1,mean_pool,ensemble,0,2,,0,0,0.0,0.0,0.0
groundmore/h88b6fay0ew_0637_0643/2__exp2/2,groundmore,test,h88b6fay0ew_0637_0643,2__exp2,2,sequential,Who crosses the road before the crossing guard returns to the curb?,1,mean_pool,11,0,2,,0,0,0.0,0.0,0.0
groundmore/h88b6fay0ew_0637_0643/2__exp2/2,groundmore,test,h88b6fay0ew_0637_0643,2__exp2,2,sequential,Who crosses the road before the crossing guard returns to the curb?,1,mean_pool,23,0,2,,0,0,0.0,0.0,0.0
groundmore/h88b6fay0ew_0637_0643/2__exp2/2,groundmore,test,h88b6fay0ew_0637_0643,2__exp2,2,sequential,Who crosses the road before the crossing guard returns to the curb?,1,mean_pool,42,0,2,,0,0,0.0,0.0,0.0
groundmore/h88b6fay0ew_0637_0643/2__exp2/2,groundmore,test,h88b6fay0ew_0637_0643,2__exp2,2,sequential,Who crosses the road before the crossing guard returns to the curb?,1,opg_no_monotonic,ensemble,0,2,,0,0,0.0,0.0,0.0
groundmore/h88b6fay0ew_0637_0643/2__exp2/2,groundmore,test,h88b6fay0ew_0637_0643,2__exp2,2,sequential,Who crosses the road before the crossing guard returns to the curb?,1,opg_no_monotonic,11,0,2,,0,0,0.0,0.0,0.0
groundmore/h88b6fay0ew_0637_0643/2__exp2/2,groundmore,test,h88b6fay0ew_0637_0643,2__exp2,2,sequential,Who crosses the road before the crossing guard returns to the curb?,1,opg_no_monotonic,23,0,2,,0,0,0.0,0.0,0.0
groundmore/h88b6fay0ew_0637_0643/2__exp2/2,groundmore,test,h88b6fay0ew_0637_0643,2__exp2,2,sequential,Who crosses the road before the crossing guard returns to the curb?,1,opg_no_monotonic,42,0,2,,0,0,0.0,0.0,0.0
groundmore/h88b6fay0ew_0637_0643/2__exp2/2,groundmore,test,h88b6fay0ew_0637_0643,2__exp2,2,sequential,Who crosses the road before the crossing guard returns to the curb?,1,opg_no_order_loss,ensemble,0,2,,0,0,0.0,0.0,0.0
groundmore/h88b6fay0ew_0637_0643/2__exp2/2,groundmore,test,h88b6fay0ew_0637_0643,2__exp2,2,sequential,Who crosses the road before the crossing guard returns to the curb?,1,opg_no_order_loss,11,0,2,,0,0,0.0,0.0,0.0
groundmore/h88b6fay0ew_0637_0643/2__exp2/2,groundmore,test,h88b6fay0ew_0637_0643,2__exp2,2,sequential,Who crosses the road before the crossing guard returns to the curb?,1,opg_no_order_loss,23,0,2,,0,0,0.0,0.0,0.0
groundmore/h88b6fay0ew_0637_0643/2__exp2/2,groundmore,test,h88b6fay0ew_0637_0643,2__exp2,2,sequential,Who crosses the road before the crossing guard returns to the curb?,1,opg_no_order_loss,42,0,2,,0,0,0.0,0.0,0.0
groundmore/h88b6fay0ew_0637_0643/2__exp2/2,groundmore,test,h88b6fay0ew_0637_0643,2__exp2,2,sequential,Who crosses the road before the crossing guard returns to the curb?,1,opg_full,ensemble,0,2,,0,0,0.0,0.0,0.0
groundmore/h88b6fay0ew_0637_0643/2__exp2/2,groundmore,test,h88b6fay0ew_0637_0643,2__exp2,2,sequential,Who crosses the road before the crossing guard returns to the curb?,1,opg_full,11,0,2,,0,0,0.0,0.0,0.0
groundmore/h88b6fay0ew_0637_0643/2__exp2/2,groundmore,test,h88b6fay0ew_0637_0643,2__exp2,2,sequential,Who crosses the road before the crossing guard returns to the curb?,1,opg_full,23,0,2,,0,0,0.0,0.0,0.0
groundmore/h88b6fay0ew_0637_0643/2__exp2/2,groundmore,test,h88b6fay0ew_0637_0643,2__exp2,2,sequential,Who crosses the road before the crossing guard returns to the curb?,1,opg_full,42,0,2,,0,0,0.0,0.0,0.0
groundmore/h88b6fay0ew_0752_0804/1__exp3/3,groundmore,test,h88b6fay0ew_0752_0804,1__exp3,3,sequential,Who stops the car before the student in green walks in front of it?,1,mean_pool,ensemble,0,0,,,0,0.0,0.0,0.0
groundmore/h88b6fay0ew_0752_0804/1__exp3/3,groundmore,test,h88b6fay0ew_0752_0804,1__exp3,3,sequential,Who stops the car before the student in green walks in front of it?,1,opg_no_monotonic,ensemble,0,0,,,0,0.0,0.0,0.0
groundmore/h88b6fay0ew_0752_0804/1__exp3/3,groundmore,test,h88b6fay0ew_0752_0804,1__exp3,3,sequential,Who stops the car before the student in green walks in front of it?,1,opg_no_order_loss,ensemble,0,0,,,0,0.0,0.0,0.0
groundmore/h88b6fay0ew_0752_0804/1__exp3/3,groundmore,test,h88b6fay0ew_0752_0804,1__exp3,3,sequential,Who stops the car before the student in green walks in front of it?,1,opg_full,ensemble,0,0,,,0,0.0,0.0,0.0
groundmore/h88b6fay0ew_0752_0804/3__exp4/4,groundmore,test,h88b6fay0ew_0752_0804,3__exp4,4,sequential,Who walks in front of the car after the crossing guard stops it?,1,mean_pool,ensemble,0,0,,,0,0.0,0.0,0.0
groundmore/h88b6fay0ew_0752_0804/3__exp4/4,groundmore,test,h88b6fay0ew_0752_0804,3__exp4,4,sequential,Who walks in front of the car after the crossing guard stops it?,1,opg_no_monotonic,ensemble,0,0,,,0,0.0,0.0,0.0
groundmore/h88b6fay0ew_0752_0804/3__exp4/4,groundmore,test,h88b6fay0ew_0752_0804,3__exp4,4,sequential,Who walks in front of the car after the crossing guard stops it?,1,opg_no_order_loss,ensemble,0,0,,,0,0.0,0.0,0.0
groundmore/h88b6fay0ew_0752_0804/3__exp4/4,groundmore,test,h88b6fay0ew_0752_0804,3__exp4,4,sequential,Who walks in front of the car after the crossing guard stops it?,1,opg_full,ensemble,0,0,,,0,0.0,0.0,0.0
groundmore/hz9Q11qx8es_0411_0418/1__exp1/1,groundmore,test,hz9Q11qx8es_0411_0418,1__exp1,1,sequential,Who lays a towel over the table before the dog goes under the table?,1,mean_pool,ensemble,0,0,,,0,0.0,0.0,0.0
groundmore/hz9Q11qx8es_0411_0418/1__exp1/1,groundmore,test,hz9Q11qx8es_0411_0418,1__exp1,1,sequential,Who lays a towel over the table before the dog goes under the table?,1,opg_no_monotonic,ensemble,0,0,,,0,0.0,0.0,0.0
groundmore/hz9Q11qx8es_0411_0418/1__exp1/1,groundmore,test,hz9Q11qx8es_0411_0418,1__exp1,1,sequential,Who lays a towel over the table before the dog goes under the table?,1,opg_no_order_loss,ensemble,0,0,,,0,0.0,0.0,0.0
groundmore/hz9Q11qx8es_0411_0418/1__exp1/1,groundmore,test,hz9Q11qx8es_0411_0418,1__exp1,1,sequential,Who lays a towel over the table before the dog goes under the table?,1,opg_full,ensemble,0,0,,,0,0.0,0.0,0.0
groundmore/hz9Q11qx8es_0411_0418/2__exp2/2,groundmore,test,hz9Q11qx8es_0411_0418,2__exp2,2,sequential,What does the trainer lay over the table before the dog goes under the table?,1,mean_pool,ensemble,0,0,,,0,0.0,0.0,0.0
groundmore/hz9Q11qx8es_0411_0418/2__exp2/2,groundmore,test,hz9Q11qx8es_0411_0418,2__exp2,2,sequential,What does the trainer lay over the table before the dog goes under the table?,1,opg_no_monotonic,ensemble,0,0,,,0,0.0,0.0,0.0
groundmore/hz9Q11qx8es_0411_0418/2__exp2/2,groundmore,test,hz9Q11qx8es_0411_0418,2__exp2,2,sequential,What does the trainer lay over the table before the dog goes under the table?,1,opg_no_order_loss,ensemble,0,0,,,0,0.0,0.0,0.0
groundmore/hz9Q11qx8es_0411_0418/2__exp2/2,groundmore,test,hz9Q11qx8es_0411_0418,2__exp2,2,sequential,What does the trainer lay over the table before the dog goes under the table?,1,opg_full,ensemble,0,0,,,0,0.0,0.0,0.0
groundmore/hz9Q11qx8es_0411_0418/3__exp3/3,groundmore,test,hz9Q11qx8es_0411_0418,3__exp3,3,sequential,Over what does the trainer lay a towel before the dog goes under?,1,mean_pool,ensemble,0,0,,,0,0.0,0.0,0.0
groundmore/hz9Q11qx8es_0411_0418/3__exp3/3,groundmore,test,hz9Q11qx8es_0411_0418,3__exp3,3,sequential,Over what does the trainer lay a towel before the dog goes under?,1,opg_no_monotonic,ensemble,0,0,,,0,0.0,0.0,0.0
groundmore/hz9Q11qx8es_0411_0418/3__exp3/3,groundmore,test,hz9Q11qx8es_0411_0418,3__exp3,3,sequential,Over what does the trainer lay a towel before the dog goes under?,1,opg_no_order_loss,ensemble,0,0,,,0,0.0,0.0,0.0
groundmore/hz9Q11qx8es_0411_0418/3__exp3/3,groundmore,test,hz9Q11qx8es_0411_0418,3__exp3,3,sequential,Over what does the trainer lay a towel before the dog goes under?,1,opg_full,ensemble,0,0,,,0,0.0,0.0,0.0
groundmore/hz9Q11qx8es_0411_0418/4__exp4/4,groundmore,test,hz9Q11qx8es_0411_0418,4__exp4,4,sequential,Who goes under the table after the trainer lays a towel over it?,1,mean_pool,ensemble,0,0,,,0,0.0,0.0,0.0
groundmore/hz9Q11qx8es_0411_0418/4__exp4/4,groundmore,test,hz9Q11qx8es_0411_0418,4__exp4,4,sequential,Who goes under the table after the trainer lays a towel over it?,1,opg_no_monotonic,ensemble,0,0,,,0,0.0,0.0,0.0
groundmore/hz9Q11qx8es_0411_0418/4__exp4/4,groundmore,test,hz9Q11qx8es_0411_0418,4__exp4,4,sequential,Who goes under the table after the trainer lays a towel over it?,1,opg_no_order_loss,ensemble,0,0,,,0,0.0,0.0,0.0
groundmore/hz9Q11qx8es_0411_0418/4__exp4/4,groundmore,test,hz9Q11qx8es_0411_0418,4__exp4,4,sequential,Who goes under the table after the trainer lays a towel over it?,1,opg_full,ensemble,0,0,,,0,0.0,0.0,0.0
groundmore/jI9tSvkuVQQ_0025_0040/1__exp1/1,groundmore,test,jI9tSvkuVQQ_0025_0040,1__exp1,1,sequential,Who opens the cooler before feeding the walrus a fish?,1,mean_pool,ensemble,0,0,,,0,0.0,0.0,0.0
groundmore/jI9tSvkuVQQ_0025_0040/1__exp1/1,groundmore,test,jI9tSvkuVQQ_0025_0040,1__exp1,1,sequential,Who opens the cooler before feeding the walrus a fish?,1,opg_no_monotonic,ensemble,0,0,,,0,0.0,0.0,0.0
groundmore/jI9tSvkuVQQ_0025_0040/1__exp1/1,groundmore,test,jI9tSvkuVQQ_0025_0040,1__exp1,1,sequential,Who opens the cooler before feeding the walrus a fish?,1,opg_no_order_loss,ensemble,0,0,,,0,0.0,0.0,0.0
groundmore/jI9tSvkuVQQ_0025_0040/1__exp1/1,groundmore,test,jI9tSvkuVQQ_0025_0040,1__exp1,1,sequential,Who opens the cooler before feeding the walrus a fish?,1,opg_full,ensemble,0,0,,,0,0.0,0.0,0.0
groundmore/jI9tSvkuVQQ_0025_0040/2__exp2/2,groundmore,test,jI9tSvkuVQQ_0025_0040,2__exp2,2,sequential,What does the zookeeper open before feeding the walrus a fish?,1,mean_pool,ensemble,0,0,,,0,0.0,0.0,0.0
groundmore/jI9tSvkuVQQ_0025_0040/2__exp2/2,groundmore,test,jI9tSvkuVQQ_0025_0040,2__exp2,2,sequential,What does the zookeeper open before feeding the walrus a fish?,1,opg_no_monotonic,ensemble,0,0,,,0,0.0,0.0,0.0
groundmore/jI9tSvkuVQQ_0025_0040/2__exp2/2,groundmore,test,jI9tSvkuVQQ_0025_0040,2__exp2,2,sequential,What does the zookeeper open before feeding the walrus a fish?,1,opg_no_order_loss,ensemble,0,0,,,0,0.0,0.0,0.0
groundmore/jI9tSvkuVQQ_0025_0040/2__exp2/2,groundmore,test,jI9tSvkuVQQ_0025_0040,2__exp2,2,sequential,What does the zookeeper open before feeding the walrus a fish?,1,opg_full,ensemble,0,0,,,0,0.0,0.0,0.0
groundmore/jI9tSvkuVQQ_0025_0040/3__exp3/3,groundmore,test,jI9tSvkuVQQ_0025_0040,3__exp3,3,sequential,Who does the zookeeper feed a fish to after opening the cooler?,1,mean_pool,ensemble,0,0,,,0,0.0,0.0,0.0
groundmore/jI9tSvkuVQQ_0025_0040/3__exp3/3,groundmore,test,jI9tSvkuVQQ_0025_0040,3__exp3,3,sequential,Who does the zookeeper feed a fish to after opening the cooler?,1,opg_no_monotonic,ensemble,0,0,,,0,0.0,0.0,0.0
groundmore/jI9tSvkuVQQ_0025_0040/3__exp3/3,groundmore,test,jI9tSvkuVQQ_0025_0040,3__exp3,3,sequential,Who does the zookeeper feed a fish to after opening the cooler?,1,opg_no_order_loss,ensemble,0,0,,,0,0.0,0.0,0.0
groundmore/jI9tSvkuVQQ_0025_0040/3__exp3/3,groundmore,test,jI9tSvkuVQQ_0025_0040,3__exp3,3,sequential,Who does the zookeeper feed a fish to after opening the cooler?,1,opg_full,ensemble,0,0,,,0,0.0,0.0,0.0
groundmore/ktE5HT0mzPY_0230_0245/1__exp1/1,groundmore,test,ktE5HT0mzPY_0230_0245,1__exp1,1,sequential,Who laughs by bending over to the man after the man starts to laugh?,1,mean_pool,ensemble,0,0,,,0,0.0,0.0,0.0
groundmore/ktE5HT0mzPY_0230_0245/1__exp1/1,groundmore,test,ktE5HT0mzPY_0230_0245,1__exp1,1,sequential,Who laughs by bending over to the man after the man starts to laugh?,1,opg_no_monotonic,ensemble,0,0,,,0,0.0,0.0,0.0
groundmore/ktE5HT0mzPY_0230_0245/1__exp1/1,groundmore,test,ktE5HT0mzPY_0230_0245,1__exp1,1,sequential,Who laughs by bending over to the man after the man starts to laugh?,1,opg_no_order_loss,ensemble,0,0,,,0,0.0,0.0,0.0
groundmore/ktE5HT0mzPY_0230_0245/1__exp1/1,groundmore,test,ktE5HT0mzPY_0230_0245,1__exp1,1,sequential,Who laughs by bending over to the man after the man starts to laugh?,1,opg_full,ensemble,0,0,,,0,0.0,0.0,0.0
groundmore/ktE5HT0mzPY_0230_0245/2__exp2/2,groundmore,test,ktE5HT0mzPY_0230_0245,2__exp2,2,sequential,To whom does the woman laugh by bending over after the man starts to laugh?,1,mean_pool,ensemble,0,0,,,0,0.0,0.0,0.0
groundmore/ktE5HT0mzPY_0230_0245/2__exp2/2,groundmore,test,ktE5HT0mzPY_0230_0245,2__exp2,2,sequential,To whom does the woman laugh by bending over after the man starts to laugh?,1,opg_no_monotonic,ensemble,0,0,,,0,0.0,0.0,0.0
groundmore/ktE5HT0mzPY_0230_0245/2__exp2/2,groundmore,test,ktE5HT0mzPY_0230_0245,2__exp2,2,sequential,To whom does the woman laugh by bending over after the man starts to laugh?,1,opg_no_order_loss,ensemble,0,0,,,0,0.0,0.0,0.0
groundmore/ktE5HT0mzPY_0230_0245/2__exp2/2,groundmore,test,ktE5HT0mzPY_0230_0245,2__exp2,2,sequential,To whom does the woman laugh by bending over after the man starts to laugh?,1,opg_full,ensemble,0,0,,,0,0.0,0.0,0.0
groundmore/ktE5HT0mzPY_0433_0443/1__exp1/1,groundmore,test,ktE5HT0mzPY_0433_0443,1__exp1,1,sequential,Who throws her jacket after taking it off?,1,mean_pool,ensemble,0,0,,,0,0.0,0.0,0.0
groundmore/ktE5HT0mzPY_0433_0443/1__exp1/1,groundmore,test,ktE5HT0mzPY_0433_0443,1__exp1,1,sequential,Who throws her jacket after taking it off?,1,opg_no_monotonic,ensemble,0,0,,,0,0.0,0.0,0.0
groundmore/ktE5HT0mzPY_0433_0443/1__exp1/1,groundmore,test,ktE5HT0mzPY_0433_0443,1__exp1,1,sequential,Who throws her jacket after taking it off?,1,opg_no_order_loss,ensemble,0,0,,,0,0.0,0.0,0.0
groundmore/ktE5HT0mzPY_0433_0443/1__exp1/1,groundmore,test,ktE5HT0mzPY_0433_0443,1__exp1,1,sequential,Who throws her jacket after taking it off?,1,opg_full,ensemble,0,0,,,0,0.0,0.0,0.0
groundmore/ktE5HT0mzPY_0433_0443/2__exp2/2,groundmore,test,ktE5HT0mzPY_0433_0443,2__exp2,2,sequential,What does the woman throw after taking it off?,1,mean_pool,ensemble,0,0,,,0,0.0,0.0,0.0
groundmore/ktE5HT0mzPY_0433_0443/2__exp2/2,groundmore,test,ktE5HT0mzPY_0433_0443,2__exp2,2,sequential,What does the woman throw after taking it off?,1,opg_no_monotonic,ensemble,0,0,,,0,0.0,0.0,0.0
groundmore/ktE5HT0mzPY_0433_0443/2__exp2/2,groundmore,test,ktE5HT0mzPY_0433_0443,2__exp2,2,sequential,What does the woman throw after taking it off?,1,opg_no_order_loss,ensemble,0,0,,,0,0.0,0.0,0.0
groundmore/ktE5HT0mzPY_0433_0443/2__exp2/2,groundmore,test,ktE5HT0mzPY_0433_0443,2__exp2,2,sequential,What does the woman throw after taking it off?,1,opg_full,ensemble,0,0,,,0,0.0,0.0,0.0
groundmore/ktE5HT0mzPY_0443_0453/1__exp4/4,groundmore,test,ktE5HT0mzPY_0443_0453,1__exp4,4,sequential,Who closes the laptop after giving a high-five to the woman?,1,mean_pool,ensemble,0,0,,,0,0.0,0.0,0.0
groundmore/ktE5HT0mzPY_0443_0453/1__exp4/4,groundmore,test,ktE5HT0mzPY_0443_0453,1__exp4,4,sequential,Who closes the laptop after giving a high-five to the woman?,1,opg_no_monotonic,ensemble,0,0,,,0,0.0,0.0,0.0
groundmore/ktE5HT0mzPY_0443_0453/1__exp4/4,groundmore,test,ktE5HT0mzPY_0443_0453,1__exp4,4,sequential,Who closes the laptop after giving a high-five to the woman?,1,opg_no_order_loss,ensemble,0,0,,,0,0.0,0.0,0.0
groundmore/ktE5HT0mzPY_0443_0453/1__exp4/4,groundmore,test,ktE5HT0mzPY_0443_0453,1__exp4,4,sequential,Who closes the laptop after giving a high-five to the woman?,1,opg_full,ensemble,0,0,,,0,0.0,0.0,0.0
groundmore/ktE5HT0mzPY_0443_0453/2__exp5/5,groundmore,test,ktE5HT0mzPY_0443_0453,2__exp5,5,sequential,What does the man close after giving a high-five to the woman?,1,mean_pool,ensemble,0,0,,,0,0.0,0.0,0.0
groundmore/ktE5HT0mzPY_0443_0453/2__exp5/5,groundmore,test,ktE5HT0mzPY_0443_0453,2__exp5,5,sequential,What does the man close after giving a high-five to the woman?,1,opg_no_monotonic,ensemble,0,0,,,0,0.0,0.0,0.0
groundmore/ktE5HT0mzPY_0443_0453/2__exp5/5,groundmore,test,ktE5HT0mzPY_0443_0453,2__exp5,5,sequential,What does the man close after giving a high-five to the woman?,1,opg_no_order_loss,ensemble,0,0,,,0,0.0,0.0,0.0
groundmore/ktE5HT0mzPY_0443_0453/2__exp5/5,groundmore,test,ktE5HT0mzPY_0443_0453,2__exp5,5,sequential,What does the man close after giving a high-five to the woman?,1,opg_full,ensemble,0,0,,,0,0.0,0.0,0.0
groundmore/ktE5HT0mzPY_0443_0453/3__exp6/6,groundmore,test,ktE5HT0mzPY_0443_0453,3__exp6,6,sequential,To whom does the man give a high-five before closing the laptop?,1,mean_pool,ensemble,0,0,,,0,0.0,0.0,0.0
groundmore/ktE5HT0mzPY_0443_0453/3__exp6/6,groundmore,test,ktE5HT0mzPY_0443_0453,3__exp6,6,sequential,To whom does the man give a high-five before closing the laptop?,1,opg_no_monotonic,ensemble,0,0,,,0,0.0,0.0,0.0
groundmore/ktE5HT0mzPY_0443_0453/3__exp6/6,groundmore,test,ktE5HT0mzPY_0443_0453,3__exp6,6,sequential,To whom does the man give a high-five before closing the laptop?,1,opg_no_order_loss,ensemble,0,0,,,0,0.0,0.0,0.0
groundmore/ktE5HT0mzPY_0443_0453/3__exp6/6,groundmore,test,ktE5HT0mzPY_0443_0453,3__exp6,6,sequential,To whom does the man give a high-five before closing the laptop?,1,opg_full,ensemble,0,0,,,0,0.0,0.0,0.0
groundmore/ktE5HT0mzPY_0900_0910/1__exp1/1,groundmore,test,ktE5HT0mzPY_0900_0910,1__exp1,1,sequential,Who removes the lens cap from the lens before attaching the lens to the camera?,1,mean_pool,ensemble,1,2,0,0,1,0.3004566193928969,0.35922296800166703,0.329839793697282
groundmore/ktE5HT0mzPY_0900_0910/1__exp1/1,groundmore,test,ktE5HT0mzPY_0900_0910,1__exp1,1,sequential,Who removes the lens cap from the lens before attaching the lens to the camera?,1,mean_pool,11,1,2,0,0,1,0.3004566193928969,0.35922296800166703,0.329839793697282
groundmore/ktE5HT0mzPY_0900_0910/1__exp1/1,groundmore,test,ktE5HT0mzPY_0900_0910,1__exp1,1,sequential,Who removes the lens cap from the lens before attaching the lens to the camera?,1,mean_pool,23,1,2,0,0,1,0.3004566193928969,0.35922296800166703,0.329839793697282
groundmore/ktE5HT0mzPY_0900_0910/1__exp1/1,groundmore,test,ktE5HT0mzPY_0900_0910,1__exp1,1,sequential,Who removes the lens cap from the lens before attaching the lens to the camera?,1,mean_pool,42,1,2,0,1,0,0.3000035118623305,0.3119415274157894,0.3059725196390599
groundmore/ktE5HT0mzPY_0900_0910/1__exp1/1,groundmore,test,ktE5HT0mzPY_0900_0910,1__exp1,1,sequential,Who removes the lens cap from the lens before attaching the lens to the camera?,1,opg_no_monotonic,ensemble,1,2,0,0,1,0.3004566193928969,0.35922296800166703,0.329839793697282
groundmore/ktE5HT0mzPY_0900_0910/1__exp1/1,groundmore,test,ktE5HT0mzPY_0900_0910,1__exp1,1,sequential,Who removes the lens cap from the lens before attaching the lens to the camera?,1,opg_no_monotonic,11,1,2,0,0,1,0.3004566193928969,0.35922296800166703,0.329839793697282
groundmore/ktE5HT0mzPY_0900_0910/1__exp1/1,groundmore,test,ktE5HT0mzPY_0900_0910,1__exp1,1,sequential,Who removes the lens cap from the lens before attaching the lens to the camera?,1,opg_no_monotonic,23,1,2,0,0,1,0.3004566193928969,0.35922296800166703,0.329839793697282
groundmore/ktE5HT0mzPY_0900_0910/1__exp1/1,groundmore,test,ktE5HT0mzPY_0900_0910,1__exp1,1,sequential,Who removes the lens cap from the lens before attaching the lens to the camera?,1,opg_no_monotonic,42,1,2,0,1,0,0.3000035118623305,0.3119415274157894,0.3059725196390599
groundmore/ktE5HT0mzPY_0900_0910/1__exp1/1,groundmore,test,ktE5HT0mzPY_0900_0910,1__exp1,1,sequential,Who removes the lens cap from the lens before attaching the lens to the camera?,1,opg_no_order_loss,ensemble,1,2,0,0,1,0.3004566193928969,0.35922296800166703,0.329839793697282
groundmore/ktE5HT0mzPY_0900_0910/1__exp1/1,groundmore,test,ktE5HT0mzPY_0900_0910,1__exp1,1,sequential,Who removes the lens cap from the lens before attaching the lens to the camera?,1,opg_no_order_loss,11,1,2,0,0,1,0.3004566193928969,0.35922296800166703,0.329839793697282
groundmore/ktE5HT0mzPY_0900_0910/1__exp1/1,groundmore,test,ktE5HT0mzPY_0900_0910,1__exp1,1,sequential,Who removes the lens cap from the lens before attaching the lens to the camera?,1,opg_no_order_loss,23,1,2,0,0,1,0.3004566193928969,0.35922296800166703,0.329839793697282
groundmore/ktE5HT0mzPY_0900_0910/1__exp1/1,groundmore,test,ktE5HT0mzPY_0900_0910,1__exp1,1,sequential,Who removes the lens cap from the lens before attaching the lens to the camera?,1,opg_no_order_loss,42,1,2,0,1,0,0.3000035118623305,0.3119415274157894,0.3059725196390599
groundmore/ktE5HT0mzPY_0900_0910/1__exp1/1,groundmore,test,ktE5HT0mzPY_0900_0910,1__exp1,1,sequential,Who removes the lens cap from the lens before attaching the lens to the camera?,1,opg_full,ensemble,1,2,0,0,1,0.3004566193928969,0.35922296800166703,0.329839793697282
groundmore/ktE5HT0mzPY_0900_0910/1__exp1/1,groundmore,test,ktE5HT0mzPY_0900_0910,1__exp1,1,sequential,Who removes the lens cap from the lens before attaching the lens to the camera?,1,opg_full,11,1,2,0,0,1,0.3004566193928969,0.35922296800166703,0.329839793697282
groundmore/ktE5HT0mzPY_0900_0910/1__exp1/1,groundmore,test,ktE5HT0mzPY_0900_0910,1__exp1,1,sequential,Who removes the lens cap from the lens before attaching the lens to the camera?,1,opg_full,23,1,2,0,0,1,0.3004566193928969,0.35922296800166703,0.329839793697282
groundmore/ktE5HT0mzPY_0900_0910/1__exp1/1,groundmore,test,ktE5HT0mzPY_0900_0910,1__exp1,1,sequential,Who removes the lens cap from the lens before attaching the lens to the camera?,1,opg_full,42,1,2,0,1,0,0.3000035118623305,0.3119415274157894,0.3059725196390599
groundmore/ktE5HT0mzPY_0900_0910/2__exp2/2,groundmore,test,ktE5HT0mzPY_0900_0910,2__exp2,2,sequential,What does the man remove from the lens before attaching the lens to the camera?,1,mean_pool,ensemble,0,0,,,0,0.0,0.0,0.0
groundmore/ktE5HT0mzPY_0900_0910/2__exp2/2,groundmore,test,ktE5HT0mzPY_0900_0910,2__exp2,2,sequential,What does the man remove from the lens before attaching the lens to the camera?,1,opg_no_monotonic,ensemble,0,0,,,0,0.0,0.0,0.0
groundmore/ktE5HT0mzPY_0900_0910/2__exp2/2,groundmore,test,ktE5HT0mzPY_0900_0910,2__exp2,2,sequential,What does the man remove from the lens before attaching the lens to the camera?,1,opg_no_order_loss,ensemble,0,0,,,0,0.0,0.0,0.0
groundmore/ktE5HT0mzPY_0900_0910/2__exp2/2,groundmore,test,ktE5HT0mzPY_0900_0910,2__exp2,2,sequential,What does the man remove from the lens before attaching the lens to the camera?,1,opg_full,ensemble,0,0,,,0,0.0,0.0,0.0
groundmore/ktE5HT0mzPY_1142_1146/1__exp1/1,groundmore,test,ktE5HT0mzPY_1142_1146,1__exp1,1,sequential,Who dips a sushi roll in soy sauce before eating it?,1,mean_pool,ensemble,0,2,0,1,0,0.15,0.15283557763530536,0.15141778881765267
groundmore/ktE5HT0mzPY_1142_1146/1__exp1/1,groundmore,test,ktE5HT0mzPY_1142_1146,1__exp1,1,sequential,Who dips a sushi roll in soy sauce before eating it?,1,mean_pool,11,0,2,0,1,0,0.15,0.15283557763530536,0.15141778881765267
groundmore/ktE5HT0mzPY_1142_1146/1__exp1/1,groundmore,test,ktE5HT0mzPY_1142_1146,1__exp1,1,sequential,Who dips a sushi roll in soy sauce before eating it?,1,mean_pool,23,0,2,0,1,0,0.15,0.15283557763530536,0.15141778881765267
groundmore/ktE5HT0mzPY_1142_1146/1__exp1/1,groundmore,test,ktE5HT0mzPY_1142_1146,1__exp1,1,sequential,Who dips a sushi roll in soy sauce before eating it?,1,mean_pool,42,0,2,0,1,0,0.15,0.15283557763530536,0.15141778881765267
groundmore/ktE5HT0mzPY_1142_1146/1__exp1/1,groundmore,test,ktE5HT0mzPY_1142_1146,1__exp1,1,sequential,Who dips a sushi roll in soy sauce before eating it?,1,opg_no_monotonic,ensemble,0,2,0,1,0,0.15,0.15283557763530536,0.15141778881765267
groundmore/ktE5HT0mzPY_1142_1146/1__exp1/1,groundmore,test,ktE5HT0mzPY_1142_1146,1__exp1,1,sequential,Who dips a sushi roll in soy sauce before eating it?,1,opg_no_monotonic,11,0,2,0,1,0,0.15,0.15283557763530536,0.15141778881765267
groundmore/ktE5HT0mzPY_1142_1146/1__exp1/1,groundmore,test,ktE5HT0mzPY_1142_1146,1__exp1,1,sequential,Who dips a sushi roll in soy sauce before eating it?,1,opg_no_monotonic,23,0,2,0,1,0,0.15,0.15283557763530536,0.15141778881765267
groundmore/ktE5HT0mzPY_1142_1146/1__exp1/1,groundmore,test,ktE5HT0mzPY_1142_1146,1__exp1,1,sequential,Who dips a sushi roll in soy sauce before eating it?,1,opg_no_monotonic,42,0,2,0,1,0,0.15,0.15283557763530536,0.15141778881765267
groundmore/ktE5HT0mzPY_1142_1146/1__exp1/1,groundmore,test,ktE5HT0mzPY_1142_1146,1__exp1,1,sequential,Who dips a sushi roll in soy sauce before eating it?,1,opg_no_order_loss,ensemble,0,2,0,1,0,0.15,0.15283557763530536,0.15141778881765267
groundmore/ktE5HT0mzPY_1142_1146/1__exp1/1,groundmore,test,ktE5HT0mzPY_1142_1146,1__exp1,1,sequential,Who dips a sushi roll in soy sauce before eating it?,1,opg_no_order_loss,11,0,2,0,1,0,0.15,0.15283557763530536,0.15141778881765267
groundmore/ktE5HT0mzPY_1142_1146/1__exp1/1,groundmore,test,ktE5HT0mzPY_1142_1146,1__exp1,1,sequential,Who dips a sushi roll in soy sauce before eating it?,1,opg_no_order_loss,23,0,2,0,1,0,0.15,0.15283557763530536,0.15141778881765267
groundmore/ktE5HT0mzPY_1142_1146/1__exp1/1,groundmore,test,ktE5HT0mzPY_1142_1146,1__exp1,1,sequential,Who dips a sushi roll in soy sauce before eating it?,1,opg_no_order_loss,42,0,2,0,1,0,0.15,0.15283557763530536,0.15141778881765267
groundmore/ktE5HT0mzPY_1142_1146/1__exp1/1,groundmore,test,ktE5HT0mzPY_1142_1146,1__exp1,1,sequential,Who dips a sushi roll in soy sauce before eating it?,1,opg_full,ensemble,0,2,0,1,0,0.15,0.15283557763530536,0.15141778881765267
groundmore/ktE5HT0mzPY_1142_1146/1__exp1/1,groundmore,test,ktE5HT0mzPY_1142_1146,1__exp1,1,sequential,Who dips a sushi roll in soy sauce before eating it?,1,opg_full,11,0,2,0,1,0,0.15,0.15283557763530536,0.15141778881765267
groundmore/ktE5HT0mzPY_1142_1146/1__exp1/1,groundmore,test,ktE5HT0mzPY_1142_1146,1__exp1,1,sequential,Who dips a sushi roll in soy sauce before eating it?,1,opg_full,23,0,2,0,1,0,0.15,0.15283557763530536,0.15141778881765267
groundmore/ktE5HT0mzPY_1142_1146/1__exp1/1,groundmore,test,ktE5HT0mzPY_1142_1146,1__exp1,1,sequential,Who dips a sushi roll in soy sauce before eating it?,1,opg_full,42,0,2,0,1,0,0.15,0.15283557763530536,0.15141778881765267
groundmore/ktE5HT0mzPY_1142_1146/2__exp2/2,groundmore,test,ktE5HT0mzPY_1142_1146,2__exp2,2,sequential,What does the man dip in soy sauce before eating?,1,mean_pool,ensemble,1,2,0,1,0,0.3,0.3,0.3
groundmore/ktE5HT0mzPY_1142_1146/2__exp2/2,groundmore,test,ktE5HT0mzPY_1142_1146,2__exp2,2,sequential,What does the man dip in soy sauce before eating?,1,mean_pool,11,1,2,0,1,0,0.3,0.3,0.3
groundmore/ktE5HT0mzPY_1142_1146/2__exp2/2,groundmore,test,ktE5HT0mzPY_1142_1146,2__exp2,2,sequential,What does the man dip in soy sauce before eating?,1,mean_pool,23,1,2,0,1,0,0.3,0.3,0.3
groundmore/ktE5HT0mzPY_1142_1146/2__exp2/2,groundmore,test,ktE5HT0mzPY_1142_1146,2__exp2,2,sequential,What does the man dip in soy sauce before eating?,1,mean_pool,42,1,2,0,1,0,0.3,0.3,0.3
groundmore/ktE5HT0mzPY_1142_1146/2__exp2/2,groundmore,test,ktE5HT0mzPY_1142_1146,2__exp2,2,sequential,What does the man dip in soy sauce before eating?,1,opg_no_monotonic,ensemble,1,2,0,1,0,0.3,0.3,0.3
groundmore/ktE5HT0mzPY_1142_1146/2__exp2/2,groundmore,test,ktE5HT0mzPY_1142_1146,2__exp2,2,sequential,What does the man dip in soy sauce before eating?,1,opg_no_monotonic,11,1,2,0,1,0,0.3,0.3,0.3
groundmore/ktE5HT0mzPY_1142_1146/2__exp2/2,groundmore,test,ktE5HT0mzPY_1142_1146,2__exp2,2,sequential,What does the man dip in soy sauce before eating?,1,opg_no_monotonic,23,1,2,0,1,0,0.3,0.3,0.3
groundmore/ktE5HT0mzPY_1142_1146/2__exp2/2,groundmore,test,ktE5HT0mzPY_1142_1146,2__exp2,2,sequential,What does the man dip in soy sauce before eating?,1,opg_no_monotonic,42,1,2,0,1,0,0.3,0.3,0.3
groundmore/ktE5HT0mzPY_1142_1146/2__exp2/2,groundmore,test,ktE5HT0mzPY_1142_1146,2__exp2,2,sequential,What does the man dip in soy sauce before eating?,1,opg_no_order_loss,ensemble,1,2,0,1,0,0.3,0.3,0.3
groundmore/ktE5HT0mzPY_1142_1146/2__exp2/2,groundmore,test,ktE5HT0mzPY_1142_1146,2__exp2,2,sequential,What does the man dip in soy sauce before eating?,1,opg_no_order_loss,11,1,2,0,1,0,0.3,0.3,0.3
groundmore/ktE5HT0mzPY_1142_1146/2__exp2/2,groundmore,test,ktE5HT0mzPY_1142_1146,2__exp2,2,sequential,What does the man dip in soy sauce before eating?,1,opg_no_order_loss,23,1,2,0,1,0,0.3,0.3,0.3
groundmore/ktE5HT0mzPY_1142_1146/2__exp2/2,groundmore,test,ktE5HT0mzPY_1142_1146,2__exp2,2,sequential,What does the man dip in soy sauce before eating?,1,opg_no_order_loss,42,1,2,0,1,0,0.3,0.3,0.3
groundmore/ktE5HT0mzPY_1142_1146/2__exp2/2,groundmore,test,ktE5HT0mzPY_1142_1146,2__exp2,2,sequential,What does the man dip in soy sauce before eating?,1,opg_full,ensemble,1,2,0,1,0,0.3,0.3,0.3
groundmore/ktE5HT0mzPY_1142_1146/2__exp2/2,groundmore,test,ktE5HT0mzPY_1142_1146,2__exp2,2,sequential,What does the man dip in soy sauce before eating?,1,opg_full,11,1,2,0,1,0,0.3,0.3,0.3
groundmore/ktE5HT0mzPY_1142_1146/2__exp2/2,groundmore,test,ktE5HT0mzPY_1142_1146,2__exp2,2,sequential,What does the man dip in soy sauce before eating?,1,opg_full,23,1,2,0,1,0,0.3,0.3,0.3
groundmore/ktE5HT0mzPY_1142_1146/2__exp2/2,groundmore,test,ktE5HT0mzPY_1142_1146,2__exp2,2,sequential,What does the man dip in soy sauce before eating?,1,opg_full,42,1,2,0,1,0,0.3,0.3,0.3
groundmore/ktE5HT0mzPY_2035_2050/1__exp3/3,groundmore,test,ktE5HT0mzPY_2035_2050,1__exp3,3,sequential,Who hugs her daughter with one hand before giving kisses playfully?,1,mean_pool,ensemble,0,0,,,0,0.0,0.0,0.0
groundmore/ktE5HT0mzPY_2035_2050/1__exp3/3,groundmore,test,ktE5HT0mzPY_2035_2050,1__exp3,3,sequential,Who hugs her daughter with one hand before giving kisses playfully?,1,opg_no_monotonic,ensemble,0,0,,,0,0.0,0.0,0.0
groundmore/ktE5HT0mzPY_2035_2050/1__exp3/3,groundmore,test,ktE5HT0mzPY_2035_2050,1__exp3,3,sequential,Who hugs her daughter with one hand before giving kisses playfully?,1,opg_no_order_loss,ensemble,0,0,,,0,0.0,0.0,0.0
groundmore/ktE5HT0mzPY_2035_2050/1__exp3/3,groundmore,test,ktE5HT0mzPY_2035_2050,1__exp3,3,sequential,Who hugs her daughter with one hand before giving kisses playfully?,1,opg_full,ensemble,0,0,,,0,0.0,0.0,0.0
groundmore/ktE5HT0mzPY_2035_2050/2__exp4/4,groundmore,test,ktE5HT0mzPY_2035_2050,2__exp4,4,sequential,Who does the woman hug with one hand before giving kisses playfully?,1,mean_pool,ensemble,0,0,,,0,0.0,0.0,0.0
groundmore/ktE5HT0mzPY_2035_2050/2__exp4/4,groundmore,test,ktE5HT0mzPY_2035_2050,2__exp4,4,sequential,Who does the woman hug with one hand before giving kisses playfully?,1,opg_no_monotonic,ensemble,0,0,,,0,0.0,0.0,0.0
groundmore/ktE5HT0mzPY_2035_2050/2__exp4/4,groundmore,test,ktE5HT0mzPY_2035_2050,2__exp4,4,sequential,Who does the woman hug with one hand before giving kisses playfully?,1,opg_no_order_loss,ensemble,0,0,,,0,0.0,0.0,0.0
groundmore/ktE5HT0mzPY_2035_2050/2__exp4/4,groundmore,test,ktE5HT0mzPY_2035_2050,2__exp4,4,sequential,Who does the woman hug with one hand before giving kisses playfully?,1,opg_full,ensemble,0,0,,,0,0.0,0.0,0.0
groundmore/ktE5HT0mzPY_2040_2055/1__exp3/3,groundmore,test,ktE5HT0mzPY_2040_2055,1__exp3,3,sequential,Who hugs her daughter with one hand before giving kisses playfully?,1,mean_pool,ensemble,0,0,,,0,0.0,0.0,0.0
groundmore/ktE5HT0mzPY_2040_2055/1__exp3/3,groundmore,test,ktE5HT0mzPY_2040_2055,1__exp3,3,sequential,Who hugs her daughter with one hand before giving kisses playfully?,1,opg_no_monotonic,ensemble,0,0,,,0,0.0,0.0,0.0
groundmore/ktE5HT0mzPY_2040_2055/1__exp3/3,groundmore,test,ktE5HT0mzPY_2040_2055,1__exp3,3,sequential,Who hugs her daughter with one hand before giving kisses playfully?,1,opg_no_order_loss,ensemble,0,0,,,0,0.0,0.0,0.0
groundmore/ktE5HT0mzPY_2040_2055/1__exp3/3,groundmore,test,ktE5HT0mzPY_2040_2055,1__exp3,3,sequential,Who hugs her daughter with one hand before giving kisses playfully?,1,opg_full,ensemble,0,0,,,0,0.0,0.0,0.0
groundmore/ktE5HT0mzPY_2040_2055/2__exp4/4,groundmore,test,ktE5HT0mzPY_2040_2055,2__exp4,4,sequential,Who does the woman hug with one hand before giving kisses playfully?,1,mean_pool,ensemble,0,0,,,0,0.0,0.0,0.0
groundmore/ktE5HT0mzPY_2040_2055/2__exp4/4,groundmore,test,ktE5HT0mzPY_2040_2055,2__exp4,4,sequential,Who does the woman hug with one hand before giving kisses playfully?,1,opg_no_monotonic,ensemble,0,0,,,0,0.0,0.0,0.0
groundmore/ktE5HT0mzPY_2040_2055/2__exp4/4,groundmore,test,ktE5HT0mzPY_2040_2055,2__exp4,4,sequential,Who does the woman hug with one hand before giving kisses playfully?,1,opg_no_order_loss,ensemble,0,0,,,0,0.0,0.0,0.0
groundmore/ktE5HT0mzPY_2040_2055/2__exp4/4,groundmore,test,ktE5HT0mzPY_2040_2055,2__exp4,4,sequential,Who does the woman hug with one hand before giving kisses playfully?,1,opg_full,ensemble,0,0,,,0,0.0,0.0,0.0
groundmore/ktE5HT0mzPY_2130_2134/1__exp1/1,groundmore,test,ktE5HT0mzPY_2130_2134,1__exp1,1,sequential,Who seals the cookies pack after she gave oreo cookies to her daughter?,1,mean_pool,ensemble,1,1,1,1,1,0.45,0.45,0.45
groundmore/ktE5HT0mzPY_2130_2134/1__exp1/1,groundmore,test,ktE5HT0mzPY_2130_2134,1__exp1,1,sequential,Who seals the cookies pack after she gave oreo cookies to her daughter?,1,mean_pool,11,1,1,1,1,1,0.45,0.45,0.45
groundmore/ktE5HT0mzPY_2130_2134/1__exp1/1,groundmore,test,ktE5HT0mzPY_2130_2134,1__exp1,1,sequential,Who seals the cookies pack after she gave oreo cookies to her daughter?,1,mean_pool,23,1,1,1,1,1,0.45,0.45,0.45
groundmore/ktE5HT0mzPY_2130_2134/1__exp1/1,groundmore,test,ktE5HT0mzPY_2130_2134,1__exp1,1,sequential,Who seals the cookies pack after she gave oreo cookies to her daughter?,1,mean_pool,42,1,1,1,1,1,0.45,0.45,0.45
groundmore/ktE5HT0mzPY_2130_2134/1__exp1/1,groundmore,test,ktE5HT0mzPY_2130_2134,1__exp1,1,sequential,Who seals the cookies pack after she gave oreo cookies to her daughter?,1,opg_no_monotonic,ensemble,1,1,1,1,1,0.45,0.45,0.45
groundmore/ktE5HT0mzPY_2130_2134/1__exp1/1,groundmore,test,ktE5HT0mzPY_2130_2134,1__exp1,1,sequential,Who seals the cookies pack after she gave oreo cookies to her daughter?,1,opg_no_monotonic,11,1,1,1,1,1,0.45,0.45,0.45
groundmore/ktE5HT0mzPY_2130_2134/1__exp1/1,groundmore,test,ktE5HT0mzPY_2130_2134,1__exp1,1,sequential,Who seals the cookies pack after she gave oreo cookies to her daughter?,1,opg_no_monotonic,23,1,1,1,1,1,0.45,0.45,0.45
groundmore/ktE5HT0mzPY_2130_2134/1__exp1/1,groundmore,test,ktE5HT0mzPY_2130_2134,1__exp1,1,sequential,Who seals the cookies pack after she gave oreo cookies to her daughter?,1,opg_no_monotonic,42,1,1,1,1,1,0.45,0.45,0.45
groundmore/ktE5HT0mzPY_2130_2134/1__exp1/1,groundmore,test,ktE5HT0mzPY_2130_2134,1__exp1,1,sequential,Who seals the cookies pack after she gave oreo cookies to her daughter?,1,opg_no_order_loss,ensemble,1,1,1,1,1,0.45,0.45,0.45
groundmore/ktE5HT0mzPY_2130_2134/1__exp1/1,groundmore,test,ktE5HT0mzPY_2130_2134,1__exp1,1,sequential,Who seals the cookies pack after she gave oreo cookies to her daughter?,1,opg_no_order_loss,11,1,1,1,1,1,0.45,0.45,0.45
groundmore/ktE5HT0mzPY_2130_2134/1__exp1/1,groundmore,test,ktE5HT0mzPY_2130_2134,1__exp1,1,sequential,Who seals the cookies pack after she gave oreo cookies to her daughter?,1,opg_no_order_loss,23,1,1,1,1,1,0.45,0.45,0.45
groundmore/ktE5HT0mzPY_2130_2134/1__exp1/1,groundmore,test,ktE5HT0mzPY_2130_2134,1__exp1,1,sequential,Who seals the cookies pack after she gave oreo cookies to her daughter?,1,opg_no_order_loss,42,1,1,1,1,1,0.45,0.45,0.45
groundmore/ktE5HT0mzPY_2130_2134/1__exp1/1,groundmore,test,ktE5HT0mzPY_2130_2134,1__exp1,1,sequential,Who seals the cookies pack after she gave oreo cookies to her daughter?,1,opg_full,ensemble,1,1,1,1,1,0.45,0.45,0.45
groundmore/ktE5HT0mzPY_2130_2134/1__exp1/1,groundmore,test,ktE5HT0mzPY_2130_2134,1__exp1,1,sequential,Who seals the cookies pack after she gave oreo cookies to her daughter?,1,opg_full,11,1,1,1,1,1,0.45,0.45,0.45
groundmore/ktE5HT0mzPY_2130_2134/1__exp1/1,groundmore,test,ktE5HT0mzPY_2130_2134,1__exp1,1,sequential,Who seals the cookies pack after she gave oreo cookies to her daughter?,1,opg_full,23,1,1,1,1,1,0.45,0.45,0.45
groundmore/ktE5HT0mzPY_2130_2134/1__exp1/1,groundmore,test,ktE5HT0mzPY_2130_2134,1__exp1,1,sequential,Who seals the cookies pack after she gave oreo cookies to her daughter?,1,opg_full,42,1,1,1,1,1,0.45,0.45,0.45
groundmore/ktE5HT0mzPY_2130_2134/2__exp2/2,groundmore,test,ktE5HT0mzPY_2130_2134,2__exp2,2,sequential,What does the woman seal after she gave oreo cookies to her daughter?,1,mean_pool,ensemble,0,0,,,0,0.0,0.0,0.0
groundmore/ktE5HT0mzPY_2130_2134/2__exp2/2,groundmore,test,ktE5HT0mzPY_2130_2134,2__exp2,2,sequential,What does the woman seal after she gave oreo cookies to her daughter?,1,opg_no_monotonic,ensemble,0,0,,,0,0.0,0.0,0.0
groundmore/ktE5HT0mzPY_2130_2134/2__exp2/2,groundmore,test,ktE5HT0mzPY_2130_2134,2__exp2,2,sequential,What does the woman seal after she gave oreo cookies to her daughter?,1,opg_no_order_loss,ensemble,0,0,,,0,0.0,0.0,0.0
groundmore/ktE5HT0mzPY_2130_2134/2__exp2/2,groundmore,test,ktE5HT0mzPY_2130_2134,2__exp2,2,sequential,What does the woman seal after she gave oreo cookies to her daughter?,1,opg_full,ensemble,0,0,,,0,0.0,0.0,0.0
groundmore/lJPi4xr0CIo_2240_2250/1__exp1/1,groundmore,test,lJPi4xr0CIo_2240_2250,1__exp1,1,sequential,Who mixes the salad with her hands after the woman mixes it?,1,mean_pool,ensemble,0,0,,,0,0.0,0.0,0.0
groundmore/lJPi4xr0CIo_2240_2250/1__exp1/1,groundmore,test,lJPi4xr0CIo_2240_2250,1__exp1,1,sequential,Who mixes the salad with her hands after the woman mixes it?,1,opg_no_monotonic,ensemble,0,0,,,0,0.0,0.0,0.0
groundmore/lJPi4xr0CIo_2240_2250/1__exp1/1,groundmore,test,lJPi4xr0CIo_2240_2250,1__exp1,1,sequential,Who mixes the salad with her hands after the woman mixes it?,1,opg_no_order_loss,ensemble,0,0,,,0,0.0,0.0,0.0
groundmore/lJPi4xr0CIo_2240_2250/1__exp1/1,groundmore,test,lJPi4xr0CIo_2240_2250,1__exp1,1,sequential,Who mixes the salad with her hands after the woman mixes it?,1,opg_full,ensemble,0,0,,,0,0.0,0.0,0.0
groundmore/lJPi4xr0CIo_2240_2250/2__exp2/2,groundmore,test,lJPi4xr0CIo_2240_2250,2__exp2,2,sequential,What does the girl mix with her hands after the woman mixes it?,1,mean_pool,ensemble,0,0,,,0,0.0,0.0,0.0
groundmore/lJPi4xr0CIo_2240_2250/2__exp2/2,groundmore,test,lJPi4xr0CIo_2240_2250,2__exp2,2,sequential,What does the girl mix with her hands after the woman mixes it?,1,opg_no_monotonic,ensemble,0,0,,,0,0.0,0.0,0.0
groundmore/lJPi4xr0CIo_2240_2250/2__exp2/2,groundmore,test,lJPi4xr0CIo_2240_2250,2__exp2,2,sequential,What does the girl mix with her hands after the woman mixes it?,1,opg_no_order_loss,ensemble,0,0,,,0,0.0,0.0,0.0
groundmore/lJPi4xr0CIo_2240_2250/2__exp2/2,groundmore,test,lJPi4xr0CIo_2240_2250,2__exp2,2,sequential,What does the girl mix with her hands after the woman mixes it?,1,opg_full,ensemble,0,0,,,0,0.0,0.0,0.0
groundmore/lPp2SK9U0zE_0133_0148/1__exp1/1,groundmore,test,lPp2SK9U0zE_0133_0148,1__exp1,1,sequential,Who holds the broken piston after unwrapping it from the paper?,1,mean_pool,ensemble,0,0,,,0,0.0,0.0,0.0
groundmore/lPp2SK9U0zE_0133_0148/1__exp1/1,groundmore,test,lPp2SK9U0zE_0133_0148,1__exp1,1,sequential,Who holds the broken piston after unwrapping it from the paper?,1,opg_no_monotonic,ensemble,0,0,,,0,0.0,0.0,0.0
groundmore/lPp2SK9U0zE_0133_0148/1__exp1/1,groundmore,test,lPp2SK9U0zE_0133_0148,1__exp1,1,sequential,Who holds the broken piston after unwrapping it from the paper?,1,opg_no_order_loss,ensemble,0,0,,,0,0.0,0.0,0.0
groundmore/lPp2SK9U0zE_0133_0148/1__exp1/1,groundmore,test,lPp2SK9U0zE_0133_0148,1__exp1,1,sequential,Who holds the broken piston after unwrapping it from the paper?,1,opg_full,ensemble,0,0,,,0,0.0,0.0,0.0
groundmore/lPp2SK9U0zE_0133_0148/1__exp7/7,groundmore,test,lPp2SK9U0zE_0133_0148,1__exp7,7,sequential,Who holds the broken piston after unwrapping it from the paper?,1,mean_pool,ensemble,0,0,,,0,0.0,0.0,0.0
groundmore/lPp2SK9U0zE_0133_0148/1__exp7/7,groundmore,test,lPp2SK9U0zE_0133_0148,1__exp7,7,sequential,Who holds the broken piston after unwrapping it from the paper?,1,opg_no_monotonic,ensemble,0,0,,,0,0.0,0.0,0.0
groundmore/lPp2SK9U0zE_0133_0148/1__exp7/7,groundmore,test,lPp2SK9U0zE_0133_0148,1__exp7,7,sequential,Who holds the broken piston after unwrapping it from the paper?,1,opg_no_order_loss,ensemble,0,0,,,0,0.0,0.0,0.0
groundmore/lPp2SK9U0zE_0133_0148/1__exp7/7,groundmore,test,lPp2SK9U0zE_0133_0148,1__exp7,7,sequential,Who holds the broken piston after unwrapping it from the paper?,1,opg_full,ensemble,0,0,,,0,0.0,0.0,0.0
groundmore/lPp2SK9U0zE_0133_0148/2__exp2/2,groundmore,test,lPp2SK9U0zE_0133_0148,2__exp2,2,sequential,What does the man hold after unwrapping it from the paper?,1,mean_pool,ensemble,0,0,,,0,0.0,0.0,0.0
groundmore/lPp2SK9U0zE_0133_0148/2__exp2/2,groundmore,test,lPp2SK9U0zE_0133_0148,2__exp2,2,sequential,What does the man hold after unwrapping it from the paper?,1,opg_no_monotonic,ensemble,0,0,,,0,0.0,0.0,0.0
groundmore/lPp2SK9U0zE_0133_0148/2__exp2/2,groundmore,test,lPp2SK9U0zE_0133_0148,2__exp2,2,sequential,What does the man hold after unwrapping it from the paper?,1,opg_no_order_loss,ensemble,0,0,,,0,0.0,0.0,0.0
groundmore/lPp2SK9U0zE_0133_0148/2__exp2/2,groundmore,test,lPp2SK9U0zE_0133_0148,2__exp2,2,sequential,What does the man hold after unwrapping it from the paper?,1,opg_full,ensemble,0,0,,,0,0.0,0.0,0.0
groundmore/lPp2SK9U0zE_0133_0148/2__exp8/8,groundmore,test,lPp2SK9U0zE_0133_0148,2__exp8,8,sequential,What does the man hold after unwrapping it from the paper?,1,mean_pool,ensemble,0,0,,,0,0.0,0.0,0.0
groundmore/lPp2SK9U0zE_0133_0148/2__exp8/8,groundmore,test,lPp2SK9U0zE_0133_0148,2__exp8,8,sequential,What does the man hold after unwrapping it from the paper?,1,opg_no_monotonic,ensemble,0,0,,,0,0.0,0.0,0.0
groundmore/lPp2SK9U0zE_0133_0148/2__exp8/8,groundmore,test,lPp2SK9U0zE_0133_0148,2__exp8,8,sequential,What does the man hold after unwrapping it from the paper?,1,opg_no_order_loss,ensemble,0,0,,,0,0.0,0.0,0.0
groundmore/lPp2SK9U0zE_0133_0148/2__exp8/8,groundmore,test,lPp2SK9U0zE_0133_0148,2__exp8,8,sequential,What does the man hold after unwrapping it from the paper?,1,opg_full,ensemble,0,0,,,0,0.0,0.0,0.0
groundmore/lPp2SK9U0zE_0133_0148/3__exp3/3,groundmore,test,lPp2SK9U0zE_0133_0148,3__exp3,3,sequential,From what does the man unwrap the broken piston?,0,mean_pool,ensemble,0,0,,,0,0.0,0.0,0.0
groundmore/lPp2SK9U0zE_0133_0148/3__exp3/3,groundmore,test,lPp2SK9U0zE_0133_0148,3__exp3,3,sequential,From what does the man unwrap the broken piston?,0,opg_no_monotonic,ensemble,0,0,,,0,0.0,0.0,0.0
groundmore/lPp2SK9U0zE_0133_0148/3__exp3/3,groundmore,test,lPp2SK9U0zE_0133_0148,3__exp3,3,sequential,From what does the man unwrap the broken piston?,0,opg_no_order_loss,ensemble,0,0,,,0,0.0,0.0,0.0
groundmore/lPp2SK9U0zE_0133_0148/3__exp3/3,groundmore,test,lPp2SK9U0zE_0133_0148,3__exp3,3,sequential,From what does the man unwrap the broken piston?,0,opg_full,ensemble,0,0,,,0,0.0,0.0,0.0
groundmore/lPp2SK9U0zE_0133_0148/3__exp9/9,groundmore,test,lPp2SK9U0zE_0133_0148,3__exp9,9,sequential,From what does the man unwrap the broken piston?,0,mean_pool,ensemble,0,0,,,0,0.0,0.0,0.0
groundmore/lPp2SK9U0zE_0133_0148/3__exp9/9,groundmore,test,lPp2SK9U0zE_0133_0148,3__exp9,9,sequential,From what does the man unwrap the broken piston?,0,opg_no_monotonic,ensemble,0,0,,,0,0.0,0.0,0.0
groundmore/lPp2SK9U0zE_0133_0148/3__exp9/9,groundmore,test,lPp2SK9U0zE_0133_0148,3__exp9,9,sequential,From what does the man unwrap the broken piston?,0,opg_no_order_loss,ensemble,0,0,,,0,0.0,0.0,0.0
groundmore/lPp2SK9U0zE_0133_0148/3__exp9/9,groundmore,test,lPp2SK9U0zE_0133_0148,3__exp9,9,sequential,From what does the man unwrap the broken piston?,0,opg_full,ensemble,0,0,,,0,0.0,0.0,0.0
groundmore/lPp2SK9U0zE_0935_0950/1__exp1/1,groundmore,test,lPp2SK9U0zE_0935_0950,1__exp1,1,sequential,Who holds the metal plate against the engine block after taking the water pump out of the bag?,1,mean_pool,ensemble,0,1,0,0,0,0.05,0.05,0.05
groundmore/lPp2SK9U0zE_0935_0950/1__exp1/1,groundmore,test,lPp2SK9U0zE_0935_0950,1__exp1,1,sequential,Who holds the metal plate against the engine block after taking the water pump out of the bag?,1,mean_pool,11,0,1,0,0,0,0.05,0.05,0.05
groundmore/lPp2SK9U0zE_0935_0950/1__exp1/1,groundmore,test,lPp2SK9U0zE_0935_0950,1__exp1,1,sequential,Who holds the metal plate against the engine block after taking the water pump out of the bag?,1,mean_pool,23,0,1,0,0,0,0.05,0.05,0.05
groundmore/lPp2SK9U0zE_0935_0950/1__exp1/1,groundmore,test,lPp2SK9U0zE_0935_0950,1__exp1,1,sequential,Who holds the metal plate against the engine block after taking the water pump out of the bag?,1,mean_pool,42,0,1,0,0,0,0.05,0.05,0.05
groundmore/lPp2SK9U0zE_0935_0950/1__exp1/1,groundmore,test,lPp2SK9U0zE_0935_0950,1__exp1,1,sequential,Who holds the metal plate against the engine block after taking the water pump out of the bag?,1,opg_no_monotonic,ensemble,0,1,0,0,0,0.05,0.05,0.05
groundmore/lPp2SK9U0zE_0935_0950/1__exp1/1,groundmore,test,lPp2SK9U0zE_0935_0950,1__exp1,1,sequential,Who holds the metal plate against the engine block after taking the water pump out of the bag?,1,opg_no_monotonic,11,0,1,0,0,0,0.05,0.05,0.05
groundmore/lPp2SK9U0zE_0935_0950/1__exp1/1,groundmore,test,lPp2SK9U0zE_0935_0950,1__exp1,1,sequential,Who holds the metal plate against the engine block after taking the water pump out of the bag?,1,opg_no_monotonic,23,0,1,0,0,0,0.05,0.05,0.05
groundmore/lPp2SK9U0zE_0935_0950/1__exp1/1,groundmore,test,lPp2SK9U0zE_0935_0950,1__exp1,1,sequential,Who holds the metal plate against the engine block after taking the water pump out of the bag?,1,opg_no_monotonic,42,0,1,0,0,0,0.05,0.05,0.05
groundmore/lPp2SK9U0zE_0935_0950/1__exp1/1,groundmore,test,lPp2SK9U0zE_0935_0950,1__exp1,1,sequential,Who holds the metal plate against the engine block after taking the water pump out of the bag?,1,opg_no_order_loss,ensemble,0,1,0,0,0,0.05,0.05,0.05
groundmore/lPp2SK9U0zE_0935_0950/1__exp1/1,groundmore,test,lPp2SK9U0zE_0935_0950,1__exp1,1,sequential,Who holds the metal plate against the engine block after taking the water pump out of the bag?,1,opg_no_order_loss,11,0,1,0,0,0,0.05,0.05,0.05
groundmore/lPp2SK9U0zE_0935_0950/1__exp1/1,groundmore,test,lPp2SK9U0zE_0935_0950,1__exp1,1,sequential,Who holds the metal plate against the engine block after taking the water pump out of the bag?,1,opg_no_order_loss,23,0,1,0,0,0,0.05,0.05,0.05
groundmore/lPp2SK9U0zE_0935_0950/1__exp1/1,groundmore,test,lPp2SK9U0zE_0935_0950,1__exp1,1,sequential,Who holds the metal plate against the engine block after taking the water pump out of the bag?,1,opg_no_order_loss,42,0,1,0,0,0,0.05,0.05,0.05
groundmore/lPp2SK9U0zE_0935_0950/1__exp1/1,groundmore,test,lPp2SK9U0zE_0935_0950,1__exp1,1,sequential,Who holds the metal plate against the engine block after taking the water pump out of the bag?,1,opg_full,ensemble,0,1,0,0,0,0.05,0.05,0.05
groundmore/lPp2SK9U0zE_0935_0950/1__exp1/1,groundmore,test,lPp2SK9U0zE_0935_0950,1__exp1,1,sequential,Who holds the metal plate against the engine block after taking the water pump out of the bag?,1,opg_full,11,0,1,0,0,0,0.05,0.05,0.05
groundmore/lPp2SK9U0zE_0935_0950/1__exp1/1,groundmore,test,lPp2SK9U0zE_0935_0950,1__exp1,1,sequential,Who holds the metal plate against the engine block after taking the water pump out of the bag?,1,opg_full,23,0,1,0,0,0,0.05,0.05,0.05
groundmore/lPp2SK9U0zE_0935_0950/1__exp1/1,groundmore,test,lPp2SK9U0zE_0935_0950,1__exp1,1,sequential,Who holds the metal plate against the engine block after taking the water pump out of the bag?,1,opg_full,42,0,1,0,0,0,0.05,0.05,0.05
groundmore/lPp2SK9U0zE_0935_0950/1__exp7/7,groundmore,test,lPp2SK9U0zE_0935_0950,1__exp7,7,sequential,Who holds the metal plate against the engine block after taking the water pump out of the bag?,1,mean_pool,ensemble,0,1,0,0,0,0.05,0.05,0.05
groundmore/lPp2SK9U0zE_0935_0950/1__exp7/7,groundmore,test,lPp2SK9U0zE_0935_0950,1__exp7,7,sequential,Who holds the metal plate against the engine block after taking the water pump out of the bag?,1,mean_pool,11,0,1,0,0,0,0.05,0.05,0.05
groundmore/lPp2SK9U0zE_0935_0950/1__exp7/7,groundmore,test,lPp2SK9U0zE_0935_0950,1__exp7,7,sequential,Who holds the metal plate against the engine block after taking the water pump out of the bag?,1,mean_pool,23,0,1,0,0,0,0.05,0.05,0.05
groundmore/lPp2SK9U0zE_0935_0950/1__exp7/7,groundmore,test,lPp2SK9U0zE_0935_0950,1__exp7,7,sequential,Who holds the metal plate against the engine block after taking the water pump out of the bag?,1,mean_pool,42,0,1,0,0,0,0.05,0.05,0.05
groundmore/lPp2SK9U0zE_0935_0950/1__exp7/7,groundmore,test,lPp2SK9U0zE_0935_0950,1__exp7,7,sequential,Who holds the metal plate against the engine block after taking the water pump out of the bag?,1,opg_no_monotonic,ensemble,0,1,0,0,0,0.05,0.05,0.05
groundmore/lPp2SK9U0zE_0935_0950/1__exp7/7,groundmore,test,lPp2SK9U0zE_0935_0950,1__exp7,7,sequential,Who holds the metal plate against the engine block after taking the water pump out of the bag?,1,opg_no_monotonic,11,0,1,0,0,0,0.05,0.05,0.05
groundmore/lPp2SK9U0zE_0935_0950/1__exp7/7,groundmore,test,lPp2SK9U0zE_0935_0950,1__exp7,7,sequential,Who holds the metal plate against the engine block after taking the water pump out of the bag?,1,opg_no_monotonic,23,0,1,0,0,0,0.05,0.05,0.05
groundmore/lPp2SK9U0zE_0935_0950/1__exp7/7,groundmore,test,lPp2SK9U0zE_0935_0950,1__exp7,7,sequential,Who holds the metal plate against the engine block after taking the water pump out of the bag?,1,opg_no_monotonic,42,0,1,0,0,0,0.05,0.05,0.05
groundmore/lPp2SK9U0zE_0935_0950/1__exp7/7,groundmore,test,lPp2SK9U0zE_0935_0950,1__exp7,7,sequential,Who holds the metal plate against the engine block after taking the water pump out of the bag?,1,opg_no_order_loss,ensemble,0,1,0,0,0,0.05,0.05,0.05
groundmore/lPp2SK9U0zE_0935_0950/1__exp7/7,groundmore,test,lPp2SK9U0zE_0935_0950,1__exp7,7,sequential,Who holds the metal plate against the engine block after taking the water pump out of the bag?,1,opg_no_order_loss,11,0,1,0,0,0,0.05,0.05,0.05
groundmore/lPp2SK9U0zE_0935_0950/1__exp7/7,groundmore,test,lPp2SK9U0zE_0935_0950,1__exp7,7,sequential,Who holds the metal plate against the engine block after taking the water pump out of the bag?,1,opg_no_order_loss,23,0,1,0,0,0,0.05,0.05,0.05
groundmore/lPp2SK9U0zE_0935_0950/1__exp7/7,groundmore,test,lPp2SK9U0zE_0935_0950,1__exp7,7,sequential,Who holds the metal plate against the engine block after taking the water pump out of the bag?,1,opg_no_order_loss,42,0,1,0,0,0,0.05,0.05,0.05
groundmore/lPp2SK9U0zE_0935_0950/1__exp7/7,groundmore,test,lPp2SK9U0zE_0935_0950,1__exp7,7,sequential,Who holds the metal plate against the engine block after taking the water pump out of the bag?,1,opg_full,ensemble,0,1,0,0,0,0.05,0.05,0.05
groundmore/lPp2SK9U0zE_0935_0950/1__exp7/7,groundmore,test,lPp2SK9U0zE_0935_0950,1__exp7,7,sequential,Who holds the metal plate against the engine block after taking the water pump out of the bag?,1,opg_full,11,0,1,0,0,0,0.05,0.05,0.05
groundmore/lPp2SK9U0zE_0935_0950/1__exp7/7,groundmore,test,lPp2SK9U0zE_0935_0950,1__exp7,7,sequential,Who holds the metal plate against the engine block after taking the water pump out of the bag?,1,opg_full,23,0,1,0,0,0,0.05,0.05,0.05
groundmore/lPp2SK9U0zE_0935_0950/1__exp7/7,groundmore,test,lPp2SK9U0zE_0935_0950,1__exp7,7,sequential,Who holds the metal plate against the engine block after taking the water pump out of the bag?,1,opg_full,42,0,1,0,0,0,0.05,0.05,0.05
groundmore/lPp2SK9U0zE_0935_0950/2__exp2/2,groundmore,test,lPp2SK9U0zE_0935_0950,2__exp2,2,sequential,What does the man take out of the bag before he holds the metal plate against the engine block?,1,mean_pool,ensemble,0,1,0,0,0,0.15,0.1648000776071113,0.15740003880355563
groundmore/lPp2SK9U0zE_0935_0950/2__exp2/2,groundmore,test,lPp2SK9U0zE_0935_0950,2__exp2,2,sequential,What does the man take out of the bag before he holds the metal plate against the engine block?,1,mean_pool,11,0,1,0,0,0,0.15,0.1648000776071113,0.15740003880355563
groundmore/lPp2SK9U0zE_0935_0950/2__exp2/2,groundmore,test,lPp2SK9U0zE_0935_0950,2__exp2,2,sequential,What does the man take out of the bag before he holds the metal plate against the engine block?,1,mean_pool,23,0,1,0,0,0,0.15,0.1648000776071113,0.15740003880355563
groundmore/lPp2SK9U0zE_0935_0950/2__exp2/2,groundmore,test,lPp2SK9U0zE_0935_0950,2__exp2,2,sequential,What does the man take out of the bag before he holds the metal plate against the engine block?,1,mean_pool,42,0,1,0,0,0,0.15,0.1648000776071113,0.15740003880355563
groundmore/lPp2SK9U0zE_0935_0950/2__exp2/2,groundmore,test,lPp2SK9U0zE_0935_0950,2__exp2,2,sequential,What does the man take out of the bag before he holds the metal plate against the engine block?,1,opg_no_monotonic,ensemble,0,1,0,0,0,0.15,0.1648000776071113,0.15740003880355563
groundmore/lPp2SK9U0zE_0935_0950/2__exp2/2,groundmore,test,lPp2SK9U0zE_0935_0950,2__exp2,2,sequential,What does the man take out of the bag before he holds the metal plate against the engine block?,1,opg_no_monotonic,11,0,1,0,0,0,0.15,0.1648000776071113,0.15740003880355563
groundmore/lPp2SK9U0zE_0935_0950/2__exp2/2,groundmore,test,lPp2SK9U0zE_0935_0950,2__exp2,2,sequential,What does the man take out of the bag before he holds the metal plate against the engine block?,1,opg_no_monotonic,23,0,1,0,0,0,0.15,0.1648000776071113,0.15740003880355563
groundmore/lPp2SK9U0zE_0935_0950/2__exp2/2,groundmore,test,lPp2SK9U0zE_0935_0950,2__exp2,2,sequential,What does the man take out of the bag before he holds the metal plate against the engine block?,1,opg_no_monotonic,42,0,1,0,0,0,0.15,0.1648000776071113,0.15740003880355563
groundmore/lPp2SK9U0zE_0935_0950/2__exp2/2,groundmore,test,lPp2SK9U0zE_0935_0950,2__exp2,2,sequential,What does the man take out of the bag before he holds the metal plate against the engine block?,1,opg_no_order_loss,ensemble,0,1,0,0,0,0.15,0.1648000776071113,0.15740003880355563
groundmore/lPp2SK9U0zE_0935_0950/2__exp2/2,groundmore,test,lPp2SK9U0zE_0935_0950,2__exp2,2,sequential,What does the man take out of the bag before he holds the metal plate against the engine block?,1,opg_no_order_loss,11,0,1,0,0,0,0.15,0.1648000776071113,0.15740003880355563
groundmore/lPp2SK9U0zE_0935_0950/2__exp2/2,groundmore,test,lPp2SK9U0zE_0935_0950,2__exp2,2,sequential,What does the man take out of the bag before he holds the metal plate against the engine block?,1,opg_no_order_loss,23,0,1,0,0,0,0.15,0.1648000776071113,0.15740003880355563
groundmore/lPp2SK9U0zE_0935_0950/2__exp2/2,groundmore,test,lPp2SK9U0zE_0935_0950,2__exp2,2,sequential,What does the man take out of the bag before he holds the metal plate against the engine block?,1,opg_no_order_loss,42,0,1,0,0,0,0.15,0.1648000776071113,0.15740003880355563
groundmore/lPp2SK9U0zE_0935_0950/2__exp2/2,groundmore,test,lPp2SK9U0zE_0935_0950,2__exp2,2,sequential,What does the man take out of the bag before he holds the metal plate against the engine block?,1,opg_full,ensemble,0,1,0,0,0,0.15,0.1648000776071113,0.15740003880355563
groundmore/lPp2SK9U0zE_0935_0950/2__exp2/2,groundmore,test,lPp2SK9U0zE_0935_0950,2__exp2,2,sequential,What does the man take out of the bag before he holds the metal plate against the engine block?,1,opg_full,11,0,1,0,0,0,0.15,0.1648000776071113,0.15740003880355563
groundmore/lPp2SK9U0zE_0935_0950/2__exp2/2,groundmore,test,lPp2SK9U0zE_0935_0950,2__exp2,2,sequential,What does the man take out of the bag before he holds the metal plate against the engine block?,1,opg_full,23,0,1,0,0,0,0.15,0.1648000776071113,0.15740003880355563
groundmore/lPp2SK9U0zE_0935_0950/2__exp2/2,groundmore,test,lPp2SK9U0zE_0935_0950,2__exp2,2,sequential,What does the man take out of the bag before he holds the metal plate against the engine block?,1,opg_full,42,0,1,0,0,0,0.15,0.1648000776071113,0.15740003880355563
groundmore/lPp2SK9U0zE_0935_0950/2__exp8/8,groundmore,test,lPp2SK9U0zE_0935_0950,2__exp8,8,sequential,What does the man take out of the bag before holding the metal plate against the engine block?,1,mean_pool,ensemble,0,0,,,0,0.0,0.0,0.0
groundmore/lPp2SK9U0zE_0935_0950/2__exp8/8,groundmore,test,lPp2SK9U0zE_0935_0950,2__exp8,8,sequential,What does the man take out of the bag before holding the metal plate against the engine block?,1,opg_no_monotonic,ensemble,0,0,,,0,0.0,0.0,0.0
groundmore/lPp2SK9U0zE_0935_0950/2__exp8/8,groundmore,test,lPp2SK9U0zE_0935_0950,2__exp8,8,sequential,What does the man take out of the bag before holding the metal plate against the engine block?,1,opg_no_order_loss,ensemble,0,0,,,0,0.0,0.0,0.0
groundmore/lPp2SK9U0zE_0935_0950/2__exp8/8,groundmore,test,lPp2SK9U0zE_0935_0950,2__exp8,8,sequential,What does the man take out of the bag before holding the metal plate against the engine block?,1,opg_full,ensemble,0,0,,,0,0.0,0.0,0.0
groundmore/lPp2SK9U0zE_0935_0950/3__exp3/3,groundmore,test,lPp2SK9U0zE_0935_0950,3__exp3,3,sequential,What does the man hold the metal plate against after taking the water pump out of the bag?,1,mean_pool,ensemble,0,0,,,0,0.0,0.0,0.0
groundmore/lPp2SK9U0zE_0935_0950/3__exp3/3,groundmore,test,lPp2SK9U0zE_0935_0950,3__exp3,3,sequential,What does the man hold the metal plate against after taking the water pump out of the bag?,1,opg_no_monotonic,ensemble,0,0,,,0,0.0,0.0,0.0
groundmore/lPp2SK9U0zE_0935_0950/3__exp3/3,groundmore,test,lPp2SK9U0zE_0935_0950,3__exp3,3,sequential,What does the man hold the metal plate against after taking the water pump out of the bag?,1,opg_no_order_loss,ensemble,0,0,,,0,0.0,0.0,0.0
groundmore/lPp2SK9U0zE_0935_0950/3__exp3/3,groundmore,test,lPp2SK9U0zE_0935_0950,3__exp3,3,sequential,What does the man hold the metal plate against after taking the water pump out of the bag?,1,opg_full,ensemble,0,0,,,0,0.0,0.0,0.0
groundmore/lPp2SK9U0zE_0935_0950/3__exp9/9,groundmore,test,lPp2SK9U0zE_0935_0950,3__exp9,9,sequential,What does the man hold the metal plate against after taking the water pump out of the bag?,1,mean_pool,ensemble,0,0,,,0,0.0,0.0,0.0
groundmore/lPp2SK9U0zE_0935_0950/3__exp9/9,groundmore,test,lPp2SK9U0zE_0935_0950,3__exp9,9,sequential,What does the man hold the metal plate against after taking the water pump out of the bag?,1,opg_no_monotonic,ensemble,0,0,,,0,0.0,0.0,0.0
groundmore/lPp2SK9U0zE_0935_0950/3__exp9/9,groundmore,test,lPp2SK9U0zE_0935_0950,3__exp9,9,sequential,What does the man hold the metal plate against after taking the water pump out of the bag?,1,opg_no_order_loss,ensemble,0,0,,,0,0.0,0.0,0.0
groundmore/lPp2SK9U0zE_0935_0950/3__exp9/9,groundmore,test,lPp2SK9U0zE_0935_0950,3__exp9,9,sequential,What does the man hold the metal plate against after taking the water pump out of the bag?,1,opg_full,ensemble,0,0,,,0,0.0,0.0,0.0
groundmore/lWpO_Z3RoBU_0815_0830/1__exp1/1,groundmore,test,lWpO_Z3RoBU_0815_0830,1__exp1,1,sequential,Who puts lettuce on the burger after the man puts the tomatoes on the burger?,1,mean_pool,ensemble,0,0,,,0,0.0,0.0,0.0
groundmore/lWpO_Z3RoBU_0815_0830/1__exp1/1,groundmore,test,lWpO_Z3RoBU_0815_0830,1__exp1,1,sequential,Who puts lettuce on the burger after the man puts the tomatoes on the burger?,1,opg_no_monotonic,ensemble,0,0,,,0,0.0,0.0,0.0
groundmore/lWpO_Z3RoBU_0815_0830/1__exp1/1,groundmore,test,lWpO_Z3RoBU_0815_0830,1__exp1,1,sequential,Who puts lettuce on the burger after the man puts the tomatoes on the burger?,1,opg_no_order_loss,ensemble,0,0,,,0,0.0,0.0,0.0
groundmore/lWpO_Z3RoBU_0815_0830/1__exp1/1,groundmore,test,lWpO_Z3RoBU_0815_0830,1__exp1,1,sequential,Who puts lettuce on the burger after the man puts the tomatoes on the burger?,1,opg_full,ensemble,0,0,,,0,0.0,0.0,0.0
groundmore/lWpO_Z3RoBU_0815_0830/1__exp7/7,groundmore,test,lWpO_Z3RoBU_0815_0830,1__exp7,7,sequential,Who puts tomatoes on the burger before lettuce?,1,mean_pool,ensemble,0,0,,,0,0.0,0.0,0.0
groundmore/lWpO_Z3RoBU_0815_0830/1__exp7/7,groundmore,test,lWpO_Z3RoBU_0815_0830,1__exp7,7,sequential,Who puts tomatoes on the burger before lettuce?,1,opg_no_monotonic,ensemble,0,0,,,0,0.0,0.0,0.0
groundmore/lWpO_Z3RoBU_0815_0830/1__exp7/7,groundmore,test,lWpO_Z3RoBU_0815_0830,1__exp7,7,sequential,Who puts tomatoes on the burger before lettuce?,1,opg_no_order_loss,ensemble,0,0,,,0,0.0,0.0,0.0
groundmore/lWpO_Z3RoBU_0815_0830/1__exp7/7,groundmore,test,lWpO_Z3RoBU_0815_0830,1__exp7,7,sequential,Who puts tomatoes on the burger before lettuce?,1,opg_full,ensemble,0,0,,,0,0.0,0.0,0.0
groundmore/lWpO_Z3RoBU_0815_0830/2__exp2/2,groundmore,test,lWpO_Z3RoBU_0815_0830,2__exp2,2,sequential,What does the man put on the burger after he puts the tomatoes on it?,1,mean_pool,ensemble,0,0,,,0,0.0,0.0,0.0
groundmore/lWpO_Z3RoBU_0815_0830/2__exp2/2,groundmore,test,lWpO_Z3RoBU_0815_0830,2__exp2,2,sequential,What does the man put on the burger after he puts the tomatoes on it?,1,opg_no_monotonic,ensemble,0,0,,,0,0.0,0.0,0.0
groundmore/lWpO_Z3RoBU_0815_0830/2__exp2/2,groundmore,test,lWpO_Z3RoBU_0815_0830,2__exp2,2,sequential,What does the man put on the burger after he puts the tomatoes on it?,1,opg_no_order_loss,ensemble,0,0,,,0,0.0,0.0,0.0
groundmore/lWpO_Z3RoBU_0815_0830/2__exp2/2,groundmore,test,lWpO_Z3RoBU_0815_0830,2__exp2,2,sequential,What does the man put on the burger after he puts the tomatoes on it?,1,opg_full,ensemble,0,0,,,0,0.0,0.0,0.0
groundmore/lWpO_Z3RoBU_0815_0830/2__exp9/9,groundmore,test,lWpO_Z3RoBU_0815_0830,2__exp9,9,sequential,What does the man put on after the tomatoes?,1,mean_pool,ensemble,0,0,,,0,0.0,0.0,0.0
groundmore/lWpO_Z3RoBU_0815_0830/2__exp9/9,groundmore,test,lWpO_Z3RoBU_0815_0830,2__exp9,9,sequential,What does the man put on after the tomatoes?,1,opg_no_monotonic,ensemble,0,0,,,0,0.0,0.0,0.0
groundmore/lWpO_Z3RoBU_0815_0830/2__exp9/9,groundmore,test,lWpO_Z3RoBU_0815_0830,2__exp9,9,sequential,What does the man put on after the tomatoes?,1,opg_no_order_loss,ensemble,0,0,,,0,0.0,0.0,0.0
groundmore/lWpO_Z3RoBU_0815_0830/2__exp9/9,groundmore,test,lWpO_Z3RoBU_0815_0830,2__exp9,9,sequential,What does the man put on after the tomatoes?,1,opg_full,ensemble,0,0,,,0,0.0,0.0,0.0
groundmore/lWpO_Z3RoBU_0815_0830/3__exp10/10,groundmore,test,lWpO_Z3RoBU_0815_0830,3__exp10,10,sequential,What does the man put the tomatoes and lettuce on?,0,mean_pool,ensemble,0,0,,,0,0.0,0.0,0.0
groundmore/lWpO_Z3RoBU_0815_0830/3__exp10/10,groundmore,test,lWpO_Z3RoBU_0815_0830,3__exp10,10,sequential,What does the man put the tomatoes and lettuce on?,0,opg_no_monotonic,ensemble,0,0,,,0,0.0,0.0,0.0
groundmore/lWpO_Z3RoBU_0815_0830/3__exp10/10,groundmore,test,lWpO_Z3RoBU_0815_0830,3__exp10,10,sequential,What does the man put the tomatoes and lettuce on?,0,opg_no_order_loss,ensemble,0,0,,,0,0.0,0.0,0.0
groundmore/lWpO_Z3RoBU_0815_0830/3__exp10/10,groundmore,test,lWpO_Z3RoBU_0815_0830,3__exp10,10,sequential,What does the man put the tomatoes and lettuce on?,0,opg_full,ensemble,0,0,,,0,0.0,0.0,0.0
groundmore/lWpO_Z3RoBU_0815_0830/3__exp3/3,groundmore,test,lWpO_Z3RoBU_0815_0830,3__exp3,3,sequential,What does the man put lettuce on after he puts the tomatoes on it?,1,mean_pool,ensemble,0,0,,,0,0.0,0.0,0.0
groundmore/lWpO_Z3RoBU_0815_0830/3__exp3/3,groundmore,test,lWpO_Z3RoBU_0815_0830,3__exp3,3,sequential,What does the man put lettuce on after he puts the tomatoes on it?,1,opg_no_monotonic,ensemble,0,0,,,0,0.0,0.0,0.0
groundmore/lWpO_Z3RoBU_0815_0830/3__exp3/3,groundmore,test,lWpO_Z3RoBU_0815_0830,3__exp3,3,sequential,What does the man put lettuce on after he puts the tomatoes on it?,1,opg_no_order_loss,ensemble,0,0,,,0,0.0,0.0,0.0
groundmore/lWpO_Z3RoBU_0815_0830/3__exp3/3,groundmore,test,lWpO_Z3RoBU_0815_0830,3__exp3,3,sequential,What does the man put lettuce on after he puts the tomatoes on it?,1,opg_full,ensemble,0,0,,,0,0.0,0.0,0.0
groundmore/lWpO_Z3RoBU_0815_0830/4__exp4/4,groundmore,test,lWpO_Z3RoBU_0815_0830,4__exp4,4,sequential,What does the man put on the burger before he puts the lettuce on it?,1,mean_pool,ensemble,1,1,0,0,1,0.5513850475081531,0.5807992885645141,0.5660921680363336
groundmore/lWpO_Z3RoBU_0815_0830/4__exp4/4,groundmore,test,lWpO_Z3RoBU_0815_0830,4__exp4,4,sequential,What does the man put on the burger before he puts the lettuce on it?,1,mean_pool,11,1,1,0,0,1,0.5513850475081531,0.5807992885645141,0.5660921680363336
groundmore/lWpO_Z3RoBU_0815_0830/4__exp4/4,groundmore,test,lWpO_Z3RoBU_0815_0830,4__exp4,4,sequential,What does the man put on the burger before he puts the lettuce on it?,1,mean_pool,23,1,1,0,0,1,0.5513850475081531,0.5807992885645141,0.5660921680363336
groundmore/lWpO_Z3RoBU_0815_0830/4__exp4/4,groundmore,test,lWpO_Z3RoBU_0815_0830,4__exp4,4,sequential,What does the man put on the burger before he puts the lettuce on it?,1,mean_pool,42,1,1,0,0,1,0.5513850475081531,0.5807992885645141,0.5660921680363336
groundmore/lWpO_Z3RoBU_0815_0830/4__exp4/4,groundmore,test,lWpO_Z3RoBU_0815_0830,4__exp4,4,sequential,What does the man put on the burger before he puts the lettuce on it?,1,opg_no_monotonic,ensemble,1,1,0,0,1,0.5513850475081531,0.5807992885645141,0.5660921680363336
groundmore/lWpO_Z3RoBU_0815_0830/4__exp4/4,groundmore,test,lWpO_Z3RoBU_0815_0830,4__exp4,4,sequential,What does the man put on the burger before he puts the lettuce on it?,1,opg_no_monotonic,11,1,1,0,0,1,0.5513850475081531,0.5807992885645141,0.5660921680363336
groundmore/lWpO_Z3RoBU_0815_0830/4__exp4/4,groundmore,test,lWpO_Z3RoBU_0815_0830,4__exp4,4,sequential,What does the man put on the burger before he puts the lettuce on it?,1,opg_no_monotonic,23,1,1,0,0,1,0.5513850475081531,0.5807992885645141,0.5660921680363336
groundmore/lWpO_Z3RoBU_0815_0830/4__exp4/4,groundmore,test,lWpO_Z3RoBU_0815_0830,4__exp4,4,sequential,What does the man put on the burger before he puts the lettuce on it?,1,opg_no_monotonic,42,1,1,0,0,1,0.5513850475081531,0.5807992885645141,0.5660921680363336
groundmore/lWpO_Z3RoBU_0815_0830/4__exp4/4,groundmore,test,lWpO_Z3RoBU_0815_0830,4__exp4,4,sequential,What does the man put on the burger before he puts the lettuce on it?,1,opg_no_order_loss,ensemble,1,1,0,0,1,0.5513850475081531,0.5807992885645141,0.5660921680363336
groundmore/lWpO_Z3RoBU_0815_0830/4__exp4/4,groundmore,test,lWpO_Z3RoBU_0815_0830,4__exp4,4,sequential,What does the man put on the burger before he puts the lettuce on it?,1,opg_no_order_loss,11,1,1,0,0,1,0.5513850475081531,0.5807992885645141,0.5660921680363336
groundmore/lWpO_Z3RoBU_0815_0830/4__exp4/4,groundmore,test,lWpO_Z3RoBU_0815_0830,4__exp4,4,sequential,What does the man put on the burger before he puts the lettuce on it?,1,opg_no_order_loss,23,1,1,0,0,1,0.5513850475081531,0.5807992885645141,0.5660921680363336
groundmore/lWpO_Z3RoBU_0815_0830/4__exp4/4,groundmore,test,lWpO_Z3RoBU_0815_0830,4__exp4,4,sequential,What does the man put on the burger before he puts the lettuce on it?,1,opg_no_order_loss,42,1,1,0,0,1,0.5513850475081531,0.5807992885645141,0.5660921680363336
groundmore/lWpO_Z3RoBU_0815_0830/4__exp4/4,groundmore,test,lWpO_Z3RoBU_0815_0830,4__exp4,4,sequential,What does the man put on the burger before he puts the lettuce on it?,1,opg_full,ensemble,1,1,0,0,1,0.5513850475081531,0.5807992885645141,0.5660921680363336
groundmore/lWpO_Z3RoBU_0815_0830/4__exp4/4,groundmore,test,lWpO_Z3RoBU_0815_0830,4__exp4,4,sequential,What does the man put on the burger before he puts the lettuce on it?,1,opg_full,11,1,1,0,0,1,0.5513850475081531,0.5807992885645141,0.5660921680363336
groundmore/lWpO_Z3RoBU_0815_0830/4__exp4/4,groundmore,test,lWpO_Z3RoBU_0815_0830,4__exp4,4,sequential,What does the man put on the burger before he puts the lettuce on it?,1,opg_full,23,1,1,0,0,1,0.5513850475081531,0.5807992885645141,0.5660921680363336
groundmore/lWpO_Z3RoBU_0815_0830/4__exp4/4,groundmore,test,lWpO_Z3RoBU_0815_0830,4__exp4,4,sequential,What does the man put on the burger before he puts the lettuce on it?,1,opg_full,42,1,1,0,0,1,0.5513850475081531,0.5807992885645141,0.5660921680363336
groundmore/lWpO_Z3RoBU_0815_0830/4__exp8/8,groundmore,test,lWpO_Z3RoBU_0815_0830,4__exp8,8,sequential,What does the man put on the burger before the lettuce?,1,mean_pool,ensemble,0,0,,,0,0.0,0.0,0.0
groundmore/lWpO_Z3RoBU_0815_0830/4__exp8/8,groundmore,test,lWpO_Z3RoBU_0815_0830,4__exp8,8,sequential,What does the man put on the burger before the lettuce?,1,opg_no_monotonic,ensemble,0,0,,,0,0.0,0.0,0.0
groundmore/lWpO_Z3RoBU_0815_0830/4__exp8/8,groundmore,test,lWpO_Z3RoBU_0815_0830,4__exp8,8,sequential,What does the man put on the burger before the lettuce?,1,opg_no_order_loss,ensemble,0,0,,,0,0.0,0.0,0.0
groundmore/lWpO_Z3RoBU_0815_0830/4__exp8/8,groundmore,test,lWpO_Z3RoBU_0815_0830,4__exp8,8,sequential,What does the man put on the burger before the lettuce?,1,opg_full,ensemble,0,0,,,0,0.0,0.0,0.0
groundmore/lWpO_Z3RoBU_0840_0855/1__exp13/13,groundmore,test,lWpO_Z3RoBU_0840_0855,1__exp13,13,sequential,Who reaches for the pickle jar before putting pickles on the burger?,1,mean_pool,ensemble,0,0,,,0,0.0,0.0,0.0
groundmore/lWpO_Z3RoBU_0840_0855/1__exp13/13,groundmore,test,lWpO_Z3RoBU_0840_0855,1__exp13,13,sequential,Who reaches for the pickle jar before putting pickles on the burger?,1,opg_no_monotonic,ensemble,0,0,,,0,0.0,0.0,0.0
groundmore/lWpO_Z3RoBU_0840_0855/1__exp13/13,groundmore,test,lWpO_Z3RoBU_0840_0855,1__exp13,13,sequential,Who reaches for the pickle jar before putting pickles on the burger?,1,opg_no_order_loss,ensemble,0,0,,,0,0.0,0.0,0.0
groundmore/lWpO_Z3RoBU_0840_0855/1__exp13/13,groundmore,test,lWpO_Z3RoBU_0840_0855,1__exp13,13,sequential,Who reaches for the pickle jar before putting pickles on the burger?,1,opg_full,ensemble,0,0,,,0,0.0,0.0,0.0
groundmore/lWpO_Z3RoBU_0840_0855/1__exp5/5,groundmore,test,lWpO_Z3RoBU_0840_0855,1__exp5,5,sequential,Who puts a pickle on the burger after opening the pickle jar?,1,mean_pool,ensemble,0,0,,,0,0.0,0.0,0.0
groundmore/lWpO_Z3RoBU_0840_0855/1__exp5/5,groundmore,test,lWpO_Z3RoBU_0840_0855,1__exp5,5,sequential,Who puts a pickle on the burger after opening the pickle jar?,1,opg_no_monotonic,ensemble,0,0,,,0,0.0,0.0,0.0
groundmore/lWpO_Z3RoBU_0840_0855/1__exp5/5,groundmore,test,lWpO_Z3RoBU_0840_0855,1__exp5,5,sequential,Who puts a pickle on the burger after opening the pickle jar?,1,opg_no_order_loss,ensemble,0,0,,,0,0.0,0.0,0.0
groundmore/lWpO_Z3RoBU_0840_0855/1__exp5/5,groundmore,test,lWpO_Z3RoBU_0840_0855,1__exp5,5,sequential,Who puts a pickle on the burger after opening the pickle jar?,1,opg_full,ensemble,0,0,,,0,0.0,0.0,0.0
groundmore/lWpO_Z3RoBU_0840_0855/2__exp14/14,groundmore,test,lWpO_Z3RoBU_0840_0855,2__exp14,14,sequential,What does the man reach for before putting pickles on the burger?,1,mean_pool,ensemble,0,1,0,0,0,0.00035059016010283975,0.009309673668511917,0.004830131914307379
groundmore/lWpO_Z3RoBU_0840_0855/2__exp14/14,groundmore,test,lWpO_Z3RoBU_0840_0855,2__exp14,14,sequential,What does the man reach for before putting pickles on the burger?,1,mean_pool,11,0,1,0,0,0,0.00035059016010283975,0.009309673668511917,0.004830131914307379
groundmore/lWpO_Z3RoBU_0840_0855/2__exp14/14,groundmore,test,lWpO_Z3RoBU_0840_0855,2__exp14,14,sequential,What does the man reach for before putting pickles on the burger?,1,mean_pool,23,0,1,0,0,0,0.00035059016010283975,0.009309673668511917,0.004830131914307379
groundmore/lWpO_Z3RoBU_0840_0855/2__exp14/14,groundmore,test,lWpO_Z3RoBU_0840_0855,2__exp14,14,sequential,What does the man reach for before putting pickles on the burger?,1,mean_pool,42,0,1,0,0,0,0.00035059016010283975,0.009309673668511917,0.004830131914307379
groundmore/lWpO_Z3RoBU_0840_0855/2__exp14/14,groundmore,test,lWpO_Z3RoBU_0840_0855,2__exp14,14,sequential,What does the man reach for before putting pickles on the burger?,1,opg_no_monotonic,ensemble,0,1,0,0,0,0.00035059016010283975,0.009309673668511917,0.004830131914307379
groundmore/lWpO_Z3RoBU_0840_0855/2__exp14/14,groundmore,test,lWpO_Z3RoBU_0840_0855,2__exp14,14,sequential,What does the man reach for before putting pickles on the burger?,1,opg_no_monotonic,11,0,1,0,0,0,0.00035059016010283975,0.009309673668511917,0.004830131914307379
groundmore/lWpO_Z3RoBU_0840_0855/2__exp14/14,groundmore,test,lWpO_Z3RoBU_0840_0855,2__exp14,14,sequential,What does the man reach for before putting pickles on the burger?,1,opg_no_monotonic,23,0,1,0,0,0,0.00035059016010283975,0.009309673668511917,0.004830131914307379
groundmore/lWpO_Z3RoBU_0840_0855/2__exp14/14,groundmore,test,lWpO_Z3RoBU_0840_0855,2__exp14,14,sequential,What does the man reach for before putting pickles on the burger?,1,opg_no_monotonic,42,0,1,0,0,0,0.00035059016010283975,0.009309673668511917,0.004830131914307379
groundmore/lWpO_Z3RoBU_0840_0855/2__exp14/14,groundmore,test,lWpO_Z3RoBU_0840_0855,2__exp14,14,sequential,What does the man reach for before putting pickles on the burger?,1,opg_no_order_loss,ensemble,0,1,0,0,0,0.00035059016010283975,0.009309673668511917,0.004830131914307379
groundmore/lWpO_Z3RoBU_0840_0855/2__exp14/14,groundmore,test,lWpO_Z3RoBU_0840_0855,2__exp14,14,sequential,What does the man reach for before putting pickles on the burger?,1,opg_no_order_loss,11,0,1,0,0,0,0.00035059016010283975,0.009309673668511917,0.004830131914307379
groundmore/lWpO_Z3RoBU_0840_0855/2__exp14/14,groundmore,test,lWpO_Z3RoBU_0840_0855,2__exp14,14,sequential,What does the man reach for before putting pickles on the burger?,1,opg_no_order_loss,23,0,1,0,0,0,0.00035059016010283975,0.009309673668511917,0.004830131914307379
groundmore/lWpO_Z3RoBU_0840_0855/2__exp14/14,groundmore,test,lWpO_Z3RoBU_0840_0855,2__exp14,14,sequential,What does the man reach for before putting pickles on the burger?,1,opg_no_order_loss,42,0,1,0,0,0,0.00035059016010283975,0.009309673668511917,0.004830131914307379
groundmore/lWpO_Z3RoBU_0840_0855/2__exp14/14,groundmore,test,lWpO_Z3RoBU_0840_0855,2__exp14,14,sequential,What does the man reach for before putting pickles on the burger?,1,opg_full,ensemble,0,1,0,0,0,0.00035059016010283975,0.009309673668511917,0.004830131914307379
groundmore/lWpO_Z3RoBU_0840_0855/2__exp14/14,groundmore,test,lWpO_Z3RoBU_0840_0855,2__exp14,14,sequential,What does the man reach for before putting pickles on the burger?,1,opg_full,11,0,1,0,0,0,0.00035059016010283975,0.009309673668511917,0.004830131914307379
groundmore/lWpO_Z3RoBU_0840_0855/2__exp14/14,groundmore,test,lWpO_Z3RoBU_0840_0855,2__exp14,14,sequential,What does the man reach for before putting pickles on the burger?,1,opg_full,23,0,1,0,0,0,0.00035059016010283975,0.009309673668511917,0.004830131914307379
groundmore/lWpO_Z3RoBU_0840_0855/2__exp14/14,groundmore,test,lWpO_Z3RoBU_0840_0855,2__exp14,14,sequential,What does the man reach for before putting pickles on the burger?,1,opg_full,42,0,1,0,0,0,0.00035059016010283975,0.009309673668511917,0.004830131914307379
groundmore/lWpO_Z3RoBU_0840_0855/2__exp6/6,groundmore,test,lWpO_Z3RoBU_0840_0855,2__exp6,6,sequential,What is opened by the man before he puts a pickle on the burger?,1,mean_pool,ensemble,0,0,,,0,0.0,0.0,0.0
groundmore/lWpO_Z3RoBU_0840_0855/2__exp6/6,groundmore,test,lWpO_Z3RoBU_0840_0855,2__exp6,6,sequential,What is opened by the man before he puts a pickle on the burger?,1,opg_no_monotonic,ensemble,0,0,,,0,0.0,0.0,0.0
groundmore/lWpO_Z3RoBU_0840_0855/2__exp6/6,groundmore,test,lWpO_Z3RoBU_0840_0855,2__exp6,6,sequential,What is opened by the man before he puts a pickle on the burger?,1,opg_no_order_loss,ensemble,0,0,,,0,0.0,0.0,0.0
groundmore/lWpO_Z3RoBU_0840_0855/2__exp6/6,groundmore,test,lWpO_Z3RoBU_0840_0855,2__exp6,6,sequential,What is opened by the man before he puts a pickle on the burger?,1,opg_full,ensemble,0,0,,,0,0.0,0.0,0.0
groundmore/lWpO_Z3RoBU_0840_0855/3__exp15/15,groundmore,test,lWpO_Z3RoBU_0840_0855,3__exp15,15,sequential,What does the man put pickles on after reaching for the pickle jar?,1,mean_pool,ensemble,0,0,,,0,0.0,0.0,0.0
groundmore/lWpO_Z3RoBU_0840_0855/3__exp15/15,groundmore,test,lWpO_Z3RoBU_0840_0855,3__exp15,15,sequential,What does the man put pickles on after reaching for the pickle jar?,1,opg_no_monotonic,ensemble,0,0,,,0,0.0,0.0,0.0
groundmore/lWpO_Z3RoBU_0840_0855/3__exp15/15,groundmore,test,lWpO_Z3RoBU_0840_0855,3__exp15,15,sequential,What does the man put pickles on after reaching for the pickle jar?,1,opg_no_order_loss,ensemble,0,0,,,0,0.0,0.0,0.0
groundmore/lWpO_Z3RoBU_0840_0855/3__exp15/15,groundmore,test,lWpO_Z3RoBU_0840_0855,3__exp15,15,sequential,What does the man put pickles on after reaching for the pickle jar?,1,opg_full,ensemble,0,0,,,0,0.0,0.0,0.0
groundmore/lWpO_Z3RoBU_0840_0855/3__exp7/7,groundmore,test,lWpO_Z3RoBU_0840_0855,3__exp7,7,sequential,What does the man put a pickle on after opening the pickle jar?,1,mean_pool,ensemble,0,0,,,0,0.0,0.0,0.0
groundmore/lWpO_Z3RoBU_0840_0855/3__exp7/7,groundmore,test,lWpO_Z3RoBU_0840_0855,3__exp7,7,sequential,What does the man put a pickle on after opening the pickle jar?,1,opg_no_monotonic,ensemble,0,0,,,0,0.0,0.0,0.0
groundmore/lWpO_Z3RoBU_0840_0855/3__exp7/7,groundmore,test,lWpO_Z3RoBU_0840_0855,3__exp7,7,sequential,What does the man put a pickle on after opening the pickle jar?,1,opg_no_order_loss,ensemble,0,0,,,0,0.0,0.0,0.0
groundmore/lWpO_Z3RoBU_0840_0855/3__exp7/7,groundmore,test,lWpO_Z3RoBU_0840_0855,3__exp7,7,sequential,What does the man put a pickle on after opening the pickle jar?,1,opg_full,ensemble,0,0,,,0,0.0,0.0,0.0
groundmore/lWpO_Z3RoBU_0840_0855/4__exp18/18,groundmore,test,lWpO_Z3RoBU_0840_0855,4__exp18,18,sequential,What does the man put on the burger after reaching for the pickle jar?,1,mean_pool,ensemble,0,0,,,0,0.0,0.0,0.0
groundmore/lWpO_Z3RoBU_0840_0855/4__exp18/18,groundmore,test,lWpO_Z3RoBU_0840_0855,4__exp18,18,sequential,What does the man put on the burger after reaching for the pickle jar?,1,opg_no_monotonic,ensemble,0,0,,,0,0.0,0.0,0.0
groundmore/lWpO_Z3RoBU_0840_0855/4__exp18/18,groundmore,test,lWpO_Z3RoBU_0840_0855,4__exp18,18,sequential,What does the man put on the burger after reaching for the pickle jar?,1,opg_no_order_loss,ensemble,0,0,,,0,0.0,0.0,0.0
groundmore/lWpO_Z3RoBU_0840_0855/4__exp18/18,groundmore,test,lWpO_Z3RoBU_0840_0855,4__exp18,18,sequential,What does the man put on the burger after reaching for the pickle jar?,1,opg_full,ensemble,0,0,,,0,0.0,0.0,0.0
groundmore/lWpO_Z3RoBU_0840_0855/4__exp8/8,groundmore,test,lWpO_Z3RoBU_0840_0855,4__exp8,8,sequential,What does the man put on the burger after he opens the pickle jar?,1,mean_pool,ensemble,0,0,,,0,0.0,0.0,0.0
groundmore/lWpO_Z3RoBU_0840_0855/4__exp8/8,groundmore,test,lWpO_Z3RoBU_0840_0855,4__exp8,8,sequential,What does the man put on the burger after he opens the pickle jar?,1,opg_no_monotonic,ensemble,0,0,,,0,0.0,0.0,0.0
groundmore/lWpO_Z3RoBU_0840_0855/4__exp8/8,groundmore,test,lWpO_Z3RoBU_0840_0855,4__exp8,8,sequential,What does the man put on the burger after he opens the pickle jar?,1,opg_no_order_loss,ensemble,0,0,,,0,0.0,0.0,0.0
groundmore/lWpO_Z3RoBU_0840_0855/4__exp8/8,groundmore,test,lWpO_Z3RoBU_0840_0855,4__exp8,8,sequential,What does the man put on the burger after he opens the pickle jar?,1,opg_full,ensemble,0,0,,,0,0.0,0.0,0.0
groundmore/lWpO_Z3RoBU_0915_0925/1__exp1/1,groundmore,test,lWpO_Z3RoBU_0915_0925,1__exp1,1,sequential,Who puts the ketchup on the burger after the white sauce is put on it?,1,mean_pool,ensemble,0,1,0,0,0,0.10097424906309589,0.1853970400771446,0.14318564457012026
groundmore/lWpO_Z3RoBU_0915_0925/1__exp1/1,groundmore,test,lWpO_Z3RoBU_0915_0925,1__exp1,1,sequential,Who puts the ketchup on the burger after the white sauce is put on it?,1,mean_pool,11,0,1,0,0,0,0.10097424906309589,0.1853970400771446,0.14318564457012026
groundmore/lWpO_Z3RoBU_0915_0925/1__exp1/1,groundmore,test,lWpO_Z3RoBU_0915_0925,1__exp1,1,sequential,Who puts the ketchup on the burger after the white sauce is put on it?,1,mean_pool,23,0,1,0,0,0,0.10097424906309589,0.1853970400771446,0.14318564457012026
groundmore/lWpO_Z3RoBU_0915_0925/1__exp1/1,groundmore,test,lWpO_Z3RoBU_0915_0925,1__exp1,1,sequential,Who puts the ketchup on the burger after the white sauce is put on it?,1,mean_pool,42,0,1,0,0,0,0.10097424906309589,0.1853970400771446,0.14318564457012026
groundmore/lWpO_Z3RoBU_0915_0925/1__exp1/1,groundmore,test,lWpO_Z3RoBU_0915_0925,1__exp1,1,sequential,Who puts the ketchup on the burger after the white sauce is put on it?,1,opg_no_monotonic,ensemble,0,1,0,0,0,0.10097424906309589,0.1853970400771446,0.14318564457012026
groundmore/lWpO_Z3RoBU_0915_0925/1__exp1/1,groundmore,test,lWpO_Z3RoBU_0915_0925,1__exp1,1,sequential,Who puts the ketchup on the burger after the white sauce is put on it?,1,opg_no_monotonic,11,0,1,0,0,0,0.10097424906309589,0.1853970400771446,0.14318564457012026
groundmore/lWpO_Z3RoBU_0915_0925/1__exp1/1,groundmore,test,lWpO_Z3RoBU_0915_0925,1__exp1,1,sequential,Who puts the ketchup on the burger after the white sauce is put on it?,1,opg_no_monotonic,23,0,1,0,0,0,0.10097424906309589,0.1853970400771446,0.14318564457012026
groundmore/lWpO_Z3RoBU_0915_0925/1__exp1/1,groundmore,test,lWpO_Z3RoBU_0915_0925,1__exp1,1,sequential,Who puts the ketchup on the burger after the white sauce is put on it?,1,opg_no_monotonic,42,0,1,0,0,0,0.10097424906309589,0.1853970400771446,0.14318564457012026
groundmore/lWpO_Z3RoBU_0915_0925/1__exp1/1,groundmore,test,lWpO_Z3RoBU_0915_0925,1__exp1,1,sequential,Who puts the ketchup on the burger after the white sauce is put on it?,1,opg_no_order_loss,ensemble,0,1,0,0,0,0.10097424906309589,0.1853970400771446,0.14318564457012026
groundmore/lWpO_Z3RoBU_0915_0925/1__exp1/1,groundmore,test,lWpO_Z3RoBU_0915_0925,1__exp1,1,sequential,Who puts the ketchup on the burger after the white sauce is put on it?,1,opg_no_order_loss,11,0,1,0,0,0,0.10097424906309589,0.1853970400771446,0.14318564457012026
groundmore/lWpO_Z3RoBU_0915_0925/1__exp1/1,groundmore,test,lWpO_Z3RoBU_0915_0925,1__exp1,1,sequential,Who puts the ketchup on the burger after the white sauce is put on it?,1,opg_no_order_loss,23,0,1,0,0,0,0.10097424906309589,0.1853970400771446,0.14318564457012026
groundmore/lWpO_Z3RoBU_0915_0925/1__exp1/1,groundmore,test,lWpO_Z3RoBU_0915_0925,1__exp1,1,sequential,Who puts the ketchup on the burger after the white sauce is put on it?,1,opg_no_order_loss,42,0,1,0,0,0,0.10097424906309589,0.1853970400771446,0.14318564457012026
groundmore/lWpO_Z3RoBU_0915_0925/1__exp1/1,groundmore,test,lWpO_Z3RoBU_0915_0925,1__exp1,1,sequential,Who puts the ketchup on the burger after the white sauce is put on it?,1,opg_full,ensemble,0,1,0,0,0,0.10097424906309589,0.1853970400771446,0.14318564457012026
groundmore/lWpO_Z3RoBU_0915_0925/1__exp1/1,groundmore,test,lWpO_Z3RoBU_0915_0925,1__exp1,1,sequential,Who puts the ketchup on the burger after the white sauce is put on it?,1,opg_full,11,0,1,0,0,0,0.10097424906309589,0.1853970400771446,0.14318564457012026
groundmore/lWpO_Z3RoBU_0915_0925/1__exp1/1,groundmore,test,lWpO_Z3RoBU_0915_0925,1__exp1,1,sequential,Who puts the ketchup on the burger after the white sauce is put on it?,1,opg_full,23,0,1,0,0,0,0.10097424906309589,0.1853970400771446,0.14318564457012026
groundmore/lWpO_Z3RoBU_0915_0925/1__exp1/1,groundmore,test,lWpO_Z3RoBU_0915_0925,1__exp1,1,sequential,Who puts the ketchup on the burger after the white sauce is put on it?,1,opg_full,42,0,1,0,0,0,0.10097424906309589,0.1853970400771446,0.14318564457012026
groundmore/lWpO_Z3RoBU_0915_0925/2__exp2/2,groundmore,test,lWpO_Z3RoBU_0915_0925,2__exp2,2,sequential,What does the man put on the burger after the white sauce is put on it?,1,mean_pool,ensemble,0,0,,,0,0.0,0.0,0.0
groundmore/lWpO_Z3RoBU_0915_0925/2__exp2/2,groundmore,test,lWpO_Z3RoBU_0915_0925,2__exp2,2,sequential,What does the man put on the burger after the white sauce is put on it?,1,opg_no_monotonic,ensemble,0,0,,,0,0.0,0.0,0.0
groundmore/lWpO_Z3RoBU_0915_0925/2__exp2/2,groundmore,test,lWpO_Z3RoBU_0915_0925,2__exp2,2,sequential,What does the man put on the burger after the white sauce is put on it?,1,opg_no_order_loss,ensemble,0,0,,,0,0.0,0.0,0.0
groundmore/lWpO_Z3RoBU_0915_0925/2__exp2/2,groundmore,test,lWpO_Z3RoBU_0915_0925,2__exp2,2,sequential,What does the man put on the burger after the white sauce is put on it?,1,opg_full,ensemble,0,0,,,0,0.0,0.0,0.0
groundmore/lWpO_Z3RoBU_0915_0925/3__exp3/3,groundmore,test,lWpO_Z3RoBU_0915_0925,3__exp3,3,sequential,On what does the man put the ketchup after the white sauce is put on it?,1,mean_pool,ensemble,0,0,,,0,0.0,0.0,0.0
groundmore/lWpO_Z3RoBU_0915_0925/3__exp3/3,groundmore,test,lWpO_Z3RoBU_0915_0925,3__exp3,3,sequential,On what does the man put the ketchup after the white sauce is put on it?,1,opg_no_monotonic,ensemble,0,0,,,0,0.0,0.0,0.0
groundmore/lWpO_Z3RoBU_0915_0925/3__exp3/3,groundmore,test,lWpO_Z3RoBU_0915_0925,3__exp3,3,sequential,On what does the man put the ketchup after the white sauce is put on it?,1,opg_no_order_loss,ensemble,0,0,,,0,0.0,0.0,0.0
groundmore/lWpO_Z3RoBU_0915_0925/3__exp3/3,groundmore,test,lWpO_Z3RoBU_0915_0925,3__exp3,3,sequential,On what does the man put the ketchup after the white sauce is put on it?,1,opg_full,ensemble,0,0,,,0,0.0,0.0,0.0
groundmore/lWpO_Z3RoBU_0915_0925/4__exp4/4,groundmore,test,lWpO_Z3RoBU_0915_0925,4__exp4,4,sequential,What does the man put on the burger before the ketchup?,1,mean_pool,ensemble,0,1,0,0,0,0.0,0.0,0.0
groundmore/lWpO_Z3RoBU_0915_0925/4__exp4/4,groundmore,test,lWpO_Z3RoBU_0915_0925,4__exp4,4,sequential,What does the man put on the burger before the ketchup?,1,mean_pool,11,0,1,0,0,0,0.0,0.0,0.0
groundmore/lWpO_Z3RoBU_0915_0925/4__exp4/4,groundmore,test,lWpO_Z3RoBU_0915_0925,4__exp4,4,sequential,What does the man put on the burger before the ketchup?,1,mean_pool,23,0,1,0,0,0,0.0,0.0,0.0
groundmore/lWpO_Z3RoBU_0915_0925/4__exp4/4,groundmore,test,lWpO_Z3RoBU_0915_0925,4__exp4,4,sequential,What does the man put on the burger before the ketchup?,1,mean_pool,42,0,1,0,0,0,0.0,0.0,0.0
groundmore/lWpO_Z3RoBU_0915_0925/4__exp4/4,groundmore,test,lWpO_Z3RoBU_0915_0925,4__exp4,4,sequential,What does the man put on the burger before the ketchup?,1,opg_no_monotonic,ensemble,0,1,0,0,0,0.0,0.0,0.0
groundmore/lWpO_Z3RoBU_0915_0925/4__exp4/4,groundmore,test,lWpO_Z3RoBU_0915_0925,4__exp4,4,sequential,What does the man put on the burger before the ketchup?,1,opg_no_monotonic,11,0,1,0,0,0,0.0,0.0,0.0
groundmore/lWpO_Z3RoBU_0915_0925/4__exp4/4,groundmore,test,lWpO_Z3RoBU_0915_0925,4__exp4,4,sequential,What does the man put on the burger before the ketchup?,1,opg_no_monotonic,23,0,1,0,0,0,0.0,0.0,0.0
groundmore/lWpO_Z3RoBU_0915_0925/4__exp4/4,groundmore,test,lWpO_Z3RoBU_0915_0925,4__exp4,4,sequential,What does the man put on the burger before the ketchup?,1,opg_no_monotonic,42,0,1,0,0,0,0.0,0.0,0.0
groundmore/lWpO_Z3RoBU_0915_0925/4__exp4/4,groundmore,test,lWpO_Z3RoBU_0915_0925,4__exp4,4,sequential,What does the man put on the burger before the ketchup?,1,opg_no_order_loss,ensemble,0,1,0,0,0,0.0,0.0,0.0
groundmore/lWpO_Z3RoBU_0915_0925/4__exp4/4,groundmore,test,lWpO_Z3RoBU_0915_0925,4__exp4,4,sequential,What does the man put on the burger before the ketchup?,1,opg_no_order_loss,11,0,1,0,0,0,0.0,0.0,0.0
groundmore/lWpO_Z3RoBU_0915_0925/4__exp4/4,groundmore,test,lWpO_Z3RoBU_0915_0925,4__exp4,4,sequential,What does the man put on the burger before the ketchup?,1,opg_no_order_loss,23,0,1,0,0,0,0.0,0.0,0.0
groundmore/lWpO_Z3RoBU_0915_0925/4__exp4/4,groundmore,test,lWpO_Z3RoBU_0915_0925,4__exp4,4,sequential,What does the man put on the burger before the ketchup?,1,opg_no_order_loss,42,0,1,0,0,0,0.0,0.0,0.0
groundmore/lWpO_Z3RoBU_0915_0925/4__exp4/4,groundmore,test,lWpO_Z3RoBU_0915_0925,4__exp4,4,sequential,What does the man put on the burger before the ketchup?,1,opg_full,ensemble,0,1,0,0,0,0.0,0.0,0.0
groundmore/lWpO_Z3RoBU_0915_0925/4__exp4/4,groundmore,test,lWpO_Z3RoBU_0915_0925,4__exp4,4,sequential,What does the man put on the burger before the ketchup?,1,opg_full,11,0,1,0,0,0,0.0,0.0,0.0
groundmore/lWpO_Z3RoBU_0915_0925/4__exp4/4,groundmore,test,lWpO_Z3RoBU_0915_0925,4__exp4,4,sequential,What does the man put on the burger before the ketchup?,1,opg_full,23,0,1,0,0,0,0.0,0.0,0.0
groundmore/lWpO_Z3RoBU_0915_0925/4__exp4/4,groundmore,test,lWpO_Z3RoBU_0915_0925,4__exp4,4,sequential,What does the man put on the burger before the ketchup?,1,opg_full,42,0,1,0,0,0,0.0,0.0,0.0
groundmore/m7D-67xqwYE_0003_0018/1__exp3/3,groundmore,test,m7D-67xqwYE_0003_0018,1__exp3,3,sequential,Who shoots the basketball after he passes the man in blue jersey?,1,mean_pool,ensemble,1,3,0,2,0,0.4,0.4,0.4
groundmore/m7D-67xqwYE_0003_0018/1__exp3/3,groundmore,test,m7D-67xqwYE_0003_0018,1__exp3,3,sequential,Who shoots the basketball after he passes the man in blue jersey?,1,mean_pool,11,1,3,0,2,0,0.4,0.4,0.4
groundmore/m7D-67xqwYE_0003_0018/1__exp3/3,groundmore,test,m7D-67xqwYE_0003_0018,1__exp3,3,sequential,Who shoots the basketball after he passes the man in blue jersey?,1,mean_pool,23,1,3,0,2,0,0.4,0.4,0.4
groundmore/m7D-67xqwYE_0003_0018/1__exp3/3,groundmore,test,m7D-67xqwYE_0003_0018,1__exp3,3,sequential,Who shoots the basketball after he passes the man in blue jersey?,1,mean_pool,42,1,3,0,2,0,0.4,0.4,0.4
groundmore/m7D-67xqwYE_0003_0018/1__exp3/3,groundmore,test,m7D-67xqwYE_0003_0018,1__exp3,3,sequential,Who shoots the basketball after he passes the man in blue jersey?,1,opg_no_monotonic,ensemble,1,3,0,2,0,0.4,0.4,0.4
groundmore/m7D-67xqwYE_0003_0018/1__exp3/3,groundmore,test,m7D-67xqwYE_0003_0018,1__exp3,3,sequential,Who shoots the basketball after he passes the man in blue jersey?,1,opg_no_monotonic,11,1,3,0,2,0,0.4,0.4,0.4
groundmore/m7D-67xqwYE_0003_0018/1__exp3/3,groundmore,test,m7D-67xqwYE_0003_0018,1__exp3,3,sequential,Who shoots the basketball after he passes the man in blue jersey?,1,opg_no_monotonic,23,1,3,0,2,0,0.4,0.4,0.4
groundmore/m7D-67xqwYE_0003_0018/1__exp3/3,groundmore,test,m7D-67xqwYE_0003_0018,1__exp3,3,sequential,Who shoots the basketball after he passes the man in blue jersey?,1,opg_no_monotonic,42,1,3,0,2,0,0.4,0.4,0.4
groundmore/m7D-67xqwYE_0003_0018/1__exp3/3,groundmore,test,m7D-67xqwYE_0003_0018,1__exp3,3,sequential,Who shoots the basketball after he passes the man in blue jersey?,1,opg_no_order_loss,ensemble,1,3,0,2,0,0.4,0.4,0.4
groundmore/m7D-67xqwYE_0003_0018/1__exp3/3,groundmore,test,m7D-67xqwYE_0003_0018,1__exp3,3,sequential,Who shoots the basketball after he passes the man in blue jersey?,1,opg_no_order_loss,11,1,3,0,2,0,0.4,0.4,0.4
groundmore/m7D-67xqwYE_0003_0018/1__exp3/3,groundmore,test,m7D-67xqwYE_0003_0018,1__exp3,3,sequential,Who shoots the basketball after he passes the man in blue jersey?,1,opg_no_order_loss,23,1,3,0,2,0,0.4,0.4,0.4
groundmore/m7D-67xqwYE_0003_0018/1__exp3/3,groundmore,test,m7D-67xqwYE_0003_0018,1__exp3,3,sequential,Who shoots the basketball after he passes the man in blue jersey?,1,opg_no_order_loss,42,1,3,0,2,0,0.4,0.4,0.4
groundmore/m7D-67xqwYE_0003_0018/1__exp3/3,groundmore,test,m7D-67xqwYE_0003_0018,1__exp3,3,sequential,Who shoots the basketball after he passes the man in blue jersey?,1,opg_full,ensemble,1,3,0,2,0,0.4,0.4,0.4
groundmore/m7D-67xqwYE_0003_0018/1__exp3/3,groundmore,test,m7D-67xqwYE_0003_0018,1__exp3,3,sequential,Who shoots the basketball after he passes the man in blue jersey?,1,opg_full,11,1,3,0,2,0,0.4,0.4,0.4
groundmore/m7D-67xqwYE_0003_0018/1__exp3/3,groundmore,test,m7D-67xqwYE_0003_0018,1__exp3,3,sequential,Who shoots the basketball after he passes the man in blue jersey?,1,opg_full,23,1,3,0,2,0,0.4,0.4,0.4
groundmore/m7D-67xqwYE_0003_0018/1__exp3/3,groundmore,test,m7D-67xqwYE_0003_0018,1__exp3,3,sequential,Who shoots the basketball after he passes the man in blue jersey?,1,opg_full,42,1,3,0,2,0,0.4,0.4,0.4
groundmore/m7D-67xqwYE_0003_0018/2__exp4/4,groundmore,test,m7D-67xqwYE_0003_0018,2__exp4,4,sequential,What does the man in the spiderman costume shoot after passing the man in blue jersey?,1,mean_pool,ensemble,0,0,,,0,0.0,0.0,0.0
groundmore/m7D-67xqwYE_0003_0018/2__exp4/4,groundmore,test,m7D-67xqwYE_0003_0018,2__exp4,4,sequential,What does the man in the spiderman costume shoot after passing the man in blue jersey?,1,opg_no_monotonic,ensemble,0,0,,,0,0.0,0.0,0.0
groundmore/m7D-67xqwYE_0003_0018/2__exp4/4,groundmore,test,m7D-67xqwYE_0003_0018,2__exp4,4,sequential,What does the man in the spiderman costume shoot after passing the man in blue jersey?,1,opg_no_order_loss,ensemble,0,0,,,0,0.0,0.0,0.0
groundmore/m7D-67xqwYE_0003_0018/2__exp4/4,groundmore,test,m7D-67xqwYE_0003_0018,2__exp4,4,sequential,What does the man in the spiderman costume shoot after passing the man in blue jersey?,1,opg_full,ensemble,0,0,,,0,0.0,0.0,0.0
groundmore/m7D-67xqwYE_0003_0018/3__exp5/5,groundmore,test,m7D-67xqwYE_0003_0018,3__exp5,5,sequential,Who does the man in the spiderman costume pass before shooting the basketball?,1,mean_pool,ensemble,1,1,0,0,1,0.6,0.6,0.6
groundmore/m7D-67xqwYE_0003_0018/3__exp5/5,groundmore,test,m7D-67xqwYE_0003_0018,3__exp5,5,sequential,Who does the man in the spiderman costume pass before shooting the basketball?,1,mean_pool,11,1,1,0,0,1,0.6,0.6,0.6
groundmore/m7D-67xqwYE_0003_0018/3__exp5/5,groundmore,test,m7D-67xqwYE_0003_0018,3__exp5,5,sequential,Who does the man in the spiderman costume pass before shooting the basketball?,1,mean_pool,23,1,1,0,0,1,0.6,0.6,0.6
groundmore/m7D-67xqwYE_0003_0018/3__exp5/5,groundmore,test,m7D-67xqwYE_0003_0018,3__exp5,5,sequential,Who does the man in the spiderman costume pass before shooting the basketball?,1,mean_pool,42,1,1,0,0,1,0.6,0.6,0.6
groundmore/m7D-67xqwYE_0003_0018/3__exp5/5,groundmore,test,m7D-67xqwYE_0003_0018,3__exp5,5,sequential,Who does the man in the spiderman costume pass before shooting the basketball?,1,opg_no_monotonic,ensemble,1,1,0,0,1,0.6,0.6,0.6
groundmore/m7D-67xqwYE_0003_0018/3__exp5/5,groundmore,test,m7D-67xqwYE_0003_0018,3__exp5,5,sequential,Who does the man in the spiderman costume pass before shooting the basketball?,1,opg_no_monotonic,11,1,1,0,0,1,0.6,0.6,0.6
groundmore/m7D-67xqwYE_0003_0018/3__exp5/5,groundmore,test,m7D-67xqwYE_0003_0018,3__exp5,5,sequential,Who does the man in the spiderman costume pass before shooting the basketball?,1,opg_no_monotonic,23,1,1,0,0,1,0.6,0.6,0.6
groundmore/m7D-67xqwYE_0003_0018/3__exp5/5,groundmore,test,m7D-67xqwYE_0003_0018,3__exp5,5,sequential,Who does the man in the spiderman costume pass before shooting the basketball?,1,opg_no_monotonic,42,1,1,0,0,1,0.6,0.6,0.6
groundmore/m7D-67xqwYE_0003_0018/3__exp5/5,groundmore,test,m7D-67xqwYE_0003_0018,3__exp5,5,sequential,Who does the man in the spiderman costume pass before shooting the basketball?,1,opg_no_order_loss,ensemble,1,1,0,0,1,0.6,0.6,0.6
groundmore/m7D-67xqwYE_0003_0018/3__exp5/5,groundmore,test,m7D-67xqwYE_0003_0018,3__exp5,5,sequential,Who does the man in the spiderman costume pass before shooting the basketball?,1,opg_no_order_loss,11,1,1,0,0,1,0.6,0.6,0.6
groundmore/m7D-67xqwYE_0003_0018/3__exp5/5,groundmore,test,m7D-67xqwYE_0003_0018,3__exp5,5,sequential,Who does the man in the spiderman costume pass before shooting the basketball?,1,opg_no_order_loss,23,1,1,0,0,1,0.6,0.6,0.6
groundmore/m7D-67xqwYE_0003_0018/3__exp5/5,groundmore,test,m7D-67xqwYE_0003_0018,3__exp5,5,sequential,Who does the man in the spiderman costume pass before shooting the basketball?,1,opg_no_order_loss,42,1,1,0,0,1,0.6,0.6,0.6
groundmore/m7D-67xqwYE_0003_0018/3__exp5/5,groundmore,test,m7D-67xqwYE_0003_0018,3__exp5,5,sequential,Who does the man in the spiderman costume pass before shooting the basketball?,1,opg_full,ensemble,1,1,0,0,1,0.6,0.6,0.6
groundmore/m7D-67xqwYE_0003_0018/3__exp5/5,groundmore,test,m7D-67xqwYE_0003_0018,3__exp5,5,sequential,Who does the man in the spiderman costume pass before shooting the basketball?,1,opg_full,11,1,1,0,0,1,0.6,0.6,0.6
groundmore/m7D-67xqwYE_0003_0018/3__exp5/5,groundmore,test,m7D-67xqwYE_0003_0018,3__exp5,5,sequential,Who does the man in the spiderman costume pass before shooting the basketball?,1,opg_full,23,1,1,0,0,1,0.6,0.6,0.6
groundmore/m7D-67xqwYE_0003_0018/3__exp5/5,groundmore,test,m7D-67xqwYE_0003_0018,3__exp5,5,sequential,Who does the man in the spiderman costume pass before shooting the basketball?,1,opg_full,42,1,1,0,0,1,0.6,0.6,0.6
groundmore/m7D-67xqwYE_0130_0145/1__exp1/1,groundmore,test,m7D-67xqwYE_0130_0145,1__exp1,1,sequential,Who scores a point after teasing his opponent?,1,mean_pool,ensemble,0,0,,,0,0.0,0.0,0.0
groundmore/m7D-67xqwYE_0130_0145/1__exp1/1,groundmore,test,m7D-67xqwYE_0130_0145,1__exp1,1,sequential,Who scores a point after teasing his opponent?,1,opg_no_monotonic,ensemble,0,0,,,0,0.0,0.0,0.0
groundmore/m7D-67xqwYE_0130_0145/1__exp1/1,groundmore,test,m7D-67xqwYE_0130_0145,1__exp1,1,sequential,Who scores a point after teasing his opponent?,1,opg_no_order_loss,ensemble,0,0,,,0,0.0,0.0,0.0
groundmore/m7D-67xqwYE_0130_0145/1__exp1/1,groundmore,test,m7D-67xqwYE_0130_0145,1__exp1,1,sequential,Who scores a point after teasing his opponent?,1,opg_full,ensemble,0,0,,,0,0.0,0.0,0.0
groundmore/m7D-67xqwYE_0130_0145/2__exp2/2,groundmore,test,m7D-67xqwYE_0130_0145,2__exp2,2,sequential,Who does the man in the spiderman costume tease before scoring a point?,1,mean_pool,ensemble,0,1,0,0,0,0.05002311143539774,0.06508269581383165,0.057552903624614696
groundmore/m7D-67xqwYE_0130_0145/2__exp2/2,groundmore,test,m7D-67xqwYE_0130_0145,2__exp2,2,sequential,Who does the man in the spiderman costume tease before scoring a point?,1,mean_pool,11,0,1,0,0,0,0.05002311143539774,0.06508269581383165,0.057552903624614696
groundmore/m7D-67xqwYE_0130_0145/2__exp2/2,groundmore,test,m7D-67xqwYE_0130_0145,2__exp2,2,sequential,Who does the man in the spiderman costume tease before scoring a point?,1,mean_pool,23,0,1,0,0,0,0.05002311143539774,0.06508269581383165,0.057552903624614696
groundmore/m7D-67xqwYE_0130_0145/2__exp2/2,groundmore,test,m7D-67xqwYE_0130_0145,2__exp2,2,sequential,Who does the man in the spiderman costume tease before scoring a point?,1,mean_pool,42,0,1,0,0,0,0.05002311143539774,0.06508269581383165,0.057552903624614696
groundmore/m7D-67xqwYE_0130_0145/2__exp2/2,groundmore,test,m7D-67xqwYE_0130_0145,2__exp2,2,sequential,Who does the man in the spiderman costume tease before scoring a point?,1,opg_no_monotonic,ensemble,0,1,0,0,0,0.05002311143539774,0.06508269581383165,0.057552903624614696
groundmore/m7D-67xqwYE_0130_0145/2__exp2/2,groundmore,test,m7D-67xqwYE_0130_0145,2__exp2,2,sequential,Who does the man in the spiderman costume tease before scoring a point?,1,opg_no_monotonic,11,0,1,0,0,0,0.05002311143539774,0.06508269581383165,0.057552903624614696
groundmore/m7D-67xqwYE_0130_0145/2__exp2/2,groundmore,test,m7D-67xqwYE_0130_0145,2__exp2,2,sequential,Who does the man in the spiderman costume tease before scoring a point?,1,opg_no_monotonic,23,0,1,0,0,0,0.05002311143539774,0.06508269581383165,0.057552903624614696
groundmore/m7D-67xqwYE_0130_0145/2__exp2/2,groundmore,test,m7D-67xqwYE_0130_0145,2__exp2,2,sequential,Who does the man in the spiderman costume tease before scoring a point?,1,opg_no_monotonic,42,0,1,0,0,0,0.05002311143539774,0.06508269581383165,0.057552903624614696
groundmore/m7D-67xqwYE_0130_0145/2__exp2/2,groundmore,test,m7D-67xqwYE_0130_0145,2__exp2,2,sequential,Who does the man in the spiderman costume tease before scoring a point?,1,opg_no_order_loss,ensemble,0,1,0,0,0,0.05002311143539774,0.06508269581383165,0.057552903624614696
groundmore/m7D-67xqwYE_0130_0145/2__exp2/2,groundmore,test,m7D-67xqwYE_0130_0145,2__exp2,2,sequential,Who does the man in the spiderman costume tease before scoring a point?,1,opg_no_order_loss,11,0,1,0,0,0,0.05002311143539774,0.06508269581383165,0.057552903624614696
groundmore/m7D-67xqwYE_0130_0145/2__exp2/2,groundmore,test,m7D-67xqwYE_0130_0145,2__exp2,2,sequential,Who does the man in the spiderman costume tease before scoring a point?,1,opg_no_order_loss,23,0,1,0,0,0,0.05002311143539774,0.06508269581383165,0.057552903624614696
groundmore/m7D-67xqwYE_0130_0145/2__exp2/2,groundmore,test,m7D-67xqwYE_0130_0145,2__exp2,2,sequential,Who does the man in the spiderman costume tease before scoring a point?,1,opg_no_order_loss,42,0,1,0,0,0,0.05002311143539774,0.06508269581383165,0.057552903624614696
groundmore/m7D-67xqwYE_0130_0145/2__exp2/2,groundmore,test,m7D-67xqwYE_0130_0145,2__exp2,2,sequential,Who does the man in the spiderman costume tease before scoring a point?,1,opg_full,ensemble,0,1,0,0,0,0.05002311143539774,0.06508269581383165,0.057552903624614696
groundmore/m7D-67xqwYE_0130_0145/2__exp2/2,groundmore,test,m7D-67xqwYE_0130_0145,2__exp2,2,sequential,Who does the man in the spiderman costume tease before scoring a point?,1,opg_full,11,0,1,0,0,0,0.05002311143539774,0.06508269581383165,0.057552903624614696
groundmore/m7D-67xqwYE_0130_0145/2__exp2/2,groundmore,test,m7D-67xqwYE_0130_0145,2__exp2,2,sequential,Who does the man in the spiderman costume tease before scoring a point?,1,opg_full,23,0,1,0,0,0,0.05002311143539774,0.06508269581383165,0.057552903624614696
groundmore/m7D-67xqwYE_0130_0145/2__exp2/2,groundmore,test,m7D-67xqwYE_0130_0145,2__exp2,2,sequential,Who does the man in the spiderman costume tease before scoring a point?,1,opg_full,42,0,1,0,0,0,0.05002311143539774,0.06508269581383165,0.057552903624614696
groundmore/oJ4Zq27JD3Y_0128_0143/2__exp12/12,groundmore,test,oJ4Zq27JD3Y_0128_0143,2__exp12,12,sequential,What does the man in the white tanktop accelerate towards before the ball is passed?,1,mean_pool,ensemble,0,0,,,0,0.0,0.0,0.0
groundmore/oJ4Zq27JD3Y_0128_0143/2__exp12/12,groundmore,test,oJ4Zq27JD3Y_0128_0143,2__exp12,12,sequential,What does the man in the white tanktop accelerate towards before the ball is passed?,1,opg_no_monotonic,ensemble,0,0,,,0,0.0,0.0,0.0
groundmore/oJ4Zq27JD3Y_0128_0143/2__exp12/12,groundmore,test,oJ4Zq27JD3Y_0128_0143,2__exp12,12,sequential,What does the man in the white tanktop accelerate towards before the ball is passed?,1,opg_no_order_loss,ensemble,0,0,,,0,0.0,0.0,0.0
groundmore/oJ4Zq27JD3Y_0128_0143/2__exp12/12,groundmore,test,oJ4Zq27JD3Y_0128_0143,2__exp12,12,sequential,What does the man in the white tanktop accelerate towards before the ball is passed?,1,opg_full,ensemble,0,0,,,0,0.0,0.0,0.0
groundmore/oJ4Zq27JD3Y_0128_0143/2__exp6/6,groundmore,test,oJ4Zq27JD3Y_0128_0143,2__exp6,6,sequential,What does the man in the white tanktop accelerate towards after being passed the ball by the man in the black tanktop?,1,mean_pool,ensemble,0,0,,,0,0.0,0.0,0.0
groundmore/oJ4Zq27JD3Y_0128_0143/2__exp6/6,groundmore,test,oJ4Zq27JD3Y_0128_0143,2__exp6,6,sequential,What does the man in the white tanktop accelerate towards after being passed the ball by the man in the black tanktop?,1,opg_no_monotonic,ensemble,0,0,,,0,0.0,0.0,0.0
groundmore/oJ4Zq27JD3Y_0128_0143/2__exp6/6,groundmore,test,oJ4Zq27JD3Y_0128_0143,2__exp6,6,sequential,What does the man in the white tanktop accelerate towards after being passed the ball by the man in the black tanktop?,1,opg_no_order_loss,ensemble,0,0,,,0,0.0,0.0,0.0
groundmore/oJ4Zq27JD3Y_0128_0143/2__exp6/6,groundmore,test,oJ4Zq27JD3Y_0128_0143,2__exp6,6,sequential,What does the man in the white tanktop accelerate towards after being passed the ball by the man in the black tanktop?,1,opg_full,ensemble,0,0,,,0,0.0,0.0,0.0
groundmore/oJ4Zq27JD3Y_0128_0143/3__exp11/11,groundmore,test,oJ4Zq27JD3Y_0128_0143,3__exp11,11,sequential,Who accelerates towards the hoop before the ball is passed?,1,mean_pool,ensemble,0,0,,,0,0.0,0.0,0.0
groundmore/oJ4Zq27JD3Y_0128_0143/3__exp11/11,groundmore,test,oJ4Zq27JD3Y_0128_0143,3__exp11,11,sequential,Who accelerates towards the hoop before the ball is passed?,1,opg_no_monotonic,ensemble,0,0,,,0,0.0,0.0,0.0
groundmore/oJ4Zq27JD3Y_0128_0143/3__exp11/11,groundmore,test,oJ4Zq27JD3Y_0128_0143,3__exp11,11,sequential,Who accelerates towards the hoop before the ball is passed?,1,opg_no_order_loss,ensemble,0,0,,,0,0.0,0.0,0.0
groundmore/oJ4Zq27JD3Y_0128_0143/3__exp11/11,groundmore,test,oJ4Zq27JD3Y_0128_0143,3__exp11,11,sequential,Who accelerates towards the hoop before the ball is passed?,1,opg_full,ensemble,0,0,,,0,0.0,0.0,0.0
groundmore/oJ4Zq27JD3Y_0128_0143/3__exp5/5,groundmore,test,oJ4Zq27JD3Y_0128_0143,3__exp5,5,sequential,Who accelerates towards the hoop after being passed the ball by the man in the black tanktop?,1,mean_pool,ensemble,0,0,,,0,0.0,0.0,0.0
groundmore/oJ4Zq27JD3Y_0128_0143/3__exp5/5,groundmore,test,oJ4Zq27JD3Y_0128_0143,3__exp5,5,sequential,Who accelerates towards the hoop after being passed the ball by the man in the black tanktop?,1,opg_no_monotonic,ensemble,0,0,,,0,0.0,0.0,0.0
groundmore/oJ4Zq27JD3Y_0128_0143/3__exp5/5,groundmore,test,oJ4Zq27JD3Y_0128_0143,3__exp5,5,sequential,Who accelerates towards the hoop after being passed the ball by the man in the black tanktop?,1,opg_no_order_loss,ensemble,0,0,,,0,0.0,0.0,0.0
groundmore/oJ4Zq27JD3Y_0128_0143/3__exp5/5,groundmore,test,oJ4Zq27JD3Y_0128_0143,3__exp5,5,sequential,Who accelerates towards the hoop after being passed the ball by the man in the black tanktop?,1,opg_full,ensemble,0,0,,,0,0.0,0.0,0.0
groundmore/oJ4Zq27JD3Y_0128_0143/4__exp13/13,groundmore,test,oJ4Zq27JD3Y_0128_0143,4__exp13,13,sequential,What does the man in the white tanktop pass to the man in the black tanktop after accelerating towards the hoop?,1,mean_pool,ensemble,0,0,,,0,0.0,0.0,0.0
groundmore/oJ4Zq27JD3Y_0128_0143/4__exp13/13,groundmore,test,oJ4Zq27JD3Y_0128_0143,4__exp13,13,sequential,What does the man in the white tanktop pass to the man in the black tanktop after accelerating towards the hoop?,1,opg_no_monotonic,ensemble,0,0,,,0,0.0,0.0,0.0
groundmore/oJ4Zq27JD3Y_0128_0143/4__exp13/13,groundmore,test,oJ4Zq27JD3Y_0128_0143,4__exp13,13,sequential,What does the man in the white tanktop pass to the man in the black tanktop after accelerating towards the hoop?,1,opg_no_order_loss,ensemble,0,0,,,0,0.0,0.0,0.0
groundmore/oJ4Zq27JD3Y_0128_0143/4__exp13/13,groundmore,test,oJ4Zq27JD3Y_0128_0143,4__exp13,13,sequential,What does the man in the white tanktop pass to the man in the black tanktop after accelerating towards the hoop?,1,opg_full,ensemble,0,0,,,0,0.0,0.0,0.0
groundmore/oJ4Zq27JD3Y_0128_0143/4__exp8/8,groundmore,test,oJ4Zq27JD3Y_0128_0143,4__exp8,8,sequential,What does the man in the black tanktop pass to the man in the white tanktop?,0,mean_pool,ensemble,0,0,,,0,0.0,0.0,0.0
groundmore/oJ4Zq27JD3Y_0128_0143/4__exp8/8,groundmore,test,oJ4Zq27JD3Y_0128_0143,4__exp8,8,sequential,What does the man in the black tanktop pass to the man in the white tanktop?,0,opg_no_monotonic,ensemble,0,0,,,0,0.0,0.0,0.0
groundmore/oJ4Zq27JD3Y_0128_0143/4__exp8/8,groundmore,test,oJ4Zq27JD3Y_0128_0143,4__exp8,8,sequential,What does the man in the black tanktop pass to the man in the white tanktop?,0,opg_no_order_loss,ensemble,0,0,,,0,0.0,0.0,0.0
groundmore/oJ4Zq27JD3Y_0128_0143/4__exp8/8,groundmore,test,oJ4Zq27JD3Y_0128_0143,4__exp8,8,sequential,What does the man in the black tanktop pass to the man in the white tanktop?,0,opg_full,ensemble,0,0,,,0,0.0,0.0,0.0
groundmore/oJ4Zq27JD3Y_0128_0143/5__exp14/14,groundmore,test,oJ4Zq27JD3Y_0128_0143,5__exp14,14,sequential,Who receives the ball from the man in the white tanktop after he accelerates towards the hoop?,1,mean_pool,ensemble,0,0,,,0,0.0,0.0,0.0
groundmore/oJ4Zq27JD3Y_0128_0143/5__exp14/14,groundmore,test,oJ4Zq27JD3Y_0128_0143,5__exp14,14,sequential,Who receives the ball from the man in the white tanktop after he accelerates towards the hoop?,1,opg_no_monotonic,ensemble,0,0,,,0,0.0,0.0,0.0
groundmore/oJ4Zq27JD3Y_0128_0143/5__exp14/14,groundmore,test,oJ4Zq27JD3Y_0128_0143,5__exp14,14,sequential,Who receives the ball from the man in the white tanktop after he accelerates towards the hoop?,1,opg_no_order_loss,ensemble,0,0,,,0,0.0,0.0,0.0
groundmore/oJ4Zq27JD3Y_0128_0143/5__exp14/14,groundmore,test,oJ4Zq27JD3Y_0128_0143,5__exp14,14,sequential,Who receives the ball from the man in the white tanktop after he accelerates towards the hoop?,1,opg_full,ensemble,0,0,,,0,0.0,0.0,0.0
groundmore/oJ4Zq27JD3Y_0128_0143/5__exp7/7,groundmore,test,oJ4Zq27JD3Y_0128_0143,5__exp7,7,sequential,Who passed the ball to the man in the white tanktop?,0,mean_pool,ensemble,0,0,,,0,0.0,0.0,0.0
groundmore/oJ4Zq27JD3Y_0128_0143/5__exp7/7,groundmore,test,oJ4Zq27JD3Y_0128_0143,5__exp7,7,sequential,Who passed the ball to the man in the white tanktop?,0,opg_no_monotonic,ensemble,0,0,,,0,0.0,0.0,0.0
groundmore/oJ4Zq27JD3Y_0128_0143/5__exp7/7,groundmore,test,oJ4Zq27JD3Y_0128_0143,5__exp7,7,sequential,Who passed the ball to the man in the white tanktop?,0,opg_no_order_loss,ensemble,0,0,,,0,0.0,0.0,0.0
groundmore/oJ4Zq27JD3Y_0128_0143/5__exp7/7,groundmore,test,oJ4Zq27JD3Y_0128_0143,5__exp7,7,sequential,Who passed the ball to the man in the white tanktop?,0,opg_full,ensemble,0,0,,,0,0.0,0.0,0.0
groundmore/oJ4Zq27JD3Y_0220_0235/1__exp1/1,groundmore,test,oJ4Zq27JD3Y_0220_0235,1__exp1,1,sequential,Who moves towards the man in the black tanktop before passing the ball?,1,mean_pool,ensemble,0,0,,,0,0.0,0.0,0.0
groundmore/oJ4Zq27JD3Y_0220_0235/1__exp1/1,groundmore,test,oJ4Zq27JD3Y_0220_0235,1__exp1,1,sequential,Who moves towards the man in the black tanktop before passing the ball?,1,opg_no_monotonic,ensemble,0,0,,,0,0.0,0.0,0.0
groundmore/oJ4Zq27JD3Y_0220_0235/1__exp1/1,groundmore,test,oJ4Zq27JD3Y_0220_0235,1__exp1,1,sequential,Who moves towards the man in the black tanktop before passing the ball?,1,opg_no_order_loss,ensemble,0,0,,,0,0.0,0.0,0.0
groundmore/oJ4Zq27JD3Y_0220_0235/1__exp1/1,groundmore,test,oJ4Zq27JD3Y_0220_0235,1__exp1,1,sequential,Who moves towards the man in the black tanktop before passing the ball?,1,opg_full,ensemble,0,0,,,0,0.0,0.0,0.0
groundmore/oJ4Zq27JD3Y_0220_0235/2__exp2/2,groundmore,test,oJ4Zq27JD3Y_0220_0235,2__exp2,2,sequential,Who does the man in the white shirt move towards before he passes the ball?,1,mean_pool,ensemble,0,0,,,0,0.0,0.0,0.0
groundmore/oJ4Zq27JD3Y_0220_0235/2__exp2/2,groundmore,test,oJ4Zq27JD3Y_0220_0235,2__exp2,2,sequential,Who does the man in the white shirt move towards before he passes the ball?,1,opg_no_monotonic,ensemble,0,0,,,0,0.0,0.0,0.0
groundmore/oJ4Zq27JD3Y_0220_0235/2__exp2/2,groundmore,test,oJ4Zq27JD3Y_0220_0235,2__exp2,2,sequential,Who does the man in the white shirt move towards before he passes the ball?,1,opg_no_order_loss,ensemble,0,0,,,0,0.0,0.0,0.0
groundmore/oJ4Zq27JD3Y_0220_0235/2__exp2/2,groundmore,test,oJ4Zq27JD3Y_0220_0235,2__exp2,2,sequential,Who does the man in the white shirt move towards before he passes the ball?,1,opg_full,ensemble,0,0,,,0,0.0,0.0,0.0
groundmore/oJ4Zq27JD3Y_0220_0235/3__exp3/3,groundmore,test,oJ4Zq27JD3Y_0220_0235,3__exp3,3,sequential,What does the man in the white shirt pass after moving towards the man in the black tanktop?,1,mean_pool,ensemble,0,0,,,0,0.0,0.0,0.0
groundmore/oJ4Zq27JD3Y_0220_0235/3__exp3/3,groundmore,test,oJ4Zq27JD3Y_0220_0235,3__exp3,3,sequential,What does the man in the white shirt pass after moving towards the man in the black tanktop?,1,opg_no_monotonic,ensemble,0,0,,,0,0.0,0.0,0.0
groundmore/oJ4Zq27JD3Y_0220_0235/3__exp3/3,groundmore,test,oJ4Zq27JD3Y_0220_0235,3__exp3,3,sequential,What does the man in the white shirt pass after moving towards the man in the black tanktop?,1,opg_no_order_loss,ensemble,0,0,,,0,0.0,0.0,0.0
groundmore/oJ4Zq27JD3Y_0220_0235/3__exp3/3,groundmore,test,oJ4Zq27JD3Y_0220_0235,3__exp3,3,sequential,What does the man in the white shirt pass after moving towards the man in the black tanktop?,1,opg_full,ensemble,0,0,,,0,0.0,0.0,0.0
groundmore/oJ4Zq27JD3Y_0330_0340/1__exp1/1,groundmore,test,oJ4Zq27JD3Y_0330_0340,1__exp1,1,sequential,Who dribbles the ball before passing it to the man in the white shirt?,1,mean_pool,ensemble,0,0,,,0,0.0,0.0,0.0
groundmore/oJ4Zq27JD3Y_0330_0340/1__exp1/1,groundmore,test,oJ4Zq27JD3Y_0330_0340,1__exp1,1,sequential,Who dribbles the ball before passing it to the man in the white shirt?,1,opg_no_monotonic,ensemble,0,0,,,0,0.0,0.0,0.0
groundmore/oJ4Zq27JD3Y_0330_0340/1__exp1/1,groundmore,test,oJ4Zq27JD3Y_0330_0340,1__exp1,1,sequential,Who dribbles the ball before passing it to the man in the white shirt?,1,opg_no_order_loss,ensemble,0,0,,,0,0.0,0.0,0.0
groundmore/oJ4Zq27JD3Y_0330_0340/1__exp1/1,groundmore,test,oJ4Zq27JD3Y_0330_0340,1__exp1,1,sequential,Who dribbles the ball before passing it to the man in the white shirt?,1,opg_full,ensemble,0,0,,,0,0.0,0.0,0.0
groundmore/oJ4Zq27JD3Y_0330_0340/2__exp2/2,groundmore,test,oJ4Zq27JD3Y_0330_0340,2__exp2,2,sequential,What does the man in the blue shorts dribble before passing to the man in the white shirt?,1,mean_pool,ensemble,1,1,0,0,1,0.3,0.3,0.3
groundmore/oJ4Zq27JD3Y_0330_0340/2__exp2/2,groundmore,test,oJ4Zq27JD3Y_0330_0340,2__exp2,2,sequential,What does the man in the blue shorts dribble before passing to the man in the white shirt?,1,mean_pool,11,1,1,0,0,1,0.3,0.3,0.3
groundmore/oJ4Zq27JD3Y_0330_0340/2__exp2/2,groundmore,test,oJ4Zq27JD3Y_0330_0340,2__exp2,2,sequential,What does the man in the blue shorts dribble before passing to the man in the white shirt?,1,mean_pool,23,1,1,0,0,1,0.3,0.3,0.3
groundmore/oJ4Zq27JD3Y_0330_0340/2__exp2/2,groundmore,test,oJ4Zq27JD3Y_0330_0340,2__exp2,2,sequential,What does the man in the blue shorts dribble before passing to the man in the white shirt?,1,mean_pool,42,1,1,0,0,1,0.3,0.3,0.3
groundmore/oJ4Zq27JD3Y_0330_0340/2__exp2/2,groundmore,test,oJ4Zq27JD3Y_0330_0340,2__exp2,2,sequential,What does the man in the blue shorts dribble before passing to the man in the white shirt?,1,opg_no_monotonic,ensemble,1,1,0,0,1,0.3,0.3,0.3
groundmore/oJ4Zq27JD3Y_0330_0340/2__exp2/2,groundmore,test,oJ4Zq27JD3Y_0330_0340,2__exp2,2,sequential,What does the man in the blue shorts dribble before passing to the man in the white shirt?,1,opg_no_monotonic,11,1,1,0,0,1,0.3,0.3,0.3
groundmore/oJ4Zq27JD3Y_0330_0340/2__exp2/2,groundmore,test,oJ4Zq27JD3Y_0330_0340,2__exp2,2,sequential,What does the man in the blue shorts dribble before passing to the man in the white shirt?,1,opg_no_monotonic,23,1,1,0,0,1,0.3,0.3,0.3
groundmore/oJ4Zq27JD3Y_0330_0340/2__exp2/2,groundmore,test,oJ4Zq27JD3Y_0330_0340,2__exp2,2,sequential,What does the man in the blue shorts dribble before passing to the man in the white shirt?,1,opg_no_monotonic,42,1,1,0,0,1,0.3,0.3,0.3
groundmore/oJ4Zq27JD3Y_0330_0340/2__exp2/2,groundmore,test,oJ4Zq27JD3Y_0330_0340,2__exp2,2,sequential,What does the man in the blue shorts dribble before passing to the man in the white shirt?,1,opg_no_order_loss,ensemble,1,1,0,0,1,0.3,0.3,0.3
groundmore/oJ4Zq27JD3Y_0330_0340/2__exp2/2,groundmore,test,oJ4Zq27JD3Y_0330_0340,2__exp2,2,sequential,What does the man in the blue shorts dribble before passing to the man in the white shirt?,1,opg_no_order_loss,11,1,1,0,0,1,0.3,0.3,0.3
groundmore/oJ4Zq27JD3Y_0330_0340/2__exp2/2,groundmore,test,oJ4Zq27JD3Y_0330_0340,2__exp2,2,sequential,What does the man in the blue shorts dribble before passing to the man in the white shirt?,1,opg_no_order_loss,23,1,1,0,0,1,0.3,0.3,0.3
groundmore/oJ4Zq27JD3Y_0330_0340/2__exp2/2,groundmore,test,oJ4Zq27JD3Y_0330_0340,2__exp2,2,sequential,What does the man in the blue shorts dribble before passing to the man in the white shirt?,1,opg_no_order_loss,42,1,1,0,0,1,0.3,0.3,0.3
groundmore/oJ4Zq27JD3Y_0330_0340/2__exp2/2,groundmore,test,oJ4Zq27JD3Y_0330_0340,2__exp2,2,sequential,What does the man in the blue shorts dribble before passing to the man in the white shirt?,1,opg_full,ensemble,1,1,0,0,1,0.3,0.3,0.3
groundmore/oJ4Zq27JD3Y_0330_0340/2__exp2/2,groundmore,test,oJ4Zq27JD3Y_0330_0340,2__exp2,2,sequential,What does the man in the blue shorts dribble before passing to the man in the white shirt?,1,opg_full,11,1,1,0,0,1,0.3,0.3,0.3
groundmore/oJ4Zq27JD3Y_0330_0340/2__exp2/2,groundmore,test,oJ4Zq27JD3Y_0330_0340,2__exp2,2,sequential,What does the man in the blue shorts dribble before passing to the man in the white shirt?,1,opg_full,23,1,1,0,0,1,0.3,0.3,0.3
groundmore/oJ4Zq27JD3Y_0330_0340/2__exp2/2,groundmore,test,oJ4Zq27JD3Y_0330_0340,2__exp2,2,sequential,What does the man in the blue shorts dribble before passing to the man in the white shirt?,1,opg_full,42,1,1,0,0,1,0.3,0.3,0.3
groundmore/oJ4Zq27JD3Y_0330_0340/3__exp3/3,groundmore,test,oJ4Zq27JD3Y_0330_0340,3__exp3,3,sequential,To whom does the man in the blue shorts pass the ball after dribbling it?,1,mean_pool,ensemble,0,1,,0,0,0.0,0.0,0.0
groundmore/oJ4Zq27JD3Y_0330_0340/3__exp3/3,groundmore,test,oJ4Zq27JD3Y_0330_0340,3__exp3,3,sequential,To whom does the man in the blue shorts pass the ball after dribbling it?,1,mean_pool,11,0,1,,0,0,0.0,0.0,0.0
groundmore/oJ4Zq27JD3Y_0330_0340/3__exp3/3,groundmore,test,oJ4Zq27JD3Y_0330_0340,3__exp3,3,sequential,To whom does the man in the blue shorts pass the ball after dribbling it?,1,mean_pool,23,0,1,,0,0,0.0,0.0,0.0
groundmore/oJ4Zq27JD3Y_0330_0340/3__exp3/3,groundmore,test,oJ4Zq27JD3Y_0330_0340,3__exp3,3,sequential,To whom does the man in the blue shorts pass the ball after dribbling it?,1,mean_pool,42,0,1,,0,0,0.0,0.0,0.0
groundmore/oJ4Zq27JD3Y_0330_0340/3__exp3/3,groundmore,test,oJ4Zq27JD3Y_0330_0340,3__exp3,3,sequential,To whom does the man in the blue shorts pass the ball after dribbling it?,1,opg_no_monotonic,ensemble,0,1,,0,0,0.0,0.0,0.0
groundmore/oJ4Zq27JD3Y_0330_0340/3__exp3/3,groundmore,test,oJ4Zq27JD3Y_0330_0340,3__exp3,3,sequential,To whom does the man in the blue shorts pass the ball after dribbling it?,1,opg_no_monotonic,11,0,1,,0,0,0.0,0.0,0.0
groundmore/oJ4Zq27JD3Y_0330_0340/3__exp3/3,groundmore,test,oJ4Zq27JD3Y_0330_0340,3__exp3,3,sequential,To whom does the man in the blue shorts pass the ball after dribbling it?,1,opg_no_monotonic,23,0,1,,0,0,0.0,0.0,0.0
groundmore/oJ4Zq27JD3Y_0330_0340/3__exp3/3,groundmore,test,oJ4Zq27JD3Y_0330_0340,3__exp3,3,sequential,To whom does the man in the blue shorts pass the ball after dribbling it?,1,opg_no_monotonic,42,0,1,,0,0,0.0,0.0,0.0
groundmore/oJ4Zq27JD3Y_0330_0340/3__exp3/3,groundmore,test,oJ4Zq27JD3Y_0330_0340,3__exp3,3,sequential,To whom does the man in the blue shorts pass the ball after dribbling it?,1,opg_no_order_loss,ensemble,0,1,,0,0,0.0,0.0,0.0
groundmore/oJ4Zq27JD3Y_0330_0340/3__exp3/3,groundmore,test,oJ4Zq27JD3Y_0330_0340,3__exp3,3,sequential,To whom does the man in the blue shorts pass the ball after dribbling it?,1,opg_no_order_loss,11,0,1,,0,0,0.0,0.0,0.0
groundmore/oJ4Zq27JD3Y_0330_0340/3__exp3/3,groundmore,test,oJ4Zq27JD3Y_0330_0340,3__exp3,3,sequential,To whom does the man in the blue shorts pass the ball after dribbling it?,1,opg_no_order_loss,23,0,1,,0,0,0.0,0.0,0.0
groundmore/oJ4Zq27JD3Y_0330_0340/3__exp3/3,groundmore,test,oJ4Zq27JD3Y_0330_0340,3__exp3,3,sequential,To whom does the man in the blue shorts pass the ball after dribbling it?,1,opg_no_order_loss,42,0,1,,0,0,0.0,0.0,0.0
groundmore/oJ4Zq27JD3Y_0330_0340/3__exp3/3,groundmore,test,oJ4Zq27JD3Y_0330_0340,3__exp3,3,sequential,To whom does the man in the blue shorts pass the ball after dribbling it?,1,opg_full,ensemble,0,1,,0,0,0.0,0.0,0.0
groundmore/oJ4Zq27JD3Y_0330_0340/3__exp3/3,groundmore,test,oJ4Zq27JD3Y_0330_0340,3__exp3,3,sequential,To whom does the man in the blue shorts pass the ball after dribbling it?,1,opg_full,11,0,1,,0,0,0.0,0.0,0.0
groundmore/oJ4Zq27JD3Y_0330_0340/3__exp3/3,groundmore,test,oJ4Zq27JD3Y_0330_0340,3__exp3,3,sequential,To whom does the man in the blue shorts pass the ball after dribbling it?,1,opg_full,23,0,1,,0,0,0.0,0.0,0.0
groundmore/oJ4Zq27JD3Y_0330_0340/3__exp3/3,groundmore,test,oJ4Zq27JD3Y_0330_0340,3__exp3,3,sequential,To whom does the man in the blue shorts pass the ball after dribbling it?,1,opg_full,42,0,1,,0,0,0.0,0.0,0.0
groundmore/oJ4Zq27JD3Y_0345_0400/1__exp1/1,groundmore,test,oJ4Zq27JD3Y_0345_0400,1__exp1,1,sequential,Who dribbles the ball before accelerating past the man in the white shirt?,1,mean_pool,ensemble,0,0,,,0,0.0,0.0,0.0
groundmore/oJ4Zq27JD3Y_0345_0400/1__exp1/1,groundmore,test,oJ4Zq27JD3Y_0345_0400,1__exp1,1,sequential,Who dribbles the ball before accelerating past the man in the white shirt?,1,opg_no_monotonic,ensemble,0,0,,,0,0.0,0.0,0.0
groundmore/oJ4Zq27JD3Y_0345_0400/1__exp1/1,groundmore,test,oJ4Zq27JD3Y_0345_0400,1__exp1,1,sequential,Who dribbles the ball before accelerating past the man in the white shirt?,1,opg_no_order_loss,ensemble,0,0,,,0,0.0,0.0,0.0
groundmore/oJ4Zq27JD3Y_0345_0400/1__exp1/1,groundmore,test,oJ4Zq27JD3Y_0345_0400,1__exp1,1,sequential,Who dribbles the ball before accelerating past the man in the white shirt?,1,opg_full,ensemble,0,0,,,0,0.0,0.0,0.0
groundmore/oJ4Zq27JD3Y_0345_0400/1__exp7/7,groundmore,test,oJ4Zq27JD3Y_0345_0400,1__exp7,7,sequential,Who accelerates past the man in the white shirt after dribbling the ball?,1,mean_pool,ensemble,0,0,,,0,0.0,0.0,0.0
groundmore/oJ4Zq27JD3Y_0345_0400/1__exp7/7,groundmore,test,oJ4Zq27JD3Y_0345_0400,1__exp7,7,sequential,Who accelerates past the man in the white shirt after dribbling the ball?,1,opg_no_monotonic,ensemble,0,0,,,0,0.0,0.0,0.0
groundmore/oJ4Zq27JD3Y_0345_0400/1__exp7/7,groundmore,test,oJ4Zq27JD3Y_0345_0400,1__exp7,7,sequential,Who accelerates past the man in the white shirt after dribbling the ball?,1,opg_no_order_loss,ensemble,0,0,,,0,0.0,0.0,0.0
groundmore/oJ4Zq27JD3Y_0345_0400/1__exp7/7,groundmore,test,oJ4Zq27JD3Y_0345_0400,1__exp7,7,sequential,Who accelerates past the man in the white shirt after dribbling the ball?,1,opg_full,ensemble,0,0,,,0,0.0,0.0,0.0
groundmore/oJ4Zq27JD3Y_0345_0400/2__exp2/2,groundmore,test,oJ4Zq27JD3Y_0345_0400,2__exp2,2,sequential,What does the man in the white tanktop dribble before accelerating past the man in the white shirt?,1,mean_pool,ensemble,0,0,,,0,0.0,0.0,0.0
groundmore/oJ4Zq27JD3Y_0345_0400/2__exp2/2,groundmore,test,oJ4Zq27JD3Y_0345_0400,2__exp2,2,sequential,What does the man in the white tanktop dribble before accelerating past the man in the white shirt?,1,opg_no_monotonic,ensemble,0,0,,,0,0.0,0.0,0.0
groundmore/oJ4Zq27JD3Y_0345_0400/2__exp2/2,groundmore,test,oJ4Zq27JD3Y_0345_0400,2__exp2,2,sequential,What does the man in the white tanktop dribble before accelerating past the man in the white shirt?,1,opg_no_order_loss,ensemble,0,0,,,0,0.0,0.0,0.0
groundmore/oJ4Zq27JD3Y_0345_0400/2__exp2/2,groundmore,test,oJ4Zq27JD3Y_0345_0400,2__exp2,2,sequential,What does the man in the white tanktop dribble before accelerating past the man in the white shirt?,1,opg_full,ensemble,0,0,,,0,0.0,0.0,0.0
groundmore/oJ4Zq27JD3Y_0345_0400/2__exp8/8,groundmore,test,oJ4Zq27JD3Y_0345_0400,2__exp8,8,sequential,What does the man in the white tanktop dribble before accelerating past the man in the white shirt?,1,mean_pool,ensemble,0,0,,,0,0.0,0.0,0.0
groundmore/oJ4Zq27JD3Y_0345_0400/2__exp8/8,groundmore,test,oJ4Zq27JD3Y_0345_0400,2__exp8,8,sequential,What does the man in the white tanktop dribble before accelerating past the man in the white shirt?,1,opg_no_monotonic,ensemble,0,0,,,0,0.0,0.0,0.0
groundmore/oJ4Zq27JD3Y_0345_0400/2__exp8/8,groundmore,test,oJ4Zq27JD3Y_0345_0400,2__exp8,8,sequential,What does the man in the white tanktop dribble before accelerating past the man in the white shirt?,1,opg_no_order_loss,ensemble,0,0,,,0,0.0,0.0,0.0
groundmore/oJ4Zq27JD3Y_0345_0400/2__exp8/8,groundmore,test,oJ4Zq27JD3Y_0345_0400,2__exp8,8,sequential,What does the man in the white tanktop dribble before accelerating past the man in the white shirt?,1,opg_full,ensemble,0,0,,,0,0.0,0.0,0.0
groundmore/oJ4Zq27JD3Y_0345_0400/3__exp3/3,groundmore,test,oJ4Zq27JD3Y_0345_0400,3__exp3,3,sequential,Who does the man in the white tanktop accelerate past after dribbling the ball?,1,mean_pool,ensemble,0,0,,,0,0.0,0.0,0.0
groundmore/oJ4Zq27JD3Y_0345_0400/3__exp3/3,groundmore,test,oJ4Zq27JD3Y_0345_0400,3__exp3,3,sequential,Who does the man in the white tanktop accelerate past after dribbling the ball?,1,opg_no_monotonic,ensemble,0,0,,,0,0.0,0.0,0.0
groundmore/oJ4Zq27JD3Y_0345_0400/3__exp3/3,groundmore,test,oJ4Zq27JD3Y_0345_0400,3__exp3,3,sequential,Who does the man in the white tanktop accelerate past after dribbling the ball?,1,opg_no_order_loss,ensemble,0,0,,,0,0.0,0.0,0.0
groundmore/oJ4Zq27JD3Y_0345_0400/3__exp3/3,groundmore,test,oJ4Zq27JD3Y_0345_0400,3__exp3,3,sequential,Who does the man in the white tanktop accelerate past after dribbling the ball?,1,opg_full,ensemble,0,0,,,0,0.0,0.0,0.0
groundmore/oJ4Zq27JD3Y_0345_0400/3__exp9/9,groundmore,test,oJ4Zq27JD3Y_0345_0400,3__exp9,9,sequential,Who does the man in the white tanktop accelerate past after dribbling the ball?,1,mean_pool,ensemble,0,0,,,0,0.0,0.0,0.0
groundmore/oJ4Zq27JD3Y_0345_0400/3__exp9/9,groundmore,test,oJ4Zq27JD3Y_0345_0400,3__exp9,9,sequential,Who does the man in the white tanktop accelerate past after dribbling the ball?,1,opg_no_monotonic,ensemble,0,0,,,0,0.0,0.0,0.0
groundmore/oJ4Zq27JD3Y_0345_0400/3__exp9/9,groundmore,test,oJ4Zq27JD3Y_0345_0400,3__exp9,9,sequential,Who does the man in the white tanktop accelerate past after dribbling the ball?,1,opg_no_order_loss,ensemble,0,0,,,0,0.0,0.0,0.0
groundmore/oJ4Zq27JD3Y_0345_0400/3__exp9/9,groundmore,test,oJ4Zq27JD3Y_0345_0400,3__exp9,9,sequential,Who does the man in the white tanktop accelerate past after dribbling the ball?,1,opg_full,ensemble,0,0,,,0,0.0,0.0,0.0
groundmore/oJ4Zq27JD3Y_0440_0455/1__exp1/1,groundmore,test,oJ4Zq27JD3Y_0440_0455,1__exp1,1,sequential,Who dribbles past the man in the white shirt before passing the ball to the man in the black tanktop?,1,mean_pool,ensemble,0,0,,,0,0.0,0.0,0.0
groundmore/oJ4Zq27JD3Y_0440_0455/1__exp1/1,groundmore,test,oJ4Zq27JD3Y_0440_0455,1__exp1,1,sequential,Who dribbles past the man in the white shirt before passing the ball to the man in the black tanktop?,1,opg_no_monotonic,ensemble,0,0,,,0,0.0,0.0,0.0
groundmore/oJ4Zq27JD3Y_0440_0455/1__exp1/1,groundmore,test,oJ4Zq27JD3Y_0440_0455,1__exp1,1,sequential,Who dribbles past the man in the white shirt before passing the ball to the man in the black tanktop?,1,opg_no_order_loss,ensemble,0,0,,,0,0.0,0.0,0.0
groundmore/oJ4Zq27JD3Y_0440_0455/1__exp1/1,groundmore,test,oJ4Zq27JD3Y_0440_0455,1__exp1,1,sequential,Who dribbles past the man in the white shirt before passing the ball to the man in the black tanktop?,1,opg_full,ensemble,0,0,,,0,0.0,0.0,0.0
groundmore/oJ4Zq27JD3Y_0440_0455/1__exp17/17,groundmore,test,oJ4Zq27JD3Y_0440_0455,1__exp17,17,sequential,Who passes the ball to the man in the black tanktop before the man in the blue shorts guards him?,1,mean_pool,ensemble,0,0,,,0,0.0,0.0,0.0
groundmore/oJ4Zq27JD3Y_0440_0455/1__exp17/17,groundmore,test,oJ4Zq27JD3Y_0440_0455,1__exp17,17,sequential,Who passes the ball to the man in the black tanktop before the man in the blue shorts guards him?,1,opg_no_monotonic,ensemble,0,0,,,0,0.0,0.0,0.0
groundmore/oJ4Zq27JD3Y_0440_0455/1__exp17/17,groundmore,test,oJ4Zq27JD3Y_0440_0455,1__exp17,17,sequential,Who passes the ball to the man in the black tanktop before the man in the blue shorts guards him?,1,opg_no_order_loss,ensemble,0,0,,,0,0.0,0.0,0.0
groundmore/oJ4Zq27JD3Y_0440_0455/1__exp17/17,groundmore,test,oJ4Zq27JD3Y_0440_0455,1__exp17,17,sequential,Who passes the ball to the man in the black tanktop before the man in the blue shorts guards him?,1,opg_full,ensemble,0,0,,,0,0.0,0.0,0.0
groundmore/oJ4Zq27JD3Y_0440_0455/2__exp2/2,groundmore,test,oJ4Zq27JD3Y_0440_0455,2__exp2,2,sequential,Who does the man in the white tanktop dribble past before passing the ball to the man in the black tanktop?,1,mean_pool,ensemble,0,0,,,0,0.0,0.0,0.0
groundmore/oJ4Zq27JD3Y_0440_0455/2__exp2/2,groundmore,test,oJ4Zq27JD3Y_0440_0455,2__exp2,2,sequential,Who does the man in the white tanktop dribble past before passing the ball to the man in the black tanktop?,1,opg_no_monotonic,ensemble,0,0,,,0,0.0,0.0,0.0
groundmore/oJ4Zq27JD3Y_0440_0455/2__exp2/2,groundmore,test,oJ4Zq27JD3Y_0440_0455,2__exp2,2,sequential,Who does the man in the white tanktop dribble past before passing the ball to the man in the black tanktop?,1,opg_no_order_loss,ensemble,0,0,,,0,0.0,0.0,0.0
groundmore/oJ4Zq27JD3Y_0440_0455/2__exp2/2,groundmore,test,oJ4Zq27JD3Y_0440_0455,2__exp2,2,sequential,Who does the man in the white tanktop dribble past before passing the ball to the man in the black tanktop?,1,opg_full,ensemble,0,0,,,0,0.0,0.0,0.0
groundmore/oJ4Zq27JD3Y_0440_0455/3__exp16/16,groundmore,test,oJ4Zq27JD3Y_0440_0455,3__exp16,16,sequential,Who does the man in the blue shorts guard after the man in the black tanktop is passed the ball by the man in the white tanktop?,1,mean_pool,ensemble,0,0,,,0,0.0,0.0,0.0
groundmore/oJ4Zq27JD3Y_0440_0455/3__exp16/16,groundmore,test,oJ4Zq27JD3Y_0440_0455,3__exp16,16,sequential,Who does the man in the blue shorts guard after the man in the black tanktop is passed the ball by the man in the white tanktop?,1,opg_no_monotonic,ensemble,0,0,,,0,0.0,0.0,0.0
groundmore/oJ4Zq27JD3Y_0440_0455/3__exp16/16,groundmore,test,oJ4Zq27JD3Y_0440_0455,3__exp16,16,sequential,Who does the man in the blue shorts guard after the man in the black tanktop is passed the ball by the man in the white tanktop?,1,opg_no_order_loss,ensemble,0,0,,,0,0.0,0.0,0.0
groundmore/oJ4Zq27JD3Y_0440_0455/3__exp16/16,groundmore,test,oJ4Zq27JD3Y_0440_0455,3__exp16,16,sequential,Who does the man in the blue shorts guard after the man in the black tanktop is passed the ball by the man in the white tanktop?,1,opg_full,ensemble,0,0,,,0,0.0,0.0,0.0
groundmore/oJ4Zq27JD3Y_0440_0455/3__exp3/3,groundmore,test,oJ4Zq27JD3Y_0440_0455,3__exp3,3,sequential,To whom does the man in the white tanktop pass the ball after dribbling past the man in the white shirt?,1,mean_pool,ensemble,0,0,,,0,0.0,0.0,0.0
groundmore/oJ4Zq27JD3Y_0440_0455/3__exp3/3,groundmore,test,oJ4Zq27JD3Y_0440_0455,3__exp3,3,sequential,To whom does the man in the white tanktop pass the ball after dribbling past the man in the white shirt?,1,opg_no_monotonic,ensemble,0,0,,,0,0.0,0.0,0.0
groundmore/oJ4Zq27JD3Y_0440_0455/3__exp3/3,groundmore,test,oJ4Zq27JD3Y_0440_0455,3__exp3,3,sequential,To whom does the man in the white tanktop pass the ball after dribbling past the man in the white shirt?,1,opg_no_order_loss,ensemble,0,0,,,0,0.0,0.0,0.0
groundmore/oJ4Zq27JD3Y_0440_0455/3__exp3/3,groundmore,test,oJ4Zq27JD3Y_0440_0455,3__exp3,3,sequential,To whom does the man in the white tanktop pass the ball after dribbling past the man in the white shirt?,1,opg_full,ensemble,0,0,,,0,0.0,0.0,0.0
groundmore/oJ4Zq27JD3Y_0440_0455/4__exp18/18,groundmore,test,oJ4Zq27JD3Y_0440_0455,4__exp18,18,sequential,What is passed to the man in the black tanktop by the man in the white tanktop before the man in the blue shorts guards him?,1,mean_pool,ensemble,0,0,,,0,0.0,0.0,0.0
groundmore/oJ4Zq27JD3Y_0440_0455/4__exp18/18,groundmore,test,oJ4Zq27JD3Y_0440_0455,4__exp18,18,sequential,What is passed to the man in the black tanktop by the man in the white tanktop before the man in the blue shorts guards him?,1,opg_no_monotonic,ensemble,0,0,,,0,0.0,0.0,0.0
groundmore/oJ4Zq27JD3Y_0440_0455/4__exp18/18,groundmore,test,oJ4Zq27JD3Y_0440_0455,4__exp18,18,sequential,What is passed to the man in the black tanktop by the man in the white tanktop before the man in the blue shorts guards him?,1,opg_no_order_loss,ensemble,0,0,,,0,0.0,0.0,0.0
groundmore/oJ4Zq27JD3Y_0440_0455/4__exp18/18,groundmore,test,oJ4Zq27JD3Y_0440_0455,4__exp18,18,sequential,What is passed to the man in the black tanktop by the man in the white tanktop before the man in the blue shorts guards him?,1,opg_full,ensemble,0,0,,,0,0.0,0.0,0.0
groundmore/oJ4Zq27JD3Y_0440_0455/4__exp4/4,groundmore,test,oJ4Zq27JD3Y_0440_0455,4__exp4,4,sequential,What does the man in the white tanktop pass to the man in the black tanktop after dribbling past the man in the white shirt?,1,mean_pool,ensemble,0,0,,,0,0.0,0.0,0.0
groundmore/oJ4Zq27JD3Y_0440_0455/4__exp4/4,groundmore,test,oJ4Zq27JD3Y_0440_0455,4__exp4,4,sequential,What does the man in the white tanktop pass to the man in the black tanktop after dribbling past the man in the white shirt?,1,opg_no_monotonic,ensemble,0,0,,,0,0.0,0.0,0.0
groundmore/oJ4Zq27JD3Y_0440_0455/4__exp4/4,groundmore,test,oJ4Zq27JD3Y_0440_0455,4__exp4,4,sequential,What does the man in the white tanktop pass to the man in the black tanktop after dribbling past the man in the white shirt?,1,opg_no_order_loss,ensemble,0,0,,,0,0.0,0.0,0.0
groundmore/oJ4Zq27JD3Y_0440_0455/4__exp4/4,groundmore,test,oJ4Zq27JD3Y_0440_0455,4__exp4,4,sequential,What does the man in the white tanktop pass to the man in the black tanktop after dribbling past the man in the white shirt?,1,opg_full,ensemble,0,0,,,0,0.0,0.0,0.0
groundmore/oJ4Zq27JD3Y_0440_0455/5__exp15/15,groundmore,test,oJ4Zq27JD3Y_0440_0455,5__exp15,15,sequential,Who guards the man in the black tanktop after the man in the black tanktop is passed the ball by the man in the white tanktop?,1,mean_pool,ensemble,0,0,,,0,0.0,0.0,0.0
groundmore/oJ4Zq27JD3Y_0440_0455/5__exp15/15,groundmore,test,oJ4Zq27JD3Y_0440_0455,5__exp15,15,sequential,Who guards the man in the black tanktop after the man in the black tanktop is passed the ball by the man in the white tanktop?,1,opg_no_monotonic,ensemble,0,0,,,0,0.0,0.0,0.0
groundmore/oJ4Zq27JD3Y_0440_0455/5__exp15/15,groundmore,test,oJ4Zq27JD3Y_0440_0455,5__exp15,15,sequential,Who guards the man in the black tanktop after the man in the black tanktop is passed the ball by the man in the white tanktop?,1,opg_no_order_loss,ensemble,0,0,,,0,0.0,0.0,0.0
groundmore/oJ4Zq27JD3Y_0440_0455/5__exp15/15,groundmore,test,oJ4Zq27JD3Y_0440_0455,5__exp15,15,sequential,Who guards the man in the black tanktop after the man in the black tanktop is passed the ball by the man in the white tanktop?,1,opg_full,ensemble,0,0,,,0,0.0,0.0,0.0
groundmore/pFX4CC5UiOY_0705_0715/1__exp4/4,groundmore,test,pFX4CC5UiOY_0705_0715,1__exp4,4,sequential,Who accelerates past the man wearing the grey shirt after dribbling the ball?,1,mean_pool,ensemble,0,0,,,0,0.0,0.0,0.0
groundmore/pFX4CC5UiOY_0705_0715/1__exp4/4,groundmore,test,pFX4CC5UiOY_0705_0715,1__exp4,4,sequential,Who accelerates past the man wearing the grey shirt after dribbling the ball?,1,opg_no_monotonic,ensemble,0,0,,,0,0.0,0.0,0.0
groundmore/pFX4CC5UiOY_0705_0715/1__exp4/4,groundmore,test,pFX4CC5UiOY_0705_0715,1__exp4,4,sequential,Who accelerates past the man wearing the grey shirt after dribbling the ball?,1,opg_no_order_loss,ensemble,0,0,,,0,0.0,0.0,0.0
groundmore/pFX4CC5UiOY_0705_0715/1__exp4/4,groundmore,test,pFX4CC5UiOY_0705_0715,1__exp4,4,sequential,Who accelerates past the man wearing the grey shirt after dribbling the ball?,1,opg_full,ensemble,0,0,,,0,0.0,0.0,0.0
groundmore/pFX4CC5UiOY_0705_0715/2__exp5/5,groundmore,test,pFX4CC5UiOY_0705_0715,2__exp5,5,sequential,What does the man in blue shorts dribble before accelerating past the man wearing the grey shirt?,1,mean_pool,ensemble,0,0,,,0,0.0,0.0,0.0
groundmore/pFX4CC5UiOY_0705_0715/2__exp5/5,groundmore,test,pFX4CC5UiOY_0705_0715,2__exp5,5,sequential,What does the man in blue shorts dribble before accelerating past the man wearing the grey shirt?,1,opg_no_monotonic,ensemble,0,0,,,0,0.0,0.0,0.0
groundmore/pFX4CC5UiOY_0705_0715/2__exp5/5,groundmore,test,pFX4CC5UiOY_0705_0715,2__exp5,5,sequential,What does the man in blue shorts dribble before accelerating past the man wearing the grey shirt?,1,opg_no_order_loss,ensemble,0,0,,,0,0.0,0.0,0.0
groundmore/pFX4CC5UiOY_0705_0715/2__exp5/5,groundmore,test,pFX4CC5UiOY_0705_0715,2__exp5,5,sequential,What does the man in blue shorts dribble before accelerating past the man wearing the grey shirt?,1,opg_full,ensemble,0,0,,,0,0.0,0.0,0.0
groundmore/pFX4CC5UiOY_0705_0715/3__exp6/6,groundmore,test,pFX4CC5UiOY_0705_0715,3__exp6,6,sequential,Who does the man in blue shorts accelerate past after dribbling the ball?,1,mean_pool,ensemble,1,2,1,1,1,0.2891833405225125,0.3366903231211763,0.3129368318218444
groundmore/pFX4CC5UiOY_0705_0715/3__exp6/6,groundmore,test,pFX4CC5UiOY_0705_0715,3__exp6,6,sequential,Who does the man in blue shorts accelerate past after dribbling the ball?,1,mean_pool,11,1,2,1,1,1,0.2891833405225125,0.3366903231211763,0.3129368318218444
groundmore/pFX4CC5UiOY_0705_0715/3__exp6/6,groundmore,test,pFX4CC5UiOY_0705_0715,3__exp6,6,sequential,Who does the man in blue shorts accelerate past after dribbling the ball?,1,mean_pool,23,1,2,1,1,1,0.2891833405225125,0.3366903231211763,0.3129368318218444
groundmore/pFX4CC5UiOY_0705_0715/3__exp6/6,groundmore,test,pFX4CC5UiOY_0705_0715,3__exp6,6,sequential,Who does the man in blue shorts accelerate past after dribbling the ball?,1,mean_pool,42,1,2,1,1,1,0.2891833405225125,0.3366903231211763,0.3129368318218444
groundmore/pFX4CC5UiOY_0705_0715/3__exp6/6,groundmore,test,pFX4CC5UiOY_0705_0715,3__exp6,6,sequential,Who does the man in blue shorts accelerate past after dribbling the ball?,1,opg_no_monotonic,ensemble,1,2,1,1,1,0.2891833405225125,0.3366903231211763,0.3129368318218444
groundmore/pFX4CC5UiOY_0705_0715/3__exp6/6,groundmore,test,pFX4CC5UiOY_0705_0715,3__exp6,6,sequential,Who does the man in blue shorts accelerate past after dribbling the ball?,1,opg_no_monotonic,11,1,2,1,1,1,0.2891833405225125,0.3366903231211763,0.3129368318218444
groundmore/pFX4CC5UiOY_0705_0715/3__exp6/6,groundmore,test,pFX4CC5UiOY_0705_0715,3__exp6,6,sequential,Who does the man in blue shorts accelerate past after dribbling the ball?,1,opg_no_monotonic,23,1,2,1,1,1,0.2891833405225125,0.3366903231211763,0.3129368318218444
groundmore/pFX4CC5UiOY_0705_0715/3__exp6/6,groundmore,test,pFX4CC5UiOY_0705_0715,3__exp6,6,sequential,Who does the man in blue shorts accelerate past after dribbling the ball?,1,opg_no_monotonic,42,1,2,1,1,1,0.2891833405225125,0.3366903231211763,0.3129368318218444
groundmore/pFX4CC5UiOY_0705_0715/3__exp6/6,groundmore,test,pFX4CC5UiOY_0705_0715,3__exp6,6,sequential,Who does the man in blue shorts accelerate past after dribbling the ball?,1,opg_no_order_loss,ensemble,1,2,1,1,1,0.2891833405225125,0.3366903231211763,0.3129368318218444
groundmore/pFX4CC5UiOY_0705_0715/3__exp6/6,groundmore,test,pFX4CC5UiOY_0705_0715,3__exp6,6,sequential,Who does the man in blue shorts accelerate past after dribbling the ball?,1,opg_no_order_loss,11,1,2,1,1,1,0.2891833405225125,0.3366903231211763,0.3129368318218444
groundmore/pFX4CC5UiOY_0705_0715/3__exp6/6,groundmore,test,pFX4CC5UiOY_0705_0715,3__exp6,6,sequential,Who does the man in blue shorts accelerate past after dribbling the ball?,1,opg_no_order_loss,23,1,2,1,1,1,0.2891833405225125,0.3366903231211763,0.3129368318218444
groundmore/pFX4CC5UiOY_0705_0715/3__exp6/6,groundmore,test,pFX4CC5UiOY_0705_0715,3__exp6,6,sequential,Who does the man in blue shorts accelerate past after dribbling the ball?,1,opg_no_order_loss,42,1,2,1,1,1,0.2891833405225125,0.3366903231211763,0.3129368318218444
groundmore/pFX4CC5UiOY_0705_0715/3__exp6/6,groundmore,test,pFX4CC5UiOY_0705_0715,3__exp6,6,sequential,Who does the man in blue shorts accelerate past after dribbling the ball?,1,opg_full,ensemble,1,2,1,1,1,0.2891833405225125,0.3366903231211763,0.3129368318218444
groundmore/pFX4CC5UiOY_0705_0715/3__exp6/6,groundmore,test,pFX4CC5UiOY_0705_0715,3__exp6,6,sequential,Who does the man in blue shorts accelerate past after dribbling the ball?,1,opg_full,11,1,2,1,1,1,0.2891833405225125,0.3366903231211763,0.3129368318218444
groundmore/pFX4CC5UiOY_0705_0715/3__exp6/6,groundmore,test,pFX4CC5UiOY_0705_0715,3__exp6,6,sequential,Who does the man in blue shorts accelerate past after dribbling the ball?,1,opg_full,23,1,2,1,1,1,0.2891833405225125,0.3366903231211763,0.3129368318218444
groundmore/pFX4CC5UiOY_0705_0715/3__exp6/6,groundmore,test,pFX4CC5UiOY_0705_0715,3__exp6,6,sequential,Who does the man in blue shorts accelerate past after dribbling the ball?,1,opg_full,42,1,2,1,1,1,0.2891833405225125,0.3366903231211763,0.3129368318218444
groundmore/pFX4CC5UiOY_0743_0753/1__exp3/3,groundmore,test,pFX4CC5UiOY_0743_0753,1__exp3,3,sequential,Who loses the ball after moving towards the basketball hoop?,1,mean_pool,ensemble,1,2,1,0,0,0.35,0.35,0.35
groundmore/pFX4CC5UiOY_0743_0753/1__exp3/3,groundmore,test,pFX4CC5UiOY_0743_0753,1__exp3,3,sequential,Who loses the ball after moving towards the basketball hoop?,1,mean_pool,11,1,2,1,0,0,0.35,0.35,0.35
groundmore/pFX4CC5UiOY_0743_0753/1__exp3/3,groundmore,test,pFX4CC5UiOY_0743_0753,1__exp3,3,sequential,Who loses the ball after moving towards the basketball hoop?,1,mean_pool,23,1,2,1,0,0,0.35,0.35,0.35
groundmore/pFX4CC5UiOY_0743_0753/1__exp3/3,groundmore,test,pFX4CC5UiOY_0743_0753,1__exp3,3,sequential,Who loses the ball after moving towards the basketball hoop?,1,mean_pool,42,1,2,1,0,0,0.35,0.35,0.35
groundmore/pFX4CC5UiOY_0743_0753/1__exp3/3,groundmore,test,pFX4CC5UiOY_0743_0753,1__exp3,3,sequential,Who loses the ball after moving towards the basketball hoop?,1,opg_no_monotonic,ensemble,1,2,1,0,0,0.35,0.35,0.35
groundmore/pFX4CC5UiOY_0743_0753/1__exp3/3,groundmore,test,pFX4CC5UiOY_0743_0753,1__exp3,3,sequential,Who loses the ball after moving towards the basketball hoop?,1,opg_no_monotonic,11,1,2,1,0,0,0.35,0.35,0.35
groundmore/pFX4CC5UiOY_0743_0753/1__exp3/3,groundmore,test,pFX4CC5UiOY_0743_0753,1__exp3,3,sequential,Who loses the ball after moving towards the basketball hoop?,1,opg_no_monotonic,23,1,2,1,0,0,0.35,0.35,0.35
groundmore/pFX4CC5UiOY_0743_0753/1__exp3/3,groundmore,test,pFX4CC5UiOY_0743_0753,1__exp3,3,sequential,Who loses the ball after moving towards the basketball hoop?,1,opg_no_monotonic,42,1,2,1,0,0,0.35,0.35,0.35
groundmore/pFX4CC5UiOY_0743_0753/1__exp3/3,groundmore,test,pFX4CC5UiOY_0743_0753,1__exp3,3,sequential,Who loses the ball after moving towards the basketball hoop?,1,opg_no_order_loss,ensemble,1,2,1,0,0,0.35,0.35,0.35
groundmore/pFX4CC5UiOY_0743_0753/1__exp3/3,groundmore,test,pFX4CC5UiOY_0743_0753,1__exp3,3,sequential,Who loses the ball after moving towards the basketball hoop?,1,opg_no_order_loss,11,1,2,1,0,0,0.35,0.35,0.35
groundmore/pFX4CC5UiOY_0743_0753/1__exp3/3,groundmore,test,pFX4CC5UiOY_0743_0753,1__exp3,3,sequential,Who loses the ball after moving towards the basketball hoop?,1,opg_no_order_loss,23,1,2,1,0,0,0.35,0.35,0.35
groundmore/pFX4CC5UiOY_0743_0753/1__exp3/3,groundmore,test,pFX4CC5UiOY_0743_0753,1__exp3,3,sequential,Who loses the ball after moving towards the basketball hoop?,1,opg_no_order_loss,42,1,2,1,0,0,0.35,0.35,0.35
groundmore/pFX4CC5UiOY_0743_0753/1__exp3/3,groundmore,test,pFX4CC5UiOY_0743_0753,1__exp3,3,sequential,Who loses the ball after moving towards the basketball hoop?,1,opg_full,ensemble,1,2,1,0,0,0.35,0.35,0.35
groundmore/pFX4CC5UiOY_0743_0753/1__exp3/3,groundmore,test,pFX4CC5UiOY_0743_0753,1__exp3,3,sequential,Who loses the ball after moving towards the basketball hoop?,1,opg_full,11,1,2,1,0,0,0.35,0.35,0.35
groundmore/pFX4CC5UiOY_0743_0753/1__exp3/3,groundmore,test,pFX4CC5UiOY_0743_0753,1__exp3,3,sequential,Who loses the ball after moving towards the basketball hoop?,1,opg_full,23,1,2,1,0,0,0.35,0.35,0.35
groundmore/pFX4CC5UiOY_0743_0753/1__exp3/3,groundmore,test,pFX4CC5UiOY_0743_0753,1__exp3,3,sequential,Who loses the ball after moving towards the basketball hoop?,1,opg_full,42,1,2,1,0,0,0.35,0.35,0.35
groundmore/pFX4CC5UiOY_0743_0753/2__exp4/4,groundmore,test,pFX4CC5UiOY_0743_0753,2__exp4,4,sequential,What does the man wearing the grey shirt lose after moving towards the basketball hoop?,1,mean_pool,ensemble,0,0,,,0,0.0,0.0,0.0
groundmore/pFX4CC5UiOY_0743_0753/2__exp4/4,groundmore,test,pFX4CC5UiOY_0743_0753,2__exp4,4,sequential,What does the man wearing the grey shirt lose after moving towards the basketball hoop?,1,opg_no_monotonic,ensemble,0,0,,,0,0.0,0.0,0.0
groundmore/pFX4CC5UiOY_0743_0753/2__exp4/4,groundmore,test,pFX4CC5UiOY_0743_0753,2__exp4,4,sequential,What does the man wearing the grey shirt lose after moving towards the basketball hoop?,1,opg_no_order_loss,ensemble,0,0,,,0,0.0,0.0,0.0
groundmore/pFX4CC5UiOY_0743_0753/2__exp4/4,groundmore,test,pFX4CC5UiOY_0743_0753,2__exp4,4,sequential,What does the man wearing the grey shirt lose after moving towards the basketball hoop?,1,opg_full,ensemble,0,0,,,0,0.0,0.0,0.0
groundmore/pFX4CC5UiOY_0832_0846/1__exp3/3,groundmore,test,pFX4CC5UiOY_0832_0846,1__exp3,3,sequential,Who speeds past the man in the grey shirt after the man in the grey shirt guards him?,1,mean_pool,ensemble,0,0,,,0,0.0,0.0,0.0
groundmore/pFX4CC5UiOY_0832_0846/1__exp3/3,groundmore,test,pFX4CC5UiOY_0832_0846,1__exp3,3,sequential,Who speeds past the man in the grey shirt after the man in the grey shirt guards him?,1,opg_no_monotonic,ensemble,0,0,,,0,0.0,0.0,0.0
groundmore/pFX4CC5UiOY_0832_0846/1__exp3/3,groundmore,test,pFX4CC5UiOY_0832_0846,1__exp3,3,sequential,Who speeds past the man in the grey shirt after the man in the grey shirt guards him?,1,opg_no_order_loss,ensemble,0,0,,,0,0.0,0.0,0.0
groundmore/pFX4CC5UiOY_0832_0846/1__exp3/3,groundmore,test,pFX4CC5UiOY_0832_0846,1__exp3,3,sequential,Who speeds past the man in the grey shirt after the man in the grey shirt guards him?,1,opg_full,ensemble,0,0,,,0,0.0,0.0,0.0
groundmore/pFX4CC5UiOY_0832_0846/3__exp4/4,groundmore,test,pFX4CC5UiOY_0832_0846,3__exp4,4,sequential,Who does the man in the blue shorts speed past after being guarded?,1,mean_pool,ensemble,1,4,3,2,0,0.15,0.15,0.15
groundmore/pFX4CC5UiOY_0832_0846/3__exp4/4,groundmore,test,pFX4CC5UiOY_0832_0846,3__exp4,4,sequential,Who does the man in the blue shorts speed past after being guarded?,1,mean_pool,11,1,4,3,2,0,0.15,0.15,0.15
groundmore/pFX4CC5UiOY_0832_0846/3__exp4/4,groundmore,test,pFX4CC5UiOY_0832_0846,3__exp4,4,sequential,Who does the man in the blue shorts speed past after being guarded?,1,mean_pool,23,1,4,3,2,0,0.15,0.15,0.15
groundmore/pFX4CC5UiOY_0832_0846/3__exp4/4,groundmore,test,pFX4CC5UiOY_0832_0846,3__exp4,4,sequential,Who does the man in the blue shorts speed past after being guarded?,1,mean_pool,42,1,4,3,2,0,0.15,0.15,0.15
groundmore/pFX4CC5UiOY_0832_0846/3__exp4/4,groundmore,test,pFX4CC5UiOY_0832_0846,3__exp4,4,sequential,Who does the man in the blue shorts speed past after being guarded?,1,opg_no_monotonic,ensemble,1,4,3,2,0,0.15,0.15,0.15
groundmore/pFX4CC5UiOY_0832_0846/3__exp4/4,groundmore,test,pFX4CC5UiOY_0832_0846,3__exp4,4,sequential,Who does the man in the blue shorts speed past after being guarded?,1,opg_no_monotonic,11,1,4,3,2,0,0.15,0.15,0.15
groundmore/pFX4CC5UiOY_0832_0846/3__exp4/4,groundmore,test,pFX4CC5UiOY_0832_0846,3__exp4,4,sequential,Who does the man in the blue shorts speed past after being guarded?,1,opg_no_monotonic,23,1,4,3,2,0,0.15,0.15,0.15
groundmore/pFX4CC5UiOY_0832_0846/3__exp4/4,groundmore,test,pFX4CC5UiOY_0832_0846,3__exp4,4,sequential,Who does the man in the blue shorts speed past after being guarded?,1,opg_no_monotonic,42,1,4,3,2,0,0.15,0.15,0.15
groundmore/pFX4CC5UiOY_0832_0846/3__exp4/4,groundmore,test,pFX4CC5UiOY_0832_0846,3__exp4,4,sequential,Who does the man in the blue shorts speed past after being guarded?,1,opg_no_order_loss,ensemble,1,4,3,2,0,0.15,0.15,0.15
groundmore/pFX4CC5UiOY_0832_0846/3__exp4/4,groundmore,test,pFX4CC5UiOY_0832_0846,3__exp4,4,sequential,Who does the man in the blue shorts speed past after being guarded?,1,opg_no_order_loss,11,1,4,3,2,0,0.15,0.15,0.15
groundmore/pFX4CC5UiOY_0832_0846/3__exp4/4,groundmore,test,pFX4CC5UiOY_0832_0846,3__exp4,4,sequential,Who does the man in the blue shorts speed past after being guarded?,1,opg_no_order_loss,23,1,4,3,2,0,0.15,0.15,0.15
groundmore/pFX4CC5UiOY_0832_0846/3__exp4/4,groundmore,test,pFX4CC5UiOY_0832_0846,3__exp4,4,sequential,Who does the man in the blue shorts speed past after being guarded?,1,opg_no_order_loss,42,1,4,3,2,0,0.15,0.15,0.15
groundmore/pFX4CC5UiOY_0832_0846/3__exp4/4,groundmore,test,pFX4CC5UiOY_0832_0846,3__exp4,4,sequential,Who does the man in the blue shorts speed past after being guarded?,1,opg_full,ensemble,1,4,3,2,0,0.15,0.15,0.15
groundmore/pFX4CC5UiOY_0832_0846/3__exp4/4,groundmore,test,pFX4CC5UiOY_0832_0846,3__exp4,4,sequential,Who does the man in the blue shorts speed past after being guarded?,1,opg_full,11,1,4,3,2,0,0.15,0.15,0.15
groundmore/pFX4CC5UiOY_0832_0846/3__exp4/4,groundmore,test,pFX4CC5UiOY_0832_0846,3__exp4,4,sequential,Who does the man in the blue shorts speed past after being guarded?,1,opg_full,23,1,4,3,2,0,0.15,0.15,0.15
groundmore/pFX4CC5UiOY_0832_0846/3__exp4/4,groundmore,test,pFX4CC5UiOY_0832_0846,3__exp4,4,sequential,Who does the man in the blue shorts speed past after being guarded?,1,opg_full,42,1,4,3,2,0,0.15,0.15,0.15
groundmore/pFX4CC5UiOY_0915_0925/1__exp1/1,groundmore,test,pFX4CC5UiOY_0915_0925,1__exp1,1,sequential,Who dribbles the basketball before attempting to shoot a three point shot?,1,mean_pool,ensemble,0,0,,,0,0.0,0.0,0.0
groundmore/pFX4CC5UiOY_0915_0925/1__exp1/1,groundmore,test,pFX4CC5UiOY_0915_0925,1__exp1,1,sequential,Who dribbles the basketball before attempting to shoot a three point shot?,1,opg_no_monotonic,ensemble,0,0,,,0,0.0,0.0,0.0
groundmore/pFX4CC5UiOY_0915_0925/1__exp1/1,groundmore,test,pFX4CC5UiOY_0915_0925,1__exp1,1,sequential,Who dribbles the basketball before attempting to shoot a three point shot?,1,opg_no_order_loss,ensemble,0,0,,,0,0.0,0.0,0.0
groundmore/pFX4CC5UiOY_0915_0925/1__exp1/1,groundmore,test,pFX4CC5UiOY_0915_0925,1__exp1,1,sequential,Who dribbles the basketball before attempting to shoot a three point shot?,1,opg_full,ensemble,0,0,,,0,0.0,0.0,0.0
groundmore/pFX4CC5UiOY_0915_0925/2__exp10/10,groundmore,test,pFX4CC5UiOY_0915_0925,2__exp10,10,sequential,What does the man in the blue shorts secure after the man in the grey shirt fails to score a point?,1,mean_pool,ensemble,0,0,,,0,0.0,0.0,0.0
groundmore/pFX4CC5UiOY_0915_0925/2__exp10/10,groundmore,test,pFX4CC5UiOY_0915_0925,2__exp10,10,sequential,What does the man in the blue shorts secure after the man in the grey shirt fails to score a point?,1,opg_no_monotonic,ensemble,0,0,,,0,0.0,0.0,0.0
groundmore/pFX4CC5UiOY_0915_0925/2__exp10/10,groundmore,test,pFX4CC5UiOY_0915_0925,2__exp10,10,sequential,What does the man in the blue shorts secure after the man in the grey shirt fails to score a point?,1,opg_no_order_loss,ensemble,0,0,,,0,0.0,0.0,0.0
groundmore/pFX4CC5UiOY_0915_0925/2__exp10/10,groundmore,test,pFX4CC5UiOY_0915_0925,2__exp10,10,sequential,What does the man in the blue shorts secure after the man in the grey shirt fails to score a point?,1,opg_full,ensemble,0,0,,,0,0.0,0.0,0.0
groundmore/pFX4CC5UiOY_0915_0925/2__exp14/14,groundmore,test,pFX4CC5UiOY_0915_0925,2__exp14,14,sequential,What does the man in the blue shorts take control of after it bounces off the backboard of the hoop?,1,mean_pool,ensemble,0,0,,,0,0.0,0.0,0.0
groundmore/pFX4CC5UiOY_0915_0925/2__exp14/14,groundmore,test,pFX4CC5UiOY_0915_0925,2__exp14,14,sequential,What does the man in the blue shorts take control of after it bounces off the backboard of the hoop?,1,opg_no_monotonic,ensemble,0,0,,,0,0.0,0.0,0.0
groundmore/pFX4CC5UiOY_0915_0925/2__exp14/14,groundmore,test,pFX4CC5UiOY_0915_0925,2__exp14,14,sequential,What does the man in the blue shorts take control of after it bounces off the backboard of the hoop?,1,opg_no_order_loss,ensemble,0,0,,,0,0.0,0.0,0.0
groundmore/pFX4CC5UiOY_0915_0925/2__exp14/14,groundmore,test,pFX4CC5UiOY_0915_0925,2__exp14,14,sequential,What does the man in the blue shorts take control of after it bounces off the backboard of the hoop?,1,opg_full,ensemble,0,0,,,0,0.0,0.0,0.0
groundmore/pFX4CC5UiOY_0915_0925/2__exp2/2,groundmore,test,pFX4CC5UiOY_0915_0925,2__exp2,2,sequential,What does the man in the grey shirt dribble before attempting to shoot a three point shot?,1,mean_pool,ensemble,0,0,,,0,0.0,0.0,0.0
groundmore/pFX4CC5UiOY_0915_0925/2__exp2/2,groundmore,test,pFX4CC5UiOY_0915_0925,2__exp2,2,sequential,What does the man in the grey shirt dribble before attempting to shoot a three point shot?,1,opg_no_monotonic,ensemble,0,0,,,0,0.0,0.0,0.0
groundmore/pFX4CC5UiOY_0915_0925/2__exp2/2,groundmore,test,pFX4CC5UiOY_0915_0925,2__exp2,2,sequential,What does the man in the grey shirt dribble before attempting to shoot a three point shot?,1,opg_no_order_loss,ensemble,0,0,,,0,0.0,0.0,0.0
groundmore/pFX4CC5UiOY_0915_0925/2__exp2/2,groundmore,test,pFX4CC5UiOY_0915_0925,2__exp2,2,sequential,What does the man in the grey shirt dribble before attempting to shoot a three point shot?,1,opg_full,ensemble,0,0,,,0,0.0,0.0,0.0
groundmore/pFX4CC5UiOY_0915_0925/3__exp13/13,groundmore,test,pFX4CC5UiOY_0915_0925,3__exp13,13,sequential,Who takes control of the ball after the ball bounces off the backboard of the hoop?,1,mean_pool,ensemble,0,0,,,0,0.0,0.0,0.0
groundmore/pFX4CC5UiOY_0915_0925/3__exp13/13,groundmore,test,pFX4CC5UiOY_0915_0925,3__exp13,13,sequential,Who takes control of the ball after the ball bounces off the backboard of the hoop?,1,opg_no_monotonic,ensemble,0,0,,,0,0.0,0.0,0.0
groundmore/pFX4CC5UiOY_0915_0925/3__exp13/13,groundmore,test,pFX4CC5UiOY_0915_0925,3__exp13,13,sequential,Who takes control of the ball after the ball bounces off the backboard of the hoop?,1,opg_no_order_loss,ensemble,0,0,,,0,0.0,0.0,0.0
groundmore/pFX4CC5UiOY_0915_0925/3__exp13/13,groundmore,test,pFX4CC5UiOY_0915_0925,3__exp13,13,sequential,Who takes control of the ball after the ball bounces off the backboard of the hoop?,1,opg_full,ensemble,0,0,,,0,0.0,0.0,0.0
groundmore/pFX4CC5UiOY_0915_0925/3__exp9/9,groundmore,test,pFX4CC5UiOY_0915_0925,3__exp9,9,sequential,Who secures the ball after the man in the grey shirt fails to score a point?,1,mean_pool,ensemble,0,0,,,0,0.0,0.0,0.0
groundmore/pFX4CC5UiOY_0915_0925/3__exp9/9,groundmore,test,pFX4CC5UiOY_0915_0925,3__exp9,9,sequential,Who secures the ball after the man in the grey shirt fails to score a point?,1,opg_no_monotonic,ensemble,0,0,,,0,0.0,0.0,0.0
groundmore/pFX4CC5UiOY_0915_0925/3__exp9/9,groundmore,test,pFX4CC5UiOY_0915_0925,3__exp9,9,sequential,Who secures the ball after the man in the grey shirt fails to score a point?,1,opg_no_order_loss,ensemble,0,0,,,0,0.0,0.0,0.0
groundmore/pFX4CC5UiOY_0915_0925/3__exp9/9,groundmore,test,pFX4CC5UiOY_0915_0925,3__exp9,9,sequential,Who secures the ball after the man in the grey shirt fails to score a point?,1,opg_full,ensemble,0,0,,,0,0.0,0.0,0.0
groundmore/pFX4CC5UiOY_0929_0939/1__exp1/1,groundmore,test,pFX4CC5UiOY_0929_0939,1__exp1,1,sequential,Who does tricks with the basketball before shooting it?,1,mean_pool,ensemble,0,1,0,0,0,0.0025193538353281654,0.013311685527066444,0.007915519681197304
groundmore/pFX4CC5UiOY_0929_0939/1__exp1/1,groundmore,test,pFX4CC5UiOY_0929_0939,1__exp1,1,sequential,Who does tricks with the basketball before shooting it?,1,mean_pool,11,0,1,0,0,0,0.0025193538353281654,0.013311685527066444,0.007915519681197304
groundmore/pFX4CC5UiOY_0929_0939/1__exp1/1,groundmore,test,pFX4CC5UiOY_0929_0939,1__exp1,1,sequential,Who does tricks with the basketball before shooting it?,1,mean_pool,23,0,1,0,0,0,0.0025193538353281654,0.013311685527066444,0.007915519681197304
groundmore/pFX4CC5UiOY_0929_0939/1__exp1/1,groundmore,test,pFX4CC5UiOY_0929_0939,1__exp1,1,sequential,Who does tricks with the basketball before shooting it?,1,mean_pool,42,0,1,0,0,0,0.0025193538353281654,0.013311685527066444,0.007915519681197304
groundmore/pFX4CC5UiOY_0929_0939/1__exp1/1,groundmore,test,pFX4CC5UiOY_0929_0939,1__exp1,1,sequential,Who does tricks with the basketball before shooting it?,1,opg_no_monotonic,ensemble,0,1,0,0,0,0.0025193538353281654,0.013311685527066444,0.007915519681197304
groundmore/pFX4CC5UiOY_0929_0939/1__exp1/1,groundmore,test,pFX4CC5UiOY_0929_0939,1__exp1,1,sequential,Who does tricks with the basketball before shooting it?,1,opg_no_monotonic,11,0,1,0,0,0,0.0025193538353281654,0.013311685527066444,0.007915519681197304
groundmore/pFX4CC5UiOY_0929_0939/1__exp1/1,groundmore,test,pFX4CC5UiOY_0929_0939,1__exp1,1,sequential,Who does tricks with the basketball before shooting it?,1,opg_no_monotonic,23,0,1,0,0,0,0.0025193538353281654,0.013311685527066444,0.007915519681197304
groundmore/pFX4CC5UiOY_0929_0939/1__exp1/1,groundmore,test,pFX4CC5UiOY_0929_0939,1__exp1,1,sequential,Who does tricks with the basketball before shooting it?,1,opg_no_monotonic,42,0,1,0,0,0,0.0025193538353281654,0.013311685527066444,0.007915519681197304
groundmore/pFX4CC5UiOY_0929_0939/1__exp1/1,groundmore,test,pFX4CC5UiOY_0929_0939,1__exp1,1,sequential,Who does tricks with the basketball before shooting it?,1,opg_no_order_loss,ensemble,0,1,0,0,0,0.0025193538353281654,0.013311685527066444,0.007915519681197304
groundmore/pFX4CC5UiOY_0929_0939/1__exp1/1,groundmore,test,pFX4CC5UiOY_0929_0939,1__exp1,1,sequential,Who does tricks with the basketball before shooting it?,1,opg_no_order_loss,11,0,1,0,0,0,0.0025193538353281654,0.013311685527066444,0.007915519681197304
groundmore/pFX4CC5UiOY_0929_0939/1__exp1/1,groundmore,test,pFX4CC5UiOY_0929_0939,1__exp1,1,sequential,Who does tricks with the basketball before shooting it?,1,opg_no_order_loss,23,0,1,0,0,0,0.0025193538353281654,0.013311685527066444,0.007915519681197304
groundmore/pFX4CC5UiOY_0929_0939/1__exp1/1,groundmore,test,pFX4CC5UiOY_0929_0939,1__exp1,1,sequential,Who does tricks with the basketball before shooting it?,1,opg_no_order_loss,42,0,1,0,0,0,0.0025193538353281654,0.013311685527066444,0.007915519681197304
groundmore/pFX4CC5UiOY_0929_0939/1__exp1/1,groundmore,test,pFX4CC5UiOY_0929_0939,1__exp1,1,sequential,Who does tricks with the basketball before shooting it?,1,opg_full,ensemble,0,1,0,0,0,0.0025193538353281654,0.013311685527066444,0.007915519681197304
groundmore/pFX4CC5UiOY_0929_0939/1__exp1/1,groundmore,test,pFX4CC5UiOY_0929_0939,1__exp1,1,sequential,Who does tricks with the basketball before shooting it?,1,opg_full,11,0,1,0,0,0,0.0025193538353281654,0.013311685527066444,0.007915519681197304
groundmore/pFX4CC5UiOY_0929_0939/1__exp1/1,groundmore,test,pFX4CC5UiOY_0929_0939,1__exp1,1,sequential,Who does tricks with the basketball before shooting it?,1,opg_full,23,0,1,0,0,0,0.0025193538353281654,0.013311685527066444,0.007915519681197304
groundmore/pFX4CC5UiOY_0929_0939/1__exp1/1,groundmore,test,pFX4CC5UiOY_0929_0939,1__exp1,1,sequential,Who does tricks with the basketball before shooting it?,1,opg_full,42,0,1,0,0,0,0.0025193538353281654,0.013311685527066444,0.007915519681197304
groundmore/pFX4CC5UiOY_0929_0939/2__exp2/2,groundmore,test,pFX4CC5UiOY_0929_0939,2__exp2,2,sequential,What does the man in the blue shorts do tricks with before shooting it?,1,mean_pool,ensemble,0,0,,,0,0.0,0.0,0.0
groundmore/pFX4CC5UiOY_0929_0939/2__exp2/2,groundmore,test,pFX4CC5UiOY_0929_0939,2__exp2,2,sequential,What does the man in the blue shorts do tricks with before shooting it?,1,opg_no_monotonic,ensemble,0,0,,,0,0.0,0.0,0.0
groundmore/pFX4CC5UiOY_0929_0939/2__exp2/2,groundmore,test,pFX4CC5UiOY_0929_0939,2__exp2,2,sequential,What does the man in the blue shorts do tricks with before shooting it?,1,opg_no_order_loss,ensemble,0,0,,,0,0.0,0.0,0.0
groundmore/pFX4CC5UiOY_0929_0939/2__exp2/2,groundmore,test,pFX4CC5UiOY_0929_0939,2__exp2,2,sequential,What does the man in the blue shorts do tricks with before shooting it?,1,opg_full,ensemble,0,0,,,0,0.0,0.0,0.0
groundmore/pFX4CC5UiOY_0945_1000/1__exp12/12,groundmore,test,pFX4CC5UiOY_0945_1000,1__exp12,12,sequential,From whom does the man in the blue shorts steal the ball after the man in the grey shirt moves towards the man in the blue shorts?,1,mean_pool,ensemble,0,0,,,0,0.0,0.0,0.0
groundmore/pFX4CC5UiOY_0945_1000/1__exp12/12,groundmore,test,pFX4CC5UiOY_0945_1000,1__exp12,12,sequential,From whom does the man in the blue shorts steal the ball after the man in the grey shirt moves towards the man in the blue shorts?,1,opg_no_monotonic,ensemble,0,0,,,0,0.0,0.0,0.0
groundmore/pFX4CC5UiOY_0945_1000/1__exp12/12,groundmore,test,pFX4CC5UiOY_0945_1000,1__exp12,12,sequential,From whom does the man in the blue shorts steal the ball after the man in the grey shirt moves towards the man in the blue shorts?,1,opg_no_order_loss,ensemble,0,0,,,0,0.0,0.0,0.0
groundmore/pFX4CC5UiOY_0945_1000/1__exp12/12,groundmore,test,pFX4CC5UiOY_0945_1000,1__exp12,12,sequential,From whom does the man in the blue shorts steal the ball after the man in the grey shirt moves towards the man in the blue shorts?,1,opg_full,ensemble,0,0,,,0,0.0,0.0,0.0
groundmore/pFX4CC5UiOY_0945_1000/2__exp13/13,groundmore,test,pFX4CC5UiOY_0945_1000,2__exp13,13,sequential,What does the man in the blue shorts steal from the man wearing the grey shirt after the man wearing the grey shirt moves towards him?,1,mean_pool,ensemble,0,0,,,0,0.0,0.0,0.0
groundmore/pFX4CC5UiOY_0945_1000/2__exp13/13,groundmore,test,pFX4CC5UiOY_0945_1000,2__exp13,13,sequential,What does the man in the blue shorts steal from the man wearing the grey shirt after the man wearing the grey shirt moves towards him?,1,opg_no_monotonic,ensemble,0,0,,,0,0.0,0.0,0.0
groundmore/pFX4CC5UiOY_0945_1000/2__exp13/13,groundmore,test,pFX4CC5UiOY_0945_1000,2__exp13,13,sequential,What does the man in the blue shorts steal from the man wearing the grey shirt after the man wearing the grey shirt moves towards him?,1,opg_no_order_loss,ensemble,0,0,,,0,0.0,0.0,0.0
groundmore/pFX4CC5UiOY_0945_1000/2__exp13/13,groundmore,test,pFX4CC5UiOY_0945_1000,2__exp13,13,sequential,What does the man in the blue shorts steal from the man wearing the grey shirt after the man wearing the grey shirt moves towards him?,1,opg_full,ensemble,0,0,,,0,0.0,0.0,0.0
groundmore/pFX4CC5UiOY_0945_1000/3__exp11/11,groundmore,test,pFX4CC5UiOY_0945_1000,3__exp11,11,sequential,Who steals the ball from the man wearing the grey shirt after the man wearing the grey shirt moves towards him?,1,mean_pool,ensemble,0,0,,,0,0.0,0.0,0.0
groundmore/pFX4CC5UiOY_0945_1000/3__exp11/11,groundmore,test,pFX4CC5UiOY_0945_1000,3__exp11,11,sequential,Who steals the ball from the man wearing the grey shirt after the man wearing the grey shirt moves towards him?,1,opg_no_monotonic,ensemble,0,0,,,0,0.0,0.0,0.0
groundmore/pFX4CC5UiOY_0945_1000/3__exp11/11,groundmore,test,pFX4CC5UiOY_0945_1000,3__exp11,11,sequential,Who steals the ball from the man wearing the grey shirt after the man wearing the grey shirt moves towards him?,1,opg_no_order_loss,ensemble,0,0,,,0,0.0,0.0,0.0
groundmore/pFX4CC5UiOY_0945_1000/3__exp11/11,groundmore,test,pFX4CC5UiOY_0945_1000,3__exp11,11,sequential,Who steals the ball from the man wearing the grey shirt after the man wearing the grey shirt moves towards him?,1,opg_full,ensemble,0,0,,,0,0.0,0.0,0.0
groundmore/pFX4CC5UiOY_1048_1058/1__exp1/1,groundmore,test,pFX4CC5UiOY_1048_1058,1__exp1,1,sequential,Who approaches the free throw line before shooting the ball?,1,mean_pool,ensemble,0,0,,,0,0.0,0.0,0.0
groundmore/pFX4CC5UiOY_1048_1058/1__exp1/1,groundmore,test,pFX4CC5UiOY_1048_1058,1__exp1,1,sequential,Who approaches the free throw line before shooting the ball?,1,opg_no_monotonic,ensemble,0,0,,,0,0.0,0.0,0.0
groundmore/pFX4CC5UiOY_1048_1058/1__exp1/1,groundmore,test,pFX4CC5UiOY_1048_1058,1__exp1,1,sequential,Who approaches the free throw line before shooting the ball?,1,opg_no_order_loss,ensemble,0,0,,,0,0.0,0.0,0.0
groundmore/pFX4CC5UiOY_1048_1058/1__exp1/1,groundmore,test,pFX4CC5UiOY_1048_1058,1__exp1,1,sequential,Who approaches the free throw line before shooting the ball?,1,opg_full,ensemble,0,0,,,0,0.0,0.0,0.0
groundmore/pFX4CC5UiOY_1048_1058/1__exp5/5,groundmore,test,pFX4CC5UiOY_1048_1058,1__exp5,5,sequential,Who shoots the ball after the man in the grey shirt passes him the ball?,1,mean_pool,ensemble,0,0,,,0,0.0,0.0,0.0
groundmore/pFX4CC5UiOY_1048_1058/1__exp5/5,groundmore,test,pFX4CC5UiOY_1048_1058,1__exp5,5,sequential,Who shoots the ball after the man in the grey shirt passes him the ball?,1,opg_no_monotonic,ensemble,0,0,,,0,0.0,0.0,0.0
groundmore/pFX4CC5UiOY_1048_1058/1__exp5/5,groundmore,test,pFX4CC5UiOY_1048_1058,1__exp5,5,sequential,Who shoots the ball after the man in the grey shirt passes him the ball?,1,opg_no_order_loss,ensemble,0,0,,,0,0.0,0.0,0.0
groundmore/pFX4CC5UiOY_1048_1058/1__exp5/5,groundmore,test,pFX4CC5UiOY_1048_1058,1__exp5,5,sequential,Who shoots the ball after the man in the grey shirt passes him the ball?,1,opg_full,ensemble,0,0,,,0,0.0,0.0,0.0
groundmore/pFX4CC5UiOY_1048_1058/2__exp2/2,groundmore,test,pFX4CC5UiOY_1048_1058,2__exp2,2,sequential,What does the man in blue shorts shoot after approaching the free throw line?,1,mean_pool,ensemble,0,2,0,1,0,0.1,0.1,0.1
groundmore/pFX4CC5UiOY_1048_1058/2__exp2/2,groundmore,test,pFX4CC5UiOY_1048_1058,2__exp2,2,sequential,What does the man in blue shorts shoot after approaching the free throw line?,1,mean_pool,11,0,2,0,1,0,0.1,0.1,0.1
groundmore/pFX4CC5UiOY_1048_1058/2__exp2/2,groundmore,test,pFX4CC5UiOY_1048_1058,2__exp2,2,sequential,What does the man in blue shorts shoot after approaching the free throw line?,1,mean_pool,23,0,2,0,1,0,0.1,0.1,0.1
groundmore/pFX4CC5UiOY_1048_1058/2__exp2/2,groundmore,test,pFX4CC5UiOY_1048_1058,2__exp2,2,sequential,What does the man in blue shorts shoot after approaching the free throw line?,1,mean_pool,42,0,2,0,1,0,0.1,0.1,0.1
groundmore/pFX4CC5UiOY_1048_1058/2__exp2/2,groundmore,test,pFX4CC5UiOY_1048_1058,2__exp2,2,sequential,What does the man in blue shorts shoot after approaching the free throw line?,1,opg_no_monotonic,ensemble,0,2,0,1,0,0.1,0.1,0.1
groundmore/pFX4CC5UiOY_1048_1058/2__exp2/2,groundmore,test,pFX4CC5UiOY_1048_1058,2__exp2,2,sequential,What does the man in blue shorts shoot after approaching the free throw line?,1,opg_no_monotonic,11,0,2,0,1,0,0.1,0.1,0.1
groundmore/pFX4CC5UiOY_1048_1058/2__exp2/2,groundmore,test,pFX4CC5UiOY_1048_1058,2__exp2,2,sequential,What does the man in blue shorts shoot after approaching the free throw line?,1,opg_no_monotonic,23,0,2,0,1,0,0.1,0.1,0.1
groundmore/pFX4CC5UiOY_1048_1058/2__exp2/2,groundmore,test,pFX4CC5UiOY_1048_1058,2__exp2,2,sequential,What does the man in blue shorts shoot after approaching the free throw line?,1,opg_no_monotonic,42,0,2,0,1,0,0.1,0.1,0.1
groundmore/pFX4CC5UiOY_1048_1058/2__exp2/2,groundmore,test,pFX4CC5UiOY_1048_1058,2__exp2,2,sequential,What does the man in blue shorts shoot after approaching the free throw line?,1,opg_no_order_loss,ensemble,0,2,0,1,0,0.1,0.1,0.1
groundmore/pFX4CC5UiOY_1048_1058/2__exp2/2,groundmore,test,pFX4CC5UiOY_1048_1058,2__exp2,2,sequential,What does the man in blue shorts shoot after approaching the free throw line?,1,opg_no_order_loss,11,0,2,0,1,0,0.1,0.1,0.1
groundmore/pFX4CC5UiOY_1048_1058/2__exp2/2,groundmore,test,pFX4CC5UiOY_1048_1058,2__exp2,2,sequential,What does the man in blue shorts shoot after approaching the free throw line?,1,opg_no_order_loss,23,0,2,0,1,0,0.1,0.1,0.1
groundmore/pFX4CC5UiOY_1048_1058/2__exp2/2,groundmore,test,pFX4CC5UiOY_1048_1058,2__exp2,2,sequential,What does the man in blue shorts shoot after approaching the free throw line?,1,opg_no_order_loss,42,0,2,0,1,0,0.1,0.1,0.1
groundmore/pFX4CC5UiOY_1048_1058/2__exp2/2,groundmore,test,pFX4CC5UiOY_1048_1058,2__exp2,2,sequential,What does the man in blue shorts shoot after approaching the free throw line?,1,opg_full,ensemble,0,2,0,1,0,0.1,0.1,0.1
groundmore/pFX4CC5UiOY_1048_1058/2__exp2/2,groundmore,test,pFX4CC5UiOY_1048_1058,2__exp2,2,sequential,What does the man in blue shorts shoot after approaching the free throw line?,1,opg_full,11,0,2,0,1,0,0.1,0.1,0.1
groundmore/pFX4CC5UiOY_1048_1058/2__exp2/2,groundmore,test,pFX4CC5UiOY_1048_1058,2__exp2,2,sequential,What does the man in blue shorts shoot after approaching the free throw line?,1,opg_full,23,0,2,0,1,0,0.1,0.1,0.1
groundmore/pFX4CC5UiOY_1048_1058/2__exp2/2,groundmore,test,pFX4CC5UiOY_1048_1058,2__exp2,2,sequential,What does the man in blue shorts shoot after approaching the free throw line?,1,opg_full,42,0,2,0,1,0,0.1,0.1,0.1
groundmore/pFX4CC5UiOY_1048_1058/2__exp6/6,groundmore,test,pFX4CC5UiOY_1048_1058,2__exp6,6,sequential,What does the man in blue shorts shoot after the man in the grey shirt passes him the ball?,1,mean_pool,ensemble,0,0,,,0,0.0,0.0,0.0
groundmore/pFX4CC5UiOY_1048_1058/2__exp6/6,groundmore,test,pFX4CC5UiOY_1048_1058,2__exp6,6,sequential,What does the man in blue shorts shoot after the man in the grey shirt passes him the ball?,1,opg_no_monotonic,ensemble,0,0,,,0,0.0,0.0,0.0
groundmore/pFX4CC5UiOY_1048_1058/2__exp6/6,groundmore,test,pFX4CC5UiOY_1048_1058,2__exp6,6,sequential,What does the man in blue shorts shoot after the man in the grey shirt passes him the ball?,1,opg_no_order_loss,ensemble,0,0,,,0,0.0,0.0,0.0
groundmore/pFX4CC5UiOY_1048_1058/2__exp6/6,groundmore,test,pFX4CC5UiOY_1048_1058,2__exp6,6,sequential,What does the man in blue shorts shoot after the man in the grey shirt passes him the ball?,1,opg_full,ensemble,0,0,,,0,0.0,0.0,0.0
groundmore/pFX4CC5UiOY_1048_1058/3__exp7/7,groundmore,test,pFX4CC5UiOY_1048_1058,3__exp7,7,sequential,Who passes the ball to the man in blue shorts before he shoots the ball?,1,mean_pool,ensemble,0,0,,,0,0.0,0.0,0.0
groundmore/pFX4CC5UiOY_1048_1058/3__exp7/7,groundmore,test,pFX4CC5UiOY_1048_1058,3__exp7,7,sequential,Who passes the ball to the man in blue shorts before he shoots the ball?,1,opg_no_monotonic,ensemble,0,0,,,0,0.0,0.0,0.0
groundmore/pFX4CC5UiOY_1048_1058/3__exp7/7,groundmore,test,pFX4CC5UiOY_1048_1058,3__exp7,7,sequential,Who passes the ball to the man in blue shorts before he shoots the ball?,1,opg_no_order_loss,ensemble,0,0,,,0,0.0,0.0,0.0
groundmore/pFX4CC5UiOY_1048_1058/3__exp7/7,groundmore,test,pFX4CC5UiOY_1048_1058,3__exp7,7,sequential,Who passes the ball to the man in blue shorts before he shoots the ball?,1,opg_full,ensemble,0,0,,,0,0.0,0.0,0.0
groundmore/pFX4CC5UiOY_1100_1115/1__exp4/4,groundmore,test,pFX4CC5UiOY_1100_1115,1__exp4,4,sequential,Who bounces the ball before shooting the basketball?,1,mean_pool,ensemble,0,2,1,1,0,0.05,0.05,0.05
groundmore/pFX4CC5UiOY_1100_1115/1__exp4/4,groundmore,test,pFX4CC5UiOY_1100_1115,1__exp4,4,sequential,Who bounces the ball before shooting the basketball?,1,mean_pool,11,0,2,1,1,0,0.05,0.05,0.05
groundmore/pFX4CC5UiOY_1100_1115/1__exp4/4,groundmore,test,pFX4CC5UiOY_1100_1115,1__exp4,4,sequential,Who bounces the ball before shooting the basketball?,1,mean_pool,23,0,2,1,1,0,0.05,0.05,0.05
groundmore/pFX4CC5UiOY_1100_1115/1__exp4/4,groundmore,test,pFX4CC5UiOY_1100_1115,1__exp4,4,sequential,Who bounces the ball before shooting the basketball?,1,mean_pool,42,0,2,1,1,0,0.05,0.05,0.05
groundmore/pFX4CC5UiOY_1100_1115/1__exp4/4,groundmore,test,pFX4CC5UiOY_1100_1115,1__exp4,4,sequential,Who bounces the ball before shooting the basketball?,1,opg_no_monotonic,ensemble,0,2,1,1,0,0.05,0.05,0.05
groundmore/pFX4CC5UiOY_1100_1115/1__exp4/4,groundmore,test,pFX4CC5UiOY_1100_1115,1__exp4,4,sequential,Who bounces the ball before shooting the basketball?,1,opg_no_monotonic,11,0,2,1,1,0,0.05,0.05,0.05
groundmore/pFX4CC5UiOY_1100_1115/1__exp4/4,groundmore,test,pFX4CC5UiOY_1100_1115,1__exp4,4,sequential,Who bounces the ball before shooting the basketball?,1,opg_no_monotonic,23,0,2,1,1,0,0.05,0.05,0.05
groundmore/pFX4CC5UiOY_1100_1115/1__exp4/4,groundmore,test,pFX4CC5UiOY_1100_1115,1__exp4,4,sequential,Who bounces the ball before shooting the basketball?,1,opg_no_monotonic,42,0,2,1,1,0,0.05,0.05,0.05
groundmore/pFX4CC5UiOY_1100_1115/1__exp4/4,groundmore,test,pFX4CC5UiOY_1100_1115,1__exp4,4,sequential,Who bounces the ball before shooting the basketball?,1,opg_no_order_loss,ensemble,0,2,1,1,0,0.05,0.05,0.05
groundmore/pFX4CC5UiOY_1100_1115/1__exp4/4,groundmore,test,pFX4CC5UiOY_1100_1115,1__exp4,4,sequential,Who bounces the ball before shooting the basketball?,1,opg_no_order_loss,11,0,2,1,1,0,0.05,0.05,0.05
groundmore/pFX4CC5UiOY_1100_1115/1__exp4/4,groundmore,test,pFX4CC5UiOY_1100_1115,1__exp4,4,sequential,Who bounces the ball before shooting the basketball?,1,opg_no_order_loss,23,0,2,1,1,0,0.05,0.05,0.05
groundmore/pFX4CC5UiOY_1100_1115/1__exp4/4,groundmore,test,pFX4CC5UiOY_1100_1115,1__exp4,4,sequential,Who bounces the ball before shooting the basketball?,1,opg_no_order_loss,42,0,2,1,1,0,0.05,0.05,0.05
groundmore/pFX4CC5UiOY_1100_1115/1__exp4/4,groundmore,test,pFX4CC5UiOY_1100_1115,1__exp4,4,sequential,Who bounces the ball before shooting the basketball?,1,opg_full,ensemble,0,2,1,1,0,0.05,0.05,0.05
groundmore/pFX4CC5UiOY_1100_1115/1__exp4/4,groundmore,test,pFX4CC5UiOY_1100_1115,1__exp4,4,sequential,Who bounces the ball before shooting the basketball?,1,opg_full,11,0,2,1,1,0,0.05,0.05,0.05
groundmore/pFX4CC5UiOY_1100_1115/1__exp4/4,groundmore,test,pFX4CC5UiOY_1100_1115,1__exp4,4,sequential,Who bounces the ball before shooting the basketball?,1,opg_full,23,0,2,1,1,0,0.05,0.05,0.05
groundmore/pFX4CC5UiOY_1100_1115/1__exp4/4,groundmore,test,pFX4CC5UiOY_1100_1115,1__exp4,4,sequential,Who bounces the ball before shooting the basketball?,1,opg_full,42,0,2,1,1,0,0.05,0.05,0.05
groundmore/pFX4CC5UiOY_1100_1115/2__exp5/5,groundmore,test,pFX4CC5UiOY_1100_1115,2__exp5,5,sequential,What does the man in blue shorts bounce before he shoots the basketball?,1,mean_pool,ensemble,0,2,1,0,0,0.25,0.25,0.25
groundmore/pFX4CC5UiOY_1100_1115/2__exp5/5,groundmore,test,pFX4CC5UiOY_1100_1115,2__exp5,5,sequential,What does the man in blue shorts bounce before he shoots the basketball?,1,mean_pool,11,0,2,1,0,0,0.25,0.25,0.25
groundmore/pFX4CC5UiOY_1100_1115/2__exp5/5,groundmore,test,pFX4CC5UiOY_1100_1115,2__exp5,5,sequential,What does the man in blue shorts bounce before he shoots the basketball?,1,mean_pool,23,0,2,1,0,0,0.25,0.25,0.25
groundmore/pFX4CC5UiOY_1100_1115/2__exp5/5,groundmore,test,pFX4CC5UiOY_1100_1115,2__exp5,5,sequential,What does the man in blue shorts bounce before he shoots the basketball?,1,mean_pool,42,0,2,1,0,0,0.25,0.25,0.25
groundmore/pFX4CC5UiOY_1100_1115/2__exp5/5,groundmore,test,pFX4CC5UiOY_1100_1115,2__exp5,5,sequential,What does the man in blue shorts bounce before he shoots the basketball?,1,opg_no_monotonic,ensemble,0,2,1,0,0,0.25,0.25,0.25
groundmore/pFX4CC5UiOY_1100_1115/2__exp5/5,groundmore,test,pFX4CC5UiOY_1100_1115,2__exp5,5,sequential,What does the man in blue shorts bounce before he shoots the basketball?,1,opg_no_monotonic,11,0,2,1,0,0,0.25,0.25,0.25
groundmore/pFX4CC5UiOY_1100_1115/2__exp5/5,groundmore,test,pFX4CC5UiOY_1100_1115,2__exp5,5,sequential,What does the man in blue shorts bounce before he shoots the basketball?,1,opg_no_monotonic,23,0,2,1,0,0,0.25,0.25,0.25
groundmore/pFX4CC5UiOY_1100_1115/2__exp5/5,groundmore,test,pFX4CC5UiOY_1100_1115,2__exp5,5,sequential,What does the man in blue shorts bounce before he shoots the basketball?,1,opg_no_monotonic,42,0,2,1,0,0,0.25,0.25,0.25
groundmore/pFX4CC5UiOY_1100_1115/2__exp5/5,groundmore,test,pFX4CC5UiOY_1100_1115,2__exp5,5,sequential,What does the man in blue shorts bounce before he shoots the basketball?,1,opg_no_order_loss,ensemble,0,2,1,0,0,0.25,0.25,0.25
groundmore/pFX4CC5UiOY_1100_1115/2__exp5/5,groundmore,test,pFX4CC5UiOY_1100_1115,2__exp5,5,sequential,What does the man in blue shorts bounce before he shoots the basketball?,1,opg_no_order_loss,11,0,2,1,0,0,0.25,0.25,0.25
groundmore/pFX4CC5UiOY_1100_1115/2__exp5/5,groundmore,test,pFX4CC5UiOY_1100_1115,2__exp5,5,sequential,What does the man in blue shorts bounce before he shoots the basketball?,1,opg_no_order_loss,23,0,2,1,0,0,0.25,0.25,0.25
groundmore/pFX4CC5UiOY_1100_1115/2__exp5/5,groundmore,test,pFX4CC5UiOY_1100_1115,2__exp5,5,sequential,What does the man in blue shorts bounce before he shoots the basketball?,1,opg_no_order_loss,42,0,2,1,0,0,0.25,0.25,0.25
groundmore/pFX4CC5UiOY_1100_1115/2__exp5/5,groundmore,test,pFX4CC5UiOY_1100_1115,2__exp5,5,sequential,What does the man in blue shorts bounce before he shoots the basketball?,1,opg_full,ensemble,0,2,1,0,0,0.25,0.25,0.25
groundmore/pFX4CC5UiOY_1100_1115/2__exp5/5,groundmore,test,pFX4CC5UiOY_1100_1115,2__exp5,5,sequential,What does the man in blue shorts bounce before he shoots the basketball?,1,opg_full,11,0,2,1,0,0,0.25,0.25,0.25
groundmore/pFX4CC5UiOY_1100_1115/2__exp5/5,groundmore,test,pFX4CC5UiOY_1100_1115,2__exp5,5,sequential,What does the man in blue shorts bounce before he shoots the basketball?,1,opg_full,23,0,2,1,0,0,0.25,0.25,0.25
groundmore/pFX4CC5UiOY_1100_1115/2__exp5/5,groundmore,test,pFX4CC5UiOY_1100_1115,2__exp5,5,sequential,What does the man in blue shorts bounce before he shoots the basketball?,1,opg_full,42,0,2,1,0,0,0.25,0.25,0.25
groundmore/pFX4CC5UiOY_1132_1138/1__exp1/1,groundmore,test,pFX4CC5UiOY_1132_1138,1__exp1,1,sequential,Who accelerates towards the hoop after stepping on the outside of the white line?,1,mean_pool,ensemble,0,0,,,0,0.0,0.0,0.0
groundmore/pFX4CC5UiOY_1132_1138/1__exp1/1,groundmore,test,pFX4CC5UiOY_1132_1138,1__exp1,1,sequential,Who accelerates towards the hoop after stepping on the outside of the white line?,1,opg_no_monotonic,ensemble,0,0,,,0,0.0,0.0,0.0
groundmore/pFX4CC5UiOY_1132_1138/1__exp1/1,groundmore,test,pFX4CC5UiOY_1132_1138,1__exp1,1,sequential,Who accelerates towards the hoop after stepping on the outside of the white line?,1,opg_no_order_loss,ensemble,0,0,,,0,0.0,0.0,0.0
groundmore/pFX4CC5UiOY_1132_1138/1__exp1/1,groundmore,test,pFX4CC5UiOY_1132_1138,1__exp1,1,sequential,Who accelerates towards the hoop after stepping on the outside of the white line?,1,opg_full,ensemble,0,0,,,0,0.0,0.0,0.0
groundmore/pFX4CC5UiOY_1132_1138/4__exp2/2,groundmore,test,pFX4CC5UiOY_1132_1138,4__exp2,2,sequential,Towards what does the man in the blue shorts accelerate after stepping on the outside of the white line?,1,mean_pool,ensemble,0,0,,,0,0.0,0.0,0.0
groundmore/pFX4CC5UiOY_1132_1138/4__exp2/2,groundmore,test,pFX4CC5UiOY_1132_1138,4__exp2,2,sequential,Towards what does the man in the blue shorts accelerate after stepping on the outside of the white line?,1,opg_no_monotonic,ensemble,0,0,,,0,0.0,0.0,0.0
groundmore/pFX4CC5UiOY_1132_1138/4__exp2/2,groundmore,test,pFX4CC5UiOY_1132_1138,4__exp2,2,sequential,Towards what does the man in the blue shorts accelerate after stepping on the outside of the white line?,1,opg_no_order_loss,ensemble,0,0,,,0,0.0,0.0,0.0
groundmore/pFX4CC5UiOY_1132_1138/4__exp2/2,groundmore,test,pFX4CC5UiOY_1132_1138,4__exp2,2,sequential,Towards what does the man in the blue shorts accelerate after stepping on the outside of the white line?,1,opg_full,ensemble,0,0,,,0,0.0,0.0,0.0
groundmore/pFX4CC5UiOY_1144_1154/1__exp3/3,groundmore,test,pFX4CC5UiOY_1144_1154,1__exp3,3,sequential,Who travels towards the basketball hoop before he shoots the basketball?,1,mean_pool,ensemble,0,0,,,0,0.0,0.0,0.0
groundmore/pFX4CC5UiOY_1144_1154/1__exp3/3,groundmore,test,pFX4CC5UiOY_1144_1154,1__exp3,3,sequential,Who travels towards the basketball hoop before he shoots the basketball?,1,opg_no_monotonic,ensemble,0,0,,,0,0.0,0.0,0.0
groundmore/pFX4CC5UiOY_1144_1154/1__exp3/3,groundmore,test,pFX4CC5UiOY_1144_1154,1__exp3,3,sequential,Who travels towards the basketball hoop before he shoots the basketball?,1,opg_no_order_loss,ensemble,0,0,,,0,0.0,0.0,0.0
groundmore/pFX4CC5UiOY_1144_1154/1__exp3/3,groundmore,test,pFX4CC5UiOY_1144_1154,1__exp3,3,sequential,Who travels towards the basketball hoop before he shoots the basketball?,1,opg_full,ensemble,0,0,,,0,0.0,0.0,0.0
groundmore/pFX4CC5UiOY_1144_1154/4__exp4/4,groundmore,test,pFX4CC5UiOY_1144_1154,4__exp4,4,sequential,What does the man in the blue shorts travel towards before he shoots the basketball?,1,mean_pool,ensemble,0,0,,,0,0.0,0.0,0.0
groundmore/pFX4CC5UiOY_1144_1154/4__exp4/4,groundmore,test,pFX4CC5UiOY_1144_1154,4__exp4,4,sequential,What does the man in the blue shorts travel towards before he shoots the basketball?,1,opg_no_monotonic,ensemble,0,0,,,0,0.0,0.0,0.0
groundmore/pFX4CC5UiOY_1144_1154/4__exp4/4,groundmore,test,pFX4CC5UiOY_1144_1154,4__exp4,4,sequential,What does the man in the blue shorts travel towards before he shoots the basketball?,1,opg_no_order_loss,ensemble,0,0,,,0,0.0,0.0,0.0
groundmore/pFX4CC5UiOY_1144_1154/4__exp4/4,groundmore,test,pFX4CC5UiOY_1144_1154,4__exp4,4,sequential,What does the man in the blue shorts travel towards before he shoots the basketball?,1,opg_full,ensemble,0,0,,,0,0.0,0.0,0.0
groundmore/pxjtMJpHr10_0228_0236/1__exp1/1,groundmore,test,pxjtMJpHr10_0228_0236,1__exp1,1,sequential,Who shakes hands with the man in black after completing the jump?,1,mean_pool,ensemble,0,0,,,0,0.0,0.0,0.0
groundmore/pxjtMJpHr10_0228_0236/1__exp1/1,groundmore,test,pxjtMJpHr10_0228_0236,1__exp1,1,sequential,Who shakes hands with the man in black after completing the jump?,1,opg_no_monotonic,ensemble,0,0,,,0,0.0,0.0,0.0
groundmore/pxjtMJpHr10_0228_0236/1__exp1/1,groundmore,test,pxjtMJpHr10_0228_0236,1__exp1,1,sequential,Who shakes hands with the man in black after completing the jump?,1,opg_no_order_loss,ensemble,0,0,,,0,0.0,0.0,0.0
groundmore/pxjtMJpHr10_0228_0236/1__exp1/1,groundmore,test,pxjtMJpHr10_0228_0236,1__exp1,1,sequential,Who shakes hands with the man in black after completing the jump?,1,opg_full,ensemble,0,0,,,0,0.0,0.0,0.0
groundmore/pxjtMJpHr10_0228_0236/2__exp2/2,groundmore,test,pxjtMJpHr10_0228_0236,2__exp2,2,sequential,With whom does the man with the necklace shake hands after completing the jump?,1,mean_pool,ensemble,0,0,,,0,0.0,0.0,0.0
groundmore/pxjtMJpHr10_0228_0236/2__exp2/2,groundmore,test,pxjtMJpHr10_0228_0236,2__exp2,2,sequential,With whom does the man with the necklace shake hands after completing the jump?,1,opg_no_monotonic,ensemble,0,0,,,0,0.0,0.0,0.0
groundmore/pxjtMJpHr10_0228_0236/2__exp2/2,groundmore,test,pxjtMJpHr10_0228_0236,2__exp2,2,sequential,With whom does the man with the necklace shake hands after completing the jump?,1,opg_no_order_loss,ensemble,0,0,,,0,0.0,0.0,0.0
groundmore/pxjtMJpHr10_0228_0236/2__exp2/2,groundmore,test,pxjtMJpHr10_0228_0236,2__exp2,2,sequential,With whom does the man with the necklace shake hands after completing the jump?,1,opg_full,ensemble,0,0,,,0,0.0,0.0,0.0
groundmore/pxjtMJpHr10_0723_0729/1__exp1/1,groundmore,test,pxjtMJpHr10_0723_0729,1__exp1,1,sequential,Who clasps hands with the athlete with dyed hair before hugging the athlete with dyed hair?,1,mean_pool,ensemble,0,0,,,0,0.0,0.0,0.0
groundmore/pxjtMJpHr10_0723_0729/1__exp1/1,groundmore,test,pxjtMJpHr10_0723_0729,1__exp1,1,sequential,Who clasps hands with the athlete with dyed hair before hugging the athlete with dyed hair?,1,opg_no_monotonic,ensemble,0,0,,,0,0.0,0.0,0.0
groundmore/pxjtMJpHr10_0723_0729/1__exp1/1,groundmore,test,pxjtMJpHr10_0723_0729,1__exp1,1,sequential,Who clasps hands with the athlete with dyed hair before hugging the athlete with dyed hair?,1,opg_no_order_loss,ensemble,0,0,,,0,0.0,0.0,0.0
groundmore/pxjtMJpHr10_0723_0729/1__exp1/1,groundmore,test,pxjtMJpHr10_0723_0729,1__exp1,1,sequential,Who clasps hands with the athlete with dyed hair before hugging the athlete with dyed hair?,1,opg_full,ensemble,0,0,,,0,0.0,0.0,0.0
groundmore/pxjtMJpHr10_0723_0729/2__exp2/2,groundmore,test,pxjtMJpHr10_0723_0729,2__exp2,2,sequential,Who does the man in black clasp hands with before hugging?,1,mean_pool,ensemble,0,0,,,0,0.0,0.0,0.0
groundmore/pxjtMJpHr10_0723_0729/2__exp2/2,groundmore,test,pxjtMJpHr10_0723_0729,2__exp2,2,sequential,Who does the man in black clasp hands with before hugging?,1,opg_no_monotonic,ensemble,0,0,,,0,0.0,0.0,0.0
groundmore/pxjtMJpHr10_0723_0729/2__exp2/2,groundmore,test,pxjtMJpHr10_0723_0729,2__exp2,2,sequential,Who does the man in black clasp hands with before hugging?,1,opg_no_order_loss,ensemble,0,0,,,0,0.0,0.0,0.0
groundmore/pxjtMJpHr10_0723_0729/2__exp2/2,groundmore,test,pxjtMJpHr10_0723_0729,2__exp2,2,sequential,Who does the man in black clasp hands with before hugging?,1,opg_full,ensemble,0,0,,,0,0.0,0.0,0.0
groundmore/pxjtMJpHr10_0841_0844/1__exp1/1,groundmore,test,pxjtMJpHr10_0841_0844,1__exp1,1,sequential,Who drops the ball before kicking it away?,1,mean_pool,ensemble,0,0,,,0,0.0,0.0,0.0
groundmore/pxjtMJpHr10_0841_0844/1__exp1/1,groundmore,test,pxjtMJpHr10_0841_0844,1__exp1,1,sequential,Who drops the ball before kicking it away?,1,opg_no_monotonic,ensemble,0,0,,,0,0.0,0.0,0.0
groundmore/pxjtMJpHr10_0841_0844/1__exp1/1,groundmore,test,pxjtMJpHr10_0841_0844,1__exp1,1,sequential,Who drops the ball before kicking it away?,1,opg_no_order_loss,ensemble,0,0,,,0,0.0,0.0,0.0
groundmore/pxjtMJpHr10_0841_0844/1__exp1/1,groundmore,test,pxjtMJpHr10_0841_0844,1__exp1,1,sequential,Who drops the ball before kicking it away?,1,opg_full,ensemble,0,0,,,0,0.0,0.0,0.0
groundmore/pxjtMJpHr10_0841_0844/2__exp2/2,groundmore,test,pxjtMJpHr10_0841_0844,2__exp2,2,sequential,What does the man with the ball drop before kicking it away?,1,mean_pool,ensemble,0,0,,,0,0.0,0.0,0.0
groundmore/pxjtMJpHr10_0841_0844/2__exp2/2,groundmore,test,pxjtMJpHr10_0841_0844,2__exp2,2,sequential,What does the man with the ball drop before kicking it away?,1,opg_no_monotonic,ensemble,0,0,,,0,0.0,0.0,0.0
groundmore/pxjtMJpHr10_0841_0844/2__exp2/2,groundmore,test,pxjtMJpHr10_0841_0844,2__exp2,2,sequential,What does the man with the ball drop before kicking it away?,1,opg_no_order_loss,ensemble,0,0,,,0,0.0,0.0,0.0
groundmore/pxjtMJpHr10_0841_0844/2__exp2/2,groundmore,test,pxjtMJpHr10_0841_0844,2__exp2,2,sequential,What does the man with the ball drop before kicking it away?,1,opg_full,ensemble,0,0,,,0,0.0,0.0,0.0
groundmore/t217-OVmGws_0140_0151/1__exp3/3,groundmore,test,t217-OVmGws_0140_0151,1__exp3,3,sequential,Who picks the rope up after the walrus gets up off it?,1,mean_pool,ensemble,0,0,,,0,0.0,0.0,0.0
groundmore/t217-OVmGws_0140_0151/1__exp3/3,groundmore,test,t217-OVmGws_0140_0151,1__exp3,3,sequential,Who picks the rope up after the walrus gets up off it?,1,opg_no_monotonic,ensemble,0,0,,,0,0.0,0.0,0.0
groundmore/t217-OVmGws_0140_0151/1__exp3/3,groundmore,test,t217-OVmGws_0140_0151,1__exp3,3,sequential,Who picks the rope up after the walrus gets up off it?,1,opg_no_order_loss,ensemble,0,0,,,0,0.0,0.0,0.0
groundmore/t217-OVmGws_0140_0151/1__exp3/3,groundmore,test,t217-OVmGws_0140_0151,1__exp3,3,sequential,Who picks the rope up after the walrus gets up off it?,1,opg_full,ensemble,0,0,,,0,0.0,0.0,0.0
groundmore/t217-OVmGws_0140_0151/2__exp2/2,groundmore,test,t217-OVmGws_0140_0151,2__exp2,2,sequential,What does the walrus get up off before the zookeeper picks it up?,1,mean_pool,ensemble,0,0,,,0,0.0,0.0,0.0
groundmore/t217-OVmGws_0140_0151/2__exp2/2,groundmore,test,t217-OVmGws_0140_0151,2__exp2,2,sequential,What does the walrus get up off before the zookeeper picks it up?,1,opg_no_monotonic,ensemble,0,0,,,0,0.0,0.0,0.0
groundmore/t217-OVmGws_0140_0151/2__exp2/2,groundmore,test,t217-OVmGws_0140_0151,2__exp2,2,sequential,What does the walrus get up off before the zookeeper picks it up?,1,opg_no_order_loss,ensemble,0,0,,,0,0.0,0.0,0.0
groundmore/t217-OVmGws_0140_0151/2__exp2/2,groundmore,test,t217-OVmGws_0140_0151,2__exp2,2,sequential,What does the walrus get up off before the zookeeper picks it up?,1,opg_full,ensemble,0,0,,,0,0.0,0.0,0.0
groundmore/t217-OVmGws_0140_0151/3__exp1/1,groundmore,test,t217-OVmGws_0140_0151,3__exp1,1,sequential,Who gets up off the rope before the zookeeper picks the rope up?,1,mean_pool,ensemble,0,1,0,0,0,0.1,0.1,0.1
groundmore/t217-OVmGws_0140_0151/3__exp1/1,groundmore,test,t217-OVmGws_0140_0151,3__exp1,1,sequential,Who gets up off the rope before the zookeeper picks the rope up?,1,mean_pool,11,0,1,0,0,0,0.1,0.1,0.1
groundmore/t217-OVmGws_0140_0151/3__exp1/1,groundmore,test,t217-OVmGws_0140_0151,3__exp1,1,sequential,Who gets up off the rope before the zookeeper picks the rope up?,1,mean_pool,23,0,1,0,0,0,0.1,0.1,0.1
groundmore/t217-OVmGws_0140_0151/3__exp1/1,groundmore,test,t217-OVmGws_0140_0151,3__exp1,1,sequential,Who gets up off the rope before the zookeeper picks the rope up?,1,mean_pool,42,0,1,0,0,0,0.1,0.1,0.1
groundmore/t217-OVmGws_0140_0151/3__exp1/1,groundmore,test,t217-OVmGws_0140_0151,3__exp1,1,sequential,Who gets up off the rope before the zookeeper picks the rope up?,1,opg_no_monotonic,ensemble,0,1,0,0,0,0.1,0.1,0.1
groundmore/t217-OVmGws_0140_0151/3__exp1/1,groundmore,test,t217-OVmGws_0140_0151,3__exp1,1,sequential,Who gets up off the rope before the zookeeper picks the rope up?,1,opg_no_monotonic,11,0,1,0,0,0,0.1,0.1,0.1
groundmore/t217-OVmGws_0140_0151/3__exp1/1,groundmore,test,t217-OVmGws_0140_0151,3__exp1,1,sequential,Who gets up off the rope before the zookeeper picks the rope up?,1,opg_no_monotonic,23,0,1,0,0,0,0.1,0.1,0.1
groundmore/t217-OVmGws_0140_0151/3__exp1/1,groundmore,test,t217-OVmGws_0140_0151,3__exp1,1,sequential,Who gets up off the rope before the zookeeper picks the rope up?,1,opg_no_monotonic,42,0,1,0,0,0,0.1,0.1,0.1
groundmore/t217-OVmGws_0140_0151/3__exp1/1,groundmore,test,t217-OVmGws_0140_0151,3__exp1,1,sequential,Who gets up off the rope before the zookeeper picks the rope up?,1,opg_no_order_loss,ensemble,0,1,0,0,0,0.1,0.1,0.1
groundmore/t217-OVmGws_0140_0151/3__exp1/1,groundmore,test,t217-OVmGws_0140_0151,3__exp1,1,sequential,Who gets up off the rope before the zookeeper picks the rope up?,1,opg_no_order_loss,11,0,1,0,0,0,0.1,0.1,0.1
groundmore/t217-OVmGws_0140_0151/3__exp1/1,groundmore,test,t217-OVmGws_0140_0151,3__exp1,1,sequential,Who gets up off the rope before the zookeeper picks the rope up?,1,opg_no_order_loss,23,0,1,0,0,0,0.1,0.1,0.1
groundmore/t217-OVmGws_0140_0151/3__exp1/1,groundmore,test,t217-OVmGws_0140_0151,3__exp1,1,sequential,Who gets up off the rope before the zookeeper picks the rope up?,1,opg_no_order_loss,42,0,1,0,0,0,0.1,0.1,0.1
groundmore/t217-OVmGws_0140_0151/3__exp1/1,groundmore,test,t217-OVmGws_0140_0151,3__exp1,1,sequential,Who gets up off the rope before the zookeeper picks the rope up?,1,opg_full,ensemble,0,1,0,0,0,0.1,0.1,0.1
groundmore/t217-OVmGws_0140_0151/3__exp1/1,groundmore,test,t217-OVmGws_0140_0151,3__exp1,1,sequential,Who gets up off the rope before the zookeeper picks the rope up?,1,opg_full,11,0,1,0,0,0,0.1,0.1,0.1
groundmore/t217-OVmGws_0140_0151/3__exp1/1,groundmore,test,t217-OVmGws_0140_0151,3__exp1,1,sequential,Who gets up off the rope before the zookeeper picks the rope up?,1,opg_full,23,0,1,0,0,0,0.1,0.1,0.1
groundmore/t217-OVmGws_0140_0151/3__exp1/1,groundmore,test,t217-OVmGws_0140_0151,3__exp1,1,sequential,Who gets up off the rope before the zookeeper picks the rope up?,1,opg_full,42,0,1,0,0,0,0.1,0.1,0.1
groundmore/unNo93gbor8_0139_0146/1__exp1/1,groundmore,test,unNo93gbor8_0139_0146,1__exp1,1,sequential,Who opens the green box before grabbing a blue drink out?,1,mean_pool,ensemble,0,0,,,0,0.0,0.0,0.0
groundmore/unNo93gbor8_0139_0146/1__exp1/1,groundmore,test,unNo93gbor8_0139_0146,1__exp1,1,sequential,Who opens the green box before grabbing a blue drink out?,1,opg_no_monotonic,ensemble,0,0,,,0,0.0,0.0,0.0
groundmore/unNo93gbor8_0139_0146/1__exp1/1,groundmore,test,unNo93gbor8_0139_0146,1__exp1,1,sequential,Who opens the green box before grabbing a blue drink out?,1,opg_no_order_loss,ensemble,0,0,,,0,0.0,0.0,0.0
groundmore/unNo93gbor8_0139_0146/1__exp1/1,groundmore,test,unNo93gbor8_0139_0146,1__exp1,1,sequential,Who opens the green box before grabbing a blue drink out?,1,opg_full,ensemble,0,0,,,0,0.0,0.0,0.0
groundmore/unNo93gbor8_0139_0146/2__exp2/2,groundmore,test,unNo93gbor8_0139_0146,2__exp2,2,sequential,What does the tennis player open before grabbing a blue drink out?,1,mean_pool,ensemble,0,1,0,0,0,0.0,0.0,0.0
groundmore/unNo93gbor8_0139_0146/2__exp2/2,groundmore,test,unNo93gbor8_0139_0146,2__exp2,2,sequential,What does the tennis player open before grabbing a blue drink out?,1,mean_pool,11,0,1,0,0,0,0.0,0.0,0.0
groundmore/unNo93gbor8_0139_0146/2__exp2/2,groundmore,test,unNo93gbor8_0139_0146,2__exp2,2,sequential,What does the tennis player open before grabbing a blue drink out?,1,mean_pool,23,0,1,0,0,0,0.0,0.0,0.0
groundmore/unNo93gbor8_0139_0146/2__exp2/2,groundmore,test,unNo93gbor8_0139_0146,2__exp2,2,sequential,What does the tennis player open before grabbing a blue drink out?,1,mean_pool,42,0,1,0,0,0,0.0,0.0,0.0
groundmore/unNo93gbor8_0139_0146/2__exp2/2,groundmore,test,unNo93gbor8_0139_0146,2__exp2,2,sequential,What does the tennis player open before grabbing a blue drink out?,1,opg_no_monotonic,ensemble,0,1,0,0,0,0.0,0.0,0.0
groundmore/unNo93gbor8_0139_0146/2__exp2/2,groundmore,test,unNo93gbor8_0139_0146,2__exp2,2,sequential,What does the tennis player open before grabbing a blue drink out?,1,opg_no_monotonic,11,0,1,0,0,0,0.0,0.0,0.0
groundmore/unNo93gbor8_0139_0146/2__exp2/2,groundmore,test,unNo93gbor8_0139_0146,2__exp2,2,sequential,What does the tennis player open before grabbing a blue drink out?,1,opg_no_monotonic,23,0,1,0,0,0,0.0,0.0,0.0
groundmore/unNo93gbor8_0139_0146/2__exp2/2,groundmore,test,unNo93gbor8_0139_0146,2__exp2,2,sequential,What does the tennis player open before grabbing a blue drink out?,1,opg_no_monotonic,42,0,1,0,0,0,0.0,0.0,0.0
groundmore/unNo93gbor8_0139_0146/2__exp2/2,groundmore,test,unNo93gbor8_0139_0146,2__exp2,2,sequential,What does the tennis player open before grabbing a blue drink out?,1,opg_no_order_loss,ensemble,0,1,0,0,0,0.0,0.0,0.0
groundmore/unNo93gbor8_0139_0146/2__exp2/2,groundmore,test,unNo93gbor8_0139_0146,2__exp2,2,sequential,What does the tennis player open before grabbing a blue drink out?,1,opg_no_order_loss,11,0,1,0,0,0,0.0,0.0,0.0
groundmore/unNo93gbor8_0139_0146/2__exp2/2,groundmore,test,unNo93gbor8_0139_0146,2__exp2,2,sequential,What does the tennis player open before grabbing a blue drink out?,1,opg_no_order_loss,23,0,1,0,0,0,0.0,0.0,0.0
groundmore/unNo93gbor8_0139_0146/2__exp2/2,groundmore,test,unNo93gbor8_0139_0146,2__exp2,2,sequential,What does the tennis player open before grabbing a blue drink out?,1,opg_no_order_loss,42,0,1,0,0,0,0.0,0.0,0.0
groundmore/unNo93gbor8_0139_0146/2__exp2/2,groundmore,test,unNo93gbor8_0139_0146,2__exp2,2,sequential,What does the tennis player open before grabbing a blue drink out?,1,opg_full,ensemble,0,1,0,0,0,0.0,0.0,0.0
groundmore/unNo93gbor8_0139_0146/2__exp2/2,groundmore,test,unNo93gbor8_0139_0146,2__exp2,2,sequential,What does the tennis player open before grabbing a blue drink out?,1,opg_full,11,0,1,0,0,0,0.0,0.0,0.0
groundmore/unNo93gbor8_0139_0146/2__exp2/2,groundmore,test,unNo93gbor8_0139_0146,2__exp2,2,sequential,What does the tennis player open before grabbing a blue drink out?,1,opg_full,23,0,1,0,0,0,0.0,0.0,0.0
groundmore/unNo93gbor8_0139_0146/2__exp2/2,groundmore,test,unNo93gbor8_0139_0146,2__exp2,2,sequential,What does the tennis player open before grabbing a blue drink out?,1,opg_full,42,0,1,0,0,0,0.0,0.0,0.0
groundmore/unNo93gbor8_0139_0146/3__exp3/3,groundmore,test,unNo93gbor8_0139_0146,3__exp3,3,sequential,What does the tennis player grab after opening the green box?,1,mean_pool,ensemble,0,1,0,0,0,0.0,0.0,0.0
groundmore/unNo93gbor8_0139_0146/3__exp3/3,groundmore,test,unNo93gbor8_0139_0146,3__exp3,3,sequential,What does the tennis player grab after opening the green box?,1,mean_pool,11,0,1,0,0,0,0.0,0.0,0.0
groundmore/unNo93gbor8_0139_0146/3__exp3/3,groundmore,test,unNo93gbor8_0139_0146,3__exp3,3,sequential,What does the tennis player grab after opening the green box?,1,mean_pool,23,0,1,0,0,0,0.0,0.0,0.0
groundmore/unNo93gbor8_0139_0146/3__exp3/3,groundmore,test,unNo93gbor8_0139_0146,3__exp3,3,sequential,What does the tennis player grab after opening the green box?,1,mean_pool,42,0,1,0,0,0,0.0,0.0,0.0
groundmore/unNo93gbor8_0139_0146/3__exp3/3,groundmore,test,unNo93gbor8_0139_0146,3__exp3,3,sequential,What does the tennis player grab after opening the green box?,1,opg_no_monotonic,ensemble,0,1,0,0,0,0.0,0.0,0.0
groundmore/unNo93gbor8_0139_0146/3__exp3/3,groundmore,test,unNo93gbor8_0139_0146,3__exp3,3,sequential,What does the tennis player grab after opening the green box?,1,opg_no_monotonic,11,0,1,0,0,0,0.0,0.0,0.0
groundmore/unNo93gbor8_0139_0146/3__exp3/3,groundmore,test,unNo93gbor8_0139_0146,3__exp3,3,sequential,What does the tennis player grab after opening the green box?,1,opg_no_monotonic,23,0,1,0,0,0,0.0,0.0,0.0
groundmore/unNo93gbor8_0139_0146/3__exp3/3,groundmore,test,unNo93gbor8_0139_0146,3__exp3,3,sequential,What does the tennis player grab after opening the green box?,1,opg_no_monotonic,42,0,1,0,0,0,0.0,0.0,0.0
groundmore/unNo93gbor8_0139_0146/3__exp3/3,groundmore,test,unNo93gbor8_0139_0146,3__exp3,3,sequential,What does the tennis player grab after opening the green box?,1,opg_no_order_loss,ensemble,0,1,0,0,0,0.0,0.0,0.0
groundmore/unNo93gbor8_0139_0146/3__exp3/3,groundmore,test,unNo93gbor8_0139_0146,3__exp3,3,sequential,What does the tennis player grab after opening the green box?,1,opg_no_order_loss,11,0,1,0,0,0,0.0,0.0,0.0
groundmore/unNo93gbor8_0139_0146/3__exp3/3,groundmore,test,unNo93gbor8_0139_0146,3__exp3,3,sequential,What does the tennis player grab after opening the green box?,1,opg_no_order_loss,23,0,1,0,0,0,0.0,0.0,0.0
groundmore/unNo93gbor8_0139_0146/3__exp3/3,groundmore,test,unNo93gbor8_0139_0146,3__exp3,3,sequential,What does the tennis player grab after opening the green box?,1,opg_no_order_loss,42,0,1,0,0,0,0.0,0.0,0.0
groundmore/unNo93gbor8_0139_0146/3__exp3/3,groundmore,test,unNo93gbor8_0139_0146,3__exp3,3,sequential,What does the tennis player grab after opening the green box?,1,opg_full,ensemble,0,1,0,0,0,0.0,0.0,0.0
groundmore/unNo93gbor8_0139_0146/3__exp3/3,groundmore,test,unNo93gbor8_0139_0146,3__exp3,3,sequential,What does the tennis player grab after opening the green box?,1,opg_full,11,0,1,0,0,0,0.0,0.0,0.0
groundmore/unNo93gbor8_0139_0146/3__exp3/3,groundmore,test,unNo93gbor8_0139_0146,3__exp3,3,sequential,What does the tennis player grab after opening the green box?,1,opg_full,23,0,1,0,0,0,0.0,0.0,0.0
groundmore/unNo93gbor8_0139_0146/3__exp3/3,groundmore,test,unNo93gbor8_0139_0146,3__exp3,3,sequential,What does the tennis player grab after opening the green box?,1,opg_full,42,0,1,0,0,0,0.0,0.0,0.0
groundmore/unNo93gbor8_1054_1102/1__exp1/1,groundmore,test,unNo93gbor8_1054_1102,1__exp1,1,sequential,Who gives the racket to a fan wearing a white hat before the fan gets very excited?,1,mean_pool,ensemble,0,0,,,0,0.0,0.0,0.0
groundmore/unNo93gbor8_1054_1102/1__exp1/1,groundmore,test,unNo93gbor8_1054_1102,1__exp1,1,sequential,Who gives the racket to a fan wearing a white hat before the fan gets very excited?,1,opg_no_monotonic,ensemble,0,0,,,0,0.0,0.0,0.0
groundmore/unNo93gbor8_1054_1102/1__exp1/1,groundmore,test,unNo93gbor8_1054_1102,1__exp1,1,sequential,Who gives the racket to a fan wearing a white hat before the fan gets very excited?,1,opg_no_order_loss,ensemble,0,0,,,0,0.0,0.0,0.0
groundmore/unNo93gbor8_1054_1102/1__exp1/1,groundmore,test,unNo93gbor8_1054_1102,1__exp1,1,sequential,Who gives the racket to a fan wearing a white hat before the fan gets very excited?,1,opg_full,ensemble,0,0,,,0,0.0,0.0,0.0
groundmore/unNo93gbor8_1054_1102/2__exp2/2,groundmore,test,unNo93gbor8_1054_1102,2__exp2,2,sequential,What does the tennis player in red give to a fan wearing a white hat before the fan gets very excited?,1,mean_pool,ensemble,0,0,,,0,0.0,0.0,0.0
groundmore/unNo93gbor8_1054_1102/2__exp2/2,groundmore,test,unNo93gbor8_1054_1102,2__exp2,2,sequential,What does the tennis player in red give to a fan wearing a white hat before the fan gets very excited?,1,opg_no_monotonic,ensemble,0,0,,,0,0.0,0.0,0.0
groundmore/unNo93gbor8_1054_1102/2__exp2/2,groundmore,test,unNo93gbor8_1054_1102,2__exp2,2,sequential,What does the tennis player in red give to a fan wearing a white hat before the fan gets very excited?,1,opg_no_order_loss,ensemble,0,0,,,0,0.0,0.0,0.0
groundmore/unNo93gbor8_1054_1102/2__exp2/2,groundmore,test,unNo93gbor8_1054_1102,2__exp2,2,sequential,What does the tennis player in red give to a fan wearing a white hat before the fan gets very excited?,1,opg_full,ensemble,0,0,,,0,0.0,0.0,0.0
groundmore/unNo93gbor8_1054_1102/3__exp3/3,groundmore,test,unNo93gbor8_1054_1102,3__exp3,3,sequential,To whom does the tennis player in red give the racket before getting very excited?,1,mean_pool,ensemble,0,0,,,0,0.0,0.0,0.0
groundmore/unNo93gbor8_1054_1102/3__exp3/3,groundmore,test,unNo93gbor8_1054_1102,3__exp3,3,sequential,To whom does the tennis player in red give the racket before getting very excited?,1,opg_no_monotonic,ensemble,0,0,,,0,0.0,0.0,0.0
groundmore/unNo93gbor8_1054_1102/3__exp3/3,groundmore,test,unNo93gbor8_1054_1102,3__exp3,3,sequential,To whom does the tennis player in red give the racket before getting very excited?,1,opg_no_order_loss,ensemble,0,0,,,0,0.0,0.0,0.0
groundmore/unNo93gbor8_1054_1102/3__exp3/3,groundmore,test,unNo93gbor8_1054_1102,3__exp3,3,sequential,To whom does the tennis player in red give the racket before getting very excited?,1,opg_full,ensemble,0,0,,,0,0.0,0.0,0.0
groundmore/unNo93gbor8_1351_1356/1__exp1/1,groundmore,test,unNo93gbor8_1351_1356,1__exp1,1,sequential,Who swings the racket before collapsing from exhaustion?,1,mean_pool,ensemble,1,2,0,0,1,0.3757218531759556,0.3921576898413703,0.38393977150866293
groundmore/unNo93gbor8_1351_1356/1__exp1/1,groundmore,test,unNo93gbor8_1351_1356,1__exp1,1,sequential,Who swings the racket before collapsing from exhaustion?,1,mean_pool,11,1,2,0,0,1,0.3757218531759556,0.3921576898413703,0.38393977150866293
groundmore/unNo93gbor8_1351_1356/1__exp1/1,groundmore,test,unNo93gbor8_1351_1356,1__exp1,1,sequential,Who swings the racket before collapsing from exhaustion?,1,mean_pool,23,1,2,0,0,1,0.3757218531759556,0.3921576898413703,0.38393977150866293
groundmore/unNo93gbor8_1351_1356/1__exp1/1,groundmore,test,unNo93gbor8_1351_1356,1__exp1,1,sequential,Who swings the racket before collapsing from exhaustion?,1,mean_pool,42,1,2,0,0,1,0.3757218531759556,0.3921576898413703,0.38393977150866293
groundmore/unNo93gbor8_1351_1356/1__exp1/1,groundmore,test,unNo93gbor8_1351_1356,1__exp1,1,sequential,Who swings the racket before collapsing from exhaustion?,1,opg_no_monotonic,ensemble,1,2,0,0,1,0.3757218531759556,0.3921576898413703,0.38393977150866293
groundmore/unNo93gbor8_1351_1356/1__exp1/1,groundmore,test,unNo93gbor8_1351_1356,1__exp1,1,sequential,Who swings the racket before collapsing from exhaustion?,1,opg_no_monotonic,11,1,2,0,0,1,0.3757218531759556,0.3921576898413703,0.38393977150866293
groundmore/unNo93gbor8_1351_1356/1__exp1/1,groundmore,test,unNo93gbor8_1351_1356,1__exp1,1,sequential,Who swings the racket before collapsing from exhaustion?,1,opg_no_monotonic,23,1,2,0,0,1,0.3757218531759556,0.3921576898413703,0.38393977150866293
groundmore/unNo93gbor8_1351_1356/1__exp1/1,groundmore,test,unNo93gbor8_1351_1356,1__exp1,1,sequential,Who swings the racket before collapsing from exhaustion?,1,opg_no_monotonic,42,1,2,0,0,1,0.3757218531759556,0.3921576898413703,0.38393977150866293
groundmore/unNo93gbor8_1351_1356/1__exp1/1,groundmore,test,unNo93gbor8_1351_1356,1__exp1,1,sequential,Who swings the racket before collapsing from exhaustion?,1,opg_no_order_loss,ensemble,1,2,0,0,1,0.3757218531759556,0.3921576898413703,0.38393977150866293
groundmore/unNo93gbor8_1351_1356/1__exp1/1,groundmore,test,unNo93gbor8_1351_1356,1__exp1,1,sequential,Who swings the racket before collapsing from exhaustion?,1,opg_no_order_loss,11,1,2,0,0,1,0.3757218531759556,0.3921576898413703,0.38393977150866293
groundmore/unNo93gbor8_1351_1356/1__exp1/1,groundmore,test,unNo93gbor8_1351_1356,1__exp1,1,sequential,Who swings the racket before collapsing from exhaustion?,1,opg_no_order_loss,23,1,2,0,0,1,0.3757218531759556,0.3921576898413703,0.38393977150866293
groundmore/unNo93gbor8_1351_1356/1__exp1/1,groundmore,test,unNo93gbor8_1351_1356,1__exp1,1,sequential,Who swings the racket before collapsing from exhaustion?,1,opg_no_order_loss,42,1,2,0,0,1,0.3757218531759556,0.3921576898413703,0.38393977150866293
groundmore/unNo93gbor8_1351_1356/1__exp1/1,groundmore,test,unNo93gbor8_1351_1356,1__exp1,1,sequential,Who swings the racket before collapsing from exhaustion?,1,opg_full,ensemble,1,2,0,0,1,0.3757218531759556,0.3921576898413703,0.38393977150866293
groundmore/unNo93gbor8_1351_1356/1__exp1/1,groundmore,test,unNo93gbor8_1351_1356,1__exp1,1,sequential,Who swings the racket before collapsing from exhaustion?,1,opg_full,11,1,2,0,0,1,0.3757218531759556,0.3921576898413703,0.38393977150866293
groundmore/unNo93gbor8_1351_1356/1__exp1/1,groundmore,test,unNo93gbor8_1351_1356,1__exp1,1,sequential,Who swings the racket before collapsing from exhaustion?,1,opg_full,23,1,2,0,0,1,0.3757218531759556,0.3921576898413703,0.38393977150866293
groundmore/unNo93gbor8_1351_1356/1__exp1/1,groundmore,test,unNo93gbor8_1351_1356,1__exp1,1,sequential,Who swings the racket before collapsing from exhaustion?,1,opg_full,42,1,2,0,0,1,0.3757218531759556,0.3921576898413703,0.38393977150866293
groundmore/unNo93gbor8_1351_1356/2__exp2/2,groundmore,test,unNo93gbor8_1351_1356,2__exp2,2,sequential,What does the athlete in blue swing before collapsing from exhaustion?,1,mean_pool,ensemble,1,2,1,1,1,0.6,0.6,0.6
groundmore/unNo93gbor8_1351_1356/2__exp2/2,groundmore,test,unNo93gbor8_1351_1356,2__exp2,2,sequential,What does the athlete in blue swing before collapsing from exhaustion?,1,mean_pool,11,1,2,1,1,1,0.6,0.6,0.6
groundmore/unNo93gbor8_1351_1356/2__exp2/2,groundmore,test,unNo93gbor8_1351_1356,2__exp2,2,sequential,What does the athlete in blue swing before collapsing from exhaustion?,1,mean_pool,23,1,2,1,1,1,0.6,0.6,0.6
groundmore/unNo93gbor8_1351_1356/2__exp2/2,groundmore,test,unNo93gbor8_1351_1356,2__exp2,2,sequential,What does the athlete in blue swing before collapsing from exhaustion?,1,mean_pool,42,1,2,1,1,1,0.6,0.6,0.6
groundmore/unNo93gbor8_1351_1356/2__exp2/2,groundmore,test,unNo93gbor8_1351_1356,2__exp2,2,sequential,What does the athlete in blue swing before collapsing from exhaustion?,1,opg_no_monotonic,ensemble,1,2,1,1,1,0.6,0.6,0.6
groundmore/unNo93gbor8_1351_1356/2__exp2/2,groundmore,test,unNo93gbor8_1351_1356,2__exp2,2,sequential,What does the athlete in blue swing before collapsing from exhaustion?,1,opg_no_monotonic,11,1,2,1,1,1,0.6,0.6,0.6
groundmore/unNo93gbor8_1351_1356/2__exp2/2,groundmore,test,unNo93gbor8_1351_1356,2__exp2,2,sequential,What does the athlete in blue swing before collapsing from exhaustion?,1,opg_no_monotonic,23,1,2,1,1,1,0.6,0.6,0.6
groundmore/unNo93gbor8_1351_1356/2__exp2/2,groundmore,test,unNo93gbor8_1351_1356,2__exp2,2,sequential,What does the athlete in blue swing before collapsing from exhaustion?,1,opg_no_monotonic,42,1,2,1,1,1,0.6,0.6,0.6
groundmore/unNo93gbor8_1351_1356/2__exp2/2,groundmore,test,unNo93gbor8_1351_1356,2__exp2,2,sequential,What does the athlete in blue swing before collapsing from exhaustion?,1,opg_no_order_loss,ensemble,1,2,1,1,1,0.6,0.6,0.6
groundmore/unNo93gbor8_1351_1356/2__exp2/2,groundmore,test,unNo93gbor8_1351_1356,2__exp2,2,sequential,What does the athlete in blue swing before collapsing from exhaustion?,1,opg_no_order_loss,11,1,2,1,1,1,0.6,0.6,0.6
groundmore/unNo93gbor8_1351_1356/2__exp2/2,groundmore,test,unNo93gbor8_1351_1356,2__exp2,2,sequential,What does the athlete in blue swing before collapsing from exhaustion?,1,opg_no_order_loss,23,1,2,1,1,1,0.6,0.6,0.6
groundmore/unNo93gbor8_1351_1356/2__exp2/2,groundmore,test,unNo93gbor8_1351_1356,2__exp2,2,sequential,What does the athlete in blue swing before collapsing from exhaustion?,1,opg_no_order_loss,42,1,2,1,1,1,0.6,0.6,0.6
groundmore/unNo93gbor8_1351_1356/2__exp2/2,groundmore,test,unNo93gbor8_1351_1356,2__exp2,2,sequential,What does the athlete in blue swing before collapsing from exhaustion?,1,opg_full,ensemble,1,2,1,1,1,0.6,0.6,0.6
groundmore/unNo93gbor8_1351_1356/2__exp2/2,groundmore,test,unNo93gbor8_1351_1356,2__exp2,2,sequential,What does the athlete in blue swing before collapsing from exhaustion?,1,opg_full,11,1,2,1,1,1,0.6,0.6,0.6
groundmore/unNo93gbor8_1351_1356/2__exp2/2,groundmore,test,unNo93gbor8_1351_1356,2__exp2,2,sequential,What does the athlete in blue swing before collapsing from exhaustion?,1,opg_full,23,1,2,1,1,1,0.6,0.6,0.6
groundmore/unNo93gbor8_1351_1356/2__exp2/2,groundmore,test,unNo93gbor8_1351_1356,2__exp2,2,sequential,What does the athlete in blue swing before collapsing from exhaustion?,1,opg_full,42,1,2,1,1,1,0.6,0.6,0.6
groundmore/unNo93gbor8_2024_2035/1__exp1/1,groundmore,test,unNo93gbor8_2024_2035,1__exp1,1,sequential,Who puts down a chair before hugging the tall tennis player to congratulate the tall tennis player?,1,mean_pool,ensemble,1,2,1,1,1,0.7760893499263629,0.7931073587921229,0.784598354359243
groundmore/unNo93gbor8_2024_2035/1__exp1/1,groundmore,test,unNo93gbor8_2024_2035,1__exp1,1,sequential,Who puts down a chair before hugging the tall tennis player to congratulate the tall tennis player?,1,mean_pool,11,1,2,1,1,1,0.7760893499263629,0.7931073587921229,0.784598354359243
groundmore/unNo93gbor8_2024_2035/1__exp1/1,groundmore,test,unNo93gbor8_2024_2035,1__exp1,1,sequential,Who puts down a chair before hugging the tall tennis player to congratulate the tall tennis player?,1,mean_pool,23,1,2,1,1,1,0.7760893499263629,0.7931073587921229,0.784598354359243
groundmore/unNo93gbor8_2024_2035/1__exp1/1,groundmore,test,unNo93gbor8_2024_2035,1__exp1,1,sequential,Who puts down a chair before hugging the tall tennis player to congratulate the tall tennis player?,1,mean_pool,42,1,2,1,1,1,0.7760893499263629,0.7931073587921229,0.784598354359243
groundmore/unNo93gbor8_2024_2035/1__exp1/1,groundmore,test,unNo93gbor8_2024_2035,1__exp1,1,sequential,Who puts down a chair before hugging the tall tennis player to congratulate the tall tennis player?,1,opg_no_monotonic,ensemble,1,2,1,1,1,0.7760893499263629,0.7931073587921229,0.784598354359243
groundmore/unNo93gbor8_2024_2035/1__exp1/1,groundmore,test,unNo93gbor8_2024_2035,1__exp1,1,sequential,Who puts down a chair before hugging the tall tennis player to congratulate the tall tennis player?,1,opg_no_monotonic,11,1,2,1,1,1,0.7760893499263629,0.7931073587921229,0.784598354359243
groundmore/unNo93gbor8_2024_2035/1__exp1/1,groundmore,test,unNo93gbor8_2024_2035,1__exp1,1,sequential,Who puts down a chair before hugging the tall tennis player to congratulate the tall tennis player?,1,opg_no_monotonic,23,1,2,1,1,1,0.7760893499263629,0.7931073587921229,0.784598354359243
groundmore/unNo93gbor8_2024_2035/1__exp1/1,groundmore,test,unNo93gbor8_2024_2035,1__exp1,1,sequential,Who puts down a chair before hugging the tall tennis player to congratulate the tall tennis player?,1,opg_no_monotonic,42,1,2,1,1,1,0.7760893499263629,0.7931073587921229,0.784598354359243
groundmore/unNo93gbor8_2024_2035/1__exp1/1,groundmore,test,unNo93gbor8_2024_2035,1__exp1,1,sequential,Who puts down a chair before hugging the tall tennis player to congratulate the tall tennis player?,1,opg_no_order_loss,ensemble,1,2,1,1,1,0.7760893499263629,0.7931073587921229,0.784598354359243
groundmore/unNo93gbor8_2024_2035/1__exp1/1,groundmore,test,unNo93gbor8_2024_2035,1__exp1,1,sequential,Who puts down a chair before hugging the tall tennis player to congratulate the tall tennis player?,1,opg_no_order_loss,11,1,2,1,1,1,0.7760893499263629,0.7931073587921229,0.784598354359243
groundmore/unNo93gbor8_2024_2035/1__exp1/1,groundmore,test,unNo93gbor8_2024_2035,1__exp1,1,sequential,Who puts down a chair before hugging the tall tennis player to congratulate the tall tennis player?,1,opg_no_order_loss,23,1,2,1,1,1,0.7760893499263629,0.7931073587921229,0.784598354359243
groundmore/unNo93gbor8_2024_2035/1__exp1/1,groundmore,test,unNo93gbor8_2024_2035,1__exp1,1,sequential,Who puts down a chair before hugging the tall tennis player to congratulate the tall tennis player?,1,opg_no_order_loss,42,1,2,1,1,1,0.7760893499263629,0.7931073587921229,0.784598354359243
groundmore/unNo93gbor8_2024_2035/1__exp1/1,groundmore,test,unNo93gbor8_2024_2035,1__exp1,1,sequential,Who puts down a chair before hugging the tall tennis player to congratulate the tall tennis player?,1,opg_full,ensemble,1,2,1,1,1,0.7760893499263629,0.7931073587921229,0.784598354359243
groundmore/unNo93gbor8_2024_2035/1__exp1/1,groundmore,test,unNo93gbor8_2024_2035,1__exp1,1,sequential,Who puts down a chair before hugging the tall tennis player to congratulate the tall tennis player?,1,opg_full,11,1,2,1,1,1,0.7760893499263629,0.7931073587921229,0.784598354359243
groundmore/unNo93gbor8_2024_2035/1__exp1/1,groundmore,test,unNo93gbor8_2024_2035,1__exp1,1,sequential,Who puts down a chair before hugging the tall tennis player to congratulate the tall tennis player?,1,opg_full,23,1,2,1,1,1,0.7760893499263629,0.7931073587921229,0.784598354359243
groundmore/unNo93gbor8_2024_2035/1__exp1/1,groundmore,test,unNo93gbor8_2024_2035,1__exp1,1,sequential,Who puts down a chair before hugging the tall tennis player to congratulate the tall tennis player?,1,opg_full,42,1,2,1,1,1,0.7760893499263629,0.7931073587921229,0.784598354359243
groundmore/unNo93gbor8_2024_2035/2__exp2/2,groundmore,test,unNo93gbor8_2024_2035,2__exp2,2,sequential,What does the short tennis player put down before hugging the tall tennis player to congratulate the tall tennis player?,1,mean_pool,ensemble,0,0,,,0,0.0,0.0,0.0
groundmore/unNo93gbor8_2024_2035/2__exp2/2,groundmore,test,unNo93gbor8_2024_2035,2__exp2,2,sequential,What does the short tennis player put down before hugging the tall tennis player to congratulate the tall tennis player?,1,opg_no_monotonic,ensemble,0,0,,,0,0.0,0.0,0.0
groundmore/unNo93gbor8_2024_2035/2__exp2/2,groundmore,test,unNo93gbor8_2024_2035,2__exp2,2,sequential,What does the short tennis player put down before hugging the tall tennis player to congratulate the tall tennis player?,1,opg_no_order_loss,ensemble,0,0,,,0,0.0,0.0,0.0
groundmore/unNo93gbor8_2024_2035/2__exp2/2,groundmore,test,unNo93gbor8_2024_2035,2__exp2,2,sequential,What does the short tennis player put down before hugging the tall tennis player to congratulate the tall tennis player?,1,opg_full,ensemble,0,0,,,0,0.0,0.0,0.0
groundmore/unNo93gbor8_2024_2035/3__exp3/3,groundmore,test,unNo93gbor8_2024_2035,3__exp3,3,sequential,Who does the short tennis player hug to congratulate after putting down a chair?,1,mean_pool,ensemble,1,2,1,1,1,0.402299866170003,0.5107415624629825,0.45652071431649277
groundmore/unNo93gbor8_2024_2035/3__exp3/3,groundmore,test,unNo93gbor8_2024_2035,3__exp3,3,sequential,Who does the short tennis player hug to congratulate after putting down a chair?,1,mean_pool,11,1,2,1,1,1,0.402299866170003,0.5107415624629825,0.45652071431649277
groundmore/unNo93gbor8_2024_2035/3__exp3/3,groundmore,test,unNo93gbor8_2024_2035,3__exp3,3,sequential,Who does the short tennis player hug to congratulate after putting down a chair?,1,mean_pool,23,1,2,1,1,1,0.402299866170003,0.5107415624629825,0.45652071431649277
groundmore/unNo93gbor8_2024_2035/3__exp3/3,groundmore,test,unNo93gbor8_2024_2035,3__exp3,3,sequential,Who does the short tennis player hug to congratulate after putting down a chair?,1,mean_pool,42,1,2,1,1,1,0.402299866170003,0.5107415624629825,0.45652071431649277
groundmore/unNo93gbor8_2024_2035/3__exp3/3,groundmore,test,unNo93gbor8_2024_2035,3__exp3,3,sequential,Who does the short tennis player hug to congratulate after putting down a chair?,1,opg_no_monotonic,ensemble,1,2,1,1,1,0.402299866170003,0.5107415624629825,0.45652071431649277
groundmore/unNo93gbor8_2024_2035/3__exp3/3,groundmore,test,unNo93gbor8_2024_2035,3__exp3,3,sequential,Who does the short tennis player hug to congratulate after putting down a chair?,1,opg_no_monotonic,11,1,2,1,1,1,0.402299866170003,0.5107415624629825,0.45652071431649277
groundmore/unNo93gbor8_2024_2035/3__exp3/3,groundmore,test,unNo93gbor8_2024_2035,3__exp3,3,sequential,Who does the short tennis player hug to congratulate after putting down a chair?,1,opg_no_monotonic,23,1,2,1,1,1,0.402299866170003,0.5107415624629825,0.45652071431649277
groundmore/unNo93gbor8_2024_2035/3__exp3/3,groundmore,test,unNo93gbor8_2024_2035,3__exp3,3,sequential,Who does the short tennis player hug to congratulate after putting down a chair?,1,opg_no_monotonic,42,1,2,1,1,1,0.402299866170003,0.5107415624629825,0.45652071431649277
groundmore/unNo93gbor8_2024_2035/3__exp3/3,groundmore,test,unNo93gbor8_2024_2035,3__exp3,3,sequential,Who does the short tennis player hug to congratulate after putting down a chair?,1,opg_no_order_loss,ensemble,1,2,1,1,1,0.402299866170003,0.5107415624629825,0.45652071431649277
groundmore/unNo93gbor8_2024_2035/3__exp3/3,groundmore,test,unNo93gbor8_2024_2035,3__exp3,3,sequential,Who does the short tennis player hug to congratulate after putting down a chair?,1,opg_no_order_loss,11,1,2,1,1,1,0.402299866170003,0.5107415624629825,0.45652071431649277
groundmore/unNo93gbor8_2024_2035/3__exp3/3,groundmore,test,unNo93gbor8_2024_2035,3__exp3,3,sequential,Who does the short tennis player hug to congratulate after putting down a chair?,1,opg_no_order_loss,23,1,2,1,1,1,0.402299866170003,0.5107415624629825,0.45652071431649277
groundmore/unNo93gbor8_2024_2035/3__exp3/3,groundmore,test,unNo93gbor8_2024_2035,3__exp3,3,sequential,Who does the short tennis player hug to congratulate after putting down a chair?,1,opg_no_order_loss,42,1,2,1,1,1,0.402299866170003,0.5107415624629825,0.45652071431649277
groundmore/unNo93gbor8_2024_2035/3__exp3/3,groundmore,test,unNo93gbor8_2024_2035,3__exp3,3,sequential,Who does the short tennis player hug to congratulate after putting down a chair?,1,opg_full,ensemble,1,2,1,1,1,0.402299866170003,0.5107415624629825,0.45652071431649277
groundmore/unNo93gbor8_2024_2035/3__exp3/3,groundmore,test,unNo93gbor8_2024_2035,3__exp3,3,sequential,Who does the short tennis player hug to congratulate after putting down a chair?,1,opg_full,11,1,2,1,1,1,0.402299866170003,0.5107415624629825,0.45652071431649277
groundmore/unNo93gbor8_2024_2035/3__exp3/3,groundmore,test,unNo93gbor8_2024_2035,3__exp3,3,sequential,Who does the short tennis player hug to congratulate after putting down a chair?,1,opg_full,23,1,2,1,1,1,0.402299866170003,0.5107415624629825,0.45652071431649277
groundmore/unNo93gbor8_2024_2035/3__exp3/3,groundmore,test,unNo93gbor8_2024_2035,3__exp3,3,sequential,Who does the short tennis player hug to congratulate after putting down a chair?,1,opg_full,42,1,2,1,1,1,0.402299866170003,0.5107415624629825,0.45652071431649277
groundmore/vFAbsrfklQo_0800_0810/1__exp1/1,groundmore,test,vFAbsrfklQo_0800_0810,1__exp1,1,sequential,Who receives the ball after the man in the front serves the tennis ball?,1,mean_pool,ensemble,1,1,0,0,1,0.65,0.65,0.65
groundmore/vFAbsrfklQo_0800_0810/1__exp1/1,groundmore,test,vFAbsrfklQo_0800_0810,1__exp1,1,sequential,Who receives the ball after the man in the front serves the tennis ball?,1,mean_pool,11,1,1,0,0,1,0.65,0.65,0.65
groundmore/vFAbsrfklQo_0800_0810/1__exp1/1,groundmore,test,vFAbsrfklQo_0800_0810,1__exp1,1,sequential,Who receives the ball after the man in the front serves the tennis ball?,1,mean_pool,23,1,1,0,0,1,0.65,0.65,0.65
groundmore/vFAbsrfklQo_0800_0810/1__exp1/1,groundmore,test,vFAbsrfklQo_0800_0810,1__exp1,1,sequential,Who receives the ball after the man in the front serves the tennis ball?,1,mean_pool,42,1,1,0,0,1,0.65,0.65,0.65
groundmore/vFAbsrfklQo_0800_0810/1__exp1/1,groundmore,test,vFAbsrfklQo_0800_0810,1__exp1,1,sequential,Who receives the ball after the man in the front serves the tennis ball?,1,opg_no_monotonic,ensemble,1,1,0,0,1,0.65,0.65,0.65
groundmore/vFAbsrfklQo_0800_0810/1__exp1/1,groundmore,test,vFAbsrfklQo_0800_0810,1__exp1,1,sequential,Who receives the ball after the man in the front serves the tennis ball?,1,opg_no_monotonic,11,1,1,0,0,1,0.65,0.65,0.65
groundmore/vFAbsrfklQo_0800_0810/1__exp1/1,groundmore,test,vFAbsrfklQo_0800_0810,1__exp1,1,sequential,Who receives the ball after the man in the front serves the tennis ball?,1,opg_no_monotonic,23,1,1,0,0,1,0.65,0.65,0.65
groundmore/vFAbsrfklQo_0800_0810/1__exp1/1,groundmore,test,vFAbsrfklQo_0800_0810,1__exp1,1,sequential,Who receives the ball after the man in the front serves the tennis ball?,1,opg_no_monotonic,42,1,1,0,0,1,0.65,0.65,0.65
groundmore/vFAbsrfklQo_0800_0810/1__exp1/1,groundmore,test,vFAbsrfklQo_0800_0810,1__exp1,1,sequential,Who receives the ball after the man in the front serves the tennis ball?,1,opg_no_order_loss,ensemble,1,1,0,0,1,0.65,0.65,0.65
groundmore/vFAbsrfklQo_0800_0810/1__exp1/1,groundmore,test,vFAbsrfklQo_0800_0810,1__exp1,1,sequential,Who receives the ball after the man in the front serves the tennis ball?,1,opg_no_order_loss,11,1,1,0,0,1,0.65,0.65,0.65
groundmore/vFAbsrfklQo_0800_0810/1__exp1/1,groundmore,test,vFAbsrfklQo_0800_0810,1__exp1,1,sequential,Who receives the ball after the man in the front serves the tennis ball?,1,opg_no_order_loss,23,1,1,0,0,1,0.65,0.65,0.65
groundmore/vFAbsrfklQo_0800_0810/1__exp1/1,groundmore,test,vFAbsrfklQo_0800_0810,1__exp1,1,sequential,Who receives the ball after the man in the front serves the tennis ball?,1,opg_no_order_loss,42,1,1,0,0,1,0.65,0.65,0.65
groundmore/vFAbsrfklQo_0800_0810/1__exp1/1,groundmore,test,vFAbsrfklQo_0800_0810,1__exp1,1,sequential,Who receives the ball after the man in the front serves the tennis ball?,1,opg_full,ensemble,1,1,0,0,1,0.65,0.65,0.65
groundmore/vFAbsrfklQo_0800_0810/1__exp1/1,groundmore,test,vFAbsrfklQo_0800_0810,1__exp1,1,sequential,Who receives the ball after the man in the front serves the tennis ball?,1,opg_full,11,1,1,0,0,1,0.65,0.65,0.65
groundmore/vFAbsrfklQo_0800_0810/1__exp1/1,groundmore,test,vFAbsrfklQo_0800_0810,1__exp1,1,sequential,Who receives the ball after the man in the front serves the tennis ball?,1,opg_full,23,1,1,0,0,1,0.65,0.65,0.65
groundmore/vFAbsrfklQo_0800_0810/1__exp1/1,groundmore,test,vFAbsrfklQo_0800_0810,1__exp1,1,sequential,Who receives the ball after the man in the front serves the tennis ball?,1,opg_full,42,1,1,0,0,1,0.65,0.65,0.65
groundmore/vFAbsrfklQo_0800_0810/2__exp2/2,groundmore,test,vFAbsrfklQo_0800_0810,2__exp2,2,sequential,What does the man in the back receive after the man in the front serves the tennis ball?,1,mean_pool,ensemble,1,1,0,0,1,0.7379928315412186,0.75,0.7439964157706094
groundmore/vFAbsrfklQo_0800_0810/2__exp2/2,groundmore,test,vFAbsrfklQo_0800_0810,2__exp2,2,sequential,What does the man in the back receive after the man in the front serves the tennis ball?,1,mean_pool,11,1,1,0,0,1,0.7379928315412186,0.75,0.7439964157706094
groundmore/vFAbsrfklQo_0800_0810/2__exp2/2,groundmore,test,vFAbsrfklQo_0800_0810,2__exp2,2,sequential,What does the man in the back receive after the man in the front serves the tennis ball?,1,mean_pool,23,1,1,0,0,1,0.7379928315412186,0.75,0.7439964157706094
groundmore/vFAbsrfklQo_0800_0810/2__exp2/2,groundmore,test,vFAbsrfklQo_0800_0810,2__exp2,2,sequential,What does the man in the back receive after the man in the front serves the tennis ball?,1,mean_pool,42,1,1,0,0,1,0.7379928315412186,0.75,0.7439964157706094
groundmore/vFAbsrfklQo_0800_0810/2__exp2/2,groundmore,test,vFAbsrfklQo_0800_0810,2__exp2,2,sequential,What does the man in the back receive after the man in the front serves the tennis ball?,1,opg_no_monotonic,ensemble,1,1,0,0,1,0.7379928315412186,0.75,0.7439964157706094
groundmore/vFAbsrfklQo_0800_0810/2__exp2/2,groundmore,test,vFAbsrfklQo_0800_0810,2__exp2,2,sequential,What does the man in the back receive after the man in the front serves the tennis ball?,1,opg_no_monotonic,11,1,1,0,0,1,0.7379928315412186,0.75,0.7439964157706094
groundmore/vFAbsrfklQo_0800_0810/2__exp2/2,groundmore,test,vFAbsrfklQo_0800_0810,2__exp2,2,sequential,What does the man in the back receive after the man in the front serves the tennis ball?,1,opg_no_monotonic,23,1,1,0,0,1,0.7379928315412186,0.75,0.7439964157706094
groundmore/vFAbsrfklQo_0800_0810/2__exp2/2,groundmore,test,vFAbsrfklQo_0800_0810,2__exp2,2,sequential,What does the man in the back receive after the man in the front serves the tennis ball?,1,opg_no_monotonic,42,1,1,0,0,1,0.7379928315412186,0.75,0.7439964157706094
groundmore/vFAbsrfklQo_0800_0810/2__exp2/2,groundmore,test,vFAbsrfklQo_0800_0810,2__exp2,2,sequential,What does the man in the back receive after the man in the front serves the tennis ball?,1,opg_no_order_loss,ensemble,1,1,0,0,1,0.7379928315412186,0.75,0.7439964157706094
groundmore/vFAbsrfklQo_0800_0810/2__exp2/2,groundmore,test,vFAbsrfklQo_0800_0810,2__exp2,2,sequential,What does the man in the back receive after the man in the front serves the tennis ball?,1,opg_no_order_loss,11,1,1,0,0,1,0.7379928315412186,0.75,0.7439964157706094
groundmore/vFAbsrfklQo_0800_0810/2__exp2/2,groundmore,test,vFAbsrfklQo_0800_0810,2__exp2,2,sequential,What does the man in the back receive after the man in the front serves the tennis ball?,1,opg_no_order_loss,23,1,1,0,0,1,0.7379928315412186,0.75,0.7439964157706094
groundmore/vFAbsrfklQo_0800_0810/2__exp2/2,groundmore,test,vFAbsrfklQo_0800_0810,2__exp2,2,sequential,What does the man in the back receive after the man in the front serves the tennis ball?,1,opg_no_order_loss,42,1,1,0,0,1,0.7379928315412186,0.75,0.7439964157706094
groundmore/vFAbsrfklQo_0800_0810/2__exp2/2,groundmore,test,vFAbsrfklQo_0800_0810,2__exp2,2,sequential,What does the man in the back receive after the man in the front serves the tennis ball?,1,opg_full,ensemble,1,1,0,0,1,0.7379928315412186,0.75,0.7439964157706094
groundmore/vFAbsrfklQo_0800_0810/2__exp2/2,groundmore,test,vFAbsrfklQo_0800_0810,2__exp2,2,sequential,What does the man in the back receive after the man in the front serves the tennis ball?,1,opg_full,11,1,1,0,0,1,0.7379928315412186,0.75,0.7439964157706094
groundmore/vFAbsrfklQo_0800_0810/2__exp2/2,groundmore,test,vFAbsrfklQo_0800_0810,2__exp2,2,sequential,What does the man in the back receive after the man in the front serves the tennis ball?,1,opg_full,23,1,1,0,0,1,0.7379928315412186,0.75,0.7439964157706094
groundmore/vFAbsrfklQo_0800_0810/2__exp2/2,groundmore,test,vFAbsrfklQo_0800_0810,2__exp2,2,sequential,What does the man in the back receive after the man in the front serves the tennis ball?,1,opg_full,42,1,1,0,0,1,0.7379928315412186,0.75,0.7439964157706094
