identity,dataset,video_id,object_id,expression_id,description_type,expression,method,target_original_score,target_reverse_score,target_block_swap_score,original_minus_reverse,original_minus_block_swap,original_target_rank,original_target_vs_distractor_margin
long_rvos/0310d3743b/1/1,long_rvos,0310d3743b,1,1,dynamic,The person skis downhill and then claps hands with another person.,opg_no_order_loss,1.6262625455856323,1.4392060041427612,1.6235074996948242,0.1870565414428711,0.0027550458908081055,3,-0.6199854612350464
long_rvos/0310d3743b/1/1,long_rvos,0310d3743b,1,1,dynamic,The person skis downhill and then claps hands with another person.,opg_full,14162.2763671875,14162.06640625,14162.2373046875,0.2099609375,0.0390625,3,-0.208984375
long_rvos/0310d3743b/1/1,long_rvos,0310d3743b,1,1,dynamic,The person skis downhill and then claps hands with another person.,mean_pool,-5.9727950890858965,-5.9727950890858965,-5.9727950890858965,0.0,0.0,,
long_rvos/0310d3743b/1/10,long_rvos,0310d3743b,1,10,hybrid,A woman wearing a red helmet was the first to ski down the snowy mountain.,opg_no_order_loss,1.6031063795089722,1.422498345375061,1.6065583229064941,0.18060803413391113,-0.0034519433975219727,2,-0.2137690782546997
long_rvos/0310d3743b/1/10,long_rvos,0310d3743b,1,10,hybrid,A woman wearing a red helmet was the first to ski down the snowy mountain.,opg_full,14162.2666015625,14162.0751953125,14162.23046875,0.19140625,0.0361328125,2,-0.2880859375
long_rvos/0310d3743b/1/10,long_rvos,0310d3743b,1,10,hybrid,A woman wearing a red helmet was the first to ski down the snowy mountain.,mean_pool,-4.4850426117579145,-4.4850426117579145,-4.4850426117579145,0.0,0.0,,
long_rvos/0310d3743b/1/3,long_rvos,0310d3743b,1,3,dynamic,"The woman skis down the snowy mountain, raises her hands after successfully skiing down, then lowers them. After another woman skis down, she raises her hands to celebrate, gives a thumbs up with both hands, takes off her right glove, and high-fives the person in front of her.",opg_no_order_loss,1.6894649267196655,1.6097593307495117,1.7668333053588867,0.07970559597015381,-0.07736837863922119,2,-0.17980003356933594
long_rvos/0310d3743b/1/3,long_rvos,0310d3743b,1,3,dynamic,"The woman skis down the snowy mountain, raises her hands after successfully skiing down, then lowers them. After another woman skis down, she raises her hands to celebrate, gives a thumbs up with both hands, takes off her right glove, and high-fives the person in front of her.",opg_full,14162.265625,14162.0751953125,14162.2275390625,0.1904296875,0.0380859375,2,-0.2890625
long_rvos/0310d3743b/1/3,long_rvos,0310d3743b,1,3,dynamic,"The woman skis down the snowy mountain, raises her hands after successfully skiing down, then lowers them. After another woman skis down, she raises her hands to celebrate, gives a thumbs up with both hands, takes off her right glove, and high-fives the person in front of her.",mean_pool,-4.88984473546346,-4.88984473546346,-4.88984473546346,0.0,0.0,,
long_rvos/0310d3743b/2/7,long_rvos,0310d3743b,2,7,dynamic,"The woman skis down the snowy mountain after another woman, raises her hands to celebrate after successfully skiing down, then continues skiing, and gradually slows down.",opg_no_order_loss,1.8667634725570679,1.7132071256637573,1.8135870695114136,0.15355634689331055,0.0531764030456543,1,0.18706297874450684
long_rvos/0310d3743b/2/7,long_rvos,0310d3743b,2,7,dynamic,"The woman skis down the snowy mountain after another woman, raises her hands to celebrate after successfully skiing down, then continues skiing, and gradually slows down.",opg_full,14162.5537109375,14162.0947265625,14162.4033203125,0.458984375,0.150390625,1,0.2880859375
long_rvos/0310d3743b/2/7,long_rvos,0310d3743b,2,7,dynamic,"The woman skis down the snowy mountain after another woman, raises her hands to celebrate after successfully skiing down, then continues skiing, and gradually slows down.",mean_pool,-7.0984829266866045,-7.0984829266866045,-7.0984829266866045,0.0,0.0,,
long_rvos/0310d3743b/3/12,long_rvos,0310d3743b,3,12,dynamic,A snowboard splits left and right before stopping in the snow.,opg_no_order_loss,1.5978351831436157,1.4404473304748535,1.5145654678344727,0.1573878526687622,0.08326971530914307,1,0.23398590087890625
long_rvos/0310d3743b/3/12,long_rvos,0310d3743b,3,12,dynamic,A snowboard splits left and right before stopping in the snow.,opg_full,14162.2158203125,14162.1455078125,14162.1845703125,0.0703125,0.03125,1,0.0947265625
long_rvos/0310d3743b/3/12,long_rvos,0310d3743b,3,12,dynamic,A snowboard splits left and right before stopping in the snow.,mean_pool,-8.829233487447103,-8.829233487447103,-8.829233487447103,0.0,0.0,,
long_rvos/0d0ebe00cc/1/3,long_rvos,0d0ebe00cc,1,3,dynamic,"The dog is rolling on the bed, then it enjoys being petted by the man, before moving its mouth close to the other dog and turning its head.",opg_no_order_loss,2.007852792739868,2.0439112186431885,1.9858506917953491,-0.03605842590332031,0.022002100944519043,2,-0.018359661102294922
long_rvos/0d0ebe00cc/1/3,long_rvos,0d0ebe00cc,1,3,dynamic,"The dog is rolling on the bed, then it enjoys being petted by the man, before moving its mouth close to the other dog and turning its head.",opg_full,14162.2939453125,14162.3017578125,14162.4150390625,-0.0078125,-0.12109375,2,-0.0576171875
long_rvos/0d0ebe00cc/1/3,long_rvos,0d0ebe00cc,1,3,dynamic,"The dog is rolling on the bed, then it enjoys being petted by the man, before moving its mouth close to the other dog and turning its head.",mean_pool,4.579939047495524,4.579939047495524,4.579939047495524,0.0,0.0,,
long_rvos/0d0ebe00cc/2/7,long_rvos,0d0ebe00cc,2,7,dynamic,"The dog grabs the man's hand, then the man holds the dog's mouth, the dog occasionally sticks out its tongue, and it starts baring its teeth when another dog gets closer.",opg_no_order_loss,2.0982651710510254,2.085038423538208,2.3100826740264893,0.013226747512817383,-0.21181750297546387,1,0.014549970626831055
long_rvos/0d0ebe00cc/2/7,long_rvos,0d0ebe00cc,2,7,dynamic,"The dog grabs the man's hand, then the man holds the dog's mouth, the dog occasionally sticks out its tongue, and it starts baring its teeth when another dog gets closer.",opg_full,14162.3515625,14162.359375,14162.4736328125,-0.0078125,-0.1220703125,1,0.0576171875
long_rvos/0d0ebe00cc/2/7,long_rvos,0d0ebe00cc,2,7,dynamic,"The dog grabs the man's hand, then the man holds the dog's mouth, the dog occasionally sticks out its tongue, and it starts baring its teeth when another dog gets closer.",mean_pool,2.528091530005137,2.528091530005137,2.528091530005137,0.0,0.0,,
long_rvos/0d0ebe00cc/3/11,long_rvos,0d0ebe00cc,3,11,dynamic,"The man is petting the two dogs in front of him, then he grabs the white dog's mouth with his hand and proceeds to pet the dog's chin.",opg_no_order_loss,2.092452049255371,2.114405870437622,2.2221810817718506,-0.021953821182250977,-0.1297290325164795,1,0.7019220590591431
long_rvos/0d0ebe00cc/3/11,long_rvos,0d0ebe00cc,3,11,dynamic,"The man is petting the two dogs in front of him, then he grabs the white dog's mouth with his hand and proceeds to pet the dog's chin.",opg_full,14162.1943359375,14162.5390625,14162.4990234375,-0.3447265625,-0.3046875,2,-0.072265625
long_rvos/0d0ebe00cc/3/11,long_rvos,0d0ebe00cc,3,11,dynamic,"The man is petting the two dogs in front of him, then he grabs the white dog's mouth with his hand and proceeds to pet the dog's chin.",mean_pool,0.5004945000012716,0.5004945000012716,0.5004945000012716,0.0,0.0,,
long_rvos/1088228079/2/3,long_rvos,1088228079,2,3,dynamic,"The woman in blue clothes grabs the rocks in front of her, continuously climbing upwards, then loses grip and falls from the cliff.",opg_no_order_loss,2.425382614135742,2.363548994064331,2.412928342819214,0.06183362007141113,0.01245427131652832,2,-0.453169584274292
long_rvos/1088228079/2/3,long_rvos,1088228079,2,3,dynamic,"The woman in blue clothes grabs the rocks in front of her, continuously climbing upwards, then loses grip and falls from the cliff.",opg_full,14162.4306640625,14162.7705078125,14162.5810546875,-0.33984375,-0.150390625,3,-0.314453125
long_rvos/1088228079/2/3,long_rvos,1088228079,2,3,dynamic,"The woman in blue clothes grabs the rocks in front of her, continuously climbing upwards, then loses grip and falls from the cliff.",mean_pool,0.21565794944763184,0.21565794944763184,0.21565794944763184,0.0,0.0,,
long_rvos/1088228079/2/9,long_rvos,1088228079,2,9,hybrid,"A woman in blue grabs rocks, climbs up, then falls from a cliff near a man in white.",opg_no_order_loss,2.4007680416107178,2.3460235595703125,2.3956453800201416,0.05474448204040527,0.005122661590576172,2,-0.46724915504455566
long_rvos/1088228079/2/9,long_rvos,1088228079,2,9,hybrid,"A woman in blue grabs rocks, climbs up, then falls from a cliff near a man in white.",opg_full,14162.4306640625,14162.7705078125,14162.5810546875,-0.33984375,-0.150390625,3,-0.314453125
long_rvos/1088228079/2/9,long_rvos,1088228079,2,9,hybrid,"A woman in blue grabs rocks, climbs up, then falls from a cliff near a man in white.",mean_pool,0.10711463292439778,0.10711463292439778,0.10711463292439778,0.0,0.0,,
long_rvos/1088228079/4/7,long_rvos,1088228079,4,7,dynamic,"The woman in black clothes grabs the rocks in front of her, continuously climbing upwards, then loses grip and falls from the cliff.",opg_no_order_loss,2.2515478134155273,2.314286708831787,1.9588284492492676,-0.06273889541625977,0.29271936416625977,3,-0.6126840114593506
long_rvos/1088228079/4/7,long_rvos,1088228079,4,7,dynamic,"The woman in black clothes grabs the rocks in front of her, continuously climbing upwards, then loses grip and falls from the cliff.",opg_full,14162.48828125,14162.5283203125,14162.3671875,-0.0400390625,0.12109375,2,-0.2548828125
long_rvos/1088228079/4/7,long_rvos,1088228079,4,7,dynamic,"The woman in black clothes grabs the rocks in front of her, continuously climbing upwards, then loses grip and falls from the cliff.",mean_pool,-9.356961250305176,-9.356961250305176,-9.356961250305176,0.0,0.0,,
long_rvos/119777f4c0/1/1,long_rvos,119777f4c0,1,1,dynamic,"The man looks forward and holds the steering wheel. Then, the child sits next to him and holds the steering wheel.",opg_no_order_loss,1.8863276243209839,1.7554680109024048,1.5577503442764282,0.1308596134185791,0.32857728004455566,3,-0.8004077672958374
long_rvos/119777f4c0/1/1,long_rvos,119777f4c0,1,1,dynamic,"The man looks forward and holds the steering wheel. Then, the child sits next to him and holds the steering wheel.",opg_full,14162.3935546875,14162.34375,14162.046875,0.0498046875,0.3466796875,3,-0.208984375
long_rvos/119777f4c0/1/1,long_rvos,119777f4c0,1,1,dynamic,"The man looks forward and holds the steering wheel. Then, the child sits next to him and holds the steering wheel.",mean_pool,-6.698710600535075,-6.698710600535075,-6.698710600535075,0.0,0.0,,
long_rvos/119777f4c0/2/5,long_rvos,119777f4c0,2,5,dynamic,"The child talks to the man, then points around, turns to look behind, and sits in front of another man to hold the steering wheel.",opg_no_order_loss,2.7768239974975586,2.7416460514068604,2.694831609725952,0.03517794609069824,0.08199238777160645,1,0.0
long_rvos/119777f4c0/2/5,long_rvos,119777f4c0,2,5,dynamic,"The child talks to the man, then points around, turns to look behind, and sits in front of another man to hold the steering wheel.",opg_full,14162.5283203125,14162.5654296875,14162.5458984375,-0.037109375,-0.017578125,1,0.0
long_rvos/119777f4c0/2/5,long_rvos,119777f4c0,2,5,dynamic,"The child talks to the man, then points around, turns to look behind, and sits in front of another man to hold the steering wheel.",mean_pool,10.414294878641764,10.414294878641764,10.414294878641764,0.0,0.0,,
long_rvos/119777f4c0/3/9,long_rvos,119777f4c0,3,9,dynamic,"The man speaks to the child, then places the child in front of another man, allowing him to hold the steering wheel.",opg_no_order_loss,2.1948375701904297,2.2075631618499756,2.12243914604187,-0.012725591659545898,0.07239842414855957,2,-0.5112731456756592
long_rvos/119777f4c0/3/9,long_rvos,119777f4c0,3,9,dynamic,"The man speaks to the child, then places the child in front of another man, allowing him to hold the steering wheel.",opg_full,14162.265625,14162.46484375,14162.3291015625,-0.19921875,-0.0634765625,4,-0.3369140625
long_rvos/119777f4c0/3/9,long_rvos,119777f4c0,3,9,dynamic,"The man speaks to the child, then places the child in front of another man, allowing him to hold the steering wheel.",mean_pool,5.246123631795247,5.246123631795247,5.246123631795247,0.0,0.0,,
long_rvos/1a5dead3e3/2/3,long_rvos,1a5dead3e3,2,3,dynamic,"The man is holding a spoon to feed the baby, finally hands a can of something to another person.",opg_no_order_loss,1.4881080389022827,1.6430878639221191,1.8434977531433105,-0.15497982501983643,-0.35538971424102783,1,0.15195727348327637
long_rvos/1a5dead3e3/2/3,long_rvos,1a5dead3e3,2,3,dynamic,"The man is holding a spoon to feed the baby, finally hands a can of something to another person.",opg_full,14162.0234375,14162.4072265625,14162.40234375,-0.3837890625,-0.37890625,2,-0.09765625
long_rvos/1a5dead3e3/2/3,long_rvos,1a5dead3e3,2,3,dynamic,"The man is holding a spoon to feed the baby, finally hands a can of something to another person.",mean_pool,-6.777478059132894,-6.777478059132894,-6.777478059132894,0.0,0.0,,
long_rvos/1a5dead3e3/2/5,long_rvos,1a5dead3e3,2,5,hybrid,"A man in blue sits before a baby, feeding it with a spoon.",opg_no_order_loss,1.5323556661605835,1.6576342582702637,1.8506131172180176,-0.12527859210968018,-0.3182574510574341,1,0.14582622051239014
long_rvos/1a5dead3e3/2/5,long_rvos,1a5dead3e3,2,5,hybrid,"A man in blue sits before a baby, feeding it with a spoon.",opg_full,14162.0234375,14162.4091796875,14162.40234375,-0.3857421875,-0.37890625,2,-0.09765625
long_rvos/1a5dead3e3/2/5,long_rvos,1a5dead3e3,2,5,hybrid,"A man in blue sits before a baby, feeding it with a spoon.",mean_pool,-6.873544851938884,-6.873544851938884,-6.873544851938884,0.0,0.0,,
long_rvos/20eaede0fb/1/1,long_rvos,20eaede0fb,1,1,dynamic,"The girl lowers her head, looks at the small robotic cars in front of her, then reaches out to move one of the cars, and bends down to pick it up.",opg_no_order_loss,2.4863457679748535,2.4872171878814697,2.5122785568237305,-0.0008714199066162109,-0.025932788848876953,1,0.0
long_rvos/20eaede0fb/1/1,long_rvos,20eaede0fb,1,1,dynamic,"The girl lowers her head, looks at the small robotic cars in front of her, then reaches out to move one of the cars, and bends down to pick it up.",opg_full,14162.4287109375,14162.3369140625,14162.4794921875,0.091796875,-0.05078125,1,0.0
long_rvos/20eaede0fb/1/1,long_rvos,20eaede0fb,1,1,dynamic,"The girl lowers her head, looks at the small robotic cars in front of her, then reaches out to move one of the cars, and bends down to pick it up.",mean_pool,11.514378229777018,11.514378229777018,11.514378229777018,0.0,0.0,,
long_rvos/20eaede0fb/1/3,long_rvos,20eaede0fb,1,3,dynamic,"The girl stands in front of the table, looking at the toys on it, adjusting their positions, then bends down to examine them closely.",opg_no_order_loss,2.4905030727386475,2.521162271499634,2.5568294525146484,-0.030659198760986328,-0.06632637977600098,1,0.0
long_rvos/20eaede0fb/1/3,long_rvos,20eaede0fb,1,3,dynamic,"The girl stands in front of the table, looking at the toys on it, adjusting their positions, then bends down to examine them closely.",opg_full,14162.4287109375,14162.3369140625,14162.4794921875,0.091796875,-0.05078125,1,0.0
long_rvos/20eaede0fb/1/3,long_rvos,20eaede0fb,1,3,dynamic,"The girl stands in front of the table, looking at the toys on it, adjusting their positions, then bends down to examine them closely.",mean_pool,11.69403330485026,11.69403330485026,11.69403330485026,0.0,0.0,,
long_rvos/20eaede0fb/1/6,long_rvos,20eaede0fb,1,6,hybrid,"A girl in red A girl looks at a toy car, then nudges it with her hand. Finally, she bends down and lies on the table to watch..",opg_no_order_loss,2.4960458278656006,2.5262792110443115,2.5624852180480957,-0.030233383178710938,-0.06643939018249512,1,0.0
long_rvos/20eaede0fb/1/6,long_rvos,20eaede0fb,1,6,hybrid,"A girl in red A girl looks at a toy car, then nudges it with her hand. Finally, she bends down and lies on the table to watch..",opg_full,14162.4287109375,14162.3359375,14162.4794921875,0.0927734375,-0.05078125,1,0.0
long_rvos/20eaede0fb/1/6,long_rvos,20eaede0fb,1,6,hybrid,"A girl in red A girl looks at a toy car, then nudges it with her hand. Finally, she bends down and lies on the table to watch..",mean_pool,11.765905698140463,11.765905698140463,11.765905698140463,0.0,0.0,,
long_rvos/20eaede0fb/2/5,long_rvos,20eaede0fb,2,5,dynamic,"The vehicle drives over, then turns and drives away.",opg_no_order_loss,1.437060832977295,1.437060832977295,1.437060832977295,0.0,0.0,4,-0.3549342155456543
long_rvos/20eaede0fb/2/5,long_rvos,20eaede0fb,2,5,dynamic,"The vehicle drives over, then turns and drives away.",opg_full,14162.12109375,14162.12109375,14162.12109375,0.0,0.0,4,-0.46875
long_rvos/20eaede0fb/2/5,long_rvos,20eaede0fb,2,5,dynamic,"The vehicle drives over, then turns and drives away.",mean_pool,-8.536818186442057,-8.536818186442057,-8.536818186442057,0.0,0.0,,
long_rvos/22680d3b50/4/4,long_rvos,22680d3b50,4,4,dynamic,"The bird pecks around on the car window, then flies to the car roof and looks around.",opg_no_order_loss,2.487666368484497,2.4433836936950684,2.287050485610962,0.04428267478942871,0.20061588287353516,1,0.9409404993057251
long_rvos/22680d3b50/4/4,long_rvos,22680d3b50,4,4,dynamic,"The bird pecks around on the car window, then flies to the car roof and looks around.",opg_full,14162.39453125,14162.2861328125,14162.2724609375,0.1083984375,0.1220703125,1,0.23828125
long_rvos/22680d3b50/4/4,long_rvos,22680d3b50,4,4,dynamic,"The bird pecks around on the car window, then flies to the car roof and looks around.",mean_pool,3.205179341137409,3.205179341137409,3.205179341137409,0.0,0.0,,
long_rvos/22680d3b50/4/6,long_rvos,22680d3b50,4,6,dynamic,"The bird moves around the window of the car, then hops onto the roof and walks there, finally standing still.",opg_no_order_loss,2.4807090759277344,2.441802978515625,2.2874374389648438,0.038906097412109375,0.19327163696289062,1,0.9147586822509766
long_rvos/22680d3b50/4/6,long_rvos,22680d3b50,4,6,dynamic,"The bird moves around the window of the car, then hops onto the roof and walks there, finally standing still.",opg_full,14162.39453125,14162.2861328125,14162.2724609375,0.1083984375,0.1220703125,1,0.23828125
long_rvos/22680d3b50/4/6,long_rvos,22680d3b50,4,6,dynamic,"The bird moves around the window of the car, then hops onto the roof and walks there, finally standing still.",mean_pool,3.601430724064509,3.601430724064509,3.601430724064509,0.0,0.0,,
long_rvos/22680d3b50/4/8,long_rvos,22680d3b50,4,8,hybrid,A green bird pecks around car window then flies to roof to look around.,opg_no_order_loss,2.5163724422454834,2.4762394428253174,2.338353395462036,0.040132999420166016,0.17801904678344727,1,1.148803472518921
long_rvos/22680d3b50/4/8,long_rvos,22680d3b50,4,8,hybrid,A green bird pecks around car window then flies to roof to look around.,opg_full,14162.4033203125,14162.3740234375,14162.3662109375,0.029296875,0.037109375,1,0.2822265625
long_rvos/22680d3b50/4/8,long_rvos,22680d3b50,4,8,hybrid,A green bird pecks around car window then flies to roof to look around.,mean_pool,4.090856961905956,4.090856961905956,4.090856961905956,0.0,0.0,,
long_rvos/22680d3b50/4/9,long_rvos,22680d3b50,4,9,hybrid,A dark green bird moves around car window then hops onto roof before standing still.,opg_no_order_loss,2.505446672439575,2.4693222045898438,2.3328065872192383,0.036124467849731445,0.17264008522033691,1,1.1050864458084106
long_rvos/22680d3b50/4/9,long_rvos,22680d3b50,4,9,hybrid,A dark green bird moves around car window then hops onto roof before standing still.,opg_full,14162.4033203125,14162.3740234375,14162.3662109375,0.029296875,0.037109375,1,0.283203125
long_rvos/22680d3b50/4/9,long_rvos,22680d3b50,4,9,hybrid,A dark green bird moves around car window then hops onto roof before standing still.,mean_pool,4.15094609061877,4.15094609061877,4.15094609061877,0.0,0.0,,
long_rvos/235ff86d37/1/1,long_rvos,235ff86d37,1,1,dynamic,"The bird eats, then gets startled by another bird, recovers, continues eating, looks left and right, then resumes eating.",opg_no_order_loss,2.44130277633667,2.403575897216797,2.3943679332733154,0.03772687911987305,0.04693484306335449,1,0.2560117244720459
long_rvos/235ff86d37/1/1,long_rvos,235ff86d37,1,1,dynamic,"The bird eats, then gets startled by another bird, recovers, continues eating, looks left and right, then resumes eating.",opg_full,14162.2373046875,14162.4755859375,14162.3916015625,-0.23828125,-0.154296875,8,-0.2705078125
long_rvos/235ff86d37/1/1,long_rvos,235ff86d37,1,1,dynamic,"The bird eats, then gets startled by another bird, recovers, continues eating, looks left and right, then resumes eating.",mean_pool,-1.9236414829889934,-1.9236414829889934,-1.9236414829889934,0.0,0.0,,
long_rvos/235ff86d37/2/3,long_rvos,235ff86d37,2,3,dynamic,"The bird is startled, watches another bird flying toward it, continues to look around, then flies away.",opg_no_order_loss,1.7959750890731812,1.8701757192611694,1.8849096298217773,-0.07420063018798828,-0.08893454074859619,6,-0.6439155340194702
long_rvos/235ff86d37/2/3,long_rvos,235ff86d37,2,3,dynamic,"The bird is startled, watches another bird flying toward it, continues to look around, then flies away.",opg_full,14162.0654296875,14162.30859375,14162.3056640625,-0.2431640625,-0.240234375,13,-0.439453125
long_rvos/235ff86d37/2/3,long_rvos,235ff86d37,2,3,dynamic,"The bird is startled, watches another bird flying toward it, continues to look around, then flies away.",mean_pool,-6.878470579783122,-6.878470579783122,-6.878470579783122,0.0,0.0,,
long_rvos/235ff86d37/3/5,long_rvos,235ff86d37,3,5,dynamic,"The bird flies from the branch to a perch, then picks up something in its beak.",opg_no_order_loss,2.0206539630889893,2.1471993923187256,2.1403701305389404,-0.12654542922973633,-0.11971616744995117,4,-0.5698039531707764
long_rvos/235ff86d37/3/5,long_rvos,235ff86d37,3,5,dynamic,"The bird flies from the branch to a perch, then picks up something in its beak.",opg_full,14162.28515625,14162.1171875,14162.15234375,0.16796875,0.1328125,2,-0.21875
long_rvos/235ff86d37/3/5,long_rvos,235ff86d37,3,5,dynamic,"The bird flies from the branch to a perch, then picks up something in its beak.",mean_pool,-6.431727647781372,-6.431727647781372,-6.431727647781372,0.0,0.0,,
long_rvos/235ff86d37/4/11,long_rvos,235ff86d37,4,11,hybrid,"A bird stands on a birdhouse roof, flies down to eat, then another bird perches there.",opg_no_order_loss,2.007512331008911,1.9059175252914429,2.0367934703826904,0.10159480571746826,-0.029281139373779297,5,-0.4250965118408203
long_rvos/235ff86d37/4/11,long_rvos,235ff86d37,4,11,hybrid,"A bird stands on a birdhouse roof, flies down to eat, then another bird perches there.",opg_full,14162.50390625,14162.2607421875,14162.3115234375,0.2431640625,0.1923828125,1,0.21875
long_rvos/235ff86d37/4/11,long_rvos,235ff86d37,4,11,hybrid,"A bird stands on a birdhouse roof, flies down to eat, then another bird perches there.",mean_pool,-6.640363852183024,-6.640363852183024,-6.640363852183024,0.0,0.0,,
long_rvos/235ff86d37/4/6,long_rvos,235ff86d37,4,6,static,"A bird initially not shown on the scene, then standing on the middle of the roof of a birdhouse.",opg_no_order_loss,1.989672303199768,1.8929108381271362,2.034749746322632,0.09676146507263184,-0.04507744312286377,5,-0.4427388906478882
long_rvos/235ff86d37/4/6,long_rvos,235ff86d37,4,6,static,"A bird initially not shown on the scene, then standing on the middle of the roof of a birdhouse.",opg_full,14162.50390625,14162.2578125,14162.3095703125,0.24609375,0.1943359375,1,0.21875
long_rvos/235ff86d37/4/6,long_rvos,235ff86d37,4,6,static,"A bird initially not shown on the scene, then standing on the middle of the roof of a birdhouse.",mean_pool,-6.312342643737793,-6.312342643737793,-6.312342643737793,0.0,0.0,,
long_rvos/235ff86d37/4/7,long_rvos,235ff86d37,4,7,dynamic,"The bird flies onto the roof of the birdhouse, then hops down to eat. The scene switches to another bird standing on the roof.",opg_no_order_loss,1.9946843385696411,1.9035472869873047,2.0294244289398193,0.09113705158233643,-0.03474009037017822,5,-0.44952118396759033
long_rvos/235ff86d37/4/7,long_rvos,235ff86d37,4,7,dynamic,"The bird flies onto the roof of the birdhouse, then hops down to eat. The scene switches to another bird standing on the roof.",opg_full,14162.50390625,14162.2578125,14162.3095703125,0.24609375,0.1943359375,1,0.21875
long_rvos/235ff86d37/4/7,long_rvos,235ff86d37,4,7,dynamic,"The bird flies onto the roof of the birdhouse, then hops down to eat. The scene switches to another bird standing on the roof.",mean_pool,-6.6005269686381025,-6.6005269686381025,-6.6005269686381025,0.0,0.0,,
long_rvos/24b7b95ca4/1/2,long_rvos,24b7b95ca4,1,2,static,"A man wearing a black suit, white shirt, black tie, and a black top hat, with a yellow pocket square in his chest pocket, initially positioned at the center of the frame before only his hand remains visible on the left side.",opg_no_order_loss,1.7906078100204468,1.8198184967041016,1.6244148015975952,-0.029210686683654785,0.16619300842285156,3,-0.05751180648803711
long_rvos/24b7b95ca4/1/2,long_rvos,24b7b95ca4,1,2,static,"A man wearing a black suit, white shirt, black tie, and a black top hat, with a yellow pocket square in his chest pocket, initially positioned at the center of the frame before only his hand remains visible on the left side.",opg_full,14162.1865234375,14162.1923828125,14162.1953125,-0.005859375,-0.0087890625,3,-0.125
long_rvos/24b7b95ca4/1/2,long_rvos,24b7b95ca4,1,2,static,"A man wearing a black suit, white shirt, black tie, and a black top hat, with a yellow pocket square in his chest pocket, initially positioned at the center of the frame before only his hand remains visible on the left side.",mean_pool,-7.31864595413208,-7.31864595413208,-7.31864595413208,0.0,0.0,,
long_rvos/24b7b95ca4/1/3,long_rvos,24b7b95ca4,1,3,dynamic,"The man speaks to the camera, then lifts a camera forward, partially covering the view with his hand.",opg_no_order_loss,2.0447299480438232,2.086514949798584,2.017242670059204,-0.04178500175476074,0.02748727798461914,2,-0.48198843002319336
long_rvos/24b7b95ca4/1/3,long_rvos,24b7b95ca4,1,3,dynamic,"The man speaks to the camera, then lifts a camera forward, partially covering the view with his hand.",opg_full,14162.2255859375,14162.4326171875,14162.3525390625,-0.20703125,-0.126953125,8,-0.453125
long_rvos/24b7b95ca4/1/3,long_rvos,24b7b95ca4,1,3,dynamic,"The man speaks to the camera, then lifts a camera forward, partially covering the view with his hand.",mean_pool,8.35408639907837,8.35408639907837,8.35408639907837,0.0,0.0,,
long_rvos/24b7b95ca4/2/5,long_rvos,24b7b95ca4,2,5,dynamic,"A woman stood by the door, moved slightly, and then handed the water glass to the waiter.",opg_no_order_loss,2.5820162296295166,2.5691888332366943,2.566572904586792,0.012827396392822266,0.01544332504272461,1,0.33394432067871094
long_rvos/24b7b95ca4/2/5,long_rvos,24b7b95ca4,2,5,dynamic,"A woman stood by the door, moved slightly, and then handed the water glass to the waiter.",opg_full,14162.3203125,14162.67578125,14162.6435546875,-0.35546875,-0.3232421875,5,-0.10546875
long_rvos/24b7b95ca4/2/5,long_rvos,24b7b95ca4,2,5,dynamic,"A woman stood by the door, moved slightly, and then handed the water glass to the waiter.",mean_pool,-7.2928110758463545,-7.2928110758463545,-7.2928110758463545,0.0,0.0,,
long_rvos/24b7b95ca4/3/10,long_rvos,24b7b95ca4,3,10,static,"A woman wearing a black coat over a blue dress, initially facing away from the camera, briefly appearing at the center of the frame before disappearing as the camera moves.",opg_no_order_loss,2.2144930362701416,2.2500696182250977,2.340383529663086,-0.035576581954956055,-0.12589049339294434,2,-0.34804534912109375
long_rvos/24b7b95ca4/3/10,long_rvos,24b7b95ca4,3,10,static,"A woman wearing a black coat over a blue dress, initially facing away from the camera, briefly appearing at the center of the frame before disappearing as the camera moves.",opg_full,14162.2421875,14162.6376953125,14162.4853515625,-0.3955078125,-0.2431640625,9,-0.18359375
long_rvos/24b7b95ca4/3/10,long_rvos,24b7b95ca4,3,10,static,"A woman wearing a black coat over a blue dress, initially facing away from the camera, briefly appearing at the center of the frame before disappearing as the camera moves.",mean_pool,-0.02064967155456543,-0.02064967155456543,-0.02064967155456543,0.0,0.0,,
long_rvos/24b7b95ca4/3/9,long_rvos,24b7b95ca4,3,9,dynamic,"A woman with her hands behind her back, chatting with others, walking around, and finally leaving.",opg_no_order_loss,2.0769786834716797,2.2335593700408936,2.2812418937683105,-0.15658068656921387,-0.20426321029663086,2,-0.3297111988067627
long_rvos/24b7b95ca4/3/9,long_rvos,24b7b95ca4,3,9,dynamic,"A woman with her hands behind her back, chatting with others, walking around, and finally leaving.",opg_full,14162.2421875,14162.6396484375,14162.4873046875,-0.3974609375,-0.2451171875,9,-0.1845703125
long_rvos/24b7b95ca4/3/9,long_rvos,24b7b95ca4,3,9,dynamic,"A woman with her hands behind her back, chatting with others, walking around, and finally leaving.",mean_pool,-1.6946797246734302,-1.6946797246734302,-1.6946797246734302,0.0,0.0,,
long_rvos/24b7b95ca4/4/13,long_rvos,24b7b95ca4,4,13,dynamic,"The man raises his right hand, then lowers it, engaging in conversation with the crowd.",opg_no_order_loss,1.5855199098587036,1.6768478155136108,1.6206645965576172,-0.09132790565490723,-0.035144686698913574,8,-0.9215651750564575
long_rvos/24b7b95ca4/4/13,long_rvos,24b7b95ca4,4,13,dynamic,"The man raises his right hand, then lowers it, engaging in conversation with the crowd.",opg_full,14162.23828125,14162.2783203125,14162.2783203125,-0.0400390625,-0.0400390625,7,-0.4404296875
long_rvos/24b7b95ca4/4/13,long_rvos,24b7b95ca4,4,13,dynamic,"The man raises his right hand, then lowers it, engaging in conversation with the crowd.",mean_pool,-9.440099398295084,-9.440099398295084,-9.440099398295084,0.0,0.0,,
long_rvos/24b7b95ca4/5/15,long_rvos,24b7b95ca4,5,15,dynamic,"A man stands against the right side of the door, then turns left and chats with the woman opposite.",opg_no_order_loss,2.5166165828704834,2.505791664123535,2.322071075439453,0.010824918746948242,0.19454550743103027,1,0.4620833396911621
long_rvos/24b7b95ca4/5/15,long_rvos,24b7b95ca4,5,15,dynamic,"A man stands against the right side of the door, then turns left and chats with the woman opposite.",opg_full,14162.6787109375,14162.6845703125,14162.4970703125,-0.005859375,0.181640625,1,0.3359375
long_rvos/24b7b95ca4/5/15,long_rvos,24b7b95ca4,5,15,dynamic,"A man stands against the right side of the door, then turns left and chats with the woman opposite.",mean_pool,-2.0055048863093057,-2.0055048863093057,-2.0055048863093057,0.0,0.0,,
long_rvos/24b7b95ca4/5/17,long_rvos,24b7b95ca4,5,17,dynamic,"The man, facing away from the camera, then turns left and chats with the woman opposite.",opg_no_order_loss,2.5177114009857178,2.505743980407715,2.320794105529785,0.01196742057800293,0.19691729545593262,1,0.46635937690734863
long_rvos/24b7b95ca4/5/17,long_rvos,24b7b95ca4,5,17,dynamic,"The man, facing away from the camera, then turns left and chats with the woman opposite.",opg_full,14162.6787109375,14162.6845703125,14162.4970703125,-0.005859375,0.181640625,1,0.3359375
long_rvos/24b7b95ca4/5/17,long_rvos,24b7b95ca4,5,17,dynamic,"The man, facing away from the camera, then turns left and chats with the woman opposite.",mean_pool,-1.1857133309046428,-1.1857133309046428,-1.1857133309046428,0.0,0.0,,
long_rvos/2980a00b04/1/1,long_rvos,2980a00b04,1,1,dynamic,"The woman with a blindfold holds a stick and tries to hit a balloon, but is guided in the wrong direction by the man, finally hitting it successfully.",opg_no_order_loss,1.9060821533203125,1.9539308547973633,1.9400620460510254,-0.04784870147705078,-0.03397989273071289,3,-0.40537571907043457
long_rvos/2980a00b04/1/1,long_rvos,2980a00b04,1,1,dynamic,"The woman with a blindfold holds a stick and tries to hit a balloon, but is guided in the wrong direction by the man, finally hitting it successfully.",opg_full,14162.546875,14162.5224609375,14162.5400390625,0.0244140625,0.0068359375,2,-0.0869140625
long_rvos/2980a00b04/1/1,long_rvos,2980a00b04,1,1,dynamic,"The woman with a blindfold holds a stick and tries to hit a balloon, but is guided in the wrong direction by the man, finally hitting it successfully.",mean_pool,10.256120363871256,10.256120363871256,10.256120363871256,0.0,0.0,,
long_rvos/2980a00b04/1/3,long_rvos,2980a00b04,1,3,dynamic,"The woman, blindfolded, swings a stick left and right, then turns around and strikes the tree.",opg_no_order_loss,1.8076200485229492,1.8556302785873413,1.8427814245224,-0.04801023006439209,-0.035161375999450684,4,-0.49541664123535156
long_rvos/2980a00b04/1/3,long_rvos,2980a00b04,1,3,dynamic,"The woman, blindfolded, swings a stick left and right, then turns around and strikes the tree.",opg_full,14162.5478515625,14162.5224609375,14162.5400390625,0.025390625,0.0078125,2,-0.0859375
long_rvos/2980a00b04/1/3,long_rvos,2980a00b04,1,3,dynamic,"The woman, blindfolded, swings a stick left and right, then turns around and strikes the tree.",mean_pool,10.32286262512207,10.32286262512207,10.32286262512207,0.0,0.0,,
long_rvos/2980a00b04/3/10,long_rvos,2980a00b04,3,10,dynamic,"The man walks over, makes the blindfolded woman turn towards the back, then runs away.",opg_no_order_loss,1.5591797828674316,1.602070689201355,1.410780429840088,-0.04289090633392334,0.14839935302734375,5,-0.5374829769134521
long_rvos/2980a00b04/3/10,long_rvos,2980a00b04,3,10,dynamic,"The man walks over, makes the blindfolded woman turn towards the back, then runs away.",opg_full,14162.2666015625,14162.27734375,14162.2822265625,-0.0107421875,-0.015625,3,-0.318359375
long_rvos/2980a00b04/3/10,long_rvos,2980a00b04,3,10,dynamic,"The man walks over, makes the blindfolded woman turn towards the back, then runs away.",mean_pool,-8.368592898050943,-8.368592898050943,-8.368592898050943,0.0,0.0,,
long_rvos/2980a00b04/3/14,long_rvos,2980a00b04,3,14,hybrid,"A man guides a blindfolded woman to hit a tree, then sits on a chair.",opg_no_order_loss,1.5673737525939941,1.6099179983139038,1.4310773611068726,-0.04254424571990967,0.13629639148712158,5,-0.5345072746276855
long_rvos/2980a00b04/3/14,long_rvos,2980a00b04,3,14,hybrid,"A man guides a blindfolded woman to hit a tree, then sits on a chair.",opg_full,14162.2666015625,14162.27734375,14162.2822265625,-0.0107421875,-0.015625,3,-0.318359375
long_rvos/2980a00b04/3/14,long_rvos,2980a00b04,3,14,hybrid,"A man guides a blindfolded woman to hit a tree, then sits on a chair.",mean_pool,-8.270578384399414,-8.270578384399414,-8.270578384399414,0.0,0.0,,
long_rvos/2980a00b04/3/8,long_rvos,2980a00b04,3,8,dynamic,"The man guides a woman wearing a blindfold to hit a tree, then runs and sits on a chair on the grass.",opg_no_order_loss,1.5608620643615723,1.6032789945602417,1.4196149110794067,-0.042416930198669434,0.14124715328216553,5,-0.538158655166626
long_rvos/2980a00b04/3/8,long_rvos,2980a00b04,3,8,dynamic,"The man guides a woman wearing a blindfold to hit a tree, then runs and sits on a chair on the grass.",opg_full,14162.265625,14162.2783203125,14162.2822265625,-0.0126953125,-0.0166015625,3,-0.3193359375
long_rvos/2980a00b04/3/8,long_rvos,2980a00b04,3,8,dynamic,"The man guides a woman wearing a blindfold to hit a tree, then runs and sits on a chair on the grass.",mean_pool,-8.149611473083496,-8.149611473083496,-8.149611473083496,0.0,0.0,,
long_rvos/2a87bea97e/1/3,long_rvos,2a87bea97e,1,3,dynamic,"The woman sits in the car, swinging her hands, shaking her body and head, then turns her head and points at another woman, before looking out the window.",opg_no_order_loss,2.3608124256134033,2.360671281814575,2.468428373336792,0.000141143798828125,-0.10761594772338867,1,0.2117748260498047
long_rvos/2a87bea97e/1/3,long_rvos,2a87bea97e,1,3,dynamic,"The woman sits in the car, swinging her hands, shaking her body and head, then turns her head and points at another woman, before looking out the window.",opg_full,14162.19140625,14162.515625,14162.38671875,-0.32421875,-0.1953125,6,-0.2099609375
long_rvos/2a87bea97e/1/3,long_rvos,2a87bea97e,1,3,dynamic,"The woman sits in the car, swinging her hands, shaking her body and head, then turns her head and points at another woman, before looking out the window.",mean_pool,3.4986180861790976,3.4986180861790976,3.4986180861790976,0.0,0.0,,
long_rvos/2a87bea97e/3/11,long_rvos,2a87bea97e,3,11,dynamic,"The boy sits in the car, holding a watch, biting the strap, lifting his hands, then lowering them, biting a purple strip.",opg_no_order_loss,1.7757269144058228,1.8877886533737183,1.8856886625289917,-0.11206173896789551,-0.10996174812316895,1,0.19015145301818848
long_rvos/2a87bea97e/3/11,long_rvos,2a87bea97e,3,11,dynamic,"The boy sits in the car, holding a watch, biting the strap, lifting his hands, then lowering them, biting a purple strip.",opg_full,14162.23828125,14162.3466796875,14162.3466796875,-0.1083984375,-0.1083984375,1,0.0556640625
long_rvos/2a87bea97e/3/11,long_rvos,2a87bea97e,3,11,dynamic,"The boy sits in the car, holding a watch, biting the strap, lifting his hands, then lowering them, biting a purple strip.",mean_pool,-2.5971405704816184,-2.5971405704816184,-2.5971405704816184,0.0,0.0,,
long_rvos/2abb12f2f7/1/1,long_rvos,2abb12f2f7,1,1,dynamic,"A cat places its paw on another cat while sleeping, then moves its head next to the other cat's head.",opg_no_order_loss,2.8372271060943604,2.8280880451202393,2.845104455947876,0.009139060974121094,-0.007877349853515625,2,-0.059690237045288086
long_rvos/2abb12f2f7/1/1,long_rvos,2abb12f2f7,1,1,dynamic,"A cat places its paw on another cat while sleeping, then moves its head next to the other cat's head.",opg_full,14162.3583984375,14162.3642578125,14162.4287109375,-0.005859375,-0.0703125,2,-0.0361328125
long_rvos/2abb12f2f7/1/1,long_rvos,2abb12f2f7,1,1,dynamic,"A cat places its paw on another cat while sleeping, then moves its head next to the other cat's head.",mean_pool,6.192102432250977,6.192102432250977,6.192102432250977,0.0,0.0,,
long_rvos/2abb12f2f7/2/3,long_rvos,2abb12f2f7,2,3,dynamic,"A cat initially raises its head, then slowly lowers it and moves its ears twice.",opg_no_order_loss,2.88323712348938,2.827411651611328,2.817126989364624,0.05582547187805176,0.06611013412475586,1,0.04933643341064453
long_rvos/2abb12f2f7/2/3,long_rvos,2abb12f2f7,2,3,dynamic,"A cat initially raises its head, then slowly lowers it and moves its ears twice.",opg_full,14162.3974609375,14162.6357421875,14162.5498046875,-0.23828125,-0.15234375,1,0.0380859375
long_rvos/2abb12f2f7/2/3,long_rvos,2abb12f2f7,2,3,dynamic,"A cat initially raises its head, then slowly lowers it and moves its ears twice.",mean_pool,4.181055863698323,4.181055863698323,4.181055863698323,0.0,0.0,,
long_rvos/2c4cbde1aa/2/5,long_rvos,2c4cbde1aa,2,5,dynamic,"The man held up his cell phone and watched the tank moving. After the tank went away, he put the phone down.",opg_no_order_loss,1.9420369863510132,2.04636549949646,1.9216638803482056,-0.10432851314544678,0.020373106002807617,6,-0.24023520946502686
long_rvos/2c4cbde1aa/2/5,long_rvos,2c4cbde1aa,2,5,dynamic,"The man held up his cell phone and watched the tank moving. After the tank went away, he put the phone down.",opg_full,14162.484375,14162.61328125,14162.5283203125,-0.12890625,-0.0439453125,2,-0.0107421875
long_rvos/2c4cbde1aa/2/5,long_rvos,2c4cbde1aa,2,5,dynamic,"The man held up his cell phone and watched the tank moving. After the tank went away, he put the phone down.",mean_pool,-4.702011545499166,-4.702011545499166,-4.702011545499166,0.0,0.0,,
long_rvos/30c20fb4c1/1/1,long_rvos,30c20fb4c1,1,1,dynamic,"The child sits in the baby chair, opens their mouth to eat food from a spoon, smiles happily, and then looks at another child.",opg_no_order_loss,2.5183794498443604,2.5248591899871826,2.5023226737976074,-0.006479740142822266,0.01605677604675293,1,0.06854867935180664
long_rvos/30c20fb4c1/1/1,long_rvos,30c20fb4c1,1,1,dynamic,"The child sits in the baby chair, opens their mouth to eat food from a spoon, smiles happily, and then looks at another child.",opg_full,14162.2548828125,14162.2626953125,14162.2587890625,-0.0078125,-0.00390625,2,-0.203125
long_rvos/30c20fb4c1/1/1,long_rvos,30c20fb4c1,1,1,dynamic,"The child sits in the baby chair, opens their mouth to eat food from a spoon, smiles happily, and then looks at another child.",mean_pool,11.305356661478678,11.305356661478678,11.305356661478678,0.0,0.0,,
long_rvos/30c20fb4c1/2/5,long_rvos,30c20fb4c1,2,5,dynamic,"The person uses a spoon to feed the child in front, then gets up and allows the other child to take over feeding.",opg_no_order_loss,2.686002016067505,2.7618567943573,2.708038330078125,-0.07585477828979492,-0.022036314010620117,1,0.1426548957824707
long_rvos/30c20fb4c1/2/5,long_rvos,30c20fb4c1,2,5,dynamic,"The person uses a spoon to feed the child in front, then gets up and allows the other child to take over feeding.",opg_full,14162.4931640625,14162.4375,14162.3974609375,0.0556640625,0.095703125,1,0.0634765625
long_rvos/30c20fb4c1/2/5,long_rvos,30c20fb4c1,2,5,dynamic,"The person uses a spoon to feed the child in front, then gets up and allows the other child to take over feeding.",mean_pool,10.583965619405111,10.583965619405111,10.583965619405111,0.0,0.0,,
long_rvos/30c20fb4c1/2/7,long_rvos,30c20fb4c1,2,7,dynamic,A woman feeds the baby with a spoon and then stands up,opg_no_order_loss,2.6535604000091553,2.6810085773468018,2.602306604385376,-0.027448177337646484,0.0512537956237793,1,0.20316314697265625
long_rvos/30c20fb4c1/2/7,long_rvos,30c20fb4c1,2,7,dynamic,A woman feeds the baby with a spoon and then stands up,opg_full,14162.421875,14162.5341796875,14162.3583984375,-0.1123046875,0.0634765625,2,-0.0361328125
long_rvos/30c20fb4c1/2/7,long_rvos,30c20fb4c1,2,7,dynamic,A woman feeds the baby with a spoon and then stands up,mean_pool,10.048653443654379,10.048653443654379,10.048653443654379,0.0,0.0,,
long_rvos/3584fff834/1/1,long_rvos,3584fff834,1,1,dynamic,"A boy crawls on the ground, then kneels, then stands up.",opg_no_order_loss,2.8286116123199463,2.833223342895508,2.8469126224517822,-0.0046117305755615234,-0.018301010131835938,1,0.0
long_rvos/3584fff834/1/1,long_rvos,3584fff834,1,1,dynamic,"A boy crawls on the ground, then kneels, then stands up.",opg_full,14162.51953125,14162.41015625,14162.4814453125,0.109375,0.0380859375,1,0.0
long_rvos/3584fff834/1/1,long_rvos,3584fff834,1,1,dynamic,"A boy crawls on the ground, then kneels, then stands up.",mean_pool,10.139371871948242,10.139371871948242,10.139371871948242,0.0,0.0,,
long_rvos/3584fff834/1/3,long_rvos,3584fff834,1,3,dynamic,"A boy crawls on the ground, then stands up and throws the ball, then crawls on the ground again.",opg_no_order_loss,2.731642961502075,2.749455213546753,2.767524480819702,-0.017812252044677734,-0.03588151931762695,1,0.0
long_rvos/3584fff834/1/3,long_rvos,3584fff834,1,3,dynamic,"A boy crawls on the ground, then stands up and throws the ball, then crawls on the ground again.",opg_full,14162.5205078125,14162.41015625,14162.4833984375,0.1103515625,0.037109375,1,0.0
long_rvos/3584fff834/1/3,long_rvos,3584fff834,1,3,dynamic,"A boy crawls on the ground, then stands up and throws the ball, then crawls on the ground again.",mean_pool,10.068450291951498,10.068450291951498,10.068450291951498,0.0,0.0,,
long_rvos/3584fff834/2/6,long_rvos,3584fff834,2,6,dynamic,A toy was placed in a boy's mouth and then thrown away.,opg_no_order_loss,1.8744999170303345,1.9483356475830078,1.916563868522644,-0.07383573055267334,-0.04206395149230957,2,-0.127782940864563
long_rvos/3584fff834/2/6,long_rvos,3584fff834,2,6,dynamic,A toy was placed in a boy's mouth and then thrown away.,opg_full,14162.4677734375,14162.2705078125,14162.4287109375,0.197265625,0.0390625,1,0.06640625
long_rvos/3584fff834/2/6,long_rvos,3584fff834,2,6,dynamic,A toy was placed in a boy's mouth and then thrown away.,mean_pool,-3.775277336438497,-3.775277336438497,-3.775277336438497,0.0,0.0,,
long_rvos/3584fff834/4/10,long_rvos,3584fff834,4,10,dynamic,A cat stretches and then lies on the ground.,opg_no_order_loss,2.098034381866455,1.915389060974121,1.7866512537002563,0.18264532089233398,0.31138312816619873,1,0.3536773920059204
long_rvos/3584fff834/4/10,long_rvos,3584fff834,4,10,dynamic,A cat stretches and then lies on the ground.,opg_full,14162.34765625,14162.2587890625,14162.09765625,0.0888671875,0.25,1,0.078125
long_rvos/3584fff834/4/10,long_rvos,3584fff834,4,10,dynamic,A cat stretches and then lies on the ground.,mean_pool,-0.9478292862574259,-0.9478292862574259,-0.9478292862574259,0.0,0.0,,
long_rvos/39db436191/2/3,long_rvos,39db436191,2,3,dynamic,The black sheep is grazing and then takes a few steps forward.,opg_no_order_loss,1.6907014846801758,1.6155166625976562,1.5904316902160645,0.07518482208251953,0.10026979446411133,1,0.03883564472198486
long_rvos/39db436191/2/3,long_rvos,39db436191,2,3,dynamic,The black sheep is grazing and then takes a few steps forward.,opg_full,14162.3798828125,14162.265625,14162.2548828125,0.1142578125,0.125,1,0.12109375
long_rvos/39db436191/2/3,long_rvos,39db436191,2,3,dynamic,The black sheep is grazing and then takes a few steps forward.,mean_pool,-8.01300573348999,-8.01300573348999,-8.01300573348999,0.0,0.0,,
long_rvos/39db436191/3/5,long_rvos,39db436191,3,5,dynamic,"The Border Collie stands still, watching the sheep graze, then walks toward the camera.",opg_no_order_loss,2.4400508403778076,2.456446886062622,2.254199266433716,-0.016396045684814453,0.1858515739440918,1,0.19576668739318848
long_rvos/39db436191/3/5,long_rvos,39db436191,3,5,dynamic,"The Border Collie stands still, watching the sheep graze, then walks toward the camera.",opg_full,14162.6220703125,14162.30078125,14162.3837890625,0.3212890625,0.23828125,1,0.1494140625
long_rvos/39db436191/3/5,long_rvos,39db436191,3,5,dynamic,"The Border Collie stands still, watching the sheep graze, then walks toward the camera.",mean_pool,2.23669171333313,2.23669171333313,2.23669171333313,0.0,0.0,,
long_rvos/39db436191/4/11,long_rvos,39db436191,4,11,hybrid,"A black and white Border Collie runs across the grass near another, crouches by the fence, then exits the frame.",opg_no_order_loss,2.069908857345581,2.06990647315979,1.6041399240493774,2.384185791015625e-06,0.4657689332962036,2,-0.40360307693481445
long_rvos/39db436191/4/11,long_rvos,39db436191,4,11,hybrid,"A black and white Border Collie runs across the grass near another, crouches by the fence, then exits the frame.",opg_full,14162.4013671875,14162.4013671875,14162.2080078125,0.0,0.193359375,2,-0.22265625
long_rvos/39db436191/4/11,long_rvos,39db436191,4,11,hybrid,"A black and white Border Collie runs across the grass near another, crouches by the fence, then exits the frame.",mean_pool,-8.465673923492432,-8.465673923492432,-8.465673923492432,0.0,0.0,,
long_rvos/39db436191/4/7,long_rvos,39db436191,4,7,dynamic,"The Border Collie runs across the grass, looks outside the right side of the fence, then moves away from the camera, crouches down, and finally runs out of the frame.",opg_no_order_loss,2.2500674724578857,2.315727710723877,1.931208610534668,-0.06566023826599121,0.3188588619232178,2,-0.20251202583312988
long_rvos/39db436191/4/7,long_rvos,39db436191,4,7,dynamic,"The Border Collie runs across the grass, looks outside the right side of the fence, then moves away from the camera, crouches down, and finally runs out of the frame.",opg_full,14162.47265625,14162.51171875,14162.3466796875,-0.0390625,0.1259765625,2,-0.1494140625
long_rvos/39db436191/4/7,long_rvos,39db436191,4,7,dynamic,"The Border Collie runs across the grass, looks outside the right side of the fence, then moves away from the camera, crouches down, and finally runs out of the frame.",mean_pool,-7.033539930979411,-7.033539930979411,-7.033539930979411,0.0,0.0,,
long_rvos/3c1a33d13b/1/1,long_rvos,3c1a33d13b,1,1,dynamic,"The cat is having its claws trimmed, then turns and looks up.",opg_no_order_loss,2.791297674179077,2.8160927295684814,2.8244097232818604,-0.024795055389404297,-0.0331120491027832,1,0.0
long_rvos/3c1a33d13b/1/1,long_rvos,3c1a33d13b,1,1,dynamic,"The cat is having its claws trimmed, then turns and looks up.",opg_full,14162.4765625,14162.5732421875,14162.4541015625,-0.0966796875,0.0224609375,1,0.0
long_rvos/3c1a33d13b/1/1,long_rvos,3c1a33d13b,1,1,dynamic,"The cat is having its claws trimmed, then turns and looks up.",mean_pool,8.655237515767416,8.655237515767416,8.655237515767416,0.0,0.0,,
long_rvos/3f4b67edff/1/3,long_rvos,3f4b67edff,1,3,dynamic,"The boy fires a blue bullet from the toy airplane, retrieves the bullet, reloads it, places the airplane on the ground, picks up a ball, throws it into the air, then drops it onto the ground, picks up the airplane, reloads it, fires again, and finally adjusts his glasses.",opg_no_order_loss,1.8125337362289429,1.8157520294189453,1.759130835533142,-0.0032182931900024414,0.05340290069580078,2,-0.01291811466217041
long_rvos/3f4b67edff/1/3,long_rvos,3f4b67edff,1,3,dynamic,"The boy fires a blue bullet from the toy airplane, retrieves the bullet, reloads it, places the airplane on the ground, picks up a ball, throws it into the air, then drops it onto the ground, picks up the airplane, reloads it, fires again, and finally adjusts his glasses.",opg_full,14162.2900390625,14162.29296875,14162.1826171875,-0.0029296875,0.107421875,1,0.005859375
long_rvos/3f4b67edff/1/3,long_rvos,3f4b67edff,1,3,dynamic,"The boy fires a blue bullet from the toy airplane, retrieves the bullet, reloads it, places the airplane on the ground, picks up a ball, throws it into the air, then drops it onto the ground, picks up the airplane, reloads it, fires again, and finally adjusts his glasses.",mean_pool,-3.0644047061602273,-3.0644047061602273,-3.0644047061602273,0.0,0.0,,
long_rvos/3f4b67edff/3/11,long_rvos,3f4b67edff,3,11,dynamic,"The ball is thrown into the air by a boy, then dropped onto the ground.",opg_no_order_loss,1.800331473350525,1.7923532724380493,1.5788993835449219,0.007978200912475586,0.22143208980560303,1,0.4099644422531128
long_rvos/3f4b67edff/3/11,long_rvos,3f4b67edff,3,11,dynamic,"The ball is thrown into the air by a boy, then dropped onto the ground.",opg_full,14162.2783203125,14162.2783203125,14162.15625,0.0,0.1220703125,1,0.1572265625
long_rvos/3f4b67edff/3/11,long_rvos,3f4b67edff,3,11,dynamic,"The ball is thrown into the air by a boy, then dropped onto the ground.",mean_pool,-4.87412949403127,-4.87412949403127,-4.87412949403127,0.0,0.0,,
long_rvos/3f4b67edff/3/17,long_rvos,3f4b67edff,3,17,hybrid,"A red and white ball is thrown into the air by a boy, then dropped onto the ground.",opg_no_order_loss,1.813681960105896,1.8057012557983398,1.5950144529342651,0.007980704307556152,0.21866750717163086,1,0.0
long_rvos/3f4b67edff/3/17,long_rvos,3f4b67edff,3,17,hybrid,"A red and white ball is thrown into the air by a boy, then dropped onto the ground.",opg_full,14162.2783203125,14162.27734375,14162.15625,0.0009765625,0.1220703125,1,0.0
long_rvos/3f4b67edff/3/17,long_rvos,3f4b67edff,3,17,hybrid,"A red and white ball is thrown into the air by a boy, then dropped onto the ground.",mean_pool,-4.681873480478923,-4.681873480478923,-4.681873480478923,0.0,0.0,,
long_rvos/40d66b2614/1/1,long_rvos,40d66b2614,1,1,dynamic,"A boy spreads his arms, then spins around in place, before kneeling on the ground and shaking his head from side to side.",opg_no_order_loss,2.209785223007202,2.2229888439178467,2.164830207824707,-0.013203620910644531,0.04495501518249512,1,0.5883786678314209
long_rvos/40d66b2614/1/1,long_rvos,40d66b2614,1,1,dynamic,"A boy spreads his arms, then spins around in place, before kneeling on the ground and shaking his head from side to side.",opg_full,14162.48828125,14162.5224609375,14162.5224609375,-0.0341796875,-0.0341796875,1,0.3330078125
long_rvos/40d66b2614/1/1,long_rvos,40d66b2614,1,1,dynamic,"A boy spreads his arms, then spins around in place, before kneeling on the ground and shaking his head from side to side.",mean_pool,9.143293380737305,9.143293380737305,9.143293380737305,0.0,0.0,,
long_rvos/40d66b2614/1/3,long_rvos,40d66b2614,1,3,dynamic,"A boy kneels on the ground, waving a scarf, then stands up, walks a few steps forward, and lies down.",opg_no_order_loss,2.1900434494018555,2.203481912612915,2.1444175243377686,-0.01343846321105957,0.045625925064086914,1,0.5564652681350708
long_rvos/40d66b2614/1/3,long_rvos,40d66b2614,1,3,dynamic,"A boy kneels on the ground, waving a scarf, then stands up, walks a few steps forward, and lies down.",opg_full,14162.4873046875,14162.5224609375,14162.5224609375,-0.03515625,-0.03515625,1,0.33203125
long_rvos/40d66b2614/1/3,long_rvos,40d66b2614,1,3,dynamic,"A boy kneels on the ground, waving a scarf, then stands up, walks a few steps forward, and lies down.",mean_pool,9.52574380238851,9.52574380238851,9.52574380238851,0.0,0.0,,
long_rvos/40d66b2614/2/5,long_rvos,40d66b2614,2,5,dynamic,"The man is putting a scarf on the child, then walks to the sofa and sits down.",opg_no_order_loss,1.5659559965133667,1.7271599769592285,1.8107943534851074,-0.16120398044586182,-0.24483835697174072,3,-0.12751245498657227
long_rvos/40d66b2614/2/5,long_rvos,40d66b2614,2,5,dynamic,"The man is putting a scarf on the child, then walks to the sofa and sits down.",opg_full,14162.0595703125,14162.4912109375,14162.48046875,-0.431640625,-0.4208984375,7,-0.263671875
long_rvos/40d66b2614/2/5,long_rvos,40d66b2614,2,5,dynamic,"The man is putting a scarf on the child, then walks to the sofa and sits down.",mean_pool,-6.2290981610616045,-6.2290981610616045,-6.2290981610616045,0.0,0.0,,
long_rvos/40d66b2614/2/7,long_rvos,40d66b2614,2,7,dynamic,"The man first guides a child to unfold a scarf, then sits on a chair.",opg_no_order_loss,1.5724900960922241,1.713492751121521,1.7823114395141602,-0.14100265502929688,-0.20982134342193604,3,-0.15408921241760254
long_rvos/40d66b2614/2/7,long_rvos,40d66b2614,2,7,dynamic,"The man first guides a child to unfold a scarf, then sits on a chair.",opg_full,14162.0595703125,14162.4912109375,14162.4814453125,-0.431640625,-0.421875,7,-0.2646484375
long_rvos/40d66b2614/2/7,long_rvos,40d66b2614,2,7,dynamic,"The man first guides a child to unfold a scarf, then sits on a chair.",mean_pool,-6.093425273895264,-6.093425273895264,-6.093425273895264,0.0,0.0,,
long_rvos/4ec9dcf90d/1/1,long_rvos,4ec9dcf90d,1,1,dynamic,"The man plays the guitar, then sets it down and starts playing the drums, before picking up the guitar again and resuming playing.",opg_no_order_loss,2.3608641624450684,2.4073336124420166,2.443650484085083,-0.04646944999694824,-0.08278632164001465,1,0.0
long_rvos/4ec9dcf90d/1/1,long_rvos,4ec9dcf90d,1,1,dynamic,"The man plays the guitar, then sets it down and starts playing the drums, before picking up the guitar again and resuming playing.",opg_full,14162.5224609375,14162.5546875,14162.5947265625,-0.0322265625,-0.072265625,1,0.0
long_rvos/4ec9dcf90d/1/1,long_rvos,4ec9dcf90d,1,1,dynamic,"The man plays the guitar, then sets it down and starts playing the drums, before picking up the guitar again and resuming playing.",mean_pool,10.516565004984537,10.516565004984537,10.516565004984537,0.0,0.0,,
long_rvos/4ec9dcf90d/1/4,long_rvos,4ec9dcf90d,1,4,hybrid,"A man in a white T-shirt plays a yellow guitar, sets it down, drums, then picks it up again.",opg_no_order_loss,2.346557378768921,2.3922665119171143,2.432034492492676,-0.04570913314819336,-0.08547711372375488,1,0.0
long_rvos/4ec9dcf90d/1/4,long_rvos,4ec9dcf90d,1,4,hybrid,"A man in a white T-shirt plays a yellow guitar, sets it down, drums, then picks it up again.",opg_full,14162.5224609375,14162.5556640625,14162.5947265625,-0.033203125,-0.072265625,1,0.0
long_rvos/4ec9dcf90d/1/4,long_rvos,4ec9dcf90d,1,4,hybrid,"A man in a white T-shirt plays a yellow guitar, sets it down, drums, then picks it up again.",mean_pool,10.369120279947916,10.369120279947916,10.369120279947916,0.0,0.0,,
long_rvos/5d262b025c/1/1,long_rvos,5d262b025c,1,1,dynamic,"The woman is taking pictures of the crowd, then is shot with a toy gun by the crowd, falling to the ground.",opg_no_order_loss,2.121152639389038,2.1842598915100098,2.1509902477264404,-0.06310725212097168,-0.029837608337402344,2,-0.22145843505859375
long_rvos/5d262b025c/1/1,long_rvos,5d262b025c,1,1,dynamic,"The woman is taking pictures of the crowd, then is shot with a toy gun by the crowd, falling to the ground.",opg_full,14162.3271484375,14162.7138671875,14162.59375,-0.38671875,-0.2666015625,2,-0.2001953125
long_rvos/5d262b025c/1/1,long_rvos,5d262b025c,1,1,dynamic,"The woman is taking pictures of the crowd, then is shot with a toy gun by the crowd, falling to the ground.",mean_pool,2.298380136489868,2.298380136489868,2.298380136489868,0.0,0.0,,
long_rvos/5d262b025c/4/9,long_rvos,5d262b025c,4,9,dynamic,"The man is standing in the crowd, then runs to the woman and repeatedly hits her with the stick until she falls.",opg_no_order_loss,2.395474433898926,2.382718086242676,2.2255289554595947,0.01275634765625,0.16994547843933105,4,-0.13261818885803223
long_rvos/5d262b025c/4/9,long_rvos,5d262b025c,4,9,dynamic,"The man is standing in the crowd, then runs to the woman and repeatedly hits her with the stick until she falls.",opg_full,14162.4013671875,14162.6416015625,14162.4990234375,-0.240234375,-0.09765625,7,-0.1884765625
long_rvos/5d262b025c/4/9,long_rvos,5d262b025c,4,9,dynamic,"The man is standing in the crowd, then runs to the woman and repeatedly hits her with the stick until she falls.",mean_pool,-5.267478863398234,-5.267478863398234,-5.267478863398234,0.0,0.0,,
long_rvos/5d2c735adb/4/7,long_rvos,5d2c735adb,4,7,dynamic,"A camel runs off into the distance, then turns around and keeps running.",opg_no_order_loss,1.890820026397705,1.8769946098327637,1.8126411437988281,0.013825416564941406,0.07817888259887695,1,0.0
long_rvos/5d2c735adb/4/7,long_rvos,5d2c735adb,4,7,dynamic,"A camel runs off into the distance, then turns around and keeps running.",opg_full,14162.5810546875,14162.5087890625,14162.5751953125,0.072265625,0.005859375,1,0.0
long_rvos/5d2c735adb/4/7,long_rvos,5d2c735adb,4,7,dynamic,"A camel runs off into the distance, then turns around and keeps running.",mean_pool,1.9390430053075154,1.9390430053075154,1.9390430053075154,0.0,0.0,,
long_rvos/68170c3f7a/1/1,long_rvos,68170c3f7a,1,1,dynamic,"An airplane is flying close to the ground, then turns and lands.",opg_no_order_loss,1.8460931777954102,1.8409703969955444,1.8525023460388184,0.005122780799865723,-0.006409168243408203,1,0.0942760705947876
long_rvos/68170c3f7a/1/1,long_rvos,68170c3f7a,1,1,dynamic,"An airplane is flying close to the ground, then turns and lands.",opg_full,14162.421875,14162.41796875,14162.37109375,0.00390625,0.05078125,2,-0.0029296875
long_rvos/68170c3f7a/1/1,long_rvos,68170c3f7a,1,1,dynamic,"An airplane is flying close to the ground, then turns and lands.",mean_pool,5.623759110768636,5.623759110768636,5.623759110768636,0.0,0.0,,
long_rvos/68170c3f7a/1/3,long_rvos,68170c3f7a,1,3,dynamic,The helicopter flies through the air before landing.,opg_no_order_loss,1.8590387105941772,1.8539724349975586,1.853484034538269,0.005066275596618652,0.005554676055908203,1,0.4155982732772827
long_rvos/68170c3f7a/1/3,long_rvos,68170c3f7a,1,3,dynamic,The helicopter flies through the air before landing.,opg_full,14162.4169921875,14162.4189453125,14162.3681640625,-0.001953125,0.048828125,1,0.287109375
long_rvos/68170c3f7a/1/3,long_rvos,68170c3f7a,1,3,dynamic,The helicopter flies through the air before landing.,mean_pool,5.243515094121297,5.243515094121297,5.243515094121297,0.0,0.0,,
long_rvos/68170c3f7a/1/8,long_rvos,68170c3f7a,1,8,hybrid,A yellow helicopter with two people inside flies through the air before landing.,opg_no_order_loss,1.8507741689682007,1.844326138496399,1.8345141410827637,0.006448030471801758,0.01626002788543701,1,0.0
long_rvos/68170c3f7a/1/8,long_rvos,68170c3f7a,1,8,hybrid,A yellow helicopter with two people inside flies through the air before landing.,opg_full,14162.4228515625,14162.4306640625,14162.3798828125,-0.0078125,0.04296875,1,0.0
long_rvos/68170c3f7a/1/8,long_rvos,68170c3f7a,1,8,hybrid,A yellow helicopter with two people inside flies through the air before landing.,mean_pool,6.099482377370198,6.099482377370198,6.099482377370198,0.0,0.0,,
long_rvos/68170c3f7a/2/7,long_rvos,68170c3f7a,2,7,dynamic,"The male pilot operates the helicopter, flying it before landing.",opg_no_order_loss,1.8670555353164673,1.722923755645752,1.5712132453918457,0.14413177967071533,0.2958422899246216,1,0.0
long_rvos/68170c3f7a/2/7,long_rvos,68170c3f7a,2,7,dynamic,"The male pilot operates the helicopter, flying it before landing.",opg_full,14162.4169921875,14162.3671875,14162.0244140625,0.0498046875,0.392578125,1,0.0
long_rvos/68170c3f7a/2/7,long_rvos,68170c3f7a,2,7,dynamic,"The male pilot operates the helicopter, flying it before landing.",mean_pool,-7.422542572021484,-7.422542572021484,-7.422542572021484,0.0,0.0,,
long_rvos/68170c3f7a/2/9,long_rvos,68170c3f7a,2,9,hybrid,"A male pilot in a white shirt operates a yellow helicopter with a passenger, flying before landing.",opg_no_order_loss,1.8784233331680298,1.7322345972061157,1.5860472917556763,0.14618873596191406,0.2923760414123535,1,0.0
long_rvos/68170c3f7a/2/9,long_rvos,68170c3f7a,2,9,hybrid,"A male pilot in a white shirt operates a yellow helicopter with a passenger, flying before landing.",opg_full,14162.4169921875,14162.3671875,14162.0244140625,0.0498046875,0.392578125,1,0.0
long_rvos/68170c3f7a/2/9,long_rvos,68170c3f7a,2,9,hybrid,"A male pilot in a white shirt operates a yellow helicopter with a passenger, flying before landing.",mean_pool,-6.610545635223389,-6.610545635223389,-6.610545635223389,0.0,0.0,,
long_rvos/6a1db02e31/1/1,long_rvos,6a1db02e31,1,1,dynamic,"The girl walks towards the boy, then jumps into his arms.",opg_no_order_loss,1.917420744895935,1.9995676279067993,1.9177350997924805,-0.08214688301086426,-0.00031435489654541016,1,0.11541604995727539
long_rvos/6a1db02e31/1/1,long_rvos,6a1db02e31,1,1,dynamic,"The girl walks towards the boy, then jumps into his arms.",opg_full,14162.3134765625,14162.6552734375,14162.5439453125,-0.341796875,-0.23046875,3,-0.0703125
long_rvos/6a1db02e31/1/1,long_rvos,6a1db02e31,1,1,dynamic,"The girl walks towards the boy, then jumps into his arms.",mean_pool,1.9549480676651,1.9549480676651,1.9549480676651,0.0,0.0,,
long_rvos/6bf32cc0d5/1/1,long_rvos,6bf32cc0d5,1,1,dynamic,"The child lies on the crib's railing, then sits and plays inside, biting the railing.",opg_no_order_loss,2.042436122894287,2.0441455841064453,2.08978271484375,-0.0017094612121582031,-0.04734659194946289,1,0.2760840654373169
long_rvos/6bf32cc0d5/1/1,long_rvos,6bf32cc0d5,1,1,dynamic,"The child lies on the crib's railing, then sits and plays inside, biting the railing.",opg_full,14162.1474609375,14162.3349609375,14162.3349609375,-0.1875,-0.1875,6,-0.083984375
long_rvos/6bf32cc0d5/1/1,long_rvos,6bf32cc0d5,1,1,dynamic,"The child lies on the crib's railing, then sits and plays inside, biting the railing.",mean_pool,4.413567622502645,4.413567622502645,4.413567622502645,0.0,0.0,,
long_rvos/6fb7a04167/10/24,long_rvos,6fb7a04167,10,24,hybrid,"A blonde boy in white sits before men, holding bread and glancing at them.",opg_no_order_loss,2.084506034851074,2.123631477355957,2.069455862045288,-0.03912544250488281,0.015050172805786133,1,0.0
long_rvos/6fb7a04167/10/24,long_rvos,6fb7a04167,10,24,hybrid,"A blonde boy in white sits before men, holding bread and glancing at them.",opg_full,14162.3291015625,14162.3310546875,14162.0625,-0.001953125,0.2666015625,1,0.0
long_rvos/6fb7a04167/10/24,long_rvos,6fb7a04167,10,24,hybrid,"A blonde boy in white sits before men, holding bread and glancing at them.",mean_pool,2.081098715464274,2.081098715464274,2.081098715464274,0.0,0.0,,
long_rvos/6fb7a04167/13/11,long_rvos,6fb7a04167,13,11,dynamic,"The man is sitting with the group, standing up to pick a glass of wine from the table, then sitting back down.",opg_no_order_loss,2.078908681869507,2.03910756111145,1.987528920173645,0.03980112075805664,0.09137976169586182,3,-0.2695190906524658
long_rvos/6fb7a04167/13/11,long_rvos,6fb7a04167,13,11,dynamic,"The man is sitting with the group, standing up to pick a glass of wine from the table, then sitting back down.",opg_full,14162.3037109375,14162.55859375,14162.3203125,-0.2548828125,-0.0166015625,4,-0.201171875
long_rvos/6fb7a04167/13/11,long_rvos,6fb7a04167,13,11,dynamic,"The man is sitting with the group, standing up to pick a glass of wine from the table, then sitting back down.",mean_pool,-3.2632189194361367,-3.2632189194361367,-3.2632189194361367,0.0,0.0,,
long_rvos/6fb7a04167/13/9,long_rvos,6fb7a04167,13,9,dynamic,"The man is sitting in a chair, touching his cheek with his left hand, then standing up, waiting for the man at the table to pour wine before taking the glass and sitting down.",opg_no_order_loss,2.0054502487182617,1.9970523118972778,2.0133259296417236,0.008397936820983887,-0.007875680923461914,4,-0.44957756996154785
long_rvos/6fb7a04167/13/9,long_rvos,6fb7a04167,13,9,dynamic,"The man is sitting in a chair, touching his cheek with his left hand, then standing up, waiting for the man at the table to pour wine before taking the glass and sitting down.",opg_full,14162.3037109375,14162.55859375,14162.3203125,-0.2548828125,-0.0166015625,4,-0.201171875
long_rvos/6fb7a04167/13/9,long_rvos,6fb7a04167,13,9,dynamic,"The man is sitting in a chair, touching his cheek with his left hand, then standing up, waiting for the man at the table to pour wine before taking the glass and sitting down.",mean_pool,-2.6441129446029663,-2.6441129446029663,-2.6441129446029663,0.0,0.0,,
long_rvos/6fb7a04167/14/13,long_rvos,6fb7a04167,14,13,dynamic,"The man is sitting in a chair, chatting with the people around him, raising his right hand, then lowering it, then raising his right hand again to touch his nose before lowering it again, then crossing his legs.",opg_no_order_loss,2.3048346042633057,2.4079716205596924,2.3312466144561768,-0.10313701629638672,-0.026412010192871094,1,0.06934738159179688
long_rvos/6fb7a04167/14/13,long_rvos,6fb7a04167,14,13,dynamic,"The man is sitting in a chair, chatting with the people around him, raising his right hand, then lowering it, then raising his right hand again to touch his nose before lowering it again, then crossing his legs.",opg_full,14162.5048828125,14162.6982421875,14162.5458984375,-0.193359375,-0.041015625,1,0.0439453125
long_rvos/6fb7a04167/14/13,long_rvos,6fb7a04167,14,13,dynamic,"The man is sitting in a chair, chatting with the people around him, raising his right hand, then lowering it, then raising his right hand again to touch his nose before lowering it again, then crossing his legs.",mean_pool,5.5468941529591875,5.5468941529591875,5.5468941529591875,0.0,0.0,,
long_rvos/6fb7a04167/15/17,long_rvos,6fb7a04167,15,17,dynamic,"The man is sitting in a chair, holding a cup in his right hand, chatting with the people around him, then bringing the cup close to his nose to smell it, then putting it down, pushing a cup on the table toward a man, and finally bringing the cup to his mouth to prepare to drink.",opg_no_order_loss,2.0968236923217773,1.9403938055038452,1.9775108098983765,0.15642988681793213,0.11931288242340088,3,-0.3102092742919922
long_rvos/6fb7a04167/15/17,long_rvos,6fb7a04167,15,17,dynamic,"The man is sitting in a chair, holding a cup in his right hand, chatting with the people around him, then bringing the cup close to his nose to smell it, then putting it down, pushing a cup on the table toward a man, and finally bringing the cup to his mouth to prepare to drink.",opg_full,14162.4609375,14162.5693359375,14162.4228515625,-0.1083984375,0.0380859375,2,-0.0439453125
long_rvos/6fb7a04167/15/17,long_rvos,6fb7a04167,15,17,dynamic,"The man is sitting in a chair, holding a cup in his right hand, chatting with the people around him, then bringing the cup close to his nose to smell it, then putting it down, pushing a cup on the table toward a man, and finally bringing the cup to his mouth to prepare to drink.",mean_pool,2.766601880391439,2.766601880391439,2.766601880391439,0.0,0.0,,
long_rvos/6fb7a04167/16/21,long_rvos,6fb7a04167,16,21,dynamic,"The man is sitting in a chair, preparing to pour wine, then puts down the wine bottle in his right hand and picks up another, placing a glass on the table and pouring wine into it, then tidying up the glass before picking it up to drink.",opg_no_order_loss,1.7424036264419556,1.676716923713684,1.7125844955444336,0.06568670272827148,0.029819130897521973,8,-0.5912462472915649
long_rvos/6fb7a04167/16/21,long_rvos,6fb7a04167,16,21,dynamic,"The man is sitting in a chair, preparing to pour wine, then puts down the wine bottle in his right hand and picks up another, placing a glass on the table and pouring wine into it, then tidying up the glass before picking it up to drink.",opg_full,14162.2919921875,14162.3349609375,14162.33984375,-0.04296875,-0.0478515625,5,-0.212890625
long_rvos/6fb7a04167/16/21,long_rvos,6fb7a04167,16,21,dynamic,"The man is sitting in a chair, preparing to pour wine, then puts down the wine bottle in his right hand and picks up another, placing a glass on the table and pouring wine into it, then tidying up the glass before picking it up to drink.",mean_pool,-8.613913218180338,-8.613913218180338,-8.613913218180338,0.0,0.0,,
long_rvos/6fb7a04167/16/23,long_rvos,6fb7a04167,16,23,dynamic,"The man is sitting at the table, pouring wine from a bottle into a glass, then picking up the glass.",opg_no_order_loss,1.708178162574768,1.666237473487854,1.6792511940002441,0.04194068908691406,0.028926968574523926,8,-0.6276708841323853
long_rvos/6fb7a04167/16/23,long_rvos,6fb7a04167,16,23,dynamic,"The man is sitting at the table, pouring wine from a bottle into a glass, then picking up the glass.",opg_full,14162.2919921875,14162.3359375,14162.33984375,-0.0439453125,-0.0478515625,5,-0.212890625
long_rvos/6fb7a04167/16/23,long_rvos,6fb7a04167,16,23,dynamic,"The man is sitting at the table, pouring wine from a bottle into a glass, then picking up the glass.",mean_pool,-8.562372207641602,-8.562372207641602,-8.562372207641602,0.0,0.0,,
long_rvos/8086f00d3d/1/1,long_rvos,8086f00d3d,1,1,dynamic,"A woman kept whispering, then turned her head.",opg_no_order_loss,2.5448262691497803,2.5296120643615723,2.532008647918701,0.015214204788208008,0.012817621231079102,1,1.0824440717697144
long_rvos/8086f00d3d/1/1,long_rvos,8086f00d3d,1,1,dynamic,"A woman kept whispering, then turned her head.",opg_full,14162.48046875,14162.4765625,14162.46484375,0.00390625,0.015625,1,0.2421875
long_rvos/8086f00d3d/1/1,long_rvos,8086f00d3d,1,1,dynamic,"A woman kept whispering, then turned her head.",mean_pool,8.008094787597656,8.008094787597656,8.008094787597656,0.0,0.0,,
long_rvos/8290c48fcb/1/1,long_rvos,8290c48fcb,1,1,dynamic,"The mouse at the far left of the pile is picked up by a hand, inspected, then put back.",opg_no_order_loss,2.5466158390045166,2.526120185852051,2.587252378463745,0.02049565315246582,-0.040636539459228516,1,0.014990091323852539
long_rvos/8290c48fcb/1/1,long_rvos,8290c48fcb,1,1,dynamic,"The mouse at the far left of the pile is picked up by a hand, inspected, then put back.",opg_full,14162.3642578125,14162.5126953125,14162.4208984375,-0.1484375,-0.056640625,3,-0.05078125
long_rvos/8290c48fcb/1/1,long_rvos,8290c48fcb,1,1,dynamic,"The mouse at the far left of the pile is picked up by a hand, inspected, then put back.",mean_pool,6.6948215166727705,6.6948215166727705,6.6948215166727705,0.0,0.0,,
long_rvos/8290c48fcb/1/18,long_rvos,8290c48fcb,1,18,hybrid,A mouse lying on the far left was touched first.,opg_no_order_loss,2.5125744342803955,2.5249290466308594,2.5157721042633057,-0.012354612350463867,-0.0031976699829101562,2,-0.060620784759521484
long_rvos/8290c48fcb/1/18,long_rvos,8290c48fcb,1,18,hybrid,A mouse lying on the far left was touched first.,opg_full,14162.3642578125,14162.5126953125,14162.4208984375,-0.1484375,-0.056640625,3,-0.05078125
long_rvos/8290c48fcb/1/18,long_rvos,8290c48fcb,1,18,hybrid,A mouse lying on the far left was touched first.,mean_pool,6.459710041681926,6.459710041681926,6.459710041681926,0.0,0.0,,
long_rvos/8290c48fcb/2/19,long_rvos,8290c48fcb,2,19,hybrid,"A mouse on a blanket is the first to be picked up, inspected, and put back by a hand.",opg_no_order_loss,1.9995832443237305,1.967373251914978,2.000844955444336,0.03220999240875244,-0.0012617111206054688,8,-0.5521323680877686
long_rvos/8290c48fcb/2/19,long_rvos,8290c48fcb,2,19,hybrid,"A mouse on a blanket is the first to be picked up, inspected, and put back by a hand.",opg_full,14162.265625,14162.35546875,14162.2353515625,-0.08984375,0.0302734375,6,-0.1494140625
long_rvos/8290c48fcb/2/19,long_rvos,8290c48fcb,2,19,hybrid,"A mouse on a blanket is the first to be picked up, inspected, and put back by a hand.",mean_pool,-6.038418769836426,-6.038418769836426,-6.038418769836426,0.0,0.0,,
long_rvos/8290c48fcb/2/3,long_rvos,8290c48fcb,2,3,dynamic,"The mouse lying in the upper left of the pile is picked up by a hand, inspected, then put back.",opg_no_order_loss,1.9895697832107544,1.9575327634811401,1.9901996850967407,0.03203701972961426,-0.0006299018859863281,8,-0.5611327886581421
long_rvos/8290c48fcb/2/3,long_rvos,8290c48fcb,2,3,dynamic,"The mouse lying in the upper left of the pile is picked up by a hand, inspected, then put back.",opg_full,14162.265625,14162.35546875,14162.2353515625,-0.08984375,0.0302734375,6,-0.1494140625
long_rvos/8290c48fcb/2/3,long_rvos,8290c48fcb,2,3,dynamic,"The mouse lying in the upper left of the pile is picked up by a hand, inspected, then put back.",mean_pool,-5.064738988876343,-5.064738988876343,-5.064738988876343,0.0,0.0,,
long_rvos/8290c48fcb/3/5,long_rvos,8290c48fcb,3,5,dynamic,"The mouse on the right of the pile is picked up by a hand, inspected, then put back.",opg_no_order_loss,2.458420515060425,2.363675832748413,2.343236207962036,0.09474468231201172,0.11518430709838867,3,-0.08966946601867676
long_rvos/8290c48fcb/3/5,long_rvos,8290c48fcb,3,5,dynamic,"The mouse on the right of the pile is picked up by a hand, inspected, then put back.",opg_full,14162.359375,14162.5517578125,14162.453125,-0.1923828125,-0.09375,4,-0.0556640625
long_rvos/8290c48fcb/3/5,long_rvos,8290c48fcb,3,5,dynamic,"The mouse on the right of the pile is picked up by a hand, inspected, then put back.",mean_pool,-2.3451536297798157,-2.3451536297798157,-2.3451536297798157,0.0,0.0,,
long_rvos/8290c48fcb/4/21,long_rvos,8290c48fcb,4,21,hybrid,"A mouse on a blanket is picked up, inspected, put back, then runs away.",opg_no_order_loss,2.1400556564331055,2.1279423236846924,2.092878818511963,0.012113332748413086,0.04717683792114258,6,-0.4103410243988037
long_rvos/8290c48fcb/4/21,long_rvos,8290c48fcb,4,21,hybrid,"A mouse on a blanket is picked up, inspected, put back, then runs away.",opg_full,14162.3857421875,14162.4970703125,14162.4111328125,-0.111328125,-0.025390625,2,-0.03125
long_rvos/8290c48fcb/4/21,long_rvos,8290c48fcb,4,21,hybrid,"A mouse on a blanket is picked up, inspected, put back, then runs away.",mean_pool,-3.0382793148358664,-3.0382793148358664,-3.0382793148358664,0.0,0.0,,
long_rvos/8290c48fcb/4/7,long_rvos,8290c48fcb,4,7,dynamic,"The mouse in the middle of the pile is picked up by a hand, inspected, and then put back. Later, it runs out of the pile.",opg_no_order_loss,2.131969451904297,2.107011556625366,2.0768585205078125,0.024957895278930664,0.055110931396484375,6,-0.4152848720550537
long_rvos/8290c48fcb/4/7,long_rvos,8290c48fcb,4,7,dynamic,"The mouse in the middle of the pile is picked up by a hand, inspected, and then put back. Later, it runs out of the pile.",opg_full,14162.3857421875,14162.4970703125,14162.41015625,-0.111328125,-0.0244140625,2,-0.029296875
long_rvos/8290c48fcb/4/7,long_rvos,8290c48fcb,4,7,dynamic,"The mouse in the middle of the pile is picked up by a hand, inspected, and then put back. Later, it runs out of the pile.",mean_pool,-0.8498126665751139,-0.8498126665751139,-0.8498126665751139,0.0,0.0,,
long_rvos/8290c48fcb/5/22,long_rvos,8290c48fcb,5,22,hybrid,"A mouse lay motionless in the middle with its tail facing the camera, and was then pushed up to the middle by other mice.",opg_no_order_loss,2.432893991470337,2.4630911350250244,2.417400598526001,-0.0301971435546875,0.015493392944335938,4,-0.2770211696624756
long_rvos/8290c48fcb/5/22,long_rvos,8290c48fcb,5,22,hybrid,"A mouse lay motionless in the middle with its tail facing the camera, and was then pushed up to the middle by other mice.",opg_full,14162.2578125,14162.5732421875,14162.484375,-0.3154296875,-0.2265625,8,-0.1572265625
long_rvos/8290c48fcb/5/22,long_rvos,8290c48fcb,5,22,hybrid,"A mouse lay motionless in the middle with its tail facing the camera, and was then pushed up to the middle by other mice.",mean_pool,1.9686968723932903,1.9686968723932903,1.9686968723932903,0.0,0.0,,
long_rvos/8290c48fcb/5/9,long_rvos,8290c48fcb,5,9,dynamic,"The mouse on the lower right of the pile is picked up by a hand, inspected, then put back.",opg_no_order_loss,2.3718273639678955,2.289822578430176,2.2972323894500732,0.08200478553771973,0.07459497451782227,4,-0.17547082901000977
long_rvos/8290c48fcb/5/9,long_rvos,8290c48fcb,5,9,dynamic,"The mouse on the lower right of the pile is picked up by a hand, inspected, then put back.",opg_full,14162.2578125,14162.5732421875,14162.484375,-0.3154296875,-0.2265625,8,-0.1572265625
long_rvos/8290c48fcb/5/9,long_rvos,8290c48fcb,5,9,dynamic,"The mouse on the lower right of the pile is picked up by a hand, inspected, then put back.",mean_pool,-0.32378776868184406,-0.32378776868184406,-0.32378776868184406,0.0,0.0,,
long_rvos/8290c48fcb/6/11,long_rvos,8290c48fcb,6,11,dynamic,"The mouse in the upper right of the pile is picked up by a hand, inspected, then put back and later runs out.",opg_no_order_loss,2.3473706245422363,2.2493722438812256,2.212819814682007,0.09799838066101074,0.1345508098602295,5,-0.20174694061279297
long_rvos/8290c48fcb/6/11,long_rvos,8290c48fcb,6,11,dynamic,"The mouse in the upper right of the pile is picked up by a hand, inspected, then put back and later runs out.",opg_full,14162.2587890625,14162.5390625,14162.4697265625,-0.2802734375,-0.2109375,7,-0.15625
long_rvos/8290c48fcb/6/11,long_rvos,8290c48fcb,6,11,dynamic,"The mouse in the upper right of the pile is picked up by a hand, inspected, then put back and later runs out.",mean_pool,-6.908101240793864,-6.908101240793864,-6.908101240793864,0.0,0.0,,
long_rvos/8290c48fcb/6/23,long_rvos,8290c48fcb,6,23,hybrid,"A mouse lies on a blanket with its head facing the camera. Sometimes it looks up, then it runs up onto the blanket, is caught by someone, and then it licks the person's hand.",opg_no_order_loss,2.3742940425872803,2.3789703845977783,2.300974130630493,-0.004676342010498047,0.07331991195678711,5,-0.33228635787963867
long_rvos/8290c48fcb/6/23,long_rvos,8290c48fcb,6,23,hybrid,"A mouse lies on a blanket with its head facing the camera. Sometimes it looks up, then it runs up onto the blanket, is caught by someone, and then it licks the person's hand.",opg_full,14162.2587890625,14162.5390625,14162.4697265625,-0.2802734375,-0.2109375,7,-0.15625
long_rvos/8290c48fcb/6/23,long_rvos,8290c48fcb,6,23,hybrid,"A mouse lies on a blanket with its head facing the camera. Sometimes it looks up, then it runs up onto the blanket, is caught by someone, and then it licks the person's hand.",mean_pool,-5.154111544291179,-5.154111544291179,-5.154111544291179,0.0,0.0,,
long_rvos/8290c48fcb/8/15,long_rvos,8290c48fcb,8,15,dynamic,"The mouse in the upper right of the pile is picked up by a hand, inspected, then moved to the left, and later runs out.",opg_no_order_loss,1.9813799858093262,2.0258305072784424,2.024559736251831,-0.04445052146911621,-0.04317975044250488,9,-0.5654170513153076
long_rvos/8290c48fcb/8/15,long_rvos,8290c48fcb,8,15,dynamic,"The mouse in the upper right of the pile is picked up by a hand, inspected, then moved to the left, and later runs out.",opg_full,14162.23046875,14162.1689453125,14162.16015625,0.0615234375,0.0703125,10,-0.1845703125
long_rvos/8290c48fcb/8/15,long_rvos,8290c48fcb,8,15,dynamic,"The mouse in the upper right of the pile is picked up by a hand, inspected, then moved to the left, and later runs out.",mean_pool,-8.79001235961914,-8.79001235961914,-8.79001235961914,0.0,0.0,,
long_rvos/8290c48fcb/8/24,long_rvos,8290c48fcb,8,24,hybrid,"A mouse on a blanket was the second to be picked up, examined, moved, and then ran off to the right.",opg_no_order_loss,1.9879368543624878,2.0496788024902344,2.048661470413208,-0.06174194812774658,-0.060724616050720215,9,-0.5538660287857056
long_rvos/8290c48fcb/8/24,long_rvos,8290c48fcb,8,24,hybrid,"A mouse on a blanket was the second to be picked up, examined, moved, and then ran off to the right.",opg_full,14162.2314453125,14162.1689453125,14162.16015625,0.0625,0.0712890625,10,-0.18359375
long_rvos/8290c48fcb/8/24,long_rvos,8290c48fcb,8,24,hybrid,"A mouse on a blanket was the second to be picked up, examined, moved, and then ran off to the right.",mean_pool,-7.993534564971924,-7.993534564971924,-7.993534564971924,0.0,0.0,,
long_rvos/8290c48fcb/9/25,long_rvos,8290c48fcb,9,25,hybrid,"A hand reaches out from the left of the shot, picks up a mouse, examines it, and then puts it back.",opg_no_order_loss,2.325143575668335,2.3539998531341553,2.2918431758880615,-0.028856277465820312,0.03330039978027344,1,0.0
long_rvos/8290c48fcb/9/25,long_rvos,8290c48fcb,9,25,hybrid,"A hand reaches out from the left of the shot, picks up a mouse, examines it, and then puts it back.",opg_full,14162.3671875,14162.296875,14162.1904296875,0.0703125,0.1767578125,1,0.0
long_rvos/8290c48fcb/9/25,long_rvos,8290c48fcb,9,25,hybrid,"A hand reaches out from the left of the shot, picks up a mouse, examines it, and then puts it back.",mean_pool,7.465417544047038,7.465417544047038,7.465417544047038,0.0,0.0,,
long_rvos/84dc481247/2/5,long_rvos,84dc481247,2,5,dynamic,"The man is walking and rolling up a paper, then placing it back in its original position.",opg_no_order_loss,1.496142864227295,1.477109432220459,1.3230094909667969,0.019033432006835938,0.17313337326049805,5,-0.15683746337890625
long_rvos/84dc481247/2/5,long_rvos,84dc481247,2,5,dynamic,"The man is walking and rolling up a paper, then placing it back in its original position.",opg_full,14162.3857421875,14162.3857421875,14162.1845703125,0.0,0.201171875,1,0.025390625
long_rvos/84dc481247/2/5,long_rvos,84dc481247,2,5,dynamic,"The man is walking and rolling up a paper, then placing it back in its original position.",mean_pool,-7.836529731750488,-7.836529731750488,-7.836529731750488,0.0,0.0,,
long_rvos/84dc481247/3/9,long_rvos,84dc481247,3,9,dynamic,"The man was walking back and forth, then turned around and talked to someone else.",opg_no_order_loss,1.5533236265182495,1.5370928049087524,1.3607511520385742,0.01623082160949707,0.1925724744796753,4,-0.10497963428497314
long_rvos/84dc481247/3/9,long_rvos,84dc481247,3,9,dynamic,"The man was walking back and forth, then turned around and talked to someone else.",opg_full,14162.3564453125,14162.3583984375,14162.20703125,-0.001953125,0.1494140625,3,-0.029296875
long_rvos/84dc481247/3/9,long_rvos,84dc481247,3,9,dynamic,"The man was walking back and forth, then turned around and talked to someone else.",mean_pool,-9.001909255981445,-9.001909255981445,-9.001909255981445,0.0,0.0,,
long_rvos/8847e5550e/1/1,long_rvos,8847e5550e,1,1,dynamic,"The woman drank some water first, then scooped the water and poured it on the ground, and finally wiped her mouth and left.",opg_no_order_loss,1.8814163208007812,2.0601727962493896,2.1179049015045166,-0.1787564754486084,-0.23648858070373535,3,-0.6376583576202393
long_rvos/8847e5550e/1/1,long_rvos,8847e5550e,1,1,dynamic,"The woman drank some water first, then scooped the water and poured it on the ground, and finally wiped her mouth and left.",opg_full,14162.2138671875,14162.6611328125,14162.6611328125,-0.447265625,-0.447265625,7,-0.33203125
long_rvos/8847e5550e/1/1,long_rvos,8847e5550e,1,1,dynamic,"The woman drank some water first, then scooped the water and poured it on the ground, and finally wiped her mouth and left.",mean_pool,-0.07181346416473389,-0.07181346416473389,-0.07181346416473389,0.0,0.0,,
long_rvos/8847e5550e/2/3,long_rvos,8847e5550e,2,3,dynamic,"The man first washed his hands with water, then tilted his head back to drink.",opg_no_order_loss,2.0562098026275635,2.0367233753204346,2.0684897899627686,0.019486427307128906,-0.012279987335205078,1,0.06905806064605713
long_rvos/8847e5550e/2/3,long_rvos,8847e5550e,2,3,dynamic,"The man first washed his hands with water, then tilted his head back to drink.",opg_full,14162.3291015625,14162.73828125,14162.6201171875,-0.4091796875,-0.291015625,4,-0.3857421875
long_rvos/8847e5550e/2/3,long_rvos,8847e5550e,2,3,dynamic,"The man first washed his hands with water, then tilted his head back to drink.",mean_pool,-3.975661873817444,-3.975661873817444,-3.975661873817444,0.0,0.0,,
long_rvos/8b0e20e373/1/1,long_rvos,8b0e20e373,1,1,dynamic,"A man sits on the ground, looking at a girl. He then hands the little girl something to eat and stretches his left hand toward the camera.",opg_no_order_loss,1.7013177871704102,1.8278388977050781,1.9632936716079712,-0.12652111053466797,-0.26197588443756104,1,0.0
long_rvos/8b0e20e373/1/1,long_rvos,8b0e20e373,1,1,dynamic,"A man sits on the ground, looking at a girl. He then hands the little girl something to eat and stretches his left hand toward the camera.",opg_full,14162.1064453125,14162.4794921875,14162.4697265625,-0.373046875,-0.36328125,1,0.0
long_rvos/8b0e20e373/1/1,long_rvos,8b0e20e373,1,1,dynamic,"A man sits on the ground, looking at a girl. He then hands the little girl something to eat and stretches his left hand toward the camera.",mean_pool,-0.5182930032412211,-0.5182930032412211,-0.5182930032412211,0.0,0.0,,
long_rvos/8b0e20e373/1/6,long_rvos,8b0e20e373,1,6,hybrid,"A man in black watches a child play with a dog, give the girl snack, finally stretches his left hand toward the camera.",opg_no_order_loss,1.7732019424438477,1.7943414449691772,1.8820414543151855,-0.02113950252532959,-0.10883951187133789,1,0.0
long_rvos/8b0e20e373/1/6,long_rvos,8b0e20e373,1,6,hybrid,"A man in black watches a child play with a dog, give the girl snack, finally stretches his left hand toward the camera.",opg_full,14162.1064453125,14162.4775390625,14162.46875,-0.37109375,-0.3623046875,1,0.0
long_rvos/8b0e20e373/1/6,long_rvos,8b0e20e373,1,6,hybrid,"A man in black watches a child play with a dog, give the girl snack, finally stretches his left hand toward the camera.",mean_pool,-1.7952764332294464,-1.7952764332294464,-1.7952764332294464,0.0,0.0,,
long_rvos/8b0e20e373/2/3,long_rvos,8b0e20e373,2,3,dynamic,"A girl stands up from the ground, then takes the snack and puts it into her own mouth and the mouth of a dog.",opg_no_order_loss,2.423053503036499,2.521512269973755,2.351121664047241,-0.09845876693725586,0.07193183898925781,1,1.0894466638565063
long_rvos/8b0e20e373/2/3,long_rvos,8b0e20e373,2,3,dynamic,"A girl stands up from the ground, then takes the snack and puts it into her own mouth and the mouth of a dog.",opg_full,14162.5068359375,14162.453125,14162.4501953125,0.0537109375,0.056640625,1,0.384765625
long_rvos/8b0e20e373/2/3,long_rvos,8b0e20e373,2,3,dynamic,"A girl stands up from the ground, then takes the snack and puts it into her own mouth and the mouth of a dog.",mean_pool,10.406609217325846,10.406609217325846,10.406609217325846,0.0,0.0,,
long_rvos/939b6aed6d/1/3,long_rvos,939b6aed6d,1,3,dynamic,"The person with the microphone is singing, then walks forward and places both hands on the heads of the people playing the guitars, shakes their fingers, then continues singing with rich body movements.",opg_no_order_loss,2.636183738708496,2.6222774982452393,2.637953996658325,0.013906240463256836,-0.0017702579498291016,4,-0.1999971866607666
long_rvos/939b6aed6d/1/3,long_rvos,939b6aed6d,1,3,dynamic,"The person with the microphone is singing, then walks forward and places both hands on the heads of the people playing the guitars, shakes their fingers, then continues singing with rich body movements.",opg_full,14162.5810546875,14162.5791015625,14162.55859375,0.001953125,0.0224609375,3,-0.005859375
long_rvos/939b6aed6d/1/3,long_rvos,939b6aed6d,1,3,dynamic,"The person with the microphone is singing, then walks forward and places both hands on the heads of the people playing the guitars, shakes their fingers, then continues singing with rich body movements.",mean_pool,0.5252971450487772,0.5252971450487772,0.5252971450487772,0.0,0.0,,
long_rvos/939b6aed6d/2/7,long_rvos,939b6aed6d,2,7,dynamic,"The person in the black long coat and black pants is playing the guitar, walking forward to play for a while, then stepping back, swaying with the music, and then standing still holding the guitar.",opg_no_order_loss,2.4213974475860596,2.447596788406372,2.4370200634002686,-0.0261993408203125,-0.015622615814208984,4,-0.2657508850097656
long_rvos/939b6aed6d/2/7,long_rvos,939b6aed6d,2,7,dynamic,"The person in the black long coat and black pants is playing the guitar, walking forward to play for a while, then stepping back, swaying with the music, and then standing still holding the guitar.",opg_full,14162.5732421875,14162.5888671875,14162.5703125,-0.015625,0.0029296875,4,-0.0126953125
long_rvos/939b6aed6d/2/7,long_rvos,939b6aed6d,2,7,dynamic,"The person in the black long coat and black pants is playing the guitar, walking forward to play for a while, then stepping back, swaying with the music, and then standing still holding the guitar.",mean_pool,-0.7245048483212789,-0.7245048483212789,-0.7245048483212789,0.0,0.0,,
long_rvos/939b6aed6d/3/11,long_rvos,939b6aed6d,3,11,dynamic,"The person in the vest and jeans is playing the guitar, walking forward to play for a while, then stepping back, swaying with the music, and then standing still holding the guitar.",opg_no_order_loss,2.6910006999969482,2.6819705963134766,2.6978683471679688,0.00903010368347168,-0.006867647171020508,1,0.05623793601989746
long_rvos/939b6aed6d/3/11,long_rvos,939b6aed6d,3,11,dynamic,"The person in the vest and jeans is playing the guitar, walking forward to play for a while, then stepping back, swaying with the music, and then standing still holding the guitar.",opg_full,14162.5859375,14162.6103515625,14162.5849609375,-0.0244140625,0.0009765625,1,0.0009765625
long_rvos/939b6aed6d/3/11,long_rvos,939b6aed6d,3,11,dynamic,"The person in the vest and jeans is playing the guitar, walking forward to play for a while, then stepping back, swaying with the music, and then standing still holding the guitar.",mean_pool,-2.6570449670155845,-2.6570449670155845,-2.6570449670155845,0.0,0.0,,
long_rvos/976257d833/2/5,long_rvos,976257d833,2,5,dynamic,"The boy buries his head in the blanket, then runs off, and comes back to bury his head in the blanket again.",opg_no_order_loss,1.6524616479873657,1.730655312538147,1.9741343259811401,-0.07819366455078125,-0.3216726779937744,5,-0.6936806440353394
long_rvos/976257d833/2/5,long_rvos,976257d833,2,5,dynamic,"The boy buries his head in the blanket, then runs off, and comes back to bury his head in the blanket again.",opg_full,14162.0361328125,14162.3427734375,14162.3388671875,-0.306640625,-0.302734375,14,-0.3271484375
long_rvos/976257d833/2/5,long_rvos,976257d833,2,5,dynamic,"The boy buries his head in the blanket, then runs off, and comes back to bury his head in the blanket again.",mean_pool,-5.230407277743022,-5.230407277743022,-5.230407277743022,0.0,0.0,,
long_rvos/976257d833/2/7,long_rvos,976257d833,2,7,dynamic,"The child plays head-to-head with the baby, then leaves, returns, leaves again, returns again, and kisses the baby's head.",opg_no_order_loss,1.8933590650558472,1.8470869064331055,1.9706991910934448,0.0462721586227417,-0.07734012603759766,2,-0.20826756954193115
long_rvos/976257d833/2/7,long_rvos,976257d833,2,7,dynamic,"The child plays head-to-head with the baby, then leaves, returns, leaves again, returns again, and kisses the baby's head.",opg_full,14162.03515625,14162.34375,14162.3388671875,-0.30859375,-0.3037109375,13,-0.2822265625
long_rvos/976257d833/2/7,long_rvos,976257d833,2,7,dynamic,"The child plays head-to-head with the baby, then leaves, returns, leaves again, returns again, and kisses the baby's head.",mean_pool,-3.311723987261454,-3.311723987261454,-3.311723987261454,0.0,0.0,,
long_rvos/99cc4e6bcd/1/1,long_rvos,99cc4e6bcd,1,1,dynamic,"The yellow dog with the yellow collar is being petted by the man, then sniffs his hand.",opg_no_order_loss,1.2296669483184814,1.2296669483184814,1.2296669483184814,0.0,0.0,1,0.0
long_rvos/99cc4e6bcd/1/1,long_rvos,99cc4e6bcd,1,1,dynamic,"The yellow dog with the yellow collar is being petted by the man, then sniffs his hand.",opg_full,14162.1220703125,14162.1220703125,14162.1220703125,0.0,0.0,1,0.0
long_rvos/99cc4e6bcd/1/1,long_rvos,99cc4e6bcd,1,1,dynamic,"The yellow dog with the yellow collar is being petted by the man, then sniffs his hand.",mean_pool,-8.141436100006104,-8.141436100006104,-8.141436100006104,0.0,0.0,,
long_rvos/99cc4e6bcd/2/3,long_rvos,99cc4e6bcd,2,3,dynamic,"The yellow dog with the purple collar jumps onto the sofa, then runs to the chair.",opg_no_order_loss,1.3414307832717896,1.3414307832717896,1.3414307832717896,0.0,0.0,2,0.0
long_rvos/99cc4e6bcd/2/3,long_rvos,99cc4e6bcd,2,3,dynamic,"The yellow dog with the purple collar jumps onto the sofa, then runs to the chair.",opg_full,14162.12109375,14162.12109375,14162.12109375,0.0,0.0,2,0.0
long_rvos/99cc4e6bcd/2/3,long_rvos,99cc4e6bcd,2,3,dynamic,"The yellow dog with the purple collar jumps onto the sofa, then runs to the chair.",mean_pool,-9.430490811665853,-9.430490811665853,-9.430490811665853,0.0,0.0,,
long_rvos/99cc4e6bcd/3/7,long_rvos,99cc4e6bcd,3,7,dynamic,"A man sits on the floor, petting a puppy, and finally places his left hand on the sofa, patting it.",opg_no_order_loss,1.8524770736694336,1.9285937547683716,1.7303186655044556,-0.07611668109893799,0.12215840816497803,1,0.1991506814956665
long_rvos/99cc4e6bcd/3/7,long_rvos,99cc4e6bcd,3,7,dynamic,"A man sits on the floor, petting a puppy, and finally places his left hand on the sofa, patting it.",opg_full,14162.44140625,14162.4814453125,14162.3642578125,-0.0400390625,0.0771484375,1,0.16796875
long_rvos/99cc4e6bcd/3/7,long_rvos,99cc4e6bcd,3,7,dynamic,"A man sits on the floor, petting a puppy, and finally places his left hand on the sofa, patting it.",mean_pool,-4.3237351179122925,-4.3237351179122925,-4.3237351179122925,0.0,0.0,,
long_rvos/9bc92f09e0/1/1,long_rvos,9bc92f09e0,1,1,dynamic,The elderly person shakes the snow off his ski board and then continues moving forward.,opg_no_order_loss,2.3063385486602783,2.307907819747925,2.2419536113739014,-0.0015692710876464844,0.06438493728637695,1,0.9229058027267456
long_rvos/9bc92f09e0/1/1,long_rvos,9bc92f09e0,1,1,dynamic,The elderly person shakes the snow off his ski board and then continues moving forward.,opg_full,14162.73828125,14162.3330078125,14162.3291015625,0.4052734375,0.4091796875,1,0.6162109375
long_rvos/9bc92f09e0/1/1,long_rvos,9bc92f09e0,1,1,dynamic,The elderly person shakes the snow off his ski board and then continues moving forward.,mean_pool,-1.8939381539821625,-1.8939381539821625,-1.8939381539821625,0.0,0.0,,
long_rvos/9bc92f09e0/1/3,long_rvos,9bc92f09e0,1,3,dynamic,"A man lifts his left foot and swings it up and down, then walks to the right.",opg_no_order_loss,2.162397623062134,2.1781227588653564,2.1086599826812744,-0.015725135803222656,0.053737640380859375,2,-0.0862281322479248
long_rvos/9bc92f09e0/1/3,long_rvos,9bc92f09e0,1,3,dynamic,"A man lifts his left foot and swings it up and down, then walks to the right.",opg_full,14162.43359375,14162.7705078125,14162.578125,-0.3369140625,-0.14453125,1,0.0107421875
long_rvos/9bc92f09e0/1/3,long_rvos,9bc92f09e0,1,3,dynamic,"A man lifts his left foot and swings it up and down, then walks to the right.",mean_pool,0.7171666622161865,0.7171666622161865,0.7171666622161865,0.0,0.0,,
long_rvos/9bc92f09e0/2/5,long_rvos,9bc92f09e0,2,5,dynamic,"The elderly person stands behind the one in purple pants, watches him shake off the snow, and then follows him forward.",opg_no_order_loss,1.4879179000854492,1.4879179000854492,1.4879179000854492,0.0,0.0,3,-0.7424860000610352
long_rvos/9bc92f09e0/2/5,long_rvos,9bc92f09e0,2,5,dynamic,"The elderly person stands behind the one in purple pants, watches him shake off the snow, and then follows him forward.",opg_full,14162.12109375,14162.12109375,14162.12109375,0.0,0.0,3,-0.6162109375
long_rvos/9bc92f09e0/2/5,long_rvos,9bc92f09e0,2,5,dynamic,"The elderly person stands behind the one in purple pants, watches him shake off the snow, and then follows him forward.",mean_pool,-9.04488722483317,-9.04488722483317,-9.04488722483317,0.0,0.0,,
long_rvos/9bc92f09e0/2/7,long_rvos,9bc92f09e0,2,7,dynamic,"A man watches another man lift his foot, then follows behind, moving slowly.",opg_no_order_loss,2.1969597339630127,2.2085952758789062,2.474832773208618,-0.011635541915893555,-0.27787303924560547,1,0.11943936347961426
long_rvos/9bc92f09e0/2/7,long_rvos,9bc92f09e0,2,7,dynamic,"A man watches another man lift his foot, then follows behind, moving slowly.",opg_full,14162.3623046875,14162.4873046875,14162.69140625,-0.125,-0.3291015625,3,-0.0712890625
long_rvos/9bc92f09e0/2/7,long_rvos,9bc92f09e0,2,7,dynamic,"A man watches another man lift his foot, then follows behind, moving slowly.",mean_pool,0.456735094388326,0.456735094388326,0.456735094388326,0.0,0.0,,
long_rvos/9bc92f09e0/2/9,long_rvos,9bc92f09e0,2,9,hybrid,"An elderly person in black stands by another, both in snow, watches snow shake off, then skis.",opg_no_order_loss,1.4191899299621582,1.4191899299621582,1.4191899299621582,0.0,0.0,3,-0.8857977390289307
long_rvos/9bc92f09e0/2/9,long_rvos,9bc92f09e0,2,9,hybrid,"An elderly person in black stands by another, both in snow, watches snow shake off, then skis.",opg_full,14162.1220703125,14162.1220703125,14162.1220703125,0.0,0.0,3,-0.615234375
long_rvos/9bc92f09e0/2/9,long_rvos,9bc92f09e0,2,9,hybrid,"An elderly person in black stands by another, both in snow, watches snow shake off, then skis.",mean_pool,-9.446243286132812,-9.446243286132812,-9.446243286132812,0.0,0.0,,
long_rvos/9c1297ecd3/1/1,long_rvos,9c1297ecd3,1,1,dynamic,"The man turns and walks towards another man, then walks aside, rubs his hands and raises them",opg_no_order_loss,1.9373148679733276,1.824007511138916,1.8669308423995972,0.11330735683441162,0.07038402557373047,2,-0.017411351203918457
long_rvos/9c1297ecd3/1/1,long_rvos,9c1297ecd3,1,1,dynamic,"The man turns and walks towards another man, then walks aside, rubs his hands and raises them",opg_full,14162.1748046875,14162.3515625,14162.1845703125,-0.1767578125,-0.009765625,5,-0.2109375
long_rvos/9c1297ecd3/1/1,long_rvos,9c1297ecd3,1,1,dynamic,"The man turns and walks towards another man, then walks aside, rubs his hands and raises them",mean_pool,-7.417677879333496,-7.417677879333496,-7.417677879333496,0.0,0.0,,
long_rvos/9c1297ecd3/1/3,long_rvos,9c1297ecd3,1,3,dynamic,"The man turns and walks towards the other man, bend down to lets the man put a card into the pile in his hand, and then communicates with the man.",opg_no_order_loss,1.91372549533844,1.7962418794631958,1.8407093286514282,0.11748361587524414,0.07301616668701172,2,-0.05617332458496094
long_rvos/9c1297ecd3/1/3,long_rvos,9c1297ecd3,1,3,dynamic,"The man turns and walks towards the other man, bend down to lets the man put a card into the pile in his hand, and then communicates with the man.",opg_full,14162.17578125,14162.3515625,14162.1865234375,-0.17578125,-0.0107421875,5,-0.2099609375
long_rvos/9c1297ecd3/1/3,long_rvos,9c1297ecd3,1,3,dynamic,"The man turns and walks towards the other man, bend down to lets the man put a card into the pile in his hand, and then communicates with the man.",mean_pool,-7.301281293233235,-7.301281293233235,-7.301281293233235,0.0,0.0,,
long_rvos/9c1297ecd3/2/5,long_rvos,9c1297ecd3,2,5,dynamic,Man draws a card from a pile of playing cards and puts it in his hand before putting it back into the deck.,opg_no_order_loss,1.9620505571365356,1.9887198209762573,2.084151268005371,-0.02666926383972168,-0.12210071086883545,1,0.03678107261657715
long_rvos/9c1297ecd3/2/5,long_rvos,9c1297ecd3,2,5,dynamic,Man draws a card from a pile of playing cards and puts it in his hand before putting it back into the deck.,opg_full,14162.3857421875,14162.43359375,14162.40625,-0.0478515625,-0.0205078125,1,0.1357421875
long_rvos/9c1297ecd3/2/5,long_rvos,9c1297ecd3,2,5,dynamic,Man draws a card from a pile of playing cards and puts it in his hand before putting it back into the deck.,mean_pool,6.557528813680013,6.557528813680013,6.557528813680013,0.0,0.0,,
long_rvos/9c1297ecd3/2/7,long_rvos,9c1297ecd3,2,7,dynamic,"The man draws a card from the deck and put it back, then raises his hands and shake hands with another person.",opg_no_order_loss,1.9621262550354004,1.9973715543746948,2.0875682830810547,-0.035245299339294434,-0.1254420280456543,1,0.040770649909973145
long_rvos/9c1297ecd3/2/7,long_rvos,9c1297ecd3,2,7,dynamic,"The man draws a card from the deck and put it back, then raises his hands and shake hands with another person.",opg_full,14162.3857421875,14162.43359375,14162.40625,-0.0478515625,-0.0205078125,1,0.1357421875
long_rvos/9c1297ecd3/2/7,long_rvos,9c1297ecd3,2,7,dynamic,"The man draws a card from the deck and put it back, then raises his hands and shake hands with another person.",mean_pool,6.199443658192952,6.199443658192952,6.199443658192952,0.0,0.0,,
long_rvos/a500f0e77c/1/1,long_rvos,a500f0e77c,1,1,dynamic,"A girl runs around the living room, then lies down on the floor before getting up and sitting on a toy car, and continues running around.",opg_no_order_loss,2.5097415447235107,2.4768311977386475,2.449345350265503,0.03291034698486328,0.06039619445800781,1,1.1481376886367798
long_rvos/a500f0e77c/1/1,long_rvos,a500f0e77c,1,1,dynamic,"A girl runs around the living room, then lies down on the floor before getting up and sitting on a toy car, and continues running around.",opg_full,14162.4716796875,14162.62109375,14162.5712890625,-0.1494140625,-0.099609375,1,0.3505859375
long_rvos/a500f0e77c/1/1,long_rvos,a500f0e77c,1,1,dynamic,"A girl runs around the living room, then lies down on the floor before getting up and sitting on a toy car, and continues running around.",mean_pool,9.655012766520182,9.655012766520182,9.655012766520182,0.0,0.0,,
long_rvos/a595411232/1/1,long_rvos,a595411232,1,1,dynamic,"The sailboat sails on the water, then tilts to the left, gets lifted back up, and tilts to the right.",opg_no_order_loss,1.863836407661438,1.8826260566711426,1.8382288217544556,-0.01878964900970459,0.025607585906982422,1,0.24769186973571777
long_rvos/a595411232/1/1,long_rvos,a595411232,1,1,dynamic,"The sailboat sails on the water, then tilts to the left, gets lifted back up, and tilts to the right.",opg_full,14162.28515625,14162.45703125,14162.34375,-0.171875,-0.05859375,1,0.1630859375
long_rvos/a595411232/1/1,long_rvos,a595411232,1,1,dynamic,"The sailboat sails on the water, then tilts to the left, gets lifted back up, and tilts to the right.",mean_pool,3.841195980707804,3.841195980707804,3.841195980707804,0.0,0.0,,
long_rvos/a595411232/1/16,long_rvos,a595411232,1,16,hybrid,"A white sailboat with two people tilts left, rights itself, then tilts right.",opg_no_order_loss,2.1645781993865967,2.0725200176239014,2.0989797115325928,0.09205818176269531,0.0655984878540039,1,0.46097123622894287
long_rvos/a595411232/1/16,long_rvos,a595411232,1,16,hybrid,"A white sailboat with two people tilts left, rights itself, then tilts right.",opg_full,14162.4443359375,14162.3525390625,14162.40234375,0.091796875,0.0419921875,1,0.25
long_rvos/a595411232/1/16,long_rvos,a595411232,1,16,hybrid,"A white sailboat with two people tilts left, rights itself, then tilts right.",mean_pool,9.557689666748047,9.557689666748047,9.557689666748047,0.0,0.0,,
long_rvos/a595411232/1/3,long_rvos,a595411232,1,3,dynamic,"The sailboat sails on the water, then capsizes, is righted by the two people, and finally gets pulled over and capsizes again.",opg_no_order_loss,1.8641700744628906,1.8823367357254028,1.8388954401016235,-0.018166661262512207,0.02527463436126709,1,0.23982179164886475
long_rvos/a595411232/1/3,long_rvos,a595411232,1,3,dynamic,"The sailboat sails on the water, then capsizes, is righted by the two people, and finally gets pulled over and capsizes again.",opg_full,14162.28515625,14162.45703125,14162.34375,-0.171875,-0.05859375,1,0.1640625
long_rvos/a595411232/1/3,long_rvos,a595411232,1,3,dynamic,"The sailboat sails on the water, then capsizes, is righted by the two people, and finally gets pulled over and capsizes again.",mean_pool,4.402478535970052,4.402478535970052,4.402478535970052,0.0,0.0,,
long_rvos/a595411232/2/7,long_rvos,a595411232,2,7,dynamic,"The man sits on the sailboat, then falls into the water, grabs the sailboat's mast, and capsizes the boat.",opg_no_order_loss,2.3266303539276123,2.267768621444702,1.9992413520812988,0.058861732482910156,0.3273890018463135,1,0.1601247787475586
long_rvos/a595411232/2/7,long_rvos,a595411232,2,7,dynamic,"The man sits on the sailboat, then falls into the water, grabs the sailboat's mast, and capsizes the boat.",opg_full,14162.6767578125,14162.59375,14162.3603515625,0.0830078125,0.31640625,1,0.111328125
long_rvos/a595411232/2/7,long_rvos,a595411232,2,7,dynamic,"The man sits on the sailboat, then falls into the water, grabs the sailboat's mast, and capsizes the boat.",mean_pool,-2.2095703234275184,-2.2095703234275184,-2.2095703234275184,0.0,0.0,,
long_rvos/a595411232/3/11,long_rvos,a595411232,3,11,dynamic,"The woman sits on the sailboat, then falls into the water, climbs back onto the boat, and falls again.",opg_no_order_loss,2.121527671813965,2.0496041774749756,1.6890290975570679,0.07192349433898926,0.432498574256897,2,-0.34755730628967285
long_rvos/a595411232/3/11,long_rvos,a595411232,3,11,dynamic,"The woman sits on the sailboat, then falls into the water, climbs back onto the boat, and falls again.",opg_full,14162.6279296875,14162.5029296875,14162.23046875,0.125,0.3974609375,2,-0.0390625
long_rvos/a595411232/3/11,long_rvos,a595411232,3,11,dynamic,"The woman sits on the sailboat, then falls into the water, climbs back onto the boat, and falls again.",mean_pool,-3.8479583660761514,-3.8479583660761514,-3.8479583660761514,0.0,0.0,,
long_rvos/a8b6fd5e4d/1/1,long_rvos,a8b6fd5e4d,1,1,dynamic,"The man plays with the baby, chases after him, catches him, then lets him go, and chases him again.",opg_no_order_loss,2.5210092067718506,2.5235300064086914,2.510122299194336,-0.0025207996368408203,0.010886907577514648,1,0.8671659231185913
long_rvos/a8b6fd5e4d/1/1,long_rvos,a8b6fd5e4d,1,1,dynamic,"The man plays with the baby, chases after him, catches him, then lets him go, and chases him again.",opg_full,14162.2978515625,14162.6865234375,14162.66015625,-0.388671875,-0.3623046875,1,0.0703125
long_rvos/a8b6fd5e4d/1/1,long_rvos,a8b6fd5e4d,1,1,dynamic,"The man plays with the baby, chases after him, catches him, then lets him go, and chases him again.",mean_pool,-1.4892561336358388,-1.4892561336358388,-1.4892561336358388,0.0,0.0,,
long_rvos/a8b6fd5e4d/1/3,long_rvos,a8b6fd5e4d,1,3,dynamic,"The man chases the crawling boy on the floor, picks him up, then lets him go to continue crawling.",opg_no_order_loss,2.4542360305786133,2.3779356479644775,2.3756768703460693,0.07630038261413574,0.07855916023254395,1,0.6444940567016602
long_rvos/a8b6fd5e4d/1/3,long_rvos,a8b6fd5e4d,1,3,dynamic,"The man chases the crawling boy on the floor, picks him up, then lets him go to continue crawling.",opg_full,14162.2978515625,14162.6865234375,14162.66015625,-0.388671875,-0.3623046875,1,0.0673828125
long_rvos/a8b6fd5e4d/1/3,long_rvos,a8b6fd5e4d,1,3,dynamic,"The man chases the crawling boy on the floor, picks him up, then lets him go to continue crawling.",mean_pool,-1.4001843929290771,-1.4001843929290771,-1.4001843929290771,0.0,0.0,,
long_rvos/a8b6fd5e4d/1/8,long_rvos,a8b6fd5e4d,1,8,hybrid,"A man in black plays with a baby, chases and catches him, then lets him go.",opg_no_order_loss,2.510615348815918,2.5269415378570557,2.512634038925171,-0.016326189041137695,-0.0020186901092529297,1,0.8271893262863159
long_rvos/a8b6fd5e4d/1/8,long_rvos,a8b6fd5e4d,1,8,hybrid,"A man in black plays with a baby, chases and catches him, then lets him go.",opg_full,14162.2978515625,14162.6865234375,14162.66015625,-0.388671875,-0.3623046875,1,0.068359375
long_rvos/a8b6fd5e4d/1/8,long_rvos,a8b6fd5e4d,1,8,hybrid,"A man in black plays with a baby, chases and catches him, then lets him go.",mean_pool,-1.7468568682670593,-1.7468568682670593,-1.7468568682670593,0.0,0.0,,
long_rvos/a8b6fd5e4d/2/11,long_rvos,a8b6fd5e4d,2,11,hybrid,"A child crawls on the floor, is picked up by a man, then continues crawling.",opg_no_order_loss,2.4870824813842773,2.4540114402770996,2.439357042312622,0.033071041107177734,0.04772543907165527,1,0.6597589254379272
long_rvos/a8b6fd5e4d/2/11,long_rvos,a8b6fd5e4d,2,11,hybrid,"A child crawls on the floor, is picked up by a man, then continues crawling.",opg_full,14162.2509765625,14162.6474609375,14162.58203125,-0.396484375,-0.3310546875,2,-0.013671875
long_rvos/a8b6fd5e4d/2/11,long_rvos,a8b6fd5e4d,2,11,hybrid,"A child crawls on the floor, is picked up by a man, then continues crawling.",mean_pool,6.231820424397786,6.231820424397786,6.231820424397786,0.0,0.0,,
long_rvos/a8b6fd5e4d/2/5,long_rvos,a8b6fd5e4d,2,5,dynamic,"The baby and the man play together, with the man catching the baby once and then chasing after him.",opg_no_order_loss,2.879410743713379,2.821178436279297,2.7849090099334717,0.05823230743408203,0.09450173377990723,1,1.5419549942016602
long_rvos/a8b6fd5e4d/2/5,long_rvos,a8b6fd5e4d,2,5,dynamic,"The baby and the man play together, with the man catching the baby once and then chasing after him.",opg_full,14162.390625,14162.6591796875,14162.5595703125,-0.2685546875,-0.1689453125,1,0.26953125
long_rvos/a8b6fd5e4d/2/5,long_rvos,a8b6fd5e4d,2,5,dynamic,"The baby and the man play together, with the man catching the baby once and then chasing after him.",mean_pool,7.584033012390137,7.584033012390137,7.584033012390137,0.0,0.0,,
long_rvos/a8b6fd5e4d/2/7,long_rvos,a8b6fd5e4d,2,7,dynamic,"The child crawls on the floor, then is picked up by the man, continues crawling, sits up for a moment, and then resumes crawling.",opg_no_order_loss,2.4890425205230713,2.456803560256958,2.4414894580841064,0.03223896026611328,0.047553062438964844,1,0.6680014133453369
long_rvos/a8b6fd5e4d/2/7,long_rvos,a8b6fd5e4d,2,7,dynamic,"The child crawls on the floor, then is picked up by the man, continues crawling, sits up for a moment, and then resumes crawling.",opg_full,14162.2509765625,14162.6474609375,14162.58203125,-0.396484375,-0.3310546875,2,-0.013671875
long_rvos/a8b6fd5e4d/2/7,long_rvos,a8b6fd5e4d,2,7,dynamic,"The child crawls on the floor, then is picked up by the man, continues crawling, sits up for a moment, and then resumes crawling.",mean_pool,6.342706123987834,6.342706123987834,6.342706123987834,0.0,0.0,,
long_rvos/af3ad95fe0/1/1,long_rvos,af3ad95fe0,1,1,dynamic,"The man enters the frame from the top left, then kneels between the two children, playing with them.",opg_no_order_loss,1.741642951965332,1.7924981117248535,1.8210639953613281,-0.050855159759521484,-0.0794210433959961,3,-0.0829315185546875
long_rvos/af3ad95fe0/1/1,long_rvos,af3ad95fe0,1,1,dynamic,"The man enters the frame from the top left, then kneels between the two children, playing with them.",opg_full,14162.35546875,14162.3095703125,14162.04296875,0.0458984375,0.3125,2,-0.0341796875
long_rvos/af3ad95fe0/1/1,long_rvos,af3ad95fe0,1,1,dynamic,"The man enters the frame from the top left, then kneels between the two children, playing with them.",mean_pool,-4.911161343256633,-4.911161343256633,-4.911161343256633,0.0,0.0,,
long_rvos/af3ad95fe0/2/13,long_rvos,af3ad95fe0,2,13,hybrid,"A child in green kneels by the toy box, plays, then sits after seeing his father.",opg_no_order_loss,2.692621946334839,2.633394479751587,2.5763628482818604,0.05922746658325195,0.11625909805297852,2,-0.0042591094970703125
long_rvos/af3ad95fe0/2/13,long_rvos,af3ad95fe0,2,13,hybrid,"A child in green kneels by the toy box, plays, then sits after seeing his father.",opg_full,14162.5009765625,14162.5595703125,14162.53515625,-0.05859375,-0.0341796875,2,-0.048828125
long_rvos/af3ad95fe0/2/13,long_rvos,af3ad95fe0,2,13,hybrid,"A child in green kneels by the toy box, plays, then sits after seeing his father.",mean_pool,9.204023202260336,9.204023202260336,9.204023202260336,0.0,0.0,,
long_rvos/af3ad95fe0/2/3,long_rvos,af3ad95fe0,2,3,dynamic,"The child kneels beside the colorful toy box, playing, then lies down upon seeing his father appear, and later sits on the floor to continue playing.",opg_no_order_loss,2.580382823944092,2.570481300354004,2.4182488918304443,0.00990152359008789,0.16213393211364746,2,-0.08785557746887207
long_rvos/af3ad95fe0/2/3,long_rvos,af3ad95fe0,2,3,dynamic,"The child kneels beside the colorful toy box, playing, then lies down upon seeing his father appear, and later sits on the floor to continue playing.",opg_full,14162.6162109375,14162.50390625,14162.484375,0.1123046875,0.1318359375,1,0.06640625
long_rvos/af3ad95fe0/2/3,long_rvos,af3ad95fe0,2,3,dynamic,"The child kneels beside the colorful toy box, playing, then lies down upon seeing his father appear, and later sits on the floor to continue playing.",mean_pool,5.427873293558757,5.427873293558757,5.427873293558757,0.0,0.0,,
long_rvos/af3ad95fe0/4/7,long_rvos,af3ad95fe0,4,7,dynamic,"The long red toy is first held and played with by the child in green clothes, then thrown onto the carpet.",opg_no_order_loss,1.4547958374023438,1.4547958374023438,1.4547958374023438,0.0,0.0,2,-0.6829578876495361
long_rvos/af3ad95fe0/4/7,long_rvos,af3ad95fe0,4,7,dynamic,"The long red toy is first held and played with by the child in green clothes, then thrown onto the carpet.",opg_full,14162.12109375,14162.12109375,14162.12109375,0.0,0.0,2,-0.2236328125
long_rvos/af3ad95fe0/4/7,long_rvos,af3ad95fe0,4,7,dynamic,"The long red toy is first held and played with by the child in green clothes, then thrown onto the carpet.",mean_pool,-6.8554080327351885,-6.8554080327351885,-6.8554080327351885,0.0,0.0,,
long_rvos/af3ad95fe0/5/9,long_rvos,af3ad95fe0,5,9,dynamic,"The red triangular toy is played with by a child in blue clothes, then thrown onto the carpet.",opg_no_order_loss,1.8855973482131958,1.8584543466567993,1.7455440759658813,0.027143001556396484,0.14005327224731445,1,0.10476064682006836
long_rvos/af3ad95fe0/5/9,long_rvos,af3ad95fe0,5,9,dynamic,"The red triangular toy is played with by a child in blue clothes, then thrown onto the carpet.",opg_full,14162.3505859375,14162.3984375,14162.3076171875,-0.0478515625,0.04296875,2,-0.03125
long_rvos/af3ad95fe0/5/9,long_rvos,af3ad95fe0,5,9,dynamic,"The red triangular toy is played with by a child in blue clothes, then thrown onto the carpet.",mean_pool,-3.9392038186391196,-3.9392038186391196,-3.9392038186391196,0.0,0.0,,
long_rvos/af7297f0db/2/3,long_rvos,af7297f0db,2,3,dynamic,"The man is holding the baby in the living room, playing with the baby and chasing the dog, then places the baby on the floor and walks away.",opg_no_order_loss,1.918705940246582,1.881403923034668,2.011204481124878,0.03730201721191406,-0.0924985408782959,1,0.25144004821777344
long_rvos/af7297f0db/2/3,long_rvos,af7297f0db,2,3,dynamic,"The man is holding the baby in the living room, playing with the baby and chasing the dog, then places the baby on the floor and walks away.",opg_full,14162.2783203125,14162.4853515625,14162.52734375,-0.20703125,-0.2490234375,1,0.037109375
long_rvos/af7297f0db/2/3,long_rvos,af7297f0db,2,3,dynamic,"The man is holding the baby in the living room, playing with the baby and chasing the dog, then places the baby on the floor and walks away.",mean_pool,1.9210379322369893,1.9210379322369893,1.9210379322369893,0.0,0.0,,
long_rvos/af7297f0db/3/5,long_rvos,af7297f0db,3,5,dynamic,"The dog is running around the living room, being chased by the man and the baby, then sits on a cushion and starts licking the baby's face.",opg_no_order_loss,1.9650944471359253,1.9315872192382812,2.0125982761383057,0.03350722789764404,-0.04750382900238037,1,0.27307939529418945
long_rvos/af7297f0db/3/5,long_rvos,af7297f0db,3,5,dynamic,"The dog is running around the living room, being chased by the man and the baby, then sits on a cushion and starts licking the baby's face.",opg_full,14162.4306640625,14162.12109375,14162.43359375,0.3095703125,-0.0029296875,1,0.2265625
long_rvos/af7297f0db/3/5,long_rvos,af7297f0db,3,5,dynamic,"The dog is running around the living room, being chased by the man and the baby, then sits on a cushion and starts licking the baby's face.",mean_pool,-0.5196113189061483,-0.5196113189061483,-0.5196113189061483,0.0,0.0,,
long_rvos/af7297f0db/3/8,long_rvos,af7297f0db,3,8,hybrid,"A brown dog is chased by a man and a baby, then licks the baby's face.",opg_no_order_loss,1.8183484077453613,1.6928391456604004,1.6482105255126953,0.12550926208496094,0.17013788223266602,1,0.1945425271987915
long_rvos/af7297f0db/3/8,long_rvos,af7297f0db,3,8,hybrid,"A brown dog is chased by a man and a baby, then licks the baby's face.",opg_full,14162.29296875,14162.2626953125,14162.31640625,0.0302734375,-0.0234375,1,0.08984375
long_rvos/af7297f0db/3/8,long_rvos,af7297f0db,3,8,hybrid,"A brown dog is chased by a man and a baby, then licks the baby's face.",mean_pool,-1.1879374186197917,-1.1879374186197917,-1.1879374186197917,0.0,0.0,,
long_rvos/b4a5ada352/1/1,long_rvos,b4a5ada352,1,1,dynamic,"The man props up his face with his left hand, points at the computer screen with his right hand, and gestures while explaining the content to the other man. After a while, he places his left hand on his right arm and occasionally extends both hands.",opg_no_order_loss,2.148846387863159,2.1222026348114014,1.8191560506820679,0.026643753051757812,0.3296903371810913,2,-0.1051325798034668
long_rvos/b4a5ada352/1/1,long_rvos,b4a5ada352,1,1,dynamic,"The man props up his face with his left hand, points at the computer screen with his right hand, and gestures while explaining the content to the other man. After a while, he places his left hand on his right arm and occasionally extends both hands.",opg_full,14162.4130859375,14162.3828125,14162.1904296875,0.0302734375,0.22265625,2,-0.064453125
long_rvos/b4a5ada352/1/1,long_rvos,b4a5ada352,1,1,dynamic,"The man props up his face with his left hand, points at the computer screen with his right hand, and gestures while explaining the content to the other man. After a while, he places his left hand on his right arm and occasionally extends both hands.",mean_pool,-3.8176204363505044,-3.8176204363505044,-3.8176204363505044,0.0,0.0,,
long_rvos/b4a5ada352/2/5,long_rvos,b4a5ada352,2,5,dynamic,"The man is looking at the computer screen, listening to the other man explain the content on the screen, then places his left hand in front of his mouth.",opg_no_order_loss,2.140388011932373,2.204540491104126,2.002046823501587,-0.06415247917175293,0.13834118843078613,1,0.1730884313583374
long_rvos/b4a5ada352/2/5,long_rvos,b4a5ada352,2,5,dynamic,"The man is looking at the computer screen, listening to the other man explain the content on the screen, then places his left hand in front of his mouth.",opg_full,14162.4775390625,14162.5556640625,14162.4072265625,-0.078125,0.0703125,1,0.064453125
long_rvos/b4a5ada352/2/5,long_rvos,b4a5ada352,2,5,dynamic,"The man is looking at the computer screen, listening to the other man explain the content on the screen, then places his left hand in front of his mouth.",mean_pool,-2.5994253158569336,-2.5994253158569336,-2.5994253158569336,0.0,0.0,,
long_rvos/bda2f20019/1/3,long_rvos,bda2f20019,1,3,dynamic,"The woman brushes her hair with her left hand, then bends down to pet the dog, then pulls the leash with her right hand, bending down to look at the dog, then stands up, brushes her hair with her left hand again, then turns her head to look left a few times.",opg_no_order_loss,2.6414318084716797,2.622840166091919,2.622093915939331,0.018591642379760742,0.019337892532348633,1,0.0
long_rvos/bda2f20019/1/3,long_rvos,bda2f20019,1,3,dynamic,"The woman brushes her hair with her left hand, then bends down to pet the dog, then pulls the leash with her right hand, bending down to look at the dog, then stands up, brushes her hair with her left hand again, then turns her head to look left a few times.",opg_full,14162.4921875,14162.421875,14162.44921875,0.0703125,0.04296875,1,0.0
long_rvos/bda2f20019/1/3,long_rvos,bda2f20019,1,3,dynamic,"The woman brushes her hair with her left hand, then bends down to pet the dog, then pulls the leash with her right hand, bending down to look at the dog, then stands up, brushes her hair with her left hand again, then turns her head to look left a few times.",mean_pool,8.67325210571289,8.67325210571289,8.67325210571289,0.0,0.0,,
long_rvos/bda2f20019/2/19,long_rvos,bda2f20019,2,19,hybrid,"A black-haired man walks with a white-haired man, swinging a rope, then enters a door.",opg_no_order_loss,1.7022124528884888,1.6797122955322266,1.928113341331482,0.022500157356262207,-0.22590088844299316,1,0.29118800163269043
long_rvos/bda2f20019/2/19,long_rvos,bda2f20019,2,19,hybrid,"A black-haired man walks with a white-haired man, swinging a rope, then enters a door.",opg_full,14162.03125,14162.41796875,14162.4111328125,-0.38671875,-0.3798828125,2,-0.0908203125
long_rvos/bda2f20019/2/19,long_rvos,bda2f20019,2,19,hybrid,"A black-haired man walks with a white-haired man, swinging a rope, then enters a door.",mean_pool,-8.685115655263266,-8.685115655263266,-8.685115655263266,0.0,0.0,,
long_rvos/bda2f20019/2/5,long_rvos,bda2f20019,2,5,dynamic,The man walked towards the woman and glanced at the dog before entering the door.,opg_no_order_loss,1.481444239616394,1.6091443300247192,1.7527589797973633,-0.1277000904083252,-0.27131474018096924,2,-0.03036189079284668
long_rvos/bda2f20019/2/5,long_rvos,bda2f20019,2,5,dynamic,The man walked towards the woman and glanced at the dog before entering the door.,opg_full,14162.0322265625,14162.41796875,14162.4111328125,-0.3857421875,-0.37890625,9,-0.2333984375
long_rvos/bda2f20019/2/5,long_rvos,bda2f20019,2,5,dynamic,The man walked towards the woman and glanced at the dog before entering the door.,mean_pool,-8.938469092051188,-8.938469092051188,-8.938469092051188,0.0,0.0,,
long_rvos/bda2f20019/2/7,long_rvos,bda2f20019,2,7,dynamic,"The man walks from a distance, swinging a rope tied to something in his left hand, then walks towards a door and enters.",opg_no_order_loss,1.7088545560836792,1.6537604331970215,1.9063372611999512,0.055094122886657715,-0.19748270511627197,2,-0.011745691299438477
long_rvos/bda2f20019/2/7,long_rvos,bda2f20019,2,7,dynamic,"The man walks from a distance, swinging a rope tied to something in his left hand, then walks towards a door and enters.",opg_full,14162.03125,14162.41796875,14162.4130859375,-0.38671875,-0.3818359375,9,-0.234375
long_rvos/bda2f20019/2/7,long_rvos,bda2f20019,2,7,dynamic,"The man walks from a distance, swinging a rope tied to something in his left hand, then walks towards a door and enters.",mean_pool,-8.923357486724854,-8.923357486724854,-8.923357486724854,0.0,0.0,,
long_rvos/bda2f20019/3/11,long_rvos,bda2f20019,3,11,dynamic,"The dog walks beside the woman, briefly sits down, then stands up, then sits again on the woman's command, and tilts its head to look around.",opg_no_order_loss,1.8286237716674805,1.7685998678207397,1.848437786102295,0.06002390384674072,-0.019814014434814453,1,0.0
long_rvos/bda2f20019/3/11,long_rvos,bda2f20019,3,11,dynamic,"The dog walks beside the woman, briefly sits down, then stands up, then sits again on the woman's command, and tilts its head to look around.",opg_full,14162.2822265625,14162.2080078125,14162.2431640625,0.07421875,0.0390625,1,0.0
long_rvos/bda2f20019/3/11,long_rvos,bda2f20019,3,11,dynamic,"The dog walks beside the woman, briefly sits down, then stands up, then sits again on the woman's command, and tilts its head to look around.",mean_pool,7.2011416753133135,7.2011416753133135,7.2011416753133135,0.0,0.0,,
long_rvos/bda2f20019/4/15,long_rvos,bda2f20019,4,15,dynamic,"The man walks from a distance, touches his nose with his left hand, and shakes a key in his right hand, then walks with the man towards a door and enters.",opg_no_order_loss,1.7278556823730469,1.7518080472946167,1.6068273782730103,-0.023952364921569824,0.12102830410003662,1,0.006631016731262207
long_rvos/bda2f20019/4/15,long_rvos,bda2f20019,4,15,dynamic,"The man walks from a distance, touches his nose with his left hand, and shakes a key in his right hand, then walks with the man towards a door and enters.",opg_full,14162.265625,14162.3076171875,14162.3115234375,-0.0419921875,-0.0458984375,1,0.0498046875
long_rvos/bda2f20019/4/15,long_rvos,bda2f20019,4,15,dynamic,"The man walks from a distance, touches his nose with his left hand, and shakes a key in his right hand, then walks with the man towards a door and enters.",mean_pool,-7.573130925496419,-7.573130925496419,-7.573130925496419,0.0,0.0,,
long_rvos/bed1347f23/1/1,long_rvos,bed1347f23,1,1,dynamic,"A dog runs back, then lies on the ground to chew a toy, and finally gets up and walks around.",opg_no_order_loss,2.21416974067688,2.268425703048706,1.9071402549743652,-0.05425596237182617,0.30702948570251465,1,0.5065157413482666
long_rvos/bed1347f23/1/1,long_rvos,bed1347f23,1,1,dynamic,"A dog runs back, then lies on the ground to chew a toy, and finally gets up and walks around.",opg_full,14162.46484375,14162.5009765625,14162.3408203125,-0.0361328125,0.1240234375,1,0.2041015625
long_rvos/bed1347f23/1/1,long_rvos,bed1347f23,1,1,dynamic,"A dog runs back, then lies on the ground to chew a toy, and finally gets up and walks around.",mean_pool,-5.834772268931071,-5.834772268931071,-5.834772268931071,0.0,0.0,,
long_rvos/bed1347f23/1/3,long_rvos,bed1347f23,1,3,dynamic,"The black dog looks at the dog in front, then walks toward a white dog, before moving toward the green toy and continuously biting it, then walks toward a bookshelf.",opg_no_order_loss,1.93704092502594,2.0634937286376953,1.7639144659042358,-0.12645280361175537,0.1731264591217041,1,0.23684048652648926
long_rvos/bed1347f23/1/3,long_rvos,bed1347f23,1,3,dynamic,"The black dog looks at the dog in front, then walks toward a white dog, before moving toward the green toy and continuously biting it, then walks toward a bookshelf.",opg_full,14162.3486328125,14162.3955078125,14162.40234375,-0.046875,-0.0537109375,1,0.087890625
long_rvos/bed1347f23/1/3,long_rvos,bed1347f23,1,3,dynamic,"The black dog looks at the dog in front, then walks toward a white dog, before moving toward the green toy and continuously biting it, then walks toward a bookshelf.",mean_pool,-8.518186410268148,-8.518186410268148,-8.518186410268148,0.0,0.0,,
long_rvos/bed1347f23/2/6,long_rvos,bed1347f23,2,6,dynamic,"The toy is bitten and shaken by the dog, then remains motionless after the dog leaves.",opg_no_order_loss,2.0261316299438477,2.097606658935547,1.8091135025024414,-0.07147502899169922,0.21701812744140625,2,-0.018485307693481445
long_rvos/bed1347f23/2/6,long_rvos,bed1347f23,2,6,dynamic,"The toy is bitten and shaken by the dog, then remains motionless after the dog leaves.",opg_full,14162.3017578125,14162.3271484375,14162.2158203125,-0.025390625,0.0859375,6,-0.0966796875
long_rvos/bed1347f23/2/6,long_rvos,bed1347f23,2,6,dynamic,"The toy is bitten and shaken by the dog, then remains motionless after the dog leaves.",mean_pool,3.013161579767863,3.013161579767863,3.013161579767863,0.0,0.0,,
long_rvos/bed1347f23/2/8,long_rvos,bed1347f23,2,8,hybrid,"A green toy on a carpet is bitten and shaken by a dog, then left still.",opg_no_order_loss,2.0392138957977295,2.1125733852386475,1.8334871530532837,-0.07335948944091797,0.2057267427444458,1,0.4521392583847046
long_rvos/bed1347f23/2/8,long_rvos,bed1347f23,2,8,hybrid,"A green toy on a carpet is bitten and shaken by a dog, then left still.",opg_full,14162.30078125,14162.3271484375,14162.21484375,-0.0263671875,0.0859375,1,0.0390625
long_rvos/bed1347f23/2/8,long_rvos,bed1347f23,2,8,hybrid,"A green toy on a carpet is bitten and shaken by a dog, then left still.",mean_pool,2.800511360168457,2.800511360168457,2.800511360168457,0.0,0.0,,
long_rvos/c4638cc87e/1/1,long_rvos,c4638cc87e,1,1,dynamic,"The woman is performing ballet, lying on top of a man. She then rises, grabs the foot of another woman, spins around, and lies back on the bench.",opg_no_order_loss,2.9247143268585205,2.916254758834839,2.855740785598755,0.00845956802368164,0.06897354125976562,1,0.01619720458984375
long_rvos/c4638cc87e/1/1,long_rvos,c4638cc87e,1,1,dynamic,"The woman is performing ballet, lying on top of a man. She then rises, grabs the foot of another woman, spins around, and lies back on the bench.",opg_full,14162.5830078125,14162.58203125,14162.5673828125,0.0009765625,0.015625,1,0.025390625
long_rvos/c4638cc87e/1/1,long_rvos,c4638cc87e,1,1,dynamic,"The woman is performing ballet, lying on top of a man. She then rises, grabs the foot of another woman, spins around, and lies back on the bench.",mean_pool,4.923958897590637,4.923958897590637,4.923958897590637,0.0,0.0,,
long_rvos/c4638cc87e/2/5,long_rvos,c4638cc87e,2,5,dynamic,"The woman is performing ballet, lying on top of a man in an inverted position. She then rises, spins, and finally kneels on the floor.",opg_no_order_loss,2.8975791931152344,2.8917291164398193,2.898681640625,0.005850076675415039,-0.001102447509765625,2,-0.017033815383911133
long_rvos/c4638cc87e/2/5,long_rvos,c4638cc87e,2,5,dynamic,"The woman is performing ballet, lying on top of a man in an inverted position. She then rises, spins, and finally kneels on the floor.",opg_full,14162.5576171875,14162.5927734375,14162.5517578125,-0.03515625,0.005859375,2,-0.025390625
long_rvos/c4638cc87e/2/5,long_rvos,c4638cc87e,2,5,dynamic,"The woman is performing ballet, lying on top of a man in an inverted position. She then rises, spins, and finally kneels on the floor.",mean_pool,4.959651390711467,4.959651390711467,4.959651390711467,0.0,0.0,,
long_rvos/c4638cc87e/2/7,long_rvos,c4638cc87e,2,7,dynamic,This woman was the first to do the side-lying move.,opg_no_order_loss,2.9212806224823,2.9093329906463623,2.918910026550293,0.0119476318359375,0.002370595932006836,2,-0.015710115432739258
long_rvos/c4638cc87e/2/7,long_rvos,c4638cc87e,2,7,dynamic,This woman was the first to do the side-lying move.,opg_full,14162.5556640625,14162.5908203125,14162.55078125,-0.03515625,0.0048828125,2,-0.0263671875
long_rvos/c4638cc87e/2/7,long_rvos,c4638cc87e,2,7,dynamic,This woman was the first to do the side-lying move.,mean_pool,3.3206332127253213,3.3206332127253213,3.3206332127253213,0.0,0.0,,
long_rvos/c4638cc87e/3/16,long_rvos,c4638cc87e,3,16,hybrid,"A man in a white vest performs ballet beside two women, adjusts dancers, then dances.",opg_no_order_loss,2.843508005142212,2.850921630859375,2.8564727306365967,-0.007413625717163086,-0.012964725494384766,1,0.09352588653564453
long_rvos/c4638cc87e/3/16,long_rvos,c4638cc87e,3,16,hybrid,"A man in a white vest performs ballet beside two women, adjusts dancers, then dances.",opg_full,14162.58984375,14162.5859375,14162.5869140625,0.00390625,0.0029296875,2,-0.1064453125
long_rvos/c4638cc87e/3/16,long_rvos,c4638cc87e,3,16,hybrid,"A man in a white vest performs ballet beside two women, adjusts dancers, then dances.",mean_pool,7.230242411295573,7.230242411295573,7.230242411295573,0.0,0.0,,
long_rvos/c4638cc87e/3/9,long_rvos,c4638cc87e,3,9,dynamic,"The man is performing ballet, sitting on a chair and adjusting the bodies of the two female dancers for the performance. He then stands and continues to showcase his dance moves.",opg_no_order_loss,2.8475866317749023,2.8545010089874268,2.861271619796753,-0.006914377212524414,-0.013684988021850586,1,0.09525394439697266
long_rvos/c4638cc87e/3/9,long_rvos,c4638cc87e,3,9,dynamic,"The man is performing ballet, sitting on a chair and adjusting the bodies of the two female dancers for the performance. He then stands and continues to showcase his dance moves.",opg_full,14162.58984375,14162.5849609375,14162.5859375,0.0048828125,0.00390625,2,-0.10546875
long_rvos/c4638cc87e/3/9,long_rvos,c4638cc87e,3,9,dynamic,"The man is performing ballet, sitting on a chair and adjusting the bodies of the two female dancers for the performance. He then stands and continues to showcase his dance moves.",mean_pool,6.702689488728841,6.702689488728841,6.702689488728841,0.0,0.0,,
long_rvos/c5c9b749d4/1/1,long_rvos,c5c9b749d4,1,1,dynamic,A man was playing a motion-sensing game in front of the TV. He swayed his body from side to side and finally raised his arms.,opg_no_order_loss,2.0888376235961914,2.069755792617798,2.0937387943267822,0.019081830978393555,-0.00490117073059082,1,0.017128705978393555
long_rvos/c5c9b749d4/1/1,long_rvos,c5c9b749d4,1,1,dynamic,A man was playing a motion-sensing game in front of the TV. He swayed his body from side to side and finally raised his arms.,opg_full,14162.2158203125,14162.3701171875,14162.3740234375,-0.154296875,-0.158203125,5,-0.0888671875
long_rvos/c5c9b749d4/1/1,long_rvos,c5c9b749d4,1,1,dynamic,A man was playing a motion-sensing game in front of the TV. He swayed his body from side to side and finally raised his arms.,mean_pool,1.5328941245873768,1.5328941245873768,1.5328941245873768,0.0,0.0,,
long_rvos/c73c2a03a0/1/1,long_rvos,c73c2a03a0,1,1,dynamic,The first diver to appear pulled up the diver next to him while diving.,opg_no_order_loss,2.4184999465942383,2.416457176208496,2.3560991287231445,0.0020427703857421875,0.06240081787109375,1,0.6353632211685181
long_rvos/c73c2a03a0/1/1,long_rvos,c73c2a03a0,1,1,dynamic,The first diver to appear pulled up the diver next to him while diving.,opg_full,14162.5947265625,14162.5283203125,14162.5361328125,0.06640625,0.05859375,1,0.216796875
long_rvos/c73c2a03a0/1/1,long_rvos,c73c2a03a0,1,1,dynamic,The first diver to appear pulled up the diver next to him while diving.,mean_pool,5.1023673216501875,5.1023673216501875,5.1023673216501875,0.0,0.0,,
long_rvos/cc132d2e39/1/1,long_rvos,cc132d2e39,1,1,dynamic,"The woman puts a collar on the dog, then walks it and pets its head and body, stretching its tail.",opg_no_order_loss,2.203890562057495,2.1110126972198486,1.9451059103012085,0.09287786483764648,0.2587846517562866,1,0.775056004524231
long_rvos/cc132d2e39/1/1,long_rvos,cc132d2e39,1,1,dynamic,"The woman puts a collar on the dog, then walks it and pets its head and body, stretching its tail.",opg_full,14162.6318359375,14162.3271484375,14162.2861328125,0.3046875,0.345703125,1,0.4091796875
long_rvos/cc132d2e39/1/1,long_rvos,cc132d2e39,1,1,dynamic,"The woman puts a collar on the dog, then walks it and pets its head and body, stretching its tail.",mean_pool,-0.43247773746649426,-0.43247773746649426,-0.43247773746649426,0.0,0.0,,
long_rvos/cc132d2e39/1/13,long_rvos,cc132d2e39,1,13,hybrid,"A woman in a red headscarf and gray outfit walks her black dog, then squats to pet it.",opg_no_order_loss,2.204942464828491,2.098586082458496,1.9388200044631958,0.10635638236999512,0.2661224603652954,1,0.7497271299362183
long_rvos/cc132d2e39/1/13,long_rvos,cc132d2e39,1,13,hybrid,"A woman in a red headscarf and gray outfit walks her black dog, then squats to pet it.",opg_full,14162.6318359375,14162.328125,14162.2880859375,0.3037109375,0.34375,1,0.4091796875
long_rvos/cc132d2e39/1/13,long_rvos,cc132d2e39,1,13,hybrid,"A woman in a red headscarf and gray outfit walks her black dog, then squats to pet it.",mean_pool,-0.329244926571846,-0.329244926571846,-0.329244926571846,0.0,0.0,,
long_rvos/cc132d2e39/1/3,long_rvos,cc132d2e39,1,3,dynamic,"The woman walks the black dog, then squats down and pets it all over.",opg_no_order_loss,2.2044899463653564,2.1004252433776855,1.941183090209961,0.1040647029876709,0.2633068561553955,1,0.7499233484268188
long_rvos/cc132d2e39/1/3,long_rvos,cc132d2e39,1,3,dynamic,"The woman walks the black dog, then squats down and pets it all over.",opg_full,14162.6318359375,14162.328125,14162.2880859375,0.3037109375,0.34375,1,0.4091796875
long_rvos/cc132d2e39/1/3,long_rvos,cc132d2e39,1,3,dynamic,"The woman walks the black dog, then squats down and pets it all over.",mean_pool,-0.29041942457358044,-0.29041942457358044,-0.29041942457358044,0.0,0.0,,
long_rvos/cc132d2e39/1/5,long_rvos,cc132d2e39,1,5,dynamic,"The woman squats on the ground, then stands up, walks the dog, and finally squats down and touches the dog.",opg_no_order_loss,2.204460382461548,2.113283157348633,1.945654273033142,0.09117722511291504,0.25880610942840576,1,0.779922366142273
long_rvos/cc132d2e39/1/5,long_rvos,cc132d2e39,1,5,dynamic,"The woman squats on the ground, then stands up, walks the dog, and finally squats down and touches the dog.",opg_full,14162.6318359375,14162.3271484375,14162.2880859375,0.3046875,0.34375,1,0.4091796875
long_rvos/cc132d2e39/1/5,long_rvos,cc132d2e39,1,5,dynamic,"The woman squats on the ground, then stands up, walks the dog, and finally squats down and touches the dog.",mean_pool,-0.11743304630120595,-0.11743304630120595,-0.11743304630120595,0.0,0.0,,
long_rvos/cc132d2e39/2/11,long_rvos,cc132d2e39,2,11,dynamic,"The puppy walks along the road, finally stops and sticks out its tongue.",opg_no_order_loss,2.421208143234253,2.4973018169403076,2.317094564437866,-0.07609367370605469,0.10411357879638672,1,0.0
long_rvos/cc132d2e39/2/11,long_rvos,cc132d2e39,2,11,dynamic,"The puppy walks along the road, finally stops and sticks out its tongue.",opg_full,14162.3486328125,14162.2548828125,14162.265625,0.09375,0.0830078125,1,0.0
long_rvos/cc132d2e39/2/11,long_rvos,cc132d2e39,2,11,dynamic,"The puppy walks along the road, finally stops and sticks out its tongue.",mean_pool,9.238039334615072,9.238039334615072,9.238039334615072,0.0,0.0,,
long_rvos/cc132d2e39/2/7,long_rvos,cc132d2e39,2,7,dynamic,"The dog is fitted with a collar, then led by the woman, and later petted by her.",opg_no_order_loss,2.3358404636383057,2.3907084465026855,2.2955052852630615,-0.05486798286437988,0.04033517837524414,1,1.1288104057312012
long_rvos/cc132d2e39/2/7,long_rvos,cc132d2e39,2,7,dynamic,"The dog is fitted with a collar, then led by the woman, and later petted by her.",opg_full,14162.265625,14162.3369140625,14162.3427734375,-0.0712890625,-0.0771484375,1,0.14453125
long_rvos/cc132d2e39/2/7,long_rvos,cc132d2e39,2,7,dynamic,"The dog is fitted with a collar, then led by the woman, and later petted by her.",mean_pool,10.567729314168295,10.567729314168295,10.567729314168295,0.0,0.0,,
long_rvos/cfaeae5706/1/1,long_rvos,cfaeae5706,1,1,dynamic,"A dog plays with another dog, then follows the other dog closely.",opg_no_order_loss,2.4504005908966064,2.511883497238159,2.3963682651519775,-0.061482906341552734,0.054032325744628906,1,0.35062551498413086
long_rvos/cfaeae5706/1/1,long_rvos,cfaeae5706,1,1,dynamic,"A dog plays with another dog, then follows the other dog closely.",opg_full,14162.5546875,14162.5048828125,14162.5224609375,0.0498046875,0.0322265625,1,0.1669921875
long_rvos/cfaeae5706/1/1,long_rvos,cfaeae5706,1,1,dynamic,"A dog plays with another dog, then follows the other dog closely.",mean_pool,4.760868012905121,4.760868012905121,4.760868012905121,0.0,0.0,,
long_rvos/cfaeae5706/2/3,long_rvos,cfaeae5706,2,3,dynamic,"A dog walks into the sea, then quickly runs to the stone on the right. After a while, it runs back quickly, then spins and jumps in place.",opg_no_order_loss,2.0824434757232666,2.099003553390503,2.251997947692871,-0.016560077667236328,-0.1695544719696045,2,-0.43071985244750977
long_rvos/cfaeae5706/2/3,long_rvos,cfaeae5706,2,3,dynamic,"A dog walks into the sea, then quickly runs to the stone on the right. After a while, it runs back quickly, then spins and jumps in place.",opg_full,14162.3876953125,14162.49609375,14162.49609375,-0.1083984375,-0.1083984375,2,-0.1669921875
long_rvos/cfaeae5706/2/3,long_rvos,cfaeae5706,2,3,dynamic,"A dog walks into the sea, then quickly runs to the stone on the right. After a while, it runs back quickly, then spins and jumps in place.",mean_pool,-7.9045891761779785,-7.9045891761779785,-7.9045891761779785,0.0,0.0,,
long_rvos/dca31590b8/1/1,long_rvos,dca31590b8,1,1,dynamic,"The girl picks up a white funnel, inserts it into a hole, pours red liquid into it, then pours a colorless liquid, picks up the funnel, and runs away.",opg_no_order_loss,2.0494883060455322,1.8842443227767944,1.8870996236801147,0.1652439832687378,0.16238868236541748,1,0.04657793045043945
long_rvos/dca31590b8/1/1,long_rvos,dca31590b8,1,1,dynamic,"The girl picks up a white funnel, inserts it into a hole, pours red liquid into it, then pours a colorless liquid, picks up the funnel, and runs away.",opg_full,14162.2177734375,14162.54296875,14162.54296875,-0.3251953125,-0.3251953125,1,0.109375
long_rvos/dca31590b8/1/1,long_rvos,dca31590b8,1,1,dynamic,"The girl picks up a white funnel, inserts it into a hole, pours red liquid into it, then pours a colorless liquid, picks up the funnel, and runs away.",mean_pool,-5.90885329246521,-5.90885329246521,-5.90885329246521,0.0,0.0,,
long_rvos/dca31590b8/1/3,long_rvos,dca31590b8,1,3,dynamic,"A woman bends down to prepare the funnel, then stands up. She bends down again to place the funnel.",opg_no_order_loss,1.9000526666641235,1.961621880531311,1.9287691116333008,-0.0615692138671875,-0.028716444969177246,1,0.1154857873916626
long_rvos/dca31590b8/1/3,long_rvos,dca31590b8,1,3,dynamic,"A woman bends down to prepare the funnel, then stands up. She bends down again to place the funnel.",opg_full,14162.2177734375,14162.5419921875,14162.5419921875,-0.32421875,-0.32421875,3,-0.0234375
long_rvos/dca31590b8/1/3,long_rvos,dca31590b8,1,3,dynamic,"A woman bends down to prepare the funnel, then stands up. She bends down again to place the funnel.",mean_pool,-8.29859717686971,-8.29859717686971,-8.29859717686971,0.0,0.0,,
long_rvos/dca31590b8/1/7,long_rvos,dca31590b8,1,7,dynamic,"A woman bends down to place the funnel, adds water into it, walks away, and then returns to continue adding water. Finally, she takes the funnel away.",opg_no_order_loss,1.8972238302230835,1.9658905267715454,1.9340101480484009,-0.06866669654846191,-0.03678631782531738,1,0.1160205602645874
long_rvos/dca31590b8/1/7,long_rvos,dca31590b8,1,7,dynamic,"A woman bends down to place the funnel, adds water into it, walks away, and then returns to continue adding water. Finally, she takes the funnel away.",opg_full,14162.2177734375,14162.5419921875,14162.5419921875,-0.32421875,-0.32421875,3,-0.0234375
long_rvos/dca31590b8/1/7,long_rvos,dca31590b8,1,7,dynamic,"A woman bends down to place the funnel, adds water into it, walks away, and then returns to continue adding water. Finally, she takes the funnel away.",mean_pool,-8.255210240681967,-8.255210240681967,-8.255210240681967,0.0,0.0,,
long_rvos/dca31590b8/1/9,long_rvos,dca31590b8,1,9,hybrid,"A woman in a blue shirt adds water into a funnel, walks away, and then returns to continue adding water.",opg_no_order_loss,1.8956507444381714,1.960672378540039,1.9328274726867676,-0.06502163410186768,-0.03717672824859619,1,0.1110844612121582
long_rvos/dca31590b8/1/9,long_rvos,dca31590b8,1,9,hybrid,"A woman in a blue shirt adds water into a funnel, walks away, and then returns to continue adding water.",opg_full,14162.2177734375,14162.5419921875,14162.54296875,-0.32421875,-0.3251953125,3,-0.0244140625
long_rvos/dca31590b8/1/9,long_rvos,dca31590b8,1,9,hybrid,"A woman in a blue shirt adds water into a funnel, walks away, and then returns to continue adding water.",mean_pool,-7.617557684580485,-7.617557684580485,-7.617557684580485,0.0,0.0,,
long_rvos/ddc213ba3f/2/3,long_rvos,ddc213ba3f,2,3,dynamic,"The baby is crawling on the carpet, playing with toys, then is picked up by the man and seated, before lying down again on the carpet.",opg_no_order_loss,2.651491165161133,2.694091796875,2.6754188537597656,-0.04260063171386719,-0.023927688598632812,1,1.0909961462020874
long_rvos/ddc213ba3f/2/3,long_rvos,ddc213ba3f,2,3,dynamic,"The baby is crawling on the carpet, playing with toys, then is picked up by the man and seated, before lying down again on the carpet.",opg_full,14162.40234375,14162.4580078125,14162.5068359375,-0.0556640625,-0.1044921875,1,0.28125
long_rvos/ddc213ba3f/2/3,long_rvos,ddc213ba3f,2,3,dynamic,"The baby is crawling on the carpet, playing with toys, then is picked up by the man and seated, before lying down again on the carpet.",mean_pool,11.880121548970541,11.880121548970541,11.880121548970541,0.0,0.0,,
long_rvos/ddc213ba3f/3/5,long_rvos,ddc213ba3f,3,5,dynamic,"The green ball remains still on the carpet, then is picked up by the baby.",opg_no_order_loss,1.6667429208755493,1.6667429208755493,1.6667429208755493,0.0,0.0,1,0.0
long_rvos/ddc213ba3f/3/5,long_rvos,ddc213ba3f,3,5,dynamic,"The green ball remains still on the carpet, then is picked up by the baby.",opg_full,14162.1220703125,14162.1220703125,14162.1220703125,0.0,0.0,1,0.0
long_rvos/ddc213ba3f/3/5,long_rvos,ddc213ba3f,3,5,dynamic,"The green ball remains still on the carpet, then is picked up by the baby.",mean_pool,-4.4367051521937055,-4.4367051521937055,-4.4367051521937055,0.0,0.0,,
long_rvos/de36065b5f/1/1,long_rvos,de36065b5f,1,1,dynamic,"The small tiger runs to a pile of rocks, then walks back, is ambushed by another small tiger, walks to the side, and lies down.",opg_no_order_loss,2.5290324687957764,2.5267064571380615,2.413811206817627,0.0023260116577148438,0.11522126197814941,1,0.30498743057250977
long_rvos/de36065b5f/1/1,long_rvos,de36065b5f,1,1,dynamic,"The small tiger runs to a pile of rocks, then walks back, is ambushed by another small tiger, walks to the side, and lies down.",opg_full,14162.5712890625,14162.4873046875,14162.48046875,0.083984375,0.0908203125,2,-0.0693359375
long_rvos/de36065b5f/1/1,long_rvos,de36065b5f,1,1,dynamic,"The small tiger runs to a pile of rocks, then walks back, is ambushed by another small tiger, walks to the side, and lies down.",mean_pool,3.495438814163208,3.495438814163208,3.495438814163208,0.0,0.0,,
long_rvos/de36065b5f/1/12,long_rvos,de36065b5f,1,12,hybrid,"A small tiger runs to rocks, is ambushed, then lies down near two tigers.",opg_no_order_loss,2.53240704536438,2.528455972671509,2.4145498275756836,0.003951072692871094,0.11785721778869629,1,0.3017764091491699
long_rvos/de36065b5f/1/12,long_rvos,de36065b5f,1,12,hybrid,"A small tiger runs to rocks, is ambushed, then lies down near two tigers.",opg_full,14162.5732421875,14162.4873046875,14162.4814453125,0.0859375,0.091796875,2,-0.0673828125
long_rvos/de36065b5f/1/12,long_rvos,de36065b5f,1,12,hybrid,"A small tiger runs to rocks, is ambushed, then lies down near two tigers.",mean_pool,3.2716461022694907,3.2716461022694907,3.2716461022694907,0.0,0.0,,
long_rvos/de36065b5f/1/3,long_rvos,de36065b5f,1,3,dynamic,"The small tiger leaves the video frame, then enters and approaches the large tiger.",opg_no_order_loss,2.5371508598327637,2.5363590717315674,2.417564868927002,0.0007917881011962891,0.11958599090576172,1,0.3112483024597168
long_rvos/de36065b5f/1/3,long_rvos,de36065b5f,1,3,dynamic,"The small tiger leaves the video frame, then enters and approaches the large tiger.",opg_full,14162.5712890625,14162.4873046875,14162.48046875,0.083984375,0.0908203125,2,-0.0693359375
long_rvos/de36065b5f/1/3,long_rvos,de36065b5f,1,3,dynamic,"The small tiger leaves the video frame, then enters and approaches the large tiger.",mean_pool,1.3221770524978638,1.3221770524978638,1.3221770524978638,0.0,0.0,,
long_rvos/de36065b5f/2/5,long_rvos,de36065b5f,2,5,dynamic,"The large tiger lowers its head to sniff the grass, then starts licking the small tigers, eventually lying down and continuing to lick them.",opg_no_order_loss,2.033790349960327,2.0928103923797607,2.111783266067505,-0.059020042419433594,-0.07799291610717773,3,-0.12858176231384277
long_rvos/de36065b5f/2/5,long_rvos,de36065b5f,2,5,dynamic,"The large tiger lowers its head to sniff the grass, then starts licking the small tigers, eventually lying down and continuing to lick them.",opg_full,14162.5029296875,14162.5302734375,14162.4951171875,-0.02734375,0.0078125,3,-0.13671875
long_rvos/de36065b5f/2/5,long_rvos,de36065b5f,2,5,dynamic,"The large tiger lowers its head to sniff the grass, then starts licking the small tigers, eventually lying down and continuing to lick them.",mean_pool,0.3551413218180339,0.3551413218180339,0.3551413218180339,0.0,0.0,,
long_rvos/de36065b5f/3/16,long_rvos,de36065b5f,3,16,hybrid,"A small tiger sniffs the grass, is licked by a large tiger, then pounces on another before lying down.",opg_no_order_loss,1.4606857299804688,1.4286317825317383,1.3445271253585815,0.03205394744873047,0.11615860462188721,6,-1.0033056735992432
long_rvos/de36065b5f/3/16,long_rvos,de36065b5f,3,16,hybrid,"A small tiger sniffs the grass, is licked by a large tiger, then pounces on another before lying down.",opg_full,14162.2724609375,14162.2587890625,14162.04296875,0.013671875,0.2294921875,5,-0.3681640625
long_rvos/de36065b5f/3/16,long_rvos,de36065b5f,3,16,hybrid,"A small tiger sniffs the grass, is licked by a large tiger, then pounces on another before lying down.",mean_pool,-8.457122166951498,-8.457122166951498,-8.457122166951498,0.0,0.0,,
long_rvos/de36065b5f/3/9,long_rvos,de36065b5f,3,9,dynamic,"The small tiger lowers its head to sniff the grass, is licked by the large tiger, then walks a few steps away, runs back, pounces on another small tiger, and lies down on the ground.",opg_no_order_loss,1.5466722249984741,1.520633578300476,1.445277214050293,0.026038646697998047,0.10139501094818115,6,-0.9848798513412476
long_rvos/de36065b5f/3/9,long_rvos,de36065b5f,3,9,dynamic,"The small tiger lowers its head to sniff the grass, is licked by the large tiger, then walks a few steps away, runs back, pounces on another small tiger, and lies down on the ground.",opg_full,14162.2724609375,14162.2587890625,14162.04296875,0.013671875,0.2294921875,5,-0.3681640625
long_rvos/de36065b5f/3/9,long_rvos,de36065b5f,3,9,dynamic,"The small tiger lowers its head to sniff the grass, is licked by the large tiger, then walks a few steps away, runs back, pounces on another small tiger, and lies down on the ground.",mean_pool,-8.624639828999838,-8.624639828999838,-8.624639828999838,0.0,0.0,,
long_rvos/e29fbdf03c/1/1,long_rvos,e29fbdf03c,1,1,dynamic,"The woman is holding a baby and then takes a basket of toys, giving them to the baby to play with.",opg_no_order_loss,2.4583699703216553,2.4661953449249268,2.458038806915283,-0.007825374603271484,0.0003311634063720703,1,0.0
long_rvos/e29fbdf03c/1/1,long_rvos,e29fbdf03c,1,1,dynamic,"The woman is holding a baby and then takes a basket of toys, giving them to the baby to play with.",opg_full,14162.5146484375,14162.4580078125,14162.4716796875,0.056640625,0.04296875,1,0.0
long_rvos/e29fbdf03c/1/1,long_rvos,e29fbdf03c,1,1,dynamic,"The woman is holding a baby and then takes a basket of toys, giving them to the baby to play with.",mean_pool,11.01638412475586,11.01638412475586,11.01638412475586,0.0,0.0,,
long_rvos/e29fbdf03c/1/3,long_rvos,e29fbdf03c,1,3,dynamic,"The woman takes a basket full of items, takes things out one by one to show the baby, then puts them back. She then takes out a bunny ear headband and places it on the baby’s head, before removing it and placing it back in the basket.",opg_no_order_loss,2.548675537109375,2.5568771362304688,2.5564446449279785,-0.00820159912109375,-0.007769107818603516,1,0.0
long_rvos/e29fbdf03c/1/3,long_rvos,e29fbdf03c,1,3,dynamic,"The woman takes a basket full of items, takes things out one by one to show the baby, then puts them back. She then takes out a bunny ear headband and places it on the baby’s head, before removing it and placing it back in the basket.",opg_full,14162.5146484375,14162.4580078125,14162.47265625,0.056640625,0.0419921875,1,0.0
long_rvos/e29fbdf03c/1/3,long_rvos,e29fbdf03c,1,3,dynamic,"The woman takes a basket full of items, takes things out one by one to show the baby, then puts them back. She then takes out a bunny ear headband and places it on the baby’s head, before removing it and placing it back in the basket.",mean_pool,10.88235600789388,10.88235600789388,10.88235600789388,0.0,0.0,,
long_rvos/e6f1a061ea/1/1,long_rvos,e6f1a061ea,1,1,dynamic,"The girl initially holds onto the railing with one hand while tapping it with the other, then leans back against the woman beside her, sits on her lap, and finally has her head held by a hand.",opg_no_order_loss,2.7064952850341797,2.6497561931610107,2.6030900478363037,0.056739091873168945,0.10340523719787598,1,0.21910715103149414
long_rvos/e6f1a061ea/1/1,long_rvos,e6f1a061ea,1,1,dynamic,"The girl initially holds onto the railing with one hand while tapping it with the other, then leans back against the woman beside her, sits on her lap, and finally has her head held by a hand.",opg_full,14162.3291015625,14162.5751953125,14162.4677734375,-0.24609375,-0.138671875,4,-0.21875
long_rvos/e6f1a061ea/1/1,long_rvos,e6f1a061ea,1,1,dynamic,"The girl initially holds onto the railing with one hand while tapping it with the other, then leans back against the woman beside her, sits on her lap, and finally has her head held by a hand.",mean_pool,8.476767222086588,8.476767222086588,8.476767222086588,0.0,0.0,,
long_rvos/e6f1a061ea/4/9,long_rvos,e6f1a061ea,4,9,dynamic,"The woman sits beside the girl in black, playing with her using her hands, then points at the scenery outside.",opg_no_order_loss,2.0209505558013916,1.9840002059936523,1.9507074356079102,0.03695034980773926,0.07024312019348145,3,-0.19507670402526855
long_rvos/e6f1a061ea/4/9,long_rvos,e6f1a061ea,4,9,dynamic,"The woman sits beside the girl in black, playing with her using her hands, then points at the scenery outside.",opg_full,14162.4130859375,14162.3623046875,14162.0341796875,0.05078125,0.37890625,2,-0.1025390625
long_rvos/e6f1a061ea/4/9,long_rvos,e6f1a061ea,4,9,dynamic,"The woman sits beside the girl in black, playing with her using her hands, then points at the scenery outside.",mean_pool,1.04628324508667,1.04628324508667,1.04628324508667,0.0,0.0,,
long_rvos/ea6cfcc7cb/1/1,long_rvos,ea6cfcc7cb,1,1,dynamic,"The woman is talking and laughing, then sits and picks up a cake",opg_no_order_loss,2.3802385330200195,2.2619638442993164,2.268817901611328,0.11827468872070312,0.1114206314086914,1,0.40885496139526367
long_rvos/ea6cfcc7cb/1/1,long_rvos,ea6cfcc7cb,1,1,dynamic,"The woman is talking and laughing, then sits and picks up a cake",opg_full,14162.2783203125,14162.5830078125,14162.4775390625,-0.3046875,-0.19921875,3,-0.037109375
long_rvos/ea6cfcc7cb/1/1,long_rvos,ea6cfcc7cb,1,1,dynamic,"The woman is talking and laughing, then sits and picks up a cake",mean_pool,5.331160505612691,5.331160505612691,5.331160505612691,0.0,0.0,,
long_rvos/ea6cfcc7cb/1/3,long_rvos,ea6cfcc7cb,1,3,dynamic,"The woman is talking to someone, then looks at the camera and smiles, sits down, picks up a cake, and eats it.",opg_no_order_loss,2.3756601810455322,2.2693490982055664,2.2713592052459717,0.10631108283996582,0.10430097579956055,1,0.4119786024093628
long_rvos/ea6cfcc7cb/1/3,long_rvos,ea6cfcc7cb,1,3,dynamic,"The woman is talking to someone, then looks at the camera and smiles, sits down, picks up a cake, and eats it.",opg_full,14162.2802734375,14162.5849609375,14162.4794921875,-0.3046875,-0.19921875,3,-0.0361328125
long_rvos/ea6cfcc7cb/1/3,long_rvos,ea6cfcc7cb,1,3,dynamic,"The woman is talking to someone, then looks at the camera and smiles, sits down, picks up a cake, and eats it.",mean_pool,5.520786126454671,5.520786126454671,5.520786126454671,0.0,0.0,,
long_rvos/ea6cfcc7cb/1/9,long_rvos,ea6cfcc7cb,1,9,dynamic,"A woman runs her fingers through her hair, then clasps her hands and laughs loudly. Afterward, she sits down to eat cake and chat.",opg_no_order_loss,2.4043614864349365,2.4393351078033447,2.3924152851104736,-0.0349736213684082,0.01194620132446289,1,0.5281193256378174
long_rvos/ea6cfcc7cb/1/9,long_rvos,ea6cfcc7cb,1,9,dynamic,"A woman runs her fingers through her hair, then clasps her hands and laughs loudly. Afterward, she sits down to eat cake and chat.",opg_full,14162.2802734375,14162.5849609375,14162.4775390625,-0.3046875,-0.197265625,3,-0.03515625
long_rvos/ea6cfcc7cb/1/9,long_rvos,ea6cfcc7cb,1,9,dynamic,"A woman runs her fingers through her hair, then clasps her hands and laughs loudly. Afterward, she sits down to eat cake and chat.",mean_pool,4.909360587596893,4.909360587596893,4.909360587596893,0.0,0.0,,
long_rvos/ea6cfcc7cb/2/5,long_rvos,ea6cfcc7cb,2,5,dynamic,"The woman is sitting on a chair, then stands and walks backward, finally sits at the back and eats cake.",opg_no_order_loss,1.8719242811203003,1.9956401586532593,1.7824965715408325,-0.12371587753295898,0.08942770957946777,2,-0.5316170454025269
long_rvos/ea6cfcc7cb/2/5,long_rvos,ea6cfcc7cb,2,5,dynamic,"The woman is sitting on a chair, then stands and walks backward, finally sits at the back and eats cake.",opg_full,14162.31640625,14162.3583984375,14162.3642578125,-0.0419921875,-0.0478515625,1,0.03515625
long_rvos/ea6cfcc7cb/2/5,long_rvos,ea6cfcc7cb,2,5,dynamic,"The woman is sitting on a chair, then stands and walks backward, finally sits at the back and eats cake.",mean_pool,-6.345460096995036,-6.345460096995036,-6.345460096995036,0.0,0.0,,
long_rvos/ea6cfcc7cb/2/7,long_rvos,ea6cfcc7cb,2,7,dynamic,"The woman is sitting there, then stands up, walks backward, comes back, eats the cake, and smiles.",opg_no_order_loss,1.8737581968307495,1.9984707832336426,1.787515640258789,-0.12471258640289307,0.08624255657196045,2,-0.530453085899353
long_rvos/ea6cfcc7cb/2/7,long_rvos,ea6cfcc7cb,2,7,dynamic,"The woman is sitting there, then stands up, walks backward, comes back, eats the cake, and smiles.",opg_full,14162.31640625,14162.3583984375,14162.36328125,-0.0419921875,-0.046875,1,0.03515625
long_rvos/ea6cfcc7cb/2/7,long_rvos,ea6cfcc7cb,2,7,dynamic,"The woman is sitting there, then stands up, walks backward, comes back, eats the cake, and smiles.",mean_pool,-5.210726539293925,-5.210726539293925,-5.210726539293925,0.0,0.0,,
long_rvos/f3864705c4/1/1,long_rvos,f3864705c4,1,1,dynamic,The girl shook the cup in her hand and then put it on the ground.,opg_no_order_loss,2.64985728263855,2.7001326084136963,2.681624174118042,-0.050275325775146484,-0.03176689147949219,1,0.0
long_rvos/f3864705c4/1/1,long_rvos,f3864705c4,1,1,dynamic,The girl shook the cup in her hand and then put it on the ground.,opg_full,14162.4228515625,14162.3701171875,14162.39453125,0.052734375,0.0283203125,1,0.0
long_rvos/f3864705c4/1/1,long_rvos,f3864705c4,1,1,dynamic,The girl shook the cup in her hand and then put it on the ground.,mean_pool,11.37454605102539,11.37454605102539,11.37454605102539,0.0,0.0,,
long_rvos/f3fdaa2e8b/2/5,long_rvos,f3fdaa2e8b,2,5,dynamic,"The little girl swinging and jumping excitedly, then climbing up from the carpet and waving her arms.",opg_no_order_loss,1.9910259246826172,2.005600929260254,2.1170341968536377,-0.014575004577636719,-0.1260082721710205,1,0.19898974895477295
long_rvos/f3fdaa2e8b/2/5,long_rvos,f3fdaa2e8b,2,5,dynamic,"The little girl swinging and jumping excitedly, then climbing up from the carpet and waving her arms.",opg_full,14162.1396484375,14162.484375,14162.3427734375,-0.3447265625,-0.203125,4,-0.125
long_rvos/f3fdaa2e8b/2/5,long_rvos,f3fdaa2e8b,2,5,dynamic,"The little girl swinging and jumping excitedly, then climbing up from the carpet and waving her arms.",mean_pool,-6.095135529836019,-6.095135529836019,-6.095135529836019,0.0,0.0,,
long_rvos/f3fdaa2e8b/2/7,long_rvos,f3fdaa2e8b,2,7,dynamic,"Girl playing in front of TV, then climbing up from the carpet and jumping.",opg_no_order_loss,1.6442219018936157,1.7052322626113892,1.8867839574813843,-0.06101036071777344,-0.24256205558776855,6,-0.20169341564178467
long_rvos/f3fdaa2e8b/2/7,long_rvos,f3fdaa2e8b,2,7,dynamic,"Girl playing in front of TV, then climbing up from the carpet and jumping.",opg_full,14162.0244140625,14162.4033203125,14162.3984375,-0.37890625,-0.3740234375,13,-0.23828125
long_rvos/f3fdaa2e8b/2/7,long_rvos,f3fdaa2e8b,2,7,dynamic,"Girl playing in front of TV, then climbing up from the carpet and jumping.",mean_pool,-8.31907574335734,-8.31907574335734,-8.31907574335734,0.0,0.0,,
long_rvos/f6f82de62a/1/1,long_rvos,f6f82de62a,1,1,dynamic,"The large hippopotamus follows the small hippopotamus, swimming, then gently nudges the small hippopotamus's body with its mouth.",opg_no_order_loss,2.327242374420166,2.215522527694702,2.097752809524536,0.11171984672546387,0.22948956489562988,2,-0.21204376220703125
long_rvos/f6f82de62a/1/1,long_rvos,f6f82de62a,1,1,dynamic,"The large hippopotamus follows the small hippopotamus, swimming, then gently nudges the small hippopotamus's body with its mouth.",opg_full,14162.359375,14162.1865234375,14162.1806640625,0.1728515625,0.1787109375,2,-0.2177734375
long_rvos/f6f82de62a/1/1,long_rvos,f6f82de62a,1,1,dynamic,"The large hippopotamus follows the small hippopotamus, swimming, then gently nudges the small hippopotamus's body with its mouth.",mean_pool,6.263703107833862,6.263703107833862,6.263703107833862,0.0,0.0,,
long_rvos/f6f82de62a/2/3,long_rvos,f6f82de62a,2,3,dynamic,"The small hippopotamus rolls in the water, then starts swimming, then lies at the bottom, slowly rolling with the larger hippopotamus pushing it.",opg_no_order_loss,2.331380844116211,2.1861791610717773,2.0608270168304443,0.1452016830444336,0.2705538272857666,2,-0.04015660285949707
long_rvos/f6f82de62a/2/3,long_rvos,f6f82de62a,2,3,dynamic,"The small hippopotamus rolls in the water, then starts swimming, then lies at the bottom, slowly rolling with the larger hippopotamus pushing it.",opg_full,14162.5791015625,14162.26171875,14162.1455078125,0.3173828125,0.43359375,1,0.2197265625
long_rvos/f6f82de62a/2/3,long_rvos,f6f82de62a,2,3,dynamic,"The small hippopotamus rolls in the water, then starts swimming, then lies at the bottom, slowly rolling with the larger hippopotamus pushing it.",mean_pool,-1.4443691273530324,-1.4443691273530324,-1.4443691273530324,0.0,0.0,,
long_rvos/f771c97b16/1/1,long_rvos,f771c97b16,1,1,dynamic,"The woman is holding the girl as she rides the bicycle, raising her hand, running alongside the girl, and finally clapping for her.",opg_no_order_loss,2.3192765712738037,2.2290565967559814,2.163707971572876,0.09021997451782227,0.15556859970092773,1,0.5553872585296631
long_rvos/f771c97b16/1/1,long_rvos,f771c97b16,1,1,dynamic,"The woman is holding the girl as she rides the bicycle, raising her hand, running alongside the girl, and finally clapping for her.",opg_full,14162.4814453125,14162.68359375,14162.5146484375,-0.2021484375,-0.033203125,1,0.1220703125
long_rvos/f771c97b16/1/1,long_rvos,f771c97b16,1,1,dynamic,"The woman is holding the girl as she rides the bicycle, raising her hand, running alongside the girl, and finally clapping for her.",mean_pool,5.931244452794393,5.931244452794393,5.931244452794393,0.0,0.0,,
long_rvos/f771c97b16/2/5,long_rvos,f771c97b16,2,5,dynamic,"The girl is riding the bicycle forward, following the woman, then turns around and rides back, finally smiling.",opg_no_order_loss,1.916204571723938,1.9458560943603516,2.0417861938476562,-0.029651522636413574,-0.12558162212371826,2,-0.3375431299209595
long_rvos/f771c97b16/2/5,long_rvos,f771c97b16,2,5,dynamic,"The girl is riding the bicycle forward, following the woman, then turns around and rides back, finally smiling.",opg_full,14162.3291015625,14162.4599609375,14162.34765625,-0.130859375,-0.0185546875,2,-0.2919921875
long_rvos/f771c97b16/2/5,long_rvos,f771c97b16,2,5,dynamic,"The girl is riding the bicycle forward, following the woman, then turns around and rides back, finally smiling.",mean_pool,9.372978528340658,9.372978528340658,9.372978528340658,0.0,0.0,,
long_rvos/fb8caa28e4/2/4,long_rvos,fb8caa28e4,2,4,dynamic,"A man places a box on the table and opens it, then touches the contents with his hand before putting the box back on the ground.",opg_no_order_loss,2.1048948764801025,2.0982859134674072,2.156351327896118,0.0066089630126953125,-0.051456451416015625,3,-0.7697148323059082
long_rvos/fb8caa28e4/2/4,long_rvos,fb8caa28e4,2,4,dynamic,"A man places a box on the table and opens it, then touches the contents with his hand before putting the box back on the ground.",opg_full,14162.34375,14162.5751953125,14162.5703125,-0.2314453125,-0.2265625,4,-0.1572265625
long_rvos/fb8caa28e4/2/4,long_rvos,fb8caa28e4,2,4,dynamic,"A man places a box on the table and opens it, then touches the contents with his hand before putting the box back on the ground.",mean_pool,1.7575496037801106,1.7575496037801106,1.7575496037801106,0.0,0.0,,
long_rvos/fb8caa28e4/3/6,long_rvos,fb8caa28e4,3,6,dynamic,"A woman sits in a wheelchair taking photos with her phone, then moves to the table by pushing the wheelchair wheels and chats with people around her.",opg_no_order_loss,2.25605845451355,2.2545926570892334,2.0181896686553955,0.0014657974243164062,0.2378687858581543,1,0.05102896690368652
long_rvos/fb8caa28e4/3/6,long_rvos,fb8caa28e4,3,6,dynamic,"A woman sits in a wheelchair taking photos with her phone, then moves to the table by pushing the wheelchair wheels and chats with people around her.",opg_full,14162.6005859375,14162.68359375,14162.48046875,-0.0830078125,0.1201171875,1,0.185546875
long_rvos/fb8caa28e4/3/6,long_rvos,fb8caa28e4,3,6,dynamic,"A woman sits in a wheelchair taking photos with her phone, then moves to the table by pushing the wheelchair wheels and chats with people around her.",mean_pool,-6.032899697621663,-6.032899697621663,-6.032899697621663,0.0,0.0,,
long_rvos/fb8caa28e4/4/8,long_rvos,fb8caa28e4,4,8,dynamic,"A boy lies on the sofa covering his eyes with his hands, then gets up, picks up a puppy from a box, lies back on the sofa, and finally gets up to put the puppy back into the box.",opg_no_order_loss,2.3617746829986572,2.3249406814575195,2.238933563232422,0.036834001541137695,0.12284111976623535,1,0.6716002225875854
long_rvos/fb8caa28e4/4/8,long_rvos,fb8caa28e4,4,8,dynamic,"A boy lies on the sofa covering his eyes with his hands, then gets up, picks up a puppy from a box, lies back on the sofa, and finally gets up to put the puppy back into the box.",opg_full,14162.49609375,14162.5634765625,14162.3603515625,-0.0673828125,0.1357421875,1,0.21875
long_rvos/fb8caa28e4/4/8,long_rvos,fb8caa28e4,4,8,dynamic,"A boy lies on the sofa covering his eyes with his hands, then gets up, picks up a puppy from a box, lies back on the sofa, and finally gets up to put the puppy back into the box.",mean_pool,3.3618551095326743,3.3618551095326743,3.3618551095326743,0.0,0.0,,
long_rvos/fb8caa28e4/5/10,long_rvos,fb8caa28e4,5,10,dynamic,"A man places his right hand on his forehead and then lowers it, watches a boy open a gift, and then touches the boy with his left hand.",opg_no_order_loss,2.8792426586151123,2.8423519134521484,2.8237836360931396,0.03689074516296387,0.055459022521972656,1,0.3177311420440674
long_rvos/fb8caa28e4/5/10,long_rvos,fb8caa28e4,5,10,dynamic,"A man places his right hand on his forehead and then lowers it, watches a boy open a gift, and then touches the boy with his left hand.",opg_full,14162.5009765625,14162.5625,14162.5166015625,-0.0615234375,-0.015625,1,0.001953125
long_rvos/fb8caa28e4/5/10,long_rvos,fb8caa28e4,5,10,dynamic,"A man places his right hand on his forehead and then lowers it, watches a boy open a gift, and then touches the boy with his left hand.",mean_pool,9.125620524088541,9.125620524088541,9.125620524088541,0.0,0.0,,
long_rvos/fb8caa28e4/6/12,long_rvos,fb8caa28e4,6,12,dynamic,"A man watches a boy open a gift, shifts his feet side to side, and finally takes out his phone to look at it.",opg_no_order_loss,2.5658719539642334,2.48937726020813,2.4545600414276123,0.07649469375610352,0.1113119125366211,2,-0.3101503849029541
long_rvos/fb8caa28e4/6/12,long_rvos,fb8caa28e4,6,12,dynamic,"A man watches a boy open a gift, shifts his feet side to side, and finally takes out his phone to look at it.",opg_full,14162.4990234375,14162.7119140625,14162.5546875,-0.212890625,-0.0556640625,2,-0.00390625
long_rvos/fb8caa28e4/6/12,long_rvos,fb8caa28e4,6,12,dynamic,"A man watches a boy open a gift, shifts his feet side to side, and finally takes out his phone to look at it.",mean_pool,2.914864261945089,2.914864261945089,2.914864261945089,0.0,0.0,,
long_rvos/fb8caa28e4/6/23,long_rvos,fb8caa28e4,6,23,hybrid,"A man sitting on the right side of the sofa holds a cup, looks at the happy child beside him, and finally takes out his phone.",opg_no_order_loss,2.5897157192230225,2.51173734664917,2.473320960998535,0.07797837257385254,0.1163947582244873,2,-0.29262399673461914
long_rvos/fb8caa28e4/6/23,long_rvos,fb8caa28e4,6,23,hybrid,"A man sitting on the right side of the sofa holds a cup, looks at the happy child beside him, and finally takes out his phone.",opg_full,14162.4990234375,14162.7109375,14162.5537109375,-0.2119140625,-0.0546875,2,-0.001953125
long_rvos/fb8caa28e4/6/23,long_rvos,fb8caa28e4,6,23,hybrid,"A man sitting on the right side of the sofa holds a cup, looks at the happy child beside him, and finally takes out his phone.",mean_pool,3.905921459197998,3.905921459197998,3.905921459197998,0.0,0.0,,
long_rvos/fb8caa28e4/7/14,long_rvos,fb8caa28e4,7,14,dynamic,"A woman stands in place, holding her phone horizontally to take photos. She lowers the phone for a moment before raising it again.",opg_no_order_loss,2.0585062503814697,2.093618154525757,1.9956789016723633,-0.03511190414428711,0.06282734870910645,3,-0.19793486595153809
long_rvos/fb8caa28e4/7/14,long_rvos,fb8caa28e4,7,14,dynamic,"A woman stands in place, holding her phone horizontally to take photos. She lowers the phone for a moment before raising it again.",opg_full,14162.4150390625,14162.7431640625,14162.55859375,-0.328125,-0.1435546875,2,-0.185546875
long_rvos/fb8caa28e4/7/14,long_rvos,fb8caa28e4,7,14,dynamic,"A woman stands in place, holding her phone horizontally to take photos. She lowers the phone for a moment before raising it again.",mean_pool,-4.968776384989421,-4.968776384989421,-4.968776384989421,0.0,0.0,,
long_rvos/fb8caa28e4/9/16,long_rvos,fb8caa28e4,9,16,dynamic,"A puppy is picked up from a box by a boy, walks around on the boy, and is finally placed back into the box.",opg_no_order_loss,2.119905710220337,2.098592519760132,1.9022883176803589,0.021313190460205078,0.21761739253997803,1,0.512452244758606
long_rvos/fb8caa28e4/9/16,long_rvos,fb8caa28e4,9,16,dynamic,"A puppy is picked up from a box by a boy, walks around on the boy, and is finally placed back into the box.",opg_full,14162.43359375,14162.39453125,14162.1494140625,0.0390625,0.2841796875,1,0.1806640625
long_rvos/fb8caa28e4/9/16,long_rvos,fb8caa28e4,9,16,dynamic,"A puppy is picked up from a box by a boy, walks around on the boy, and is finally placed back into the box.",mean_pool,-7.098665555318196,-7.098665555318196,-7.098665555318196,0.0,0.0,,
