video_id,expression_id,question,answer,object_id,action_start,action_end,resolved,connective,surface_left,surface_right,chronological_clauses,target_clause,reason
Yuo-RMNZviA_0415_0430,3,Who shoots the ball after dribbling the ball?,The man in white,1,4:15,4:23,True,after,Who shoots the ball,dribbling the ball,"['dribbling the ball', 'Who shoots the ball']",Who shoots the ball,deterministic single-connective split
Yuo-RMNZviA_0415_0430,4,What does the man in white shoot after dribbling?,The ball,2,4:15,4:23,True,after,What does the man in white shoot,dribbling,"['dribbling', 'What does the man in white shoot']",What does the man in white shoot,deterministic single-connective split
Yuo-RMNZviA_0415_0430,7,Who dribbles the ball before scoring a point?,The man in white,1,4:15,4:23,True,before,Who dribbles the ball,scoring a point,"['Who dribbles the ball', 'scoring a point']",Who dribbles the ball,deterministic single-connective split
Yuo-RMNZviA_0415_0430,8,What does the man in white dribble before scoring a point?,The ball,2,4:15,4:23,True,before,What does the man in white dribble,scoring a point,"['What does the man in white dribble', 'scoring a point']",What does the man in white dribble,deterministic single-connective split
Yuo-RMNZviA_0450_0505,3,Who shoots the ball after dribbling it?,The man in black,1,4:58,5:03,True,after,Who shoots the ball,dribbling it,"['dribbling it', 'Who shoots the ball']",Who shoots the ball,deterministic single-connective split
Yuo-RMNZviA_0450_0505,4,What does the man in black shoot after dribbling?,The ball,2,4:58,5:03,True,after,What does the man in black shoot,dribbling,"['dribbling', 'What does the man in black shoot']",What does the man in black shoot,deterministic single-connective split
Yuo-RMNZviA_0507_0513,1,Who gets rid of the defense from the man in white before he shoots the basketball?,The man in black,1,5:09,5:12,True,before,Who gets rid of the defense from the man in white,he shoots the basketball,"['Who gets rid of the defense from the man in white', 'he shoots the basketball']",Who gets rid of the defense from the man in white,deterministic single-connective split
Yuo-RMNZviA_0507_0513,2,Who does the man in black get rid of the defense from before he shoots the basketball?,The man in white,3,5:09,5:12,True,before,Who does the man in black get rid of the defense from,he shoots the basketball,"['Who does the man in black get rid of the defense from', 'he shoots the basketball']",Who does the man in black get rid of the defense from,deterministic single-connective split
Yuo-RMNZviA_0515_0525,3,Who grabs the basketball after it is dropped?,The man in black,1,5:17,5:22,True,after,Who grabs the basketball,it is dropped,"['it is dropped', 'Who grabs the basketball']",Who grabs the basketball,deterministic single-connective split
Yuo-RMNZviA_0515_0525,4,What does the man in black grab after he drops it?,The basketball,2,5:17,5:22,True,after,What does the man in black grab,he drops it,"['he drops it', 'What does the man in black grab']",What does the man in black grab,deterministic single-connective split
Yuo-RMNZviA_0515_0525,7,Who shoots the basketball after picking it up?,The man in black,1,5:17,5:25,True,after,Who shoots the basketball,picking it up,"['picking it up', 'Who shoots the basketball']",Who shoots the basketball,deterministic single-connective split
Yuo-RMNZviA_0515_0525,8,What does the man in black shoot after he picks it up?,The basketball,2,5:17,5:25,True,after,What does the man in black shoot,he picks it up,"['he picks it up', 'What does the man in black shoot']",What does the man in black shoot,deterministic single-connective split
Yuo-RMNZviA_0637_0652,1,Who dribbles the basketball inbetween his legs before shooting the ball?,The man in white,1,6:38,6:49,True,before,Who dribbles the basketball inbetween his legs,shooting the ball,"['Who dribbles the basketball inbetween his legs', 'shooting the ball']",Who dribbles the basketball inbetween his legs,deterministic single-connective split
Yuo-RMNZviA_0637_0652,2,What does the man in white dribble inbetween his legs before he shoots the ball?,The basketball,2,6:38,6:49,True,before,What does the man in white dribble inbetween his legs,he shoots the ball,"['What does the man in white dribble inbetween his legs', 'he shoots the ball']",What does the man in white dribble inbetween his legs,deterministic single-connective split
Yuo-RMNZviA_0841_0855,1,Who dribbles the basketball in between his legs before he shoots the ball?,The man in white,1,8:45,8:52,True,before,Who dribbles the basketball in between his legs,he shoots the ball,"['Who dribbles the basketball in between his legs', 'he shoots the ball']",Who dribbles the basketball in between his legs,deterministic single-connective split
Yuo-RMNZviA_0841_0855,2,What does the man in white dribble in between his legs before he shoots?,The basketball,2,8:45,8:52,True,before,What does the man in white dribble in between his legs,he shoots,"['What does the man in white dribble in between his legs', 'he shoots']",What does the man in white dribble in between his legs,deterministic single-connective split
JYFIV5NV7m4_0030_0045,1,Who walks out from the door after the white cat opens the door?,The dog,3,0:31,0:42,True,after,Who walks out from the door,the white cat opens the door,"['the white cat opens the door', 'Who walks out from the door']",Who walks out from the door,deterministic single-connective split
JYFIV5NV7m4_0030_0045,2,From where does the dog walk out after the white cat opens it?,The door,2,0:31,0:42,True,after,From where does the dog walk out,the white cat opens it,"['the white cat opens it', 'From where does the dog walk out']",From where does the dog walk out,deterministic single-connective split
JYFIV5NV7m4_0030_0045,3,Who opens the door before the dog walks out?,The white cat,1,0:31,0:42,True,before,Who opens the door,the dog walks out,"['Who opens the door', 'the dog walks out']",Who opens the door,deterministic single-connective split
JYFIV5NV7m4_0055_0110,1,Who walks through the door after the black cat opens the door?,The dog,3,0:55,1:10,True,after,Who walks through the door,the black cat opens the door,"['the black cat opens the door', 'Who walks through the door']",Who walks through the door,deterministic single-connective split
JYFIV5NV7m4_0055_0110,2,What does the dog walk through after the black cat opens it?,The door,2,0:55,1:10,True,after,What does the dog walk through,the black cat opens it,"['the black cat opens it', 'What does the dog walk through']",What does the dog walk through,deterministic single-connective split
JYFIV5NV7m4_0055_0110,3,Who opens the door before the dog walks through it?,The black cat,1,0:55,1:10,True,before,Who opens the door,the dog walks through it,"['Who opens the door', 'the dog walks through it']",Who opens the door,deterministic single-connective split
JYFIV5NV7m4_0212_0225,6,Who enters through the door after the charcoal colored cat opens the door?,The cat with a white face,3,2:13,2:25,True,after,Who enters through the door,the charcoal colored cat opens the door,"['the charcoal colored cat opens the door', 'Who enters through the door']",Who enters through the door,deterministic single-connective split
JYFIV5NV7m4_0212_0225,7,What does the cat with a white face enter through after the charcoal colored cat opens it?,The door,2,2:13,2:25,True,after,What does the cat with a white face enter through,the charcoal colored cat opens it,"['the charcoal colored cat opens it', 'What does the cat with a white face enter through']",What does the cat with a white face enter through,deterministic single-connective split
JYFIV5NV7m4_0212_0225,8,Who opens the door before the cat with a white face enters through it?,The charcoal colored cat,1,2:13,2:25,True,before,Who opens the door,the cat with a white face enters through it,"['Who opens the door', 'the cat with a white face enters through it']",Who opens the door,deterministic single-connective split
RBrZsgy4-SQ_0027_0031,8,Who runs away from the cucumber after noticing it?,The white and black cat,1,0:27,0:30,True,after,Who runs away from the cucumber,noticing it,"['noticing it', 'Who runs away from the cucumber']",Who runs away from the cucumber,deterministic single-connective split
RBrZsgy4-SQ_0027_0031,9,What does the white and black cat run away from after noticing it?,The cucumber,2,0:27,0:30,True,after,What does the white and black cat run away from,noticing it,"['noticing it', 'What does the white and black cat run away from']",What does the white and black cat run away from,deterministic single-connective split
RBrZsgy4-SQ_0049_0055,3,Who moves away from the cucumber after realizing that the cucumber is behind?,The cat,1,0:49,0:54,True,after,Who moves away from the cucumber,realizing that the cucumber is behind,"['realizing that the cucumber is behind', 'Who moves away from the cucumber']",Who moves away from the cucumber,deterministic single-connective split
RBrZsgy4-SQ_0049_0055,4,What does the cat move away from after the cat realizes that it is behind the cat?,The cucumber,2,0:49,0:54,True,after,What does the cat move away from,the cat realizes that it is behind the cat,"['the cat realizes that it is behind the cat', 'What does the cat move away from']",What does the cat move away from,deterministic single-connective split
RBrZsgy4-SQ_0123_0128,1,Who kicks the bowl after seeing the cucumber?,The white cat,1,1:23,1:26,True,after,Who kicks the bowl,seeing the cucumber,"['seeing the cucumber', 'Who kicks the bowl']",Who kicks the bowl,deterministic single-connective split
RBrZsgy4-SQ_0123_0128,2,What does the white cat kick after seeing the cucumber?,The bowl,3,1:23,1:26,True,after,What does the white cat kick,seeing the cucumber,"['seeing the cucumber', 'What does the white cat kick']",What does the white cat kick,deterministic single-connective split
RBrZsgy4-SQ_0123_0128,3,What does the white cat see before kicking the bowl?,The cucumber,2,1:23,1:26,True,before,What does the white cat see,kicking the bowl,"['What does the white cat see', 'kicking the bowl']",What does the white cat see,deterministic single-connective split
RBrZsgy4-SQ_0130_0135,3,Who hits the cucumber before running away?,The white cat,1,1:31,1:35,True,before,Who hits the cucumber,running away,"['Who hits the cucumber', 'running away']",Who hits the cucumber,deterministic single-connective split
RBrZsgy4-SQ_0130_0135,4,What does the white cat hit before running away?,The cucumber,2,1:31,1:35,True,before,What does the white cat hit,running away,"['What does the white cat hit', 'running away']",What does the white cat hit,deterministic single-connective split
iEhEtQdakes_0005_0015,4,Who knocks down the cat food after taking it out of the box?,The white cat,1,0:05,0:15,True,after,Who knocks down the cat food,taking it out of the box,"['taking it out of the box', 'Who knocks down the cat food']",Who knocks down the cat food,deterministic single-connective split
iEhEtQdakes_0005_0015,5,What does the white cat knock down after taking it out of the box?,The cat food,2,0:05,0:15,True,after,What does the white cat knock down,taking it out of the box,"['taking it out of the box', 'What does the white cat knock down']",What does the white cat knock down,deterministic single-connective split
iEhEtQdakes_0005_0015,6,From where does the white cat take the cat food before knocking it down?,The box,3,0:05,0:15,True,before,From where does the white cat take the cat food,knocking it down,"['From where does the white cat take the cat food', 'knocking it down']",From where does the white cat take the cat food,deterministic single-connective split
iEhEtQdakes_0245_0253,1,Who jumps on top of the mat after the man places the mat down?,The cat,1,2:45,2:53,True,after,Who jumps on top of the mat,the man places the mat down,"['the man places the mat down', 'Who jumps on top of the mat']",Who jumps on top of the mat,deterministic single-connective split
iEhEtQdakes_0245_0253,2,What does the cat jump on top of after the man places it down?,The mat,2,2:45,2:53,True,after,What does the cat jump on top of,the man places it down,"['the man places it down', 'What does the cat jump on top of']",What does the cat jump on top of,deterministic single-connective split
iEhEtQdakes_0245_0253,3,Who places down the mat that the cat jumps on top of?,The man,3,2:45,2:53,False,,,,[],,requires exactly one supported explicit temporal connective
iEhEtQdakes_0336_0346,3,Who knocks down the chessboard pieces after the white chess piece is moved?,The cat,1,3:36,3:44,True,after,Who knocks down the chessboard pieces,the white chess piece is moved,"['the white chess piece is moved', 'Who knocks down the chessboard pieces']",Who knocks down the chessboard pieces,deterministic single-connective split
iEhEtQdakes_0336_0346,4,What does the cat knock down after the white chess piece is moved?,The chessboard pieces,2,3:36,3:44,True,after,What does the cat knock down,the white chess piece is moved,"['the white chess piece is moved', 'What does the cat knock down']",What does the cat knock down,deterministic single-connective split
6IO9Atcp-io_0135_0150,1,Who fights the black dog after getting on top of it?,The white dog,1,1:40,1:48,True,after,Who fights the black dog,getting on top of it,"['getting on top of it', 'Who fights the black dog']",Who fights the black dog,deterministic single-connective split
6IO9Atcp-io_0135_0150,2,Who does the white dog fight after getting on top of it?,The black dog,2,1:40,1:48,True,after,Who does the white dog fight,getting on top of it,"['getting on top of it', 'Who does the white dog fight']",Who does the white dog fight,deterministic single-connective split
Nhh3sYsiIyk_0515_0525,3,Who grabs the football after accelerating past the man in the black shirt?,The man in the white shirt,1,5:15,5:20,True,after,Who grabs the football,accelerating past the man in the black shirt,"['accelerating past the man in the black shirt', 'Who grabs the football']",Who grabs the football,deterministic single-connective split
Nhh3sYsiIyk_0515_0525,4,What does the man in the white shirt grab after he accelerates past the man in the black shirt?,The football,2,5:15,5:20,True,after,What does the man in the white shirt grab,he accelerates past the man in the black shirt,"['he accelerates past the man in the black shirt', 'What does the man in the white shirt grab']",What does the man in the white shirt grab,deterministic single-connective split
Nhh3sYsiIyk_0515_0525,5,Who does the man in the white shirt accelerate past before grabbing the football?,The man in the black shirt,3,5:15,5:20,True,before,Who does the man in the white shirt accelerate past,grabbing the football,"['Who does the man in the white shirt accelerate past', 'grabbing the football']",Who does the man in the white shirt accelerate past,deterministic single-connective split
Nhh3sYsiIyk_0540_0545,1,Who falls next to the ball after getting the ball thrown at him?,The man in the black shirt,1,5:41,5:45,True,after,Who falls next to the ball,getting the ball thrown at him,"['getting the ball thrown at him', 'Who falls next to the ball']",Who falls next to the ball,deterministic single-connective split
Nhh3sYsiIyk_0540_0545,2,Next to what does the man in the black shirt fall after getting the ball thrown at him?,The ball,2,5:41,5:45,True,after,Next to what does the man in the black shirt fall,getting the ball thrown at him,"['getting the ball thrown at him', 'Next to what does the man in the black shirt fall']",Next to what does the man in the black shirt fall,deterministic single-connective split
Nhh3sYsiIyk_0700_0705,1,Who is tackled by the man in the black shirt after catching the ball?,The man in blue,1,7:00,7:04,True,after,Who is tackled by the man in the black shirt,catching the ball,"['catching the ball', 'Who is tackled by the man in the black shirt']",Who is tackled by the man in the black shirt,deterministic single-connective split
Nhh3sYsiIyk_0700_0705,2,What does the man in blue catch before he is tackled by the man in the black shirt?,The ball,2,7:00,7:04,True,before,What does the man in blue catch,he is tackled by the man in the black shirt,"['What does the man in blue catch', 'he is tackled by the man in the black shirt']",What does the man in blue catch,deterministic single-connective split
Nhh3sYsiIyk_0700_0705,3,Who tackles the man in blue after he catches the ball?,The man in the black shirt,3,7:00,7:04,True,after,Who tackles the man in blue,he catches the ball,"['he catches the ball', 'Who tackles the man in blue']",Who tackles the man in blue,deterministic single-connective split
JxS5E-kZc2s_0031_0046,1,Who hesitates pushing the glass before pushing it off the table?,The grey cat,1,0:31,0:46,True,before,Who hesitates pushing the glass,pushing it off the table,"['Who hesitates pushing the glass', 'pushing it off the table']",Who hesitates pushing the glass,deterministic single-connective split
JxS5E-kZc2s_0031_0046,2,What does the grey cat hesitate to push before pushing it off the table?,The glass,2,0:31,0:46,True,before,What does the grey cat hesitate to push,pushing it off the table,"['What does the grey cat hesitate to push', 'pushing it off the table']",What does the grey cat hesitate to push,deterministic single-connective split
JxS5E-kZc2s_0130_0136,1,Who attacks the cat on the outside of the door before realizing that the cat on the outside of the door cannot attack?,The cat on the inside of the door,1,1:32,1:36,True,before,Who attacks the cat on the outside of the door,realizing that the cat on the outside of the door cannot attack,"['Who attacks the cat on the outside of the door', 'realizing that the cat on the outside of the door cannot attack']",Who attacks the cat on the outside of the door,deterministic single-connective split
JxS5E-kZc2s_0130_0136,2,Who does the cat on the inside of the door attack before realizing that it cannot attack?,The cat on the outside of the door,2,1:32,1:36,True,before,Who does the cat on the inside of the door attack,realizing that it cannot attack,"['Who does the cat on the inside of the door attack', 'realizing that it cannot attack']",Who does the cat on the inside of the door attack,deterministic single-connective split
JxS5E-kZc2s_0158_0215,5,Who jumps up at the lightswitch after the woman turns on the light?,The cat,1,2:02,2:07,True,after,Who jumps up at the lightswitch,the woman turns on the light,"['the woman turns on the light', 'Who jumps up at the lightswitch']",Who jumps up at the lightswitch,deterministic single-connective split
JxS5E-kZc2s_0158_0215,6,What does the cat jump up at after the woman turns on the light?,The lightswitch,2,2:02,2:07,True,after,What does the cat jump up at,the woman turns on the light,"['the woman turns on the light', 'What does the cat jump up at']",What does the cat jump up at,deterministic single-connective split
JxS5E-kZc2s_0158_0215,7,Who turns on the light before the cat jumps up at the lightswitch?,The woman,3,2:02,2:07,True,before,Who turns on the light,the cat jumps up at the lightswitch,"['Who turns on the light', 'the cat jumps up at the lightswitch']",Who turns on the light,deterministic single-connective split
JxS5E-kZc2s_0158_0215,10,Who jumps up at the lightswitch after the woman turns on the light for the second time?,The cat,1,2:08,2:12,True,after,Who jumps up at the lightswitch,the woman turns on the light for the second time,"['the woman turns on the light for the second time', 'Who jumps up at the lightswitch']",Who jumps up at the lightswitch,deterministic single-connective split
JxS5E-kZc2s_0158_0215,11,What does the cat jump up at after the woman turns on the light for the second time?,The lightswitch,2,2:08,2:12,True,after,What does the cat jump up at,the woman turns on the light for the second time,"['the woman turns on the light for the second time', 'What does the cat jump up at']",What does the cat jump up at,deterministic single-connective split
JxS5E-kZc2s_0158_0215,12,Who turns on the light before the cat jumps up at the lightswitch?,The woman,3,2:08,2:12,True,before,Who turns on the light,the cat jumps up at the lightswitch,"['Who turns on the light', 'the cat jumps up at the lightswitch']",Who turns on the light,deterministic single-connective split
JxS5E-kZc2s_0547_0556,5,Who moves away from the man after the cat tried to jump on top of it?,The horse,1,5:54,5:56,True,after,Who moves away from the man,the cat tried to jump on top of it,"['the cat tried to jump on top of it', 'Who moves away from the man']",Who moves away from the man,deterministic single-connective split
JxS5E-kZc2s_0547_0556,6,What does the horse move away from after the cat tried to jump on top of the horse?,The man,3,5:54,5:56,True,after,What does the horse move away from,the cat tried to jump on top of the horse,"['the cat tried to jump on top of the horse', 'What does the horse move away from']",What does the horse move away from,deterministic single-connective split
JxS5E-kZc2s_0547_0556,7,"Who tried to jump on top of the horse, causing it to move away from the man?",The cat,2,5:54,5:56,False,,,,[],,requires exactly one supported explicit temporal connective
JxS5E-kZc2s_0655_0710,1,Who repeatedly hits the dog after the dog touches it?,The cat,1,7:00,7:10,True,after,Who repeatedly hits the dog,the dog touches it,"['the dog touches it', 'Who repeatedly hits the dog']",Who repeatedly hits the dog,deterministic single-connective split
JxS5E-kZc2s_0655_0710,2,Who does the cat repeatedly hit after it is touched?,The dog,2,7:00,7:10,True,after,Who does the cat repeatedly hit,it is touched,"['it is touched', 'Who does the cat repeatedly hit']",Who does the cat repeatedly hit,deterministic single-connective split
wiafcoYeDLI_0122_0132,3,Who pulls out a watermelon cutter box after opening the orange box?,The man in the yellow shirt,1,1:26,1:31,True,after,Who pulls out a watermelon cutter box,opening the orange box,"['opening the orange box', 'Who pulls out a watermelon cutter box']",Who pulls out a watermelon cutter box,deterministic single-connective split
wiafcoYeDLI_0122_0132,4,What does the man in the yellow shirt open before pulling out a watermelon cutter box?,The orange box,2,1:26,1:31,True,before,What does the man in the yellow shirt open,pulling out a watermelon cutter box,"['What does the man in the yellow shirt open', 'pulling out a watermelon cutter box']",What does the man in the yellow shirt open,deterministic single-connective split
wiafcoYeDLI_0122_0132,5,What does the man in the yellow shirt pull out after opening the orange box?,Water melon cutter,3,1:26,1:31,True,after,What does the man in the yellow shirt pull out,opening the orange box,"['opening the orange box', 'What does the man in the yellow shirt pull out']",What does the man in the yellow shirt pull out,deterministic single-connective split
wiafcoYeDLI_0145_0155,5,Who cuts the watermelon after the man in the yellow shirt passes the man in the grey shirt the knife?,The man in the grey shirt,3,1:46,1:50,True,after,Who cuts the watermelon,the man in the yellow shirt passes the man in the grey shirt the knife,"['the man in the yellow shirt passes the man in the grey shirt the knife', 'Who cuts the watermelon']",Who cuts the watermelon,deterministic single-connective split
wiafcoYeDLI_0145_0155,6,What does the man in the grey shirt cut after the man in the yellow shirt passes the man in the grey shirt the knife?,The watermelon,4,1:46,1:50,True,after,What does the man in the grey shirt cut,the man in the yellow shirt passes the man in the grey shirt the knife,"['the man in the yellow shirt passes the man in the grey shirt the knife', 'What does the man in the grey shirt cut']",What does the man in the grey shirt cut,deterministic single-connective split
wiafcoYeDLI_0145_0155,7,Who passes the man in the grey shirt the knife before the man in the grey shirt cuts the watermelon?,The man in the yellow shirt,1,1:46,1:50,True,before,Who passes the man in the grey shirt the knife,the man in the grey shirt cuts the watermelon,"['Who passes the man in the grey shirt the knife', 'the man in the grey shirt cuts the watermelon']",Who passes the man in the grey shirt the knife,deterministic single-connective split
wiafcoYeDLI_0145_0155,8,What does the man in the yellow shirt pass to the man in the grey shirt before the man in the grey shirt cuts the watermelon?,The knife,2,1:46,1:50,True,before,What does the man in the yellow shirt pass to the man in the grey shirt,the man in the grey shirt cuts the watermelon,"['What does the man in the yellow shirt pass to the man in the grey shirt', 'the man in the grey shirt cuts the watermelon']",What does the man in the yellow shirt pass to the man in the grey shirt,deterministic single-connective split
wiafcoYeDLI_0905_0911,1,Who runs away from the man in the ghillie suit after he shoots the man in yellow with a watergun?,The man in the yellow shirt,1,9:08,9:11,True,after,Who runs away from the man in the ghillie suit,he shoots the man in yellow with a watergun,"['he shoots the man in yellow with a watergun', 'Who runs away from the man in the ghillie suit']",Who runs away from the man in the ghillie suit,deterministic single-connective split
wiafcoYeDLI_0905_0911,2,Who does the man in the yellow shirt run away from after he is shot with a watergun?,The man in the ghillie suit,2,9:08,9:11,True,after,Who does the man in the yellow shirt run away from,he is shot with a watergun,"['he is shot with a watergun', 'Who does the man in the yellow shirt run away from']",Who does the man in the yellow shirt run away from,deterministic single-connective split
wiafcoYeDLI_0905_0911,3,"What does the man in the ghillie suit shoot the man in yellow with, causing him to run away?",Watergun,3,9:08,9:11,False,,,,[],,requires exactly one supported explicit temporal connective
TUU93Z7qNQ8_0944_0953,1,Who starts to fall off after stepping on the rope and the rope breaks?,The hamster,1,9:44,9:52,True,after,Who starts to fall off,stepping on the rope and the rope breaks,"['stepping on the rope and the rope breaks', 'Who starts to fall off']",Who starts to fall off,deterministic single-connective split
TUU93Z7qNQ8_0944_0953,2,What does the hamster start to fall off from after stepping on it and it breaks?,The rope,2,9:44,9:52,True,after,What does the hamster start to fall off from,stepping on it and it breaks,"['stepping on it and it breaks', 'What does the hamster start to fall off from']",What does the hamster start to fall off from,deterministic single-connective split
loyCX8reiTA_0115_0130,1,Who took out the green plushie after the present was opened?,The girl with the santa hat,1,1:24,1:30,True,after,Who took out the green plushie,the present was opened,"['the present was opened', 'Who took out the green plushie']",Who took out the green plushie,deterministic single-connective split
loyCX8reiTA_0115_0130,2,What did the girl with the santa hat take out after the present was opened?,The green plushie,2,1:24,1:30,True,after,What did the girl with the santa hat take out,the present was opened,"['the present was opened', 'What did the girl with the santa hat take out']",What did the girl with the santa hat take out,deterministic single-connective split
loyCX8reiTA_0115_0130,3,What was opened before the green plushie was taken out by the girl with the santa hat?,The present,3,1:24,1:30,True,before,What was opened,the green plushie was taken out by the girl with the santa hat,"['What was opened', 'the green plushie was taken out by the girl with the santa hat']",What was opened,deterministic single-connective split
loyCX8reiTA_0158_0213,1,Who takes out a mario mushroom plushie after opening the gift?,The girl,1,2:00,2:11,True,after,Who takes out a mario mushroom plushie,opening the gift,"['opening the gift', 'Who takes out a mario mushroom plushie']",Who takes out a mario mushroom plushie,deterministic single-connective split
loyCX8reiTA_0158_0213,2,What does the girl take out after she opens the gift?,A mario mushroom plushie,2,2:00,2:11,True,after,What does the girl take out,she opens the gift,"['she opens the gift', 'What does the girl take out']",What does the girl take out,deterministic single-connective split
loyCX8reiTA_0158_0213,3,What does the girl open before she takes out a mario mushroom plushie?,The gift,3,2:00,2:11,True,before,What does the girl open,she takes out a mario mushroom plushie,"['What does the girl open', 'she takes out a mario mushroom plushie']",What does the girl open,deterministic single-connective split
loyCX8reiTA_0306_0321,3,Who takes out a nintendo switch after the box is opened?,The girl,1,3:08,3:21,True,after,Who takes out a nintendo switch,the box is opened,"['the box is opened', 'Who takes out a nintendo switch']",Who takes out a nintendo switch,deterministic single-connective split
loyCX8reiTA_0306_0321,4,What does the girl take out after the box is opened?,A nintendo switch,2,3:08,3:21,True,after,What does the girl take out,the box is opened,"['the box is opened', 'What does the girl take out']",What does the girl take out,deterministic single-connective split
loyCX8reiTA_0306_0321,5,What does the girl open up before taking out the nintendo switch?,The box,3,3:08,3:21,True,before,What does the girl open up,taking out the nintendo switch,"['What does the girl open up', 'taking out the nintendo switch']",What does the girl open up,deterministic single-connective split
loyCX8reiTA_0335_0345,1,Who is interested in the box after the box is moved towards it?,The cat,1,3:38,3:43,True,after,Who is interested in the box,the box is moved towards it,"['the box is moved towards it', 'Who is interested in the box']",Who is interested in the box,deterministic single-connective split
loyCX8reiTA_0335_0345,2,What is the cat interested in after it is moved towards the cat?,The box,2,3:38,3:43,True,after,What is the cat interested in,it is moved towards the cat,"['it is moved towards the cat', 'What is the cat interested in']",What is the cat interested in,deterministic single-connective split
loyCX8reiTA_0340_0355,4,Who takes out a book after opening up the small present?,The girl,1,3:49,3:53,True,after,Who takes out a book,opening up the small present,"['opening up the small present', 'Who takes out a book']",Who takes out a book,deterministic single-connective split
loyCX8reiTA_0340_0355,5,What does the girl take out after opening up the small present?,The book,2,3:49,3:53,True,after,What does the girl take out,opening up the small present,"['opening up the small present', 'What does the girl take out']",What does the girl take out,deterministic single-connective split
loyCX8reiTA_0340_0355,6,What does the girl open up before taking out a book?,The small present,3,3:49,3:53,True,before,What does the girl open up,taking out a book,"['What does the girl open up', 'taking out a book']",What does the girl open up,deterministic single-connective split
loyCX8reiTA_0925_0940,1,Who opens the present before taking out the stuffed animal?,The girl,1,9:29,9:33,True,before,Who opens the present,taking out the stuffed animal,"['Who opens the present', 'taking out the stuffed animal']",Who opens the present,deterministic single-connective split
loyCX8reiTA_0925_0940,2,What does the girl take out from the present?,The stuffed animal,2,9:29,9:33,False,,,,[],,requires exactly one supported explicit temporal connective
loyCX8reiTA_0925_0940,3,What does the girl open before she takes out the stuffed animal?,The present,3,9:29,9:33,True,before,What does the girl open,she takes out the stuffed animal,"['What does the girl open', 'she takes out the stuffed animal']",What does the girl open,deterministic single-connective split
loyCX8reiTA_0925_0940,7,Who examines the stuffed animal after the present is opened?,The girl,1,9:33,9:40,True,after,Who examines the stuffed animal,the present is opened,"['the present is opened', 'Who examines the stuffed animal']",Who examines the stuffed animal,deterministic single-connective split
loyCX8reiTA_0925_0940,8,What does the girl examine after the present is opened?,The stuffed animal,2,9:33,9:40,True,after,What does the girl examine,the present is opened,"['the present is opened', 'What does the girl examine']",What does the girl examine,deterministic single-connective split
loyCX8reiTA_0954_1005,1,Who hugs the toy dog after taking it out of the present?,The girl,1,10:00,10:04,True,after,Who hugs the toy dog,taking it out of the present,"['taking it out of the present', 'Who hugs the toy dog']",Who hugs the toy dog,deterministic single-connective split
loyCX8reiTA_0954_1005,2,What does the girl hug after taking it out of the present?,The toy dog,2,10:00,10:04,True,after,What does the girl hug,taking it out of the present,"['taking it out of the present', 'What does the girl hug']",What does the girl hug,deterministic single-connective split
loyCX8reiTA_0954_1005,3,What does the girl take the toy dog out of before hugging it?,The present,3,10:00,10:04,True,before,What does the girl take the toy dog out of,hugging it,"['What does the girl take the toy dog out of', 'hugging it']",What does the girl take the toy dog out of,deterministic single-connective split
loyCX8reiTA_1144_1158,1,Who opens the present before taking out a bunny toy?,The girl,1,11:44,11:55,True,before,Who opens the present,taking out a bunny toy,"['Who opens the present', 'taking out a bunny toy']",Who opens the present,deterministic single-connective split
loyCX8reiTA_1144_1158,2,What does the girl take out from the present after opening it?,A bunny toy,2,11:44,11:55,True,after,What does the girl take out from the present,opening it,"['opening it', 'What does the girl take out from the present']",What does the girl take out from the present,deterministic single-connective split
loyCX8reiTA_1144_1158,3,What does the girl open before she takes out a bunny toy?,The present,3,11:44,11:55,True,before,What does the girl open,she takes out a bunny toy,"['What does the girl open', 'she takes out a bunny toy']",What does the girl open,deterministic single-connective split
loyCX8reiTA_1150_1205,1,Who holds the bunny toy after opening the present?,The girl,1,11:56,12:02,True,after,Who holds the bunny toy,opening the present,"['opening the present', 'Who holds the bunny toy']",Who holds the bunny toy,deterministic single-connective split
loyCX8reiTA_1150_1205,2,What does the girl hold after she opens the present?,The bunny toy,2,11:56,12:02,True,after,What does the girl hold,she opens the present,"['she opens the present', 'What does the girl hold']",What does the girl hold,deterministic single-connective split
kHIH1RoIV8w_0050_0105,1,Who attacks the black dog after it has been sniffed by the black dog?,The brown dog,1,0:54,0:59,True,after,Who attacks the black dog,it has been sniffed by the black dog,"['it has been sniffed by the black dog', 'Who attacks the black dog']",Who attacks the black dog,deterministic single-connective split
kHIH1RoIV8w_0050_0105,2,Who does the brown dog attack after it has been sniffed by the black dog?,The black dog,2,0:54,0:59,True,after,Who does the brown dog attack,it has been sniffed by the black dog,"['it has been sniffed by the black dog', 'Who does the brown dog attack']",Who does the brown dog attack,deterministic single-connective split
jJQUOY1rpMg_0905_0920,1,Who puts the package of meat in the pan after it is opened?,The woman,2,9:06,9:13,True,after,Who puts the package of meat in the pan,it is opened,"['it is opened', 'Who puts the package of meat in the pan']",Who puts the package of meat in the pan,deterministic single-connective split
jJQUOY1rpMg_0905_0920,2,What does the woman put in the pan after opening?,The package of meat,1,9:06,9:13,True,after,What does the woman put in the pan,opening,"['opening', 'What does the woman put in the pan']",What does the woman put in the pan,deterministic single-connective split
jJQUOY1rpMg_0905_0920,3,Where does the woman put the package of meat after opening it?,The pan,3,9:06,9:13,True,after,Where does the woman put the package of meat,opening it,"['opening it', 'Where does the woman put the package of meat']",Where does the woman put the package of meat,deterministic single-connective split
GzYA7g7UvRk_1415_1430,2,Who starts to smile after seeing her gift?,The woman,1,14:16,14:28,True,after,Who starts to smile,seeing her gift,"['seeing her gift', 'Who starts to smile']",Who starts to smile,deterministic single-connective split
GzYA7g7UvRk_1415_1430,3,What does the woman see before she starts to smile?,Her gift,2,14:16,14:28,True,before,What does the woman see,she starts to smile,"['What does the woman see', 'she starts to smile']",What does the woman see,deterministic single-connective split
ch2UNyQ-uzk_0710_0725,1,Who cleans the floor after receiving the broom?,The boy,1,7:14,7:23,True,after,Who cleans the floor,receiving the broom,"['receiving the broom', 'Who cleans the floor']",Who cleans the floor,deterministic single-connective split
ch2UNyQ-uzk_0710_0725,2,What does the boy clean after receiving the broom?,The floor,2,7:14,7:23,True,after,What does the boy clean,receiving the broom,"['receiving the broom', 'What does the boy clean']",What does the boy clean,deterministic single-connective split
ch2UNyQ-uzk_0710_0725,5,What does the boy receive before cleaning the floor?,The broom,3,7:14,7:23,True,before,What does the boy receive,cleaning the floor,"['What does the boy receive', 'cleaning the floor']",What does the boy receive,deterministic single-connective split
a3o9a6pBKz8_0020_0025,1,Who becomes scared of the bird after it lands on him?,The boy,1,0:21,0:25,True,after,Who becomes scared of the bird,it lands on him,"['it lands on him', 'Who becomes scared of the bird']",Who becomes scared of the bird,deterministic single-connective split
a3o9a6pBKz8_0020_0025,2,Of what does the boy become scared after it lands on him?,The bird,2,0:21,0:25,True,after,Of what does the boy become scared,it lands on him,"['it lands on him', 'Of what does the boy become scared']",Of what does the boy become scared,deterministic single-connective split
a3o9a6pBKz8_0020_0025,5,Who runs away from the bird after the bird jumps on top of him?,The boy,1,0:21,0:25,True,after,Who runs away from the bird,the bird jumps on top of him,"['the bird jumps on top of him', 'Who runs away from the bird']",Who runs away from the bird,deterministic single-connective split
a3o9a6pBKz8_0020_0025,6,From whom does the boy run away after it jumps on top of the boy?,The bird,2,0:21,0:25,True,after,From whom does the boy run away,it jumps on top of the boy,"['it jumps on top of the boy', 'From whom does the boy run away']",From whom does the boy run away,deterministic single-connective split
a3o9a6pBKz8_0026_0032,1,Who becomes frightened by the dinosaur machine after turning around and seeing it?,The girl,1,0:29,0:32,True,after,Who becomes frightened by the dinosaur machine,turning around and seeing it,"['turning around and seeing it', 'Who becomes frightened by the dinosaur machine']",Who becomes frightened by the dinosaur machine,deterministic single-connective split
a3o9a6pBKz8_0026_0032,2,What frightens the girl after she turns around and sees it?,The dinosaur machine,2,0:29,0:32,True,after,What frightens the girl,she turns around and sees it,"['she turns around and sees it', 'What frightens the girl']",What frightens the girl,deterministic single-connective split
a3o9a6pBKz8_0333_0341,1,Who attempts to paw at the girl after she performs different poses?,The lion,1,3:37,3:40,True,after,Who attempts to paw at the girl,she performs different poses,"['she performs different poses', 'Who attempts to paw at the girl']",Who attempts to paw at the girl,deterministic single-connective split
a3o9a6pBKz8_0333_0341,2,Who does the lion attempt to paw at after performing different poses?,The girl,2,3:37,3:40,True,after,Who does the lion attempt to paw at,performing different poses,"['performing different poses', 'Who does the lion attempt to paw at']",Who does the lion attempt to paw at,deterministic single-connective split
a3o9a6pBKz8_0438_0445,1,Who chases the boy with the blue hat after the boy with the blue hat gets too close to the bird?,The bird,1,4:40,4:44,True,after,Who chases the boy with the blue hat,the boy with the blue hat gets too close to the bird,"['the boy with the blue hat gets too close to the bird', 'Who chases the boy with the blue hat']",Who chases the boy with the blue hat,deterministic single-connective split
a3o9a6pBKz8_0438_0445,2,Who does the bird chase after getting too close to it?,The boy with the blue hat,2,4:40,4:44,True,after,Who does the bird chase,getting too close to it,"['getting too close to it', 'Who does the bird chase']",Who does the bird chase,deterministic single-connective split
a3o9a6pBKz8_0446_0455,1,Who attempts to hit the smaller boy after the smaller boy moves towards the glass?,The ape,1,4:46,4:55,True,after,Who attempts to hit the smaller boy,the smaller boy moves towards the glass,"['the smaller boy moves towards the glass', 'Who attempts to hit the smaller boy']",Who attempts to hit the smaller boy,deterministic single-connective split
a3o9a6pBKz8_0446_0455,2,Who does the ape attempt to hit after moving towards the glass?,The smaller boy,2,4:46,4:55,True,after,Who does the ape attempt to hit,moving towards the glass,"['moving towards the glass', 'Who does the ape attempt to hit']",Who does the ape attempt to hit,deterministic single-connective split
a3o9a6pBKz8_0509_0517,3,Who wiggles his paws at the girl in blue after the girl in blue makes motions towards them?,The beaver,1,5:11,5:15,True,after,Who wiggles his paws at the girl in blue,the girl in blue makes motions towards them,"['the girl in blue makes motions towards them', 'Who wiggles his paws at the girl in blue']",Who wiggles his paws at the girl in blue,deterministic single-connective split
a3o9a6pBKz8_0509_0517,4,At whom does the beaver wiggle his paws after they make motions towards the beaver?,The girl in blue,2,5:11,5:15,True,after,At whom does the beaver wiggle his paws,they make motions towards the beaver,"['they make motions towards the beaver', 'At whom does the beaver wiggle his paws']",At whom does the beaver wiggle his paws,deterministic single-connective split
a3o9a6pBKz8_0631_0641,1,Who runs away first after the boy in green celebrates?,The monkey on the left,1,6:36,6:41,True,after,Who runs away first,the boy in green celebrates,"['the boy in green celebrates', 'Who runs away first']",Who runs away first,deterministic single-connective split
a3o9a6pBKz8_0631_0641,2,Who does the monkey on the left run away from after celebrating?,The boy in green,2,6:36,6:41,True,after,Who does the monkey on the left run away from,celebrating,"['celebrating', 'Who does the monkey on the left run away from']",Who does the monkey on the left run away from,deterministic single-connective split
C0f6iRXEYBI_0011_0026,1,Who grabs the small dog out of the car before closing the car door?,The man,1,0:19,0:25,True,before,Who grabs the small dog out of the car,closing the car door,"['Who grabs the small dog out of the car', 'closing the car door']",Who grabs the small dog out of the car,deterministic single-connective split
C0f6iRXEYBI_0011_0026,2,What does the man grab out of the car before closing the car door?,The small dog,2,0:19,0:25,True,before,What does the man grab out of the car,closing the car door,"['What does the man grab out of the car', 'closing the car door']",What does the man grab out of the car,deterministic single-connective split
C0f6iRXEYBI_0011_0026,3,Out of what does the man grab the small dog before closing its door?,The car,3,0:19,0:25,True,before,Out of what does the man grab the small dog,closing its door,"['Out of what does the man grab the small dog', 'closing its door']",Out of what does the man grab the small dog,deterministic single-connective split
_0pU7i9JRGo_0000_0007,1,Who gets up after the cat gets up?,The dog,1,0:03,0:06,True,after,Who gets up,the cat gets up,"['the cat gets up', 'Who gets up']",Who gets up,deterministic single-connective split
_0pU7i9JRGo_0000_0007,2,After whom does the dog get up?,The cat,2,0:03,0:06,False,,,,[],,requires exactly one supported explicit temporal connective
5dDjJLdQ6Jo_0009_0017,1,Who bites at the cat after the cat touches the snout?,The dog,1,0:12,0:15,True,after,Who bites at the cat,the cat touches the snout,"['the cat touches the snout', 'Who bites at the cat']",Who bites at the cat,deterministic single-connective split
5dDjJLdQ6Jo_0009_0017,2,What does the dog bite at after its snout is touched?,The cat,2,0:12,0:15,True,after,What does the dog bite at,its snout is touched,"['its snout is touched', 'What does the dog bite at']",What does the dog bite at,deterministic single-connective split
5dDjJLdQ6Jo_0143_0153,1,Who walks away from the dog after giving up on getting the dog's attention?,the cat,1,1:48,1:51,True,after,Who walks away from the dog,giving up on getting the dog's attention,"[""giving up on getting the dog's attention"", 'Who walks away from the dog']",Who walks away from the dog,deterministic single-connective split
5dDjJLdQ6Jo_0143_0153,2,From whom does the cat walk away after giving up on getting attention?,the dog,2,1:48,1:51,True,after,From whom does the cat walk away,giving up on getting attention,"['giving up on getting attention', 'From whom does the cat walk away']",From whom does the cat walk away,deterministic single-connective split
Rm7BgExxo8w_0242_0250,1,Who crouches on the starting blocks before the race is started?,The sprinter,1,2:45,2:48,True,before,Who crouches on the starting blocks,the race is started,"['Who crouches on the starting blocks', 'the race is started']",Who crouches on the starting blocks,deterministic single-connective split
Rm7BgExxo8w_0242_0250,2,What does the sprinter crouch on before the race is started?,The starting blocks,2,2:45,2:48,True,before,What does the sprinter crouch on,the race is started,"['What does the sprinter crouch on', 'the race is started']",What does the sprinter crouch on,deterministic single-connective split
Rm7BgExxo8w_0330_0336,1,Who runs to gain speed before performing flips?,the woman,1,3:30,3:32,True,before,Who runs to gain speed,performing flips,"['Who runs to gain speed', 'performing flips']",Who runs to gain speed,deterministic single-connective split
QsyyBuF3Dqw_0000_0009,1,Who lifts the little girl before doing bicep curls?,The man,1,0:02,0:07,True,before,Who lifts the little girl,doing bicep curls,"['Who lifts the little girl', 'doing bicep curls']",Who lifts the little girl,deterministic single-connective split
QsyyBuF3Dqw_0000_0009,2,Who does the man lift before doing bicep curls?,The little girl,2,0:02,0:07,True,before,Who does the man lift,doing bicep curls,"['Who does the man lift', 'doing bicep curls']",Who does the man lift,deterministic single-connective split
QsyyBuF3Dqw_0017_0022,1,Who gets up off the man before the man gets up?,The little girl,2,0:18,0:20,True,before,Who gets up off the man,the man gets up,"['Who gets up off the man', 'the man gets up']",Who gets up off the man,deterministic single-connective split
QsyyBuF3Dqw_0017_0022,2,Off whom does the little girl get up before he gets up?,The man,1,0:18,0:20,True,before,Off whom does the little girl get up,he gets up,"['Off whom does the little girl get up', 'he gets up']",Off whom does the little girl get up,deterministic single-connective split
q9AoGc-OTCk_0342_0349,1,Who lifts the basket before carrying it away?,the man,1,3:45,3:48,True,before,Who lifts the basket,carrying it away,"['Who lifts the basket', 'carrying it away']",Who lifts the basket,deterministic single-connective split
q9AoGc-OTCk_0342_0349,2,What does the man lift before carrying it away?,the basket,2,3:45,3:48,True,before,What does the man lift,carrying it away,"['What does the man lift', 'carrying it away']",What does the man lift,deterministic single-connective split
Jmoi4Pt4-QQ_0432_0438,1,Who sets the tile down before pressing it in place?,The man,1,4:35,4:38,True,before,Who sets the tile down,pressing it in place,"['Who sets the tile down', 'pressing it in place']",Who sets the tile down,deterministic single-connective split
Jmoi4Pt4-QQ_0432_0438,2,What does the man set down before pressing it in place?,The tile,2,4:35,4:38,True,before,What does the man set down,pressing it in place,"['What does the man set down', 'pressing it in place']",What does the man set down,deterministic single-connective split
efXOrthfd2U_0234_0243,1,Who sticks foam to the wall after adding spray adhesive to the foam?,The man,1,2:34,2:42,True,after,Who sticks foam to the wall,adding spray adhesive to the foam,"['adding spray adhesive to the foam', 'Who sticks foam to the wall']",Who sticks foam to the wall,deterministic single-connective split
efXOrthfd2U_0234_0243,2,What does the man stick to the wall after adding spray adhesive?,The foam,2,2:34,2:42,True,after,What does the man stick to the wall,adding spray adhesive,"['adding spray adhesive', 'What does the man stick to the wall']",What does the man stick to the wall,deterministic single-connective split
efXOrthfd2U_0234_0243,3,Where does the man stick the foam after adding spray adhesive to it?,The wall,3,2:34,2:42,True,after,Where does the man stick the foam,adding spray adhesive to it,"['adding spray adhesive to it', 'Where does the man stick the foam']",Where does the man stick the foam,deterministic single-connective split
EV8aPYGLsKw_0631_0640,1,Who kicks the flooring into place before nailing it down?,the worker,1,6:34,6:37,True,before,Who kicks the flooring into place,nailing it down,"['Who kicks the flooring into place', 'nailing it down']",Who kicks the flooring into place,deterministic single-connective split
x7NzzEk1ulg_0053_0103,1,Which dog gets up before sitting next to the other dog?,The dog that was sleeping,1,0:55,1:00,True,before,Which dog gets up,sitting next to the other dog,"['Which dog gets up', 'sitting next to the other dog']",Which dog gets up,deterministic single-connective split
x7NzzEk1ulg_0053_0103,2,Next to which dog does the dog that was sleeping sit?,The dog that laid down next to it,2,0:55,1:00,False,,,,[],,requires exactly one supported explicit temporal connective
RpRNeKIRQHc_0403_0412,3,Who lifts up the chair before showing how many legs it has?,the woman,1,4:08,4:12,True,before,Who lifts up the chair,showing how many legs it has,"['Who lifts up the chair', 'showing how many legs it has']",Who lifts up the chair,deterministic single-connective split
RpRNeKIRQHc_0403_0412,4,What does the woman lift up before showing how many legs it has?,the chair,2,4:08,4:12,True,before,What does the woman lift up,showing how many legs it has,"['What does the woman lift up', 'showing how many legs it has']",What does the woman lift up,deterministic single-connective split
RpRNeKIRQHc_0415_0430,3,Who rocks on a chair after she sat on the small rock chair?,The woman,1,4:18,4:28,True,after,Who rocks on a chair,she sat on the small rock chair,"['she sat on the small rock chair', 'Who rocks on a chair']",Who rocks on a chair,deterministic single-connective split
RpRNeKIRQHc_0415_0430,4,What does the woman rock on after she sat on the small rock chair?,The chair,2,4:18,4:28,True,after,What does the woman rock on,she sat on the small rock chair,"['she sat on the small rock chair', 'What does the woman rock on']",What does the woman rock on,deterministic single-connective split
RpRNeKIRQHc_0540_0550,1,Who zips the fanny pack closed after showing the toys inside the fanny pack?,The woman,1,5:40,5:46,True,after,Who zips the fanny pack closed,showing the toys inside the fanny pack,"['showing the toys inside the fanny pack', 'Who zips the fanny pack closed']",Who zips the fanny pack closed,deterministic single-connective split
RpRNeKIRQHc_0540_0550,2,What does the woman zip closed after showing the toys inside?,The fanny pack,2,5:40,5:46,True,after,What does the woman zip closed,showing the toys inside,"['showing the toys inside', 'What does the woman zip closed']",What does the woman zip closed,deterministic single-connective split
RpRNeKIRQHc_0540_0550,4,What does the woman show inside the fanny pack before she zips it closed?,The toys,3,5:40,5:46,True,before,What does the woman show inside the fanny pack,she zips it closed,"['What does the woman show inside the fanny pack', 'she zips it closed']",What does the woman show inside the fanny pack,deterministic single-connective split
RpRNeKIRQHc_0812_0819,1,Who holds up the granola bar before putting it back in the bag?,The woman,1,8:12,8:15,True,before,Who holds up the granola bar,putting it back in the bag,"['Who holds up the granola bar', 'putting it back in the bag']",Who holds up the granola bar,deterministic single-connective split
RpRNeKIRQHc_0812_0819,2,What does the woman hold up before putting it back in the bag?,The granola bar,2,8:12,8:15,True,before,What does the woman hold up,putting it back in the bag,"['What does the woman hold up', 'putting it back in the bag']",What does the woman hold up,deterministic single-connective split
RpRNeKIRQHc_0812_0819,3,Where does the woman put the granola bar back after holding it up?,The bag,3,8:12,8:15,True,after,Where does the woman put the granola bar back,holding it up,"['holding it up', 'Where does the woman put the granola bar back']",Where does the woman put the granola bar back,deterministic single-connective split
l6h-mXA-LSc_0204_0210,1,Who bounces the ball off the wall before the player in red catches the ball?,The man on the right,1,2:06,2:08,True,before,Who bounces the ball off the wall,the player in red catches the ball,"['Who bounces the ball off the wall', 'the player in red catches the ball']",Who bounces the ball off the wall,deterministic single-connective split
l6h-mXA-LSc_0204_0210,2,What does the man on the right bounce off the wall before the player in red catches it?,The ball,2,2:06,2:08,True,before,What does the man on the right bounce off the wall,the player in red catches it,"['What does the man on the right bounce off the wall', 'the player in red catches it']",What does the man on the right bounce off the wall,deterministic single-connective split
l6h-mXA-LSc_0204_0210,3,Who catches the ball after the man on the right bounces it off the wall?,The player in red,3,2:06,2:08,True,after,Who catches the ball,the man on the right bounces it off the wall,"['the man on the right bounces it off the wall', 'Who catches the ball']",Who catches the ball,deterministic single-connective split
l6h-mXA-LSc_0212_0218,1,Who throws the ball against the wall before the player in red catches the ball?,The man on the left,1,2:12,2:15,True,before,Who throws the ball against the wall,the player in red catches the ball,"['Who throws the ball against the wall', 'the player in red catches the ball']",Who throws the ball against the wall,deterministic single-connective split
l6h-mXA-LSc_0212_0218,2,What does the man on the left throw against the wall before the player in red catches it?,The ball,2,2:12,2:15,True,before,What does the man on the left throw against the wall,the player in red catches it,"['What does the man on the left throw against the wall', 'the player in red catches it']",What does the man on the left throw against the wall,deterministic single-connective split
l6h-mXA-LSc_0212_0218,3,Who catches the ball after the man on the left throws it against the wall?,The player in red,3,2:12,2:15,True,after,Who catches the ball,the man on the left throws it against the wall,"['the man on the left throws it against the wall', 'Who catches the ball']",Who catches the ball,deterministic single-connective split
l6h-mXA-LSc_0220_0225,1,Who kicks the ball before the man with black gloves catches it?,The man with white gloves,1,2:20,2:22,True,before,Who kicks the ball,the man with black gloves catches it,"['Who kicks the ball', 'the man with black gloves catches it']",Who kicks the ball,deterministic single-connective split
l6h-mXA-LSc_0220_0225,2,What does the man with white gloves kick before the man with black gloves catches it?,The ball,2,2:20,2:22,True,before,What does the man with white gloves kick,the man with black gloves catches it,"['What does the man with white gloves kick', 'the man with black gloves catches it']",What does the man with white gloves kick,deterministic single-connective split
l6h-mXA-LSc_0220_0225,3,Who catches the ball after the man with white gloves kicks it?,The man with black gloves,3,2:20,2:22,True,after,Who catches the ball,the man with white gloves kicks it,"['the man with white gloves kicks it', 'Who catches the ball']",Who catches the ball,deterministic single-connective split
-z45Vd9slWw_0108_0117,1,Who drops the bait in the water before grabbing the fish?,The bird,1,1:11,1:17,True,before,Who drops the bait in the water,grabbing the fish,"['Who drops the bait in the water', 'grabbing the fish']",Who drops the bait in the water,deterministic single-connective split
-z45Vd9slWw_0108_0117,2,What does the bird drop in the water before grabbing the fish?,The bait,2,1:11,1:17,True,before,What does the bird drop in the water,grabbing the fish,"['What does the bird drop in the water', 'grabbing the fish']",What does the bird drop in the water,deterministic single-connective split
-z45Vd9slWw_0108_0117,3,What does the bird grab after dropping the bait in the water?,The fish,3,1:11,1:17,True,after,What does the bird grab,dropping the bait in the water,"['dropping the bait in the water', 'What does the bird grab']",What does the bird grab,deterministic single-connective split
-z45Vd9slWw_0119_0124,1,Who picks up the drink backwards before taking a sip?,The woman,1,1:20,1:23,True,before,Who picks up the drink backwards,taking a sip,"['Who picks up the drink backwards', 'taking a sip']",Who picks up the drink backwards,deterministic single-connective split
-z45Vd9slWw_0119_0124,2,What does the woman pick up backwards before taking a sip?,The drink,2,1:20,1:23,True,before,What does the woman pick up backwards,taking a sip,"['What does the woman pick up backwards', 'taking a sip']",What does the woman pick up backwards,deterministic single-connective split
-z45Vd9slWw_0127_0130,1,Who pushes open the door before it shatters?,the man,1,1:27,1:28,True,before,Who pushes open the door,it shatters,"['Who pushes open the door', 'it shatters']",Who pushes open the door,deterministic single-connective split
-z45Vd9slWw_0127_0130,2,What does the man push open before it shatters?,the door,2,1:27,1:28,True,before,What does the man push open,it shatters,"['What does the man push open', 'it shatters']",What does the man push open,deterministic single-connective split
-z45Vd9slWw_0208_0216,1,Who throws the bat before the player in the dugout catches it?,The batter,1,2:09,2:14,True,before,Who throws the bat,the player in the dugout catches it,"['Who throws the bat', 'the player in the dugout catches it']",Who throws the bat,deterministic single-connective split
-z45Vd9slWw_0208_0216,2,What does the batter throw before the player in the dugout catches it?,The bat,2,2:09,2:14,True,before,What does the batter throw,the player in the dugout catches it,"['What does the batter throw', 'the player in the dugout catches it']",What does the batter throw,deterministic single-connective split
-z45Vd9slWw_0208_0216,3,Who catches the bat after the batter throws it?,The player in the dugout,3,2:09,2:14,True,after,Who catches the bat,the batter throws it,"['the batter throws it', 'Who catches the bat']",Who catches the bat,deterministic single-connective split
-z45Vd9slWw_0241_0246,1,Who breaks the car door off before the woman gets out of the car?,The man,1,2:42,2:45,True,before,Who breaks the car door off,the woman gets out of the car,"['Who breaks the car door off', 'the woman gets out of the car']",Who breaks the car door off,deterministic single-connective split
-z45Vd9slWw_0241_0246,2,What does the man break off before the woman gets out of the car?,The car door,2,2:42,2:45,True,before,What does the man break off,the woman gets out of the car,"['What does the man break off', 'the woman gets out of the car']",What does the man break off,deterministic single-connective split
-z45Vd9slWw_0241_0246,3,Who gets out of the car after the man breaks the car door off?,The woman,3,2:42,2:45,True,after,Who gets out of the car,the man breaks the car door off,"['the man breaks the car door off', 'Who gets out of the car']",Who gets out of the car,deterministic single-connective split
-z45Vd9slWw_0756_0800,1,Who backflips off the diving board before landing in the water?,The man,1,7:58,8:00,True,before,Who backflips off the diving board,landing in the water,"['Who backflips off the diving board', 'landing in the water']",Who backflips off the diving board,deterministic single-connective split
-z45Vd9slWw_0756_0800,2,What does the man backflip off before landing in the water?,The diving board,2,7:58,8:00,True,before,What does the man backflip off,landing in the water,"['What does the man backflip off', 'landing in the water']",What does the man backflip off,deterministic single-connective split
cfcqWP1QiKI_0622_0628,1,Who digs with the hoe before water rushes out?,The man,1,6:22,6:25,True,before,Who digs with the hoe,water rushes out,"['Who digs with the hoe', 'water rushes out']",Who digs with the hoe,deterministic single-connective split
cfcqWP1QiKI_0622_0628,2,What does the man use to dig before water rushes out?,The hoe,2,6:22,6:25,True,before,What does the man use to dig,water rushes out,"['What does the man use to dig', 'water rushes out']",What does the man use to dig,deterministic single-connective split
cfcqWP1QiKI_0641_0653,1,Who dislodges the bag before the whole pile starts sliding down?,The man,1,6:45,6:50,True,before,Who dislodges the bag,the whole pile starts sliding down,"['Who dislodges the bag', 'the whole pile starts sliding down']",Who dislodges the bag,deterministic single-connective split
sh9PhMjo8hw_0010_0017,1,Who covers the cup of coffee before flipping it upside down?,the man,1,0:11,0:15,True,before,Who covers the cup of coffee,flipping it upside down,"['Who covers the cup of coffee', 'flipping it upside down']",Who covers the cup of coffee,deterministic single-connective split
sh9PhMjo8hw_0010_0017,2,What does the man cover before flipping it upside down?,the cup of coffee,2,0:11,0:15,True,before,What does the man cover,flipping it upside down,"['What does the man cover', 'flipping it upside down']",What does the man cover,deterministic single-connective split
sh9PhMjo8hw_0556_0604,1,Who throws the bowling ball before getting a strike?,The man,1,5:57,6:01,True,before,Who throws the bowling ball,getting a strike,"['Who throws the bowling ball', 'getting a strike']",Who throws the bowling ball,deterministic single-connective split
sh9PhMjo8hw_0556_0604,2,What does the man throw before getting a strike?,The bowling ball,2,5:57,6:01,True,before,What does the man throw,getting a strike,"['What does the man throw', 'getting a strike']",What does the man throw,deterministic single-connective split
DQq77_s47I4_0023_0027,1,Who flips the bucket before filling it with popcorn?,The worker,1,0:23,0:25,True,before,Who flips the bucket,filling it with popcorn,"['Who flips the bucket', 'filling it with popcorn']",Who flips the bucket,deterministic single-connective split
DQq77_s47I4_0023_0027,2,What does the worker flip before filling it with popcorn?,The bucket,2,0:23,0:25,True,before,What does the worker flip,filling it with popcorn,"['What does the worker flip', 'filling it with popcorn']",What does the worker flip,deterministic single-connective split
DQq77_s47I4_0336_0340,1,Who flips the scooter before sitting in the chair?,The man,1,3:37,3:39,True,before,Who flips the scooter,sitting in the chair,"['Who flips the scooter', 'sitting in the chair']",Who flips the scooter,deterministic single-connective split
DQq77_s47I4_0336_0340,2,What does the man flip before sitting in the chair?,The scooter,2,3:37,3:39,True,before,What does the man flip,sitting in the chair,"['What does the man flip', 'sitting in the chair']",What does the man flip,deterministic single-connective split
DQq77_s47I4_0336_0340,3,Where does the man sit after flipping the scooter?,The chair,3,3:37,3:39,True,after,Where does the man sit,flipping the scooter,"['flipping the scooter', 'Where does the man sit']",Where does the man sit,deterministic single-connective split
DQq77_s47I4_0448_0453,1,Who runs up the mat before sticking the sticky note to the wall?,the man,1,4:50,4:52,True,before,Who runs up the mat,sticking the sticky note to the wall,"['Who runs up the mat', 'sticking the sticky note to the wall']",Who runs up the mat,deterministic single-connective split
DQq77_s47I4_0448_0453,2,What does the man run up before sticking the sticky note to the wall?,the mat,2,4:50,4:52,True,before,What does the man run up,sticking the sticky note to the wall,"['What does the man run up', 'sticking the sticky note to the wall']",What does the man run up,deterministic single-connective split
DQq77_s47I4_0711_0720,1,Who jumps on the pogo stick before landing on the roof?,The man,1,7:11,7:16,True,before,Who jumps on the pogo stick,landing on the roof,"['Who jumps on the pogo stick', 'landing on the roof']",Who jumps on the pogo stick,deterministic single-connective split
DQq77_s47I4_0711_0720,2,What does the man jump on before landing on the roof?,The pogo stick,2,7:11,7:16,True,before,What does the man jump on,landing on the roof,"['What does the man jump on', 'landing on the roof']",What does the man jump on,deterministic single-connective split
eWFJ5oKsRe8_0437_0446,1,Who lifts the ceiling tile up before nailing it in place?,The worker,1,4:37,4:44,True,before,Who lifts the ceiling tile up,nailing it in place,"['Who lifts the ceiling tile up', 'nailing it in place']",Who lifts the ceiling tile up,deterministic single-connective split
eWFJ5oKsRe8_0437_0446,2,What does the worker lift up before nailing it in place?,The ceiling tile,2,4:37,4:44,True,before,What does the worker lift up,nailing it in place,"['What does the worker lift up', 'nailing it in place']",What does the worker lift up,deterministic single-connective split
AfvUZpT9T1A_0340_0344,1,Who grabs the mallet from the tool rack after unlatching the hammer?,The man,1,3:41,3:43,True,after,Who grabs the mallet from the tool rack,unlatching the hammer,"['unlatching the hammer', 'Who grabs the mallet from the tool rack']",Who grabs the mallet from the tool rack,deterministic single-connective split
AfvUZpT9T1A_0340_0344,2,What does the man grab from the tool rack after unlatching the hammer?,The mallet,2,3:41,3:43,True,after,What does the man grab from the tool rack,unlatching the hammer,"['unlatching the hammer', 'What does the man grab from the tool rack']",What does the man grab from the tool rack,deterministic single-connective split
AfvUZpT9T1A_0542_0554,1,Who cracks open the beer can before taking a sip?,the man,1,5:46,5:50,True,before,Who cracks open the beer can,taking a sip,"['Who cracks open the beer can', 'taking a sip']",Who cracks open the beer can,deterministic single-connective split
AfvUZpT9T1A_0542_0554,2,What does the man crack open before taking a sip?,the beer can,2,5:46,5:50,True,before,What does the man crack open,taking a sip,"['What does the man crack open', 'taking a sip']",What does the man crack open,deterministic single-connective split
AfvUZpT9T1A_1309_1313,1,Who hangs the lamp before turning it on?,the man,1,13:09,13:12,True,before,Who hangs the lamp,turning it on,"['Who hangs the lamp', 'turning it on']",Who hangs the lamp,deterministic single-connective split
AfvUZpT9T1A_1309_1313,2,What does the man hang before turning it on?,the lamp,2,13:09,13:12,True,before,What does the man hang,turning it on,"['What does the man hang', 'turning it on']",What does the man hang,deterministic single-connective split
AfvUZpT9T1A_1316_1324,1,Who sets the lantern down on the table before turning the lantern on?,The man,1,13:17,13:20,True,before,Who sets the lantern down on the table,turning the lantern on,"['Who sets the lantern down on the table', 'turning the lantern on']",Who sets the lantern down on the table,deterministic single-connective split
AfvUZpT9T1A_1316_1324,2,What does the man set down on the table before turning it on?,The lantern,2,13:17,13:20,True,before,What does the man set down on the table,turning it on,"['What does the man set down on the table', 'turning it on']",What does the man set down on the table,deterministic single-connective split
AfvUZpT9T1A_1316_1324,3,Where does the man set the lantern down before turning it on?,The table,3,13:17,13:20,True,before,Where does the man set the lantern down,turning it on,"['Where does the man set the lantern down', 'turning it on']",Where does the man set the lantern down,deterministic single-connective split
AfvUZpT9T1A_2235_2248,1,Who sets the chair down before sitting in it?,The man,1,22:39,22:46,True,before,Who sets the chair down,sitting in it,"['Who sets the chair down', 'sitting in it']",Who sets the chair down,deterministic single-connective split
AfvUZpT9T1A_2235_2248,2,What does the man set down before sitting in it?,The chair,2,22:39,22:46,True,before,What does the man set down,sitting in it,"['What does the man set down', 'sitting in it']",What does the man set down,deterministic single-connective split
AfvUZpT9T1A_2643_2649,1,Who exits the tent after waking up?,The man,1,26:45,26:49,True,after,Who exits the tent,waking up,"['waking up', 'Who exits the tent']",Who exits the tent,deterministic single-connective split
AfvUZpT9T1A_2643_2649,2,What does the man exit after waking up?,The tent,2,26:45,26:49,True,after,What does the man exit,waking up,"['waking up', 'What does the man exit']",What does the man exit,deterministic single-connective split
BqeE1CKrRtE_0206_0215,1,Who drinks from the coconut after breaking it open with the stick?,The man,1,2:06,2:11,True,after,Who drinks from the coconut,breaking it open with the stick,"['breaking it open with the stick', 'Who drinks from the coconut']",Who drinks from the coconut,deterministic single-connective split
BqeE1CKrRtE_0206_0215,2,What does the man drink from after breaking it open with the stick?,The coconut,2,2:06,2:11,True,after,What does the man drink from,breaking it open with the stick,"['breaking it open with the stick', 'What does the man drink from']",What does the man drink from,deterministic single-connective split
BqeE1CKrRtE_0206_0215,3,With what does the man break open the coconut before drinking from it?,The stick,3,2:06,2:11,True,before,With what does the man break open the coconut,drinking from it,"['With what does the man break open the coconut', 'drinking from it']",With what does the man break open the coconut,deterministic single-connective split
BqeE1CKrRtE_0930_0939,1,Who carries the red case before setting it down?,the man,1,9:30,9:39,True,before,Who carries the red case,setting it down,"['Who carries the red case', 'setting it down']",Who carries the red case,deterministic single-connective split
BqeE1CKrRtE_0930_0939,2,What does the man carry before setting it down?,the red case,2,9:30,9:39,True,before,What does the man carry,setting it down,"['What does the man carry', 'setting it down']",What does the man carry,deterministic single-connective split
BqeE1CKrRtE_1808_1813,1,Who lifts the coconut to his face before taking a drink from it?,The man,1,18:09,18:11,True,before,Who lifts the coconut to his face,taking a drink from it,"['Who lifts the coconut to his face', 'taking a drink from it']",Who lifts the coconut to his face,deterministic single-connective split
BqeE1CKrRtE_1808_1813,2,What does the man lift to his face before taking a drink from it?,The coconut,2,18:09,18:11,True,before,What does the man lift to his face,taking a drink from it,"['What does the man lift to his face', 'taking a drink from it']",What does the man lift to his face,deterministic single-connective split
oyrv7m30e_c_0027_0031,1,Who gets out of the car after opening the door?,The man,1,0:27,0:31,True,after,Who gets out of the car,opening the door,"['opening the door', 'Who gets out of the car']",Who gets out of the car,deterministic single-connective split
oyrv7m30e_c_0027_0031,2,What does the man get out of after opening the door?,The car,2,0:27,0:31,True,after,What does the man get out of,opening the door,"['opening the door', 'What does the man get out of']",What does the man get out of,deterministic single-connective split
oyrv7m30e_c_0058_0103,1,Who lowers the dog to the ground after opening the car door?,The man,1,0:58,1:00,True,after,Who lowers the dog to the ground,opening the car door,"['opening the car door', 'Who lowers the dog to the ground']",Who lowers the dog to the ground,deterministic single-connective split
oyrv7m30e_c_0058_0103,2,What does the man lower to the ground after opening the car door?,The dog,2,0:58,1:00,True,after,What does the man lower to the ground,opening the car door,"['opening the car door', 'What does the man lower to the ground']",What does the man lower to the ground,deterministic single-connective split
oyrv7m30e_c_0058_0103,3,What does the man open before lowering the dog to the ground?,The car door,3,0:58,1:00,True,before,What does the man open,lowering the dog to the ground,"['What does the man open', 'lowering the dog to the ground']",What does the man open,deterministic single-connective split
0GlhJpBjzac_0840_0848,1,Who carries the canoe out of the water before setting it down?,the man,1,8:40,8:45,True,before,Who carries the canoe out of the water,setting it down,"['Who carries the canoe out of the water', 'setting it down']",Who carries the canoe out of the water,deterministic single-connective split
0GlhJpBjzac_0840_0848,2,What does the man carry out of the water before setting it down?,the canoe,2,8:40,8:45,True,before,What does the man carry out of the water,setting it down,"['What does the man carry out of the water', 'setting it down']",What does the man carry out of the water,deterministic single-connective split
0GlhJpBjzac_2300_2309,1,Who lifts the fish out of the water after catching it?,The man,1,23:03,23:06,True,after,Who lifts the fish out of the water,catching it,"['catching it', 'Who lifts the fish out of the water']",Who lifts the fish out of the water,deterministic single-connective split
0GlhJpBjzac_2300_2309,2,What does the man lift out of the water after catching it?,The fish,2,23:03,23:06,True,after,What does the man lift out of the water,catching it,"['catching it', 'What does the man lift out of the water']",What does the man lift out of the water,deterministic single-connective split
ti2ogY34TDs_0000_0010,1,Who opens the door before walking out of the building?,the man,1,0:00,0:04,True,before,Who opens the door,walking out of the building,"['Who opens the door', 'walking out of the building']",Who opens the door,deterministic single-connective split
ti2ogY34TDs_0000_0010,2,What does the man open before walking out of the building?,the door,2,0:00,0:04,True,before,What does the man open,walking out of the building,"['What does the man open', 'walking out of the building']",What does the man open,deterministic single-connective split
ti2ogY34TDs_0000_0010,5,Who picks up the log before putting it in the fireplace?,The man,1,0:04,0:09,True,before,Who picks up the log,putting it in the fireplace,"['Who picks up the log', 'putting it in the fireplace']",Who picks up the log,deterministic single-connective split
ti2ogY34TDs_0000_0010,6,What does the man pick up before putting it in the fireplace?,The log,2,0:04,0:09,True,before,What does the man pick up,putting it in the fireplace,"['What does the man pick up', 'putting it in the fireplace']",What does the man pick up,deterministic single-connective split
tawSWmZxPBA_0118_0123,1,Who gets out of the vehicle after the man opens the door?,The dog,1,1:19,1:23,True,after,Who gets out of the vehicle,the man opens the door,"['the man opens the door', 'Who gets out of the vehicle']",Who gets out of the vehicle,deterministic single-connective split
tawSWmZxPBA_0118_0123,2,What does the dog get out of after the man opens the door?,The vehicle,2,1:19,1:23,True,after,What does the dog get out of,the man opens the door,"['the man opens the door', 'What does the dog get out of']",What does the dog get out of,deterministic single-connective split
tawSWmZxPBA_3109_3119,1,Who carries the log on his shoulder before putting it in the wheelbarrow?,The man,1,31:09,31:19,True,before,Who carries the log on his shoulder,putting it in the wheelbarrow,"['Who carries the log on his shoulder', 'putting it in the wheelbarrow']",Who carries the log on his shoulder,deterministic single-connective split
tawSWmZxPBA_3109_3119,2,What does the man carry on his shoulder before putting it in the wheelbarrow?,The log,2,31:09,31:19,True,before,What does the man carry on his shoulder,putting it in the wheelbarrow,"['What does the man carry on his shoulder', 'putting it in the wheelbarrow']",What does the man carry on his shoulder,deterministic single-connective split
f-AybHloZbI_2424_2435,1,Who carries the pot to the fire before setting it down?,The man,1,24:24,24:32,True,before,Who carries the pot to the fire,setting it down,"['Who carries the pot to the fire', 'setting it down']",Who carries the pot to the fire,deterministic single-connective split
f-AybHloZbI_2424_2435,2,What does the man carry to the fire before setting it down?,The pot,2,24:24,24:32,True,before,What does the man carry to the fire,setting it down,"['What does the man carry to the fire', 'setting it down']",What does the man carry to the fire,deterministic single-connective split
yqk8OFyryxc_2352_2358,1,Who holds up the pike fish before it is able to get away?,The man,1,23:52,23:54,True,before,Who holds up the pike fish,it is able to get away,"['Who holds up the pike fish', 'it is able to get away']",Who holds up the pike fish,deterministic single-connective split
yqk8OFyryxc_2352_2358,2,What does the man hold up before it is able to get away?,The pike fish,2,23:52,23:54,True,before,What does the man hold up,it is able to get away,"['What does the man hold up', 'it is able to get away']",What does the man hold up,deterministic single-connective split
yqk8OFyryxc_6052_6056,1,Who holds up the fish before releasing it back into the water?,the man,1,60:52,60:56,True,before,Who holds up the fish,releasing it back into the water,"['Who holds up the fish', 'releasing it back into the water']",Who holds up the fish,deterministic single-connective split
yqk8OFyryxc_6052_6056,2,What does the man hold up before releasing it back into the water?,the fish,2,60:52,60:56,True,before,What does the man hold up,releasing it back into the water,"['What does the man hold up', 'releasing it back into the water']",What does the man hold up,deterministic single-connective split
QjJ4w9Q1cqw_0709_0717,1,Who picks up the fishing rod before casting it to catch fish?,The man,1,7:10,7:15,True,before,Who picks up the fishing rod,casting it to catch fish,"['Who picks up the fishing rod', 'casting it to catch fish']",Who picks up the fishing rod,deterministic single-connective split
QjJ4w9Q1cqw_0709_0717,2,What does the man pick up before casting to catch fish?,The fishing rod,2,7:10,7:15,True,before,What does the man pick up,casting to catch fish,"['What does the man pick up', 'casting to catch fish']",What does the man pick up,deterministic single-connective split
QjJ4w9Q1cqw_1536_1545,1,Who uses the spatula to fill the plate with hash browns before handing the plate off?,The man,1,15:36,15:40,True,before,Who uses the spatula to fill the plate with hash browns,handing the plate off,"['Who uses the spatula to fill the plate with hash browns', 'handing the plate off']",Who uses the spatula to fill the plate with hash browns,deterministic single-connective split
QjJ4w9Q1cqw_1536_1545,2,What does the man use to fill the plate with hash browns before handing the plate off?,The spatula,2,15:36,15:40,True,before,What does the man use to fill the plate with hash browns,handing the plate off,"['What does the man use to fill the plate with hash browns', 'handing the plate off']",What does the man use to fill the plate with hash browns,deterministic single-connective split
5fZiPPIcSzM_1037_1044,1,Who draws the bow before releasing the arrow?,The man,1,10:39,10:43,True,before,Who draws the bow,releasing the arrow,"['Who draws the bow', 'releasing the arrow']",Who draws the bow,deterministic single-connective split
5fZiPPIcSzM_1037_1044,2,What does the man draw before releasing the arrow?,The bow,2,10:39,10:43,True,before,What does the man draw,releasing the arrow,"['What does the man draw', 'releasing the arrow']",What does the man draw,deterministic single-connective split
5fZiPPIcSzM_1625_1637,1,Who gets out from under the tent before standing up?,The man wearing camouflage,1,16:29,16:33,True,before,Who gets out from under the tent,standing up,"['Who gets out from under the tent', 'standing up']",Who gets out from under the tent,deterministic single-connective split
5fZiPPIcSzM_1625_1637,2,From what does the man wearing camouflage get out before standing up?,The tent,2,16:29,16:33,True,before,From what does the man wearing camouflage get out,standing up,"['From what does the man wearing camouflage get out', 'standing up']",From what does the man wearing camouflage get out,deterministic single-connective split
dtqekTXwiKA_0000_0009,3,Who played with the basin after it took the basin away from the dining table?,The dog,1,0:03,0:06,True,after,Who played with the basin,it took the basin away from the dining table,"['it took the basin away from the dining table', 'Who played with the basin']",Who played with the basin,deterministic single-connective split
dtqekTXwiKA_0000_0009,4,What did the dog play with after it took it away from the dining table?,The basin,2,0:03,0:06,True,after,What did the dog play with,it took it away from the dining table,"['it took it away from the dining table', 'What did the dog play with']",What did the dog play with,deterministic single-connective split
dtqekTXwiKA_0429_0441,1,Who touched and kissed the dog after pulling back the covers?,The girl,1,4:37,4:41,True,after,Who touched and kissed the dog,pulling back the covers,"['pulling back the covers', 'Who touched and kissed the dog']",Who touched and kissed the dog,deterministic single-connective split
dtqekTXwiKA_0429_0441,2,Who did the girl touch and kiss after she pulled back the covers?,The dog,2,4:37,4:41,True,after,Who did the girl touch and kiss,she pulled back the covers,"['she pulled back the covers', 'Who did the girl touch and kiss']",Who did the girl touch and kiss,deterministic single-connective split
dtqekTXwiKA_0601_0614,1,Who screamed at the pure white dog after it bumped into them several times?,The dog with brown spot,2,6:09,6:12,True,after,Who screamed at the pure white dog,it bumped into them several times,"['it bumped into them several times', 'Who screamed at the pure white dog']",Who screamed at the pure white dog,deterministic single-connective split
dtqekTXwiKA_0601_0614,2,Who was screamed at by the dog with brown spot after they bumped into it several times?,The pure white dog,1,6:09,6:12,True,after,Who was screamed at by the dog with brown spot,they bumped into it several times,"['they bumped into it several times', 'Who was screamed at by the dog with brown spot']",Who was screamed at by the dog with brown spot,deterministic single-connective split
dtqekTXwiKA_0601_0614,8,Who jumped on the sofa after running around the round coffee table?,The pure white dog,1,6:05,6:08,True,after,Who jumped on the sofa,running around the round coffee table,"['running around the round coffee table', 'Who jumped on the sofa']",Who jumped on the sofa,deterministic single-connective split
dtqekTXwiKA_0601_0614,9,What did the pure white dog jump on after running around the round coffee table?,The sofa,2,6:05,6:08,True,after,What did the pure white dog jump on,running around the round coffee table,"['running around the round coffee table', 'What did the pure white dog jump on']",What did the pure white dog jump on,deterministic single-connective split
dtqekTXwiKA_0601_0614,12,Who ran around the round coffee table after the dog with brown spots screamed at it?,The pure white dog,1,6:10,6:14,True,after,Who ran around the round coffee table,the dog with brown spots screamed at it,"['the dog with brown spots screamed at it', 'Who ran around the round coffee table']",Who ran around the round coffee table,deterministic single-connective split
dtqekTXwiKA_0601_0614,13,Who screamed at the pure white dog before it ran around the round coffee table?,The dog with brown spots,2,6:10,6:14,True,before,Who screamed at the pure white dog,it ran around the round coffee table,"['Who screamed at the pure white dog', 'it ran around the round coffee table']",Who screamed at the pure white dog,deterministic single-connective split
dtqekTXwiKA_0744_0753,3,Who gave money to the woman after getting the money?,The dog,2,7:44,7:48,True,after,Who gave money to the woman,getting the money,"['getting the money', 'Who gave money to the woman']",Who gave money to the woman,deterministic single-connective split
dtqekTXwiKA_0744_0753,4,Who did the dog give money to after getting the money?,The woman,3,7:44,7:48,True,after,Who did the dog give money to,getting the money,"['getting the money', 'Who did the dog give money to']",Who did the dog give money to,deterministic single-connective split
cfn6k5N--Bk_0309_0320,3,Who played with the sea lion by touching its fins with her feet after she kissed it?,The woman,1,3:15,3:20,True,after,Who played with the sea lion by touching its fins with her feet,she kissed it,"['she kissed it', 'Who played with the sea lion by touching its fins with her feet']",Who played with the sea lion by touching its fins with her feet,deterministic single-connective split
cfn6k5N--Bk_0309_0320,4,What did the woman play with by touching its fins with her feet after she kissed it?,The sea lion,2,3:15,3:20,True,after,What did the woman play with by touching its fins with her feet,she kissed it,"['she kissed it', 'What did the woman play with by touching its fins with her feet']",What did the woman play with by touching its fins with her feet,deterministic single-connective split
cfn6k5N--Bk_0618_0623,1,Who feels a little bit gross for the giraffe after the giraffe kisses her?,The woman,1,6:20,6:23,True,after,Who feels a little bit gross for the giraffe,the giraffe kisses her,"['the giraffe kisses her', 'Who feels a little bit gross for the giraffe']",Who feels a little bit gross for the giraffe,deterministic single-connective split
cfn6k5N--Bk_0618_0623,2,Who does the woman feel a little bit gross for after it kisses her?,The giraffe,2,6:20,6:23,True,after,Who does the woman feel a little bit gross for,it kisses her,"['it kisses her', 'Who does the woman feel a little bit gross for']",Who does the woman feel a little bit gross for,deterministic single-connective split
cfn6k5N--Bk_0709_0722,1,Who walked up to the chicken after the girl kissed the chicken?,The boy,1,7:18,7:22,True,after,Who walked up to the chicken,the girl kissed the chicken,"['the girl kissed the chicken', 'Who walked up to the chicken']",Who walked up to the chicken,deterministic single-connective split
cfn6k5N--Bk_1715_1725,4,Who kicked the ball out?,The woman,1,17:22,17:25,False,,,,[],,requires exactly one supported explicit temporal connective
cfn6k5N--Bk_1715_1725,5,What did the woman kick out?,The ball,2,17:22,17:25,False,,,,[],,requires exactly one supported explicit temporal connective
cfn6k5N--Bk_1715_1725,6,Who kicked the ball back after the woman kicked it out?,The elephant,3,17:22,17:25,True,after,Who kicked the ball back,the woman kicked it out,"['the woman kicked it out', 'Who kicked the ball back']",Who kicked the ball back,deterministic single-connective split
Cv7cVW4w6hc_0000_0012,1,Who turns on the electric fan after laying out the mat?,The dog in black and white,1,0:07,0:12,True,after,Who turns on the electric fan,laying out the mat,"['laying out the mat', 'Who turns on the electric fan']",Who turns on the electric fan,deterministic single-connective split
Cv7cVW4w6hc_0000_0012,2,What does the dog in black and white turn on after laying out the mat?,The electric fan,2,0:07,0:12,True,after,What does the dog in black and white turn on,laying out the mat,"['laying out the mat', 'What does the dog in black and white turn on']",What does the dog in black and white turn on,deterministic single-connective split
Cv7cVW4w6hc_0000_0012,3,What does the dog in black and white lay out before turning on the electric fan?,The mat,3,0:07,0:12,True,before,What does the dog in black and white lay out,turning on the electric fan,"['What does the dog in black and white lay out', 'turning on the electric fan']",What does the dog in black and white lay out,deterministic single-connective split
Cv7cVW4w6hc_0000_0012,7,Who lays out the mat before turning on the electric fan?,The dog in black and white,1,0:00,0:07,True,before,Who lays out the mat,turning on the electric fan,"['Who lays out the mat', 'turning on the electric fan']",Who lays out the mat,deterministic single-connective split
Cv7cVW4w6hc_0000_0012,8,What does the dog in black and white lay out before it turns on the electric fan?,The mat,3,0:00,0:07,True,before,What does the dog in black and white lay out,it turns on the electric fan,"['What does the dog in black and white lay out', 'it turns on the electric fan']",What does the dog in black and white lay out,deterministic single-connective split
Cv7cVW4w6hc_0000_0012,9,What does the dog in black and white turn on after laying out the mat?,The electric fan,2,0:00,0:07,True,after,What does the dog in black and white turn on,laying out the mat,"['laying out the mat', 'What does the dog in black and white turn on']",What does the dog in black and white turn on,deterministic single-connective split
Cv7cVW4w6hc_0115_0129,3,Who moved the electric fan after the man moved it?,The dog,1,1:20,1:29,True,after,Who moved the electric fan,the man moved it,"['the man moved it', 'Who moved the electric fan']",Who moved the electric fan,deterministic single-connective split
Cv7cVW4w6hc_0115_0129,4,What did the dog move after the man moved it?,The electric fan,2,1:20,1:29,True,after,What did the dog move,the man moved it,"['the man moved it', 'What did the dog move']",What did the dog move,deterministic single-connective split
Cv7cVW4w6hc_0242_0253,4,Who gave the sausage to the dog after the dog dropped the money?,The man,3,2:47,2:49,True,after,Who gave the sausage to the dog,the dog dropped the money,"['the dog dropped the money', 'Who gave the sausage to the dog']",Who gave the sausage to the dog,deterministic single-connective split
Cv7cVW4w6hc_0242_0253,5,What did the man give to the dog after the dog dropped the money?,The sausage,4,2:47,2:49,True,after,What did the man give to the dog,the dog dropped the money,"['the dog dropped the money', 'What did the man give to the dog']",What did the man give to the dog,deterministic single-connective split
Cv7cVW4w6hc_0242_0253,6,To whom did the man give the sausage after they dropped the money?,The dog,1,2:47,2:49,True,after,To whom did the man give the sausage,they dropped the money,"['they dropped the money', 'To whom did the man give the sausage']",To whom did the man give the sausage,deterministic single-connective split
Cv7cVW4w6hc_0242_0253,7,What did the dog drop before the man gave it the sausage?,The money,2,2:47,2:49,True,before,What did the dog drop,the man gave it the sausage,"['What did the dog drop', 'the man gave it the sausage']",What did the dog drop,deterministic single-connective split
Cv7cVW4w6hc_0242_0253,12,Who grabbed the sausage before leaving?,The dog,1,2:49,2:52,True,before,Who grabbed the sausage,leaving,"['Who grabbed the sausage', 'leaving']",Who grabbed the sausage,deterministic single-connective split
Cv7cVW4w6hc_0242_0253,13,What did the dog grab before leaving?,The sausage,4,2:49,2:52,True,before,What did the dog grab,leaving,"['What did the dog grab', 'leaving']",What did the dog grab,deterministic single-connective split
Cv7cVW4w6hc_0255_0309,1,Who takes a pink block from the pile of blocks before the person takes a pink block?,The dog,1,2:55,2:56,True,before,Who takes a pink block from the pile of blocks,the person takes a pink block,"['Who takes a pink block from the pile of blocks', 'the person takes a pink block']",Who takes a pink block from the pile of blocks,deterministic single-connective split
Cv7cVW4w6hc_0255_0309,2,What does the dog take from the pile of blocks before the person takes a pink block?,A pink block,2,2:55,2:56,True,before,What does the dog take from the pile of blocks,the person takes a pink block,"['What does the dog take from the pile of blocks', 'the person takes a pink block']",What does the dog take from the pile of blocks,deterministic single-connective split
Cv7cVW4w6hc_0255_0309,5,Who takes a red block from the pile after the person points at the pile of blocks?,The dog,1,3:04,3:07,True,after,Who takes a red block from the pile,the person points at the pile of blocks,"['the person points at the pile of blocks', 'Who takes a red block from the pile']",Who takes a red block from the pile,deterministic single-connective split
Cv7cVW4w6hc_0255_0309,6,What does the dog take from the pile after the person points at the pile of blocks?,A red block,3,3:04,3:07,True,after,What does the dog take from the pile,the person points at the pile of blocks,"['the person points at the pile of blocks', 'What does the dog take from the pile']",What does the dog take from the pile,deterministic single-connective split
Cv7cVW4w6hc_0310_0320,1,Who comforts the girl after walking towards her?,The dog,1,3:16,3:20,True,after,Who comforts the girl,walking towards her,"['walking towards her', 'Who comforts the girl']",Who comforts the girl,deterministic single-connective split
Cv7cVW4w6hc_0310_0320,2,Who does the dog comfort after it walks towards her?,The girl,2,3:16,3:20,True,after,Who does the dog comfort,it walks towards her,"['it walks towards her', 'Who does the dog comfort']",Who does the dog comfort,deterministic single-connective split
Cv7cVW4w6hc_0423_0434,1,Who bites the toy after the man plays it?,The dog,1,4:24,4:27,True,after,Who bites the toy,the man plays it,"['the man plays it', 'Who bites the toy']",Who bites the toy,deterministic single-connective split
Cv7cVW4w6hc_0423_0434,2,What does the dog bite after the man plays it?,The toy,2,4:24,4:27,True,after,What does the dog bite,the man plays it,"['the man plays it', 'What does the dog bite']",What does the dog bite,deterministic single-connective split
Cv7cVW4w6hc_0423_0434,5,Who twirls the toy after it bites it?,The dog,1,4:27,4:34,True,after,Who twirls the toy,it bites it,"['it bites it', 'Who twirls the toy']",Who twirls the toy,deterministic single-connective split
Cv7cVW4w6hc_0423_0434,6,What does the dog twirl after it bites it?,The toy,2,4:27,4:34,True,after,What does the dog twirl,it bites it,"['it bites it', 'What does the dog twirl']",What does the dog twirl,deterministic single-connective split
Cv7cVW4w6hc_0435_0449,1,Who uses a fascia gun to massage himself after he massages the white dog?,The man,1,4:38,4:45,True,after,Who uses a fascia gun to massage himself,he massages the white dog,"['he massages the white dog', 'Who uses a fascia gun to massage himself']",Who uses a fascia gun to massage himself,deterministic single-connective split
Cv7cVW4w6hc_0435_0449,2,What does the man use to massage himself after he massages the white dog?,The fascia gun,2,4:38,4:45,True,after,What does the man use to massage himself,he massages the white dog,"['he massages the white dog', 'What does the man use to massage himself']",What does the man use to massage himself,deterministic single-connective split
Cv7cVW4w6hc_0435_0449,3,Who does the man massage before he uses the fascia gun to massage himself?,The white dog,3,4:38,4:45,True,before,Who does the man massage,he uses the fascia gun to massage himself,"['Who does the man massage', 'he uses the fascia gun to massage himself']",Who does the man massage,deterministic single-connective split
Cv7cVW4w6hc_0435_0449,10,Who used a fascia gun to massage the dog after it waved at him?,The man,1,4:46,4:49,True,after,Who used a fascia gun to massage the dog,it waved at him,"['it waved at him', 'Who used a fascia gun to massage the dog']",Who used a fascia gun to massage the dog,deterministic single-connective split
Cv7cVW4w6hc_0435_0449,11,What did the man use to massage the dog after it waved at him?,A fascia gun,2,4:46,4:49,True,after,What did the man use to massage the dog,it waved at him,"['it waved at him', 'What did the man use to massage the dog']",What did the man use to massage the dog,deterministic single-connective split
Cv7cVW4w6hc_0435_0449,12,Who waved at the man before he used the fascia gun?,The white dog,3,4:46,4:49,True,before,Who waved at the man,he used the fascia gun,"['Who waved at the man', 'he used the fascia gun']",Who waved at the man,deterministic single-connective split
Cv7cVW4w6hc_0519_0525,1,Who feels the breath of the man after performing CPR?,The dog,1,5:21,5:24,True,after,Who feels the breath of the man,performing CPR,"['performing CPR', 'Who feels the breath of the man']",Who feels the breath of the man,deterministic single-connective split
Cv7cVW4w6hc_0519_0525,2,Whose breath does the dog feel after it performs CPR?,The man,2,5:21,5:24,True,after,Whose breath does the dog feel,it performs CPR,"['it performs CPR', 'Whose breath does the dog feel']",Whose breath does the dog feel,deterministic single-connective split
Cv7cVW4w6hc_0532_0547,5,Who handed the beer to the man after getting it from the refrigerator?,The dog,1,5:36,5:38,True,after,Who handed the beer to the man,getting it from the refrigerator,"['getting it from the refrigerator', 'Who handed the beer to the man']",Who handed the beer to the man,deterministic single-connective split
Cv7cVW4w6hc_0532_0547,6,From where did the dog get the beer before handing it to the man?,The refrigerator,2,5:36,5:38,True,before,From where did the dog get the beer,handing it to the man,"['From where did the dog get the beer', 'handing it to the man']",From where did the dog get the beer,deterministic single-connective split
Cv7cVW4w6hc_0532_0547,7,What did the dog hand to the man after getting it from the refrigerator?,The beer,3,5:36,5:38,True,after,What did the dog hand to the man,getting it from the refrigerator,"['getting it from the refrigerator', 'What did the dog hand to the man']",What did the dog hand to the man,deterministic single-connective split
Cv7cVW4w6hc_0532_0547,8,Who received the beer from the dog after it was gotten from the refrigerator?,The man,4,5:36,5:38,True,after,Who received the beer from the dog,it was gotten from the refrigerator,"['it was gotten from the refrigerator', 'Who received the beer from the dog']",Who received the beer from the dog,deterministic single-connective split
Cv7cVW4w6hc_0549_0555,1,Who jumped up and caught the ball after the man kicked it up?,The dog,1,5:50,5:52,True,after,Who jumped up and caught the ball,the man kicked it up,"['the man kicked it up', 'Who jumped up and caught the ball']",Who jumped up and caught the ball,deterministic single-connective split
Cv7cVW4w6hc_0549_0555,2,What did the dog jump up and catch after the man kicked it up?,The ball,2,5:50,5:52,True,after,What did the dog jump up and catch,the man kicked it up,"['the man kicked it up', 'What did the dog jump up and catch']",What did the dog jump up and catch,deterministic single-connective split
Cv7cVW4w6hc_0648_0700,1,Who took a bag of snacks after opening the cupboard door?,The dog,1,6:58,6:59,True,after,Who took a bag of snacks,opening the cupboard door,"['opening the cupboard door', 'Who took a bag of snacks']",Who took a bag of snacks,deterministic single-connective split
Cv7cVW4w6hc_0648_0700,2,What did the dog take after opening the cupboard door?,A bag of snacks,2,6:58,6:59,True,after,What did the dog take,opening the cupboard door,"['opening the cupboard door', 'What did the dog take']",What did the dog take,deterministic single-connective split
Cv7cVW4w6hc_0701_0711,1,Who placed the ball on the shelf after the man pointed to the shelf?,The dog,1,7:02,7:06,True,after,Who placed the ball on the shelf,the man pointed to the shelf,"['the man pointed to the shelf', 'Who placed the ball on the shelf']",Who placed the ball on the shelf,deterministic single-connective split
Cv7cVW4w6hc_0701_0711,2,What did the dog place on the shelf after the man pointed to the shelf?,The ball,2,7:02,7:06,True,after,What did the dog place on the shelf,the man pointed to the shelf,"['the man pointed to the shelf', 'What did the dog place on the shelf']",What did the dog place on the shelf,deterministic single-connective split
Cv7cVW4w6hc_0701_0711,5,Who rang the bell after the man pointed to it?,The dog,1,7:09,7:10,True,after,Who rang the bell,the man pointed to it,"['the man pointed to it', 'Who rang the bell']",Who rang the bell,deterministic single-connective split
Cv7cVW4w6hc_0701_0711,6,What does the dog ring after the man points to it?,The bell,3,7:09,7:10,True,after,What does the dog ring,the man points to it,"['the man points to it', 'What does the dog ring']",What does the dog ring,deterministic single-connective split
elh7QShaoyQ_0030_0042,4,Who kicked the ball off?,The man,1,0:39,0:40,False,,,,[],,requires exactly one supported explicit temporal connective
elh7QShaoyQ_0030_0042,5,What did the man kick off?,The ball,2,0:39,0:40,False,,,,[],,requires exactly one supported explicit temporal connective
elh7QShaoyQ_0030_0042,6,Who bit the ball after the man kicked it off?,The dog,3,0:39,0:40,True,after,Who bit the ball,the man kicked it off,"['the man kicked it off', 'Who bit the ball']",Who bit the ball,deterministic single-connective split
elh7QShaoyQ_0116_0125,1,Who kissed the dog after picking it up from the ground?,The man,1,1:20,1:22,True,after,Who kissed the dog,picking it up from the ground,"['picking it up from the ground', 'Who kissed the dog']",Who kissed the dog,deterministic single-connective split
elh7QShaoyQ_0116_0125,2,What does the man kiss after picking it up from the ground?,The dog,2,1:20,1:22,True,after,What does the man kiss,picking it up from the ground,"['picking it up from the ground', 'What does the man kiss']",What does the man kiss,deterministic single-connective split
elh7QShaoyQ_0426_0441,4,Who carried the dog into the cart after the cart was towed over?,The man in yellow,3,4:33,4:41,True,after,Who carried the dog into the cart,the cart was towed over,"['the cart was towed over', 'Who carried the dog into the cart']",Who carried the dog into the cart,deterministic single-connective split
elh7QShaoyQ_0426_0441,5,What did the man in yellow carry into the cart after the cart was towed over?,The dog,4,4:33,4:41,True,after,What did the man in yellow carry into the cart,the cart was towed over,"['the cart was towed over', 'What did the man in yellow carry into the cart']",What did the man in yellow carry into the cart,deterministic single-connective split
elh7QShaoyQ_0426_0441,8,What was towed over before the man in yellow carried the dog into it?,The cart,2,4:33,4:41,True,before,What was towed over,the man in yellow carried the dog into it,"['What was towed over', 'the man in yellow carried the dog into it']",What was towed over,deterministic single-connective split
elh7QShaoyQ_0426_0441,9,Who towed the cart over before the man in yellow carried the dog into it?,The man in black,1,4:33,4:41,True,before,Who towed the cart over,the man in yellow carried the dog into it,"['Who towed the cart over', 'the man in yellow carried the dog into it']",Who towed the cart over,deterministic single-connective split
elh7QShaoyQ_0442_0447,4,Who kicked the ball away?,The man,1,4:44,4:47,False,,,,[],,requires exactly one supported explicit temporal connective
elh7QShaoyQ_0442_0447,5,What did the man kick away?,The ball,2,4:44,4:47,False,,,,[],,requires exactly one supported explicit temporal connective
elh7QShaoyQ_0442_0447,6,Who retrieved the ball after the man kicked it away?,The dog,3,4:44,4:47,True,after,Who retrieved the ball,the man kicked it away,"['the man kicked it away', 'Who retrieved the ball']",Who retrieved the ball,deterministic single-connective split
elh7QShaoyQ_0448_0457,1,Who kicked the ball away to make the dog pick it back?,The man,1,4:48,4:49,False,,,,[],,requires exactly one supported explicit temporal connective
elh7QShaoyQ_0448_0457,2,What did the man kick away to make the dog pick it back?,The ball,2,4:48,4:49,False,,,,[],,requires exactly one supported explicit temporal connective
elh7QShaoyQ_0448_0457,3,Who does the man make pick the ball back by kicking it away?,The dog,3,4:48,4:49,False,,,,[],,requires exactly one supported explicit temporal connective
elh7QShaoyQ_0448_0457,7,Who kicked the ball out the second time?,The man,1,4:55,4:57,False,,,,[],,requires exactly one supported explicit temporal connective
elh7QShaoyQ_0448_0457,8,What did the man kick out the second time?,The ball,2,4:55,4:57,False,,,,[],,requires exactly one supported explicit temporal connective
elh7QShaoyQ_0448_0457,9,Who catched the ball after the man kicked the ball out the second time?,The dog,3,4:55,4:57,True,after,Who catched the ball,the man kicked the ball out the second time,"['the man kicked the ball out the second time', 'Who catched the ball']",Who catched the ball,deterministic single-connective split
elh7QShaoyQ_0647_0701,1,Who tucks the dog in after it crawls onto the bed?,The man,1,6:56,7:01,True,after,Who tucks the dog in,it crawls onto the bed,"['it crawls onto the bed', 'Who tucks the dog in']",Who tucks the dog in,deterministic single-connective split
elh7QShaoyQ_0647_0701,2,Who gets tucked in by the man after crawling onto the bed?,The dog,2,6:56,7:01,True,after,Who gets tucked in by the man,crawling onto the bed,"['crawling onto the bed', 'Who gets tucked in by the man']",Who gets tucked in by the man,deterministic single-connective split
elh7QShaoyQ_0848_0858,4,Who jumped up to head the ball after the man performs a head ball?,The dog,1,8:53,8:55,True,after,Who jumped up to head the ball,the man performs a head ball,"['the man performs a head ball', 'Who jumped up to head the ball']",Who jumped up to head the ball,deterministic single-connective split
elh7QShaoyQ_0848_0858,5,What does the dog head after the man performs a head ball?,The ball,2,8:53,8:55,True,after,What does the dog head,the man performs a head ball,"['the man performs a head ball', 'What does the dog head']",What does the dog head,deterministic single-connective split
elh7QShaoyQ_0848_0858,6,Who performs a head ball before the dog jumps up to head the ball?,The man,3,8:53,8:55,True,before,Who performs a head ball,the dog jumps up to head the ball,"['Who performs a head ball', 'the dog jumps up to head the ball']",Who performs a head ball,deterministic single-connective split
elh7QShaoyQ_0923_0934,1,Who hugs the dog after petting it?,The man,1,9:30,9:34,True,after,Who hugs the dog,petting it,"['petting it', 'Who hugs the dog']",Who hugs the dog,deterministic single-connective split
elh7QShaoyQ_0923_0934,2,What does the man hug after petting it?,The dog,2,9:30,9:34,True,after,What does the man hug,petting it,"['petting it', 'What does the man hug']",What does the man hug,deterministic single-connective split
elh7QShaoyQ_0951_1005,3,Who tries to dance with the man after finishing chasing?,The dog,2,10:01,10:05,True,after,Who tries to dance with the man,finishing chasing,"['finishing chasing', 'Who tries to dance with the man']",Who tries to dance with the man,deterministic single-connective split
elh7QShaoyQ_0951_1005,4,With whom does the dog try to dance after finishing chasing?,The man,1,10:01,10:05,True,after,With whom does the dog try to dance,finishing chasing,"['finishing chasing', 'With whom does the dog try to dance']",With whom does the dog try to dance,deterministic single-connective split
AinuYSSEpbM_0106_0117,5,Who took some pictures before the man kissed the dog?,The woman,1,1:14,1:17,True,before,Who took some pictures,the man kissed the dog,"['Who took some pictures', 'the man kissed the dog']",Who took some pictures,deterministic single-connective split
AinuYSSEpbM_0106_0117,6,What was used by the woman to take some pictures before the man kissed the dog?,The phone,2,1:14,1:17,True,before,What was used by the woman to take some pictures,the man kissed the dog,"['What was used by the woman to take some pictures', 'the man kissed the dog']",What was used by the woman to take some pictures,deterministic single-connective split
AinuYSSEpbM_0106_0117,7,Who kissed the dog after the woman took some pictures?,The man,3,1:14,1:17,True,after,Who kissed the dog,the woman took some pictures,"['the woman took some pictures', 'Who kissed the dog']",Who kissed the dog,deterministic single-connective split
AinuYSSEpbM_0106_0117,8,Who was kissed by the man after the woman took some pictures?,The dog,4,1:14,1:17,True,after,Who was kissed by the man,the woman took some pictures,"['the woman took some pictures', 'Who was kissed by the man']",Who was kissed by the man,deterministic single-connective split
AinuYSSEpbM_0132_0138,1,Who eats food from the bowl after a man kissed it?,The dog,1,1:36,1:38,True,after,Who eats food from the bowl,a man kissed it,"['a man kissed it', 'Who eats food from the bowl']",Who eats food from the bowl,deterministic single-connective split
AinuYSSEpbM_0132_0138,2,From what does the dog eat food after a man kissed it?,The bowl,2,1:36,1:38,True,after,From what does the dog eat food,a man kissed it,"['a man kissed it', 'From what does the dog eat food']",From what does the dog eat food,deterministic single-connective split
AinuYSSEpbM_0404_0419,4,Who pretends to add a bottle of seasoning before the dog eats from the plate?,The man,1,4:17,4:19,True,before,Who pretends to add a bottle of seasoning,the dog eats from the plate,"['Who pretends to add a bottle of seasoning', 'the dog eats from the plate']",Who pretends to add a bottle of seasoning,deterministic single-connective split
AinuYSSEpbM_0404_0419,5,What does the man pretend to add before the dog eats from the plate?,A bottle of seasoning,2,4:17,4:19,True,before,What does the man pretend to add,the dog eats from the plate,"['What does the man pretend to add', 'the dog eats from the plate']",What does the man pretend to add,deterministic single-connective split
AinuYSSEpbM_0404_0419,6,Who eats from the plate after the man pretends to add a bottle of seasoning?,The dog,3,4:17,4:19,True,after,Who eats from the plate,the man pretends to add a bottle of seasoning,"['the man pretends to add a bottle of seasoning', 'Who eats from the plate']",Who eats from the plate,deterministic single-connective split
AinuYSSEpbM_0404_0419,7,What does the dog eat from after the man pretends to add a bottle of seasoning?,The plate,4,4:17,4:19,True,after,What does the dog eat from,the man pretends to add a bottle of seasoning,"['the man pretends to add a bottle of seasoning', 'What does the dog eat from']",What does the dog eat from,deterministic single-connective split
M9aEE5M9pM8_1518_1530,1,Who takes the flower before putting it back on the table?,The woman,1,15:19,15:28,True,before,Who takes the flower,putting it back on the table,"['Who takes the flower', 'putting it back on the table']",Who takes the flower,deterministic single-connective split
M9aEE5M9pM8_1518_1530,2,What does the woman take before putting it back on the table?,The flower,2,15:19,15:28,True,before,What does the woman take,putting it back on the table,"['What does the woman take', 'putting it back on the table']",What does the woman take,deterministic single-connective split
zc5ip--8viU_0047_0058,1,Who looks at her phone after she eats snacks?,The little girl,1,0:53,0:58,True,after,Who looks at her phone,she eats snacks,"['she eats snacks', 'Who looks at her phone']",Who looks at her phone,deterministic single-connective split
zc5ip--8viU_0047_0058,2,What does the little girl look at after she eats snacks?,The phone,2,0:53,0:58,True,after,What does the little girl look at,she eats snacks,"['she eats snacks', 'What does the little girl look at']",What does the little girl look at,deterministic single-connective split
zc5ip--8viU_0140_0145,1,Who faced her mom after her phone was confiscated?,The little girl,1,1:41,1:45,True,after,Who faced her mom,her phone was confiscated,"['her phone was confiscated', 'Who faced her mom']",Who faced her mom,deterministic single-connective split
zc5ip--8viU_0140_0145,2,Who did the little girl face after her phone was confiscated?,Her mom,2,1:41,1:45,True,after,Who did the little girl face,her phone was confiscated,"['her phone was confiscated', 'Who did the little girl face']",Who did the little girl face,deterministic single-connective split
KahSso_vgW8_0758_0813,3,Who holds a doll after she takes it from a car?,The little girl in a hat,1,8:08,8:13,True,after,Who holds a doll,she takes it from a car,"['she takes it from a car', 'Who holds a doll']",Who holds a doll,deterministic single-connective split
KahSso_vgW8_0758_0813,4,What does the little girl in a hat hold after she takes it from a car?,A doll,2,8:08,8:13,True,after,What does the little girl in a hat hold,she takes it from a car,"['she takes it from a car', 'What does the little girl in a hat hold']",What does the little girl in a hat hold,deterministic single-connective split
Gb4NQ2_Na3Q_0217_0232,3,Who gets the prize after he blows the ball into the plate?,The boy in green,1,2:17,2:32,True,after,Who gets the prize,he blows the ball into the plate,"['he blows the ball into the plate', 'Who gets the prize']",Who gets the prize,deterministic single-connective split
Gb4NQ2_Na3Q_0217_0232,4,What does the boy in green blow into the plate before getting the prize?,The ball,2,2:17,2:32,True,before,What does the boy in green blow into the plate,getting the prize,"['What does the boy in green blow into the plate', 'getting the prize']",What does the boy in green blow into the plate,deterministic single-connective split
Gb4NQ2_Na3Q_0217_0232,5,What does the boy in green get after he blows the ball into the plate?,The prize,3,2:17,2:32,True,after,What does the boy in green get,he blows the ball into the plate,"['he blows the ball into the plate', 'What does the boy in green get']",What does the boy in green get,deterministic single-connective split
vyFJ1yVMWu0_0248_0259,5,Who poured the ball into the bucket after putting it in the bottle?,The child,1,2:48,2:59,True,after,Who poured the ball into the bucket,putting it in the bottle,"['putting it in the bottle', 'Who poured the ball into the bucket']",Who poured the ball into the bucket,deterministic single-connective split
vyFJ1yVMWu0_0248_0259,6,What did the child put the ball in before pouring it into the bucket?,The bottle,2,2:48,2:59,True,before,What did the child put the ball in,pouring it into the bucket,"['What did the child put the ball in', 'pouring it into the bucket']",What did the child put the ball in,deterministic single-connective split
vyFJ1yVMWu0_0248_0259,7,Into what did the child pour the ball after putting it in the bottle?,The bucket,3,2:48,2:59,True,after,Into what did the child pour the ball,putting it in the bottle,"['putting it in the bottle', 'Into what did the child pour the ball']",Into what did the child pour the ball,deterministic single-connective split
jzk-pbi21oo_0022_0037,3,Who cries while holding a penguin after it jumped to her?,A woman,2,0:22,0:37,True,after,Who cries while holding a penguin,it jumped to her,"['it jumped to her', 'Who cries while holding a penguin']",Who cries while holding a penguin,deterministic single-connective split
jzk-pbi21oo_0022_0037,4,What does the woman hold while crying after it jumped to her?,A penguin,1,0:22,0:37,True,after,What does the woman hold while crying,it jumped to her,"['it jumped to her', 'What does the woman hold while crying']",What does the woman hold while crying,deterministic single-connective split
jzk-pbi21oo_0547_0558,3,Who stands up straight and hug the man after the man bends down?,The cat,3,5:51,5:55,True,after,Who stands up straight and hug the man,the man bends down,"['the man bends down', 'Who stands up straight and hug the man']",Who stands up straight and hug the man,deterministic single-connective split
jzk-pbi21oo_0547_0558,4,Who does the cat stand up straight and hug after he bends down?,The man in the black T-shirt,1,5:51,5:55,True,after,Who does the cat stand up straight and hug,he bends down,"['he bends down', 'Who does the cat stand up straight and hug']",Who does the cat stand up straight and hug,deterministic single-connective split
jzk-pbi21oo_0634_0646,3,Who kissed the woman after she pointed her?,The seal,2,6:42,6:46,True,after,Who kissed the woman,she pointed her,"['she pointed her', 'Who kissed the woman']",Who kissed the woman,deterministic single-connective split
jzk-pbi21oo_0634_0646,4,Who did the seal kiss after she pointed her?,The woman,1,6:42,6:46,True,after,Who did the seal kiss,she pointed her,"['she pointed her', 'Who did the seal kiss']",Who did the seal kiss,deterministic single-connective split
1JctiOvzqg0_0312_0322,3,Who starts crawling up the man after he pats her?,The kitten,4,3:12,3:22,True,after,Who starts crawling up the man,he pats her,"['he pats her', 'Who starts crawling up the man']",Who starts crawling up the man,deterministic single-connective split
1JctiOvzqg0_0312_0322,4,Who does the kitten start crawling up after he pats her?,The man,1,3:12,3:22,True,after,Who does the kitten start crawling up,he pats her,"['he pats her', 'Who does the kitten start crawling up']",Who does the kitten start crawling up,deterministic single-connective split
1JctiOvzqg0_0312_0322,7,Who petted the kitten after it climbed on him?,The man,1,3:18,3:22,True,after,Who petted the kitten,it climbed on him,"['it climbed on him', 'Who petted the kitten']",Who petted the kitten,deterministic single-connective split
1JctiOvzqg0_0312_0322,8,What did the man pet after it climbed on him?,The kitten,5,3:18,3:22,True,after,What did the man pet,it climbed on him,"['it climbed on him', 'What did the man pet']",What did the man pet,deterministic single-connective split
1JctiOvzqg0_0456_0509,2,Who did the kitten climb after the man opened his hands?,The man,1,4:58,5:09,True,after,Who did the kitten climb,the man opened his hands,"['the man opened his hands', 'Who did the kitten climb']",Who did the kitten climb,deterministic single-connective split
1JctiOvzqg0_0456_0509,3,Who climbed the man after he opened his hands?,The kitten,2,4:58,5:09,True,after,Who climbed the man,he opened his hands,"['he opened his hands', 'Who climbed the man']",Who climbed the man,deterministic single-connective split
1JctiOvzqg0_0519_0534,7,Who pets the man before he opens his eyes?,The kitten,3,5:19,5:34,True,before,Who pets the man,he opens his eyes,"['Who pets the man', 'he opens his eyes']",Who pets the man,deterministic single-connective split
K4y0Kj7MSAI_0041_0050,4,Who helps the dog up?,The man,1,0:41,0:50,False,,,,[],,requires exactly one supported explicit temporal connective
K4y0Kj7MSAI_0041_0050,5,Who does the man help up before the bottle is knocked over?,The dog,3,0:41,0:50,True,before,Who does the man help up,the bottle is knocked over,"['Who does the man help up', 'the bottle is knocked over']",Who does the man help up,deterministic single-connective split
K4y0Kj7MSAI_0041_0050,6,What does the dog knock over after the man helps it up?,The bottle,4,0:41,0:50,True,after,What does the dog knock over,the man helps it up,"['the man helps it up', 'What does the dog knock over']",What does the dog knock over,deterministic single-connective split
K4y0Kj7MSAI_0053_0103,3,Who does the puppy kiss after she kisses him?,The woman in blue,1,0:53,1:03,True,after,Who does the puppy kiss,she kisses him,"['she kisses him', 'Who does the puppy kiss']",Who does the puppy kiss,deterministic single-connective split
K4y0Kj7MSAI_0053_0103,4,Who kisses the woman in blue after she kisses him?,The puppy,2,0:53,1:03,True,after,Who kisses the woman in blue,she kisses him,"['she kisses him', 'Who kisses the woman in blue']",Who kisses the woman in blue,deterministic single-connective split
K4y0Kj7MSAI_0104_0111,3,Who jumps forward on the ice after the woman jumps?,The dog,2,1:05,1:11,True,after,Who jumps forward on the ice,the woman jumps,"['the woman jumps', 'Who jumps forward on the ice']",Who jumps forward on the ice,deterministic single-connective split
K4y0Kj7MSAI_0104_0111,4,What does the dog move forward on after the woman jumps?,The ice,3,1:05,1:11,True,after,What does the dog move forward on,the woman jumps,"['the woman jumps', 'What does the dog move forward on']",What does the dog move forward on,deterministic single-connective split
K4y0Kj7MSAI_0104_0111,5,Who jumps before the dog moves forward on the ice?,The woman,1,1:05,1:11,True,before,Who jumps,the dog moves forward on the ice,"['Who jumps', 'the dog moves forward on the ice']",Who jumps,deterministic single-connective split
K4y0Kj7MSAI_0252_0302,14,Who opened the door after she moves the dog aside?,The woman,1,2:55,3:02,True,after,Who opened the door,she moves the dog aside,"['she moves the dog aside', 'Who opened the door']",Who opened the door,deterministic single-connective split
K4y0Kj7MSAI_0252_0302,15,What does the woman open after she moves the dog aside?,The door,2,2:55,3:02,True,after,What does the woman open,she moves the dog aside,"['she moves the dog aside', 'What does the woman open']",What does the woman open,deterministic single-connective split
K4y0Kj7MSAI_0357_0411,3,Who hugged the dog tightly after the dog jumped into his arms?,The man,2,3:59,4:05,True,after,Who hugged the dog tightly,the dog jumped into his arms,"['the dog jumped into his arms', 'Who hugged the dog tightly']",Who hugged the dog tightly,deterministic single-connective split
K4y0Kj7MSAI_0357_0411,4,What did the man hug tightly after it jumped into his arms?,The dog,1,3:59,4:05,True,after,What did the man hug tightly,it jumped into his arms,"['it jumped into his arms', 'What did the man hug tightly']",What did the man hug tightly,deterministic single-connective split
K4y0Kj7MSAI_0513_0525,5,Who sat on the ground and hugged the puppy after seeing the puppy?,The woman,3,5:13,5:16,True,after,Who sat on the ground and hugged the puppy,seeing the puppy,"['seeing the puppy', 'Who sat on the ground and hugged the puppy']",Who sat on the ground and hugged the puppy,deterministic single-connective split
K4y0Kj7MSAI_0513_0525,6,What does the woman sit on and hug after seeing the puppy?,The ground,2,5:13,5:16,True,after,What does the woman sit on and hug,seeing the puppy,"['seeing the puppy', 'What does the woman sit on and hug']",What does the woman sit on and hug,deterministic single-connective split
K4y0Kj7MSAI_0513_0525,7,What does the woman hug after seeing it?,The puppy,4,5:13,5:16,True,after,What does the woman hug,seeing it,"['seeing it', 'What does the woman hug']",What does the woman hug,deterministic single-connective split
K4y0Kj7MSAI_0625_0638,11,Who smiled happily after brushing his puppy's fur?,The man wearing glasses,3,6:25,6:27,True,after,Who smiled happily,brushing his puppy's fur,"[""brushing his puppy's fur"", 'Who smiled happily']",Who smiled happily,deterministic single-connective split
K4y0Kj7MSAI_0625_0638,12,What does the man wearing glasses brush before he smiled happily?,The puppy,1,6:25,6:27,True,before,What does the man wearing glasses brush,he smiled happily,"['What does the man wearing glasses brush', 'he smiled happily']",What does the man wearing glasses brush,deterministic single-connective split
K4y0Kj7MSAI_0726_0735,1,Who stuck out his tongue and licked the woman after something fell out of her mouth?,The black dog,1,7:26,7:29,True,after,Who stuck out his tongue and licked the woman,something fell out of her mouth,"['something fell out of her mouth', 'Who stuck out his tongue and licked the woman']",Who stuck out his tongue and licked the woman,deterministic single-connective split
K4y0Kj7MSAI_0726_0735,2,Who did the black dog stick out his tongue and lick after something fell out of her mouth?,The woman,2,7:26,7:29,True,after,Who did the black dog stick out his tongue and lick,something fell out of her mouth,"['something fell out of her mouth', 'Who did the black dog stick out his tongue and lick']",Who did the black dog stick out his tongue and lick,deterministic single-connective split
K4y0Kj7MSAI_0740_0750,3,Who took the bread out of the bag before the dog caught it?,The woman,1,7:40,7:44,True,before,Who took the bread out of the bag,the dog caught it,"['Who took the bread out of the bag', 'the dog caught it']",Who took the bread out of the bag,deterministic single-connective split
K4y0Kj7MSAI_0740_0750,4,What did the woman take out of the bag before the dog caught it?,a peace of bread,2,7:40,7:44,True,before,What did the woman take out of the bag,the dog caught it,"['What did the woman take out of the bag', 'the dog caught it']",What did the woman take out of the bag,deterministic single-connective split
K4y0Kj7MSAI_0740_0750,5,Who opened its mouth to catch the bread after the woman took it out of the bag?,The dog,3,7:40,7:44,True,after,Who opened its mouth to catch the bread,the woman took it out of the bag,"['the woman took it out of the bag', 'Who opened its mouth to catch the bread']",Who opened its mouth to catch the bread,deterministic single-connective split
K4y0Kj7MSAI_0934_0942,4,Who got their head into the duffel bag and came out?,The puppy,3,9:34,9:37,False,,,,[],,requires exactly one supported explicit temporal connective
K4y0Kj7MSAI_0934_0942,5,What did the puppy get its head into and come out of?,The duffel bag,4,9:34,9:37,False,,,,[],,requires exactly one supported explicit temporal connective
tfPhhDLFckU_0119_0130,3,Who reaches out to hit the hand under the wooden board after reaching up?,The white cat,1,1:19,1:24,True,after,Who reaches out to hit the hand under the wooden board,reaching up,"['reaching up', 'Who reaches out to hit the hand under the wooden board']",Who reaches out to hit the hand under the wooden board,deterministic single-connective split
tfPhhDLFckU_0119_0130,4,What does the white cat hit after reaching up?,The hand under the wooden board,3,1:19,1:24,True,after,What does the white cat hit,reaching up,"['reaching up', 'What does the white cat hit']",What does the white cat hit,deterministic single-connective split
tfPhhDLFckU_0314_0323,1,Who put the ball in the hole after hitting it with a golf club?,The dog,1,3:14,3:18,True,after,Who put the ball in the hole,hitting it with a golf club,"['hitting it with a golf club', 'Who put the ball in the hole']",Who put the ball in the hole,deterministic single-connective split
tfPhhDLFckU_0314_0323,2,What does the dog put in the hole after hitting it with a golf club?,The golf ball,2,3:14,3:18,True,after,What does the dog put in the hole,hitting it with a golf club,"['hitting it with a golf club', 'What does the dog put in the hole']",What does the dog put in the hole,deterministic single-connective split
tfPhhDLFckU_0314_0323,5,Who puts the ball in the hole after hitting it with a golf club?,The dog,1,3:14,3:18,True,after,Who puts the ball in the hole,hitting it with a golf club,"['hitting it with a golf club', 'Who puts the ball in the hole']",Who puts the ball in the hole,deterministic single-connective split
tfPhhDLFckU_0314_0323,6,What does the dog put in the hole after hitting it with a golf club?,The golf ball,2,3:14,3:18,True,after,What does the dog put in the hole,hitting it with a golf club,"['hitting it with a golf club', 'What does the dog put in the hole']",What does the dog put in the hole,deterministic single-connective split
tfPhhDLFckU_0314_0323,9,Who runs around happily after putting a golf ball in the hole?,This dog,1,3:14,3:18,True,after,Who runs around happily,putting a golf ball in the hole,"['putting a golf ball in the hole', 'Who runs around happily']",Who runs around happily,deterministic single-connective split
tfPhhDLFckU_0314_0323,10,What does the dog put in the hole before running around happily?,The golf ball,2,3:14,3:18,True,before,What does the dog put in the hole,running around happily,"['What does the dog put in the hole', 'running around happily']",What does the dog put in the hole,deterministic single-connective split
tfPhhDLFckU_0326_0339,4,Who took away the eggs after feeding the corn kernels to the chickens?,The man,2,3:28,3:33,True,after,Who took away the eggs,feeding the corn kernels to the chickens,"['feeding the corn kernels to the chickens', 'Who took away the eggs']",Who took away the eggs,deterministic single-connective split
tfPhhDLFckU_0326_0339,5,What did the man take away after feeding the corn kernels to the chickens?,The eggs,3,3:28,3:33,True,after,What did the man take away,feeding the corn kernels to the chickens,"['feeding the corn kernels to the chickens', 'What did the man take away']",What did the man take away,deterministic single-connective split
tfPhhDLFckU_0326_0339,6,Who was fed the corn kernels before the eggs were taken away?,The chickens,1,3:28,3:33,True,before,Who was fed the corn kernels,the eggs were taken away,"['Who was fed the corn kernels', 'the eggs were taken away']",Who was fed the corn kernels,deterministic single-connective split
3h_kFcgZSPQ_0014_0023,4,Who laughs after seeing a child amused by a puppy?,The man,1,0:14,0:23,True,after,Who laughs,seeing a child amused by a puppy,"['seeing a child amused by a puppy', 'Who laughs']",Who laughs,deterministic single-connective split
3h_kFcgZSPQ_0014_0023,5,Who does the man see amused by a puppy before he laughs?,The little boy,2,0:14,0:23,True,before,Who does the man see amused by a puppy,he laughs,"['Who does the man see amused by a puppy', 'he laughs']",Who does the man see amused by a puppy,deterministic single-connective split
3h_kFcgZSPQ_0014_0023,6,By what is the little boy amused that makes the man laugh?,The puppy,3,0:14,0:23,False,,,,[],,requires exactly one supported explicit temporal connective
3h_kFcgZSPQ_0239_0251,3,Who wanted to run forward but was restrained by the rope?,The puppy,2,2:39,2:44,False,,,,[],,requires exactly one supported explicit temporal connective
3h_kFcgZSPQ_0239_0251,4,What restrained the puppy from running forward?,The rope,3,2:39,2:44,False,,,,[],,requires exactly one supported explicit temporal connective
3h_kFcgZSPQ_0526_0531,5,Who sat on the sofa playing with his tablet when suddenly the puppy pressed him?,The little boy,3,5:26,5:31,False,,,,[],,requires exactly one supported explicit temporal connective
3h_kFcgZSPQ_0526_0531,6,What did the little boy sit on while playing with his tablet when suddenly the puppy pressed him?,The sofa,2,5:26,5:31,False,,,,[],,requires exactly one supported explicit temporal connective
3h_kFcgZSPQ_0526_0531,7,What was the little boy playing with on the sofa when suddenly the puppy pressed him?,His tablet,4,5:26,5:31,False,,,,[],,requires exactly one supported explicit temporal connective
7IR3sdBD-Mg_1028_1036,1,Who helps the girl to get up from the floor before she lies down again?,The man,1,10:29,10:35,True,before,Who helps the girl to get up from the floor,she lies down again,"['Who helps the girl to get up from the floor', 'she lies down again']",Who helps the girl to get up from the floor,deterministic single-connective split
7IR3sdBD-Mg_1028_1036,2,Who does the man help to get up from the floor before she lies down again?,The girl,2,10:29,10:35,True,before,Who does the man help to get up from the floor,she lies down again,"['Who does the man help to get up from the floor', 'she lies down again']",Who does the man help to get up from the floor,deterministic single-connective split
wFn-jqLc10k_0145_0155,1,Who gets off the motorcycle after putting the kick stand down?,the man,1,1:45,1:50,True,after,Who gets off the motorcycle,putting the kick stand down,"['putting the kick stand down', 'Who gets off the motorcycle']",Who gets off the motorcycle,deterministic single-connective split
wFn-jqLc10k_0145_0155,2,What does the man get off after putting the kick stand down?,the motorcycle,2,1:45,1:50,True,after,What does the man get off,putting the kick stand down,"['putting the kick stand down', 'What does the man get off']",What does the man get off,deterministic single-connective split
wFn-jqLc10k_0212_0220,1,Who puts the water bottle down after unclipping it from the motorcycle bag?,The man,1,2:14,2:17,True,after,Who puts the water bottle down,unclipping it from the motorcycle bag,"['unclipping it from the motorcycle bag', 'Who puts the water bottle down']",Who puts the water bottle down,deterministic single-connective split
wFn-jqLc10k_0212_0220,2,What does the man put down after unclipping it from the motorcycle bag?,The water bottle,2,2:14,2:17,True,after,What does the man put down,unclipping it from the motorcycle bag,"['unclipping it from the motorcycle bag', 'What does the man put down']",What does the man put down,deterministic single-connective split
wFn-jqLc10k_0212_0220,3,From what does the man unclip the water bottle before putting it down?,The motorcycle bag,3,2:14,2:17,True,before,From what does the man unclip the water bottle,putting it down,"['From what does the man unclip the water bottle', 'putting it down']",From what does the man unclip the water bottle,deterministic single-connective split
wFn-jqLc10k_0253_0308,1,Who opens the bag after undoing the straps?,the man,1,2:55,3:08,True,after,Who opens the bag,undoing the straps,"['undoing the straps', 'Who opens the bag']",Who opens the bag,deterministic single-connective split
wFn-jqLc10k_0253_0308,2,What does the man open after undoing the straps?,the bag,2,2:55,3:08,True,after,What does the man open,undoing the straps,"['undoing the straps', 'What does the man open']",What does the man open,deterministic single-connective split
wFn-jqLc10k_0827_0840,1,Who takes a drink from the can after opening it?,The man,1,8:31,8:38,True,after,Who takes a drink from the can,opening it,"['opening it', 'Who takes a drink from the can']",Who takes a drink from the can,deterministic single-connective split
wFn-jqLc10k_0827_0840,2,What does the man take a drink from after opening it?,The can,2,8:31,8:38,True,after,What does the man take a drink from,opening it,"['opening it', 'What does the man take a drink from']",What does the man take a drink from,deterministic single-connective split
wFn-jqLc10k_1831_1840,1,Who pushes the motorcycle after putting the kickstand up?,The man,1,18:34,18:38,True,after,Who pushes the motorcycle,putting the kickstand up,"['putting the kickstand up', 'Who pushes the motorcycle']",Who pushes the motorcycle,deterministic single-connective split
wFn-jqLc10k_1831_1840,2,What does the man push after putting the kickstand up?,The motorcycle,2,18:34,18:38,True,after,What does the man push,putting the kickstand up,"['putting the kickstand up', 'What does the man push']",What does the man push,deterministic single-connective split
wFn-jqLc10k_2606_2624,1,Who picks up the green bag after zipping the green bag closed?,The man,1,26:16,26:22,True,after,Who picks up the green bag,zipping the green bag closed,"['zipping the green bag closed', 'Who picks up the green bag']",Who picks up the green bag,deterministic single-connective split
wFn-jqLc10k_2606_2624,2,What does the man pick up after zipping it closed?,The green bag,2,26:16,26:22,True,after,What does the man pick up,zipping it closed,"['zipping it closed', 'What does the man pick up']",What does the man pick up,deterministic single-connective split
L4qH62OyiAk_3232_3241,1,Who picks up the bag before unclipping the straps on the motorcycle?,The man,1,32:33,32:41,True,before,Who picks up the bag,unclipping the straps on the motorcycle,"['Who picks up the bag', 'unclipping the straps on the motorcycle']",Who picks up the bag,deterministic single-connective split
L4qH62OyiAk_3232_3241,2,What does the man pick up before unclipping the straps on the motorcycle?,The bag,2,32:33,32:41,True,before,What does the man pick up,unclipping the straps on the motorcycle,"['What does the man pick up', 'unclipping the straps on the motorcycle']",What does the man pick up,deterministic single-connective split
L4qH62OyiAk_3918_3929,1,Who stands up off the motorcycle after putting the kick stand down?,The man,1,39:23,39:29,True,after,Who stands up off the motorcycle,putting the kick stand down,"['putting the kick stand down', 'Who stands up off the motorcycle']",Who stands up off the motorcycle,deterministic single-connective split
L4qH62OyiAk_3918_3929,2,What does the man stand up off after putting the kick stand down?,The motorcycle,2,39:23,39:29,True,after,What does the man stand up off,putting the kick stand down,"['putting the kick stand down', 'What does the man stand up off']",What does the man stand up off,deterministic single-connective split
L4qH62OyiAk_4353_4403,1,Who points to the cup of coffee before taking a sip?,The man,1,43:56,44:01,True,before,Who points to the cup of coffee,taking a sip,"['Who points to the cup of coffee', 'taking a sip']",Who points to the cup of coffee,deterministic single-connective split
L4qH62OyiAk_4353_4403,2,What does the man point to before taking a sip?,The cup of coffee,2,43:56,44:01,True,before,What does the man point to,taking a sip,"['What does the man point to', 'taking a sip']",What does the man point to,deterministic single-connective split
wvnMC2A-Nho_0304_0318,1,Who lifts the bag off the motorcycle after unclipping the bag straps?,the man,1,3:05,3:17,True,after,Who lifts the bag off the motorcycle,unclipping the bag straps,"['unclipping the bag straps', 'Who lifts the bag off the motorcycle']",Who lifts the bag off the motorcycle,deterministic single-connective split
wvnMC2A-Nho_0304_0318,2,What does the man lift off the motorcycle after unclipping the bag straps?,the bag,2,3:05,3:17,True,after,What does the man lift off the motorcycle,unclipping the bag straps,"['unclipping the bag straps', 'What does the man lift off the motorcycle']",What does the man lift off the motorcycle,deterministic single-connective split
wvnMC2A-Nho_0304_0318,3,From what does the man lift the bag after unclipping the bag straps?,the motorcycle,3,3:05,3:17,True,after,From what does the man lift the bag,unclipping the bag straps,"['unclipping the bag straps', 'From what does the man lift the bag']",From what does the man lift the bag,deterministic single-connective split
wvnMC2A-Nho_0440_0446,1,Who opens the bag next to him before taking the stuff out?,The man,1,4:41,4:43,True,before,Who opens the bag next to him,taking the stuff out,"['Who opens the bag next to him', 'taking the stuff out']",Who opens the bag next to him,deterministic single-connective split
wvnMC2A-Nho_0440_0446,2,What does the man open next to him before taking the stuff out?,The bag,2,4:41,4:43,True,before,What does the man open next to him,taking the stuff out,"['What does the man open next to him', 'taking the stuff out']",What does the man open next to him,deterministic single-connective split
wvnMC2A-Nho_0440_0446,3,What does the man take out after opening the bag next to him?,The stuff in the bag,3,4:41,4:43,True,after,What does the man take out,opening the bag next to him,"['opening the bag next to him', 'What does the man take out']",What does the man take out,deterministic single-connective split
wvnMC2A-Nho_0613_0620,1,Who gets up from the chair before picking up the black bag?,The man,1,6:13,6:17,True,before,Who gets up from the chair,picking up the black bag,"['Who gets up from the chair', 'picking up the black bag']",Who gets up from the chair,deterministic single-connective split
wvnMC2A-Nho_0613_0620,2,What does the man get up from before picking up the black bag?,The chair,2,6:13,6:17,True,before,What does the man get up from,picking up the black bag,"['What does the man get up from', 'picking up the black bag']",What does the man get up from,deterministic single-connective split
wvnMC2A-Nho_0613_0620,3,What does the man pick up after getting up from the chair?,The black bag,3,6:13,6:17,True,after,What does the man pick up,getting up from the chair,"['getting up from the chair', 'What does the man pick up']",What does the man pick up,deterministic single-connective split
c6Ltg21bQ2c_0253_0308,1,Who stops the motorcycle before getting off?,The man,1,3:00,3:05,True,before,Who stops the motorcycle,getting off,"['Who stops the motorcycle', 'getting off']",Who stops the motorcycle,deterministic single-connective split
c6Ltg21bQ2c_0253_0308,2,What does the man stop before getting off?,The motorcycle,2,3:00,3:05,True,before,What does the man stop,getting off,"['What does the man stop', 'getting off']",What does the man stop,deterministic single-connective split
u6Jlrw97BPo_0243_0255,1,Who opens the car door before lifting the dog out of the car?,The man,1,2:43,2:50,True,before,Who opens the car door,lifting the dog out of the car,"['Who opens the car door', 'lifting the dog out of the car']",Who opens the car door,deterministic single-connective split
u6Jlrw97BPo_0243_0255,2,What does the man lift out of the car after opening the car door?,The dog,2,2:43,2:50,True,after,What does the man lift out of the car,opening the car door,"['opening the car door', 'What does the man lift out of the car']",What does the man lift out of the car,deterministic single-connective split
u6Jlrw97BPo_0243_0255,3,From what does the man lift the dog out after opening the car door?,The car,3,2:43,2:50,True,after,From what does the man lift the dog out,opening the car door,"['opening the car door', 'From what does the man lift the dog out']",From what does the man lift the dog out,deterministic single-connective split
u6Jlrw97BPo_0345_0354,1,Who holds up the canopy before setting up the legs?,the man,1,3:45,3:54,True,before,Who holds up the canopy,setting up the legs,"['Who holds up the canopy', 'setting up the legs']",Who holds up the canopy,deterministic single-connective split
u6Jlrw97BPo_0345_0354,2,What does the man hold up before setting up the legs?,the canopy,2,3:45,3:54,True,before,What does the man hold up,setting up the legs,"['What does the man hold up', 'setting up the legs']",What does the man hold up,deterministic single-connective split
u6Jlrw97BPo_0505_0519,1,Who sets down the bowl full of water before the dog drinks from the bowl?,The man,1,5:08,5:17,True,before,Who sets down the bowl full of water,the dog drinks from the bowl,"['Who sets down the bowl full of water', 'the dog drinks from the bowl']",Who sets down the bowl full of water,deterministic single-connective split
u6Jlrw97BPo_0505_0519,2,What does the man set down before the dog drinks from it?,The bowl,2,5:08,5:17,True,before,What does the man set down,the dog drinks from it,"['What does the man set down', 'the dog drinks from it']",What does the man set down,deterministic single-connective split
u6Jlrw97BPo_0505_0519,3,Who drinks from the bowl after the man sets it down?,The dog,3,5:08,5:17,True,after,Who drinks from the bowl,the man sets it down,"['the man sets it down', 'Who drinks from the bowl']",Who drinks from the bowl,deterministic single-connective split
u6Jlrw97BPo_2502_2513,1,Who takes a sip from the can after cracking the can open?,The man,1,25:06,25:10,True,after,Who takes a sip from the can,cracking the can open,"['cracking the can open', 'Who takes a sip from the can']",Who takes a sip from the can,deterministic single-connective split
u6Jlrw97BPo_2502_2513,2,What does the man sip from after cracking it open?,The can,2,25:06,25:10,True,after,What does the man sip from,cracking it open,"['cracking it open', 'What does the man sip from']",What does the man sip from,deterministic single-connective split
u6Jlrw97BPo_2620_2633,1,Who sets down the chair before sitting down next to the fire?,The man,1,26:23,26:28,True,before,Who sets down the chair,sitting down next to the fire,"['Who sets down the chair', 'sitting down next to the fire']",Who sets down the chair,deterministic single-connective split
u6Jlrw97BPo_2620_2633,2,What does the man set down before sitting down next to the fire?,The chair,2,26:23,26:28,True,before,What does the man set down,sitting down next to the fire,"['What does the man set down', 'sitting down next to the fire']",What does the man set down,deterministic single-connective split
u6Jlrw97BPo_2620_2633,3,Next to what does the man sit down after setting down the chair?,The fire,3,26:23,26:28,True,after,Next to what does the man sit down,setting down the chair,"['setting down the chair', 'Next to what does the man sit down']",Next to what does the man sit down,deterministic single-connective split
YLeJ9QRaM7I_0046_0055,1,Who gets out of the car after opening the car door?,The man,1,0:51,0:54,True,after,Who gets out of the car,opening the car door,"['opening the car door', 'Who gets out of the car']",Who gets out of the car,deterministic single-connective split
YLeJ9QRaM7I_0046_0055,2,What does the man get out of after opening the car door?,The car,2,0:51,0:54,True,after,What does the man get out of,opening the car door,"['opening the car door', 'What does the man get out of']",What does the man get out of,deterministic single-connective split
YLeJ9QRaM7I_0118_0127,1,Who opens the trunk before sliding the box out?,The man,1,1:20,1:27,True,before,Who opens the trunk,sliding the box out,"['Who opens the trunk', 'sliding the box out']",Who opens the trunk,deterministic single-connective split
YLeJ9QRaM7I_0118_0127,2,What does the man open before sliding the box out?,The trunk,2,1:20,1:27,True,before,What does the man open,sliding the box out,"['What does the man open', 'sliding the box out']",What does the man open,deterministic single-connective split
YLeJ9QRaM7I_0118_0127,3,What does the man slide out after opening the trunk?,The box,3,1:20,1:27,True,after,What does the man slide out,opening the trunk,"['opening the trunk', 'What does the man slide out']",What does the man slide out,deterministic single-connective split
YLeJ9QRaM7I_0658_0708,1,Who opens the drawer before getting the cooking supplies out?,The man,1,6:59,7:04,True,before,Who opens the drawer,getting the cooking supplies out,"['Who opens the drawer', 'getting the cooking supplies out']",Who opens the drawer,deterministic single-connective split
YLeJ9QRaM7I_0658_0708,2,What does the man open before getting the cooking supplies out?,The drawer,2,6:59,7:04,True,before,What does the man open,getting the cooking supplies out,"['What does the man open', 'getting the cooking supplies out']",What does the man open,deterministic single-connective split
YLeJ9QRaM7I_0658_0708,3,What does the man get out after opening the drawer?,The cooking supplies,3,6:59,7:04,True,after,What does the man get out,opening the drawer,"['opening the drawer', 'What does the man get out']",What does the man get out,deterministic single-connective split
YLeJ9QRaM7I_0740_0749,1,Who opens the cooler before grabbing the bottle out?,the man,1,7:41,7:45,True,before,Who opens the cooler,grabbing the bottle out,"['Who opens the cooler', 'grabbing the bottle out']",Who opens the cooler,deterministic single-connective split
YLeJ9QRaM7I_0740_0749,2,What does the man open before grabbing the bottle out?,the cooler,2,7:41,7:45,True,before,What does the man open,grabbing the bottle out,"['What does the man open', 'grabbing the bottle out']",What does the man open,deterministic single-connective split
YLeJ9QRaM7I_0740_0749,3,What does the man grab after opening the cooler?,the bottle,3,7:41,7:45,True,after,What does the man grab,opening the cooler,"['opening the cooler', 'What does the man grab']",What does the man grab,deterministic single-connective split
YLeJ9QRaM7I_1000_1008,1,Who climbs down the ladder after getting out of the tent?,The man,1,10:03,10:08,True,after,Who climbs down the ladder,getting out of the tent,"['getting out of the tent', 'Who climbs down the ladder']",Who climbs down the ladder,deterministic single-connective split
YLeJ9QRaM7I_1000_1008,2,What does the man climb down after getting out of the tent?,The ladder,2,10:03,10:08,True,after,What does the man climb down,getting out of the tent,"['getting out of the tent', 'What does the man climb down']",What does the man climb down,deterministic single-connective split
YLeJ9QRaM7I_1000_1008,3,From what does the man get out before climbing down the ladder?,The tent,3,10:03,10:08,True,before,From what does the man get out,climbing down the ladder,"['From what does the man get out', 'climbing down the ladder']",From what does the man get out,deterministic single-connective split
GtjCmRcmZcs_0055_0102,1,Who gets out of the car before closing the car door?,the man,1,0:58,1:01,True,before,Who gets out of the car,closing the car door,"['Who gets out of the car', 'closing the car door']",Who gets out of the car,deterministic single-connective split
GtjCmRcmZcs_0055_0102,2,What does the man get out of before closing the car door?,the car,2,0:58,1:01,True,before,What does the man get out of,closing the car door,"['What does the man get out of', 'closing the car door']",What does the man get out of,deterministic single-connective split
GtjCmRcmZcs_0112_0120,1,Who takes the traction board off the car after unfastening the traction board?,The man,1,1:12,1:19,True,after,Who takes the traction board off the car,unfastening the traction board,"['unfastening the traction board', 'Who takes the traction board off the car']",Who takes the traction board off the car,deterministic single-connective split
GtjCmRcmZcs_0112_0120,2,What does the man take off the car after unfastening it?,The traction board,2,1:12,1:19,True,after,What does the man take off the car,unfastening it,"['unfastening it', 'What does the man take off the car']",What does the man take off the car,deterministic single-connective split
GtjCmRcmZcs_0112_0120,3,From what does the man take the traction board off after unfastening it?,The car,3,1:12,1:19,True,after,From what does the man take the traction board off,unfastening it,"['unfastening it', 'From what does the man take the traction board off']",From what does the man take the traction board off,deterministic single-connective split
GtjCmRcmZcs_0218_0230,1,Who takes off the shoe on the right before putting on the boot on the right?,the man,1,2:23,2:27,True,before,Who takes off the shoe on the right,putting on the boot on the right,"['Who takes off the shoe on the right', 'putting on the boot on the right']",Who takes off the shoe on the right,deterministic single-connective split
GtjCmRcmZcs_0218_0230,2,What does the man take off before putting on the boot on the right?,the shoe on the right,2,2:23,2:27,True,before,What does the man take off,putting on the boot on the right,"['What does the man take off', 'putting on the boot on the right']",What does the man take off,deterministic single-connective split
GtjCmRcmZcs_0218_0230,3,What does the man put on after taking off the shoe on the right?,the boot on the right,3,2:23,2:27,True,after,What does the man put on,taking off the shoe on the right,"['taking off the shoe on the right', 'What does the man put on']",What does the man put on,deterministic single-connective split
GtjCmRcmZcs_1007_1015,1,Who hangs up the lantern before turning it on?,The man,1,10:07,10:13,True,before,Who hangs up the lantern,turning it on,"['Who hangs up the lantern', 'turning it on']",Who hangs up the lantern,deterministic single-connective split
GtjCmRcmZcs_1007_1015,2,What does the man hang up before turning it on?,The lantern,2,10:07,10:13,True,before,What does the man hang up,turning it on,"['What does the man hang up', 'turning it on']",What does the man hang up,deterministic single-connective split
GtjCmRcmZcs_1913_1926,1,Who removes the lid from the stove before lighting it?,The man,1,19:14,19:25,True,before,Who removes the lid from the stove,lighting it,"['Who removes the lid from the stove', 'lighting it']",Who removes the lid from the stove,deterministic single-connective split
GtjCmRcmZcs_1913_1926,2,What does the man remove from the stove before lighting it?,The lid,2,19:14,19:25,True,before,What does the man remove from the stove,lighting it,"['What does the man remove from the stove', 'lighting it']",What does the man remove from the stove,deterministic single-connective split
GtjCmRcmZcs_1913_1926,3,From what does the man remove the lid before lighting?,The stove,3,19:14,19:25,True,before,From what does the man remove the lid,lighting,"['From what does the man remove the lid', 'lighting']",From what does the man remove the lid,deterministic single-connective split
hlov6Mjsn1A_0058_0105,1,Who opens the car door before grabbing the dog out of the car?,the man,1,0:58,1:03,True,before,Who opens the car door,grabbing the dog out of the car,"['Who opens the car door', 'grabbing the dog out of the car']",Who opens the car door,deterministic single-connective split
hlov6Mjsn1A_0058_0105,2,What does the man open before grabbing the dog out of the car?,the car,2,0:58,1:03,True,before,What does the man open,grabbing the dog out of the car,"['What does the man open', 'grabbing the dog out of the car']",What does the man open,deterministic single-connective split
hlov6Mjsn1A_0058_0105,3,What does the man grab out of the car after opening the car door?,the dog,3,0:58,1:03,True,after,What does the man grab out of the car,opening the car door,"['opening the car door', 'What does the man grab out of the car']",What does the man grab out of the car,deterministic single-connective split
hlov6Mjsn1A_0124_0133,1,Who opens the tailgate before grabbing the bag out of the truck bed?,The man,1,1:25,1:30,True,before,Who opens the tailgate,grabbing the bag out of the truck bed,"['Who opens the tailgate', 'grabbing the bag out of the truck bed']",Who opens the tailgate,deterministic single-connective split
hlov6Mjsn1A_0124_0133,2,What does the man open before grabbing the bag out of the truck bed?,The tailgate,2,1:25,1:30,True,before,What does the man open,grabbing the bag out of the truck bed,"['What does the man open', 'grabbing the bag out of the truck bed']",What does the man open,deterministic single-connective split
hlov6Mjsn1A_0124_0133,3,What does the man grab out of the truck bed after opening the tailgate?,The bag,3,1:25,1:30,True,after,What does the man grab out of the truck bed,opening the tailgate,"['opening the tailgate', 'What does the man grab out of the truck bed']",What does the man grab out of the truck bed,deterministic single-connective split
hlov6Mjsn1A_0604_0617,1,Who opens the green box before grabbing the blue bag out of it?,The man,1,6:06,6:14,True,before,Who opens the green box,grabbing the blue bag out of it,"['Who opens the green box', 'grabbing the blue bag out of it']",Who opens the green box,deterministic single-connective split
hlov6Mjsn1A_0604_0617,2,What does the man open before grabbing the blue bag out of it?,The green box,2,6:06,6:14,True,before,What does the man open,grabbing the blue bag out of it,"['What does the man open', 'grabbing the blue bag out of it']",What does the man open,deterministic single-connective split
hlov6Mjsn1A_0604_0617,3,What does the man grab out of the green box after opening it?,The blue bag,3,6:06,6:14,True,after,What does the man grab out of the green box,opening it,"['opening it', 'What does the man grab out of the green box']",What does the man grab out of the green box,deterministic single-connective split
hlov6Mjsn1A_0858_0910,1,Who brushes off the table after setting it up?,the man,1,9:03,9:07,True,after,Who brushes off the table,setting it up,"['setting it up', 'Who brushes off the table']",Who brushes off the table,deterministic single-connective split
hlov6Mjsn1A_0858_0910,2,What does the man brush off after setting it up?,the table,2,9:03,9:07,True,after,What does the man brush off,setting it up,"['setting it up', 'What does the man brush off']",What does the man brush off,deterministic single-connective split
hlov6Mjsn1A_0923_0932,1,Who sets the tan bag down in the tent before opening it?,The man,1,9:25,9:31,True,before,Who sets the tan bag down in the tent,opening it,"['Who sets the tan bag down in the tent', 'opening it']",Who sets the tan bag down in the tent,deterministic single-connective split
hlov6Mjsn1A_0923_0932,2,What does the man set down in the tent before opening it?,The tan bag,2,9:25,9:31,True,before,What does the man set down in the tent,opening it,"['What does the man set down in the tent', 'opening it']",What does the man set down in the tent,deterministic single-connective split
hlov6Mjsn1A_0923_0932,3,Where does the man set the tan bag down before opening it?,The tent,3,9:25,9:31,True,before,Where does the man set the tan bag down,opening it,"['Where does the man set the tan bag down', 'opening it']",Where does the man set the tan bag down,deterministic single-connective split
hlov6Mjsn1A_1412_1421,1,Who sits down in the chair after moving the chair close to the fire?,the man,1,14:15,14:20,True,after,Who sits down in the chair,moving the chair close to the fire,"['moving the chair close to the fire', 'Who sits down in the chair']",Who sits down in the chair,deterministic single-connective split
hlov6Mjsn1A_1412_1421,2,What does the man sit down in after moving it close to the fire?,the chair,2,14:15,14:20,True,after,What does the man sit down in,moving it close to the fire,"['moving it close to the fire', 'What does the man sit down in']",What does the man sit down in,deterministic single-connective split
hlov6Mjsn1A_1412_1421,3,What does the man move the chair close to before sitting in it?,the fire,3,14:15,14:20,True,before,What does the man move the chair close to,sitting in it,"['What does the man move the chair close to', 'sitting in it']",What does the man move the chair close to,deterministic single-connective split
hlov6Mjsn1A_1945_1956,1,Who sits in the chair before pouring hot water from the kettle into the mug?,The man,1,19:48,19:56,True,before,Who sits in the chair,pouring hot water from the kettle into the mug,"['Who sits in the chair', 'pouring hot water from the kettle into the mug']",Who sits in the chair,deterministic single-connective split
hlov6Mjsn1A_1945_1956,2,What does the man sit in before pouring hot water from the kettle into the mug?,The chair,2,19:48,19:56,True,before,What does the man sit in,pouring hot water from the kettle into the mug,"['What does the man sit in', 'pouring hot water from the kettle into the mug']",What does the man sit in,deterministic single-connective split
hlov6Mjsn1A_1945_1956,3,What does the man pour hot water from into the mug after sitting in the chair?,The kettle,3,19:48,19:56,True,after,What does the man pour hot water from into the mug,sitting in the chair,"['sitting in the chair', 'What does the man pour hot water from into the mug']",What does the man pour hot water from into the mug,deterministic single-connective split
hlov6Mjsn1A_1945_1956,4,Into what does the man pour hot water from the kettle after sitting in the chair?,The mug,4,19:48,19:56,True,after,Into what does the man pour hot water from the kettle,sitting in the chair,"['sitting in the chair', 'Into what does the man pour hot water from the kettle']",Into what does the man pour hot water from the kettle,deterministic single-connective split
hlov6Mjsn1A_2046_2101,1,Who closes the furnace after adding wood to it?,The man,1,20:47,20:56,True,after,Who closes the furnace,adding wood to it,"['adding wood to it', 'Who closes the furnace']",Who closes the furnace,deterministic single-connective split
hlov6Mjsn1A_2046_2101,2,What does the man close after adding wood to it?,The furnace,2,20:47,20:56,True,after,What does the man close,adding wood to it,"['adding wood to it', 'What does the man close']",What does the man close,deterministic single-connective split
hlov6Mjsn1A_2046_2101,4,What does the man add to the furnace before closing it?,Wood,3,20:47,20:56,True,before,What does the man add to the furnace,closing it,"['What does the man add to the furnace', 'closing it']",What does the man add to the furnace,deterministic single-connective split
hlov6Mjsn1A_2214_2226,1,Who closes the water bottle after pouring water from it?,The man,1,22:14,22:19,True,after,Who closes the water bottle,pouring water from it,"['pouring water from it', 'Who closes the water bottle']",Who closes the water bottle,deterministic single-connective split
hlov6Mjsn1A_2214_2226,2,What does the man close after pouring water from it?,The water bottle,2,22:14,22:19,True,after,What does the man close,pouring water from it,"['pouring water from it', 'What does the man close']",What does the man close,deterministic single-connective split
_ZeeBEGj4II_0048_0052,1,Who plays with the man excitedly before jumping into his arms?,The dog,1,0:48,0:52,True,before,Who plays with the man excitedly,jumping into his arms,"['Who plays with the man excitedly', 'jumping into his arms']",Who plays with the man excitedly,deterministic single-connective split
_ZeeBEGj4II_0048_0052,2,With whom does the dog play excitedly before jumping into his arms?,The man,2,0:48,0:52,True,before,With whom does the dog play excitedly,jumping into his arms,"['With whom does the dog play excitedly', 'jumping into his arms']",With whom does the dog play excitedly,deterministic single-connective split
X7U2Y4erm68_0045_0053,1,Who carries the dog out of the car after opening the car door?,The man,1,0:45,0:52,True,after,Who carries the dog out of the car,opening the car door,"['opening the car door', 'Who carries the dog out of the car']",Who carries the dog out of the car,deterministic single-connective split
X7U2Y4erm68_0045_0053,2,What does the man carry out of the car after opening the car door?,The dog,2,0:45,0:52,True,after,What does the man carry out of the car,opening the car door,"['opening the car door', 'What does the man carry out of the car']",What does the man carry out of the car,deterministic single-connective split
X7U2Y4erm68_0045_0053,3,Out of what does the man carry the dog after opening the car door?,The car,3,0:45,0:52,True,after,Out of what does the man carry the dog,opening the car door,"['opening the car door', 'Out of what does the man carry the dog']",Out of what does the man carry the dog,deterministic single-connective split
X7U2Y4erm68_0054_0100,1,Who sets down the dog before closing the car door?,The man,1,0:55,1:00,True,before,Who sets down the dog,closing the car door,"['Who sets down the dog', 'closing the car door']",Who sets down the dog,deterministic single-connective split
X7U2Y4erm68_0054_0100,2,What does the man set down before closing the car door?,The dog,2,0:55,1:00,True,before,What does the man set down,closing the car door,"['What does the man set down', 'closing the car door']",What does the man set down,deterministic single-connective split
X7U2Y4erm68_1311_1316,1,Who cracks open the red can before taking a drink?,The man,1,13:11,13:16,True,before,Who cracks open the red can,taking a drink,"['Who cracks open the red can', 'taking a drink']",Who cracks open the red can,deterministic single-connective split
X7U2Y4erm68_1311_1316,2,What does the man crack open before taking a drink?,The red can,2,13:11,13:16,True,before,What does the man crack open,taking a drink,"['What does the man crack open', 'taking a drink']",What does the man crack open,deterministic single-connective split
xJWWiUuqar4_0114_0129,1,Who holds the tennis racket before practicing the movement that the coach teaches?,The taller man,1,1:17,1:28,True,before,Who holds the tennis racket,practicing the movement that the coach teaches,"['Who holds the tennis racket', 'practicing the movement that the coach teaches']",Who holds the tennis racket,deterministic single-connective split
xJWWiUuqar4_0114_0129,2,What does the taller man hold before practicing the movement that the coach teaches?,The tennis racket,2,1:17,1:28,True,before,What does the taller man hold,practicing the movement that the coach teaches,"['What does the taller man hold', 'practicing the movement that the coach teaches']",What does the taller man hold,deterministic single-connective split
xJWWiUuqar4_0114_0129,3,Who teaches the taller man the movement that he practices after holding the tennis racket?,The coach,3,1:17,1:28,True,after,Who teaches the taller man the movement that he practices,holding the tennis racket,"['holding the tennis racket', 'Who teaches the taller man the movement that he practices']",Who teaches the taller man the movement that he practices,deterministic single-connective split
xJWWiUuqar4_0114_0129,7,Who holds the tennis racket before demonstrating the proper stroke technique?,the coach in the teal shorts,3,1:18,1:24,True,before,Who holds the tennis racket,demonstrating the proper stroke technique,"['Who holds the tennis racket', 'demonstrating the proper stroke technique']",Who holds the tennis racket,deterministic single-connective split
xJWWiUuqar4_0114_0129,8,What does the coach in the teal shorts hold before demonstrating the proper stroke technique?,the tennis racket,2,1:18,1:24,True,before,What does the coach in the teal shorts hold,demonstrating the proper stroke technique,"['What does the coach in the teal shorts hold', 'demonstrating the proper stroke technique']",What does the coach in the teal shorts hold,deterministic single-connective split
xJWWiUuqar4_0317_0327,1,Who swings the tennis racket with two hands before swinging the tennis racket with one hand to compare the difference in swings?,The man in the purple shorts,1,3:18,3:23,True,before,Who swings the tennis racket with two hands,swinging the tennis racket with one hand to compare the difference in swings,"['Who swings the tennis racket with two hands', 'swinging the tennis racket with one hand to compare the difference in swings']",Who swings the tennis racket with two hands,deterministic single-connective split
xJWWiUuqar4_0317_0327,2,What does the man in the purple shorts swing with two hands before swinging it with one hand to compare the difference in swings?,The tennis racket,2,3:18,3:23,True,before,What does the man in the purple shorts swing with two hands,swinging it with one hand to compare the difference in swings,"['What does the man in the purple shorts swing with two hands', 'swinging it with one hand to compare the difference in swings']",What does the man in the purple shorts swing with two hands,deterministic single-connective split
xJWWiUuqar4_0750_0800,1,Who tosses the tennis ball in the air before hitting the ball with the tennis racket to serve the ball?,The man,1,7:56,7:59,True,before,Who tosses the tennis ball in the air,hitting the ball with the tennis racket to serve the ball,"['Who tosses the tennis ball in the air', 'hitting the ball with the tennis racket to serve the ball']",Who tosses the tennis ball in the air,deterministic single-connective split
xJWWiUuqar4_0750_0800,2,What does the man toss in the air before hitting it with the tennis racket to serve?,The tennis ball,2,7:56,7:59,True,before,What does the man toss in the air,hitting it with the tennis racket to serve,"['What does the man toss in the air', 'hitting it with the tennis racket to serve']",What does the man toss in the air,deterministic single-connective split
xJWWiUuqar4_0750_0800,3,With what does the man hit the tennis ball to serve it after tossing it in the air?,The tennis racket,3,7:56,7:59,True,after,With what does the man hit the tennis ball to serve it,tossing it in the air,"['tossing it in the air', 'With what does the man hit the tennis ball to serve it']",With what does the man hit the tennis ball to serve it,deterministic single-connective split
dzyf1wTK5xg_0508_0521,1,Who uses the hand saw to weaken the tree branch before breaking it?,The man in the gray jacket,1,5:11,5:19,True,before,Who uses the hand saw to weaken the tree branch,breaking it,"['Who uses the hand saw to weaken the tree branch', 'breaking it']",Who uses the hand saw to weaken the tree branch,deterministic single-connective split
dzyf1wTK5xg_0508_0521,2,What does the man in the gray jacket use to weaken the tree branch before breaking it?,The hand saw,2,5:11,5:19,True,before,What does the man in the gray jacket use to weaken the tree branch,breaking it,"['What does the man in the gray jacket use to weaken the tree branch', 'breaking it']",What does the man in the gray jacket use to weaken the tree branch,deterministic single-connective split
dzyf1wTK5xg_0508_0521,3,What does the man in the gray jacket weaken with the hand saw before breaking?,The tree branch,3,5:11,5:19,True,before,What does the man in the gray jacket weaken with the hand saw,breaking,"['What does the man in the gray jacket weaken with the hand saw', 'breaking']",What does the man in the gray jacket weaken with the hand saw,deterministic single-connective split
dzyf1wTK5xg_2802_2810,1,Who lets go of the red case after losing his balance?,the man,1,28:05,28:08,True,after,Who lets go of the red case,losing his balance,"['losing his balance', 'Who lets go of the red case']",Who lets go of the red case,deterministic single-connective split
dzyf1wTK5xg_2802_2810,2,What does the man let go of after losing his balance?,the red case,2,28:05,28:08,True,after,What does the man let go of,losing his balance,"['losing his balance', 'What does the man let go of']",What does the man let go of,deterministic single-connective split
dzyf1wTK5xg_2937_2946,1,Who flips the blue canoe rightside up before setting it down on the shore?,The man,1,29:39,29:43,True,before,Who flips the blue canoe rightside up,setting it down on the shore,"['Who flips the blue canoe rightside up', 'setting it down on the shore']",Who flips the blue canoe rightside up,deterministic single-connective split
dzyf1wTK5xg_2937_2946,2,What does the man flip rightside up before setting it down on the shore?,The blue canoe,2,29:39,29:43,True,before,What does the man flip rightside up,setting it down on the shore,"['What does the man flip rightside up', 'setting it down on the shore']",What does the man flip rightside up,deterministic single-connective split
FpeSUNEHFPM_0455_0503,1,Who pumps the shotgun to load another round before shooting the shotgun?,the man,1,4:57,5:01,True,before,Who pumps the shotgun to load another round,shooting the shotgun,"['Who pumps the shotgun to load another round', 'shooting the shotgun']",Who pumps the shotgun to load another round,deterministic single-connective split
FpeSUNEHFPM_0455_0503,2,What does the man pump to load another round before shooting?,the shotgun,2,4:57,5:01,True,before,What does the man pump to load another round,shooting,"['What does the man pump to load another round', 'shooting']",What does the man pump to load another round,deterministic single-connective split
FpeSUNEHFPM_1742_1749,1,Who exits the cabin before closing the door?,the man,1,17:44,17:46,True,before,Who exits the cabin,closing the door,"['Who exits the cabin', 'closing the door']",Who exits the cabin,deterministic single-connective split
FpeSUNEHFPM_1742_1749,2,What does the man exit before closing the door?,the cabin,2,17:44,17:46,True,before,What does the man exit,closing the door,"['What does the man exit', 'closing the door']",What does the man exit,deterministic single-connective split
FpeSUNEHFPM_1742_1749,3,What does the man close after exiting the cabin?,the door,3,17:44,17:46,True,after,What does the man close,exiting the cabin,"['exiting the cabin', 'What does the man close']",What does the man close,deterministic single-connective split
FpeSUNEHFPM_2358_2405,1,Who pulls the bag off the snowmobile before opening the bag?,The man,1,23:58,24:02,True,before,Who pulls the bag off the snowmobile,opening the bag,"['Who pulls the bag off the snowmobile', 'opening the bag']",Who pulls the bag off the snowmobile,deterministic single-connective split
FpeSUNEHFPM_2358_2405,2,What does the man pull off the snowmobile before opening it?,The bag,2,23:58,24:02,True,before,What does the man pull off the snowmobile,opening it,"['What does the man pull off the snowmobile', 'opening it']",What does the man pull off the snowmobile,deterministic single-connective split
FpeSUNEHFPM_4327_4335,1,Who lifts the auger out of the hole after using it to dig the hole?,The man on the left,1,43:31,43:35,True,after,Who lifts the auger out of the hole,using it to dig the hole,"['using it to dig the hole', 'Who lifts the auger out of the hole']",Who lifts the auger out of the hole,deterministic single-connective split
FpeSUNEHFPM_4327_4335,2,What does the man on the left lift out of the hole after using it to dig the hole?,The auger,2,43:31,43:35,True,after,What does the man on the left lift out of the hole,using it to dig the hole,"['using it to dig the hole', 'What does the man on the left lift out of the hole']",What does the man on the left lift out of the hole,deterministic single-connective split
aIFFuucAE34_0138_0142,3,Who hits the golf ball before the cat chases it?,The man,1,1:38,1:42,True,before,Who hits the golf ball,the cat chases it,"['Who hits the golf ball', 'the cat chases it']",Who hits the golf ball,deterministic single-connective split
aIFFuucAE34_0138_0142,4,What does the man hit before the cat chases the golf ball?,The golf ball,3,1:38,1:42,True,before,What does the man hit,the cat chases the golf ball,"['What does the man hit', 'the cat chases the golf ball']",What does the man hit,deterministic single-connective split
aIFFuucAE34_0138_0142,5,Who chases the golf ball after the man hits it?,The cat,4,1:38,1:42,True,after,Who chases the golf ball,the man hits it,"['the man hits it', 'Who chases the golf ball']",Who chases the golf ball,deterministic single-connective split
aIFFuucAE34_0202_0211,3,Who lifted the lid off the box after the cat got inside?,The man,1,2:02,2:11,True,after,Who lifted the lid off the box,the cat got inside,"['the cat got inside', 'Who lifted the lid off the box']",Who lifted the lid off the box,deterministic single-connective split
aIFFuucAE34_0202_0211,4,What did the man lift the lid off after the cat got inside?,The box,2,2:02,2:11,True,after,What did the man lift the lid off,the cat got inside,"['the cat got inside', 'What did the man lift the lid off']",What did the man lift the lid off,deterministic single-connective split
aIFFuucAE34_0202_0211,5,Who got inside before the man lifted the lid off the box?,The cat,3,2:02,2:11,True,before,Who got inside,the man lifted the lid off the box,"['Who got inside', 'the man lifted the lid off the box']",Who got inside,deterministic single-connective split
aIFFuucAE34_0338_0341,3,Who was startled after being patted by a woman's hand?,The brown cat,1,3:38,3:41,True,after,Who was startled,being patted by a woman's hand,"[""being patted by a woman's hand"", 'Who was startled']",Who was startled,deterministic single-connective split
aIFFuucAE34_0338_0341,4,Whose hand patted the brown cat causing it to be startled?,A woman's hand,3,3:38,3:41,False,,,,[],,requires exactly one supported explicit temporal connective
aIFFuucAE34_0357_0401,3,Who licked up a woman after she would not let it lick her?,The cat,1,3:58,4:01,True,after,Who licked up a woman,she would not let it lick her,"['she would not let it lick her', 'Who licked up a woman']",Who licked up a woman,deterministic single-connective split
aIFFuucAE34_0357_0401,4,Who does the cat lick up after she would not let it lick her?,The woman,2,3:58,4:01,True,after,Who does the cat lick up,she would not let it lick her,"['she would not let it lick her', 'Who does the cat lick up']",Who does the cat lick up,deterministic single-connective split
aIFFuucAE34_0416_0420,4,Who fell off the mattress after the mattress fell over?,The cat,1,4:16,4:20,True,after,Who fell off the mattress,the mattress fell over,"['the mattress fell over', 'Who fell off the mattress']",Who fell off the mattress,deterministic single-connective split
aIFFuucAE34_0416_0420,5,What did the cat fall off after it fell over?,The mattress,3,4:16,4:20,True,after,What did the cat fall off,it fell over,"['it fell over', 'What did the cat fall off']",What did the cat fall off,deterministic single-connective split
aIFFuucAE34_0454_0459,6,Who reaches for the gun after the man points the gun at it?,The cat,3,4:54,4:59,True,after,Who reaches for the gun,the man points the gun at it,"['the man points the gun at it', 'Who reaches for the gun']",Who reaches for the gun,deterministic single-connective split
aIFFuucAE34_0454_0459,7,What does the cat reach for after the man points it at the cat?,The gun,4,4:54,4:59,True,after,What does the cat reach for,the man points it at the cat,"['the man points it at the cat', 'What does the cat reach for']",What does the cat reach for,deterministic single-connective split
aIFFuucAE34_0454_0459,8,Who does the cat lie in when it reaches for the gun?,The woman,1,4:54,4:59,False,,,,[],,requires exactly one supported explicit temporal connective
aIFFuucAE34_0454_0459,9,Who points the gun at the cat?,The man,5,4:54,4:59,False,,,,[],,requires exactly one supported explicit temporal connective
aIFFuucAE34_1100_1107,3,Who removed the rope from the post after the man instructed it?,The dog,1,11:00,11:07,True,after,Who removed the rope from the post,the man instructed it,"['the man instructed it', 'Who removed the rope from the post']",Who removed the rope from the post,deterministic single-connective split
aIFFuucAE34_1100_1107,4,What did the dog remove from the post after the man instructed it?,The rope,2,11:00,11:07,True,after,What did the dog remove from the post,the man instructed it,"['the man instructed it', 'What did the dog remove from the post']",What did the dog remove from the post,deterministic single-connective split
aIFFuucAE34_1100_1107,5,Who instructed the dog to remove the rope from the post?,The man,3,11:00,11:07,False,,,,[],,requires exactly one supported explicit temporal connective
aIFFuucAE34_1326_1332,3,"Who petted the dog, after which it bared its teeth and smiled?",The man,1,13:26,13:32,True,after,"Who petted the dog,",which it bared its teeth and smiled,"['which it bared its teeth and smiled', 'Who petted the dog,']","Who petted the dog,",deterministic single-connective split
aIFFuucAE34_1326_1332,4,What bared its teeth and smiled after a man petted it?,The dog,2,13:26,13:32,True,after,What bared its teeth and smiled,a man petted it,"['a man petted it', 'What bared its teeth and smiled']",What bared its teeth and smiled,deterministic single-connective split
aIFFuucAE34_1334_1338,3,Who smiles for the camera after climbing on top of the cat house?,The cat,1,13:34,13:38,True,after,Who smiles for the camera,climbing on top of the cat house,"['climbing on top of the cat house', 'Who smiles for the camera']",Who smiles for the camera,deterministic single-connective split
aIFFuucAE34_1334_1338,4,What does the cat climb on top of before smiling for the camera?,The cat house,2,13:34,13:38,True,before,What does the cat climb on top of,smiling for the camera,"['What does the cat climb on top of', 'smiling for the camera']",What does the cat climb on top of,deterministic single-connective split
aIFFuucAE34_1453_1459,3,Who jumped into the washing machine after the man put the clothes in the washing machine?,The cat,1,14:53,14:59,True,after,Who jumped into the washing machine,the man put the clothes in the washing machine,"['the man put the clothes in the washing machine', 'Who jumped into the washing machine']",Who jumped into the washing machine,deterministic single-connective split
aIFFuucAE34_1453_1459,4,What did the cat jump into after the man put the clothes in the washing machine?,The washing machine,2,14:53,14:59,True,after,What did the cat jump into,the man put the clothes in the washing machine,"['the man put the clothes in the washing machine', 'What did the cat jump into']",What did the cat jump into,deterministic single-connective split
Fq-syS-0gQ0_0222_0227,4,Who was at the table but was scared away by the white horse?,The black horse,4,2:22,2:27,False,,,,[],,requires exactly one supported explicit temporal connective
Fq-syS-0gQ0_0222_0227,5,What was the black horse at before it was scared away by the white horse?,A table,3,2:22,2:27,True,before,What was the black horse at,it was scared away by the white horse,"['What was the black horse at', 'it was scared away by the white horse']",What was the black horse at,deterministic single-connective split
Fq-syS-0gQ0_0222_0227,6,Who scared the black horse away from the table?,The white horse,2,2:22,2:27,False,,,,[],,requires exactly one supported explicit temporal connective
Fq-syS-0gQ0_0658_0702,4,Who grins every time a man wants to take a picture of it?,The horse,3,6:58,7:02,False,,,,[],,requires exactly one supported explicit temporal connective
Fq-syS-0gQ0_0658_0702,5,What happens every time this man wants to take a picture of the horse?,The horse grins,1,6:58,7:02,False,,,,[],,requires exactly one supported explicit temporal connective
Fq-syS-0gQ0_0917_0926,3,Who holds the chain and tries to put it on the horse then puts it down?,The boy in the helmet,2,9:17,9:26,True,then,Who holds the chain and tries to put it on the horse,puts it down,"['Who holds the chain and tries to put it on the horse', 'puts it down']",Who holds the chain and tries to put it on the horse,deterministic single-connective split
Fq-syS-0gQ0_0917_0926,4,What does the boy in the helmet try to put the chain on then puts it down?,The white horse,1,9:17,9:26,True,then,What does the boy in the helmet try to put the chain on,puts it down,"['What does the boy in the helmet try to put the chain on', 'puts it down']",What does the boy in the helmet try to put the chain on,deterministic single-connective split
Fq-syS-0gQ0_1010_1016,7,Who bends down to give the horse a hug after she rides over an obstacle?,This little girl,1,10:10,10:16,True,after,Who bends down to give the horse a hug,she rides over an obstacle,"['she rides over an obstacle', 'Who bends down to give the horse a hug']",Who bends down to give the horse a hug,deterministic single-connective split
Fq-syS-0gQ0_1010_1016,8,What does the little girl bend down to give a hug to after she rides over an obstacle?,The horse,2,10:10,10:16,True,after,What does the little girl bend down to give a hug to,she rides over an obstacle,"['she rides over an obstacle', 'What does the little girl bend down to give a hug to']",What does the little girl bend down to give a hug to,deterministic single-connective split
Fq-syS-0gQ0_1010_1016,9,What does the little girl ride over before she bends down to give the horse a hug?,An obstacle,3,10:10,10:16,True,before,What does the little girl ride over,she bends down to give the horse a hug,"['What does the little girl ride over', 'she bends down to give the horse a hug']",What does the little girl ride over,deterministic single-connective split
Fq-syS-0gQ0_1018_1024,3,Who reaches over to pat the horse after the horse sticks it out?,The woman,3,10:18,10:24,True,after,Who reaches over to pat the horse,the horse sticks it out,"['the horse sticks it out', 'Who reaches over to pat the horse']",Who reaches over to pat the horse,deterministic single-connective split
Fq-syS-0gQ0_1018_1024,4,What does the woman pat after the horse sticks it out?,The horse,1,10:18,10:24,True,after,What does the woman pat,the horse sticks it out,"['the horse sticks it out', 'What does the woman pat']",What does the woman pat,deterministic single-connective split
Fq-syS-0gQ0_1101_1106,3,Who keeps running after the man falls off its back?,This horse,2,11:01,11:06,True,after,Who keeps running,the man falls off its back,"['the man falls off its back', 'Who keeps running']",Who keeps running,deterministic single-connective split
Fq-syS-0gQ0_1101_1106,4,Who falls off the back of the horse?,This man,1,11:01,11:06,False,,,,[],,requires exactly one supported explicit temporal connective
Fq-syS-0gQ0_1329_1342,3,Who stuck the ring between the door and her?,The woman,1,13:33,13:42,False,,,,[],,requires exactly one supported explicit temporal connective
Fq-syS-0gQ0_1329_1342,4,What did the woman stick between the door and her?,The swim ring,2,13:33,13:42,False,,,,[],,requires exactly one supported explicit temporal connective
Fq-syS-0gQ0_1329_1342,5,Who got its head into the swim ring after the woman stuck it between the door and her?,The horse,3,13:33,13:42,True,after,Who got its head into the swim ring,the woman stuck it between the door and her,"['the woman stuck it between the door and her', 'Who got its head into the swim ring']",Who got its head into the swim ring,deterministic single-connective split
Fq-syS-0gQ0_1329_1342,8,Who feeds the horse food after the horse puts its head in the swim ring?,The woman,1,13:35,13:42,True,after,Who feeds the horse food,the horse puts its head in the swim ring,"['the horse puts its head in the swim ring', 'Who feeds the horse food']",Who feeds the horse food,deterministic single-connective split
Fq-syS-0gQ0_1329_1342,9,What does the woman feed the horse after the horse puts its head in the swim ring?,Food,3,13:35,13:42,True,after,What does the woman feed the horse,the horse puts its head in the swim ring,"['the horse puts its head in the swim ring', 'What does the woman feed the horse']",What does the woman feed the horse,deterministic single-connective split
Fq-syS-0gQ0_1329_1342,10,What does the horse put its head in before the woman feeds it?,The swim ring,2,13:35,13:42,True,before,What does the horse put its head in,the woman feeds it,"['What does the horse put its head in', 'the woman feeds it']",What does the horse put its head in,deterministic single-connective split
669xTwhEZz0_0145_0151,7,Who bends down to give the horse a hug after she rides over an obstacle?,The girl,1,1:45,1:51,True,after,Who bends down to give the horse a hug,she rides over an obstacle,"['she rides over an obstacle', 'Who bends down to give the horse a hug']",Who bends down to give the horse a hug,deterministic single-connective split
669xTwhEZz0_0145_0151,8,What does the girl bend down to hug after riding over an obstacle?,A horse,2,1:45,1:51,True,after,What does the girl bend down to hug,riding over an obstacle,"['riding over an obstacle', 'What does the girl bend down to hug']",What does the girl bend down to hug,deterministic single-connective split
669xTwhEZz0_0145_0151,9,What does the girl ride over before she bends down to give the horse a hug?,Obstacles,3,1:45,1:51,True,before,What does the girl ride over,she bends down to give the horse a hug,"['What does the girl ride over', 'she bends down to give the horse a hug']",What does the girl ride over,deterministic single-connective split
-4UIxzg2NVE_0455_0510,1,Who puts the plate on the table after moving the cup and the knife out of the way?,The man,1,5:01,5:06,True,after,Who puts the plate on the table,moving the cup and the knife out of the way,"['moving the cup and the knife out of the way', 'Who puts the plate on the table']",Who puts the plate on the table,deterministic single-connective split
-4UIxzg2NVE_0455_0510,2,What does the man put on the table after moving the cup and the knife out of the way?,The plate,2,5:01,5:06,True,after,What does the man put on the table,moving the cup and the knife out of the way,"['moving the cup and the knife out of the way', 'What does the man put on the table']",What does the man put on the table,deterministic single-connective split
-4UIxzg2NVE_0455_0510,3,Where does the man put the plate after moving the cup and the knife out of the way?,The table,3,5:01,5:06,True,after,Where does the man put the plate,moving the cup and the knife out of the way,"['moving the cup and the knife out of the way', 'Where does the man put the plate']",Where does the man put the plate,deterministic single-connective split
-4UIxzg2NVE_0635_0650,1,Who bites into the burger after the little girl refused to eat it?,The man,1,6:38,6:45,True,after,Who bites into the burger,the little girl refused to eat it,"['the little girl refused to eat it', 'Who bites into the burger']",Who bites into the burger,deterministic single-connective split
-4UIxzg2NVE_0635_0650,2,What does the man bite into after the little girl refused to eat it?,The burger,2,6:38,6:45,True,after,What does the man bite into,the little girl refused to eat it,"['the little girl refused to eat it', 'What does the man bite into']",What does the man bite into,deterministic single-connective split
-4UIxzg2NVE_1235_1247,1,Who puts the weight back on the rack after taking it away from the little girl's hand?,The man,1,12:41,12:45,True,after,Who puts the weight back on the rack,taking it away from the little girl's hand,"[""taking it away from the little girl's hand"", 'Who puts the weight back on the rack']",Who puts the weight back on the rack,deterministic single-connective split
-4UIxzg2NVE_1235_1247,2,What does the man put back on the rack after taking it away from the little girl's hand?,The weight,2,12:41,12:45,True,after,What does the man put back on the rack,taking it away from the little girl's hand,"[""taking it away from the little girl's hand"", 'What does the man put back on the rack']",What does the man put back on the rack,deterministic single-connective split
-4UIxzg2NVE_1235_1247,3,Where does the man put the weight back after taking it away from the little girl's hand?,The rack,3,12:41,12:45,True,after,Where does the man put the weight back,taking it away from the little girl's hand,"[""taking it away from the little girl's hand"", 'Where does the man put the weight back']",Where does the man put the weight back,deterministic single-connective split
gWrM4U_XUxE_1027_1040,1,Who throws the baby in the air and catches it afterwards?,The man,1,10:27,10:32,False,,,,[],,requires exactly one supported explicit temporal connective
gWrM4U_XUxE_1027_1040,2,Who does the man throw in the air and catch afterwards?,The baby,2,10:27,10:32,False,,,,[],,requires exactly one supported explicit temporal connective
iokT0XXOc5U_0235_0245,1,Who scores the ball after receiving a skillful cross from the other man in the same jersey?,The man,1,2:39,2:42,True,after,Who scores the ball,receiving a skillful cross from the other man in the same jersey,"['receiving a skillful cross from the other man in the same jersey', 'Who scores the ball']",Who scores the ball,deterministic single-connective split
iokT0XXOc5U_0235_0245,2,What does the man score after receiving a skillful cross from the other man in the same jersey?,The ball,2,2:39,2:42,True,after,What does the man score,receiving a skillful cross from the other man in the same jersey,"['receiving a skillful cross from the other man in the same jersey', 'What does the man score']",What does the man score,deterministic single-connective split
iokT0XXOc5U_1000_1010,1,Who picks up the ball after the attacking player kicks the ball past the defending player?,The goalkeeper,1,10:03,10:06,True,after,Who picks up the ball,the attacking player kicks the ball past the defending player,"['the attacking player kicks the ball past the defending player', 'Who picks up the ball']",Who picks up the ball,deterministic single-connective split
iokT0XXOc5U_1000_1010,2,What does the goalkeeper pick up after the attacking player kicks it past the defending player?,The ball,2,10:03,10:06,True,after,What does the goalkeeper pick up,the attacking player kicks it past the defending player,"['the attacking player kicks it past the defending player', 'What does the goalkeeper pick up']",What does the goalkeeper pick up,deterministic single-connective split
CosQ8EcauC0_0600_0615,1,Who picks up a rock after throwing a different rock?,The baby,1,6:01,6:07,True,after,Who picks up a rock,throwing a different rock,"['throwing a different rock', 'Who picks up a rock']",Who picks up a rock,deterministic single-connective split
CosQ8EcauC0_0600_0615,2,What does the baby pick up after throwing a different rock?,The rock,2,6:01,6:07,True,after,What does the baby pick up,throwing a different rock,"['throwing a different rock', 'What does the baby pick up']",What does the baby pick up,deterministic single-connective split
CosQ8EcauC0_0910_0920,1,Who takes a sip of coffee after moving a pair of glasses?,The man,1,9:14,9:17,True,after,Who takes a sip of coffee,moving a pair of glasses,"['moving a pair of glasses', 'Who takes a sip of coffee']",Who takes a sip of coffee,deterministic single-connective split
CosQ8EcauC0_0910_0920,2,What does the man take a sip of after moving a pair of glasses?,coffee,2,9:14,9:17,True,after,What does the man take a sip of,moving a pair of glasses,"['moving a pair of glasses', 'What does the man take a sip of']",What does the man take a sip of,deterministic single-connective split
CosQ8EcauC0_1520_1530,1,Who throws the ice after picking it up?,The woman,1,15:22,15:25,True,after,Who throws the ice,picking it up,"['picking it up', 'Who throws the ice']",Who throws the ice,deterministic single-connective split
CosQ8EcauC0_1520_1530,2,What does the woman throw after picking it up?,The ice,2,15:22,15:25,True,after,What does the woman throw,picking it up,"['picking it up', 'What does the woman throw']",What does the woman throw,deterministic single-connective split
CosQ8EcauC0_2220_2230,1,Who lovingly hugs the baby after patting it?,The woman,1,22:23,22:26,True,after,Who lovingly hugs the baby,patting it,"['patting it', 'Who lovingly hugs the baby']",Who lovingly hugs the baby,deterministic single-connective split
CosQ8EcauC0_2220_2230,2,Who does the woman lovingly hug after patting?,The baby,2,22:23,22:26,True,after,Who does the woman lovingly hug,patting,"['patting', 'Who does the woman lovingly hug']",Who does the woman lovingly hug,deterministic single-connective split
-lYEM-MDYnM_0545_0600,1,Who walks through the door after opening it?,The woman,1,5:46,5:55,True,after,Who walks through the door,opening it,"['opening it', 'Who walks through the door']",Who walks through the door,deterministic single-connective split
-lYEM-MDYnM_0545_0600,2,What does the woman walk through after opening it?,The door,2,5:46,5:55,True,after,What does the woman walk through,opening it,"['opening it', 'What does the woman walk through']",What does the woman walk through,deterministic single-connective split
-lYEM-MDYnM_0720_0735,1,Who cuts the vegetables before putting them in the pan?,The woman,1,7:27,7:33,True,before,Who cuts the vegetables,putting them in the pan,"['Who cuts the vegetables', 'putting them in the pan']",Who cuts the vegetables,deterministic single-connective split
-lYEM-MDYnM_0720_0735,2,What does the woman cut before putting in the pan?,The vegetables,2,7:27,7:33,True,before,What does the woman cut,putting in the pan,"['What does the woman cut', 'putting in the pan']",What does the woman cut,deterministic single-connective split
-lYEM-MDYnM_1605_1620,1,Who pops the balloon with the walking stick before picking up the balloon?,The man,1,16:05,16:10,True,before,Who pops the balloon with the walking stick,picking up the balloon,"['Who pops the balloon with the walking stick', 'picking up the balloon']",Who pops the balloon with the walking stick,deterministic single-connective split
-lYEM-MDYnM_1605_1620,2,What does the man pop with the walking stick before picking it up?,The balloon,2,16:05,16:10,True,before,What does the man pop with the walking stick,picking it up,"['What does the man pop with the walking stick', 'picking it up']",What does the man pop with the walking stick,deterministic single-connective split
-lYEM-MDYnM_1605_1620,3,What does the man use to pop the balloon before picking it up?,The walking stick,3,16:05,16:10,True,before,What does the man use to pop the balloon,picking it up,"['What does the man use to pop the balloon', 'picking it up']",What does the man use to pop the balloon,deterministic single-connective split
-lYEM-MDYnM_2140_2155,1,Who closes the door behind the baby after the baby steps out of the doorway?,The woman,1,21:43,21:50,True,after,Who closes the door behind the baby,the baby steps out of the doorway,"['the baby steps out of the doorway', 'Who closes the door behind the baby']",Who closes the door behind the baby,deterministic single-connective split
-lYEM-MDYnM_2140_2155,2,What does the woman close behind the baby after the baby steps out of the doorway?,The door,2,21:43,21:50,True,after,What does the woman close behind the baby,the baby steps out of the doorway,"['the baby steps out of the doorway', 'What does the woman close behind the baby']",What does the woman close behind the baby,deterministic single-connective split
-lYEM-MDYnM_2140_2155,3,Behind whom does the woman close the door after this person steps out of the doorway?,The baby,3,21:43,21:50,True,after,Behind whom does the woman close the door,this person steps out of the doorway,"['this person steps out of the doorway', 'Behind whom does the woman close the door']",Behind whom does the woman close the door,deterministic single-connective split
gAKuJbwMP8g_0945_1000,1,Who closes the bottle of coca-cola after taking a sip?,The little girl,1,9:46,9:53,True,after,Who closes the bottle of coca-cola,taking a sip,"['taking a sip', 'Who closes the bottle of coca-cola']",Who closes the bottle of coca-cola,deterministic single-connective split
gAKuJbwMP8g_0945_1000,2,What does the little girl close after taking a sip of coca-cola?,The bottle of coca-cola,2,9:46,9:53,True,after,What does the little girl close,taking a sip of coca-cola,"['taking a sip of coca-cola', 'What does the little girl close']",What does the little girl close,deterministic single-connective split
gAKuJbwMP8g_1050_1105,1,Who takes a bite of the candy before giving it to the little girl?,The man,1,10:59,11:05,True,before,Who takes a bite of the candy,giving it to the little girl,"['Who takes a bite of the candy', 'giving it to the little girl']",Who takes a bite of the candy,deterministic single-connective split
gAKuJbwMP8g_1050_1105,2,What does the man take a bite of before giving it to the little girl?,The candy,2,10:59,11:05,True,before,What does the man take a bite of,giving it to the little girl,"['What does the man take a bite of', 'giving it to the little girl']",What does the man take a bite of,deterministic single-connective split
gAKuJbwMP8g_1645_1700,1,Who points to the monkey sticker on the door before doing the dab?,The man,1,16:48,16:59,True,before,Who points to the monkey sticker on the door,doing the dab,"['Who points to the monkey sticker on the door', 'doing the dab']",Who points to the monkey sticker on the door,deterministic single-connective split
gAKuJbwMP8g_1645_1700,2,What does the man point to on the door before he does the dab?,The monkey sticker,2,16:48,16:59,True,before,What does the man point to on the door,he does the dab,"['What does the man point to on the door', 'he does the dab']",What does the man point to on the door,deterministic single-connective split
gAKuJbwMP8g_1645_1700,3,Where does the man point to the monkey sticker before he does the dab?,The door,3,16:48,16:59,True,before,Where does the man point to the monkey sticker,he does the dab,"['Where does the man point to the monkey sticker', 'he does the dab']",Where does the man point to the monkey sticker,deterministic single-connective split
oGH38H6w5PY_0125_0135,1,Who hits the ball after the boy in the white shirt pitches the ball?,The boy with the bat,1,1:32,1:35,True,after,Who hits the ball,the boy in the white shirt pitches the ball,"['the boy in the white shirt pitches the ball', 'Who hits the ball']",Who hits the ball,deterministic single-connective split
oGH38H6w5PY_0125_0135,2,What does the boy with the bat hit after the boy in the white shirt pitches?,The ball,2,1:32,1:35,True,after,What does the boy with the bat hit,the boy in the white shirt pitches,"['the boy in the white shirt pitches', 'What does the boy with the bat hit']",What does the boy with the bat hit,deterministic single-connective split
oGH38H6w5PY_0145_0155,1,Who catches the ball after the boy with the bat hits the ball?,The boy in red,1,1:45,1:48,True,after,Who catches the ball,the boy with the bat hits the ball,"['the boy with the bat hits the ball', 'Who catches the ball']",Who catches the ball,deterministic single-connective split
oGH38H6w5PY_0145_0155,2,What does the boy in red catch after the boy with the bat hits?,The ball,2,1:45,1:48,True,after,What does the boy in red catch,the boy with the bat hits,"['the boy with the bat hits', 'What does the boy in red catch']",What does the boy in red catch,deterministic single-connective split
oGH38H6w5PY_0225_0235,1,Who throws the ball to the boy at the base before he fails to catch it?,The boy in white,1,2:29,2:32,True,before,Who throws the ball to the boy at the base,he fails to catch it,"['Who throws the ball to the boy at the base', 'he fails to catch it']",Who throws the ball to the boy at the base,deterministic single-connective split
oGH38H6w5PY_0225_0235,2,What does the boy in white throw to the boy at the base before he fails to catch it?,The ball,2,2:29,2:32,True,before,What does the boy in white throw to the boy at the base,he fails to catch it,"['What does the boy in white throw to the boy at the base', 'he fails to catch it']",What does the boy in white throw to the boy at the base,deterministic single-connective split
oGH38H6w5PY_0225_0235,3,To whom does the boy in white throw the ball before he fails to catch it?,The boy at the base,3,2:29,2:32,True,before,To whom does the boy in white throw the ball,he fails to catch it,"['To whom does the boy in white throw the ball', 'he fails to catch it']",To whom does the boy in white throw the ball,deterministic single-connective split
oGH38H6w5PY_0235_0245,1,Who makes it to the base before being hit in the head with the ball?,The boy with the helmet,1,2:40,2:43,True,before,Who makes it to the base,being hit in the head with the ball,"['Who makes it to the base', 'being hit in the head with the ball']",Who makes it to the base,deterministic single-connective split
oGH38H6w5PY_0235_0245,2,What does the boy with the helmet make it to before being hit in the head with the ball?,The base,2,2:40,2:43,True,before,What does the boy with the helmet make it to,being hit in the head with the ball,"['What does the boy with the helmet make it to', 'being hit in the head with the ball']",What does the boy with the helmet make it to,deterministic single-connective split
oGH38H6w5PY_0255_0305,1,Who catches the ball after the boy in red hits it?,The boy in blue,1,2:57,3:00,True,after,Who catches the ball,the boy in red hits it,"['the boy in red hits it', 'Who catches the ball']",Who catches the ball,deterministic single-connective split
oGH38H6w5PY_0255_0305,2,What does the boy in blue catch after the boy in red hits it?,The ball,2,2:57,3:00,True,after,What does the boy in blue catch,the boy in red hits it,"['the boy in red hits it', 'What does the boy in blue catch']",What does the boy in blue catch,deterministic single-connective split
oGH38H6w5PY_0300_0310,1,Who throws the ball back to the catcher before the boy in black runs back to third base?,The boy in blue,1,3:00,3:03,True,before,Who throws the ball back to the catcher,the boy in black runs back to third base,"['Who throws the ball back to the catcher', 'the boy in black runs back to third base']",Who throws the ball back to the catcher,deterministic single-connective split
oGH38H6w5PY_0300_0310,2,What does the boy in blue throw back to the catcher before the boy in black runs back to third base?,The ball,2,3:00,3:03,True,before,What does the boy in blue throw back to the catcher,the boy in black runs back to third base,"['What does the boy in blue throw back to the catcher', 'the boy in black runs back to third base']",What does the boy in blue throw back to the catcher,deterministic single-connective split
oGH38H6w5PY_0300_0310,3,To whom does the boy in blue throw the ball back before the boy in black runs back to third base?,The catcher,3,3:00,3:03,True,before,To whom does the boy in blue throw the ball back,the boy in black runs back to third base,"['To whom does the boy in blue throw the ball back', 'the boy in black runs back to third base']",To whom does the boy in blue throw the ball back,deterministic single-connective split
oGH38H6w5PY_0345_0355,1,Who hits the batter with the ball before the batter runs to first base?,The pitcher,1,3:49,3:52,True,before,Who hits the batter with the ball,the batter runs to first base,"['Who hits the batter with the ball', 'the batter runs to first base']",Who hits the batter with the ball,deterministic single-connective split
oGH38H6w5PY_0345_0355,2,Who does the pitcher hit with the ball before running to first base?,The batter,2,3:49,3:52,True,before,Who does the pitcher hit with the ball,running to first base,"['Who does the pitcher hit with the ball', 'running to first base']",Who does the pitcher hit with the ball,deterministic single-connective split
oGH38H6w5PY_0345_0355,3,What does the pitcher hit the batter with before the batter runs to first base?,The ball,3,3:49,3:52,True,before,What does the pitcher hit the batter with,the batter runs to first base,"['What does the pitcher hit the batter with', 'the batter runs to first base']",What does the pitcher hit the batter with,deterministic single-connective split
oGH38H6w5PY_0420_0430,1,Who misses the ball after the boy with the bat hits the ball?,The boy in red,1,4:26,4:30,True,after,Who misses the ball,the boy with the bat hits the ball,"['the boy with the bat hits the ball', 'Who misses the ball']",Who misses the ball,deterministic single-connective split
oGH38H6w5PY_0420_0430,2,What does the boy in red miss after the boy with the bat hits it?,The ball,2,4:26,4:30,True,after,What does the boy in red miss,the boy with the bat hits it,"['the boy with the bat hits it', 'What does the boy in red miss']",What does the boy in red miss,deterministic single-connective split
oGH38H6w5PY_0550_0600,1,Who gets the batter out after catching the ball from the boy in the blue shirt?,The boy at first base,1,5:53,5:56,True,after,Who gets the batter out,catching the ball from the boy in the blue shirt,"['catching the ball from the boy in the blue shirt', 'Who gets the batter out']",Who gets the batter out,deterministic single-connective split
oGH38H6w5PY_0550_0600,2,Who does the boy at first base get out after catching the ball from the boy in the blue shirt?,the batter,2,5:53,5:56,True,after,Who does the boy at first base get out,catching the ball from the boy in the blue shirt,"['catching the ball from the boy in the blue shirt', 'Who does the boy at first base get out']",Who does the boy at first base get out,deterministic single-connective split
oGH38H6w5PY_0645_0655,1,Who picks up the ball after missing it the first time?,The boy in white,1,6:46,6:50,True,after,Who picks up the ball,missing it the first time,"['missing it the first time', 'Who picks up the ball']",Who picks up the ball,deterministic single-connective split
oGH38H6w5PY_0645_0655,2,What does the boy in white pick up after he misses it the first time?,The ball,2,6:46,6:50,True,after,What does the boy in white pick up,he misses it the first time,"['he misses it the first time', 'What does the boy in white pick up']",What does the boy in white pick up,deterministic single-connective split
oGH38H6w5PY_0735_0745,1,Who throws the ball to first base before the boy at first base catches the ball?,The boy in white,1,7:36,7:39,True,before,Who throws the ball to first base,the boy at first base catches the ball,"['Who throws the ball to first base', 'the boy at first base catches the ball']",Who throws the ball to first base,deterministic single-connective split
oGH38H6w5PY_0735_0745,2,What does the boy in white throw to first base before the boy at first base catches it?,The ball,2,7:36,7:39,True,before,What does the boy in white throw to first base,the boy at first base catches it,"['What does the boy in white throw to first base', 'the boy at first base catches it']",What does the boy in white throw to first base,deterministic single-connective split
oGH38H6w5PY_0750_0800,1,Who catches the ball before throwing it to the boy at first base?,The pitcher,1,7:51,7:56,True,before,Who catches the ball,throwing it to the boy at first base,"['Who catches the ball', 'throwing it to the boy at first base']",Who catches the ball,deterministic single-connective split
oGH38H6w5PY_0750_0800,2,What does the pitcher catch before throwing to the boy at first base?,The ball,2,7:51,7:56,True,before,What does the pitcher catch,throwing to the boy at first base,"['What does the pitcher catch', 'throwing to the boy at first base']",What does the pitcher catch,deterministic single-connective split
oGH38H6w5PY_0800_0810,1,Who catches the ball before throwing it to the boy at first base?,The pitcher,1,8:03,8:07,True,before,Who catches the ball,throwing it to the boy at first base,"['Who catches the ball', 'throwing it to the boy at first base']",Who catches the ball,deterministic single-connective split
oGH38H6w5PY_0800_0810,2,What does the pitcher catch before throwing it to the boy at first base?,The ball,2,8:03,8:07,True,before,What does the pitcher catch,throwing it to the boy at first base,"['What does the pitcher catch', 'throwing it to the boy at first base']",What does the pitcher catch,deterministic single-connective split
oGH38H6w5PY_0920_0930,1,Who catches the ball after the batter hits the ball?,The pitcher,1,9:22,9:25,True,after,Who catches the ball,the batter hits the ball,"['the batter hits the ball', 'Who catches the ball']",Who catches the ball,deterministic single-connective split
oGH38H6w5PY_0920_0930,2,What does the pitcher catch after the batter hits it?,The ball,2,9:22,9:25,True,after,What does the pitcher catch,the batter hits it,"['the batter hits it', 'What does the pitcher catch']",What does the pitcher catch,deterministic single-connective split
MdGsxEOHq1Q_0040_0050,1,Who catches the ball after the batter hits the ball?,The catcher,1,0:44,0:47,True,after,Who catches the ball,the batter hits the ball,"['the batter hits the ball', 'Who catches the ball']",Who catches the ball,deterministic single-connective split
MdGsxEOHq1Q_0040_0050,2,What does the catcher catch after the batter hits it?,The ball,2,0:44,0:47,True,after,What does the catcher catch,the batter hits it,"['the batter hits it', 'What does the catcher catch']",What does the catcher catch,deterministic single-connective split
MdGsxEOHq1Q_0120_0130,1,Who chases the ball after the batter hits the ball?,The pitcher,1,1:20,1:23,True,after,Who chases the ball,the batter hits the ball,"['the batter hits the ball', 'Who chases the ball']",Who chases the ball,deterministic single-connective split
MdGsxEOHq1Q_0120_0130,2,What does the pitcher chase after the batter hits it?,The ball,2,1:20,1:23,True,after,What does the pitcher chase,the batter hits it,"['the batter hits it', 'What does the pitcher chase']",What does the pitcher chase,deterministic single-connective split
MdGsxEOHq1Q_0400_0410,1,What goes all the way to the fence after the batter hits it?,The ball,1,4:04,4:10,True,after,What goes all the way to the fence,the batter hits it,"['the batter hits it', 'What goes all the way to the fence']",What goes all the way to the fence,deterministic single-connective split
MdGsxEOHq1Q_0400_0410,2,Where does the ball go after the batter hits it?,The fence,2,4:04,4:10,True,after,Where does the ball go,the batter hits it,"['the batter hits it', 'Where does the ball go']",Where does the ball go,deterministic single-connective split
MdGsxEOHq1Q_0410_0420,1,Who throws the ball to the player in white after picking up the ball?,The player with the number 24 jersey,1,4:11,4:14,True,after,Who throws the ball to the player in white,picking up the ball,"['picking up the ball', 'Who throws the ball to the player in white']",Who throws the ball to the player in white,deterministic single-connective split
MdGsxEOHq1Q_0410_0420,2,What does the player with the number 24 jersey throw to the player in white after picking it up?,The ball,2,4:11,4:14,True,after,What does the player with the number 24 jersey throw to the player in white,picking it up,"['picking it up', 'What does the player with the number 24 jersey throw to the player in white']",What does the player with the number 24 jersey throw to the player in white,deterministic single-connective split
MdGsxEOHq1Q_0410_0420,3,To whom does the player with the number 24 jersey throw the ball after picking it up?,The player in white,3,4:11,4:14,True,after,To whom does the player with the number 24 jersey throw the ball,picking it up,"['picking it up', 'To whom does the player with the number 24 jersey throw the ball']",To whom does the player with the number 24 jersey throw the ball,deterministic single-connective split
MdGsxEOHq1Q_0520_0530,1,Who tosses the ball at the boy with the bat before the boy with the bat hits the ball?,The boy in white,1,5:27,5:30,True,before,Who tosses the ball at the boy with the bat,the boy with the bat hits the ball,"['Who tosses the ball at the boy with the bat', 'the boy with the bat hits the ball']",Who tosses the ball at the boy with the bat,deterministic single-connective split
MdGsxEOHq1Q_0520_0530,2,What does the boy in white toss at the boy with the bat before the boy with the bat hits it?,The ball,2,5:27,5:30,True,before,What does the boy in white toss at the boy with the bat,the boy with the bat hits it,"['What does the boy in white toss at the boy with the bat', 'the boy with the bat hits it']",What does the boy in white toss at the boy with the bat,deterministic single-connective split
MdGsxEOHq1Q_0520_0530,3,Who does the boy in white toss the ball at before he hits the ball?,The boy with the bat,3,5:27,5:30,True,before,Who does the boy in white toss the ball at,he hits the ball,"['Who does the boy in white toss the ball at', 'he hits the ball']",Who does the boy in white toss the ball at,deterministic single-connective split
MdGsxEOHq1Q_0525_0535,1,Who throws the ball to the player at first base after catching the ball?,The boy,1,5:29,5:32,True,after,Who throws the ball to the player at first base,catching the ball,"['catching the ball', 'Who throws the ball to the player at first base']",Who throws the ball to the player at first base,deterministic single-connective split
MdGsxEOHq1Q_0525_0535,2,What does the boy throw to the player at first base after catching?,The ball,2,5:29,5:32,True,after,What does the boy throw to the player at first base,catching,"['catching', 'What does the boy throw to the player at first base']",What does the boy throw to the player at first base,deterministic single-connective split
MdGsxEOHq1Q_0525_0535,3,To whom does the boy throw the ball after catching it?,The player at first base,3,5:29,5:32,True,after,To whom does the boy throw the ball,catching it,"['catching it', 'To whom does the boy throw the ball']",To whom does the boy throw the ball,deterministic single-connective split
MdGsxEOHq1Q_0605_0615,1,Who catches the ball after the man in yellow throws it?,The boy in white,1,6:10,6:13,True,after,Who catches the ball,the man in yellow throws it,"['the man in yellow throws it', 'Who catches the ball']",Who catches the ball,deterministic single-connective split
MdGsxEOHq1Q_0605_0615,2,What does the boy in white catch after the man in yellow throws it?,The ball,2,6:10,6:13,True,after,What does the boy in white catch,the man in yellow throws it,"['the man in yellow throws it', 'What does the boy in white catch']",What does the boy in white catch,deterministic single-connective split
Ce9NkbrKAuI_2215_2225,1,Who takes a bite of the pizza slice to try it after his daughter had a bite and says it is good?,The man,1,22:21,22:24,True,after,Who takes a bite of the pizza slice to try it,his daughter had a bite and says it is good,"['his daughter had a bite and says it is good', 'Who takes a bite of the pizza slice to try it']",Who takes a bite of the pizza slice to try it,deterministic single-connective split
Ce9NkbrKAuI_2215_2225,2,What does the man take to try it after his daughter had a bite and says it is good?,The bite of the pizza,2,22:21,22:24,True,after,What does the man take to try it,his daughter had a bite and says it is good,"['his daughter had a bite and says it is good', 'What does the man take to try it']",What does the man take to try it,deterministic single-connective split
7IR3sdBD-Mg_1039_1050,1,Who lifts the girl by holding her coat after she refuses to get up from the floor?,The man,1,10:43,10:50,True,after,Who lifts the girl by holding her coat,she refuses to get up from the floor,"['she refuses to get up from the floor', 'Who lifts the girl by holding her coat']",Who lifts the girl by holding her coat,deterministic single-connective split
7IR3sdBD-Mg_1039_1050,2,Who does the man lift by holding her coat after she refuses to get up from the floor?,The girl,2,10:43,10:50,True,after,Who does the man lift by holding her coat,she refuses to get up from the floor,"['she refuses to get up from the floor', 'Who does the man lift by holding her coat']",Who does the man lift by holding her coat,deterministic single-connective split
7IR3sdBD-Mg_1154_1200,1,Who jumps from the wooden log after the man signals a pose to jump?,The girl,1,11:56,12:00,True,after,Who jumps from the wooden log,the man signals a pose to jump,"['the man signals a pose to jump', 'Who jumps from the wooden log']",Who jumps from the wooden log,deterministic single-connective split
7IR3sdBD-Mg_1154_1200,2,What does the girl jump from after the man signals a pose to jump?,The wooden log,2,11:56,12:00,True,after,What does the girl jump from,the man signals a pose to jump,"['the man signals a pose to jump', 'What does the girl jump from']",What does the girl jump from,deterministic single-connective split
PiOGSYjlT0A_0207_0215,1,Who bites the burger before doing the happy dance by moving side to side?,The man,1,2:10,2:15,True,before,Who bites the burger,doing the happy dance by moving side to side,"['Who bites the burger', 'doing the happy dance by moving side to side']",Who bites the burger,deterministic single-connective split
PiOGSYjlT0A_0207_0215,2,What does the man bite before doing the happy dance by moving side to side?,The burger,2,2:10,2:15,True,before,What does the man bite,doing the happy dance by moving side to side,"['What does the man bite', 'doing the happy dance by moving side to side']",What does the man bite,deterministic single-connective split
PiOGSYjlT0A_0536_0549,5,Who swims back to the girl after tossing her in the pool?,The man,1,5:46,5:49,True,after,Who swims back to the girl,tossing her in the pool,"['tossing her in the pool', 'Who swims back to the girl']",Who swims back to the girl,deterministic single-connective split
PiOGSYjlT0A_0536_0549,6,Who does the man swim back to after tossing her in the pool?,The girl,2,5:46,5:49,True,after,Who does the man swim back to,tossing her in the pool,"['tossing her in the pool', 'Who does the man swim back to']",Who does the man swim back to,deterministic single-connective split
PiOGSYjlT0A_2140_2150,1,Who tries to squeeze the syrup bottle before opening the cap?,The man,1,21:42,21:48,True,before,Who tries to squeeze the syrup bottle,opening the cap,"['Who tries to squeeze the syrup bottle', 'opening the cap']",Who tries to squeeze the syrup bottle,deterministic single-connective split
PiOGSYjlT0A_2140_2150,2,What does the man try to squeeze before opening the cap?,The syrup bottle,2,21:42,21:48,True,before,What does the man try to squeeze,opening the cap,"['What does the man try to squeeze', 'opening the cap']",What does the man try to squeeze,deterministic single-connective split
PiOGSYjlT0A_2145_2155,1,Who passes the syrup bottle to the girl after drizzling syrup on his pancakes?,The man,1,21:48,21:52,True,after,Who passes the syrup bottle to the girl,drizzling syrup on his pancakes,"['drizzling syrup on his pancakes', 'Who passes the syrup bottle to the girl']",Who passes the syrup bottle to the girl,deterministic single-connective split
PiOGSYjlT0A_2145_2155,2,What does the man pass to the girl after drizzling syrup on his pancakes?,The syrup bottle,2,21:48,21:52,True,after,What does the man pass to the girl,drizzling syrup on his pancakes,"['drizzling syrup on his pancakes', 'What does the man pass to the girl']",What does the man pass to the girl,deterministic single-connective split
D5ZVNpItdWY_0804_0809,1,Who adjusts the ponytail after spraying the conditioner?,The man,1,8:05,8:09,True,after,Who adjusts the ponytail,spraying the conditioner,"['spraying the conditioner', 'Who adjusts the ponytail']",Who adjusts the ponytail,deterministic single-connective split
D5ZVNpItdWY_0804_0809,2,What does the man spray before adjusting the ponytail?,The conditioner,2,8:05,8:09,True,before,What does the man spray,adjusting the ponytail,"['What does the man spray', 'adjusting the ponytail']",What does the man spray,deterministic single-connective split
D5ZVNpItdWY_0804_0809,3,What does the man adjust after spraying the conditioner?,The ponytail,3,8:05,8:09,True,after,What does the man adjust,spraying the conditioner,"['spraying the conditioner', 'What does the man adjust']",What does the man adjust,deterministic single-connective split
D5ZVNpItdWY_0805_0816,1,Who gives the girl a high-five after finishing her hairstyle?,The man,1,8:13,8:16,True,after,Who gives the girl a high-five,finishing her hairstyle,"['finishing her hairstyle', 'Who gives the girl a high-five']",Who gives the girl a high-five,deterministic single-connective split
D5ZVNpItdWY_0805_0816,2,Who does the man give a high-five to after finishing her hairstyle?,The girl,2,8:13,8:16,True,after,Who does the man give a high-five to,finishing her hairstyle,"['finishing her hairstyle', 'Who does the man give a high-five to']",Who does the man give a high-five to,deterministic single-connective split
D5ZVNpItdWY_2006_2014,3,Who lifts up the cushiony part of the couch before pushing the bottom part away?,The woman,1,20:07,20:11,True,before,Who lifts up the cushiony part of the couch,pushing the bottom part away,"['Who lifts up the cushiony part of the couch', 'pushing the bottom part away']",Who lifts up the cushiony part of the couch,deterministic single-connective split
D5ZVNpItdWY_2006_2014,4,What does the woman lift up before pushing the bottom part away?,The cushiony part of the couch,2,20:07,20:11,True,before,What does the woman lift up,pushing the bottom part away,"['What does the woman lift up', 'pushing the bottom part away']",What does the woman lift up,deterministic single-connective split
D5ZVNpItdWY_2035_2042,1,Who lifts up the rug and places it down after folding the girl in the rug?,The man,1,20:37,20:41,True,after,Who lifts up the rug and places it down,folding the girl in the rug,"['folding the girl in the rug', 'Who lifts up the rug and places it down']",Who lifts up the rug and places it down,deterministic single-connective split
D5ZVNpItdWY_2035_2042,2,What does the man lift up and place down after folding the girl in it?,The rug,2,20:37,20:41,True,after,What does the man lift up and place down,folding the girl in it,"['folding the girl in it', 'What does the man lift up and place down']",What does the man lift up and place down,deterministic single-connective split
D5ZVNpItdWY_2221_2235,1,Who opens the door before taking the laundry basket?,The girl,1,22:21,22:27,True,before,Who opens the door,taking the laundry basket,"['Who opens the door', 'taking the laundry basket']",Who opens the door,deterministic single-connective split
D5ZVNpItdWY_2221_2235,2,What does the girl open before taking the laundry basket?,The door,2,22:21,22:27,True,before,What does the girl open,taking the laundry basket,"['What does the girl open', 'taking the laundry basket']",What does the girl open,deterministic single-connective split
fb95b0kFOYg_0431_0438,1,Who hugs the girl after jumping to cross the ditch on the way?,The woman,1,4:33,4:38,True,after,Who hugs the girl,jumping to cross the ditch on the way,"['jumping to cross the ditch on the way', 'Who hugs the girl']",Who hugs the girl,deterministic single-connective split
fb95b0kFOYg_0431_0438,2,Who does the woman hug after jumping to cross the ditch on the way?,The girl,2,4:33,4:38,True,after,Who does the woman hug,jumping to cross the ditch on the way,"['jumping to cross the ditch on the way', 'Who does the woman hug']",Who does the woman hug,deterministic single-connective split
fb95b0kFOYg_1129_1136,1,Who dips the sushi roll in soy sauce before eating the sushi roll?,The girl,1,11:29,11:36,True,before,Who dips the sushi roll in soy sauce,eating the sushi roll,"['Who dips the sushi roll in soy sauce', 'eating the sushi roll']",Who dips the sushi roll in soy sauce,deterministic single-connective split
fb95b0kFOYg_1129_1136,2,What does the girl dip in soy sauce before eating it?,The sushi roll,2,11:29,11:36,True,before,What does the girl dip in soy sauce,eating it,"['What does the girl dip in soy sauce', 'eating it']",What does the girl dip in soy sauce,deterministic single-connective split
RkA1tnFjlQM_0322_0335,1,Who adjusts the bow in the girl's hand after giving the bow to the girl?,The man,1,3:22,3:32,True,after,Who adjusts the bow in the girl's hand,giving the bow to the girl,"['giving the bow to the girl', ""Who adjusts the bow in the girl's hand""]",Who adjusts the bow in the girl's hand,deterministic single-connective split
RkA1tnFjlQM_0322_0335,2,What does the man adjust in the girl's hand after giving it to the girl?,The bow,2,3:22,3:32,True,after,What does the man adjust in the girl's hand,giving it to the girl,"['giving it to the girl', ""What does the man adjust in the girl's hand""]",What does the man adjust in the girl's hand,deterministic single-connective split
RkA1tnFjlQM_0619_0625,1,Who keeps the pen back in the bag after the pen falls out of the bag?,The man,1,6:20,6:24,True,after,Who keeps the pen back in the bag,the pen falls out of the bag,"['the pen falls out of the bag', 'Who keeps the pen back in the bag']",Who keeps the pen back in the bag,deterministic single-connective split
RkA1tnFjlQM_0619_0625,2,What does the man keep back in the bag after it falls out of the bag?,The pen,2,6:20,6:24,True,after,What does the man keep back in the bag,it falls out of the bag,"['it falls out of the bag', 'What does the man keep back in the bag']",What does the man keep back in the bag,deterministic single-connective split
RkA1tnFjlQM_1220_1230,1,Who chops the wooden log into pieces after a few attempts with an axe?,The woman,1,12:20,12:30,True,after,Who chops the wooden log into pieces,a few attempts with an axe,"['a few attempts with an axe', 'Who chops the wooden log into pieces']",Who chops the wooden log into pieces,deterministic single-connective split
RkA1tnFjlQM_1220_1230,2,What does the woman chop into pieces after a few attempts with an axe?,The wooden log,2,12:20,12:30,True,after,What does the woman chop into pieces,a few attempts with an axe,"['a few attempts with an axe', 'What does the woman chop into pieces']",What does the woman chop into pieces,deterministic single-connective split
xoHJwXU0Fk4_0255_0305,1,Who shows how to roll the dough before the girl rolls the dough?,The woman,1,2:56,3:03,True,before,Who shows how to roll the dough,the girl rolls the dough,"['Who shows how to roll the dough', 'the girl rolls the dough']",Who shows how to roll the dough,deterministic single-connective split
xoHJwXU0Fk4_0255_0305,2,What does the woman show how to roll before the girl rolls the dough?,The dough,2,2:56,3:03,True,before,What does the woman show how to roll,the girl rolls the dough,"['What does the woman show how to roll', 'the girl rolls the dough']",What does the woman show how to roll,deterministic single-connective split
xoHJwXU0Fk4_0302_0315,1,Who cuts the rolled dough after keeping it on the cutting board?,The woman,1,3:03,3:15,True,after,Who cuts the rolled dough,keeping it on the cutting board,"['keeping it on the cutting board', 'Who cuts the rolled dough']",Who cuts the rolled dough,deterministic single-connective split
xoHJwXU0Fk4_0302_0315,2,What does the woman cut after keeping it on the cutting board?,The rolled dough,2,3:03,3:15,True,after,What does the woman cut,keeping it on the cutting board,"['keeping it on the cutting board', 'What does the woman cut']",What does the woman cut,deterministic single-connective split
xoHJwXU0Fk4_0335_0340,1,Who closes the oven after placing the baking tray in it?,The girl,1,3:35,3:40,True,after,Who closes the oven,placing the baking tray in it,"['placing the baking tray in it', 'Who closes the oven']",Who closes the oven,deterministic single-connective split
xoHJwXU0Fk4_0335_0340,2,What does the girl close after placing the baking tray in it?,The oven,2,3:35,3:40,True,after,What does the girl close,placing the baking tray in it,"['placing the baking tray in it', 'What does the girl close']",What does the girl close,deterministic single-connective split
xoHJwXU0Fk4_0843_0848,1,Who retreats from the snake after touching it?,The girl,1,8:44,8:48,True,after,Who retreats from the snake,touching it,"['touching it', 'Who retreats from the snake']",Who retreats from the snake,deterministic single-connective split
xoHJwXU0Fk4_0843_0848,2,From what does the girl retreat after touching it?,The snake,2,8:44,8:48,True,after,From what does the girl retreat,touching it,"['touching it', 'From what does the girl retreat']",From what does the girl retreat,deterministic single-connective split
xoHJwXU0Fk4_0941_0945,1,Who touches the reptile after the boy shows how to touch the reptile with two fingers?,The girl,1,9:41,9:45,True,after,Who touches the reptile,the boy shows how to touch the reptile with two fingers,"['the boy shows how to touch the reptile with two fingers', 'Who touches the reptile']",Who touches the reptile,deterministic single-connective split
xoHJwXU0Fk4_0941_0945,2,What does the girl touch after the boy shows how to touch the reptile with two fingers?,The reptile,2,9:41,9:45,True,after,What does the girl touch,the boy shows how to touch the reptile with two fingers,"['the boy shows how to touch the reptile with two fingers', 'What does the girl touch']",What does the girl touch,deterministic single-connective split
xoHJwXU0Fk4_1302_1310,1,Who touches the reptile with two fingers after the man shows how to touch?,The girl,1,13:02,13:08,True,after,Who touches the reptile with two fingers,the man shows how to touch,"['the man shows how to touch', 'Who touches the reptile with two fingers']",Who touches the reptile with two fingers,deterministic single-connective split
xoHJwXU0Fk4_1302_1310,2,What does the girl touch with two fingers after the man shows how to touch?,The reptile,2,13:02,13:08,True,after,What does the girl touch with two fingers,the man shows how to touch,"['the man shows how to touch', 'What does the girl touch with two fingers']",What does the girl touch with two fingers,deterministic single-connective split
xoHJwXU0Fk4_1926_1933,1,Who keeps the clothes in the bag after folding them?,The girl,1,19:26,19:33,True,after,Who keeps the clothes in the bag,folding them,"['folding them', 'Who keeps the clothes in the bag']",Who keeps the clothes in the bag,deterministic single-connective split
xoHJwXU0Fk4_1926_1933,2,What does the girl keep in the bag after folding it?,The clothes,2,19:26,19:33,True,after,What does the girl keep in the bag,folding it,"['folding it', 'What does the girl keep in the bag']",What does the girl keep in the bag,deterministic single-connective split
xoHJwXU0Fk4_1934_1937,1,Who keeps the clothes in the bag after folding the clothes?,The girl,1,19:34,19:37,True,after,Who keeps the clothes in the bag,folding the clothes,"['folding the clothes', 'Who keeps the clothes in the bag']",Who keeps the clothes in the bag,deterministic single-connective split
xoHJwXU0Fk4_1934_1937,2,What does the girl keep in the bag after folding?,The clothes,2,19:34,19:37,True,after,What does the girl keep in the bag,folding,"['folding', 'What does the girl keep in the bag']",What does the girl keep in the bag,deterministic single-connective split
xoHJwXU0Fk4_2055_2110,1,Who throws the girl on the bed playfully after taking the girl from the swing?,The man,1,20:55,21:08,True,after,Who throws the girl on the bed playfully,taking the girl from the swing,"['taking the girl from the swing', 'Who throws the girl on the bed playfully']",Who throws the girl on the bed playfully,deterministic single-connective split
xoHJwXU0Fk4_2055_2110,2,Who does the man throw on the bed playfully after taking from the swing?,The girl,2,20:55,21:08,True,after,Who does the man throw on the bed playfully,taking from the swing,"['taking from the swing', 'Who does the man throw on the bed playfully']",Who does the man throw on the bed playfully,deterministic single-connective split
xoHJwXU0Fk4_2057_2111,1,Who covers the girl with the bedsheet after playfully throwing her on the bed?,The man,1,21:00,21:11,True,after,Who covers the girl with the bedsheet,playfully throwing her on the bed,"['playfully throwing her on the bed', 'Who covers the girl with the bedsheet']",Who covers the girl with the bedsheet,deterministic single-connective split
xoHJwXU0Fk4_2057_2111,2,Who does the man cover with the bedsheet after playfully throwing her on the bed?,The girl,2,21:00,21:11,True,after,Who does the man cover with the bedsheet,playfully throwing her on the bed,"['playfully throwing her on the bed', 'Who does the man cover with the bedsheet']",Who does the man cover with the bedsheet,deterministic single-connective split
WDB-IkUOAZs_1452_1502,1,Who opens the marker cap before drawing on the white board?,The girl,1,14:55,15:02,True,before,Who opens the marker cap,drawing on the white board,"['Who opens the marker cap', 'drawing on the white board']",Who opens the marker cap,deterministic single-connective split
WDB-IkUOAZs_1452_1502,2,What does the girl open before drawing on the white board?,The marker cap,2,14:55,15:02,True,before,What does the girl open,drawing on the white board,"['What does the girl open', 'drawing on the white board']",What does the girl open,deterministic single-connective split
LM-JY2eoFp8_1534_1546,1,Who slips from the flybar after trying to jump on it?,The girl,1,15:40,15:46,True,after,Who slips from the flybar,trying to jump on it,"['trying to jump on it', 'Who slips from the flybar']",Who slips from the flybar,deterministic single-connective split
LM-JY2eoFp8_1534_1546,2,What does the girl slip from after trying to jump on it?,The flybar,2,15:40,15:46,True,after,What does the girl slip from,trying to jump on it,"['trying to jump on it', 'What does the girl slip from']",What does the girl slip from,deterministic single-connective split
GzK_iE5aaYE_0117_0127,1,Who lies on the carpet after putting the kittens on the carpet?,The girl,1,1:19,1:25,True,after,Who lies on the carpet,putting the kittens on the carpet,"['putting the kittens on the carpet', 'Who lies on the carpet']",Who lies on the carpet,deterministic single-connective split
GzK_iE5aaYE_0117_0127,2,What does the girl put on the carpet before lying on it?,The kittens,2,1:19,1:25,True,before,What does the girl put on the carpet,lying on it,"['What does the girl put on the carpet', 'lying on it']",What does the girl put on the carpet,deterministic single-connective split
GzK_iE5aaYE_2657_2707,3,Who grabs the basketball from the man before attempting to shoot the ball into the basket?,The girl,1,26:57,27:07,True,before,Who grabs the basketball from the man,attempting to shoot the ball into the basket,"['Who grabs the basketball from the man', 'attempting to shoot the ball into the basket']",Who grabs the basketball from the man,deterministic single-connective split
GzK_iE5aaYE_2657_2707,4,What does the girl grab from the man before attempting to shoot the ball into the basket?,The basketball,2,26:57,27:07,True,before,What does the girl grab from the man,attempting to shoot the ball into the basket,"['What does the girl grab from the man', 'attempting to shoot the ball into the basket']",What does the girl grab from the man,deterministic single-connective split
GzK_iE5aaYE_2910_2913,3,Who runs to the girl before lifting her up?,The woman,1,29:10,29:13,True,before,Who runs to the girl,lifting her up,"['Who runs to the girl', 'lifting her up']",Who runs to the girl,deterministic single-connective split
GzK_iE5aaYE_2910_2913,4,To whom does the woman run before lifting up?,The girl,2,29:10,29:13,True,before,To whom does the woman run,lifting up,"['To whom does the woman run', 'lifting up']",To whom does the woman run,deterministic single-connective split
QikrHGZFKXI_0615_0623,1,Who claps after the girl throws a penny into the water?,The woman,1,6:17,6:22,True,after,Who claps,the girl throws a penny into the water,"['the girl throws a penny into the water', 'Who claps']",Who claps,deterministic single-connective split
QikrHGZFKXI_0945_0950,3,Who crawls beneath the woman before the woman falls from the plank position?,The girl,1,9:45,9:49,True,before,Who crawls beneath the woman,the woman falls from the plank position,"['Who crawls beneath the woman', 'the woman falls from the plank position']",Who crawls beneath the woman,deterministic single-connective split
QikrHGZFKXI_0945_0950,4,Who does the girl crawl beneath before falling from the plank position?,The woman,2,9:45,9:49,True,before,Who does the girl crawl beneath,falling from the plank position,"['Who does the girl crawl beneath', 'falling from the plank position']",Who does the girl crawl beneath,deterministic single-connective split
QikrHGZFKXI_2500_2510,1,Who takes the drink from the woman after the woman tastes the drink?,The man,2,25:01,25:08,True,after,Who takes the drink from the woman,the woman tastes the drink,"['the woman tastes the drink', 'Who takes the drink from the woman']",Who takes the drink from the woman,deterministic single-connective split
QikrHGZFKXI_2500_2510,2,From whom does the man take the drink after she tastes it?,The woman,1,25:01,25:08,True,after,From whom does the man take the drink,she tastes it,"['she tastes it', 'From whom does the man take the drink']",From whom does the man take the drink,deterministic single-connective split
GTeyHwsLePY_0228_0233,1,Who shows a box to the girl after the woman shows a box to the girl in the store?,The man,1,2:28,2:32,True,after,Who shows a box to the girl,the woman shows a box to the girl in the store,"['the woman shows a box to the girl in the store', 'Who shows a box to the girl']",Who shows a box to the girl,deterministic single-connective split
GTeyHwsLePY_0228_0233,2,To whom does the man show a box after the woman shows a box to the girl in the store?,The girl,2,2:28,2:32,True,after,To whom does the man show a box,the woman shows a box to the girl in the store,"['the woman shows a box to the girl in the store', 'To whom does the man show a box']",To whom does the man show a box,deterministic single-connective split
GTeyHwsLePY_0524_0530,1,Who keeps the toy doll on the hospital bed after the woman gives the doll?,The girl,1,5:25,5:30,True,after,Who keeps the toy doll on the hospital bed,the woman gives the doll,"['the woman gives the doll', 'Who keeps the toy doll on the hospital bed']",Who keeps the toy doll on the hospital bed,deterministic single-connective split
GTeyHwsLePY_0524_0530,2,What does the girl keep on the hospital bed after the woman gives it?,The toy doll,2,5:25,5:30,True,after,What does the girl keep on the hospital bed,the woman gives it,"['the woman gives it', 'What does the girl keep on the hospital bed']",What does the girl keep on the hospital bed,deterministic single-connective split
GTeyHwsLePY_1202_1208,1,Who jumps down from the man after the monkey bars end?,The girl,1,12:03,12:07,True,after,Who jumps down from the man,the monkey bars end,"['the monkey bars end', 'Who jumps down from the man']",Who jumps down from the man,deterministic single-connective split
GTeyHwsLePY_1202_1208,2,From whom does the girl jump down after the monkey bars end?,The man,2,12:03,12:07,True,after,From whom does the girl jump down,the monkey bars end,"['the monkey bars end', 'From whom does the girl jump down']",From whom does the girl jump down,deterministic single-connective split
ZwfeC-xqXns_1203_1215,1,Who attempts to pull a Jenga block from the bottom just before all the blocks collapse?,The girl,1,12:08,12:13,True,before,Who attempts to pull a Jenga block from the bottom just,all the blocks collapse,"['Who attempts to pull a Jenga block from the bottom just', 'all the blocks collapse']",Who attempts to pull a Jenga block from the bottom just,deterministic single-connective split
ZwfeC-xqXns_1203_1215,2,What does the girl attempt to pull from the bottom just before all the blocks collapse?,The Jenga block,2,12:08,12:13,True,before,What does the girl attempt to pull from the bottom just,all the blocks collapse,"['What does the girl attempt to pull from the bottom just', 'all the blocks collapse']",What does the girl attempt to pull from the bottom just,deterministic single-connective split
ZwfeC-xqXns_1205_1215,1,Who facepalms in disappointment after all the Jenga blocks collapse?,The woman,1,12:09,12:14,True,after,Who facepalms in disappointment,all the Jenga blocks collapse,"['all the Jenga blocks collapse', 'Who facepalms in disappointment']",Who facepalms in disappointment,deterministic single-connective split
7mYNqaDM5Gs_0502_0511,3,Who lifts up the girl after giving pumpkin slice to her?,The man,1,5:03,5:10,True,after,Who lifts up the girl,giving pumpkin slice to her,"['giving pumpkin slice to her', 'Who lifts up the girl']",Who lifts up the girl,deterministic single-connective split
7mYNqaDM5Gs_0502_0511,4,Who does the man lift up after giving a pumpkin slice?,The girl,2,5:03,5:10,True,after,Who does the man lift up,giving a pumpkin slice,"['giving a pumpkin slice', 'Who does the man lift up']",Who does the man lift up,deterministic single-connective split
7mYNqaDM5Gs_1016_1030,1,Who removes the helmet after getting down from the motorbike?,The girl,1,10:23,10:28,True,after,Who removes the helmet,getting down from the motorbike,"['getting down from the motorbike', 'Who removes the helmet']",Who removes the helmet,deterministic single-connective split
7mYNqaDM5Gs_1016_1030,2,What does the girl remove after getting down from the motorbike?,The helmet,2,10:23,10:28,True,after,What does the girl remove,getting down from the motorbike,"['getting down from the motorbike', 'What does the girl remove']",What does the girl remove,deterministic single-connective split
S712YGGM_Mk_0230_0238,1,Who gets in the car after the woman opens the door?,The light gray dog,1,2:33,2:36,True,after,Who gets in the car,the woman opens the door,"['the woman opens the door', 'Who gets in the car']",Who gets in the car,deterministic single-connective split
S712YGGM_Mk_0230_0238,2,What does the light gray dog get in after the woman opens the door?,The car,2,2:33,2:36,True,after,What does the light gray dog get in,the woman opens the door,"['the woman opens the door', 'What does the light gray dog get in']",What does the light gray dog get in,deterministic single-connective split
S712YGGM_Mk_0230_0238,3,Who opens the door before the light gray dog gets in the car?,The woman,3,2:33,2:36,True,before,Who opens the door,the light gray dog gets in the car,"['Who opens the door', 'the light gray dog gets in the car']",Who opens the door,deterministic single-connective split
nRJ_01b2J1c_0344_0351,1,Who puts the piece of cardboard against the car after cutting it to shape with the knife?,The man,1,3:45,3:51,True,after,Who puts the piece of cardboard against the car,cutting it to shape with the knife,"['cutting it to shape with the knife', 'Who puts the piece of cardboard against the car']",Who puts the piece of cardboard against the car,deterministic single-connective split
nRJ_01b2J1c_0344_0351,2,What does the man put against the car after cutting it to shape with the knife?,The piece of cardboard,2,3:45,3:51,True,after,What does the man put against the car,cutting it to shape with the knife,"['cutting it to shape with the knife', 'What does the man put against the car']",What does the man put against the car,deterministic single-connective split
nRJ_01b2J1c_0344_0351,3,Against what does the man put the piece of cardboard after cutting it to shape with the knife?,The car,3,3:45,3:51,True,after,Against what does the man put the piece of cardboard,cutting it to shape with the knife,"['cutting it to shape with the knife', 'Against what does the man put the piece of cardboard']",Against what does the man put the piece of cardboard,deterministic single-connective split
nRJ_01b2J1c_0759_0809,1,Who peels the cardboard off after the foam has set?,The man,1,8:01,8:08,True,after,Who peels the cardboard off,the foam has set,"['the foam has set', 'Who peels the cardboard off']",Who peels the cardboard off,deterministic single-connective split
nRJ_01b2J1c_0759_0809,2,What does the man peel off after the foam has set?,The cardboard,2,8:01,8:08,True,after,What does the man peel off,the foam has set,"['the foam has set', 'What does the man peel off']",What does the man peel off,deterministic single-connective split
PQ7cMApcn_Q_0433_0447,1,Who carries the headliner before setting it down on the roof of the car?,The man,1,4:33,4:41,True,before,Who carries the headliner,setting it down on the roof of the car,"['Who carries the headliner', 'setting it down on the roof of the car']",Who carries the headliner,deterministic single-connective split
PQ7cMApcn_Q_0433_0447,2,What does the man carry before setting it down on the roof of the car?,The headliner,2,4:33,4:41,True,before,What does the man carry,setting it down on the roof of the car,"['What does the man carry', 'setting it down on the roof of the car']",What does the man carry,deterministic single-connective split
PQ7cMApcn_Q_0433_0447,3,Where does the man set the headliner down?,The roof of the car,3,4:33,4:41,False,,,,[],,requires exactly one supported explicit temporal connective
PQ7cMApcn_Q_1633_1638,1,Who removes the wheel from the car before removing the wheel spacer from the wheel hub?,the man,1,16:33,16:37,True,before,Who removes the wheel from the car,removing the wheel spacer from the wheel hub,"['Who removes the wheel from the car', 'removing the wheel spacer from the wheel hub']",Who removes the wheel from the car,deterministic single-connective split
PQ7cMApcn_Q_1633_1638,2,What does the man remove from the car before removing the wheel spacer from the wheel hub?,the wheel,2,16:33,16:37,True,before,What does the man remove from the car,removing the wheel spacer from the wheel hub,"['What does the man remove from the car', 'removing the wheel spacer from the wheel hub']",What does the man remove from the car,deterministic single-connective split
PQ7cMApcn_Q_1633_1638,3,From what object does the man remove the wheel before removing the wheel spacer from the wheel hub?,the car,3,16:33,16:37,True,before,From what object does the man remove the wheel,removing the wheel spacer from the wheel hub,"['From what object does the man remove the wheel', 'removing the wheel spacer from the wheel hub']",From what object does the man remove the wheel,deterministic single-connective split
YNfTM0Eulbk_0055_0100,2,Who rides a unicycle on top of a table before doing a backflip?,The boy,1,0:55,1:00,True,before,Who rides a unicycle on top of a table,doing a backflip,"['Who rides a unicycle on top of a table', 'doing a backflip']",Who rides a unicycle on top of a table,deterministic single-connective split
YNfTM0Eulbk_0055_0100,3,What does the boy ride on top of before doing a backflip?,A unicycle,3,0:55,1:00,True,before,What does the boy ride on top of,doing a backflip,"['What does the boy ride on top of', 'doing a backflip']",What does the boy ride on top of,deterministic single-connective split
YNfTM0Eulbk_0055_0100,4,On top of what does the boy ride a unicycle before doing a backflip?,The table,2,0:55,1:00,True,before,On top of what does the boy ride a unicycle,doing a backflip,"['On top of what does the boy ride a unicycle', 'doing a backflip']",On top of what does the boy ride a unicycle,deterministic single-connective split
YNfTM0Eulbk_0055_0100,8,Who performs a backflip after balancing on the table with a unicycle?,The boy,1,0:55,1:00,True,after,Who performs a backflip,balancing on the table with a unicycle,"['balancing on the table with a unicycle', 'Who performs a backflip']",Who performs a backflip,deterministic single-connective split
YNfTM0Eulbk_0055_0100,9,What does the boy balance on before performing a backflip?,The table,2,0:55,1:00,True,before,What does the boy balance on,performing a backflip,"['What does the boy balance on', 'performing a backflip']",What does the boy balance on,deterministic single-connective split
YNfTM0Eulbk_0055_0100,10,What does the boy use to balance on the table before performing a backflip?,A unicycle,3,0:55,1:00,True,before,What does the boy use to balance on the table,performing a backflip,"['What does the boy use to balance on the table', 'performing a backflip']",What does the boy use to balance on the table,deterministic single-connective split
YNfTM0Eulbk_0134_0147,6,Who performs a flip after the ball falls off?,The boy,1,1:44,1:47,True,after,Who performs a flip,the ball falls off,"['the ball falls off', 'Who performs a flip']",Who performs a flip,deterministic single-connective split
YNfTM0Eulbk_0134_0147,7,What falls off of the boy before he performs a flip?,The ball,2,1:44,1:47,True,before,What falls off of the boy,he performs a flip,"['What falls off of the boy', 'he performs a flip']",What falls off of the boy,deterministic single-connective split
YNfTM0Eulbk_0323_0333,1,Who bounces on the trampoline before performing a series of backflips?,The boy,1,3:23,3:28,True,before,Who bounces on the trampoline,performing a series of backflips,"['Who bounces on the trampoline', 'performing a series of backflips']",Who bounces on the trampoline,deterministic single-connective split
YNfTM0Eulbk_0323_0333,2,What does the boy bounce on before performing a series of backflips?,The trampoline,2,3:23,3:28,True,before,What does the boy bounce on,performing a series of backflips,"['What does the boy bounce on', 'performing a series of backflips']",What does the boy bounce on,deterministic single-connective split
YNfTM0Eulbk_0323_0333,7,Who does many backflips off the trampoline after gaining enough height?,The boy,1,3:23,3:33,True,after,Who does many backflips off the trampoline,gaining enough height,"['gaining enough height', 'Who does many backflips off the trampoline']",Who does many backflips off the trampoline,deterministic single-connective split
YNfTM0Eulbk_0323_0333,8,What does the boy do many backflips off after gaining enough height?,The trampoline,2,3:23,3:33,True,after,What does the boy do many backflips off,gaining enough height,"['gaining enough height', 'What does the boy do many backflips off']",What does the boy do many backflips off,deterministic single-connective split
l73rmrLTHQc_0000_0009,1,Who chases the apple after it rolls away?,The baby panda,1,0:00,0:07,True,after,Who chases the apple,it rolls away,"['it rolls away', 'Who chases the apple']",Who chases the apple,deterministic single-connective split
l73rmrLTHQc_0000_0009,2,What does the baby panda chase after it rolls away?,The apple,2,0:00,0:07,True,after,What does the baby panda chase,it rolls away,"['it rolls away', 'What does the baby panda chase']",What does the baby panda chase,deterministic single-connective split
l73rmrLTHQc_0115_0129,1,Who climbs through the gate after climbing up it?,The panda,1,1:21,1:28,True,after,Who climbs through the gate,climbing up it,"['climbing up it', 'Who climbs through the gate']",Who climbs through the gate,deterministic single-connective split
l73rmrLTHQc_0115_0129,2,What does the panda climb through after climbing up it?,The gate,2,1:21,1:28,True,after,What does the panda climb through,climbing up it,"['climbing up it', 'What does the panda climb through']",What does the panda climb through,deterministic single-connective split
l73rmrLTHQc_0208_0219,5,Who rolls over with the ball after grabbing it?,The big panda,1,2:11,2:19,True,after,Who rolls over with the ball,grabbing it,"['grabbing it', 'Who rolls over with the ball']",Who rolls over with the ball,deterministic single-connective split
l73rmrLTHQc_0208_0219,6,What does the big panda roll over with after grabbing it?,The ball,2,2:11,2:19,True,after,What does the big panda roll over with,grabbing it,"['grabbing it', 'What does the big panda roll over with']",What does the big panda roll over with,deterministic single-connective split
l73rmrLTHQc_0303_0314,1,Who gets stuck in the ladder after falling down?,The panda,1,3:03,3:14,True,after,Who gets stuck in the ladder,falling down,"['falling down', 'Who gets stuck in the ladder']",Who gets stuck in the ladder,deterministic single-connective split
l73rmrLTHQc_0303_0314,2,What does the panda get stuck in after falling down?,The ladder,2,3:03,3:14,True,after,What does the panda get stuck in,falling down,"['falling down', 'What does the panda get stuck in']",What does the panda get stuck in,deterministic single-connective split
l73rmrLTHQc_0303_0314,5,Who tries to get unstuck in the ladder after getting stuck?,The panda,1,3:05,3:14,True,after,Who tries to get unstuck in the ladder,getting stuck,"['getting stuck', 'Who tries to get unstuck in the ladder']",Who tries to get unstuck in the ladder,deterministic single-connective split
l73rmrLTHQc_0303_0314,6,What does the panda try to get unstuck in after getting stuck?,The ladder,2,3:05,3:14,True,after,What does the panda try to get unstuck in,getting stuck,"['getting stuck', 'What does the panda try to get unstuck in']",What does the panda try to get unstuck in,deterministic single-connective split
l73rmrLTHQc_0303_0314,9,Who wiggles around the ladder after falling down?,The panda,1,3:05,3:14,True,after,Who wiggles around the ladder,falling down,"['falling down', 'Who wiggles around the ladder']",Who wiggles around the ladder,deterministic single-connective split
l73rmrLTHQc_0303_0314,10,What does the panda wiggle around after falling down?,The ladder,2,3:05,3:14,True,after,What does the panda wiggle around,falling down,"['falling down', 'What does the panda wiggle around']",What does the panda wiggle around,deterministic single-connective split
I-ovzUNno7g_0018_0028,1,Who plays with the broomstick after it is thrown into the enclosure?,The big panda,1,0:18,0:24,True,after,Who plays with the broomstick,it is thrown into the enclosure,"['it is thrown into the enclosure', 'Who plays with the broomstick']",Who plays with the broomstick,deterministic single-connective split
I-ovzUNno7g_0018_0028,2,What does the big panda play with after it is thrown into the enclosure?,The broomstick,2,0:18,0:24,True,after,What does the big panda play with,it is thrown into the enclosure,"['it is thrown into the enclosure', 'What does the big panda play with']",What does the big panda play with,deterministic single-connective split
I-ovzUNno7g_0018_0028,11,Who breaks part of the broomstick after the woman tries to take the broomstick away?,The big panda,1,0:24,0:28,True,after,Who breaks part of the broomstick,the woman tries to take the broomstick away,"['the woman tries to take the broomstick away', 'Who breaks part of the broomstick']",Who breaks part of the broomstick,deterministic single-connective split
I-ovzUNno7g_0018_0028,12,What does the big panda break after the woman tries to take it away?,The broomstick,2,0:24,0:28,True,after,What does the big panda break,the woman tries to take it away,"['the woman tries to take it away', 'What does the big panda break']",What does the big panda break,deterministic single-connective split
I-ovzUNno7g_0018_0028,13,Who tries to take the broomstick away before it is broken by the big panda?,The woman,3,0:24,0:28,True,before,Who tries to take the broomstick away,it is broken by the big panda,"['Who tries to take the broomstick away', 'it is broken by the big panda']",Who tries to take the broomstick away,deterministic single-connective split
I-ovzUNno7g_0030_0045,3,Who climbs inside of the basket after knocking the basket over?,The panda,1,0:34,0:45,True,after,Who climbs inside of the basket,knocking the basket over,"['knocking the basket over', 'Who climbs inside of the basket']",Who climbs inside of the basket,deterministic single-connective split
I-ovzUNno7g_0030_0045,4,What does the panda climb inside of after the panda knocks it over?,The basket of leaves,2,0:34,0:45,True,after,What does the panda climb inside of,the panda knocks it over,"['the panda knocks it over', 'What does the panda climb inside of']",What does the panda climb inside of,deterministic single-connective split
I-ovzUNno7g_0115_0130,1,Who runs towards the basket after the basket is moved?,The panda,1,1:18,1:23,True,after,Who runs towards the basket,the basket is moved,"['the basket is moved', 'Who runs towards the basket']",Who runs towards the basket,deterministic single-connective split
I-ovzUNno7g_0115_0130,2,What does the panda run towards after it is moved?,The basket,2,1:18,1:23,True,after,What does the panda run towards,it is moved,"['it is moved', 'What does the panda run towards']",What does the panda run towards,deterministic single-connective split
I-ovzUNno7g_0115_0130,11,Who moves towards the pink broom after the woman drops it?,The other panda,3,1:23,1:30,True,after,Who moves towards the pink broom,the woman drops it,"['the woman drops it', 'Who moves towards the pink broom']",Who moves towards the pink broom,deterministic single-connective split
I-ovzUNno7g_0115_0130,12,What does the other panda move towards after the woman drops it?,The pink broom,4,1:23,1:30,True,after,What does the other panda move towards,the woman drops it,"['the woman drops it', 'What does the other panda move towards']",What does the other panda move towards,deterministic single-connective split
I-ovzUNno7g_0115_0130,13,Who drops the pink broom?,The woman,5,1:23,1:30,False,,,,[],,requires exactly one supported explicit temporal connective
I-ovzUNno7g_0317_0325,3,Which panda becomes interested in the woman after seeing the other panda chase the woman?,The panda closest to the wall,3,3:19,3:25,True,after,Which panda becomes interested in the woman,seeing the other panda chase the woman,"['seeing the other panda chase the woman', 'Which panda becomes interested in the woman']",Which panda becomes interested in the woman,deterministic single-connective split
I-ovzUNno7g_0317_0325,4,Who does the panda closest to the wall become interested in after seeing the other panda chase the woman?,The woman,2,3:19,3:25,True,after,Who does the panda closest to the wall become interested in,seeing the other panda chase the woman,"['seeing the other panda chase the woman', 'Who does the panda closest to the wall become interested in']",Who does the panda closest to the wall become interested in,deterministic single-connective split
9QbL9c_XrtE_0006_0012,4,Who pours water into the cup before the bird makes a circular motion around the cup?,The woman,1,0:07,0:12,True,before,Who pours water into the cup,the bird makes a circular motion around the cup,"['Who pours water into the cup', 'the bird makes a circular motion around the cup']",Who pours water into the cup,deterministic single-connective split
9QbL9c_XrtE_0006_0012,5,What does the woman pour water into before the bird makes a circular motion around it?,The cup,2,0:07,0:12,True,before,What does the woman pour water into,the bird makes a circular motion around it,"['What does the woman pour water into', 'the bird makes a circular motion around it']",What does the woman pour water into,deterministic single-connective split
9QbL9c_XrtE_0006_0012,6,Who makes a circular motion around the cup after the woman pours water into the cup?,The bird,3,0:07,0:12,True,after,Who makes a circular motion around the cup,the woman pours water into the cup,"['the woman pours water into the cup', 'Who makes a circular motion around the cup']",Who makes a circular motion around the cup,deterministic single-connective split
9QbL9c_XrtE_0006_0012,12,Who pours water into the cup before the bird dances around it?,The woman,1,0:07,0:12,True,before,Who pours water into the cup,the bird dances around it,"['Who pours water into the cup', 'the bird dances around it']",Who pours water into the cup,deterministic single-connective split
9QbL9c_XrtE_0006_0012,13,What does the woman pour water into before the bird dances around it?,The cup,2,0:07,0:12,True,before,What does the woman pour water into,the bird dances around it,"['What does the woman pour water into', 'the bird dances around it']",What does the woman pour water into,deterministic single-connective split
9QbL9c_XrtE_0006_0012,14,Who dances around the cup after the woman pours water into it?,The bird,3,0:07,0:12,True,after,Who dances around the cup,the woman pours water into it,"['the woman pours water into it', 'Who dances around the cup']",Who dances around the cup,deterministic single-connective split
9QbL9c_XrtE_0013_0021,9,Who attacks the green bird after seeing the green bird attack the white bird?,The blue bird,3,0:13,0:21,True,after,Who attacks the green bird,seeing the green bird attack the white bird,"['seeing the green bird attack the white bird', 'Who attacks the green bird']",Who attacks the green bird,deterministic single-connective split
9QbL9c_XrtE_0013_0021,10,Who does the blue bird attack after seeing the green bird attack the white bird?,The green bird,1,0:13,0:21,True,after,Who does the blue bird attack,seeing the green bird attack the white bird,"['seeing the green bird attack the white bird', 'Who does the blue bird attack']",Who does the blue bird attack,deterministic single-connective split
9QbL9c_XrtE_0013_0021,18,Which bird starts to fight the blue bird after the blue bird attacks it?,The green bird,1,0:13,0:21,True,after,Which bird starts to fight the blue bird,the blue bird attacks it,"['the blue bird attacks it', 'Which bird starts to fight the blue bird']",Which bird starts to fight the blue bird,deterministic single-connective split
9QbL9c_XrtE_0013_0021,19,Who does the green bird start to fight with after it is attacked by the blue bird?,The blue bird,3,0:13,0:21,True,after,Who does the green bird start to fight with,it is attacked by the blue bird,"['it is attacked by the blue bird', 'Who does the green bird start to fight with']",Who does the green bird start to fight with,deterministic single-connective split
9QbL9c_XrtE_0024_0039,8,Who jumps on top of the fake bird after poking it?,The bird at the right side,1,0:31,0:38,True,after,Who jumps on top of the fake bird,poking it,"['poking it', 'Who jumps on top of the fake bird']",Who jumps on top of the fake bird,deterministic single-connective split
9QbL9c_XrtE_0024_0039,9,What does the bird at the right side jump on top of after poking it?,The fake bird,2,0:31,0:38,True,after,What does the bird at the right side jump on top of,poking it,"['poking it', 'What does the bird at the right side jump on top of']",What does the bird at the right side jump on top of,deterministic single-connective split
9QbL9c_XrtE_0055_0108,5,Who moves away from the yellow bird after the yellow bird starts to annoy?,The grey bird,2,1:00,1:05,True,after,Who moves away from the yellow bird,the yellow bird starts to annoy,"['the yellow bird starts to annoy', 'Who moves away from the yellow bird']",Who moves away from the yellow bird,deterministic single-connective split
9QbL9c_XrtE_0055_0108,6,From whom does the grey bird move away after it starts to annoy the grey bird?,The yellow bird,1,1:00,1:05,True,after,From whom does the grey bird move away,it starts to annoy the grey bird,"['it starts to annoy the grey bird', 'From whom does the grey bird move away']",From whom does the grey bird move away,deterministic single-connective split
9QbL9c_XrtE_0222_0237,1,Who pokes the plastic box after the plastic box has been set back up on the table?,The white bird,1,2:29,2:34,True,after,Who pokes the plastic box,the plastic box has been set back up on the table,"['the plastic box has been set back up on the table', 'Who pokes the plastic box']",Who pokes the plastic box,deterministic single-connective split
9QbL9c_XrtE_0222_0237,2,What does the white bird poke after it has been set back up on the table?,The plastic box,2,2:29,2:34,True,after,What does the white bird poke,it has been set back up on the table,"['it has been set back up on the table', 'What does the white bird poke']",What does the white bird poke,deterministic single-connective split
9QbL9c_XrtE_0222_0237,3,Where has the plastic box been set up when the white bird pokes it?,The table,3,2:29,2:34,False,,,,[],,requires exactly one supported explicit temporal connective
9QbL9c_XrtE_0222_0237,7,Who throws a spoon off the table after throwing a box off the table?,The white bird,1,2:34,2:37,True,after,Who throws a spoon off the table,throwing a box off the table,"['throwing a box off the table', 'Who throws a spoon off the table']",Who throws a spoon off the table,deterministic single-connective split
9QbL9c_XrtE_0222_0237,8,What does the white bird throw off the table after it throws a box?,A spoon,4,2:34,2:37,True,after,What does the white bird throw off the table,it throws a box,"['it throws a box', 'What does the white bird throw off the table']",What does the white bird throw off the table,deterministic single-connective split
9QbL9c_XrtE_0222_0237,9,What does the white bird throw off before it throws a spoon?,The plastic box,2,2:34,2:37,True,before,What does the white bird throw off,it throws a spoon,"['What does the white bird throw off', 'it throws a spoon']",What does the white bird throw off,deterministic single-connective split
9QbL9c_XrtE_0222_0237,10,Off what does the white bird throw a spoon and a box?,The table,3,2:34,2:37,False,,,,[],,requires exactly one supported explicit temporal connective
9QbL9c_XrtE_0222_0237,13,Who throws the spoon off the table after poking the plastic box?,The white bird,1,2:34,2:37,True,after,Who throws the spoon off the table,poking the plastic box,"['poking the plastic box', 'Who throws the spoon off the table']",Who throws the spoon off the table,deterministic single-connective split
9QbL9c_XrtE_0222_0237,14,What does the white bird poke before throwing the spoon off the table?,The plastic box,2,2:34,2:37,True,before,What does the white bird poke,throwing the spoon off the table,"['What does the white bird poke', 'throwing the spoon off the table']",What does the white bird poke,deterministic single-connective split
9QbL9c_XrtE_0222_0237,15,Off what does the white bird throw the spoon after poking the plastic box?,The table,3,2:34,2:37,True,after,Off what does the white bird throw the spoon,poking the plastic box,"['poking the plastic box', 'Off what does the white bird throw the spoon']",Off what does the white bird throw the spoon,deterministic single-connective split
9QbL9c_XrtE_0222_0237,16,What does the white bird throw off the table after poking the plastic box?,A spoon,4,2:34,2:37,True,after,What does the white bird throw off the table,poking the plastic box,"['poking the plastic box', 'What does the white bird throw off the table']",What does the white bird throw off the table,deterministic single-connective split
9QbL9c_XrtE_0438_0453,1,Who starts to dance after the man with the guitar starts playing music?,The bird (the left most bird),1,4:38,4:45,True,after,Who starts to dance,the man with the guitar starts playing music,"['the man with the guitar starts playing music', 'Who starts to dance']",Who starts to dance,deterministic single-connective split
9QbL9c_XrtE_0438_0453,2,After whom does the bird (the left most bird) start to dance?,The man with the guitar,2,4:38,4:45,False,,,,[],,requires exactly one supported explicit temporal connective
9QbL9c_XrtE_0537_0550,2,Who bobs up and down with the white bird after seeing the white bird bob up and down?,The black bird,1,5:45,5:48,True,after,Who bobs up and down with the white bird,seeing the white bird bob up and down,"['seeing the white bird bob up and down', 'Who bobs up and down with the white bird']",Who bobs up and down with the white bird,deterministic single-connective split
9QbL9c_XrtE_0537_0550,3,With whom does the black bird bob up and down after the black bird sees the white bird bob up and down?,The white bird,2,5:45,5:48,True,after,With whom does the black bird bob up and down,the black bird sees the white bird bob up and down,"['the black bird sees the white bird bob up and down', 'With whom does the black bird bob up and down']",With whom does the black bird bob up and down,deterministic single-connective split
d2jPd-JPg6g_0017_0023,7,Who gets unstuck from the gate after becoming stuck in it?,The puppy,1,0:21,0:23,True,after,Who gets unstuck from the gate,becoming stuck in it,"['becoming stuck in it', 'Who gets unstuck from the gate']",Who gets unstuck from the gate,deterministic single-connective split
d2jPd-JPg6g_0017_0023,8,From what does the puppy get unstuck after becoming stuck in it?,The gate,2,0:21,0:23,True,after,From what does the puppy get unstuck,becoming stuck in it,"['becoming stuck in it', 'From what does the puppy get unstuck']",From what does the puppy get unstuck,deterministic single-connective split
d2jPd-JPg6g_0029_0044,9,Who jumps ontop of the gate after the ferret jumps ontop of the black dog?,The ferret,1,0:33,0:38,True,after,Who jumps ontop of the gate,the ferret jumps ontop of the black dog,"['the ferret jumps ontop of the black dog', 'Who jumps ontop of the gate']",Who jumps ontop of the gate,deterministic single-connective split
d2jPd-JPg6g_0029_0044,10,What does the ferret jump ontop of after the ferret jumps ontop of the black dog?,The gate,3,0:33,0:38,True,after,What does the ferret jump ontop of,the ferret jumps ontop of the black dog,"['the ferret jumps ontop of the black dog', 'What does the ferret jump ontop of']",What does the ferret jump ontop of,deterministic single-connective split
d2jPd-JPg6g_0029_0044,11,Who does the ferret jump ontop of before it jumps ontop of the gate?,The black dog,2,0:33,0:38,True,before,Who does the ferret jump ontop of,it jumps ontop of the gate,"['Who does the ferret jump ontop of', 'it jumps ontop of the gate']",Who does the ferret jump ontop of,deterministic single-connective split
d2jPd-JPg6g_0204_0214,1,Who jumps on top of the table before opening the door?,The cat,1,2:04,2:07,True,before,Who jumps on top of the table,opening the door,"['Who jumps on top of the table', 'opening the door']",Who jumps on top of the table,deterministic single-connective split
d2jPd-JPg6g_0204_0214,2,What does the cat jump on before opening the door?,The table,2,2:04,2:07,True,before,What does the cat jump on,opening the door,"['What does the cat jump on', 'opening the door']",What does the cat jump on,deterministic single-connective split
d2jPd-JPg6g_0204_0214,3,What does the cat open after jumping on the table?,The door,3,2:04,2:07,True,after,What does the cat open,jumping on the table,"['jumping on the table', 'What does the cat open']",What does the cat open,deterministic single-connective split
d2jPd-JPg6g_0214_0224,1,Who opens the door after jumping on top of the table?,The cat,1,2:14,2:23,True,after,Who opens the door,jumping on top of the table,"['jumping on top of the table', 'Who opens the door']",Who opens the door,deterministic single-connective split
d2jPd-JPg6g_0214_0224,2,What does the cat open after jumping on top of the table?,The door,2,2:14,2:23,True,after,What does the cat open,jumping on top of the table,"['jumping on top of the table', 'What does the cat open']",What does the cat open,deterministic single-connective split
d2jPd-JPg6g_0214_0224,3,What does the cat jump on top of before opening the door?,The table,3,2:14,2:23,True,before,What does the cat jump on top of,opening the door,"['What does the cat jump on top of', 'opening the door']",What does the cat jump on top of,deterministic single-connective split
SkGgMVqKXDQ_0701_0716,1,Who celebrates in front of the fridge after tasting the steak?,The man,1,7:09,7:16,True,after,Who celebrates in front of the fridge,tasting the steak,"['tasting the steak', 'Who celebrates in front of the fridge']",Who celebrates in front of the fridge,deterministic single-connective split
SkGgMVqKXDQ_0701_0716,2,Where does the man celebrate after tasting the steak?,In front of the fridge,2,7:09,7:16,True,after,Where does the man celebrate,tasting the steak,"['tasting the steak', 'Where does the man celebrate']",Where does the man celebrate,deterministic single-connective split
SkGgMVqKXDQ_0701_0716,3,What does the man taste before he celebrates in front of the fridge?,The steak,3,7:09,7:16,True,before,What does the man taste,he celebrates in front of the fridge,"['What does the man taste', 'he celebrates in front of the fridge']",What does the man taste,deterministic single-connective split
YePUySmZuvg_0011_0016,1,Who becomes nervous on top of the toilet after the dog fights the cat?,The cat,1,0:13,0:16,True,after,Who becomes nervous on top of the toilet,the dog fights the cat,"['the dog fights the cat', 'Who becomes nervous on top of the toilet']",Who becomes nervous on top of the toilet,deterministic single-connective split
YePUySmZuvg_0011_0016,2,What does the cat become nervous on top of after the dog fights the cat?,The toilet,2,0:13,0:16,True,after,What does the cat become nervous on top of,the dog fights the cat,"['the dog fights the cat', 'What does the cat become nervous on top of']",What does the cat become nervous on top of,deterministic single-connective split
YePUySmZuvg_0011_0016,3,Who fights the cat causing it to become nervous on top of the toilet?,The dog,3,0:13,0:16,False,,,,[],,requires exactly one supported explicit temporal connective
YePUySmZuvg_0011_0016,7,Who moves erratically on the toilet after the dog fights the cat?,The cat,1,0:13,0:16,True,after,Who moves erratically on the toilet,the dog fights the cat,"['the dog fights the cat', 'Who moves erratically on the toilet']",Who moves erratically on the toilet,deterministic single-connective split
YePUySmZuvg_0011_0016,8,Where does the cat move erratically after the dog fights the cat?,The toilet,2,0:13,0:16,True,after,Where does the cat move erratically,the dog fights the cat,"['the dog fights the cat', 'Where does the cat move erratically']",Where does the cat move erratically,deterministic single-connective split
YePUySmZuvg_0011_0016,9,Who fights the cat before the cat moves erratically on the toilet?,The dog,3,0:13,0:16,True,before,Who fights the cat,the cat moves erratically on the toilet,"['Who fights the cat', 'the cat moves erratically on the toilet']",Who fights the cat,deterministic single-connective split
YePUySmZuvg_0011_0016,13,Who slaps the dog before becoming scared ontop of the toilet?,The cat,1,0:11,0:13,True,before,Who slaps the dog,becoming scared ontop of the toilet,"['Who slaps the dog', 'becoming scared ontop of the toilet']",Who slaps the dog,deterministic single-connective split
YePUySmZuvg_0011_0016,14,What does the cat slap before becoming scared ontop of the toilet?,The dog,3,0:11,0:13,True,before,What does the cat slap,becoming scared ontop of the toilet,"['What does the cat slap', 'becoming scared ontop of the toilet']",What does the cat slap,deterministic single-connective split
YePUySmZuvg_0011_0016,15,Where does the cat become scared after slapping the dog?,The toilet,2,0:11,0:13,True,after,Where does the cat become scared,slapping the dog,"['slapping the dog', 'Where does the cat become scared']",Where does the cat become scared,deterministic single-connective split
YePUySmZuvg_0023_0031,5,Who slaps the dog after the dog slaps the cat?,The cat,1,0:24,0:31,True,after,Who slaps the dog,the dog slaps the cat,"['the dog slaps the cat', 'Who slaps the dog']",Who slaps the dog,deterministic single-connective split
YePUySmZuvg_0023_0031,6,Who gets slapped by the cat after it gets slapped?,The dog,2,0:24,0:31,True,after,Who gets slapped by the cat,it gets slapped,"['it gets slapped', 'Who gets slapped by the cat']",Who gets slapped by the cat,deterministic single-connective split
YePUySmZuvg_0120_0130,1,Who bites the dog after the dog gets too close?,The cat,1,1:25,1:30,True,after,Who bites the dog,the dog gets too close,"['the dog gets too close', 'Who bites the dog']",Who bites the dog,deterministic single-connective split
YePUySmZuvg_0120_0130,2,Who does the cat bite after getting too close?,The dog,2,1:25,1:30,True,after,Who does the cat bite,getting too close,"['getting too close', 'Who does the cat bite']",Who does the cat bite,deterministic single-connective split
YePUySmZuvg_0120_0130,7,Who bites the dog after the dog touches the cat?,The cat,1,1:25,1:30,True,after,Who bites the dog,the dog touches the cat,"['the dog touches the cat', 'Who bites the dog']",Who bites the dog,deterministic single-connective split
YePUySmZuvg_0120_0130,8,What does the cat bite after the dog touches the cat?,The dog,2,1:25,1:30,True,after,What does the cat bite,the dog touches the cat,"['the dog touches the cat', 'What does the cat bite']",What does the cat bite,deterministic single-connective split
YePUySmZuvg_0120_0130,11,Who touches the cat before the cat bites?,The dog,2,1:24,1:27,True,before,Who touches the cat,the cat bites,"['Who touches the cat', 'the cat bites']",Who touches the cat,deterministic single-connective split
YePUySmZuvg_0120_0130,12,What does the dog touch before being bitten?,The cat,1,1:24,1:27,True,before,What does the dog touch,being bitten,"['What does the dog touch', 'being bitten']",What does the dog touch,deterministic single-connective split
YePUySmZuvg_0200_0210,1,Who transfers to the right box after the dog becomes aggressive?,The cat,1,2:03,2:07,True,after,Who transfers to the right box,the dog becomes aggressive,"['the dog becomes aggressive', 'Who transfers to the right box']",Who transfers to the right box,deterministic single-connective split
YePUySmZuvg_0200_0210,2,From where does the cat transfer after the dog becomes aggressive?,The left box,2,2:03,2:07,True,after,From where does the cat transfer,the dog becomes aggressive,"['the dog becomes aggressive', 'From where does the cat transfer']",From where does the cat transfer,deterministic single-connective split
YePUySmZuvg_0200_0210,3,To where does the cat transfer after the dog becomes aggressive?,The right box,3,2:03,2:07,True,after,To where does the cat transfer,the dog becomes aggressive,"['the dog becomes aggressive', 'To where does the cat transfer']",To where does the cat transfer,deterministic single-connective split
YePUySmZuvg_0200_0210,4,Who becomes aggressive causing the cat to transfer boxes?,The dog,4,2:03,2:07,False,,,,[],,requires exactly one supported explicit temporal connective
YePUySmZuvg_0250_0257,1,Who slaps the dog before the dog reacts to being slapped?,The cat,1,2:50,2:57,True,before,Who slaps the dog,the dog reacts to being slapped,"['Who slaps the dog', 'the dog reacts to being slapped']",Who slaps the dog,deterministic single-connective split
YePUySmZuvg_0250_0257,2,Who does the cat slap before it reacts to being slapped?,The dog,2,2:50,2:57,True,before,Who does the cat slap,it reacts to being slapped,"['Who does the cat slap', 'it reacts to being slapped']",Who does the cat slap,deterministic single-connective split
YePUySmZuvg_0250_0257,5,Who barks at the cat after being hit by the cat?,The dog,2,2:50,2:57,True,after,Who barks at the cat,being hit by the cat,"['being hit by the cat', 'Who barks at the cat']",Who barks at the cat,deterministic single-connective split
YePUySmZuvg_0250_0257,6,At whom does the dog bark after the dog is hit?,The cat,1,2:50,2:57,True,after,At whom does the dog bark,the dog is hit,"['the dog is hit', 'At whom does the dog bark']",At whom does the dog bark,deterministic single-connective split
X8fBbtmHGsM_0000_0015,1,Who pushes the bottle off of the table before pushing the glass off of the table?,The bird,1,0:00,0:09,True,before,Who pushes the bottle off of the table,pushing the glass off of the table,"['Who pushes the bottle off of the table', 'pushing the glass off of the table']",Who pushes the bottle off of the table,deterministic single-connective split
X8fBbtmHGsM_0000_0015,2,What does the bird push off of the table before pushing the glass off of the table?,The bottle,2,0:00,0:09,True,before,What does the bird push off of the table,pushing the glass off of the table,"['What does the bird push off of the table', 'pushing the glass off of the table']",What does the bird push off of the table,deterministic single-connective split
X8fBbtmHGsM_0000_0015,3,"What does the bird push the bottle off of, before pushing the glass off?",The table,3,0:00,0:09,True,before,"What does the bird push the bottle off of,",pushing the glass off,"['What does the bird push the bottle off of,', 'pushing the glass off']","What does the bird push the bottle off of,",deterministic single-connective split
X8fBbtmHGsM_0000_0015,4,What does the bird push off of the table after pushing the bottle off?,The glass,4,0:00,0:09,True,after,What does the bird push off of the table,pushing the bottle off,"['pushing the bottle off', 'What does the bird push off of the table']",What does the bird push off of the table,deterministic single-connective split
X8fBbtmHGsM_0000_0015,9,What pushes the glass off the table after pushing the bottle off the table?,The bird,1,0:13,0:15,True,after,What pushes the glass off the table,pushing the bottle off the table,"['pushing the bottle off the table', 'What pushes the glass off the table']",What pushes the glass off the table,deterministic single-connective split
X8fBbtmHGsM_0000_0015,10,What does the bird push off the table after it pushes the bottle?,The glass,4,0:13,0:15,True,after,What does the bird push off the table,it pushes the bottle,"['it pushes the bottle', 'What does the bird push off the table']",What does the bird push off the table,deterministic single-connective split
X8fBbtmHGsM_0000_0015,11,What does the bird push off before it pushes the glass?,The bottle,2,0:13,0:15,True,before,What does the bird push off,it pushes the glass,"['What does the bird push off', 'it pushes the glass']",What does the bird push off,deterministic single-connective split
X8fBbtmHGsM_0000_0015,12,From where does the bird push the glass and bottle?,The table,3,0:13,0:15,False,,,,[],,requires exactly one supported explicit temporal connective
X8fBbtmHGsM_0017_0032,1,Who pushes the glass around before pushing it off the table?,The bird,1,0:17,0:21,True,before,Who pushes the glass around,pushing it off the table,"['Who pushes the glass around', 'pushing it off the table']",Who pushes the glass around,deterministic single-connective split
X8fBbtmHGsM_0017_0032,2,What does the bird push around before pushing it off the table?,The glass,2,0:17,0:21,True,before,What does the bird push around,pushing it off the table,"['What does the bird push around', 'pushing it off the table']",What does the bird push around,deterministic single-connective split
X8fBbtmHGsM_0017_0032,3,Which object does the bird push the glass off?,The table,3,0:17,0:21,False,,,,[],,requires exactly one supported explicit temporal connective
X8fBbtmHGsM_0025_0038,1,Who dances around before knocking over the box?,The bird,1,0:26,0:36,True,before,Who dances around,knocking over the box,"['Who dances around', 'knocking over the box']",Who dances around,deterministic single-connective split
X8fBbtmHGsM_0025_0038,2,What does the bird knock over after dancing around?,The box,2,0:26,0:36,True,after,What does the bird knock over,dancing around,"['dancing around', 'What does the bird knock over']",What does the bird knock over,deterministic single-connective split
dW2utwg9oOg_0015_0030,5,Who walks around inside of the bowl after getting inside?,The parrot,1,0:20,0:30,True,after,Who walks around inside of the bowl,getting inside,"['getting inside', 'Who walks around inside of the bowl']",Who walks around inside of the bowl,deterministic single-connective split
dW2utwg9oOg_0015_0030,6,Where does the parrot walk around after it gets inside?,The bowl,2,0:20,0:30,True,after,Where does the parrot walk around,it gets inside,"['it gets inside', 'Where does the parrot walk around']",Where does the parrot walk around,deterministic single-connective split
dW2utwg9oOg_0050_0100,3,Who dances on top of the stick after hearing the music?,The parrot,1,0:50,1:00,True,after,Who dances on top of the stick,hearing the music,"['hearing the music', 'Who dances on top of the stick']",Who dances on top of the stick,deterministic single-connective split
dW2utwg9oOg_0050_0100,4,What does the parrot dance on top of after hearing the music?,The stick,2,0:50,1:00,True,after,What does the parrot dance on top of,hearing the music,"['hearing the music', 'What does the parrot dance on top of']",What does the parrot dance on top of,deterministic single-connective split
dW2utwg9oOg_0117_0132,3,Who pushes the cup after the cup is moved towards it?,The yellow bird,1,1:19,1:32,True,after,Who pushes the cup,the cup is moved towards it,"['the cup is moved towards it', 'Who pushes the cup']",Who pushes the cup,deterministic single-connective split
dW2utwg9oOg_0117_0132,4,What does the yellow bird push after it is moved towards the yellow bird?,The cup,2,1:19,1:32,True,after,What does the yellow bird push,it is moved towards the yellow bird,"['it is moved towards the yellow bird', 'What does the yellow bird push']",What does the yellow bird push,deterministic single-connective split
dW2utwg9oOg_0300_0312,3,Who reaches inside of the box before throwing bottle caps outside of it?,The parrot,1,3:03,3:12,True,before,Who reaches inside of the box,throwing bottle caps outside of it,"['Who reaches inside of the box', 'throwing bottle caps outside of it']",Who reaches inside of the box,deterministic single-connective split
dW2utwg9oOg_0300_0312,4,What does the parrot reach inside of before throwing bottle caps outside?,The box,2,3:03,3:12,True,before,What does the parrot reach inside of,throwing bottle caps outside,"['What does the parrot reach inside of', 'throwing bottle caps outside']",What does the parrot reach inside of,deterministic single-connective split
LNLd7nlesTY_0030_0035,7,Who moves to the side of the man in the white before shooting the basketball?,The man in the red,1,0:30,0:35,True,before,Who moves to the side of the man in the white,shooting the basketball,"['Who moves to the side of the man in the white', 'shooting the basketball']",Who moves to the side of the man in the white,deterministic single-connective split
LNLd7nlesTY_0030_0035,8,Before whom does the man in the red move to the side before shooting the basketball?,The man in the white,2,0:30,0:35,True,before,Before whom does the man in the red move to the side,shooting the basketball,"['Before whom does the man in the red move to the side', 'shooting the basketball']",Before whom does the man in the red move to the side,deterministic single-connective split
LNLd7nlesTY_0030_0035,9,What does the man in the red shoot after moving to the side of the man in the white?,The basketball,3,0:30,0:35,True,after,What does the man in the red shoot,moving to the side of the man in the white,"['moving to the side of the man in the white', 'What does the man in the red shoot']",What does the man in the red shoot,deterministic single-connective split
LNLd7nlesTY_0100_0110,1,Who shoots the ball before he celebrates?,The man in the white,1,1:02,1:05,True,before,Who shoots the ball,he celebrates,"['Who shoots the ball', 'he celebrates']",Who shoots the ball,deterministic single-connective split
LNLd7nlesTY_0100_0110,2,What does the man in the white shoot before he celebrates?,The ball,2,1:02,1:05,True,before,What does the man in the white shoot,he celebrates,"['What does the man in the white shoot', 'he celebrates']",What does the man in the white shoot,deterministic single-connective split
LNLd7nlesTY_0140_0150,1,Who dribbles the ball before shooting it?,The man in the red,1,1:41,1:46,True,before,Who dribbles the ball,shooting it,"['Who dribbles the ball', 'shooting it']",Who dribbles the ball,deterministic single-connective split
LNLd7nlesTY_0140_0150,2,What does the man in the red dribble before shooting?,The ball,3,1:41,1:46,True,before,What does the man in the red dribble,shooting,"['What does the man in the red dribble', 'shooting']",What does the man in the red dribble,deterministic single-connective split
LNLd7nlesTY_0258_0310,9,Who goes to pick up the ball after missing his shot?,The man in white,1,3:05,3:08,True,after,Who goes to pick up the ball,missing his shot,"['missing his shot', 'Who goes to pick up the ball']",Who goes to pick up the ball,deterministic single-connective split
LNLd7nlesTY_0258_0310,10,What does the man in white go to pick up after missing his shot?,The ball,2,3:05,3:08,True,after,What does the man in white go to pick up,missing his shot,"['missing his shot', 'What does the man in white go to pick up']",What does the man in white go to pick up,deterministic single-connective split
EKn6tKf7sh4_0440_0455,3,Who dribbles the ball in a skillful way before scoring a point?,The man in the black,1,4:40,4:52,True,before,Who dribbles the ball in a skillful way,scoring a point,"['Who dribbles the ball in a skillful way', 'scoring a point']",Who dribbles the ball in a skillful way,deterministic single-connective split
EKn6tKf7sh4_0440_0455,4,What does the man in the black dribble in a skillful way before scoring a point?,The ball,3,4:40,4:52,True,before,What does the man in the black dribble in a skillful way,scoring a point,"['What does the man in the black dribble in a skillful way', 'scoring a point']",What does the man in the black dribble in a skillful way,deterministic single-connective split
EKn6tKf7sh4_0440_0455,9,Who falls into the blue cushion on the wall after tripping while trying to defend against the man in black?,The man in white,2,4:48,4:51,True,after,Who falls into the blue cushion on the wall,tripping while trying to defend against the man in black,"['tripping while trying to defend against the man in black', 'Who falls into the blue cushion on the wall']",Who falls into the blue cushion on the wall,deterministic single-connective split
EKn6tKf7sh4_0440_0455,10,Who is the man in white trying to defend against when he trips and falls into the blue cushion on the wall?,The man in black,1,4:48,4:51,False,,,,[],,requires exactly one supported explicit temporal connective
EKn6tKf7sh4_0440_0455,13,Who falls past the man in the black after the man in the black performs many moves?,The man in the white,2,4:48,4:51,True,after,Who falls past the man in the black,the man in the black performs many moves,"['the man in the black performs many moves', 'Who falls past the man in the black']",Who falls past the man in the black,deterministic single-connective split
EKn6tKf7sh4_0440_0455,14,Who does the man in the white fall past after the man in the black performs many moves?,The man in the black,1,4:48,4:51,True,after,Who does the man in the white fall past,the man in the black performs many moves,"['the man in the black performs many moves', 'Who does the man in the white fall past']",Who does the man in the white fall past,deterministic single-connective split
EKn6tKf7sh4_0630_0635,1,Who falls past the man in black after the man in black accelerates past him?,The man in white,1,6:33,6:35,True,after,Who falls past the man in black,the man in black accelerates past him,"['the man in black accelerates past him', 'Who falls past the man in black']",Who falls past the man in black,deterministic single-connective split
EKn6tKf7sh4_0630_0635,2,Who does the man in white fall past after he accelerates past the man in white?,The man in black,2,6:33,6:35,True,after,Who does the man in white fall past,he accelerates past the man in white,"['he accelerates past the man in white', 'Who does the man in white fall past']",Who does the man in white fall past,deterministic single-connective split
EKn6tKf7sh4_0801_0815,1,Who performs tricks against the man in the white before he scores?,The man in the black,1,8:04,8:12,True,before,Who performs tricks against the man in the white,he scores,"['Who performs tricks against the man in the white', 'he scores']",Who performs tricks against the man in the white,deterministic single-connective split
EKn6tKf7sh4_0801_0815,2,Against whom does the man in the black perform tricks before he scores?,The man in the white,2,8:04,8:12,True,before,Against whom does the man in the black perform tricks,he scores,"['Against whom does the man in the black perform tricks', 'he scores']",Against whom does the man in the black perform tricks,deterministic single-connective split
EKn6tKf7sh4_0801_0815,14,Who teases the man in white before scoring a point?,The man in black,1,8:04,8:12,True,before,Who teases the man in white,scoring a point,"['Who teases the man in white', 'scoring a point']",Who teases the man in white,deterministic single-connective split
EKn6tKf7sh4_0801_0815,15,Who is teased by the man in black before the man in black scores a point?,The man in white,2,8:04,8:12,True,before,Who is teased by the man in black,the man in black scores a point,"['Who is teased by the man in black', 'the man in black scores a point']",Who is teased by the man in black,deterministic single-connective split
EKn6tKf7sh4_1140_1155,4,Who turns around towards the basketball after the basketball is thrown?,The man in the white,3,11:44,11:47,True,after,Who turns around towards the basketball,the basketball is thrown,"['the basketball is thrown', 'Who turns around towards the basketball']",Who turns around towards the basketball,deterministic single-connective split
EKn6tKf7sh4_1140_1155,5,What does the man in the white turn towards after it is thrown?,The basketball,2,11:44,11:47,True,after,What does the man in the white turn towards,it is thrown,"['it is thrown', 'What does the man in the white turn towards']",What does the man in the white turn towards,deterministic single-connective split
EKn6tKf7sh4_1140_1155,6,Who throws the basketball before the man in the white turns around?,The man in the black,1,11:44,11:47,True,before,Who throws the basketball,the man in the white turns around,"['Who throws the basketball', 'the man in the white turns around']",Who throws the basketball,deterministic single-connective split
EKn6tKf7sh4_1140_1155,10,Who fake shoots the ball before the man in black picks up the ball and shoots the basketball?,The man in the black,1,11:47,11:50,True,before,Who fake shoots the ball,the man in black picks up the ball and shoots the basketball,"['Who fake shoots the ball', 'the man in black picks up the ball and shoots the basketball']",Who fake shoots the ball,deterministic single-connective split
EKn6tKf7sh4_1140_1155,11,What is fake shot by the man in the black before the man in black picks up and shoots it?,The basketball,2,11:47,11:50,True,before,What is fake shot by the man in the black,the man in black picks up and shoots it,"['What is fake shot by the man in the black', 'the man in black picks up and shoots it']",What is fake shot by the man in the black,deterministic single-connective split
EKn6tKf7sh4_1140_1155,19,Who dribbles the basketball inbetween his legs before going past the man in the white?,The man in the black,1,11:40,11:44,True,before,Who dribbles the basketball inbetween his legs,going past the man in the white,"['Who dribbles the basketball inbetween his legs', 'going past the man in the white']",Who dribbles the basketball inbetween his legs,deterministic single-connective split
EKn6tKf7sh4_1140_1155,20,What does the man in the black dribble inbetween his legs before going past the man in the white?,The basketball,2,11:40,11:44,True,before,What does the man in the black dribble inbetween his legs,going past the man in the white,"['What does the man in the black dribble inbetween his legs', 'going past the man in the white']",What does the man in the black dribble inbetween his legs,deterministic single-connective split
EKn6tKf7sh4_1140_1155,21,Who does the man in the black go past after dribbling the basketball inbetween his legs?,The man in the white,3,11:40,11:44,True,after,Who does the man in the black go past,dribbling the basketball inbetween his legs,"['dribbling the basketball inbetween his legs', 'Who does the man in the black go past']",Who does the man in the black go past,deterministic single-connective split
EKn6tKf7sh4_1305_1315,1,Who gives a handshake with the man in black before he holds him?,The man in white,1,13:07,13:10,True,before,Who gives a handshake with the man in black,he holds him,"['Who gives a handshake with the man in black', 'he holds him']",Who gives a handshake with the man in black,deterministic single-connective split
EKn6tKf7sh4_1305_1315,2,With whom does the man in white give a handshake before he holds him?,The man in black,2,13:07,13:10,True,before,With whom does the man in white give a handshake,he holds him,"['With whom does the man in white give a handshake', 'he holds him']",With whom does the man in white give a handshake,deterministic single-connective split
EKn6tKf7sh4_1305_1315,5,Who holds the man in black after giving a handshake?,The man in white,1,13:10,13:15,True,after,Who holds the man in black,giving a handshake,"['giving a handshake', 'Who holds the man in black']",Who holds the man in black,deterministic single-connective split
EKn6tKf7sh4_1305_1315,6,Who is being held by the man in white after receiving a handshake?,The man in black,2,13:10,13:15,True,after,Who is being held by the man in white,receiving a handshake,"['receiving a handshake', 'Who is being held by the man in white']",Who is being held by the man in white,deterministic single-connective split
HWF476qqNGg_0055_0110,1,Who dribbles infront of the man wearing black shorts before stepping back and shooting the ball?,The man in the orange shoes,1,0:55,0:58,True,before,Who dribbles infront of the man wearing black shorts,stepping back and shooting the ball,"['Who dribbles infront of the man wearing black shorts', 'stepping back and shooting the ball']",Who dribbles infront of the man wearing black shorts,deterministic single-connective split
HWF476qqNGg_0055_0110,2,In front of whom does the man in the orange shoes dribble before stepping back and shooting the ball?,The man wearing black shorts,2,0:55,0:58,True,before,In front of whom does the man in the orange shoes dribble,stepping back and shooting the ball,"['In front of whom does the man in the orange shoes dribble', 'stepping back and shooting the ball']",In front of whom does the man in the orange shoes dribble,deterministic single-connective split
HWF476qqNGg_0055_0110,3,What does the man in the orange shoes shoot after dribbling infront of the man wearing black shorts and stepping back?,The ball,3,0:55,0:58,True,after,What does the man in the orange shoes shoot,dribbling infront of the man wearing black shorts and stepping back,"['dribbling infront of the man wearing black shorts and stepping back', 'What does the man in the orange shoes shoot']",What does the man in the orange shoes shoot,deterministic single-connective split
HWF476qqNGg_0055_0110,11,Who gets the ball passed back to him by the man in the yellow shorts after scoring a point?,The man in the orange shoes,1,1:00,1:06,True,after,Who gets the ball passed back to him by the man in the yellow shorts,scoring a point,"['scoring a point', 'Who gets the ball passed back to him by the man in the yellow shorts']",Who gets the ball passed back to him by the man in the yellow shorts,deterministic single-connective split
HWF476qqNGg_0055_0110,12,Who passes the ball back to the man in the orange shoes after he scores a point?,The man in the yellow shorts,4,1:00,1:06,True,after,Who passes the ball back to the man in the orange shoes,he scores a point,"['he scores a point', 'Who passes the ball back to the man in the orange shoes']",Who passes the ball back to the man in the orange shoes,deterministic single-connective split
HWF476qqNGg_0055_0110,13,What does the man in the yellow shorts pass back to the man in the orange shoes after he scores a point?,The ball,3,1:00,1:06,True,after,What does the man in the yellow shorts pass back to the man in the orange shoes,he scores a point,"['he scores a point', 'What does the man in the yellow shorts pass back to the man in the orange shoes']",What does the man in the yellow shorts pass back to the man in the orange shoes,deterministic single-connective split
HWF476qqNGg_0105_0120,1,Who passes the ball to the man in the orange shorts before the man in the orange shorts shoots the ball?,The man in the orange shoes,1,1:05,1:08,True,before,Who passes the ball to the man in the orange shorts,the man in the orange shorts shoots the ball,"['Who passes the ball to the man in the orange shorts', 'the man in the orange shorts shoots the ball']",Who passes the ball to the man in the orange shorts,deterministic single-connective split
HWF476qqNGg_0105_0120,2,What does the man in the orange shoes pass to the man in the orange shorts before the man in the orange shorts shoots the ball?,The ball,2,1:05,1:08,True,before,What does the man in the orange shoes pass to the man in the orange shorts,the man in the orange shorts shoots the ball,"['What does the man in the orange shoes pass to the man in the orange shorts', 'the man in the orange shorts shoots the ball']",What does the man in the orange shoes pass to the man in the orange shorts,deterministic single-connective split
HWF476qqNGg_0105_0120,3,To whom does the man in the orange shoes pass the ball before the man in the orange shorts shoots the ball?,The man in the orange shorts,3,1:05,1:08,True,before,To whom does the man in the orange shoes pass the ball,the man in the orange shorts shoots the ball,"['To whom does the man in the orange shoes pass the ball', 'the man in the orange shorts shoots the ball']",To whom does the man in the orange shoes pass the ball,deterministic single-connective split
HWF476qqNGg_0105_0120,9,Who guards the man in the orange shorts after the ball is passed to him?,The man in the yellow shorts,4,1:07,1:10,True,after,Who guards the man in the orange shorts,the ball is passed to him,"['the ball is passed to him', 'Who guards the man in the orange shorts']",Who guards the man in the orange shorts,deterministic single-connective split
HWF476qqNGg_0105_0120,10,Who is guarded by the man in the yellow shorts after the ball is passed to him?,The man in the orange shorts,3,1:07,1:10,True,after,Who is guarded by the man in the yellow shorts,the ball is passed to him,"['the ball is passed to him', 'Who is guarded by the man in the yellow shorts']",Who is guarded by the man in the yellow shorts,deterministic single-connective split
HWF476qqNGg_0105_0120,11,What happens to the man in the orange shorts after the ball is passed to him?,He is guarded by the man in the yellow shorts,3,1:07,1:10,True,after,What happens to the man in the orange shorts,the ball is passed to him,"['the ball is passed to him', 'What happens to the man in the orange shorts']",What happens to the man in the orange shorts,deterministic single-connective split
HWF476qqNGg_0105_0120,17,Who catches the basketball after the man in the orange shorts shoots the basketball?,The man in black shorts and white shoes,5,1:10,1:13,True,after,Who catches the basketball,the man in the orange shorts shoots the basketball,"['the man in the orange shorts shoots the basketball', 'Who catches the basketball']",Who catches the basketball,deterministic single-connective split
HWF476qqNGg_0105_0120,18,What does the man in black shorts and white shoes catch after the man in the orange shorts shoots?,The basketball,2,1:10,1:13,True,after,What does the man in black shorts and white shoes catch,the man in the orange shorts shoots,"['the man in the orange shorts shoots', 'What does the man in black shorts and white shoes catch']",What does the man in black shorts and white shoes catch,deterministic single-connective split
HWF476qqNGg_0105_0120,19,Who shoots the basketball before the man in black shorts and white shoes catches it?,The man in the orange shorts,3,1:10,1:13,True,before,Who shoots the basketball,the man in black shorts and white shoes catches it,"['Who shoots the basketball', 'the man in black shorts and white shoes catches it']",Who shoots the basketball,deterministic single-connective split
HWF476qqNGg_0105_0120,26,Who passes the ball to the man in the black shorts and white shoes after being guarded by the man in the orange shorts?,The man in the yellow shorts,4,1:16,1:18,True,after,Who passes the ball to the man in the black shorts and white shoes,being guarded by the man in the orange shorts,"['being guarded by the man in the orange shorts', 'Who passes the ball to the man in the black shorts and white shoes']",Who passes the ball to the man in the black shorts and white shoes,deterministic single-connective split
HWF476qqNGg_0105_0120,27,To whom does the man in the yellow shorts pass the ball after being guarded by the man in the orange shorts?,The man in the black shorts and white shoes,5,1:16,1:18,True,after,To whom does the man in the yellow shorts pass the ball,being guarded by the man in the orange shorts,"['being guarded by the man in the orange shorts', 'To whom does the man in the yellow shorts pass the ball']",To whom does the man in the yellow shorts pass the ball,deterministic single-connective split
HWF476qqNGg_0105_0120,28,What does the man in the yellow shorts pass to the man in the black shorts and white shoes after being guarded by the man in the orange shorts?,The ball,2,1:16,1:18,True,after,What does the man in the yellow shorts pass to the man in the black shorts and white shoes,being guarded by the man in the orange shorts,"['being guarded by the man in the orange shorts', 'What does the man in the yellow shorts pass to the man in the black shorts and white shoes']",What does the man in the yellow shorts pass to the man in the black shorts and white shoes,deterministic single-connective split
HWF476qqNGg_0105_0120,29,Who guards the man in yellow shorts before he passes the ball to the man in the black shorts and white shoes?,The man in the orange shorts,3,1:16,1:18,True,before,Who guards the man in yellow shorts,he passes the ball to the man in the black shorts and white shoes,"['Who guards the man in yellow shorts', 'he passes the ball to the man in the black shorts and white shoes']",Who guards the man in yellow shorts,deterministic single-connective split
HWF476qqNGg_0115_0125,1,Who chases the ball after the man in the black shorts and white shoes misses his shot?,The man in the orange shorts,1,1:19,1:22,True,after,Who chases the ball,the man in the black shorts and white shoes misses his shot,"['the man in the black shorts and white shoes misses his shot', 'Who chases the ball']",Who chases the ball,deterministic single-connective split
HWF476qqNGg_0115_0125,2,What does the man in the orange shorts chase after the man in the black shorts and white shoes misses his shot?,The ball,2,1:19,1:22,True,after,What does the man in the orange shorts chase,the man in the black shorts and white shoes misses his shot,"['the man in the black shorts and white shoes misses his shot', 'What does the man in the orange shorts chase']",What does the man in the orange shorts chase,deterministic single-connective split
HWF476qqNGg_0125_0140,1,Who dribbles in front of the man wearing the orange shoes before shooting the ball?,The man in the black shorts and white shoes,1,1:27,1:31,True,before,Who dribbles in front of the man wearing the orange shoes,shooting the ball,"['Who dribbles in front of the man wearing the orange shoes', 'shooting the ball']",Who dribbles in front of the man wearing the orange shoes,deterministic single-connective split
HWF476qqNGg_0125_0140,2,In front of whom does the man in the black shorts and white shoes dribble before he shoots the ball?,The man wearing the orange shoes,2,1:27,1:31,True,before,In front of whom does the man in the black shorts and white shoes dribble,he shoots the ball,"['In front of whom does the man in the black shorts and white shoes dribble', 'he shoots the ball']",In front of whom does the man in the black shorts and white shoes dribble,deterministic single-connective split
HWF476qqNGg_0125_0140,3,What does the man in the black shorts and white shoes dribble before he shoots?,The ball,3,1:27,1:31,True,before,What does the man in the black shorts and white shoes dribble,he shoots,"['What does the man in the black shorts and white shoes dribble', 'he shoots']",What does the man in the black shorts and white shoes dribble,deterministic single-connective split
HWF476qqNGg_0125_0140,9,Who runs toward the hoop after the man in the black shorts and white shoes shoots the ball?,The man in yellow shorts,4,1:33,1:36,True,after,Who runs toward the hoop,the man in the black shorts and white shoes shoots the ball,"['the man in the black shorts and white shoes shoots the ball', 'Who runs toward the hoop']",Who runs toward the hoop,deterministic single-connective split
HWF476qqNGg_0125_0140,10,What does the man in yellow shorts run towards after the man in the black shorts and white shoes shoots the ball?,The hoop,5,1:33,1:36,True,after,What does the man in yellow shorts run towards,the man in the black shorts and white shoes shoots the ball,"['the man in the black shorts and white shoes shoots the ball', 'What does the man in yellow shorts run towards']",What does the man in yellow shorts run towards,deterministic single-connective split
HWF476qqNGg_0125_0140,11,Who shoots the ball before the man in yellow shorts runs toward the hoop?,The man in the black shorts and white shoes,1,1:33,1:36,True,before,Who shoots the ball,the man in yellow shorts runs toward the hoop,"['Who shoots the ball', 'the man in yellow shorts runs toward the hoop']",Who shoots the ball,deterministic single-connective split
HWF476qqNGg_0125_0140,12,What does the man in the black shorts and white shoes shoot before the man in yellow shorts runs toward the hoop?,The ball,3,1:33,1:36,True,before,What does the man in the black shorts and white shoes shoot,the man in yellow shorts runs toward the hoop,"['What does the man in the black shorts and white shoes shoot', 'the man in yellow shorts runs toward the hoop']",What does the man in the black shorts and white shoes shoot,deterministic single-connective split
HWF476qqNGg_0125_0140,20,Who passes the ball to the man in the orange shoes after intercepting the ball from the man in the yellow shorts?,The man in the orange shorts,6,1:35,1:38,True,after,Who passes the ball to the man in the orange shoes,intercepting the ball from the man in the yellow shorts,"['intercepting the ball from the man in the yellow shorts', 'Who passes the ball to the man in the orange shoes']",Who passes the ball to the man in the orange shoes,deterministic single-connective split
HWF476qqNGg_0125_0140,21,Who does the man in the orange shorts pass the ball to after intercepting it from the man in the yellow shorts?,The man wearing the orange shoes,2,1:35,1:38,True,after,Who does the man in the orange shorts pass the ball to,intercepting it from the man in the yellow shorts,"['intercepting it from the man in the yellow shorts', 'Who does the man in the orange shorts pass the ball to']",Who does the man in the orange shorts pass the ball to,deterministic single-connective split
HWF476qqNGg_0125_0140,22,What does the man in the orange shorts pass to the man wearing the orange shoes after intercepting it from the man in the yellow shorts?,The ball,3,1:35,1:38,True,after,What does the man in the orange shorts pass to the man wearing the orange shoes,intercepting it from the man in the yellow shorts,"['intercepting it from the man in the yellow shorts', 'What does the man in the orange shorts pass to the man wearing the orange shoes']",What does the man in the orange shorts pass to the man wearing the orange shoes,deterministic single-connective split
HWF476qqNGg_0125_0140,23,From whom does the man in the orange shorts intercept the ball before passing it to the man in the orange shoes?,The man in yellow shorts,4,1:35,1:38,True,before,From whom does the man in the orange shorts intercept the ball,passing it to the man in the orange shoes,"['From whom does the man in the orange shorts intercept the ball', 'passing it to the man in the orange shoes']",From whom does the man in the orange shorts intercept the ball,deterministic single-connective split
HWF476qqNGg_0140_0150,1,Who captures the ball before shooting it?,The man in the yellow shorts,1,1:40,1:45,True,before,Who captures the ball,shooting it,"['Who captures the ball', 'shooting it']",Who captures the ball,deterministic single-connective split
HWF476qqNGg_0140_0150,2,What does the man in the yellow shorts capture before shooting?,The ball,2,1:40,1:45,True,before,What does the man in the yellow shorts capture,shooting,"['What does the man in the yellow shorts capture', 'shooting']",What does the man in the yellow shorts capture,deterministic single-connective split
HWF476qqNGg_0140_0150,7,Who retrieves the ball before shooting it?,The man in the yellow shorts,1,1:40,1:45,True,before,Who retrieves the ball,shooting it,"['Who retrieves the ball', 'shooting it']",Who retrieves the ball,deterministic single-connective split
HWF476qqNGg_0140_0150,8,What does the man in the yellow shorts retrieve before shooting?,The ball,2,1:40,1:45,True,before,What does the man in the yellow shorts retrieve,shooting,"['What does the man in the yellow shorts retrieve', 'shooting']",What does the man in the yellow shorts retrieve,deterministic single-connective split
HWF476qqNGg_0210_0225,6,Who shoots the ball after the ball is passed to him by the man in the yellow shorts?,The man in the black shorts and white shoes,4,2:16,2:19,True,after,Who shoots the ball,the ball is passed to him by the man in the yellow shorts,"['the ball is passed to him by the man in the yellow shorts', 'Who shoots the ball']",Who shoots the ball,deterministic single-connective split
HWF476qqNGg_0210_0225,7,What does the man in the black shorts and white shoes shoot after the ball is passed to him by the man in the yellow shorts?,The ball,5,2:16,2:19,True,after,What does the man in the black shorts and white shoes shoot,the ball is passed to him by the man in the yellow shorts,"['the ball is passed to him by the man in the yellow shorts', 'What does the man in the black shorts and white shoes shoot']",What does the man in the black shorts and white shoes shoot,deterministic single-connective split
HWF476qqNGg_0245_0300,9,Who takes the ball after the man in the orange shorts misses his shot?,The man in the black shorts and white shoes,1,2:53,2:57,True,after,Who takes the ball,the man in the orange shorts misses his shot,"['the man in the orange shorts misses his shot', 'Who takes the ball']",Who takes the ball,deterministic single-connective split
HWF476qqNGg_0245_0300,10,What does the man in the black shorts and white shoes take after the man in the orange shorts misses his shot?,The ball,3,2:53,2:57,True,after,What does the man in the black shorts and white shoes take,the man in the orange shorts misses his shot,"['the man in the orange shorts misses his shot', 'What does the man in the black shorts and white shoes take']",What does the man in the black shorts and white shoes take,deterministic single-connective split
HWF476qqNGg_0245_0300,11,Who misses his shot before the man in the black shorts and white shoes takes the ball?,The man in orange shorts,4,2:53,2:57,True,before,Who misses his shot,the man in the black shorts and white shoes takes the ball,"['Who misses his shot', 'the man in the black shorts and white shoes takes the ball']",Who misses his shot,deterministic single-connective split
HWF476qqNGg_0310_0325,3,Who runs to the man in the black shorts and white shoes after passing the ball to his teammate?,The man in the orange shorts,1,3:14,3:17,True,after,Who runs to the man in the black shorts and white shoes,passing the ball to his teammate,"['passing the ball to his teammate', 'Who runs to the man in the black shorts and white shoes']",Who runs to the man in the black shorts and white shoes,deterministic single-connective split
HWF476qqNGg_0310_0325,4,Who does the man in the orange shorts run to after passing the ball to his teammate?,The man in the black shorts and white shoes,2,3:14,3:17,True,after,Who does the man in the orange shorts run to,passing the ball to his teammate,"['passing the ball to his teammate', 'Who does the man in the orange shorts run to']",Who does the man in the orange shorts run to,deterministic single-connective split
HWF476qqNGg_0310_0325,5,What does the man in the orange shorts pass to his teammate before running to the man in the black shorts and white shoes?,The ball,3,3:14,3:17,True,before,What does the man in the orange shorts pass to his teammate,running to the man in the black shorts and white shoes,"['What does the man in the orange shorts pass to his teammate', 'running to the man in the black shorts and white shoes']",What does the man in the orange shorts pass to his teammate,deterministic single-connective split
HWF476qqNGg_0310_0325,6,Who does the man in the orange shorts pass the ball to before running to the man in the black shorts and white shoes?,The man in orange shoes,4,3:14,3:17,True,before,Who does the man in the orange shorts pass the ball to,running to the man in the black shorts and white shoes,"['Who does the man in the orange shorts pass the ball to', 'running to the man in the black shorts and white shoes']",Who does the man in the orange shorts pass the ball to,deterministic single-connective split
HWF476qqNGg_0310_0325,11,Who guards the man in black shorts and white shoes before shooting the ball?,The man in the orange shorts,1,3:14,3:17,True,before,Who guards the man in black shorts and white shoes,shooting the ball,"['Who guards the man in black shorts and white shoes', 'shooting the ball']",Who guards the man in black shorts and white shoes,deterministic single-connective split
HWF476qqNGg_0310_0325,12,Who is guarded by the man in the orange shorts before the latter shoots the ball?,The man in the black shorts and white shoes,2,3:14,3:17,True,before,Who is guarded by the man in the orange shorts,the latter shoots the ball,"['Who is guarded by the man in the orange shorts', 'the latter shoots the ball']",Who is guarded by the man in the orange shorts,deterministic single-connective split
HWF476qqNGg_0310_0325,13,What does the man in the orange shorts shoot after guarding the man in black shorts and white shoes?,The ball,3,3:14,3:17,True,after,What does the man in the orange shorts shoot,guarding the man in black shorts and white shoes,"['guarding the man in black shorts and white shoes', 'What does the man in the orange shorts shoot']",What does the man in the orange shorts shoot,deterministic single-connective split
HWF476qqNGg_0310_0325,17,Who gains possession of the ball after the man in the orange shoes shoots the ball but misses?,The man in the black shorts and white shoes,2,3:18,3:24,True,after,Who gains possession of the ball,the man in the orange shoes shoots the ball but misses,"['the man in the orange shoes shoots the ball but misses', 'Who gains possession of the ball']",Who gains possession of the ball,deterministic single-connective split
HWF476qqNGg_0310_0325,18,What does the man in the black shorts and white shoes gain possession of after the man in the orange shoes shoots but misses?,The ball,3,3:18,3:24,True,after,What does the man in the black shorts and white shoes gain possession of,the man in the orange shoes shoots but misses,"['the man in the orange shoes shoots but misses', 'What does the man in the black shorts and white shoes gain possession of']",What does the man in the black shorts and white shoes gain possession of,deterministic single-connective split
HWF476qqNGg_0330_0345,5,Who has possession of the ball before passing it to his teammate?,The man in the yellow shorts,1,3:36,3:39,True,before,Who has possession of the ball,passing it to his teammate,"['Who has possession of the ball', 'passing it to his teammate']",Who has possession of the ball,deterministic single-connective split
HWF476qqNGg_0330_0345,6,What does the man in the yellow shorts have possession of before passing it to his teammate?,The ball,3,3:36,3:39,True,before,What does the man in the yellow shorts have possession of,passing it to his teammate,"['What does the man in the yellow shorts have possession of', 'passing it to his teammate']",What does the man in the yellow shorts have possession of,deterministic single-connective split
HWF476qqNGg_0330_0345,7,Who does the man in the yellow shorts pass the ball to?,The man in black shorts and white shoes,4,3:36,3:39,False,,,,[],,requires exactly one supported explicit temporal connective
HWF476qqNGg_0415_0425,5,Who dribbles while moving with the ball after the man in orange shoes passes the ball?,The man in the orange shorts,1,4:16,4:21,True,after,Who dribbles while moving with the ball,the man in orange shoes passes the ball,"['the man in orange shoes passes the ball', 'Who dribbles while moving with the ball']",Who dribbles while moving with the ball,deterministic single-connective split
HWF476qqNGg_0415_0425,6,What does the man in the orange shorts dribble while moving after it is passed by the man in orange shoes?,The ball,2,4:16,4:21,True,after,What does the man in the orange shorts dribble while moving,it is passed by the man in orange shoes,"['it is passed by the man in orange shoes', 'What does the man in the orange shorts dribble while moving']",What does the man in the orange shorts dribble while moving,deterministic single-connective split
HWF476qqNGg_0415_0425,9,Who passes the ball to the man in the orange shorts?,The man in orange shoes,5,4:16,4:21,False,,,,[],,requires exactly one supported explicit temporal connective
HWF476qqNGg_0425_0440,9,Who accelerates past the man in the yellow shorts after the man in the yellow shorts was successful in guarding him the first time he tried to score?,The man in the orange shorts,2,4:33,4:37,True,after,Who accelerates past the man in the yellow shorts,the man in the yellow shorts was successful in guarding him the first time he tried to score,"['the man in the yellow shorts was successful in guarding him the first time he tried to score', 'Who accelerates past the man in the yellow shorts']",Who accelerates past the man in the yellow shorts,deterministic single-connective split
HWF476qqNGg_0425_0440,10,Who does the man in the orange shorts accelerate past after being successfully guarded the first time he tried to score?,The man in the yellow shorts,1,4:33,4:37,True,after,Who does the man in the orange shorts accelerate past,being successfully guarded the first time he tried to score,"['being successfully guarded the first time he tried to score', 'Who does the man in the orange shorts accelerate past']",Who does the man in the orange shorts accelerate past,deterministic single-connective split
HWF476qqNGg_0445_0455,5,Who approaches the man in the orange shorts after moving to his side?,The man in the yellow shorts,1,4:50,4:53,True,after,Who approaches the man in the orange shorts,moving to his side,"['moving to his side', 'Who approaches the man in the orange shorts']",Who approaches the man in the orange shorts,deterministic single-connective split
HWF476qqNGg_0445_0455,6,Who is approached by the man in the yellow shorts after he moves to his side?,The man in the orange shorts,2,4:50,4:53,True,after,Who is approached by the man in the yellow shorts,he moves to his side,"['he moves to his side', 'Who is approached by the man in the yellow shorts']",Who is approached by the man in the yellow shorts,deterministic single-connective split
HWF476qqNGg_0445_0455,9,Who moves closer to the man in the orange shorts before shooting the ball?,The man in the yellow shorts,1,4:50,4:53,True,before,Who moves closer to the man in the orange shorts,shooting the ball,"['Who moves closer to the man in the orange shorts', 'shooting the ball']",Who moves closer to the man in the orange shorts,deterministic single-connective split
HWF476qqNGg_0445_0455,10,To whom does the man in the yellow shorts move closer before he shoots the ball?,The man in the orange shorts,2,4:50,4:53,True,before,To whom does the man in the yellow shorts move closer,he shoots the ball,"['To whom does the man in the yellow shorts move closer', 'he shoots the ball']",To whom does the man in the yellow shorts move closer,deterministic single-connective split
HWF476qqNGg_0445_0455,11,What does the man in the yellow shorts shoot after moving closer to the man in the orange shorts?,The ball,3,4:50,4:53,True,after,What does the man in the yellow shorts shoot,moving closer to the man in the orange shorts,"['moving closer to the man in the orange shorts', 'What does the man in the yellow shorts shoot']",What does the man in the yellow shorts shoot,deterministic single-connective split
HWF476qqNGg_0445_0455,17,Who moves strategically with the ball before shooting the ball?,The man in the yellow shorts,1,4:45,4:53,True,before,Who moves strategically with the ball,shooting the ball,"['Who moves strategically with the ball', 'shooting the ball']",Who moves strategically with the ball,deterministic single-connective split
HWF476qqNGg_0445_0455,18,What does the man in the yellow shorts move strategically with before he shoots?,The ball,3,4:45,4:53,True,before,What does the man in the yellow shorts move strategically with,he shoots,"['What does the man in the yellow shorts move strategically with', 'he shoots']",What does the man in the yellow shorts move strategically with,deterministic single-connective split
HWF476qqNGg_0520_0530,3,Who accelerates past the man in black shorts after the ball is passed to him?,The man in the orange shoes,1,5:24,5:27,True,after,Who accelerates past the man in black shorts,the ball is passed to him,"['the ball is passed to him', 'Who accelerates past the man in black shorts']",Who accelerates past the man in black shorts,deterministic single-connective split
HWF476qqNGg_0520_0530,4,Who is passed by the man in the orange shoes after the ball is passed to him?,The man in black shorts and white shoes,2,5:24,5:27,True,after,Who is passed by the man in the orange shoes,the ball is passed to him,"['the ball is passed to him', 'Who is passed by the man in the orange shoes']",Who is passed by the man in the orange shoes,deterministic single-connective split
HWF476qqNGg_0520_0530,5,What is passed to the man in black shorts and white shoes before the man in the orange shoes accelerates past him?,The ball,3,5:24,5:27,True,before,What is passed to the man in black shorts and white shoes,the man in the orange shoes accelerates past him,"['What is passed to the man in black shorts and white shoes', 'the man in the orange shoes accelerates past him']",What is passed to the man in black shorts and white shoes,deterministic single-connective split
HWF476qqNGg_0533_0543,1,Who dribbles the ball before passing it to the man in the orange shorts?,The man in the orange shoes,1,5:34,5:37,True,before,Who dribbles the ball,passing it to the man in the orange shorts,"['Who dribbles the ball', 'passing it to the man in the orange shorts']",Who dribbles the ball,deterministic single-connective split
HWF476qqNGg_0533_0543,2,What does the man in the orange shoes dribble before passing to the man in the orange shorts?,The ball,2,5:34,5:37,True,before,What does the man in the orange shoes dribble,passing to the man in the orange shorts,"['What does the man in the orange shoes dribble', 'passing to the man in the orange shorts']",What does the man in the orange shoes dribble,deterministic single-connective split
HWF476qqNGg_0533_0543,3,Who receives the ball from the man in the orange shoes after he dribbles it?,The man in the orange shorts,3,5:34,5:37,True,after,Who receives the ball from the man in the orange shoes,he dribbles it,"['he dribbles it', 'Who receives the ball from the man in the orange shoes']",Who receives the ball from the man in the orange shoes,deterministic single-connective split
HWF476qqNGg_0533_0543,11,Who guards the man in the orange shoes for the longest period of time before the man in the orange shoes passes the ball?,The man in the black shorts,4,5:34,5:37,True,before,Who guards the man in the orange shoes for the longest period of time,the man in the orange shoes passes the ball,"['Who guards the man in the orange shoes for the longest period of time', 'the man in the orange shoes passes the ball']",Who guards the man in the orange shoes for the longest period of time,deterministic single-connective split
HWF476qqNGg_0533_0543,12,Who does the man in the black shorts guard before the ball is passed?,The man in the orange shoes,1,5:34,5:37,True,before,Who does the man in the black shorts guard,the ball is passed,"['Who does the man in the black shorts guard', 'the ball is passed']",Who does the man in the black shorts guard,deterministic single-connective split
HWF476qqNGg_0533_0543,13,What does the man in the orange shoes pass after being guarded by the man in the black shorts?,The ball,2,5:34,5:37,True,after,What does the man in the orange shoes pass,being guarded by the man in the black shorts,"['being guarded by the man in the black shorts', 'What does the man in the orange shoes pass']",What does the man in the orange shoes pass,deterministic single-connective split
HWF476qqNGg_0730_0740,1,Who dribbles the ball between his legs before he steps back and shoots the ball?,The man in the orange shoes,1,7:30,7:34,True,before,Who dribbles the ball between his legs,he steps back and shoots the ball,"['Who dribbles the ball between his legs', 'he steps back and shoots the ball']",Who dribbles the ball between his legs,deterministic single-connective split
HWF476qqNGg_0730_0740,2,What does the man in the orange shoes dribble between his legs before he steps back and shoots?,The ball,2,7:30,7:34,True,before,What does the man in the orange shoes dribble between his legs,he steps back and shoots,"['What does the man in the orange shoes dribble between his legs', 'he steps back and shoots']",What does the man in the orange shoes dribble between his legs,deterministic single-connective split
HWF476qqNGg_0730_0740,5,Who shoots the ball after the man in the orange shoes dribbles the ball inbetween his legs?,The man in the orange shoes,1,7:34,7:36,True,after,Who shoots the ball,the man in the orange shoes dribbles the ball inbetween his legs,"['the man in the orange shoes dribbles the ball inbetween his legs', 'Who shoots the ball']",Who shoots the ball,deterministic single-connective split
HWF476qqNGg_0730_0740,6,What does the man in the orange shoes shoot after the man in the orange shoes dribbles the ball inbetween his legs?,The ball,2,7:34,7:36,True,after,What does the man in the orange shoes shoot,the man in the orange shoes dribbles the ball inbetween his legs,"['the man in the orange shoes dribbles the ball inbetween his legs', 'What does the man in the orange shoes shoot']",What does the man in the orange shoes shoot,deterministic single-connective split
HWF476qqNGg_0730_0740,16,Who gets the ball again after the man in orange shoes misses his shot?,The man in the orange shoes,1,7:36,7:39,True,after,Who gets the ball again,the man in orange shoes misses his shot,"['the man in orange shoes misses his shot', 'Who gets the ball again']",Who gets the ball again,deterministic single-connective split
HWF476qqNGg_0730_0740,17,What does the man in the orange shoes get again after he misses his shot?,The ball,2,7:36,7:39,True,after,What does the man in the orange shoes get again,he misses his shot,"['he misses his shot', 'What does the man in the orange shoes get again']",What does the man in the orange shoes get again,deterministic single-connective split
HWF476qqNGg_0805_0820,14,Who dribbles near the hoop before passing the ball?,The man in the yellow shorts,1,8:05,8:15,True,before,Who dribbles near the hoop,passing the ball,"['Who dribbles near the hoop', 'passing the ball']",Who dribbles near the hoop,deterministic single-connective split
HWF476qqNGg_0805_0820,15,What does the man in the yellow shorts dribble near before passing the ball?,The hoop,5,8:05,8:15,True,before,What does the man in the yellow shorts dribble near,passing the ball,"['What does the man in the yellow shorts dribble near', 'passing the ball']",What does the man in the yellow shorts dribble near,deterministic single-connective split
HWF476qqNGg_0805_0820,16,Who does the man in the yellow shorts pass the ball to after dribbling near the hoop?,The man in black shorts and white shoes,4,8:05,8:15,True,after,Who does the man in the yellow shorts pass the ball to,dribbling near the hoop,"['dribbling near the hoop', 'Who does the man in the yellow shorts pass the ball to']",Who does the man in the yellow shorts pass the ball to,deterministic single-connective split
HWF476qqNGg_0805_0820,17,What does the man in the yellow shorts pass to the man in black shorts and white shoes after dribbling near the hoop?,The ball,3,8:05,8:15,True,after,What does the man in the yellow shorts pass to the man in black shorts and white shoes,dribbling near the hoop,"['dribbling near the hoop', 'What does the man in the yellow shorts pass to the man in black shorts and white shoes']",What does the man in the yellow shorts pass to the man in black shorts and white shoes,deterministic single-connective split
HWF476qqNGg_0805_0820,21,Who moves closer to the hoop before the ball is passed?,The man in black shorts and white shoes,4,8:07,8:12,True,before,Who moves closer to the hoop,the ball is passed,"['Who moves closer to the hoop', 'the ball is passed']",Who moves closer to the hoop,deterministic single-connective split
HWF476qqNGg_0805_0820,22,What does the man in the black shorts and white shoes move closer to before the ball is passed?,The hoop,5,8:07,8:12,True,before,What does the man in the black shorts and white shoes move closer to,the ball is passed,"['What does the man in the black shorts and white shoes move closer to', 'the ball is passed']",What does the man in the black shorts and white shoes move closer to,deterministic single-connective split
HWF476qqNGg_0805_0820,23,Who passes the ball to the man in the black shorts and white shoes?,The man in the yellow shorts,1,8:07,8:12,False,,,,[],,requires exactly one supported explicit temporal connective
HWF476qqNGg_0805_0820,24,What does the man in the yellow shorts pass to the man in the black shorts and white shoes?,The ball,3,8:07,8:12,False,,,,[],,requires exactly one supported explicit temporal connective
HWF476qqNGg_0820_0830,6,Who goes behind the man in the yellow shorts after the man in the orange shorts guards him?,The man in the orange shoes,4,8:21,8:24,True,after,Who goes behind the man in the yellow shorts,the man in the orange shorts guards him,"['the man in the orange shorts guards him', 'Who goes behind the man in the yellow shorts']",Who goes behind the man in the yellow shorts,deterministic single-connective split
HWF476qqNGg_0820_0830,7,Who does the man in the orange shoes go behind after the man in the orange shorts guards the man in the yellow shorts?,The man in the yellow shorts,1,8:21,8:24,True,after,Who does the man in the orange shoes go behind,the man in the orange shorts guards the man in the yellow shorts,"['the man in the orange shorts guards the man in the yellow shorts', 'Who does the man in the orange shoes go behind']",Who does the man in the orange shoes go behind,deterministic single-connective split
HWF476qqNGg_0820_0830,8,Who guards the man in the yellow shorts before the man in the orange shoes goes behind him?,The man in the orange shorts,3,8:21,8:24,True,before,Who guards the man in the yellow shorts,the man in the orange shoes goes behind him,"['Who guards the man in the yellow shorts', 'the man in the orange shoes goes behind him']",Who guards the man in the yellow shorts,deterministic single-connective split
HWF476qqNGg_0820_0830,11,Who gets the ball after blocking the man in the yellow shorts from scoring a point?,The man in the orange shoes,4,8:25,8:28,True,after,Who gets the ball,blocking the man in the yellow shorts from scoring a point,"['blocking the man in the yellow shorts from scoring a point', 'Who gets the ball']",Who gets the ball,deterministic single-connective split
HWF476qqNGg_0820_0830,12,What does the man in the orange shoes get after he blocks the man in the yellow shorts from scoring a point?,The ball,5,8:25,8:28,True,after,What does the man in the orange shoes get,he blocks the man in the yellow shorts from scoring a point,"['he blocks the man in the yellow shorts from scoring a point', 'What does the man in the orange shoes get']",What does the man in the orange shoes get,deterministic single-connective split
HWF476qqNGg_0820_0830,15,Who is blocked by the man in the orange shoes from scoring a point?,The man in the yellow shorts,1,8:25,8:28,False,,,,[],,requires exactly one supported explicit temporal connective
HWF476qqNGg_0820_0830,16,Who guards the man in the orange shoes after the man in the orange shoes retrieves the ball?,The man in the black shorts and white shoes,6,8:25,8:30,True,after,Who guards the man in the orange shoes,the man in the orange shoes retrieves the ball,"['the man in the orange shoes retrieves the ball', 'Who guards the man in the orange shoes']",Who guards the man in the orange shoes,deterministic single-connective split
HWF476qqNGg_0820_0830,17,Who is being guarded by the man in the black shorts and white shoes after he retrieves the ball?,The man in the orange shoes,4,8:25,8:30,True,after,Who is being guarded by the man in the black shorts and white shoes,he retrieves the ball,"['he retrieves the ball', 'Who is being guarded by the man in the black shorts and white shoes']",Who is being guarded by the man in the black shorts and white shoes,deterministic single-connective split
HWF476qqNGg_0830_0840,1,Who dribbles in front of the man wearing black shorts before accelerating past him?,The man in the orange shoes,1,8:30,8:34,True,before,Who dribbles in front of the man wearing black shorts,accelerating past him,"['Who dribbles in front of the man wearing black shorts', 'accelerating past him']",Who dribbles in front of the man wearing black shorts,deterministic single-connective split
HWF476qqNGg_0830_0840,2,Who does the man in the orange shoes dribble in front of and then accelerate past?,The man wearing black shorts and white shoes,2,8:30,8:34,True,then,Who does the man in the orange shoes dribble in front of,accelerate past,"['Who does the man in the orange shoes dribble in front of', 'accelerate past']",Who does the man in the orange shoes dribble in front of,deterministic single-connective split
HWF476qqNGg_0830_0840,11,Who accelerates past the man in the black shorts and white shoes after dribbling?,The man in the orange shoes,1,8:34,8:36,True,after,Who accelerates past the man in the black shorts and white shoes,dribbling,"['dribbling', 'Who accelerates past the man in the black shorts and white shoes']",Who accelerates past the man in the black shorts and white shoes,deterministic single-connective split
HWF476qqNGg_0830_0840,12,Who does the man in the orange shoes accelerate past after dribbling?,The man wearing black shorts and white shoes,2,8:34,8:36,True,after,Who does the man in the orange shoes accelerate past,dribbling,"['dribbling', 'Who does the man in the orange shoes accelerate past']",Who does the man in the orange shoes accelerate past,deterministic single-connective split
HWF476qqNGg_0840_0855,1,Who defends against the man in the orange shoes before he passes the ball?,The man in the black shorts and the white shoes,1,8:42,8:45,True,before,Who defends against the man in the orange shoes,he passes the ball,"['Who defends against the man in the orange shoes', 'he passes the ball']",Who defends against the man in the orange shoes,deterministic single-connective split
HWF476qqNGg_0840_0855,2,Who does the man in the black shorts and the white shoes defend against before the ball is passed?,The man in the orange shoes,2,8:42,8:45,True,before,Who does the man in the black shorts and the white shoes defend against,the ball is passed,"['Who does the man in the black shorts and the white shoes defend against', 'the ball is passed']",Who does the man in the black shorts and the white shoes defend against,deterministic single-connective split
HWF476qqNGg_0840_0855,3,What does the man in the orange shoes pass to the man in the orange shorts?,The ball,3,8:42,8:45,False,,,,[],,requires exactly one supported explicit temporal connective
HWF476qqNGg_0840_0855,4,To whom does the man in the orange shoes pass the ball?,The man in the orange shorts,4,8:42,8:45,False,,,,[],,requires exactly one supported explicit temporal connective
HWF476qqNGg_0840_0855,9,Who passes the ball to the man in the orange shorts after not being able to score?,The man in the orange shoes,2,8:45,8:46,True,after,Who passes the ball to the man in the orange shorts,not being able to score,"['not being able to score', 'Who passes the ball to the man in the orange shorts']",Who passes the ball to the man in the orange shorts,deterministic single-connective split
HWF476qqNGg_0840_0855,10,What does the man in the orange shoes pass to the man in the orange shorts after not being able to score?,The ball,3,8:45,8:46,True,after,What does the man in the orange shoes pass to the man in the orange shorts,not being able to score,"['not being able to score', 'What does the man in the orange shoes pass to the man in the orange shorts']",What does the man in the orange shoes pass to the man in the orange shorts,deterministic single-connective split
HWF476qqNGg_0840_0855,11,To whom does the man in the orange shoes pass the ball after not being able to score?,The man in the orange shorts,4,8:45,8:46,True,after,To whom does the man in the orange shoes pass the ball,not being able to score,"['not being able to score', 'To whom does the man in the orange shoes pass the ball']",To whom does the man in the orange shoes pass the ball,deterministic single-connective split
HWF476qqNGg_0840_0855,17,Who chases the ball after the man in the orange shoes misses his shot?,The man in the black shorts and the white shoes,1,8:47,8:53,True,after,Who chases the ball,the man in the orange shoes misses his shot,"['the man in the orange shoes misses his shot', 'Who chases the ball']",Who chases the ball,deterministic single-connective split
HWF476qqNGg_0840_0855,18,Who misses his shot before the man in the black shorts and the white shoes chases the ball?,The man in the orange shoes,2,8:47,8:53,True,before,Who misses his shot,the man in the black shorts and the white shoes chases the ball,"['Who misses his shot', 'the man in the black shorts and the white shoes chases the ball']",Who misses his shot,deterministic single-connective split
HWF476qqNGg_0840_0855,19,What does the man in the black shorts and the white shoes chase after the man in the orange shoes misses his shot?,The ball,3,8:47,8:53,True,after,What does the man in the black shorts and the white shoes chase,the man in the orange shoes misses his shot,"['the man in the orange shoes misses his shot', 'What does the man in the black shorts and the white shoes chase']",What does the man in the black shorts and the white shoes chase,deterministic single-connective split
HWF476qqNGg_0840_0855,25,Who gets the ball before the man in the black shoes and white shorts passes the ball to the man in the yellow shorts?,The man in the black shorts and the white shoes,1,8:47,8:53,True,before,Who gets the ball,the man in the black shoes and white shorts passes the ball to the man in the yellow shorts,"['Who gets the ball', 'the man in the black shoes and white shorts passes the ball to the man in the yellow shorts']",Who gets the ball,deterministic single-connective split
HWF476qqNGg_0840_0855,26,What does the man in the black shorts and the white shoes get before the man in the black shoes and white shorts passes the ball to the man in the yellow shorts?,The ball,3,8:47,8:53,True,before,What does the man in the black shorts and the white shoes get,the man in the black shoes and white shorts passes the ball to the man in the yellow shorts,"['What does the man in the black shorts and the white shoes get', 'the man in the black shoes and white shorts passes the ball to the man in the yellow shorts']",What does the man in the black shorts and the white shoes get,deterministic single-connective split
HWF476qqNGg_0855_0910,1,Who gets the ball after the man in black shorts and white shoes misses his shot?,The man in the orange shorts,1,8:58,9:03,True,after,Who gets the ball,the man in black shorts and white shoes misses his shot,"['the man in black shorts and white shoes misses his shot', 'Who gets the ball']",Who gets the ball,deterministic single-connective split
HWF476qqNGg_0855_0910,2,What does the man in the orange shorts get after the man in black shorts and white shoes misses his shot?,The ball,2,8:58,9:03,True,after,What does the man in the orange shorts get,the man in black shorts and white shoes misses his shot,"['the man in black shorts and white shoes misses his shot', 'What does the man in the orange shorts get']",What does the man in the orange shorts get,deterministic single-connective split
HWF476qqNGg_0855_0910,3,Who misses his shot before the man in the orange shorts gets the ball?,The man in black shorts and white shoes,3,8:58,9:03,True,before,Who misses his shot,the man in the orange shorts gets the ball,"['Who misses his shot', 'the man in the orange shorts gets the ball']",Who misses his shot,deterministic single-connective split
HWF476qqNGg_0855_0910,10,Who tries to accelerate past the man in the yellow shorts after retrieving the ball?,The man in the orange shorts,1,9:03,9:06,True,after,Who tries to accelerate past the man in the yellow shorts,retrieving the ball,"['retrieving the ball', 'Who tries to accelerate past the man in the yellow shorts']",Who tries to accelerate past the man in the yellow shorts,deterministic single-connective split
HWF476qqNGg_0855_0910,11,What does the man in the orange shorts retrieve before trying to accelerate past the man in the yellow shorts?,The ball,2,9:03,9:06,True,before,What does the man in the orange shorts retrieve,trying to accelerate past the man in the yellow shorts,"['What does the man in the orange shorts retrieve', 'trying to accelerate past the man in the yellow shorts']",What does the man in the orange shorts retrieve,deterministic single-connective split
HWF476qqNGg_0855_0910,12,Who does the man in the orange shorts try to accelerate past after retrieving the ball?,The man in the yellow shorts,4,9:03,9:06,True,after,Who does the man in the orange shorts try to accelerate past,retrieving the ball,"['retrieving the ball', 'Who does the man in the orange shorts try to accelerate past']",Who does the man in the orange shorts try to accelerate past,deterministic single-connective split
HWF476qqNGg_0855_0910,18,Who guards the man in the orange shorts before the man in the orange shorts tries to pass the ball?,The man in the yellow shorts,4,9:03,9:06,True,before,Who guards the man in the orange shorts,the man in the orange shorts tries to pass the ball,"['Who guards the man in the orange shorts', 'the man in the orange shorts tries to pass the ball']",Who guards the man in the orange shorts,deterministic single-connective split
HWF476qqNGg_0855_0910,19,Who is guarded by the man in the yellow shorts before trying to pass the ball?,The man in the orange shorts,1,9:03,9:06,True,before,Who is guarded by the man in the yellow shorts,trying to pass the ball,"['Who is guarded by the man in the yellow shorts', 'trying to pass the ball']",Who is guarded by the man in the yellow shorts,deterministic single-connective split
HWF476qqNGg_0855_0910,22,Who intercepts the ball after the man in the orange shorts tries to pass the ball to the man in the orange shoes?,The man in the black shorts and white shoes,3,9:05,9:07,True,after,Who intercepts the ball,the man in the orange shorts tries to pass the ball to the man in the orange shoes,"['the man in the orange shorts tries to pass the ball to the man in the orange shoes', 'Who intercepts the ball']",Who intercepts the ball,deterministic single-connective split
HWF476qqNGg_0855_0910,23,What does the man in the black shorts and white shoes intercept after the man in the orange shorts tries to pass it to the man in the orange shoes?,The ball,2,9:05,9:07,True,after,What does the man in the black shorts and white shoes intercept,the man in the orange shorts tries to pass it to the man in the orange shoes,"['the man in the orange shorts tries to pass it to the man in the orange shoes', 'What does the man in the black shorts and white shoes intercept']",What does the man in the black shorts and white shoes intercept,deterministic single-connective split
HWF476qqNGg_0855_0910,24,Who tries to pass the ball to the man in the orange shoes before it is intercepted by the man in the black shorts and white shoes?,The man in the orange shorts,1,9:05,9:07,True,before,Who tries to pass the ball to the man in the orange shoes,it is intercepted by the man in the black shorts and white shoes,"['Who tries to pass the ball to the man in the orange shoes', 'it is intercepted by the man in the black shorts and white shoes']",Who tries to pass the ball to the man in the orange shoes,deterministic single-connective split
HWF476qqNGg_0855_0910,25,Who was the intended receiver of the ball from the man in the orange shorts before it was intercepted by the man in the black shorts and white shoes?,The man in the orange shoes,5,9:05,9:07,True,before,Who was the intended receiver of the ball from the man in the orange shorts,it was intercepted by the man in the black shorts and white shoes,"['Who was the intended receiver of the ball from the man in the orange shorts', 'it was intercepted by the man in the black shorts and white shoes']",Who was the intended receiver of the ball from the man in the orange shorts,deterministic single-connective split
HWF476qqNGg_0855_0910,29,Who intercepts the ball before passing it to the man in the yellow shorts?,The man in the black shorts and white shoes,3,9:05,9:07,True,before,Who intercepts the ball,passing it to the man in the yellow shorts,"['Who intercepts the ball', 'passing it to the man in the yellow shorts']",Who intercepts the ball,deterministic single-connective split
HWF476qqNGg_0855_0910,30,What does the man in the black shorts and white shoes intercept before passing it to the man in the yellow shorts?,The ball,2,9:05,9:07,True,before,What does the man in the black shorts and white shoes intercept,passing it to the man in the yellow shorts,"['What does the man in the black shorts and white shoes intercept', 'passing it to the man in the yellow shorts']",What does the man in the black shorts and white shoes intercept,deterministic single-connective split
HWF476qqNGg_0855_0910,31,Who receives the ball from the man in the black shorts and white shoes?,The man in the yellow shorts,4,9:05,9:07,False,,,,[],,requires exactly one supported explicit temporal connective
1eaD62TRpZ0_1103_1113,1,What did the girl grabs before she open the gift box?,the star,1,11:03,11:07,True,before,What did the girl grabs,she open the gift box,"['What did the girl grabs', 'she open the gift box']",What did the girl grabs,deterministic single-connective split
1eaD62TRpZ0_1103_1113,2,Who grabs the star before she open the gift box?,the girl,2,11:03,11:07,True,before,Who grabs the star,she open the gift box,"['Who grabs the star', 'she open the gift box']",Who grabs the star,deterministic single-connective split
VunrQDgs_P8_1438_1450,1,What did the woman in gray took after she open the small bag?,the red item,1,14:38,14:42,True,after,What did the woman in gray took,she open the small bag,"['she open the small bag', 'What did the woman in gray took']",What did the woman in gray took,deterministic single-connective split
VunrQDgs_P8_1438_1450,2,Who took the red item after she open the small bag?,the woman in gray,2,14:38,14:42,True,after,Who took the red item,she open the small bag,"['she open the small bag', 'Who took the red item']",Who took the red item,deterministic single-connective split
VunrQDgs_P8_2241_2255,2,What did the girl took after opening the gift box?,the hoodie,1,22:50,22:55,True,after,What did the girl took,opening the gift box,"['opening the gift box', 'What did the girl took']",What did the girl took,deterministic single-connective split
VunrQDgs_P8_2241_2255,3,Who took the hoodie after opening the gift box?,the girl,2,22:50,22:55,True,after,Who took the hoodie,opening the gift box,"['opening the gift box', 'Who took the hoodie']",Who took the hoodie,deterministic single-connective split
oXYp_hz-ctk_0434_0441,7,What did the girl gave  to the woman after she take the slack with a yellow wrapping from the woman?,the coke,1,4:37,4:41,True,after,What did the girl gave to the woman,she take the slack with a yellow wrapping from the woman,"['she take the slack with a yellow wrapping from the woman', 'What did the girl gave to the woman']",What did the girl gave to the woman,deterministic single-connective split
oXYp_hz-ctk_0434_0441,8,Who gave the coke to the woman after she take the slack with a yellow wrapping from the woman?,the girl,2,4:37,4:41,True,after,Who gave the coke to the woman,she take the slack with a yellow wrapping from the woman,"['she take the slack with a yellow wrapping from the woman', 'Who gave the coke to the woman']",Who gave the coke to the woman,deterministic single-connective split
wO_B7p7J79Q_0010_0025,1,What did the girl held  before  she took the sock ?,the baby,1,0:16,0:20,True,before,What did the girl held,she took the sock,"['What did the girl held', 'she took the sock']",What did the girl held,deterministic single-connective split
wO_B7p7J79Q_0010_0025,2,Who held the baby  before  she took the sock ?,the girl,2,0:16,0:20,True,before,Who held the baby,she took the sock,"['Who held the baby', 'she took the sock']",Who held the baby,deterministic single-connective split
wO_B7p7J79Q_0036_0048,7,What did the girl put on the ground after the little baby grabbed out the gift?,the sock,1,0:44,0:47,True,after,What did the girl put on the ground,the little baby grabbed out the gift,"['the little baby grabbed out the gift', 'What did the girl put on the ground']",What did the girl put on the ground,deterministic single-connective split
wO_B7p7J79Q_0036_0048,8,Who put the sock on the ground after the little baby grabbed out the gift?,the girl,2,0:44,0:47,True,after,Who put the sock on the ground,the little baby grabbed out the gift,"['the little baby grabbed out the gift', 'Who put the sock on the ground']",Who put the sock on the ground,deterministic single-connective split
6pTT1ZxxSGs_0028_0043,1,What did the woman put down before she put a box into the bag?,the black plastic bag,1,0:31,0:39,True,before,What did the woman put down,she put a box into the bag,"['What did the woman put down', 'she put a box into the bag']",What did the woman put down,deterministic single-connective split
6pTT1ZxxSGs_0028_0043,2,Who put down the black plastic bag before putting a box into the bag?,the woman in pink,2,0:31,0:39,True,before,Who put down the black plastic bag,putting a box into the bag,"['Who put down the black plastic bag', 'putting a box into the bag']",Who put down the black plastic bag,deterministic single-connective split
6pTT1ZxxSGs_0028_0043,3,What did the woman in pink interacted with  before  put a box into the bag?,the black plastic bag,1,0:31,0:39,True,before,What did the woman in pink interacted with,put a box into the bag,"['What did the woman in pink interacted with', 'put a box into the bag']",What did the woman in pink interacted with,deterministic single-connective split
6pTT1ZxxSGs_0028_0043,4,Who interacted with the bag before put a box into the bag?,the woman in pink,2,0:31,0:39,True,before,Who interacted with the bag,put a box into the bag,"['Who interacted with the bag', 'put a box into the bag']",Who interacted with the bag,deterministic single-connective split
6pTT1ZxxSGs_0720_0735,1,What did the woman in black put after another woman in yellow picked up the previous one?,the pie,1,7:24,7:27,True,after,What did the woman in black put,another woman in yellow picked up the previous one,"['another woman in yellow picked up the previous one', 'What did the woman in black put']",What did the woman in black put,deterministic single-connective split
6pTT1ZxxSGs_0720_0735,2,Who put the pie after another woman in yellow picked up the previous one?,the woman in black,2,7:24,7:27,True,after,Who put the pie,another woman in yellow picked up the previous one,"['another woman in yellow picked up the previous one', 'Who put the pie']",Who put the pie,deterministic single-connective split
M5L41BP5RHs_0710_0714,1,Who waves his hands before the man in the red shirt waves his hands?,The man in the red backpack,1,7:10,7:11,True,before,Who waves his hands,the man in the red shirt waves his hands,"['Who waves his hands', 'the man in the red shirt waves his hands']",Who waves his hands,deterministic single-connective split
M5L41BP5RHs_0710_0714,2,Before whom does the man in the red backpack wave his hands?,The man in the red shirt,2,7:10,7:11,False,,,,[],,requires exactly one supported explicit temporal connective
M5L41BP5RHs_0710_0714,5,Who waves his hands after the man in the red shirt waves his hands?,The man in the red backpack,1,7:12,7:14,True,after,Who waves his hands,the man in the red shirt waves his hands,"['the man in the red shirt waves his hands', 'Who waves his hands']",Who waves his hands,deterministic single-connective split
M5L41BP5RHs_0710_0714,6,After whom does the man in the red backpack wave his hands?,The man in the red shirt,2,7:12,7:14,False,,,,[],,requires exactly one supported explicit temporal connective
M5L41BP5RHs_0721_0726,3,Who attaches the smaller rod into the pre existing rod before setting up the tent?,The woman,1,7:21,7:23,True,before,Who attaches the smaller rod into the pre existing rod,setting up the tent,"['Who attaches the smaller rod into the pre existing rod', 'setting up the tent']",Who attaches the smaller rod into the pre existing rod,deterministic single-connective split
M5L41BP5RHs_0721_0726,4,What does the woman attach to the pre existing rod before setting up the tent?,The smaller rod,2,7:21,7:23,True,before,What does the woman attach to the pre existing rod,setting up the tent,"['What does the woman attach to the pre existing rod', 'setting up the tent']",What does the woman attach to the pre existing rod,deterministic single-connective split
M5L41BP5RHs_0809_0817,3,Who picks up the bag of food after opening the pack of food?,The man in the red jacket,2,8:14,8:17,True,after,Who picks up the bag of food,opening the pack of food,"['opening the pack of food', 'Who picks up the bag of food']",Who picks up the bag of food,deterministic single-connective split
M5L41BP5RHs_0809_0817,4,What does the man in the red jacket pick up after opening the pack of food?,The bag of food,2,8:14,8:17,True,after,What does the man in the red jacket pick up,opening the pack of food,"['opening the pack of food', 'What does the man in the red jacket pick up']",What does the man in the red jacket pick up,deterministic single-connective split
M5L41BP5RHs_1134_1138,1,Who puts the blue barrel inside the backpack after grabbing the blue barrel?,The woman,1,11:35,11:38,True,after,Who puts the blue barrel inside the backpack,grabbing the blue barrel,"['grabbing the blue barrel', 'Who puts the blue barrel inside the backpack']",Who puts the blue barrel inside the backpack,deterministic single-connective split
M5L41BP5RHs_1134_1138,2,What does the woman put inside the backpack after grabbing?,The blue barrel,2,11:35,11:38,True,after,What does the woman put inside the backpack,grabbing,"['grabbing', 'What does the woman put inside the backpack']",What does the woman put inside the backpack,deterministic single-connective split
M5L41BP5RHs_1134_1138,3,Where does the woman put the blue barrel after grabbing it?,The backpack,3,11:35,11:38,True,after,Where does the woman put the blue barrel,grabbing it,"['grabbing it', 'Where does the woman put the blue barrel']",Where does the woman put the blue barrel,deterministic single-connective split
dXeBc03cQJw_0121_0128,1,Who moves the tent after helping put it together?,The woman,1,01:24,01:27,True,after,Who moves the tent,helping put it together,"['helping put it together', 'Who moves the tent']",Who moves the tent,deterministic single-connective split
dXeBc03cQJw_0121_0128,2,What does the woman move after she helps put it together?,The tent,2,01:24,01:27,True,after,What does the woman move,she helps put it together,"['she helps put it together', 'What does the woman move']",What does the woman move,deterministic single-connective split
dXeBc03cQJw_0148_0156,1,Who places the lid on top of the shrimp after placing the shrimp on the mini stove?,The man,1,1:53,1:56,True,after,Who places the lid on top of the shrimp,placing the shrimp on the mini stove,"['placing the shrimp on the mini stove', 'Who places the lid on top of the shrimp']",Who places the lid on top of the shrimp,deterministic single-connective split
dXeBc03cQJw_0148_0156,2,What does the man place on top of the shrimp after placing the shrimp on the mini stove?,The lid,2,1:53,1:56,True,after,What does the man place on top of the shrimp,placing the shrimp on the mini stove,"['placing the shrimp on the mini stove', 'What does the man place on top of the shrimp']",What does the man place on top of the shrimp,deterministic single-connective split
dXeBc03cQJw_0500_0510,7,Who gives the stick to the dog after playing with it?,The man in the black hoodie,1,5:07,5:10,True,after,Who gives the stick to the dog,playing with it,"['playing with it', 'Who gives the stick to the dog']",Who gives the stick to the dog,deterministic single-connective split
dXeBc03cQJw_0500_0510,8,What does the man in the black hoodie give to the dog after playing with it?,The stick,2,5:07,5:10,True,after,What does the man in the black hoodie give to the dog,playing with it,"['playing with it', 'What does the man in the black hoodie give to the dog']",What does the man in the black hoodie give to the dog,deterministic single-connective split
dXeBc03cQJw_0500_0510,9,Who does the man in the black hoodie give the stick to after playing?,The dog,3,5:07,5:10,True,after,Who does the man in the black hoodie give the stick to,playing,"['playing', 'Who does the man in the black hoodie give the stick to']",Who does the man in the black hoodie give the stick to,deterministic single-connective split
dXeBc03cQJw_0653_0658,4,Who serves the ball to the man in the hat before the man in the hat hits the ball back?,The man in the khaki shorts,1,6:54,6:55,True,before,Who serves the ball to the man in the hat,the man in the hat hits the ball back,"['Who serves the ball to the man in the hat', 'the man in the hat hits the ball back']",Who serves the ball to the man in the hat,deterministic single-connective split
dXeBc03cQJw_0653_0658,5,What does the man in the khaki shorts serve to the man in the hat before the man in the hat hits it back?,The ball,2,6:54,6:55,True,before,What does the man in the khaki shorts serve to the man in the hat,the man in the hat hits it back,"['What does the man in the khaki shorts serve to the man in the hat', 'the man in the hat hits it back']",What does the man in the khaki shorts serve to the man in the hat,deterministic single-connective split
dXeBc03cQJw_0653_0658,6,To whom does the man in the khaki shorts serve the ball before hitting it back?,The man in the hat,3,6:54,6:55,True,before,To whom does the man in the khaki shorts serve the ball,hitting it back,"['To whom does the man in the khaki shorts serve the ball', 'hitting it back']",To whom does the man in the khaki shorts serve the ball,deterministic single-connective split
dXeBc03cQJw_0653_0658,10,Who serves the ball before the man in the hat hits it?,The man in khaki shorts,1,6:55,6:56,True,before,Who serves the ball,the man in the hat hits it,"['Who serves the ball', 'the man in the hat hits it']",Who serves the ball,deterministic single-connective split
dXeBc03cQJw_0653_0658,11,What does the man in khaki shorts serve before the man in the hat hits it?,The ball,2,6:55,6:56,True,before,What does the man in khaki shorts serve,the man in the hat hits it,"['What does the man in khaki shorts serve', 'the man in the hat hits it']",What does the man in khaki shorts serve,deterministic single-connective split
dXeBc03cQJw_0653_0658,12,Who hits the ball after the man in khaki shorts serves it?,The man in the hat,3,6:55,6:56,True,after,Who hits the ball,the man in khaki shorts serves it,"['the man in khaki shorts serves it', 'Who hits the ball']",Who hits the ball,deterministic single-connective split
dXeBc03cQJw_0653_0658,15,Who hits the ball after the man in the hat hits the ball?,The man in the red shirt,4,6:56,6:57,True,after,Who hits the ball,the man in the hat hits the ball,"['the man in the hat hits the ball', 'Who hits the ball']",Who hits the ball,deterministic single-connective split
dXeBc03cQJw_0653_0658,16,What does the man in the red shirt hit after the man in the hat hits it?,The ball,2,6:56,6:57,True,after,What does the man in the red shirt hit,the man in the hat hits it,"['the man in the hat hits it', 'What does the man in the red shirt hit']",What does the man in the red shirt hit,deterministic single-connective split
dXeBc03cQJw_0653_0658,17,Who hits the ball first?,The man in the hat,3,6:56,6:57,False,,,,[],,requires exactly one supported explicit temporal connective
8JBByvdQsCw_0015_0023,1,Who approaches the man after sniffing the ground?,The dog,1,0:19,0:23,True,after,Who approaches the man,sniffing the ground,"['sniffing the ground', 'Who approaches the man']",Who approaches the man,deterministic single-connective split
8JBByvdQsCw_0015_0023,2,Who does the dog approach after it sniffs the ground?,The man,2,0:19,0:23,True,after,Who does the dog approach,it sniffs the ground,"['it sniffs the ground', 'Who does the dog approach']",Who does the dog approach,deterministic single-connective split
8JBByvdQsCw_0529_0538,4,Who puts the cap on top of the water bottle after refilling it?,The man,1,5:34,5:38,True,after,Who puts the cap on top of the water bottle,refilling it,"['refilling it', 'Who puts the cap on top of the water bottle']",Who puts the cap on top of the water bottle,deterministic single-connective split
8JBByvdQsCw_0529_0538,5,What does the man put on top of the water bottle after refilling it?,The cap,3,5:34,5:38,True,after,What does the man put on top of the water bottle,refilling it,"['refilling it', 'What does the man put on top of the water bottle']",What does the man put on top of the water bottle,deterministic single-connective split
8JBByvdQsCw_0529_0538,6,What does the man refill before putting the cap on top?,The water bottle,4,5:34,5:38,True,before,What does the man refill,putting the cap on top,"['What does the man refill', 'putting the cap on top']",What does the man refill,deterministic single-connective split
8JBByvdQsCw_0810_0820,1,Who puts together the device before pouring water into the cup?,The man,1,8:10,8:13,True,before,Who puts together the device,pouring water into the cup,"['Who puts together the device', 'pouring water into the cup']",Who puts together the device,deterministic single-connective split
8JBByvdQsCw_0810_0820,2,What does the man put together before he pours water into the cup?,The device,2,8:10,8:13,True,before,What does the man put together,he pours water into the cup,"['What does the man put together', 'he pours water into the cup']",What does the man put together,deterministic single-connective split
8JBByvdQsCw_0810_0820,3,Into what does the man pour water after putting together the device?,The cup,3,8:10,8:13,True,after,Into what does the man pour water,putting together the device,"['putting together the device', 'Into what does the man pour water']",Into what does the man pour water,deterministic single-connective split
8JBByvdQsCw_0810_0820,7,Who pours water into the cup after the device is assembled?,The man,1,8:14,8:18,True,after,Who pours water into the cup,the device is assembled,"['the device is assembled', 'Who pours water into the cup']",Who pours water into the cup,deterministic single-connective split
8JBByvdQsCw_0810_0820,8,What does the man assemble before pouring water into the cup?,The device,2,8:14,8:18,True,before,What does the man assemble,pouring water into the cup,"['What does the man assemble', 'pouring water into the cup']",What does the man assemble,deterministic single-connective split
8JBByvdQsCw_0810_0820,9,Into what does the man pour water after assembling the device?,The cup,3,8:14,8:18,True,after,Into what does the man pour water,assembling the device,"['assembling the device', 'Into what does the man pour water']",Into what does the man pour water,deterministic single-connective split
WM0zMRuxyVY_0000_0006,1,Who chases the woman after the woman stands too close?,The white chicken,1,0:00,0:03,True,after,Who chases the woman,the woman stands too close,"['the woman stands too close', 'Who chases the woman']",Who chases the woman,deterministic single-connective split
WM0zMRuxyVY_0000_0006,2,Who does the white chicken chase after she stands too close to it?,The woman,2,0:00,0:03,True,after,Who does the white chicken chase,she stands too close to it,"['she stands too close to it', 'Who does the white chicken chase']",Who does the white chicken chase,deterministic single-connective split
WM0zMRuxyVY_0000_0006,5,Who backs up towards the dog after the white chicken starts chasing?,The woman,2,0:01,0:04,True,after,Who backs up towards the dog,the white chicken starts chasing,"['the white chicken starts chasing', 'Who backs up towards the dog']",Who backs up towards the dog,deterministic single-connective split
WM0zMRuxyVY_0000_0006,6,What does the woman back up towards after the white chicken starts chasing her?,The dog,3,0:01,0:04,True,after,What does the woman back up towards,the white chicken starts chasing her,"['the white chicken starts chasing her', 'What does the woman back up towards']",What does the woman back up towards,deterministic single-connective split
WM0zMRuxyVY_0000_0006,9,Who becomes scared at the chicken after the white chicken starts approaching?,The woman,2,0:01,0:04,True,after,Who becomes scared at the chicken,the white chicken starts approaching,"['the white chicken starts approaching', 'Who becomes scared at the chicken']",Who becomes scared at the chicken,deterministic single-connective split
WM0zMRuxyVY_0000_0006,10,At who does the woman become scared after the white chicken starts approaching?,The chicken,1,0:01,0:04,True,after,At who does the woman become scared,the white chicken starts approaching,"['the white chicken starts approaching', 'At who does the woman become scared']",At who does the woman become scared,deterministic single-connective split
WM0zMRuxyVY_0000_0006,13,Who starts moving near the woman after the woman is chased by the white chicken?,The dog,3,0:03,0:06,True,after,Who starts moving near the woman,the woman is chased by the white chicken,"['the woman is chased by the white chicken', 'Who starts moving near the woman']",Who starts moving near the woman,deterministic single-connective split
WM0zMRuxyVY_0000_0006,14,Near whom does the dog start moving after she is chased by the white chicken?,The woman,2,0:03,0:06,True,after,Near whom does the dog start moving,she is chased by the white chicken,"['she is chased by the white chicken', 'Near whom does the dog start moving']",Near whom does the dog start moving,deterministic single-connective split
WM0zMRuxyVY_0000_0006,15,Who chases the woman causing the dog to start moving near her?,The white chicken,1,0:03,0:06,False,,,,[],,requires exactly one supported explicit temporal connective
WM0zMRuxyVY_0000_0006,19,Who kicks at the white chicken after it becomes aggressive?,The woman,2,0:04,0:06,True,after,Who kicks at the white chicken,it becomes aggressive,"['it becomes aggressive', 'Who kicks at the white chicken']",Who kicks at the white chicken,deterministic single-connective split
WM0zMRuxyVY_0000_0006,20,What does the woman kick at after it becomes aggressive?,The white chicken,1,0:04,0:06,True,after,What does the woman kick at,it becomes aggressive,"['it becomes aggressive', 'What does the woman kick at']",What does the woman kick at,deterministic single-connective split
WM0zMRuxyVY_0034_0039,6,Who approaches the white and black baby goat after it falls down?,The woman in blue,5,0:37,0:39,True,after,Who approaches the white and black baby goat,it falls down,"['it falls down', 'Who approaches the white and black baby goat']",Who approaches the white and black baby goat,deterministic single-connective split
WM0zMRuxyVY_0034_0039,7,What does the woman in blue approach after it falls down?,The white and black baby goat,2,0:37,0:39,True,after,What does the woman in blue approach,it falls down,"['it falls down', 'What does the woman in blue approach']",What does the woman in blue approach,deterministic single-connective split
WM0zMRuxyVY_0105_0109,1,Who accelerates towards the squirrel after the squirrel passes by?,The chicken,1,1:07,1:09,True,after,Who accelerates towards the squirrel,the squirrel passes by,"['the squirrel passes by', 'Who accelerates towards the squirrel']",Who accelerates towards the squirrel,deterministic single-connective split
WM0zMRuxyVY_0105_0109,2,Towards whom does the chicken accelerate after passing by the chicken?,The squirrel,2,1:07,1:09,True,after,Towards whom does the chicken accelerate,passing by the chicken,"['passing by the chicken', 'Towards whom does the chicken accelerate']",Towards whom does the chicken accelerate,deterministic single-connective split
WM0zMRuxyVY_0206_0211,1,Who hits the chicken before the chicken becomes aggressive towards it?,The white cat,2,2:06,2:09,True,before,Who hits the chicken,the chicken becomes aggressive towards it,"['Who hits the chicken', 'the chicken becomes aggressive towards it']",Who hits the chicken,deterministic single-connective split
WM0zMRuxyVY_0206_0211,2,What does the white cat hit before it becomes aggressive towards the white cat?,The chicken,1,2:06,2:09,True,before,What does the white cat hit,it becomes aggressive towards the white cat,"['What does the white cat hit', 'it becomes aggressive towards the white cat']",What does the white cat hit,deterministic single-connective split
WM0zMRuxyVY_0206_0211,5,Who becomes aggressive towards the white cat after the white cat hits it?,The chicken,1,2:09,2:11,True,after,Who becomes aggressive towards the white cat,the white cat hits it,"['the white cat hits it', 'Who becomes aggressive towards the white cat']",Who becomes aggressive towards the white cat,deterministic single-connective split
WM0zMRuxyVY_0206_0211,6,Towards whom does the chicken become aggressive after being hit?,The white cat,2,2:09,2:11,True,after,Towards whom does the chicken become aggressive,being hit,"['being hit', 'Towards whom does the chicken become aggressive']",Towards whom does the chicken become aggressive,deterministic single-connective split
WM0zMRuxyVY_0325_0333,6,Who pushes the goat on the right off of the roof before jumping down off of the roof?,The goat in the middle,1,3:25,3:28,True,before,Who pushes the goat on the right off of the roof,jumping down off of the roof,"['Who pushes the goat on the right off of the roof', 'jumping down off of the roof']",Who pushes the goat on the right off of the roof,deterministic single-connective split
WM0zMRuxyVY_0325_0333,7,Who is pushed off the roof by the goat in the middle before the goat in the middle jumps off?,The goat on the right,2,3:25,3:28,True,before,Who is pushed off the roof by the goat in the middle,the goat in the middle jumps off,"['Who is pushed off the roof by the goat in the middle', 'the goat in the middle jumps off']",Who is pushed off the roof by the goat in the middle,deterministic single-connective split
vfDlEiph3d8_0135_0145,1,Who catches the ball after the man in the peach shirt passes the ball?,The man in the black durag,1,1:39,1:42,True,after,Who catches the ball,the man in the peach shirt passes the ball,"['the man in the peach shirt passes the ball', 'Who catches the ball']",Who catches the ball,deterministic single-connective split
vfDlEiph3d8_0135_0145,2,What does the man in the black durag catch after the man in the peach shirt passes it?,The ball,2,1:39,1:42,True,after,What does the man in the black durag catch,the man in the peach shirt passes it,"['the man in the peach shirt passes it', 'What does the man in the black durag catch']",What does the man in the black durag catch,deterministic single-connective split
vfDlEiph3d8_0135_0145,3,Who passes the ball to the man in the black durag before he catches it?,The man in the peach shirt,3,1:39,1:42,True,before,Who passes the ball to the man in the black durag,he catches it,"['Who passes the ball to the man in the black durag', 'he catches it']",Who passes the ball to the man in the black durag,deterministic single-connective split
vfDlEiph3d8_0150_0155,6,Who accelerates past the man with no shirt before scoring a layup with the ball?,The man in the peach shirt,1,1:50,1:53,True,before,Who accelerates past the man with no shirt,scoring a layup with the ball,"['Who accelerates past the man with no shirt', 'scoring a layup with the ball']",Who accelerates past the man with no shirt,deterministic single-connective split
vfDlEiph3d8_0150_0155,7,Who does the man in the peach shirt accelerate past before scoring a layup with the ball?,The man with no shirt,2,1:50,1:53,True,before,Who does the man in the peach shirt accelerate past,scoring a layup with the ball,"['Who does the man in the peach shirt accelerate past', 'scoring a layup with the ball']",Who does the man in the peach shirt accelerate past,deterministic single-connective split
vfDlEiph3d8_0150_0155,8,What does the man in the peach shirt score a layup with after accelerating past the man with no shirt?,The ball,3,1:50,1:53,True,after,What does the man in the peach shirt score a layup with,accelerating past the man with no shirt,"['accelerating past the man with no shirt', 'What does the man in the peach shirt score a layup with']",What does the man in the peach shirt score a layup with,deterministic single-connective split
vfDlEiph3d8_0200_0210,1,Who takes the ball after the man in the peach shirt does not score?,The man with no shirt,1,2:02,2:06,True,after,Who takes the ball,the man in the peach shirt does not score,"['the man in the peach shirt does not score', 'Who takes the ball']",Who takes the ball,deterministic single-connective split
vfDlEiph3d8_0200_0210,2,What does the man with no shirt take after the man in the peach shirt does not score?,The ball,2,2:02,2:06,True,after,What does the man with no shirt take,the man in the peach shirt does not score,"['the man in the peach shirt does not score', 'What does the man with no shirt take']",What does the man with no shirt take,deterministic single-connective split
vfDlEiph3d8_0200_0210,3,Who does not score before the man with no shirt takes the ball?,The man in the peach shirt,3,2:02,2:06,True,before,Who does not score,the man with no shirt takes the ball,"['Who does not score', 'the man with no shirt takes the ball']",Who does not score,deterministic single-connective split
vfDlEiph3d8_0223_0238,1,Who dribbles the ball before passing it to the man in the blue durag?,The man with no shirt,1,2:25,2:28,True,before,Who dribbles the ball,passing it to the man in the blue durag,"['Who dribbles the ball', 'passing it to the man in the blue durag']",Who dribbles the ball,deterministic single-connective split
vfDlEiph3d8_0223_0238,2,What does the man with no shirt dribble before he passes it to the man in the blue durag?,The ball,2,2:25,2:28,True,before,What does the man with no shirt dribble,he passes it to the man in the blue durag,"['What does the man with no shirt dribble', 'he passes it to the man in the blue durag']",What does the man with no shirt dribble,deterministic single-connective split
vfDlEiph3d8_0223_0238,3,To whom does the man with no shirt pass the ball after dribbling it?,The man in the blue durag,3,2:25,2:28,True,after,To whom does the man with no shirt pass the ball,dribbling it,"['dribbling it', 'To whom does the man with no shirt pass the ball']",To whom does the man with no shirt pass the ball,deterministic single-connective split
